ISO-10303-21;
HEADER;
FILE_DESCRIPTION(('Open CASCADE Model'),'2;1');
FILE_NAME('Open CASCADE Shape Model','2026-05-20T20:40:00',('Author'),(
    'Open CASCADE'),'Open CASCADE STEP processor 7.4','Open CASCADE 7.4'
  ,'Unknown');
FILE_SCHEMA(('AUTOMOTIVE_DESIGN { 1 0 10303 214 1 1 1 1 }'));
ENDSEC;
DATA;
#1 = APPLICATION_PROTOCOL_DEFINITION('international standard',
  'automotive_design',2000,#2);
#2 = APPLICATION_CONTEXT(
  'core data for automotive mechanical design processes');
#3 = SHAPE_DEFINITION_REPRESENTATION(#4,#10);
#4 = PRODUCT_DEFINITION_SHAPE('','',#5);
#5 = PRODUCT_DEFINITION('design','',#6,#9);
#6 = PRODUCT_DEFINITION_FORMATION('','',#7);
#7 = PRODUCT('Open CASCADE STEP translator 7.4 11',
  'Open CASCADE STEP translator 7.4 11','',(#8));
#8 = PRODUCT_CONTEXT('',#2,'mechanical');
#9 = PRODUCT_DEFINITION_CONTEXT('part definition',#2,'design');
#10 = ADVANCED_BREP_SHAPE_REPRESENTATION('',(#11,#15),#2855);
#11 = AXIS2_PLACEMENT_3D('',#12,#13,#14);
#12 = CARTESIAN_POINT('',(0.,0.,0.));
#13 = DIRECTION('',(0.,0.,1.));
#14 = DIRECTION('',(1.,0.,-0.));
#15 = MANIFOLD_SOLID_BREP('',#16);
#16 = CLOSED_SHELL('',(#17,#228,#314,#373,#432,#491,#550,#587,#642,#702,
    #757,#761,#816,#871,#926,#981,#1036,#1091,#1146,#1201,#1256,#1311,
    #1366,#1421,#1476,#1531,#1586,#1641,#1696,#1751,#1806,#1861,#1916,
    #1971,#2026,#2081,#2136,#2191,#2246,#2301,#2356,#2411,#2466,#2521,
    #2576,#2631,#2686,#2741,#2796,#2851));
#17 = ADVANCED_FACE('',(#18,#193),#32,.T.);
#18 = FACE_BOUND('',#19,.T.);
#19 = EDGE_LOOP('',(#20,#55,#83,#111,#139,#167));
#20 = ORIENTED_EDGE('',*,*,#21,.T.);
#21 = EDGE_CURVE('',#22,#24,#26,.T.);
#22 = VERTEX_POINT('',#23);
#23 = CARTESIAN_POINT('',(4.5,-7.79422863406,0.));
#24 = VERTEX_POINT('',#25);
#25 = CARTESIAN_POINT('',(-4.5,-7.79422863406,0.));
#26 = SURFACE_CURVE('',#27,(#31,#43),.PCURVE_S1.);
#27 = LINE('',#28,#29);
#28 = CARTESIAN_POINT('',(4.5,-7.79422863406,0.));
#29 = VECTOR('',#30,1.);
#30 = DIRECTION('',(-1.,1.973729821556E-16,0.));
#31 = PCURVE('',#32,#37);
#32 = PLANE('',#33);
#33 = AXIS2_PLACEMENT_3D('',#34,#35,#36);
#34 = CARTESIAN_POINT('',(6.579099405186E-17,3.947459643112E-16,0.));
#35 = DIRECTION('',(-0.,-0.,-1.));
#36 = DIRECTION('',(-1.,0.,0.));
#37 = DEFINITIONAL_REPRESENTATION('',(#38),#42);
#38 = LINE('',#39,#40);
#39 = CARTESIAN_POINT('',(-4.5,-7.79422863406));
#40 = VECTOR('',#41,1.);
#41 = DIRECTION('',(1.,1.973729821556E-16));
#42 = ( GEOMETRIC_REPRESENTATION_CONTEXT(2) 
PARAMETRIC_REPRESENTATION_CONTEXT() REPRESENTATION_CONTEXT('2D SPACE',''
  ) );
#43 = PCURVE('',#44,#49);
#44 = PLANE('',#45);
#45 = AXIS2_PLACEMENT_3D('',#46,#47,#48);
#46 = CARTESIAN_POINT('',(-1.315819881037E-15,-7.79422863406,2.25));
#47 = DIRECTION('',(-1.973729821556E-16,-1.,2.30850927911E-32));
#48 = DIRECTION('',(-1.,1.973729821556E-16,0.));
#49 = DEFINITIONAL_REPRESENTATION('',(#50),#54);
#50 = LINE('',#51,#52);
#51 = CARTESIAN_POINT('',(-4.5,2.25));
#52 = VECTOR('',#53,1.);
#53 = DIRECTION('',(1.,-5.690914748844E-64));
#54 = ( GEOMETRIC_REPRESENTATION_CONTEXT(2) 
PARAMETRIC_REPRESENTATION_CONTEXT() REPRESENTATION_CONTEXT('2D SPACE',''
  ) );
#55 = ORIENTED_EDGE('',*,*,#56,.T.);
#56 = EDGE_CURVE('',#24,#57,#59,.T.);
#57 = VERTEX_POINT('',#58);
#58 = CARTESIAN_POINT('',(-9.,1.102182119233E-15,0.));
#59 = SURFACE_CURVE('',#60,(#64,#71),.PCURVE_S1.);
#60 = LINE('',#61,#62);
#61 = CARTESIAN_POINT('',(-4.5,-7.79422863406,0.));
#62 = VECTOR('',#63,1.);
#63 = DIRECTION('',(-0.5,0.866025403784,0.));
#64 = PCURVE('',#32,#65);
#65 = DEFINITIONAL_REPRESENTATION('',(#66),#70);
#66 = LINE('',#67,#68);
#67 = CARTESIAN_POINT('',(4.5,-7.79422863406));
#68 = VECTOR('',#69,1.);
#69 = DIRECTION('',(0.5,0.866025403784));
#70 = ( GEOMETRIC_REPRESENTATION_CONTEXT(2) 
PARAMETRIC_REPRESENTATION_CONTEXT() REPRESENTATION_CONTEXT('2D SPACE',''
  ) );
#71 = PCURVE('',#72,#77);
#72 = PLANE('',#73);
#73 = AXIS2_PLACEMENT_3D('',#74,#75,#76);
#74 = CARTESIAN_POINT('',(-6.75,-3.89711431703,2.25));
#75 = DIRECTION('',(-0.866025403784,-0.5,-0.));
#76 = DIRECTION('',(0.5,-0.866025403784,0.));
#77 = DEFINITIONAL_REPRESENTATION('',(#78),#82);
#78 = LINE('',#79,#80);
#79 = CARTESIAN_POINT('',(4.5,-2.25));
#80 = VECTOR('',#81,1.);
#81 = DIRECTION('',(-1.,0.));
#82 = ( GEOMETRIC_REPRESENTATION_CONTEXT(2) 
PARAMETRIC_REPRESENTATION_CONTEXT() REPRESENTATION_CONTEXT('2D SPACE',''
  ) );
#83 = ORIENTED_EDGE('',*,*,#84,.T.);
#84 = EDGE_CURVE('',#57,#85,#87,.T.);
#85 = VERTEX_POINT('',#86);
#86 = CARTESIAN_POINT('',(-4.5,7.79422863406,0.));
#87 = SURFACE_CURVE('',#88,(#92,#99),.PCURVE_S1.);
#88 = LINE('',#89,#90);
#89 = CARTESIAN_POINT('',(-9.,1.102182119233E-15,0.));
#90 = VECTOR('',#91,1.);
#91 = DIRECTION('',(0.5,0.866025403784,0.));
#92 = PCURVE('',#32,#93);
#93 = DEFINITIONAL_REPRESENTATION('',(#94),#98);
#94 = LINE('',#95,#96);
#95 = CARTESIAN_POINT('',(9.,7.074361549215E-16));
#96 = VECTOR('',#97,1.);
#97 = DIRECTION('',(-0.5,0.866025403784));
#98 = ( GEOMETRIC_REPRESENTATION_CONTEXT(2) 
PARAMETRIC_REPRESENTATION_CONTEXT() REPRESENTATION_CONTEXT('2D SPACE',''
  ) );
#99 = PCURVE('',#100,#105);
#100 = PLANE('',#101);
#101 = AXIS2_PLACEMENT_3D('',#102,#103,#104);
#102 = CARTESIAN_POINT('',(-6.75,3.89711431703,2.25));
#103 = DIRECTION('',(-0.866025403784,0.5,-0.));
#104 = DIRECTION('',(-0.5,-0.866025403784,0.));
#105 = DEFINITIONAL_REPRESENTATION('',(#106),#110);
#106 = LINE('',#107,#108);
#107 = CARTESIAN_POINT('',(4.5,-2.25));
#108 = VECTOR('',#109,1.);
#109 = DIRECTION('',(-1.,0.));
#110 = ( GEOMETRIC_REPRESENTATION_CONTEXT(2) 
PARAMETRIC_REPRESENTATION_CONTEXT() REPRESENTATION_CONTEXT('2D SPACE',''
  ) );
#111 = ORIENTED_EDGE('',*,*,#112,.T.);
#112 = EDGE_CURVE('',#85,#113,#115,.T.);
#113 = VERTEX_POINT('',#114);
#114 = CARTESIAN_POINT('',(4.5,7.79422863406,0.));
#115 = SURFACE_CURVE('',#116,(#120,#127),.PCURVE_S1.);
#116 = LINE('',#117,#118);
#117 = CARTESIAN_POINT('',(-4.5,7.79422863406,0.));
#118 = VECTOR('',#119,1.);
#119 = DIRECTION('',(1.,-9.868649107779E-17,0.));
#120 = PCURVE('',#32,#121);
#121 = DEFINITIONAL_REPRESENTATION('',(#122),#126);
#122 = LINE('',#123,#124);
#123 = CARTESIAN_POINT('',(4.5,7.79422863406));
#124 = VECTOR('',#125,1.);
#125 = DIRECTION('',(-1.,-9.868649107779E-17));
#126 = ( GEOMETRIC_REPRESENTATION_CONTEXT(2) 
PARAMETRIC_REPRESENTATION_CONTEXT() REPRESENTATION_CONTEXT('2D SPACE',''
  ) );
#127 = PCURVE('',#128,#133);
#128 = PLANE('',#129);
#129 = AXIS2_PLACEMENT_3D('',#130,#131,#132);
#130 = CARTESIAN_POINT('',(1.184237892934E-15,7.79422863406,2.25));
#131 = DIRECTION('',(9.868649107779E-17,1.,-1.154254639555E-32));
#132 = DIRECTION('',(1.,-9.868649107779E-17,0.));
#133 = DEFINITIONAL_REPRESENTATION('',(#134),#138);
#134 = LINE('',#135,#136);
#135 = CARTESIAN_POINT('',(-4.5,2.25));
#136 = VECTOR('',#137,1.);
#137 = DIRECTION('',(1.,0.));
#138 = ( GEOMETRIC_REPRESENTATION_CONTEXT(2) 
PARAMETRIC_REPRESENTATION_CONTEXT() REPRESENTATION_CONTEXT('2D SPACE',''
  ) );
#139 = ORIENTED_EDGE('',*,*,#140,.T.);
#140 = EDGE_CURVE('',#113,#141,#143,.T.);
#141 = VERTEX_POINT('',#142);
#142 = CARTESIAN_POINT('',(9.,0.,0.));
#143 = SURFACE_CURVE('',#144,(#148,#155),.PCURVE_S1.);
#144 = LINE('',#145,#146);
#145 = CARTESIAN_POINT('',(4.5,7.79422863406,0.));
#146 = VECTOR('',#147,1.);
#147 = DIRECTION('',(0.5,-0.866025403784,0.));
#148 = PCURVE('',#32,#149);
#149 = DEFINITIONAL_REPRESENTATION('',(#150),#154);
#150 = LINE('',#151,#152);
#151 = CARTESIAN_POINT('',(-4.5,7.79422863406));
#152 = VECTOR('',#153,1.);
#153 = DIRECTION('',(-0.5,-0.866025403784));
#154 = ( GEOMETRIC_REPRESENTATION_CONTEXT(2) 
PARAMETRIC_REPRESENTATION_CONTEXT() REPRESENTATION_CONTEXT('2D SPACE',''
  ) );
#155 = PCURVE('',#156,#161);
#156 = PLANE('',#157);
#157 = AXIS2_PLACEMENT_3D('',#158,#159,#160);
#158 = CARTESIAN_POINT('',(6.75,3.89711431703,2.25));
#159 = DIRECTION('',(0.866025403784,0.5,0.));
#160 = DIRECTION('',(-0.5,0.866025403784,0.));
#161 = DEFINITIONAL_REPRESENTATION('',(#162),#166);
#162 = LINE('',#163,#164);
#163 = CARTESIAN_POINT('',(4.5,-2.25));
#164 = VECTOR('',#165,1.);
#165 = DIRECTION('',(-1.,0.));
#166 = ( GEOMETRIC_REPRESENTATION_CONTEXT(2) 
PARAMETRIC_REPRESENTATION_CONTEXT() REPRESENTATION_CONTEXT('2D SPACE',''
  ) );
#167 = ORIENTED_EDGE('',*,*,#168,.T.);
#168 = EDGE_CURVE('',#141,#22,#169,.T.);
#169 = SURFACE_CURVE('',#170,(#174,#181),.PCURVE_S1.);
#170 = LINE('',#171,#172);
#171 = CARTESIAN_POINT('',(9.,0.,0.));
#172 = VECTOR('',#173,1.);
#173 = DIRECTION('',(-0.5,-0.866025403784,0.));
#174 = PCURVE('',#32,#175);
#175 = DEFINITIONAL_REPRESENTATION('',(#176),#180);
#176 = LINE('',#177,#178);
#177 = CARTESIAN_POINT('',(-9.,-3.947459643112E-16));
#178 = VECTOR('',#179,1.);
#179 = DIRECTION('',(0.5,-0.866025403784));
#180 = ( GEOMETRIC_REPRESENTATION_CONTEXT(2) 
PARAMETRIC_REPRESENTATION_CONTEXT() REPRESENTATION_CONTEXT('2D SPACE',''
  ) );
#181 = PCURVE('',#182,#187);
#182 = PLANE('',#183);
#183 = AXIS2_PLACEMENT_3D('',#184,#185,#186);
#184 = CARTESIAN_POINT('',(6.75,-3.89711431703,2.25));
#185 = DIRECTION('',(0.866025403784,-0.5,0.));
#186 = DIRECTION('',(0.5,0.866025403784,0.));
#187 = DEFINITIONAL_REPRESENTATION('',(#188),#192);
#188 = LINE('',#189,#190);
#189 = CARTESIAN_POINT('',(4.5,-2.25));
#190 = VECTOR('',#191,1.);
#191 = DIRECTION('',(-1.,0.));
#192 = ( GEOMETRIC_REPRESENTATION_CONTEXT(2) 
PARAMETRIC_REPRESENTATION_CONTEXT() REPRESENTATION_CONTEXT('2D SPACE',''
  ) );
#193 = FACE_BOUND('',#194,.T.);
#194 = EDGE_LOOP('',(#195));
#195 = ORIENTED_EDGE('',*,*,#196,.T.);
#196 = EDGE_CURVE('',#197,#197,#199,.T.);
#197 = VERTEX_POINT('',#198);
#198 = CARTESIAN_POINT('',(5.,0.,0.));
#199 = SURFACE_CURVE('',#200,(#205,#216),.PCURVE_S1.);
#200 = CIRCLE('',#201,5.);
#201 = AXIS2_PLACEMENT_3D('',#202,#203,#204);
#202 = CARTESIAN_POINT('',(0.,0.,0.));
#203 = DIRECTION('',(0.,0.,1.));
#204 = DIRECTION('',(1.,0.,-0.));
#205 = PCURVE('',#32,#206);
#206 = DEFINITIONAL_REPRESENTATION('',(#207),#215);
#207 = ( BOUNDED_CURVE() B_SPLINE_CURVE(2,(#208,#209,#210,#211,#212,#213
,#214),.UNSPECIFIED.,.T.,.F.) B_SPLINE_CURVE_WITH_KNOTS((1,2,2,2,2,1),(
    -2.094395102393,0.,2.094395102393,4.188790204786,6.28318530718,
8.377580409573),.UNSPECIFIED.) CURVE() GEOMETRIC_REPRESENTATION_ITEM() 
RATIONAL_B_SPLINE_CURVE((1.,0.5,1.,0.5,1.,0.5,1.)) REPRESENTATION_ITEM(
  '') );
#208 = CARTESIAN_POINT('',(-5.,-3.947459643112E-16));
#209 = CARTESIAN_POINT('',(-5.,8.660254037844));
#210 = CARTESIAN_POINT('',(2.5,4.330127018922));
#211 = CARTESIAN_POINT('',(10.,8.299008348362E-16));
#212 = CARTESIAN_POINT('',(2.5,-4.330127018922));
#213 = CARTESIAN_POINT('',(-5.,-8.660254037844));
#214 = CARTESIAN_POINT('',(-5.,-3.947459643112E-16));
#215 = ( GEOMETRIC_REPRESENTATION_CONTEXT(2) 
PARAMETRIC_REPRESENTATION_CONTEXT() REPRESENTATION_CONTEXT('2D SPACE',''
  ) );
#216 = PCURVE('',#217,#222);
#217 = CONICAL_SURFACE('',#218,5.,0.851966327173);
#218 = AXIS2_PLACEMENT_3D('',#219,#220,#221);
#219 = CARTESIAN_POINT('',(0.,0.,0.));
#220 = DIRECTION('',(-0.,-0.,-1.));
#221 = DIRECTION('',(1.,0.,0.));
#222 = DEFINITIONAL_REPRESENTATION('',(#223),#227);
#223 = LINE('',#224,#225);
#224 = CARTESIAN_POINT('',(-0.,0.));
#225 = VECTOR('',#226,1.);
#226 = DIRECTION('',(-1.,0.));
#227 = ( GEOMETRIC_REPRESENTATION_CONTEXT(2) 
PARAMETRIC_REPRESENTATION_CONTEXT() REPRESENTATION_CONTEXT('2D SPACE',''
  ) );
#228 = ADVANCED_FACE('',(#229),#44,.T.);
#229 = FACE_BOUND('',#230,.T.);
#230 = EDGE_LOOP('',(#231,#232,#255,#293));
#231 = ORIENTED_EDGE('',*,*,#21,.F.);
#232 = ORIENTED_EDGE('',*,*,#233,.T.);
#233 = EDGE_CURVE('',#22,#234,#236,.T.);
#234 = VERTEX_POINT('',#235);
#235 = CARTESIAN_POINT('',(4.5,-7.79422863406,4.05));
#236 = SURFACE_CURVE('',#237,(#241,#248),.PCURVE_S1.);
#237 = LINE('',#238,#239);
#238 = CARTESIAN_POINT('',(4.5,-7.79422863406,0.));
#239 = VECTOR('',#240,1.);
#240 = DIRECTION('',(0.,0.,1.));
#241 = PCURVE('',#44,#242);
#242 = DEFINITIONAL_REPRESENTATION('',(#243),#247);
#243 = LINE('',#244,#245);
#244 = CARTESIAN_POINT('',(-4.5,2.25));
#245 = VECTOR('',#246,1.);
#246 = DIRECTION('',(0.,-1.));
#247 = ( GEOMETRIC_REPRESENTATION_CONTEXT(2) 
PARAMETRIC_REPRESENTATION_CONTEXT() REPRESENTATION_CONTEXT('2D SPACE',''
  ) );
#248 = PCURVE('',#182,#249);
#249 = DEFINITIONAL_REPRESENTATION('',(#250),#254);
#250 = LINE('',#251,#252);
#251 = CARTESIAN_POINT('',(-4.5,-2.25));
#252 = VECTOR('',#253,1.);
#253 = DIRECTION('',(0.,1.));
#254 = ( GEOMETRIC_REPRESENTATION_CONTEXT(2) 
PARAMETRIC_REPRESENTATION_CONTEXT() REPRESENTATION_CONTEXT('2D SPACE',''
  ) );
#255 = ORIENTED_EDGE('',*,*,#256,.F.);
#256 = EDGE_CURVE('',#257,#234,#259,.T.);
#257 = VERTEX_POINT('',#258);
#258 = CARTESIAN_POINT('',(-4.5,-7.79422863406,4.05));
#259 = SURFACE_CURVE('',#260,(#265,#272),.PCURVE_S1.);
#260 = HYPERBOLA('',#261,2.598076211353,7.79422863406);
#261 = AXIS2_PLACEMENT_3D('',#262,#263,#264);
#262 = CARTESIAN_POINT('',(-1.538370149107E-15,-7.79422863406,7.05));
#263 = DIRECTION('',(-1.973729821556E-16,-1.,2.30850927911E-32));
#264 = DIRECTION('',(-4.556373607519E-48,-2.30850927911E-32,-1.));
#265 = PCURVE('',#44,#266);
#266 = DEFINITIONAL_REPRESENTATION('',(#267),#271);
#267 = HYPERBOLA('',#268,2.598076211353,7.79422863406);
#268 = AXIS2_PLACEMENT_2D('',#269,#270);
#269 = CARTESIAN_POINT('',(2.225502680696E-16,-4.8));
#270 = DIRECTION('',(0.,1.));
#271 = ( GEOMETRIC_REPRESENTATION_CONTEXT(2) 
PARAMETRIC_REPRESENTATION_CONTEXT() REPRESENTATION_CONTEXT('2D SPACE',''
  ) );
#272 = PCURVE('',#273,#278);
#273 = CONICAL_SURFACE('',#274,10.35,1.249045772398);
#274 = AXIS2_PLACEMENT_3D('',#275,#276,#277);
#275 = CARTESIAN_POINT('',(0.,0.,3.6));
#276 = DIRECTION('',(-0.,-0.,-1.));
#277 = DIRECTION('',(1.,0.,-0.));
#278 = DEFINITIONAL_REPRESENTATION('',(#279),#292);
#279 = B_SPLINE_CURVE_WITH_KNOTS('',6,(#280,#281,#282,#283,#284,#285,
    #286,#287,#288,#289,#290,#291),.UNSPECIFIED.,.F.,.F.,(7,5,7),(
    -0.646774826402,1.110223024625E-16,0.646774826402),.UNSPECIFIED.);
#280 = CARTESIAN_POINT('',(-4.106497861545,-0.289303874144));
#281 = CARTESIAN_POINT('',(-4.195105466941,-0.483336322065));
#282 = CARTESIAN_POINT('',(-4.290240370036,-0.63329631921));
#283 = CARTESIAN_POINT('',(-4.391251657739,-0.74324183832));
#284 = CARTESIAN_POINT('',(-4.496798194703,-0.815696372843));
#285 = CARTESIAN_POINT('',(-4.604593175984,-0.851923788647));
#286 = CARTESIAN_POINT('',(-4.820184784785,-0.851923788647));
#287 = CARTESIAN_POINT('',(-4.927979766066,-0.815696372843));
#288 = CARTESIAN_POINT('',(-5.03352630303,-0.74324183832));
#289 = CARTESIAN_POINT('',(-5.134537590733,-0.63329631921));
#290 = CARTESIAN_POINT('',(-5.229672493828,-0.483336322065));
#291 = CARTESIAN_POINT('',(-5.318280099224,-0.289303874144));
#292 = ( GEOMETRIC_REPRESENTATION_CONTEXT(2) 
PARAMETRIC_REPRESENTATION_CONTEXT() REPRESENTATION_CONTEXT('2D SPACE',''
  ) );
#293 = ORIENTED_EDGE('',*,*,#294,.F.);
#294 = EDGE_CURVE('',#24,#257,#295,.T.);
#295 = SURFACE_CURVE('',#296,(#300,#307),.PCURVE_S1.);
#296 = LINE('',#297,#298);
#297 = CARTESIAN_POINT('',(-4.5,-7.79422863406,0.));
#298 = VECTOR('',#299,1.);
#299 = DIRECTION('',(0.,0.,1.));
#300 = PCURVE('',#44,#301);
#301 = DEFINITIONAL_REPRESENTATION('',(#302),#306);
#302 = LINE('',#303,#304);
#303 = CARTESIAN_POINT('',(4.5,2.25));
#304 = VECTOR('',#305,1.);
#305 = DIRECTION('',(0.,-1.));
#306 = ( GEOMETRIC_REPRESENTATION_CONTEXT(2) 
PARAMETRIC_REPRESENTATION_CONTEXT() REPRESENTATION_CONTEXT('2D SPACE',''
  ) );
#307 = PCURVE('',#72,#308);
#308 = DEFINITIONAL_REPRESENTATION('',(#309),#313);
#309 = LINE('',#310,#311);
#310 = CARTESIAN_POINT('',(4.5,-2.25));
#311 = VECTOR('',#312,1.);
#312 = DIRECTION('',(0.,1.));
#313 = ( GEOMETRIC_REPRESENTATION_CONTEXT(2) 
PARAMETRIC_REPRESENTATION_CONTEXT() REPRESENTATION_CONTEXT('2D SPACE',''
  ) );
#314 = ADVANCED_FACE('',(#315),#182,.T.);
#315 = FACE_BOUND('',#316,.T.);
#316 = EDGE_LOOP('',(#317,#318,#341,#372));
#317 = ORIENTED_EDGE('',*,*,#168,.F.);
#318 = ORIENTED_EDGE('',*,*,#319,.F.);
#319 = EDGE_CURVE('',#320,#141,#322,.T.);
#320 = VERTEX_POINT('',#321);
#321 = CARTESIAN_POINT('',(9.,-1.102182119233E-15,4.05));
#322 = SURFACE_CURVE('',#323,(#327,#334),.PCURVE_S1.);
#323 = LINE('',#324,#325);
#324 = CARTESIAN_POINT('',(9.,0.,4.5));
#325 = VECTOR('',#326,1.);
#326 = DIRECTION('',(0.,0.,-1.));
#327 = PCURVE('',#182,#328);
#328 = DEFINITIONAL_REPRESENTATION('',(#329),#333);
#329 = LINE('',#330,#331);
#330 = CARTESIAN_POINT('',(4.5,2.25));
#331 = VECTOR('',#332,1.);
#332 = DIRECTION('',(0.,-1.));
#333 = ( GEOMETRIC_REPRESENTATION_CONTEXT(2) 
PARAMETRIC_REPRESENTATION_CONTEXT() REPRESENTATION_CONTEXT('2D SPACE',''
  ) );
#334 = PCURVE('',#156,#335);
#335 = DEFINITIONAL_REPRESENTATION('',(#336),#340);
#336 = LINE('',#337,#338);
#337 = CARTESIAN_POINT('',(-4.5,2.25));
#338 = VECTOR('',#339,1.);
#339 = DIRECTION('',(0.,-1.));
#340 = ( GEOMETRIC_REPRESENTATION_CONTEXT(2) 
PARAMETRIC_REPRESENTATION_CONTEXT() REPRESENTATION_CONTEXT('2D SPACE',''
  ) );
#341 = ORIENTED_EDGE('',*,*,#342,.F.);
#342 = EDGE_CURVE('',#234,#320,#343,.T.);
#343 = SURFACE_CURVE('',#344,(#349,#356),.PCURVE_S1.);
#344 = HYPERBOLA('',#345,2.598076211353,7.79422863406);
#345 = AXIS2_PLACEMENT_3D('',#346,#347,#348);
#346 = CARTESIAN_POINT('',(6.75,-3.89711431703,7.05));
#347 = DIRECTION('',(0.866025403784,-0.5,0.));
#348 = DIRECTION('',(0.,-0.,-1.));
#349 = PCURVE('',#182,#350);
#350 = DEFINITIONAL_REPRESENTATION('',(#351),#355);
#351 = HYPERBOLA('',#352,2.598076211353,7.79422863406);
#352 = AXIS2_PLACEMENT_2D('',#353,#354);
#353 = CARTESIAN_POINT('',(7.691850745534E-16,4.8));
#354 = DIRECTION('',(0.,-1.));
#355 = ( GEOMETRIC_REPRESENTATION_CONTEXT(2) 
PARAMETRIC_REPRESENTATION_CONTEXT() REPRESENTATION_CONTEXT('2D SPACE',''
  ) );
#356 = PCURVE('',#273,#357);
#357 = DEFINITIONAL_REPRESENTATION('',(#358),#371);
#358 = B_SPLINE_CURVE_WITH_KNOTS('',6,(#359,#360,#361,#362,#363,#364,
    #365,#366,#367,#368,#369,#370),.UNSPECIFIED.,.F.,.F.,(7,5,7),(
    -0.646774826402,-4.873434103376E-02,0.549306144334),.UNSPECIFIED.);
#359 = CARTESIAN_POINT('',(-5.153695412742,-0.289303874144));
#360 = CARTESIAN_POINT('',(-5.235626454544,-0.468716019755));
#361 = CARTESIAN_POINT('',(-5.323138379894,-0.610447176017));
#362 = CARTESIAN_POINT('',(-5.415715559521,-0.71770546496));
#363 = CARTESIAN_POINT('',(-5.512341282156,-0.792577094528));
#364 = CARTESIAN_POINT('',(-5.611316302796,-0.836212717157));
#365 = CARTESIAN_POINT('',(-5.810426637345,-0.861463114249));
#366 = CARTESIAN_POINT('',(-5.91056071075,-0.84307789701));
#367 = CARTESIAN_POINT('',(-6.009509223039,-0.793908163892));
#368 = CARTESIAN_POINT('',(-6.10538420306,-0.713255023528));
#369 = CARTESIAN_POINT('',(-6.196865598376,-0.599510121342));
#370 = CARTESIAN_POINT('',(-6.28318530718,-0.45));
#371 = ( GEOMETRIC_REPRESENTATION_CONTEXT(2) 
PARAMETRIC_REPRESENTATION_CONTEXT() REPRESENTATION_CONTEXT('2D SPACE',''
  ) );
#372 = ORIENTED_EDGE('',*,*,#233,.F.);
#373 = ADVANCED_FACE('',(#374),#72,.T.);
#374 = FACE_BOUND('',#375,.T.);
#375 = EDGE_LOOP('',(#376,#377,#378,#411));
#376 = ORIENTED_EDGE('',*,*,#56,.F.);
#377 = ORIENTED_EDGE('',*,*,#294,.T.);
#378 = ORIENTED_EDGE('',*,*,#379,.F.);
#379 = EDGE_CURVE('',#380,#257,#382,.T.);
#380 = VERTEX_POINT('',#381);
#381 = CARTESIAN_POINT('',(-9.,1.102182119233E-15,4.05));
#382 = SURFACE_CURVE('',#383,(#388,#395),.PCURVE_S1.);
#383 = HYPERBOLA('',#384,2.598076211353,7.79422863406);
#384 = AXIS2_PLACEMENT_3D('',#385,#386,#387);
#385 = CARTESIAN_POINT('',(-6.75,-3.89711431703,7.05));
#386 = DIRECTION('',(-0.866025403784,-0.5,-0.));
#387 = DIRECTION('',(0.,0.,-1.));
#388 = PCURVE('',#72,#389);
#389 = DEFINITIONAL_REPRESENTATION('',(#390),#394);
#390 = HYPERBOLA('',#391,2.598076211353,7.79422863406);
#391 = AXIS2_PLACEMENT_2D('',#392,#393);
#392 = CARTESIAN_POINT('',(0.,4.8));
#393 = DIRECTION('',(0.,-1.));
#394 = ( GEOMETRIC_REPRESENTATION_CONTEXT(2) 
PARAMETRIC_REPRESENTATION_CONTEXT() REPRESENTATION_CONTEXT('2D SPACE',''
  ) );
#395 = PCURVE('',#273,#396);
#396 = DEFINITIONAL_REPRESENTATION('',(#397),#410);
#397 = B_SPLINE_CURVE_WITH_KNOTS('',6,(#398,#399,#400,#401,#402,#403,
    #404,#405,#406,#407,#408,#409),.UNSPECIFIED.,.F.,.F.,(7,5,7),(
    -0.646774826402,1.110223024625E-16,0.646774826402),.UNSPECIFIED.);
#398 = CARTESIAN_POINT('',(-3.059300310349,-0.289303874144));
#399 = CARTESIAN_POINT('',(-3.147907915745,-0.483336322065));
#400 = CARTESIAN_POINT('',(-3.243042818839,-0.63329631921));
#401 = CARTESIAN_POINT('',(-3.344054106543,-0.74324183832));
#402 = CARTESIAN_POINT('',(-3.449600643507,-0.815696372843));
#403 = CARTESIAN_POINT('',(-3.557395624788,-0.851923788647));
#404 = CARTESIAN_POINT('',(-3.772987233588,-0.851923788647));
#405 = CARTESIAN_POINT('',(-3.880782214869,-0.815696372843));
#406 = CARTESIAN_POINT('',(-3.986328751833,-0.74324183832));
#407 = CARTESIAN_POINT('',(-4.087340039537,-0.63329631921));
#408 = CARTESIAN_POINT('',(-4.182474942631,-0.483336322065));
#409 = CARTESIAN_POINT('',(-4.271082548027,-0.289303874144));
#410 = ( GEOMETRIC_REPRESENTATION_CONTEXT(2) 
PARAMETRIC_REPRESENTATION_CONTEXT() REPRESENTATION_CONTEXT('2D SPACE',''
  ) );
#411 = ORIENTED_EDGE('',*,*,#412,.F.);
#412 = EDGE_CURVE('',#57,#380,#413,.T.);
#413 = SURFACE_CURVE('',#414,(#418,#425),.PCURVE_S1.);
#414 = LINE('',#415,#416);
#415 = CARTESIAN_POINT('',(-9.,1.102182119233E-15,0.));
#416 = VECTOR('',#417,1.);
#417 = DIRECTION('',(0.,0.,1.));
#418 = PCURVE('',#72,#419);
#419 = DEFINITIONAL_REPRESENTATION('',(#420),#424);
#420 = LINE('',#421,#422);
#421 = CARTESIAN_POINT('',(-4.5,-2.25));
#422 = VECTOR('',#423,1.);
#423 = DIRECTION('',(0.,1.));
#424 = ( GEOMETRIC_REPRESENTATION_CONTEXT(2) 
PARAMETRIC_REPRESENTATION_CONTEXT() REPRESENTATION_CONTEXT('2D SPACE',''
  ) );
#425 = PCURVE('',#100,#426);
#426 = DEFINITIONAL_REPRESENTATION('',(#427),#431);
#427 = LINE('',#428,#429);
#428 = CARTESIAN_POINT('',(4.5,-2.25));
#429 = VECTOR('',#430,1.);
#430 = DIRECTION('',(0.,1.));
#431 = ( GEOMETRIC_REPRESENTATION_CONTEXT(2) 
PARAMETRIC_REPRESENTATION_CONTEXT() REPRESENTATION_CONTEXT('2D SPACE',''
  ) );
#432 = ADVANCED_FACE('',(#433),#156,.T.);
#433 = FACE_BOUND('',#434,.T.);
#434 = EDGE_LOOP('',(#435,#436,#459,#490));
#435 = ORIENTED_EDGE('',*,*,#140,.F.);
#436 = ORIENTED_EDGE('',*,*,#437,.T.);
#437 = EDGE_CURVE('',#113,#438,#440,.T.);
#438 = VERTEX_POINT('',#439);
#439 = CARTESIAN_POINT('',(4.5,7.79422863406,4.05));
#440 = SURFACE_CURVE('',#441,(#445,#452),.PCURVE_S1.);
#441 = LINE('',#442,#443);
#442 = CARTESIAN_POINT('',(4.5,7.79422863406,0.));
#443 = VECTOR('',#444,1.);
#444 = DIRECTION('',(0.,0.,1.));
#445 = PCURVE('',#156,#446);
#446 = DEFINITIONAL_REPRESENTATION('',(#447),#451);
#447 = LINE('',#448,#449);
#448 = CARTESIAN_POINT('',(4.5,-2.25));
#449 = VECTOR('',#450,1.);
#450 = DIRECTION('',(0.,1.));
#451 = ( GEOMETRIC_REPRESENTATION_CONTEXT(2) 
PARAMETRIC_REPRESENTATION_CONTEXT() REPRESENTATION_CONTEXT('2D SPACE',''
  ) );
#452 = PCURVE('',#128,#453);
#453 = DEFINITIONAL_REPRESENTATION('',(#454),#458);
#454 = LINE('',#455,#456);
#455 = CARTESIAN_POINT('',(4.5,2.25));
#456 = VECTOR('',#457,1.);
#457 = DIRECTION('',(0.,-1.));
#458 = ( GEOMETRIC_REPRESENTATION_CONTEXT(2) 
PARAMETRIC_REPRESENTATION_CONTEXT() REPRESENTATION_CONTEXT('2D SPACE',''
  ) );
#459 = ORIENTED_EDGE('',*,*,#460,.F.);
#460 = EDGE_CURVE('',#320,#438,#461,.T.);
#461 = SURFACE_CURVE('',#462,(#467,#474),.PCURVE_S1.);
#462 = HYPERBOLA('',#463,2.598076211353,7.79422863406);
#463 = AXIS2_PLACEMENT_3D('',#464,#465,#466);
#464 = CARTESIAN_POINT('',(6.75,3.89711431703,7.05));
#465 = DIRECTION('',(0.866025403784,0.5,0.));
#466 = DIRECTION('',(0.,0.,-1.));
#467 = PCURVE('',#156,#468);
#468 = DEFINITIONAL_REPRESENTATION('',(#469),#473);
#469 = HYPERBOLA('',#470,2.598076211353,7.79422863406);
#470 = AXIS2_PLACEMENT_2D('',#471,#472);
#471 = CARTESIAN_POINT('',(-3.845925372767E-16,4.8));
#472 = DIRECTION('',(0.,-1.));
#473 = ( GEOMETRIC_REPRESENTATION_CONTEXT(2) 
PARAMETRIC_REPRESENTATION_CONTEXT() REPRESENTATION_CONTEXT('2D SPACE',''
  ) );
#474 = PCURVE('',#273,#475);
#475 = DEFINITIONAL_REPRESENTATION('',(#476),#489);
#476 = B_SPLINE_CURVE_WITH_KNOTS('',6,(#477,#478,#479,#480,#481,#482,
    #483,#484,#485,#486,#487,#488),.UNSPECIFIED.,.F.,.F.,(7,5,7),(
    -0.549306144334,4.873434103376E-02,0.646774826402),.UNSPECIFIED.);
#477 = CARTESIAN_POINT('',(0.,-0.45));
#478 = CARTESIAN_POINT('',(-8.631970880335E-02,-0.599510121342));
#479 = CARTESIAN_POINT('',(-0.177801104119,-0.713255023528));
#480 = CARTESIAN_POINT('',(-0.273676084141,-0.793908163892));
#481 = CARTESIAN_POINT('',(-0.37262459643,-0.84307789701));
#482 = CARTESIAN_POINT('',(-0.472758669835,-0.861463114249));
#483 = CARTESIAN_POINT('',(-0.671869004384,-0.836212717157));
#484 = CARTESIAN_POINT('',(-0.770844025024,-0.792577094528));
#485 = CARTESIAN_POINT('',(-0.867469747659,-0.71770546496));
#486 = CARTESIAN_POINT('',(-0.960046927286,-0.610447176017));
#487 = CARTESIAN_POINT('',(-1.047558852636,-0.468716019755));
#488 = CARTESIAN_POINT('',(-1.129489894438,-0.289303874144));
#489 = ( GEOMETRIC_REPRESENTATION_CONTEXT(2) 
PARAMETRIC_REPRESENTATION_CONTEXT() REPRESENTATION_CONTEXT('2D SPACE',''
  ) );
#490 = ORIENTED_EDGE('',*,*,#319,.T.);
#491 = ADVANCED_FACE('',(#492),#100,.T.);
#492 = FACE_BOUND('',#493,.T.);
#493 = EDGE_LOOP('',(#494,#495,#496,#529));
#494 = ORIENTED_EDGE('',*,*,#84,.F.);
#495 = ORIENTED_EDGE('',*,*,#412,.T.);
#496 = ORIENTED_EDGE('',*,*,#497,.F.);
#497 = EDGE_CURVE('',#498,#380,#500,.T.);
#498 = VERTEX_POINT('',#499);
#499 = CARTESIAN_POINT('',(-4.5,7.79422863406,4.05));
#500 = SURFACE_CURVE('',#501,(#506,#513),.PCURVE_S1.);
#501 = HYPERBOLA('',#502,2.598076211353,7.79422863406);
#502 = AXIS2_PLACEMENT_3D('',#503,#504,#505);
#503 = CARTESIAN_POINT('',(-6.75,3.89711431703,7.05));
#504 = DIRECTION('',(-0.866025403784,0.5,-0.));
#505 = DIRECTION('',(0.,-0.,-1.));
#506 = PCURVE('',#100,#507);
#507 = DEFINITIONAL_REPRESENTATION('',(#508),#512);
#508 = HYPERBOLA('',#509,2.598076211353,7.79422863406);
#509 = AXIS2_PLACEMENT_2D('',#510,#511);
#510 = CARTESIAN_POINT('',(-3.845925372767E-16,4.8));
#511 = DIRECTION('',(-0.,-1.));
#512 = ( GEOMETRIC_REPRESENTATION_CONTEXT(2) 
PARAMETRIC_REPRESENTATION_CONTEXT() REPRESENTATION_CONTEXT('2D SPACE',''
  ) );
#513 = PCURVE('',#273,#514);
#514 = DEFINITIONAL_REPRESENTATION('',(#515),#528);
#515 = B_SPLINE_CURVE_WITH_KNOTS('',6,(#516,#517,#518,#519,#520,#521,
    #522,#523,#524,#525,#526,#527),.UNSPECIFIED.,.F.,.F.,(7,5,7),(
    -0.646774826402,-1.110223024625E-16,0.646774826402),.UNSPECIFIED.);
#516 = CARTESIAN_POINT('',(-2.012102759152,-0.289303874144));
#517 = CARTESIAN_POINT('',(-2.100710364548,-0.483336322065));
#518 = CARTESIAN_POINT('',(-2.195845267643,-0.63329631921));
#519 = CARTESIAN_POINT('',(-2.296856555346,-0.74324183832));
#520 = CARTESIAN_POINT('',(-2.40240309231,-0.815696372843));
#521 = CARTESIAN_POINT('',(-2.510198073591,-0.851923788647));
#522 = CARTESIAN_POINT('',(-2.725789682392,-0.851923788647));
#523 = CARTESIAN_POINT('',(-2.833584663673,-0.815696372843));
#524 = CARTESIAN_POINT('',(-2.939131200637,-0.74324183832));
#525 = CARTESIAN_POINT('',(-3.04014248834,-0.63329631921));
#526 = CARTESIAN_POINT('',(-3.135277391435,-0.483336322065));
#527 = CARTESIAN_POINT('',(-3.223884996831,-0.289303874144));
#528 = ( GEOMETRIC_REPRESENTATION_CONTEXT(2) 
PARAMETRIC_REPRESENTATION_CONTEXT() REPRESENTATION_CONTEXT('2D SPACE',''
  ) );
#529 = ORIENTED_EDGE('',*,*,#530,.F.);
#530 = EDGE_CURVE('',#85,#498,#531,.T.);
#531 = SURFACE_CURVE('',#532,(#536,#543),.PCURVE_S1.);
#532 = LINE('',#533,#534);
#533 = CARTESIAN_POINT('',(-4.5,7.79422863406,0.));
#534 = VECTOR('',#535,1.);
#535 = DIRECTION('',(0.,0.,1.));
#536 = PCURVE('',#100,#537);
#537 = DEFINITIONAL_REPRESENTATION('',(#538),#542);
#538 = LINE('',#539,#540);
#539 = CARTESIAN_POINT('',(-4.5,-2.25));
#540 = VECTOR('',#541,1.);
#541 = DIRECTION('',(0.,1.));
#542 = ( GEOMETRIC_REPRESENTATION_CONTEXT(2) 
PARAMETRIC_REPRESENTATION_CONTEXT() REPRESENTATION_CONTEXT('2D SPACE',''
  ) );
#543 = PCURVE('',#128,#544);
#544 = DEFINITIONAL_REPRESENTATION('',(#545),#549);
#545 = LINE('',#546,#547);
#546 = CARTESIAN_POINT('',(-4.5,2.25));
#547 = VECTOR('',#548,1.);
#548 = DIRECTION('',(0.,-1.));
#549 = ( GEOMETRIC_REPRESENTATION_CONTEXT(2) 
PARAMETRIC_REPRESENTATION_CONTEXT() REPRESENTATION_CONTEXT('2D SPACE',''
  ) );
#550 = ADVANCED_FACE('',(#551),#128,.T.);
#551 = FACE_BOUND('',#552,.T.);
#552 = EDGE_LOOP('',(#553,#554,#555,#586));
#553 = ORIENTED_EDGE('',*,*,#112,.F.);
#554 = ORIENTED_EDGE('',*,*,#530,.T.);
#555 = ORIENTED_EDGE('',*,*,#556,.F.);
#556 = EDGE_CURVE('',#438,#498,#557,.T.);
#557 = SURFACE_CURVE('',#558,(#563,#570),.PCURVE_S1.);
#558 = HYPERBOLA('',#559,2.598076211353,7.79422863406);
#559 = AXIS2_PLACEMENT_3D('',#560,#561,#562);
#560 = CARTESIAN_POINT('',(7.691850745534E-16,7.79422863406,7.05));
#561 = DIRECTION('',(9.868649107779E-17,1.,-1.154254639555E-32));
#562 = DIRECTION('',(-1.13909340188E-48,-1.154254639555E-32,-1.));
#563 = PCURVE('',#128,#564);
#564 = DEFINITIONAL_REPRESENTATION('',(#565),#569);
#565 = HYPERBOLA('',#566,2.598076211353,7.79422863406);
#566 = AXIS2_PLACEMENT_2D('',#567,#568);
#567 = CARTESIAN_POINT('',(-4.150528183801E-16,-4.8));
#568 = DIRECTION('',(0.,1.));
#569 = ( GEOMETRIC_REPRESENTATION_CONTEXT(2) 
PARAMETRIC_REPRESENTATION_CONTEXT() REPRESENTATION_CONTEXT('2D SPACE',''
  ) );
#570 = PCURVE('',#273,#571);
#571 = DEFINITIONAL_REPRESENTATION('',(#572),#585);
#572 = B_SPLINE_CURVE_WITH_KNOTS('',6,(#573,#574,#575,#576,#577,#578,
    #579,#580,#581,#582,#583,#584),.UNSPECIFIED.,.F.,.F.,(7,5,7),(
    -0.646774826402,-1.110223024625E-16,0.646774826402),.UNSPECIFIED.);
#573 = CARTESIAN_POINT('',(-0.964905207956,-0.289303874144));
#574 = CARTESIAN_POINT('',(-1.053512813351,-0.483336322065));
#575 = CARTESIAN_POINT('',(-1.148647716446,-0.63329631921));
#576 = CARTESIAN_POINT('',(-1.249659004149,-0.74324183832));
#577 = CARTESIAN_POINT('',(-1.355205541114,-0.815696372843));
#578 = CARTESIAN_POINT('',(-1.463000522395,-0.851923788647));
#579 = CARTESIAN_POINT('',(-1.678592131195,-0.851923788647));
#580 = CARTESIAN_POINT('',(-1.786387112476,-0.815696372843));
#581 = CARTESIAN_POINT('',(-1.89193364944,-0.74324183832));
#582 = CARTESIAN_POINT('',(-1.992944937144,-0.63329631921));
#583 = CARTESIAN_POINT('',(-2.088079840238,-0.483336322065));
#584 = CARTESIAN_POINT('',(-2.176687445634,-0.289303874144));
#585 = ( GEOMETRIC_REPRESENTATION_CONTEXT(2) 
PARAMETRIC_REPRESENTATION_CONTEXT() REPRESENTATION_CONTEXT('2D SPACE',''
  ) );
#586 = ORIENTED_EDGE('',*,*,#437,.F.);
#587 = ADVANCED_FACE('',(#588),#217,.T.);
#588 = FACE_BOUND('',#589,.F.);
#589 = EDGE_LOOP('',(#590,#591,#614,#641));
#590 = ORIENTED_EDGE('',*,*,#196,.T.);
#591 = ORIENTED_EDGE('',*,*,#592,.T.);
#592 = EDGE_CURVE('',#197,#593,#595,.T.);
#593 = VERTEX_POINT('',#594);
#594 = CARTESIAN_POINT('',(6.,0.,-0.875));
#595 = SEAM_CURVE('',#596,(#600,#607),.PCURVE_S1.);
#596 = LINE('',#597,#598);
#597 = CARTESIAN_POINT('',(5.,0.,0.));
#598 = VECTOR('',#599,1.);
#599 = DIRECTION('',(0.752576694707,0.,-0.658504607869));
#600 = PCURVE('',#217,#601);
#601 = DEFINITIONAL_REPRESENTATION('',(#602),#606);
#602 = LINE('',#603,#604);
#603 = CARTESIAN_POINT('',(-0.,0.));
#604 = VECTOR('',#605,1.);
#605 = DIRECTION('',(-0.,1.));
#606 = ( GEOMETRIC_REPRESENTATION_CONTEXT(2) 
PARAMETRIC_REPRESENTATION_CONTEXT() REPRESENTATION_CONTEXT('2D SPACE',''
  ) );
#607 = PCURVE('',#217,#608);
#608 = DEFINITIONAL_REPRESENTATION('',(#609),#613);
#609 = LINE('',#610,#611);
#610 = CARTESIAN_POINT('',(-6.28318530718,0.));
#611 = VECTOR('',#612,1.);
#612 = DIRECTION('',(-0.,1.));
#613 = ( GEOMETRIC_REPRESENTATION_CONTEXT(2) 
PARAMETRIC_REPRESENTATION_CONTEXT() REPRESENTATION_CONTEXT('2D SPACE',''
  ) );
#614 = ORIENTED_EDGE('',*,*,#615,.F.);
#615 = EDGE_CURVE('',#593,#593,#616,.T.);
#616 = SURFACE_CURVE('',#617,(#622,#629),.PCURVE_S1.);
#617 = CIRCLE('',#618,6.);
#618 = AXIS2_PLACEMENT_3D('',#619,#620,#621);
#619 = CARTESIAN_POINT('',(0.,0.,-0.875));
#620 = DIRECTION('',(0.,0.,1.));
#621 = DIRECTION('',(1.,0.,-0.));
#622 = PCURVE('',#217,#623);
#623 = DEFINITIONAL_REPRESENTATION('',(#624),#628);
#624 = LINE('',#625,#626);
#625 = CARTESIAN_POINT('',(-0.,0.875));
#626 = VECTOR('',#627,1.);
#627 = DIRECTION('',(-1.,0.));
#628 = ( GEOMETRIC_REPRESENTATION_CONTEXT(2) 
PARAMETRIC_REPRESENTATION_CONTEXT() REPRESENTATION_CONTEXT('2D SPACE',''
  ) );
#629 = PCURVE('',#630,#635);
#630 = CONICAL_SURFACE('',#631,6.,0.851966327173);
#631 = AXIS2_PLACEMENT_3D('',#632,#633,#634);
#632 = CARTESIAN_POINT('',(0.,0.,-0.875));
#633 = DIRECTION('',(0.,0.,1.));
#634 = DIRECTION('',(1.,0.,0.));
#635 = DEFINITIONAL_REPRESENTATION('',(#636),#640);
#636 = LINE('',#637,#638);
#637 = CARTESIAN_POINT('',(0.,-0.));
#638 = VECTOR('',#639,1.);
#639 = DIRECTION('',(1.,-0.));
#640 = ( GEOMETRIC_REPRESENTATION_CONTEXT(2) 
PARAMETRIC_REPRESENTATION_CONTEXT() REPRESENTATION_CONTEXT('2D SPACE',''
  ) );
#641 = ORIENTED_EDGE('',*,*,#592,.F.);
#642 = ADVANCED_FACE('',(#643),#273,.T.);
#643 = FACE_BOUND('',#644,.T.);
#644 = EDGE_LOOP('',(#645,#668,#695,#696,#697,#698,#699,#700,#701));
#645 = ORIENTED_EDGE('',*,*,#646,.T.);
#646 = EDGE_CURVE('',#320,#647,#649,.T.);
#647 = VERTEX_POINT('',#648);
#648 = CARTESIAN_POINT('',(7.65,-1.873709602695E-15,4.5));
#649 = SEAM_CURVE('',#650,(#654,#661),.PCURVE_S1.);
#650 = LINE('',#651,#652);
#651 = CARTESIAN_POINT('',(10.35,-2.535018874235E-15,3.6));
#652 = VECTOR('',#653,1.);
#653 = DIRECTION('',(-0.948683298051,2.323603928724E-16,0.316227766017)
  );
#654 = PCURVE('',#273,#655);
#655 = DEFINITIONAL_REPRESENTATION('',(#656),#660);
#656 = LINE('',#657,#658);
#657 = CARTESIAN_POINT('',(-6.28318530718,0.));
#658 = VECTOR('',#659,1.);
#659 = DIRECTION('',(-0.,-1.));
#660 = ( GEOMETRIC_REPRESENTATION_CONTEXT(2) 
PARAMETRIC_REPRESENTATION_CONTEXT() REPRESENTATION_CONTEXT('2D SPACE',''
  ) );
#661 = PCURVE('',#273,#662);
#662 = DEFINITIONAL_REPRESENTATION('',(#663),#667);
#663 = LINE('',#664,#665);
#664 = CARTESIAN_POINT('',(0.,-0.));
#665 = VECTOR('',#666,1.);
#666 = DIRECTION('',(-0.,-1.));
#667 = ( GEOMETRIC_REPRESENTATION_CONTEXT(2) 
PARAMETRIC_REPRESENTATION_CONTEXT() REPRESENTATION_CONTEXT('2D SPACE',''
  ) );
#668 = ORIENTED_EDGE('',*,*,#669,.F.);
#669 = EDGE_CURVE('',#647,#647,#670,.T.);
#670 = SURFACE_CURVE('',#671,(#676,#683),.PCURVE_S1.);
#671 = CIRCLE('',#672,7.65);
#672 = AXIS2_PLACEMENT_3D('',#673,#674,#675);
#673 = CARTESIAN_POINT('',(0.,0.,4.5));
#674 = DIRECTION('',(0.,0.,1.));
#675 = DIRECTION('',(1.,0.,-0.));
#676 = PCURVE('',#273,#677);
#677 = DEFINITIONAL_REPRESENTATION('',(#678),#682);
#678 = LINE('',#679,#680);
#679 = CARTESIAN_POINT('',(-0.,-0.9));
#680 = VECTOR('',#681,1.);
#681 = DIRECTION('',(-1.,-0.));
#682 = ( GEOMETRIC_REPRESENTATION_CONTEXT(2) 
PARAMETRIC_REPRESENTATION_CONTEXT() REPRESENTATION_CONTEXT('2D SPACE',''
  ) );
#683 = PCURVE('',#684,#689);
#684 = PLANE('',#685);
#685 = AXIS2_PLACEMENT_3D('',#686,#687,#688);
#686 = CARTESIAN_POINT('',(0.,0.,4.5));
#687 = DIRECTION('',(0.,0.,1.));
#688 = DIRECTION('',(1.,0.,-0.));
#689 = DEFINITIONAL_REPRESENTATION('',(#690),#694);
#690 = CIRCLE('',#691,7.65);
#691 = AXIS2_PLACEMENT_2D('',#692,#693);
#692 = CARTESIAN_POINT('',(0.,0.));
#693 = DIRECTION('',(1.,0.));
#694 = ( GEOMETRIC_REPRESENTATION_CONTEXT(2) 
PARAMETRIC_REPRESENTATION_CONTEXT() REPRESENTATION_CONTEXT('2D SPACE',''
  ) );
#695 = ORIENTED_EDGE('',*,*,#646,.F.);
#696 = ORIENTED_EDGE('',*,*,#460,.T.);
#697 = ORIENTED_EDGE('',*,*,#556,.T.);
#698 = ORIENTED_EDGE('',*,*,#497,.T.);
#699 = ORIENTED_EDGE('',*,*,#379,.T.);
#700 = ORIENTED_EDGE('',*,*,#256,.T.);
#701 = ORIENTED_EDGE('',*,*,#342,.T.);
#702 = ADVANCED_FACE('',(#703),#630,.T.);
#703 = FACE_BOUND('',#704,.F.);
#704 = EDGE_LOOP('',(#705,#706,#729,#756));
#705 = ORIENTED_EDGE('',*,*,#615,.T.);
#706 = ORIENTED_EDGE('',*,*,#707,.T.);
#707 = EDGE_CURVE('',#593,#708,#710,.T.);
#708 = VERTEX_POINT('',#709);
#709 = CARTESIAN_POINT('',(5.,0.,-1.75));
#710 = SEAM_CURVE('',#711,(#715,#722),.PCURVE_S1.);
#711 = LINE('',#712,#713);
#712 = CARTESIAN_POINT('',(6.,0.,-0.875));
#713 = VECTOR('',#714,1.);
#714 = DIRECTION('',(-0.752576694707,0.,-0.658504607869));
#715 = PCURVE('',#630,#716);
#716 = DEFINITIONAL_REPRESENTATION('',(#717),#721);
#717 = LINE('',#718,#719);
#718 = CARTESIAN_POINT('',(0.,-0.));
#719 = VECTOR('',#720,1.);
#720 = DIRECTION('',(0.,-1.));
#721 = ( GEOMETRIC_REPRESENTATION_CONTEXT(2) 
PARAMETRIC_REPRESENTATION_CONTEXT() REPRESENTATION_CONTEXT('2D SPACE',''
  ) );
#722 = PCURVE('',#630,#723);
#723 = DEFINITIONAL_REPRESENTATION('',(#724),#728);
#724 = LINE('',#725,#726);
#725 = CARTESIAN_POINT('',(6.28318530718,-0.));
#726 = VECTOR('',#727,1.);
#727 = DIRECTION('',(0.,-1.));
#728 = ( GEOMETRIC_REPRESENTATION_CONTEXT(2) 
PARAMETRIC_REPRESENTATION_CONTEXT() REPRESENTATION_CONTEXT('2D SPACE',''
  ) );
#729 = ORIENTED_EDGE('',*,*,#730,.F.);
#730 = EDGE_CURVE('',#708,#708,#731,.T.);
#731 = SURFACE_CURVE('',#732,(#737,#744),.PCURVE_S1.);
#732 = CIRCLE('',#733,5.);
#733 = AXIS2_PLACEMENT_3D('',#734,#735,#736);
#734 = CARTESIAN_POINT('',(0.,0.,-1.75));
#735 = DIRECTION('',(0.,0.,1.));
#736 = DIRECTION('',(1.,0.,-0.));
#737 = PCURVE('',#630,#738);
#738 = DEFINITIONAL_REPRESENTATION('',(#739),#743);
#739 = LINE('',#740,#741);
#740 = CARTESIAN_POINT('',(0.,-0.875));
#741 = VECTOR('',#742,1.);
#742 = DIRECTION('',(1.,-0.));
#743 = ( GEOMETRIC_REPRESENTATION_CONTEXT(2) 
PARAMETRIC_REPRESENTATION_CONTEXT() REPRESENTATION_CONTEXT('2D SPACE',''
  ) );
#744 = PCURVE('',#745,#750);
#745 = CONICAL_SURFACE('',#746,5.,0.851966327173);
#746 = AXIS2_PLACEMENT_3D('',#747,#748,#749);
#747 = CARTESIAN_POINT('',(0.,0.,-1.75));
#748 = DIRECTION('',(-0.,-0.,-1.));
#749 = DIRECTION('',(1.,0.,0.));
#750 = DEFINITIONAL_REPRESENTATION('',(#751),#755);
#751 = LINE('',#752,#753);
#752 = CARTESIAN_POINT('',(-0.,0.));
#753 = VECTOR('',#754,1.);
#754 = DIRECTION('',(-1.,0.));
#755 = ( GEOMETRIC_REPRESENTATION_CONTEXT(2) 
PARAMETRIC_REPRESENTATION_CONTEXT() REPRESENTATION_CONTEXT('2D SPACE',''
  ) );
#756 = ORIENTED_EDGE('',*,*,#707,.F.);
#757 = ADVANCED_FACE('',(#758),#684,.T.);
#758 = FACE_BOUND('',#759,.T.);
#759 = EDGE_LOOP('',(#760));
#760 = ORIENTED_EDGE('',*,*,#669,.T.);
#761 = ADVANCED_FACE('',(#762),#745,.T.);
#762 = FACE_BOUND('',#763,.F.);
#763 = EDGE_LOOP('',(#764,#765,#788,#815));
#764 = ORIENTED_EDGE('',*,*,#730,.T.);
#765 = ORIENTED_EDGE('',*,*,#766,.T.);
#766 = EDGE_CURVE('',#708,#767,#769,.T.);
#767 = VERTEX_POINT('',#768);
#768 = CARTESIAN_POINT('',(6.,0.,-2.625));
#769 = SEAM_CURVE('',#770,(#774,#781),.PCURVE_S1.);
#770 = LINE('',#771,#772);
#771 = CARTESIAN_POINT('',(5.,0.,-1.75));
#772 = VECTOR('',#773,1.);
#773 = DIRECTION('',(0.752576694707,0.,-0.658504607869));
#774 = PCURVE('',#745,#775);
#775 = DEFINITIONAL_REPRESENTATION('',(#776),#780);
#776 = LINE('',#777,#778);
#777 = CARTESIAN_POINT('',(-0.,0.));
#778 = VECTOR('',#779,1.);
#779 = DIRECTION('',(-0.,1.));
#780 = ( GEOMETRIC_REPRESENTATION_CONTEXT(2) 
PARAMETRIC_REPRESENTATION_CONTEXT() REPRESENTATION_CONTEXT('2D SPACE',''
  ) );
#781 = PCURVE('',#745,#782);
#782 = DEFINITIONAL_REPRESENTATION('',(#783),#787);
#783 = LINE('',#784,#785);
#784 = CARTESIAN_POINT('',(-6.28318530718,0.));
#785 = VECTOR('',#786,1.);
#786 = DIRECTION('',(-0.,1.));
#787 = ( GEOMETRIC_REPRESENTATION_CONTEXT(2) 
PARAMETRIC_REPRESENTATION_CONTEXT() REPRESENTATION_CONTEXT('2D SPACE',''
  ) );
#788 = ORIENTED_EDGE('',*,*,#789,.F.);
#789 = EDGE_CURVE('',#767,#767,#790,.T.);
#790 = SURFACE_CURVE('',#791,(#796,#803),.PCURVE_S1.);
#791 = CIRCLE('',#792,6.);
#792 = AXIS2_PLACEMENT_3D('',#793,#794,#795);
#793 = CARTESIAN_POINT('',(0.,0.,-2.625));
#794 = DIRECTION('',(0.,0.,1.));
#795 = DIRECTION('',(1.,0.,-0.));
#796 = PCURVE('',#745,#797);
#797 = DEFINITIONAL_REPRESENTATION('',(#798),#802);
#798 = LINE('',#799,#800);
#799 = CARTESIAN_POINT('',(-0.,0.875));
#800 = VECTOR('',#801,1.);
#801 = DIRECTION('',(-1.,0.));
#802 = ( GEOMETRIC_REPRESENTATION_CONTEXT(2) 
PARAMETRIC_REPRESENTATION_CONTEXT() REPRESENTATION_CONTEXT('2D SPACE',''
  ) );
#803 = PCURVE('',#804,#809);
#804 = CONICAL_SURFACE('',#805,6.,0.851966327173);
#805 = AXIS2_PLACEMENT_3D('',#806,#807,#808);
#806 = CARTESIAN_POINT('',(0.,0.,-2.625));
#807 = DIRECTION('',(0.,0.,1.));
#808 = DIRECTION('',(1.,0.,0.));
#809 = DEFINITIONAL_REPRESENTATION('',(#810),#814);
#810 = LINE('',#811,#812);
#811 = CARTESIAN_POINT('',(0.,-0.));
#812 = VECTOR('',#813,1.);
#813 = DIRECTION('',(1.,-0.));
#814 = ( GEOMETRIC_REPRESENTATION_CONTEXT(2) 
PARAMETRIC_REPRESENTATION_CONTEXT() REPRESENTATION_CONTEXT('2D SPACE',''
  ) );
#815 = ORIENTED_EDGE('',*,*,#766,.F.);
#816 = ADVANCED_FACE('',(#817),#804,.T.);
#817 = FACE_BOUND('',#818,.F.);
#818 = EDGE_LOOP('',(#819,#820,#843,#870));
#819 = ORIENTED_EDGE('',*,*,#789,.T.);
#820 = ORIENTED_EDGE('',*,*,#821,.T.);
#821 = EDGE_CURVE('',#767,#822,#824,.T.);
#822 = VERTEX_POINT('',#823);
#823 = CARTESIAN_POINT('',(5.,0.,-3.5));
#824 = SEAM_CURVE('',#825,(#829,#836),.PCURVE_S1.);
#825 = LINE('',#826,#827);
#826 = CARTESIAN_POINT('',(6.,0.,-2.625));
#827 = VECTOR('',#828,1.);
#828 = DIRECTION('',(-0.752576694707,0.,-0.658504607869));
#829 = PCURVE('',#804,#830);
#830 = DEFINITIONAL_REPRESENTATION('',(#831),#835);
#831 = LINE('',#832,#833);
#832 = CARTESIAN_POINT('',(0.,-0.));
#833 = VECTOR('',#834,1.);
#834 = DIRECTION('',(0.,-1.));
#835 = ( GEOMETRIC_REPRESENTATION_CONTEXT(2) 
PARAMETRIC_REPRESENTATION_CONTEXT() REPRESENTATION_CONTEXT('2D SPACE',''
  ) );
#836 = PCURVE('',#804,#837);
#837 = DEFINITIONAL_REPRESENTATION('',(#838),#842);
#838 = LINE('',#839,#840);
#839 = CARTESIAN_POINT('',(6.28318530718,-0.));
#840 = VECTOR('',#841,1.);
#841 = DIRECTION('',(0.,-1.));
#842 = ( GEOMETRIC_REPRESENTATION_CONTEXT(2) 
PARAMETRIC_REPRESENTATION_CONTEXT() REPRESENTATION_CONTEXT('2D SPACE',''
  ) );
#843 = ORIENTED_EDGE('',*,*,#844,.F.);
#844 = EDGE_CURVE('',#822,#822,#845,.T.);
#845 = SURFACE_CURVE('',#846,(#851,#858),.PCURVE_S1.);
#846 = CIRCLE('',#847,5.);
#847 = AXIS2_PLACEMENT_3D('',#848,#849,#850);
#848 = CARTESIAN_POINT('',(0.,0.,-3.5));
#849 = DIRECTION('',(0.,0.,1.));
#850 = DIRECTION('',(1.,0.,-0.));
#851 = PCURVE('',#804,#852);
#852 = DEFINITIONAL_REPRESENTATION('',(#853),#857);
#853 = LINE('',#854,#855);
#854 = CARTESIAN_POINT('',(0.,-0.875));
#855 = VECTOR('',#856,1.);
#856 = DIRECTION('',(1.,-0.));
#857 = ( GEOMETRIC_REPRESENTATION_CONTEXT(2) 
PARAMETRIC_REPRESENTATION_CONTEXT() REPRESENTATION_CONTEXT('2D SPACE',''
  ) );
#858 = PCURVE('',#859,#864);
#859 = CONICAL_SURFACE('',#860,5.,0.851966327173);
#860 = AXIS2_PLACEMENT_3D('',#861,#862,#863);
#861 = CARTESIAN_POINT('',(0.,0.,-3.5));
#862 = DIRECTION('',(-0.,-0.,-1.));
#863 = DIRECTION('',(1.,0.,0.));
#864 = DEFINITIONAL_REPRESENTATION('',(#865),#869);
#865 = LINE('',#866,#867);
#866 = CARTESIAN_POINT('',(-0.,0.));
#867 = VECTOR('',#868,1.);
#868 = DIRECTION('',(-1.,0.));
#869 = ( GEOMETRIC_REPRESENTATION_CONTEXT(2) 
PARAMETRIC_REPRESENTATION_CONTEXT() REPRESENTATION_CONTEXT('2D SPACE',''
  ) );
#870 = ORIENTED_EDGE('',*,*,#821,.F.);
#871 = ADVANCED_FACE('',(#872),#859,.T.);
#872 = FACE_BOUND('',#873,.F.);
#873 = EDGE_LOOP('',(#874,#875,#898,#925));
#874 = ORIENTED_EDGE('',*,*,#844,.T.);
#875 = ORIENTED_EDGE('',*,*,#876,.T.);
#876 = EDGE_CURVE('',#822,#877,#879,.T.);
#877 = VERTEX_POINT('',#878);
#878 = CARTESIAN_POINT('',(6.,0.,-4.375));
#879 = SEAM_CURVE('',#880,(#884,#891),.PCURVE_S1.);
#880 = LINE('',#881,#882);
#881 = CARTESIAN_POINT('',(5.,0.,-3.5));
#882 = VECTOR('',#883,1.);
#883 = DIRECTION('',(0.752576694707,0.,-0.658504607869));
#884 = PCURVE('',#859,#885);
#885 = DEFINITIONAL_REPRESENTATION('',(#886),#890);
#886 = LINE('',#887,#888);
#887 = CARTESIAN_POINT('',(-0.,0.));
#888 = VECTOR('',#889,1.);
#889 = DIRECTION('',(-0.,1.));
#890 = ( GEOMETRIC_REPRESENTATION_CONTEXT(2) 
PARAMETRIC_REPRESENTATION_CONTEXT() REPRESENTATION_CONTEXT('2D SPACE',''
  ) );
#891 = PCURVE('',#859,#892);
#892 = DEFINITIONAL_REPRESENTATION('',(#893),#897);
#893 = LINE('',#894,#895);
#894 = CARTESIAN_POINT('',(-6.28318530718,0.));
#895 = VECTOR('',#896,1.);
#896 = DIRECTION('',(-0.,1.));
#897 = ( GEOMETRIC_REPRESENTATION_CONTEXT(2) 
PARAMETRIC_REPRESENTATION_CONTEXT() REPRESENTATION_CONTEXT('2D SPACE',''
  ) );
#898 = ORIENTED_EDGE('',*,*,#899,.F.);
#899 = EDGE_CURVE('',#877,#877,#900,.T.);
#900 = SURFACE_CURVE('',#901,(#906,#913),.PCURVE_S1.);
#901 = CIRCLE('',#902,6.);
#902 = AXIS2_PLACEMENT_3D('',#903,#904,#905);
#903 = CARTESIAN_POINT('',(0.,0.,-4.375));
#904 = DIRECTION('',(0.,0.,1.));
#905 = DIRECTION('',(1.,0.,-0.));
#906 = PCURVE('',#859,#907);
#907 = DEFINITIONAL_REPRESENTATION('',(#908),#912);
#908 = LINE('',#909,#910);
#909 = CARTESIAN_POINT('',(-0.,0.875));
#910 = VECTOR('',#911,1.);
#911 = DIRECTION('',(-1.,0.));
#912 = ( GEOMETRIC_REPRESENTATION_CONTEXT(2) 
PARAMETRIC_REPRESENTATION_CONTEXT() REPRESENTATION_CONTEXT('2D SPACE',''
  ) );
#913 = PCURVE('',#914,#919);
#914 = CONICAL_SURFACE('',#915,6.,0.851966327173);
#915 = AXIS2_PLACEMENT_3D('',#916,#917,#918);
#916 = CARTESIAN_POINT('',(0.,0.,-4.375));
#917 = DIRECTION('',(0.,0.,1.));
#918 = DIRECTION('',(1.,0.,0.));
#919 = DEFINITIONAL_REPRESENTATION('',(#920),#924);
#920 = LINE('',#921,#922);
#921 = CARTESIAN_POINT('',(0.,-0.));
#922 = VECTOR('',#923,1.);
#923 = DIRECTION('',(1.,-0.));
#924 = ( GEOMETRIC_REPRESENTATION_CONTEXT(2) 
PARAMETRIC_REPRESENTATION_CONTEXT() REPRESENTATION_CONTEXT('2D SPACE',''
  ) );
#925 = ORIENTED_EDGE('',*,*,#876,.F.);
#926 = ADVANCED_FACE('',(#927),#914,.T.);
#927 = FACE_BOUND('',#928,.F.);
#928 = EDGE_LOOP('',(#929,#930,#953,#980));
#929 = ORIENTED_EDGE('',*,*,#899,.T.);
#930 = ORIENTED_EDGE('',*,*,#931,.T.);
#931 = EDGE_CURVE('',#877,#932,#934,.T.);
#932 = VERTEX_POINT('',#933);
#933 = CARTESIAN_POINT('',(5.,0.,-5.25));
#934 = SEAM_CURVE('',#935,(#939,#946),.PCURVE_S1.);
#935 = LINE('',#936,#937);
#936 = CARTESIAN_POINT('',(6.,0.,-4.375));
#937 = VECTOR('',#938,1.);
#938 = DIRECTION('',(-0.752576694707,0.,-0.658504607869));
#939 = PCURVE('',#914,#940);
#940 = DEFINITIONAL_REPRESENTATION('',(#941),#945);
#941 = LINE('',#942,#943);
#942 = CARTESIAN_POINT('',(0.,-0.));
#943 = VECTOR('',#944,1.);
#944 = DIRECTION('',(0.,-1.));
#945 = ( GEOMETRIC_REPRESENTATION_CONTEXT(2) 
PARAMETRIC_REPRESENTATION_CONTEXT() REPRESENTATION_CONTEXT('2D SPACE',''
  ) );
#946 = PCURVE('',#914,#947);
#947 = DEFINITIONAL_REPRESENTATION('',(#948),#952);
#948 = LINE('',#949,#950);
#949 = CARTESIAN_POINT('',(6.28318530718,-0.));
#950 = VECTOR('',#951,1.);
#951 = DIRECTION('',(0.,-1.));
#952 = ( GEOMETRIC_REPRESENTATION_CONTEXT(2) 
PARAMETRIC_REPRESENTATION_CONTEXT() REPRESENTATION_CONTEXT('2D SPACE',''
  ) );
#953 = ORIENTED_EDGE('',*,*,#954,.F.);
#954 = EDGE_CURVE('',#932,#932,#955,.T.);
#955 = SURFACE_CURVE('',#956,(#961,#968),.PCURVE_S1.);
#956 = CIRCLE('',#957,5.);
#957 = AXIS2_PLACEMENT_3D('',#958,#959,#960);
#958 = CARTESIAN_POINT('',(0.,0.,-5.25));
#959 = DIRECTION('',(0.,0.,1.));
#960 = DIRECTION('',(1.,0.,-0.));
#961 = PCURVE('',#914,#962);
#962 = DEFINITIONAL_REPRESENTATION('',(#963),#967);
#963 = LINE('',#964,#965);
#964 = CARTESIAN_POINT('',(0.,-0.875));
#965 = VECTOR('',#966,1.);
#966 = DIRECTION('',(1.,-0.));
#967 = ( GEOMETRIC_REPRESENTATION_CONTEXT(2) 
PARAMETRIC_REPRESENTATION_CONTEXT() REPRESENTATION_CONTEXT('2D SPACE',''
  ) );
#968 = PCURVE('',#969,#974);
#969 = CONICAL_SURFACE('',#970,5.,0.851966327173);
#970 = AXIS2_PLACEMENT_3D('',#971,#972,#973);
#971 = CARTESIAN_POINT('',(0.,0.,-5.25));
#972 = DIRECTION('',(-0.,-0.,-1.));
#973 = DIRECTION('',(1.,0.,0.));
#974 = DEFINITIONAL_REPRESENTATION('',(#975),#979);
#975 = LINE('',#976,#977);
#976 = CARTESIAN_POINT('',(-0.,0.));
#977 = VECTOR('',#978,1.);
#978 = DIRECTION('',(-1.,0.));
#979 = ( GEOMETRIC_REPRESENTATION_CONTEXT(2) 
PARAMETRIC_REPRESENTATION_CONTEXT() REPRESENTATION_CONTEXT('2D SPACE',''
  ) );
#980 = ORIENTED_EDGE('',*,*,#931,.F.);
#981 = ADVANCED_FACE('',(#982),#969,.T.);
#982 = FACE_BOUND('',#983,.F.);
#983 = EDGE_LOOP('',(#984,#985,#1008,#1035));
#984 = ORIENTED_EDGE('',*,*,#954,.T.);
#985 = ORIENTED_EDGE('',*,*,#986,.T.);
#986 = EDGE_CURVE('',#932,#987,#989,.T.);
#987 = VERTEX_POINT('',#988);
#988 = CARTESIAN_POINT('',(6.,0.,-6.125));
#989 = SEAM_CURVE('',#990,(#994,#1001),.PCURVE_S1.);
#990 = LINE('',#991,#992);
#991 = CARTESIAN_POINT('',(5.,0.,-5.25));
#992 = VECTOR('',#993,1.);
#993 = DIRECTION('',(0.752576694707,0.,-0.658504607869));
#994 = PCURVE('',#969,#995);
#995 = DEFINITIONAL_REPRESENTATION('',(#996),#1000);
#996 = LINE('',#997,#998);
#997 = CARTESIAN_POINT('',(-0.,0.));
#998 = VECTOR('',#999,1.);
#999 = DIRECTION('',(-0.,1.));
#1000 = ( GEOMETRIC_REPRESENTATION_CONTEXT(2) 
PARAMETRIC_REPRESENTATION_CONTEXT() REPRESENTATION_CONTEXT('2D SPACE',''
  ) );
#1001 = PCURVE('',#969,#1002);
#1002 = DEFINITIONAL_REPRESENTATION('',(#1003),#1007);
#1003 = LINE('',#1004,#1005);
#1004 = CARTESIAN_POINT('',(-6.28318530718,0.));
#1005 = VECTOR('',#1006,1.);
#1006 = DIRECTION('',(-0.,1.));
#1007 = ( GEOMETRIC_REPRESENTATION_CONTEXT(2) 
PARAMETRIC_REPRESENTATION_CONTEXT() REPRESENTATION_CONTEXT('2D SPACE',''
  ) );
#1008 = ORIENTED_EDGE('',*,*,#1009,.F.);
#1009 = EDGE_CURVE('',#987,#987,#1010,.T.);
#1010 = SURFACE_CURVE('',#1011,(#1016,#1023),.PCURVE_S1.);
#1011 = CIRCLE('',#1012,6.);
#1012 = AXIS2_PLACEMENT_3D('',#1013,#1014,#1015);
#1013 = CARTESIAN_POINT('',(0.,0.,-6.125));
#1014 = DIRECTION('',(0.,0.,1.));
#1015 = DIRECTION('',(1.,0.,-0.));
#1016 = PCURVE('',#969,#1017);
#1017 = DEFINITIONAL_REPRESENTATION('',(#1018),#1022);
#1018 = LINE('',#1019,#1020);
#1019 = CARTESIAN_POINT('',(-0.,0.875));
#1020 = VECTOR('',#1021,1.);
#1021 = DIRECTION('',(-1.,0.));
#1022 = ( GEOMETRIC_REPRESENTATION_CONTEXT(2) 
PARAMETRIC_REPRESENTATION_CONTEXT() REPRESENTATION_CONTEXT('2D SPACE',''
  ) );
#1023 = PCURVE('',#1024,#1029);
#1024 = CONICAL_SURFACE('',#1025,6.,0.851966327173);
#1025 = AXIS2_PLACEMENT_3D('',#1026,#1027,#1028);
#1026 = CARTESIAN_POINT('',(0.,0.,-6.125));
#1027 = DIRECTION('',(0.,0.,1.));
#1028 = DIRECTION('',(1.,0.,0.));
#1029 = DEFINITIONAL_REPRESENTATION('',(#1030),#1034);
#1030 = LINE('',#1031,#1032);
#1031 = CARTESIAN_POINT('',(0.,-0.));
#1032 = VECTOR('',#1033,1.);
#1033 = DIRECTION('',(1.,-0.));
#1034 = ( GEOMETRIC_REPRESENTATION_CONTEXT(2) 
PARAMETRIC_REPRESENTATION_CONTEXT() REPRESENTATION_CONTEXT('2D SPACE',''
  ) );
#1035 = ORIENTED_EDGE('',*,*,#986,.F.);
#1036 = ADVANCED_FACE('',(#1037),#1024,.T.);
#1037 = FACE_BOUND('',#1038,.F.);
#1038 = EDGE_LOOP('',(#1039,#1040,#1063,#1090));
#1039 = ORIENTED_EDGE('',*,*,#1009,.T.);
#1040 = ORIENTED_EDGE('',*,*,#1041,.T.);
#1041 = EDGE_CURVE('',#987,#1042,#1044,.T.);
#1042 = VERTEX_POINT('',#1043);
#1043 = CARTESIAN_POINT('',(5.,0.,-7.));
#1044 = SEAM_CURVE('',#1045,(#1049,#1056),.PCURVE_S1.);
#1045 = LINE('',#1046,#1047);
#1046 = CARTESIAN_POINT('',(6.,0.,-6.125));
#1047 = VECTOR('',#1048,1.);
#1048 = DIRECTION('',(-0.752576694707,0.,-0.658504607869));
#1049 = PCURVE('',#1024,#1050);
#1050 = DEFINITIONAL_REPRESENTATION('',(#1051),#1055);
#1051 = LINE('',#1052,#1053);
#1052 = CARTESIAN_POINT('',(0.,-0.));
#1053 = VECTOR('',#1054,1.);
#1054 = DIRECTION('',(0.,-1.));
#1055 = ( GEOMETRIC_REPRESENTATION_CONTEXT(2) 
PARAMETRIC_REPRESENTATION_CONTEXT() REPRESENTATION_CONTEXT('2D SPACE',''
  ) );
#1056 = PCURVE('',#1024,#1057);
#1057 = DEFINITIONAL_REPRESENTATION('',(#1058),#1062);
#1058 = LINE('',#1059,#1060);
#1059 = CARTESIAN_POINT('',(6.28318530718,-0.));
#1060 = VECTOR('',#1061,1.);
#1061 = DIRECTION('',(0.,-1.));
#1062 = ( GEOMETRIC_REPRESENTATION_CONTEXT(2) 
PARAMETRIC_REPRESENTATION_CONTEXT() REPRESENTATION_CONTEXT('2D SPACE',''
  ) );
#1063 = ORIENTED_EDGE('',*,*,#1064,.F.);
#1064 = EDGE_CURVE('',#1042,#1042,#1065,.T.);
#1065 = SURFACE_CURVE('',#1066,(#1071,#1078),.PCURVE_S1.);
#1066 = CIRCLE('',#1067,5.);
#1067 = AXIS2_PLACEMENT_3D('',#1068,#1069,#1070);
#1068 = CARTESIAN_POINT('',(0.,0.,-7.));
#1069 = DIRECTION('',(0.,0.,1.));
#1070 = DIRECTION('',(1.,0.,-0.));
#1071 = PCURVE('',#1024,#1072);
#1072 = DEFINITIONAL_REPRESENTATION('',(#1073),#1077);
#1073 = LINE('',#1074,#1075);
#1074 = CARTESIAN_POINT('',(0.,-0.875));
#1075 = VECTOR('',#1076,1.);
#1076 = DIRECTION('',(1.,-0.));
#1077 = ( GEOMETRIC_REPRESENTATION_CONTEXT(2) 
PARAMETRIC_REPRESENTATION_CONTEXT() REPRESENTATION_CONTEXT('2D SPACE',''
  ) );
#1078 = PCURVE('',#1079,#1084);
#1079 = CONICAL_SURFACE('',#1080,5.,0.851966327173);
#1080 = AXIS2_PLACEMENT_3D('',#1081,#1082,#1083);
#1081 = CARTESIAN_POINT('',(0.,0.,-7.));
#1082 = DIRECTION('',(-0.,-0.,-1.));
#1083 = DIRECTION('',(1.,0.,0.));
#1084 = DEFINITIONAL_REPRESENTATION('',(#1085),#1089);
#1085 = LINE('',#1086,#1087);
#1086 = CARTESIAN_POINT('',(-0.,0.));
#1087 = VECTOR('',#1088,1.);
#1088 = DIRECTION('',(-1.,0.));
#1089 = ( GEOMETRIC_REPRESENTATION_CONTEXT(2) 
PARAMETRIC_REPRESENTATION_CONTEXT() REPRESENTATION_CONTEXT('2D SPACE',''
  ) );
#1090 = ORIENTED_EDGE('',*,*,#1041,.F.);
#1091 = ADVANCED_FACE('',(#1092),#1079,.T.);
#1092 = FACE_BOUND('',#1093,.F.);
#1093 = EDGE_LOOP('',(#1094,#1095,#1118,#1145));
#1094 = ORIENTED_EDGE('',*,*,#1064,.T.);
#1095 = ORIENTED_EDGE('',*,*,#1096,.T.);
#1096 = EDGE_CURVE('',#1042,#1097,#1099,.T.);
#1097 = VERTEX_POINT('',#1098);
#1098 = CARTESIAN_POINT('',(6.,0.,-7.875));
#1099 = SEAM_CURVE('',#1100,(#1104,#1111),.PCURVE_S1.);
#1100 = LINE('',#1101,#1102);
#1101 = CARTESIAN_POINT('',(5.,0.,-7.));
#1102 = VECTOR('',#1103,1.);
#1103 = DIRECTION('',(0.752576694707,0.,-0.658504607869));
#1104 = PCURVE('',#1079,#1105);
#1105 = DEFINITIONAL_REPRESENTATION('',(#1106),#1110);
#1106 = LINE('',#1107,#1108);
#1107 = CARTESIAN_POINT('',(-0.,0.));
#1108 = VECTOR('',#1109,1.);
#1109 = DIRECTION('',(-0.,1.));
#1110 = ( GEOMETRIC_REPRESENTATION_CONTEXT(2) 
PARAMETRIC_REPRESENTATION_CONTEXT() REPRESENTATION_CONTEXT('2D SPACE',''
  ) );
#1111 = PCURVE('',#1079,#1112);
#1112 = DEFINITIONAL_REPRESENTATION('',(#1113),#1117);
#1113 = LINE('',#1114,#1115);
#1114 = CARTESIAN_POINT('',(-6.28318530718,0.));
#1115 = VECTOR('',#1116,1.);
#1116 = DIRECTION('',(-0.,1.));
#1117 = ( GEOMETRIC_REPRESENTATION_CONTEXT(2) 
PARAMETRIC_REPRESENTATION_CONTEXT() REPRESENTATION_CONTEXT('2D SPACE',''
  ) );
#1118 = ORIENTED_EDGE('',*,*,#1119,.F.);
#1119 = EDGE_CURVE('',#1097,#1097,#1120,.T.);
#1120 = SURFACE_CURVE('',#1121,(#1126,#1133),.PCURVE_S1.);
#1121 = CIRCLE('',#1122,6.);
#1122 = AXIS2_PLACEMENT_3D('',#1123,#1124,#1125);
#1123 = CARTESIAN_POINT('',(0.,0.,-7.875));
#1124 = DIRECTION('',(0.,0.,1.));
#1125 = DIRECTION('',(1.,0.,-0.));
#1126 = PCURVE('',#1079,#1127);
#1127 = DEFINITIONAL_REPRESENTATION('',(#1128),#1132);
#1128 = LINE('',#1129,#1130);
#1129 = CARTESIAN_POINT('',(-0.,0.875));
#1130 = VECTOR('',#1131,1.);
#1131 = DIRECTION('',(-1.,0.));
#1132 = ( GEOMETRIC_REPRESENTATION_CONTEXT(2) 
PARAMETRIC_REPRESENTATION_CONTEXT() REPRESENTATION_CONTEXT('2D SPACE',''
  ) );
#1133 = PCURVE('',#1134,#1139);
#1134 = CONICAL_SURFACE('',#1135,6.,0.851966327173);
#1135 = AXIS2_PLACEMENT_3D('',#1136,#1137,#1138);
#1136 = CARTESIAN_POINT('',(0.,0.,-7.875));
#1137 = DIRECTION('',(0.,0.,1.));
#1138 = DIRECTION('',(1.,0.,0.));
#1139 = DEFINITIONAL_REPRESENTATION('',(#1140),#1144);
#1140 = LINE('',#1141,#1142);
#1141 = CARTESIAN_POINT('',(0.,-0.));
#1142 = VECTOR('',#1143,1.);
#1143 = DIRECTION('',(1.,-0.));
#1144 = ( GEOMETRIC_REPRESENTATION_CONTEXT(2) 
PARAMETRIC_REPRESENTATION_CONTEXT() REPRESENTATION_CONTEXT('2D SPACE',''
  ) );
#1145 = ORIENTED_EDGE('',*,*,#1096,.F.);
#1146 = ADVANCED_FACE('',(#1147),#1134,.T.);
#1147 = FACE_BOUND('',#1148,.F.);
#1148 = EDGE_LOOP('',(#1149,#1150,#1173,#1200));
#1149 = ORIENTED_EDGE('',*,*,#1119,.T.);
#1150 = ORIENTED_EDGE('',*,*,#1151,.T.);
#1151 = EDGE_CURVE('',#1097,#1152,#1154,.T.);
#1152 = VERTEX_POINT('',#1153);
#1153 = CARTESIAN_POINT('',(5.,0.,-8.75));
#1154 = SEAM_CURVE('',#1155,(#1159,#1166),.PCURVE_S1.);
#1155 = LINE('',#1156,#1157);
#1156 = CARTESIAN_POINT('',(6.,0.,-7.875));
#1157 = VECTOR('',#1158,1.);
#1158 = DIRECTION('',(-0.752576694707,0.,-0.658504607869));
#1159 = PCURVE('',#1134,#1160);
#1160 = DEFINITIONAL_REPRESENTATION('',(#1161),#1165);
#1161 = LINE('',#1162,#1163);
#1162 = CARTESIAN_POINT('',(0.,-0.));
#1163 = VECTOR('',#1164,1.);
#1164 = DIRECTION('',(0.,-1.));
#1165 = ( GEOMETRIC_REPRESENTATION_CONTEXT(2) 
PARAMETRIC_REPRESENTATION_CONTEXT() REPRESENTATION_CONTEXT('2D SPACE',''
  ) );
#1166 = PCURVE('',#1134,#1167);
#1167 = DEFINITIONAL_REPRESENTATION('',(#1168),#1172);
#1168 = LINE('',#1169,#1170);
#1169 = CARTESIAN_POINT('',(6.28318530718,-0.));
#1170 = VECTOR('',#1171,1.);
#1171 = DIRECTION('',(0.,-1.));
#1172 = ( GEOMETRIC_REPRESENTATION_CONTEXT(2) 
PARAMETRIC_REPRESENTATION_CONTEXT() REPRESENTATION_CONTEXT('2D SPACE',''
  ) );
#1173 = ORIENTED_EDGE('',*,*,#1174,.F.);
#1174 = EDGE_CURVE('',#1152,#1152,#1175,.T.);
#1175 = SURFACE_CURVE('',#1176,(#1181,#1188),.PCURVE_S1.);
#1176 = CIRCLE('',#1177,5.);
#1177 = AXIS2_PLACEMENT_3D('',#1178,#1179,#1180);
#1178 = CARTESIAN_POINT('',(0.,0.,-8.75));
#1179 = DIRECTION('',(0.,0.,1.));
#1180 = DIRECTION('',(1.,0.,-0.));
#1181 = PCURVE('',#1134,#1182);
#1182 = DEFINITIONAL_REPRESENTATION('',(#1183),#1187);
#1183 = LINE('',#1184,#1185);
#1184 = CARTESIAN_POINT('',(0.,-0.875));
#1185 = VECTOR('',#1186,1.);
#1186 = DIRECTION('',(1.,-0.));
#1187 = ( GEOMETRIC_REPRESENTATION_CONTEXT(2) 
PARAMETRIC_REPRESENTATION_CONTEXT() REPRESENTATION_CONTEXT('2D SPACE',''
  ) );
#1188 = PCURVE('',#1189,#1194);
#1189 = CONICAL_SURFACE('',#1190,5.,0.851966327173);
#1190 = AXIS2_PLACEMENT_3D('',#1191,#1192,#1193);
#1191 = CARTESIAN_POINT('',(0.,0.,-8.75));
#1192 = DIRECTION('',(-0.,-0.,-1.));
#1193 = DIRECTION('',(1.,0.,0.));
#1194 = DEFINITIONAL_REPRESENTATION('',(#1195),#1199);
#1195 = LINE('',#1196,#1197);
#1196 = CARTESIAN_POINT('',(-0.,0.));
#1197 = VECTOR('',#1198,1.);
#1198 = DIRECTION('',(-1.,0.));
#1199 = ( GEOMETRIC_REPRESENTATION_CONTEXT(2) 
PARAMETRIC_REPRESENTATION_CONTEXT() REPRESENTATION_CONTEXT('2D SPACE',''
  ) );
#1200 = ORIENTED_EDGE('',*,*,#1151,.F.);
#1201 = ADVANCED_FACE('',(#1202),#1189,.T.);
#1202 = FACE_BOUND('',#1203,.F.);
#1203 = EDGE_LOOP('',(#1204,#1205,#1228,#1255));
#1204 = ORIENTED_EDGE('',*,*,#1174,.T.);
#1205 = ORIENTED_EDGE('',*,*,#1206,.T.);
#1206 = EDGE_CURVE('',#1152,#1207,#1209,.T.);
#1207 = VERTEX_POINT('',#1208);
#1208 = CARTESIAN_POINT('',(6.,0.,-9.625));
#1209 = SEAM_CURVE('',#1210,(#1214,#1221),.PCURVE_S1.);
#1210 = LINE('',#1211,#1212);
#1211 = CARTESIAN_POINT('',(5.,0.,-8.75));
#1212 = VECTOR('',#1213,1.);
#1213 = DIRECTION('',(0.752576694707,0.,-0.658504607869));
#1214 = PCURVE('',#1189,#1215);
#1215 = DEFINITIONAL_REPRESENTATION('',(#1216),#1220);
#1216 = LINE('',#1217,#1218);
#1217 = CARTESIAN_POINT('',(-0.,0.));
#1218 = VECTOR('',#1219,1.);
#1219 = DIRECTION('',(-0.,1.));
#1220 = ( GEOMETRIC_REPRESENTATION_CONTEXT(2) 
PARAMETRIC_REPRESENTATION_CONTEXT() REPRESENTATION_CONTEXT('2D SPACE',''
  ) );
#1221 = PCURVE('',#1189,#1222);
#1222 = DEFINITIONAL_REPRESENTATION('',(#1223),#1227);
#1223 = LINE('',#1224,#1225);
#1224 = CARTESIAN_POINT('',(-6.28318530718,0.));
#1225 = VECTOR('',#1226,1.);
#1226 = DIRECTION('',(-0.,1.));
#1227 = ( GEOMETRIC_REPRESENTATION_CONTEXT(2) 
PARAMETRIC_REPRESENTATION_CONTEXT() REPRESENTATION_CONTEXT('2D SPACE',''
  ) );
#1228 = ORIENTED_EDGE('',*,*,#1229,.F.);
#1229 = EDGE_CURVE('',#1207,#1207,#1230,.T.);
#1230 = SURFACE_CURVE('',#1231,(#1236,#1243),.PCURVE_S1.);
#1231 = CIRCLE('',#1232,6.);
#1232 = AXIS2_PLACEMENT_3D('',#1233,#1234,#1235);
#1233 = CARTESIAN_POINT('',(0.,0.,-9.625));
#1234 = DIRECTION('',(0.,0.,1.));
#1235 = DIRECTION('',(1.,0.,-0.));
#1236 = PCURVE('',#1189,#1237);
#1237 = DEFINITIONAL_REPRESENTATION('',(#1238),#1242);
#1238 = LINE('',#1239,#1240);
#1239 = CARTESIAN_POINT('',(-0.,0.875));
#1240 = VECTOR('',#1241,1.);
#1241 = DIRECTION('',(-1.,0.));
#1242 = ( GEOMETRIC_REPRESENTATION_CONTEXT(2) 
PARAMETRIC_REPRESENTATION_CONTEXT() REPRESENTATION_CONTEXT('2D SPACE',''
  ) );
#1243 = PCURVE('',#1244,#1249);
#1244 = CONICAL_SURFACE('',#1245,6.,0.851966327173);
#1245 = AXIS2_PLACEMENT_3D('',#1246,#1247,#1248);
#1246 = CARTESIAN_POINT('',(0.,0.,-9.625));
#1247 = DIRECTION('',(0.,0.,1.));
#1248 = DIRECTION('',(1.,0.,0.));
#1249 = DEFINITIONAL_REPRESENTATION('',(#1250),#1254);
#1250 = LINE('',#1251,#1252);
#1251 = CARTESIAN_POINT('',(0.,-0.));
#1252 = VECTOR('',#1253,1.);
#1253 = DIRECTION('',(1.,-0.));
#1254 = ( GEOMETRIC_REPRESENTATION_CONTEXT(2) 
PARAMETRIC_REPRESENTATION_CONTEXT() REPRESENTATION_CONTEXT('2D SPACE',''
  ) );
#1255 = ORIENTED_EDGE('',*,*,#1206,.F.);
#1256 = ADVANCED_FACE('',(#1257),#1244,.T.);
#1257 = FACE_BOUND('',#1258,.F.);
#1258 = EDGE_LOOP('',(#1259,#1260,#1283,#1310));
#1259 = ORIENTED_EDGE('',*,*,#1229,.T.);
#1260 = ORIENTED_EDGE('',*,*,#1261,.T.);
#1261 = EDGE_CURVE('',#1207,#1262,#1264,.T.);
#1262 = VERTEX_POINT('',#1263);
#1263 = CARTESIAN_POINT('',(5.,0.,-10.5));
#1264 = SEAM_CURVE('',#1265,(#1269,#1276),.PCURVE_S1.);
#1265 = LINE('',#1266,#1267);
#1266 = CARTESIAN_POINT('',(6.,0.,-9.625));
#1267 = VECTOR('',#1268,1.);
#1268 = DIRECTION('',(-0.752576694707,0.,-0.658504607869));
#1269 = PCURVE('',#1244,#1270);
#1270 = DEFINITIONAL_REPRESENTATION('',(#1271),#1275);
#1271 = LINE('',#1272,#1273);
#1272 = CARTESIAN_POINT('',(0.,-0.));
#1273 = VECTOR('',#1274,1.);
#1274 = DIRECTION('',(0.,-1.));
#1275 = ( GEOMETRIC_REPRESENTATION_CONTEXT(2) 
PARAMETRIC_REPRESENTATION_CONTEXT() REPRESENTATION_CONTEXT('2D SPACE',''
  ) );
#1276 = PCURVE('',#1244,#1277);
#1277 = DEFINITIONAL_REPRESENTATION('',(#1278),#1282);
#1278 = LINE('',#1279,#1280);
#1279 = CARTESIAN_POINT('',(6.28318530718,-0.));
#1280 = VECTOR('',#1281,1.);
#1281 = DIRECTION('',(0.,-1.));
#1282 = ( GEOMETRIC_REPRESENTATION_CONTEXT(2) 
PARAMETRIC_REPRESENTATION_CONTEXT() REPRESENTATION_CONTEXT('2D SPACE',''
  ) );
#1283 = ORIENTED_EDGE('',*,*,#1284,.F.);
#1284 = EDGE_CURVE('',#1262,#1262,#1285,.T.);
#1285 = SURFACE_CURVE('',#1286,(#1291,#1298),.PCURVE_S1.);
#1286 = CIRCLE('',#1287,5.);
#1287 = AXIS2_PLACEMENT_3D('',#1288,#1289,#1290);
#1288 = CARTESIAN_POINT('',(0.,0.,-10.5));
#1289 = DIRECTION('',(0.,0.,1.));
#1290 = DIRECTION('',(1.,0.,-0.));
#1291 = PCURVE('',#1244,#1292);
#1292 = DEFINITIONAL_REPRESENTATION('',(#1293),#1297);
#1293 = LINE('',#1294,#1295);
#1294 = CARTESIAN_POINT('',(0.,-0.875));
#1295 = VECTOR('',#1296,1.);
#1296 = DIRECTION('',(1.,-0.));
#1297 = ( GEOMETRIC_REPRESENTATION_CONTEXT(2) 
PARAMETRIC_REPRESENTATION_CONTEXT() REPRESENTATION_CONTEXT('2D SPACE',''
  ) );
#1298 = PCURVE('',#1299,#1304);
#1299 = CONICAL_SURFACE('',#1300,5.,0.851966327173);
#1300 = AXIS2_PLACEMENT_3D('',#1301,#1302,#1303);
#1301 = CARTESIAN_POINT('',(0.,0.,-10.5));
#1302 = DIRECTION('',(-0.,-0.,-1.));
#1303 = DIRECTION('',(1.,0.,0.));
#1304 = DEFINITIONAL_REPRESENTATION('',(#1305),#1309);
#1305 = LINE('',#1306,#1307);
#1306 = CARTESIAN_POINT('',(-0.,0.));
#1307 = VECTOR('',#1308,1.);
#1308 = DIRECTION('',(-1.,0.));
#1309 = ( GEOMETRIC_REPRESENTATION_CONTEXT(2) 
PARAMETRIC_REPRESENTATION_CONTEXT() REPRESENTATION_CONTEXT('2D SPACE',''
  ) );
#1310 = ORIENTED_EDGE('',*,*,#1261,.F.);
#1311 = ADVANCED_FACE('',(#1312),#1299,.T.);
#1312 = FACE_BOUND('',#1313,.F.);
#1313 = EDGE_LOOP('',(#1314,#1315,#1338,#1365));
#1314 = ORIENTED_EDGE('',*,*,#1284,.T.);
#1315 = ORIENTED_EDGE('',*,*,#1316,.T.);
#1316 = EDGE_CURVE('',#1262,#1317,#1319,.T.);
#1317 = VERTEX_POINT('',#1318);
#1318 = CARTESIAN_POINT('',(6.,0.,-11.375));
#1319 = SEAM_CURVE('',#1320,(#1324,#1331),.PCURVE_S1.);
#1320 = LINE('',#1321,#1322);
#1321 = CARTESIAN_POINT('',(5.,0.,-10.5));
#1322 = VECTOR('',#1323,1.);
#1323 = DIRECTION('',(0.752576694707,0.,-0.658504607869));
#1324 = PCURVE('',#1299,#1325);
#1325 = DEFINITIONAL_REPRESENTATION('',(#1326),#1330);
#1326 = LINE('',#1327,#1328);
#1327 = CARTESIAN_POINT('',(-0.,0.));
#1328 = VECTOR('',#1329,1.);
#1329 = DIRECTION('',(-0.,1.));
#1330 = ( GEOMETRIC_REPRESENTATION_CONTEXT(2) 
PARAMETRIC_REPRESENTATION_CONTEXT() REPRESENTATION_CONTEXT('2D SPACE',''
  ) );
#1331 = PCURVE('',#1299,#1332);
#1332 = DEFINITIONAL_REPRESENTATION('',(#1333),#1337);
#1333 = LINE('',#1334,#1335);
#1334 = CARTESIAN_POINT('',(-6.28318530718,0.));
#1335 = VECTOR('',#1336,1.);
#1336 = DIRECTION('',(-0.,1.));
#1337 = ( GEOMETRIC_REPRESENTATION_CONTEXT(2) 
PARAMETRIC_REPRESENTATION_CONTEXT() REPRESENTATION_CONTEXT('2D SPACE',''
  ) );
#1338 = ORIENTED_EDGE('',*,*,#1339,.F.);
#1339 = EDGE_CURVE('',#1317,#1317,#1340,.T.);
#1340 = SURFACE_CURVE('',#1341,(#1346,#1353),.PCURVE_S1.);
#1341 = CIRCLE('',#1342,6.);
#1342 = AXIS2_PLACEMENT_3D('',#1343,#1344,#1345);
#1343 = CARTESIAN_POINT('',(0.,0.,-11.375));
#1344 = DIRECTION('',(0.,0.,1.));
#1345 = DIRECTION('',(1.,0.,-0.));
#1346 = PCURVE('',#1299,#1347);
#1347 = DEFINITIONAL_REPRESENTATION('',(#1348),#1352);
#1348 = LINE('',#1349,#1350);
#1349 = CARTESIAN_POINT('',(-0.,0.875));
#1350 = VECTOR('',#1351,1.);
#1351 = DIRECTION('',(-1.,0.));
#1352 = ( GEOMETRIC_REPRESENTATION_CONTEXT(2) 
PARAMETRIC_REPRESENTATION_CONTEXT() REPRESENTATION_CONTEXT('2D SPACE',''
  ) );
#1353 = PCURVE('',#1354,#1359);
#1354 = CONICAL_SURFACE('',#1355,6.,0.851966327173);
#1355 = AXIS2_PLACEMENT_3D('',#1356,#1357,#1358);
#1356 = CARTESIAN_POINT('',(0.,0.,-11.375));
#1357 = DIRECTION('',(0.,0.,1.));
#1358 = DIRECTION('',(1.,0.,0.));
#1359 = DEFINITIONAL_REPRESENTATION('',(#1360),#1364);
#1360 = LINE('',#1361,#1362);
#1361 = CARTESIAN_POINT('',(0.,-0.));
#1362 = VECTOR('',#1363,1.);
#1363 = DIRECTION('',(1.,-0.));
#1364 = ( GEOMETRIC_REPRESENTATION_CONTEXT(2) 
PARAMETRIC_REPRESENTATION_CONTEXT() REPRESENTATION_CONTEXT('2D SPACE',''
  ) );
#1365 = ORIENTED_EDGE('',*,*,#1316,.F.);
#1366 = ADVANCED_FACE('',(#1367),#1354,.T.);
#1367 = FACE_BOUND('',#1368,.F.);
#1368 = EDGE_LOOP('',(#1369,#1370,#1393,#1420));
#1369 = ORIENTED_EDGE('',*,*,#1339,.T.);
#1370 = ORIENTED_EDGE('',*,*,#1371,.T.);
#1371 = EDGE_CURVE('',#1317,#1372,#1374,.T.);
#1372 = VERTEX_POINT('',#1373);
#1373 = CARTESIAN_POINT('',(5.,0.,-12.25));
#1374 = SEAM_CURVE('',#1375,(#1379,#1386),.PCURVE_S1.);
#1375 = LINE('',#1376,#1377);
#1376 = CARTESIAN_POINT('',(6.,0.,-11.375));
#1377 = VECTOR('',#1378,1.);
#1378 = DIRECTION('',(-0.752576694707,0.,-0.658504607869));
#1379 = PCURVE('',#1354,#1380);
#1380 = DEFINITIONAL_REPRESENTATION('',(#1381),#1385);
#1381 = LINE('',#1382,#1383);
#1382 = CARTESIAN_POINT('',(0.,-0.));
#1383 = VECTOR('',#1384,1.);
#1384 = DIRECTION('',(0.,-1.));
#1385 = ( GEOMETRIC_REPRESENTATION_CONTEXT(2) 
PARAMETRIC_REPRESENTATION_CONTEXT() REPRESENTATION_CONTEXT('2D SPACE',''
  ) );
#1386 = PCURVE('',#1354,#1387);
#1387 = DEFINITIONAL_REPRESENTATION('',(#1388),#1392);
#1388 = LINE('',#1389,#1390);
#1389 = CARTESIAN_POINT('',(6.28318530718,-0.));
#1390 = VECTOR('',#1391,1.);
#1391 = DIRECTION('',(0.,-1.));
#1392 = ( GEOMETRIC_REPRESENTATION_CONTEXT(2) 
PARAMETRIC_REPRESENTATION_CONTEXT() REPRESENTATION_CONTEXT('2D SPACE',''
  ) );
#1393 = ORIENTED_EDGE('',*,*,#1394,.F.);
#1394 = EDGE_CURVE('',#1372,#1372,#1395,.T.);
#1395 = SURFACE_CURVE('',#1396,(#1401,#1408),.PCURVE_S1.);
#1396 = CIRCLE('',#1397,5.);
#1397 = AXIS2_PLACEMENT_3D('',#1398,#1399,#1400);
#1398 = CARTESIAN_POINT('',(0.,0.,-12.25));
#1399 = DIRECTION('',(0.,0.,1.));
#1400 = DIRECTION('',(1.,0.,-0.));
#1401 = PCURVE('',#1354,#1402);
#1402 = DEFINITIONAL_REPRESENTATION('',(#1403),#1407);
#1403 = LINE('',#1404,#1405);
#1404 = CARTESIAN_POINT('',(0.,-0.875));
#1405 = VECTOR('',#1406,1.);
#1406 = DIRECTION('',(1.,-0.));
#1407 = ( GEOMETRIC_REPRESENTATION_CONTEXT(2) 
PARAMETRIC_REPRESENTATION_CONTEXT() REPRESENTATION_CONTEXT('2D SPACE',''
  ) );
#1408 = PCURVE('',#1409,#1414);
#1409 = CONICAL_SURFACE('',#1410,5.,0.851966327173);
#1410 = AXIS2_PLACEMENT_3D('',#1411,#1412,#1413);
#1411 = CARTESIAN_POINT('',(0.,0.,-12.25));
#1412 = DIRECTION('',(-0.,-0.,-1.));
#1413 = DIRECTION('',(1.,0.,0.));
#1414 = DEFINITIONAL_REPRESENTATION('',(#1415),#1419);
#1415 = LINE('',#1416,#1417);
#1416 = CARTESIAN_POINT('',(-0.,0.));
#1417 = VECTOR('',#1418,1.);
#1418 = DIRECTION('',(-1.,0.));
#1419 = ( GEOMETRIC_REPRESENTATION_CONTEXT(2) 
PARAMETRIC_REPRESENTATION_CONTEXT() REPRESENTATION_CONTEXT('2D SPACE',''
  ) );
#1420 = ORIENTED_EDGE('',*,*,#1371,.F.);
#1421 = ADVANCED_FACE('',(#1422),#1409,.T.);
#1422 = FACE_BOUND('',#1423,.F.);
#1423 = EDGE_LOOP('',(#1424,#1425,#1448,#1475));
#1424 = ORIENTED_EDGE('',*,*,#1394,.T.);
#1425 = ORIENTED_EDGE('',*,*,#1426,.T.);
#1426 = EDGE_CURVE('',#1372,#1427,#1429,.T.);
#1427 = VERTEX_POINT('',#1428);
#1428 = CARTESIAN_POINT('',(6.,0.,-13.125));
#1429 = SEAM_CURVE('',#1430,(#1434,#1441),.PCURVE_S1.);
#1430 = LINE('',#1431,#1432);
#1431 = CARTESIAN_POINT('',(5.,0.,-12.25));
#1432 = VECTOR('',#1433,1.);
#1433 = DIRECTION('',(0.752576694707,0.,-0.658504607869));
#1434 = PCURVE('',#1409,#1435);
#1435 = DEFINITIONAL_REPRESENTATION('',(#1436),#1440);
#1436 = LINE('',#1437,#1438);
#1437 = CARTESIAN_POINT('',(-0.,0.));
#1438 = VECTOR('',#1439,1.);
#1439 = DIRECTION('',(-0.,1.));
#1440 = ( GEOMETRIC_REPRESENTATION_CONTEXT(2) 
PARAMETRIC_REPRESENTATION_CONTEXT() REPRESENTATION_CONTEXT('2D SPACE',''
  ) );
#1441 = PCURVE('',#1409,#1442);
#1442 = DEFINITIONAL_REPRESENTATION('',(#1443),#1447);
#1443 = LINE('',#1444,#1445);
#1444 = CARTESIAN_POINT('',(-6.28318530718,0.));
#1445 = VECTOR('',#1446,1.);
#1446 = DIRECTION('',(-0.,1.));
#1447 = ( GEOMETRIC_REPRESENTATION_CONTEXT(2) 
PARAMETRIC_REPRESENTATION_CONTEXT() REPRESENTATION_CONTEXT('2D SPACE',''
  ) );
#1448 = ORIENTED_EDGE('',*,*,#1449,.F.);
#1449 = EDGE_CURVE('',#1427,#1427,#1450,.T.);
#1450 = SURFACE_CURVE('',#1451,(#1456,#1463),.PCURVE_S1.);
#1451 = CIRCLE('',#1452,6.);
#1452 = AXIS2_PLACEMENT_3D('',#1453,#1454,#1455);
#1453 = CARTESIAN_POINT('',(0.,0.,-13.125));
#1454 = DIRECTION('',(0.,0.,1.));
#1455 = DIRECTION('',(1.,0.,-0.));
#1456 = PCURVE('',#1409,#1457);
#1457 = DEFINITIONAL_REPRESENTATION('',(#1458),#1462);
#1458 = LINE('',#1459,#1460);
#1459 = CARTESIAN_POINT('',(-0.,0.875));
#1460 = VECTOR('',#1461,1.);
#1461 = DIRECTION('',(-1.,0.));
#1462 = ( GEOMETRIC_REPRESENTATION_CONTEXT(2) 
PARAMETRIC_REPRESENTATION_CONTEXT() REPRESENTATION_CONTEXT('2D SPACE',''
  ) );
#1463 = PCURVE('',#1464,#1469);
#1464 = CONICAL_SURFACE('',#1465,6.,0.851966327173);
#1465 = AXIS2_PLACEMENT_3D('',#1466,#1467,#1468);
#1466 = CARTESIAN_POINT('',(0.,0.,-13.125));
#1467 = DIRECTION('',(0.,0.,1.));
#1468 = DIRECTION('',(1.,0.,0.));
#1469 = DEFINITIONAL_REPRESENTATION('',(#1470),#1474);
#1470 = LINE('',#1471,#1472);
#1471 = CARTESIAN_POINT('',(0.,-0.));
#1472 = VECTOR('',#1473,1.);
#1473 = DIRECTION('',(1.,-0.));
#1474 = ( GEOMETRIC_REPRESENTATION_CONTEXT(2) 
PARAMETRIC_REPRESENTATION_CONTEXT() REPRESENTATION_CONTEXT('2D SPACE',''
  ) );
#1475 = ORIENTED_EDGE('',*,*,#1426,.F.);
#1476 = ADVANCED_FACE('',(#1477),#1464,.T.);
#1477 = FACE_BOUND('',#1478,.F.);
#1478 = EDGE_LOOP('',(#1479,#1480,#1503,#1530));
#1479 = ORIENTED_EDGE('',*,*,#1449,.T.);
#1480 = ORIENTED_EDGE('',*,*,#1481,.T.);
#1481 = EDGE_CURVE('',#1427,#1482,#1484,.T.);
#1482 = VERTEX_POINT('',#1483);
#1483 = CARTESIAN_POINT('',(5.,0.,-14.));
#1484 = SEAM_CURVE('',#1485,(#1489,#1496),.PCURVE_S1.);
#1485 = LINE('',#1486,#1487);
#1486 = CARTESIAN_POINT('',(6.,0.,-13.125));
#1487 = VECTOR('',#1488,1.);
#1488 = DIRECTION('',(-0.752576694707,0.,-0.658504607869));
#1489 = PCURVE('',#1464,#1490);
#1490 = DEFINITIONAL_REPRESENTATION('',(#1491),#1495);
#1491 = LINE('',#1492,#1493);
#1492 = CARTESIAN_POINT('',(0.,-0.));
#1493 = VECTOR('',#1494,1.);
#1494 = DIRECTION('',(0.,-1.));
#1495 = ( GEOMETRIC_REPRESENTATION_CONTEXT(2) 
PARAMETRIC_REPRESENTATION_CONTEXT() REPRESENTATION_CONTEXT('2D SPACE',''
  ) );
#1496 = PCURVE('',#1464,#1497);
#1497 = DEFINITIONAL_REPRESENTATION('',(#1498),#1502);
#1498 = LINE('',#1499,#1500);
#1499 = CARTESIAN_POINT('',(6.28318530718,-0.));
#1500 = VECTOR('',#1501,1.);
#1501 = DIRECTION('',(0.,-1.));
#1502 = ( GEOMETRIC_REPRESENTATION_CONTEXT(2) 
PARAMETRIC_REPRESENTATION_CONTEXT() REPRESENTATION_CONTEXT('2D SPACE',''
  ) );
#1503 = ORIENTED_EDGE('',*,*,#1504,.F.);
#1504 = EDGE_CURVE('',#1482,#1482,#1505,.T.);
#1505 = SURFACE_CURVE('',#1506,(#1511,#1518),.PCURVE_S1.);
#1506 = CIRCLE('',#1507,5.);
#1507 = AXIS2_PLACEMENT_3D('',#1508,#1509,#1510);
#1508 = CARTESIAN_POINT('',(0.,0.,-14.));
#1509 = DIRECTION('',(0.,0.,1.));
#1510 = DIRECTION('',(1.,0.,-0.));
#1511 = PCURVE('',#1464,#1512);
#1512 = DEFINITIONAL_REPRESENTATION('',(#1513),#1517);
#1513 = LINE('',#1514,#1515);
#1514 = CARTESIAN_POINT('',(0.,-0.875));
#1515 = VECTOR('',#1516,1.);
#1516 = DIRECTION('',(1.,-0.));
#1517 = ( GEOMETRIC_REPRESENTATION_CONTEXT(2) 
PARAMETRIC_REPRESENTATION_CONTEXT() REPRESENTATION_CONTEXT('2D SPACE',''
  ) );
#1518 = PCURVE('',#1519,#1524);
#1519 = CONICAL_SURFACE('',#1520,5.,0.851966327173);
#1520 = AXIS2_PLACEMENT_3D('',#1521,#1522,#1523);
#1521 = CARTESIAN_POINT('',(0.,0.,-14.));
#1522 = DIRECTION('',(-0.,-0.,-1.));
#1523 = DIRECTION('',(1.,0.,0.));
#1524 = DEFINITIONAL_REPRESENTATION('',(#1525),#1529);
#1525 = LINE('',#1526,#1527);
#1526 = CARTESIAN_POINT('',(-0.,0.));
#1527 = VECTOR('',#1528,1.);
#1528 = DIRECTION('',(-1.,0.));
#1529 = ( GEOMETRIC_REPRESENTATION_CONTEXT(2) 
PARAMETRIC_REPRESENTATION_CONTEXT() REPRESENTATION_CONTEXT('2D SPACE',''
  ) );
#1530 = ORIENTED_EDGE('',*,*,#1481,.F.);
#1531 = ADVANCED_FACE('',(#1532),#1519,.T.);
#1532 = FACE_BOUND('',#1533,.F.);
#1533 = EDGE_LOOP('',(#1534,#1535,#1558,#1585));
#1534 = ORIENTED_EDGE('',*,*,#1504,.T.);
#1535 = ORIENTED_EDGE('',*,*,#1536,.T.);
#1536 = EDGE_CURVE('',#1482,#1537,#1539,.T.);
#1537 = VERTEX_POINT('',#1538);
#1538 = CARTESIAN_POINT('',(6.,0.,-14.875));
#1539 = SEAM_CURVE('',#1540,(#1544,#1551),.PCURVE_S1.);
#1540 = LINE('',#1541,#1542);
#1541 = CARTESIAN_POINT('',(5.,0.,-14.));
#1542 = VECTOR('',#1543,1.);
#1543 = DIRECTION('',(0.752576694707,0.,-0.658504607869));
#1544 = PCURVE('',#1519,#1545);
#1545 = DEFINITIONAL_REPRESENTATION('',(#1546),#1550);
#1546 = LINE('',#1547,#1548);
#1547 = CARTESIAN_POINT('',(-0.,0.));
#1548 = VECTOR('',#1549,1.);
#1549 = DIRECTION('',(-0.,1.));
#1550 = ( GEOMETRIC_REPRESENTATION_CONTEXT(2) 
PARAMETRIC_REPRESENTATION_CONTEXT() REPRESENTATION_CONTEXT('2D SPACE',''
  ) );
#1551 = PCURVE('',#1519,#1552);
#1552 = DEFINITIONAL_REPRESENTATION('',(#1553),#1557);
#1553 = LINE('',#1554,#1555);
#1554 = CARTESIAN_POINT('',(-6.28318530718,0.));
#1555 = VECTOR('',#1556,1.);
#1556 = DIRECTION('',(-0.,1.));
#1557 = ( GEOMETRIC_REPRESENTATION_CONTEXT(2) 
PARAMETRIC_REPRESENTATION_CONTEXT() REPRESENTATION_CONTEXT('2D SPACE',''
  ) );
#1558 = ORIENTED_EDGE('',*,*,#1559,.F.);
#1559 = EDGE_CURVE('',#1537,#1537,#1560,.T.);
#1560 = SURFACE_CURVE('',#1561,(#1566,#1573),.PCURVE_S1.);
#1561 = CIRCLE('',#1562,6.);
#1562 = AXIS2_PLACEMENT_3D('',#1563,#1564,#1565);
#1563 = CARTESIAN_POINT('',(0.,0.,-14.875));
#1564 = DIRECTION('',(0.,0.,1.));
#1565 = DIRECTION('',(1.,0.,-0.));
#1566 = PCURVE('',#1519,#1567);
#1567 = DEFINITIONAL_REPRESENTATION('',(#1568),#1572);
#1568 = LINE('',#1569,#1570);
#1569 = CARTESIAN_POINT('',(-0.,0.875));
#1570 = VECTOR('',#1571,1.);
#1571 = DIRECTION('',(-1.,0.));
#1572 = ( GEOMETRIC_REPRESENTATION_CONTEXT(2) 
PARAMETRIC_REPRESENTATION_CONTEXT() REPRESENTATION_CONTEXT('2D SPACE',''
  ) );
#1573 = PCURVE('',#1574,#1579);
#1574 = CONICAL_SURFACE('',#1575,6.,0.851966327173);
#1575 = AXIS2_PLACEMENT_3D('',#1576,#1577,#1578);
#1576 = CARTESIAN_POINT('',(0.,0.,-14.875));
#1577 = DIRECTION('',(0.,0.,1.));
#1578 = DIRECTION('',(1.,0.,0.));
#1579 = DEFINITIONAL_REPRESENTATION('',(#1580),#1584);
#1580 = LINE('',#1581,#1582);
#1581 = CARTESIAN_POINT('',(0.,-0.));
#1582 = VECTOR('',#1583,1.);
#1583 = DIRECTION('',(1.,-0.));
#1584 = ( GEOMETRIC_REPRESENTATION_CONTEXT(2) 
PARAMETRIC_REPRESENTATION_CONTEXT() REPRESENTATION_CONTEXT('2D SPACE',''
  ) );
#1585 = ORIENTED_EDGE('',*,*,#1536,.F.);
#1586 = ADVANCED_FACE('',(#1587),#1574,.T.);
#1587 = FACE_BOUND('',#1588,.F.);
#1588 = EDGE_LOOP('',(#1589,#1590,#1613,#1640));
#1589 = ORIENTED_EDGE('',*,*,#1559,.T.);
#1590 = ORIENTED_EDGE('',*,*,#1591,.T.);
#1591 = EDGE_CURVE('',#1537,#1592,#1594,.T.);
#1592 = VERTEX_POINT('',#1593);
#1593 = CARTESIAN_POINT('',(5.,0.,-15.75));
#1594 = SEAM_CURVE('',#1595,(#1599,#1606),.PCURVE_S1.);
#1595 = LINE('',#1596,#1597);
#1596 = CARTESIAN_POINT('',(6.,0.,-14.875));
#1597 = VECTOR('',#1598,1.);
#1598 = DIRECTION('',(-0.752576694707,0.,-0.658504607869));
#1599 = PCURVE('',#1574,#1600);
#1600 = DEFINITIONAL_REPRESENTATION('',(#1601),#1605);
#1601 = LINE('',#1602,#1603);
#1602 = CARTESIAN_POINT('',(0.,-0.));
#1603 = VECTOR('',#1604,1.);
#1604 = DIRECTION('',(0.,-1.));
#1605 = ( GEOMETRIC_REPRESENTATION_CONTEXT(2) 
PARAMETRIC_REPRESENTATION_CONTEXT() REPRESENTATION_CONTEXT('2D SPACE',''
  ) );
#1606 = PCURVE('',#1574,#1607);
#1607 = DEFINITIONAL_REPRESENTATION('',(#1608),#1612);
#1608 = LINE('',#1609,#1610);
#1609 = CARTESIAN_POINT('',(6.28318530718,-0.));
#1610 = VECTOR('',#1611,1.);
#1611 = DIRECTION('',(0.,-1.));
#1612 = ( GEOMETRIC_REPRESENTATION_CONTEXT(2) 
PARAMETRIC_REPRESENTATION_CONTEXT() REPRESENTATION_CONTEXT('2D SPACE',''
  ) );
#1613 = ORIENTED_EDGE('',*,*,#1614,.F.);
#1614 = EDGE_CURVE('',#1592,#1592,#1615,.T.);
#1615 = SURFACE_CURVE('',#1616,(#1621,#1628),.PCURVE_S1.);
#1616 = CIRCLE('',#1617,5.);
#1617 = AXIS2_PLACEMENT_3D('',#1618,#1619,#1620);
#1618 = CARTESIAN_POINT('',(0.,0.,-15.75));
#1619 = DIRECTION('',(0.,0.,1.));
#1620 = DIRECTION('',(1.,0.,-0.));
#1621 = PCURVE('',#1574,#1622);
#1622 = DEFINITIONAL_REPRESENTATION('',(#1623),#1627);
#1623 = LINE('',#1624,#1625);
#1624 = CARTESIAN_POINT('',(0.,-0.875));
#1625 = VECTOR('',#1626,1.);
#1626 = DIRECTION('',(1.,-0.));
#1627 = ( GEOMETRIC_REPRESENTATION_CONTEXT(2) 
PARAMETRIC_REPRESENTATION_CONTEXT() REPRESENTATION_CONTEXT('2D SPACE',''
  ) );
#1628 = PCURVE('',#1629,#1634);
#1629 = CONICAL_SURFACE('',#1630,5.,0.851966327173);
#1630 = AXIS2_PLACEMENT_3D('',#1631,#1632,#1633);
#1631 = CARTESIAN_POINT('',(0.,0.,-15.75));
#1632 = DIRECTION('',(-0.,-0.,-1.));
#1633 = DIRECTION('',(1.,0.,0.));
#1634 = DEFINITIONAL_REPRESENTATION('',(#1635),#1639);
#1635 = LINE('',#1636,#1637);
#1636 = CARTESIAN_POINT('',(-0.,0.));
#1637 = VECTOR('',#1638,1.);
#1638 = DIRECTION('',(-1.,0.));
#1639 = ( GEOMETRIC_REPRESENTATION_CONTEXT(2) 
PARAMETRIC_REPRESENTATION_CONTEXT() REPRESENTATION_CONTEXT('2D SPACE',''
  ) );
#1640 = ORIENTED_EDGE('',*,*,#1591,.F.);
#1641 = ADVANCED_FACE('',(#1642),#1629,.T.);
#1642 = FACE_BOUND('',#1643,.F.);
#1643 = EDGE_LOOP('',(#1644,#1645,#1668,#1695));
#1644 = ORIENTED_EDGE('',*,*,#1614,.T.);
#1645 = ORIENTED_EDGE('',*,*,#1646,.T.);
#1646 = EDGE_CURVE('',#1592,#1647,#1649,.T.);
#1647 = VERTEX_POINT('',#1648);
#1648 = CARTESIAN_POINT('',(6.,0.,-16.625));
#1649 = SEAM_CURVE('',#1650,(#1654,#1661),.PCURVE_S1.);
#1650 = LINE('',#1651,#1652);
#1651 = CARTESIAN_POINT('',(5.,0.,-15.75));
#1652 = VECTOR('',#1653,1.);
#1653 = DIRECTION('',(0.752576694707,0.,-0.658504607869));
#1654 = PCURVE('',#1629,#1655);
#1655 = DEFINITIONAL_REPRESENTATION('',(#1656),#1660);
#1656 = LINE('',#1657,#1658);
#1657 = CARTESIAN_POINT('',(-0.,0.));
#1658 = VECTOR('',#1659,1.);
#1659 = DIRECTION('',(-0.,1.));
#1660 = ( GEOMETRIC_REPRESENTATION_CONTEXT(2) 
PARAMETRIC_REPRESENTATION_CONTEXT() REPRESENTATION_CONTEXT('2D SPACE',''
  ) );
#1661 = PCURVE('',#1629,#1662);
#1662 = DEFINITIONAL_REPRESENTATION('',(#1663),#1667);
#1663 = LINE('',#1664,#1665);
#1664 = CARTESIAN_POINT('',(-6.28318530718,0.));
#1665 = VECTOR('',#1666,1.);
#1666 = DIRECTION('',(-0.,1.));
#1667 = ( GEOMETRIC_REPRESENTATION_CONTEXT(2) 
PARAMETRIC_REPRESENTATION_CONTEXT() REPRESENTATION_CONTEXT('2D SPACE',''
  ) );
#1668 = ORIENTED_EDGE('',*,*,#1669,.F.);
#1669 = EDGE_CURVE('',#1647,#1647,#1670,.T.);
#1670 = SURFACE_CURVE('',#1671,(#1676,#1683),.PCURVE_S1.);
#1671 = CIRCLE('',#1672,6.);
#1672 = AXIS2_PLACEMENT_3D('',#1673,#1674,#1675);
#1673 = CARTESIAN_POINT('',(0.,0.,-16.625));
#1674 = DIRECTION('',(0.,0.,1.));
#1675 = DIRECTION('',(1.,0.,-0.));
#1676 = PCURVE('',#1629,#1677);
#1677 = DEFINITIONAL_REPRESENTATION('',(#1678),#1682);
#1678 = LINE('',#1679,#1680);
#1679 = CARTESIAN_POINT('',(-0.,0.875));
#1680 = VECTOR('',#1681,1.);
#1681 = DIRECTION('',(-1.,0.));
#1682 = ( GEOMETRIC_REPRESENTATION_CONTEXT(2) 
PARAMETRIC_REPRESENTATION_CONTEXT() REPRESENTATION_CONTEXT('2D SPACE',''
  ) );
#1683 = PCURVE('',#1684,#1689);
#1684 = CONICAL_SURFACE('',#1685,6.,0.851966327173);
#1685 = AXIS2_PLACEMENT_3D('',#1686,#1687,#1688);
#1686 = CARTESIAN_POINT('',(0.,0.,-16.625));
#1687 = DIRECTION('',(0.,0.,1.));
#1688 = DIRECTION('',(1.,0.,0.));
#1689 = DEFINITIONAL_REPRESENTATION('',(#1690),#1694);
#1690 = LINE('',#1691,#1692);
#1691 = CARTESIAN_POINT('',(0.,-0.));
#1692 = VECTOR('',#1693,1.);
#1693 = DIRECTION('',(1.,-0.));
#1694 = ( GEOMETRIC_REPRESENTATION_CONTEXT(2) 
PARAMETRIC_REPRESENTATION_CONTEXT() REPRESENTATION_CONTEXT('2D SPACE',''
  ) );
#1695 = ORIENTED_EDGE('',*,*,#1646,.F.);
#1696 = ADVANCED_FACE('',(#1697),#1684,.T.);
#1697 = FACE_BOUND('',#1698,.F.);
#1698 = EDGE_LOOP('',(#1699,#1700,#1723,#1750));
#1699 = ORIENTED_EDGE('',*,*,#1669,.T.);
#1700 = ORIENTED_EDGE('',*,*,#1701,.T.);
#1701 = EDGE_CURVE('',#1647,#1702,#1704,.T.);
#1702 = VERTEX_POINT('',#1703);
#1703 = CARTESIAN_POINT('',(5.,0.,-17.5));
#1704 = SEAM_CURVE('',#1705,(#1709,#1716),.PCURVE_S1.);
#1705 = LINE('',#1706,#1707);
#1706 = CARTESIAN_POINT('',(6.,0.,-16.625));
#1707 = VECTOR('',#1708,1.);
#1708 = DIRECTION('',(-0.752576694707,0.,-0.658504607869));
#1709 = PCURVE('',#1684,#1710);
#1710 = DEFINITIONAL_REPRESENTATION('',(#1711),#1715);
#1711 = LINE('',#1712,#1713);
#1712 = CARTESIAN_POINT('',(0.,-0.));
#1713 = VECTOR('',#1714,1.);
#1714 = DIRECTION('',(0.,-1.));
#1715 = ( GEOMETRIC_REPRESENTATION_CONTEXT(2) 
PARAMETRIC_REPRESENTATION_CONTEXT() REPRESENTATION_CONTEXT('2D SPACE',''
  ) );
#1716 = PCURVE('',#1684,#1717);
#1717 = DEFINITIONAL_REPRESENTATION('',(#1718),#1722);
#1718 = LINE('',#1719,#1720);
#1719 = CARTESIAN_POINT('',(6.28318530718,-0.));
#1720 = VECTOR('',#1721,1.);
#1721 = DIRECTION('',(0.,-1.));
#1722 = ( GEOMETRIC_REPRESENTATION_CONTEXT(2) 
PARAMETRIC_REPRESENTATION_CONTEXT() REPRESENTATION_CONTEXT('2D SPACE',''
  ) );
#1723 = ORIENTED_EDGE('',*,*,#1724,.F.);
#1724 = EDGE_CURVE('',#1702,#1702,#1725,.T.);
#1725 = SURFACE_CURVE('',#1726,(#1731,#1738),.PCURVE_S1.);
#1726 = CIRCLE('',#1727,5.);
#1727 = AXIS2_PLACEMENT_3D('',#1728,#1729,#1730);
#1728 = CARTESIAN_POINT('',(0.,0.,-17.5));
#1729 = DIRECTION('',(0.,0.,1.));
#1730 = DIRECTION('',(1.,0.,-0.));
#1731 = PCURVE('',#1684,#1732);
#1732 = DEFINITIONAL_REPRESENTATION('',(#1733),#1737);
#1733 = LINE('',#1734,#1735);
#1734 = CARTESIAN_POINT('',(0.,-0.875));
#1735 = VECTOR('',#1736,1.);
#1736 = DIRECTION('',(1.,-0.));
#1737 = ( GEOMETRIC_REPRESENTATION_CONTEXT(2) 
PARAMETRIC_REPRESENTATION_CONTEXT() REPRESENTATION_CONTEXT('2D SPACE',''
  ) );
#1738 = PCURVE('',#1739,#1744);
#1739 = CONICAL_SURFACE('',#1740,5.,0.851966327173);
#1740 = AXIS2_PLACEMENT_3D('',#1741,#1742,#1743);
#1741 = CARTESIAN_POINT('',(0.,0.,-17.5));
#1742 = DIRECTION('',(-0.,-0.,-1.));
#1743 = DIRECTION('',(1.,0.,0.));
#1744 = DEFINITIONAL_REPRESENTATION('',(#1745),#1749);
#1745 = LINE('',#1746,#1747);
#1746 = CARTESIAN_POINT('',(-0.,0.));
#1747 = VECTOR('',#1748,1.);
#1748 = DIRECTION('',(-1.,0.));
#1749 = ( GEOMETRIC_REPRESENTATION_CONTEXT(2) 
PARAMETRIC_REPRESENTATION_CONTEXT() REPRESENTATION_CONTEXT('2D SPACE',''
  ) );
#1750 = ORIENTED_EDGE('',*,*,#1701,.F.);
#1751 = ADVANCED_FACE('',(#1752),#1739,.T.);
#1752 = FACE_BOUND('',#1753,.F.);
#1753 = EDGE_LOOP('',(#1754,#1755,#1778,#1805));
#1754 = ORIENTED_EDGE('',*,*,#1724,.T.);
#1755 = ORIENTED_EDGE('',*,*,#1756,.T.);
#1756 = EDGE_CURVE('',#1702,#1757,#1759,.T.);
#1757 = VERTEX_POINT('',#1758);
#1758 = CARTESIAN_POINT('',(6.,0.,-18.375));
#1759 = SEAM_CURVE('',#1760,(#1764,#1771),.PCURVE_S1.);
#1760 = LINE('',#1761,#1762);
#1761 = CARTESIAN_POINT('',(5.,0.,-17.5));
#1762 = VECTOR('',#1763,1.);
#1763 = DIRECTION('',(0.752576694707,0.,-0.658504607869));
#1764 = PCURVE('',#1739,#1765);
#1765 = DEFINITIONAL_REPRESENTATION('',(#1766),#1770);
#1766 = LINE('',#1767,#1768);
#1767 = CARTESIAN_POINT('',(-0.,0.));
#1768 = VECTOR('',#1769,1.);
#1769 = DIRECTION('',(-0.,1.));
#1770 = ( GEOMETRIC_REPRESENTATION_CONTEXT(2) 
PARAMETRIC_REPRESENTATION_CONTEXT() REPRESENTATION_CONTEXT('2D SPACE',''
  ) );
#1771 = PCURVE('',#1739,#1772);
#1772 = DEFINITIONAL_REPRESENTATION('',(#1773),#1777);
#1773 = LINE('',#1774,#1775);
#1774 = CARTESIAN_POINT('',(-6.28318530718,0.));
#1775 = VECTOR('',#1776,1.);
#1776 = DIRECTION('',(-0.,1.));
#1777 = ( GEOMETRIC_REPRESENTATION_CONTEXT(2) 
PARAMETRIC_REPRESENTATION_CONTEXT() REPRESENTATION_CONTEXT('2D SPACE',''
  ) );
#1778 = ORIENTED_EDGE('',*,*,#1779,.F.);
#1779 = EDGE_CURVE('',#1757,#1757,#1780,.T.);
#1780 = SURFACE_CURVE('',#1781,(#1786,#1793),.PCURVE_S1.);
#1781 = CIRCLE('',#1782,6.);
#1782 = AXIS2_PLACEMENT_3D('',#1783,#1784,#1785);
#1783 = CARTESIAN_POINT('',(0.,0.,-18.375));
#1784 = DIRECTION('',(0.,0.,1.));
#1785 = DIRECTION('',(1.,0.,-0.));
#1786 = PCURVE('',#1739,#1787);
#1787 = DEFINITIONAL_REPRESENTATION('',(#1788),#1792);
#1788 = LINE('',#1789,#1790);
#1789 = CARTESIAN_POINT('',(-0.,0.875));
#1790 = VECTOR('',#1791,1.);
#1791 = DIRECTION('',(-1.,0.));
#1792 = ( GEOMETRIC_REPRESENTATION_CONTEXT(2) 
PARAMETRIC_REPRESENTATION_CONTEXT() REPRESENTATION_CONTEXT('2D SPACE',''
  ) );
#1793 = PCURVE('',#1794,#1799);
#1794 = CONICAL_SURFACE('',#1795,6.,0.851966327173);
#1795 = AXIS2_PLACEMENT_3D('',#1796,#1797,#1798);
#1796 = CARTESIAN_POINT('',(0.,0.,-18.375));
#1797 = DIRECTION('',(0.,0.,1.));
#1798 = DIRECTION('',(1.,0.,0.));
#1799 = DEFINITIONAL_REPRESENTATION('',(#1800),#1804);
#1800 = LINE('',#1801,#1802);
#1801 = CARTESIAN_POINT('',(0.,-0.));
#1802 = VECTOR('',#1803,1.);
#1803 = DIRECTION('',(1.,-0.));
#1804 = ( GEOMETRIC_REPRESENTATION_CONTEXT(2) 
PARAMETRIC_REPRESENTATION_CONTEXT() REPRESENTATION_CONTEXT('2D SPACE',''
  ) );
#1805 = ORIENTED_EDGE('',*,*,#1756,.F.);
#1806 = ADVANCED_FACE('',(#1807),#1794,.T.);
#1807 = FACE_BOUND('',#1808,.F.);
#1808 = EDGE_LOOP('',(#1809,#1810,#1833,#1860));
#1809 = ORIENTED_EDGE('',*,*,#1779,.T.);
#1810 = ORIENTED_EDGE('',*,*,#1811,.T.);
#1811 = EDGE_CURVE('',#1757,#1812,#1814,.T.);
#1812 = VERTEX_POINT('',#1813);
#1813 = CARTESIAN_POINT('',(5.,0.,-19.25));
#1814 = SEAM_CURVE('',#1815,(#1819,#1826),.PCURVE_S1.);
#1815 = LINE('',#1816,#1817);
#1816 = CARTESIAN_POINT('',(6.,0.,-18.375));
#1817 = VECTOR('',#1818,1.);
#1818 = DIRECTION('',(-0.752576694707,0.,-0.658504607869));
#1819 = PCURVE('',#1794,#1820);
#1820 = DEFINITIONAL_REPRESENTATION('',(#1821),#1825);
#1821 = LINE('',#1822,#1823);
#1822 = CARTESIAN_POINT('',(0.,-0.));
#1823 = VECTOR('',#1824,1.);
#1824 = DIRECTION('',(0.,-1.));
#1825 = ( GEOMETRIC_REPRESENTATION_CONTEXT(2) 
PARAMETRIC_REPRESENTATION_CONTEXT() REPRESENTATION_CONTEXT('2D SPACE',''
  ) );
#1826 = PCURVE('',#1794,#1827);
#1827 = DEFINITIONAL_REPRESENTATION('',(#1828),#1832);
#1828 = LINE('',#1829,#1830);
#1829 = CARTESIAN_POINT('',(6.28318530718,-0.));
#1830 = VECTOR('',#1831,1.);
#1831 = DIRECTION('',(0.,-1.));
#1832 = ( GEOMETRIC_REPRESENTATION_CONTEXT(2) 
PARAMETRIC_REPRESENTATION_CONTEXT() REPRESENTATION_CONTEXT('2D SPACE',''
  ) );
#1833 = ORIENTED_EDGE('',*,*,#1834,.F.);
#1834 = EDGE_CURVE('',#1812,#1812,#1835,.T.);
#1835 = SURFACE_CURVE('',#1836,(#1841,#1848),.PCURVE_S1.);
#1836 = CIRCLE('',#1837,5.);
#1837 = AXIS2_PLACEMENT_3D('',#1838,#1839,#1840);
#1838 = CARTESIAN_POINT('',(0.,0.,-19.25));
#1839 = DIRECTION('',(0.,0.,1.));
#1840 = DIRECTION('',(1.,0.,-0.));
#1841 = PCURVE('',#1794,#1842);
#1842 = DEFINITIONAL_REPRESENTATION('',(#1843),#1847);
#1843 = LINE('',#1844,#1845);
#1844 = CARTESIAN_POINT('',(0.,-0.875));
#1845 = VECTOR('',#1846,1.);
#1846 = DIRECTION('',(1.,-0.));
#1847 = ( GEOMETRIC_REPRESENTATION_CONTEXT(2) 
PARAMETRIC_REPRESENTATION_CONTEXT() REPRESENTATION_CONTEXT('2D SPACE',''
  ) );
#1848 = PCURVE('',#1849,#1854);
#1849 = CONICAL_SURFACE('',#1850,5.,0.851966327173);
#1850 = AXIS2_PLACEMENT_3D('',#1851,#1852,#1853);
#1851 = CARTESIAN_POINT('',(0.,0.,-19.25));
#1852 = DIRECTION('',(-0.,-0.,-1.));
#1853 = DIRECTION('',(1.,0.,0.));
#1854 = DEFINITIONAL_REPRESENTATION('',(#1855),#1859);
#1855 = LINE('',#1856,#1857);
#1856 = CARTESIAN_POINT('',(-0.,0.));
#1857 = VECTOR('',#1858,1.);
#1858 = DIRECTION('',(-1.,0.));
#1859 = ( GEOMETRIC_REPRESENTATION_CONTEXT(2) 
PARAMETRIC_REPRESENTATION_CONTEXT() REPRESENTATION_CONTEXT('2D SPACE',''
  ) );
#1860 = ORIENTED_EDGE('',*,*,#1811,.F.);
#1861 = ADVANCED_FACE('',(#1862),#1849,.T.);
#1862 = FACE_BOUND('',#1863,.F.);
#1863 = EDGE_LOOP('',(#1864,#1865,#1888,#1915));
#1864 = ORIENTED_EDGE('',*,*,#1834,.T.);
#1865 = ORIENTED_EDGE('',*,*,#1866,.T.);
#1866 = EDGE_CURVE('',#1812,#1867,#1869,.T.);
#1867 = VERTEX_POINT('',#1868);
#1868 = CARTESIAN_POINT('',(6.,0.,-20.125));
#1869 = SEAM_CURVE('',#1870,(#1874,#1881),.PCURVE_S1.);
#1870 = LINE('',#1871,#1872);
#1871 = CARTESIAN_POINT('',(5.,0.,-19.25));
#1872 = VECTOR('',#1873,1.);
#1873 = DIRECTION('',(0.752576694707,0.,-0.658504607869));
#1874 = PCURVE('',#1849,#1875);
#1875 = DEFINITIONAL_REPRESENTATION('',(#1876),#1880);
#1876 = LINE('',#1877,#1878);
#1877 = CARTESIAN_POINT('',(-0.,0.));
#1878 = VECTOR('',#1879,1.);
#1879 = DIRECTION('',(-0.,1.));
#1880 = ( GEOMETRIC_REPRESENTATION_CONTEXT(2) 
PARAMETRIC_REPRESENTATION_CONTEXT() REPRESENTATION_CONTEXT('2D SPACE',''
  ) );
#1881 = PCURVE('',#1849,#1882);
#1882 = DEFINITIONAL_REPRESENTATION('',(#1883),#1887);
#1883 = LINE('',#1884,#1885);
#1884 = CARTESIAN_POINT('',(-6.28318530718,0.));
#1885 = VECTOR('',#1886,1.);
#1886 = DIRECTION('',(-0.,1.));
#1887 = ( GEOMETRIC_REPRESENTATION_CONTEXT(2) 
PARAMETRIC_REPRESENTATION_CONTEXT() REPRESENTATION_CONTEXT('2D SPACE',''
  ) );
#1888 = ORIENTED_EDGE('',*,*,#1889,.F.);
#1889 = EDGE_CURVE('',#1867,#1867,#1890,.T.);
#1890 = SURFACE_CURVE('',#1891,(#1896,#1903),.PCURVE_S1.);
#1891 = CIRCLE('',#1892,6.);
#1892 = AXIS2_PLACEMENT_3D('',#1893,#1894,#1895);
#1893 = CARTESIAN_POINT('',(0.,0.,-20.125));
#1894 = DIRECTION('',(0.,0.,1.));
#1895 = DIRECTION('',(1.,0.,-0.));
#1896 = PCURVE('',#1849,#1897);
#1897 = DEFINITIONAL_REPRESENTATION('',(#1898),#1902);
#1898 = LINE('',#1899,#1900);
#1899 = CARTESIAN_POINT('',(-0.,0.875));
#1900 = VECTOR('',#1901,1.);
#1901 = DIRECTION('',(-1.,0.));
#1902 = ( GEOMETRIC_REPRESENTATION_CONTEXT(2) 
PARAMETRIC_REPRESENTATION_CONTEXT() REPRESENTATION_CONTEXT('2D SPACE',''
  ) );
#1903 = PCURVE('',#1904,#1909);
#1904 = CONICAL_SURFACE('',#1905,6.,0.851966327173);
#1905 = AXIS2_PLACEMENT_3D('',#1906,#1907,#1908);
#1906 = CARTESIAN_POINT('',(0.,0.,-20.125));
#1907 = DIRECTION('',(0.,0.,1.));
#1908 = DIRECTION('',(1.,0.,0.));
#1909 = DEFINITIONAL_REPRESENTATION('',(#1910),#1914);
#1910 = LINE('',#1911,#1912);
#1911 = CARTESIAN_POINT('',(0.,-0.));
#1912 = VECTOR('',#1913,1.);
#1913 = DIRECTION('',(1.,-0.));
#1914 = ( GEOMETRIC_REPRESENTATION_CONTEXT(2) 
PARAMETRIC_REPRESENTATION_CONTEXT() REPRESENTATION_CONTEXT('2D SPACE',''
  ) );
#1915 = ORIENTED_EDGE('',*,*,#1866,.F.);
#1916 = ADVANCED_FACE('',(#1917),#1904,.T.);
#1917 = FACE_BOUND('',#1918,.F.);
#1918 = EDGE_LOOP('',(#1919,#1920,#1943,#1970));
#1919 = ORIENTED_EDGE('',*,*,#1889,.T.);
#1920 = ORIENTED_EDGE('',*,*,#1921,.T.);
#1921 = EDGE_CURVE('',#1867,#1922,#1924,.T.);
#1922 = VERTEX_POINT('',#1923);
#1923 = CARTESIAN_POINT('',(5.,0.,-21.));
#1924 = SEAM_CURVE('',#1925,(#1929,#1936),.PCURVE_S1.);
#1925 = LINE('',#1926,#1927);
#1926 = CARTESIAN_POINT('',(6.,0.,-20.125));
#1927 = VECTOR('',#1928,1.);
#1928 = DIRECTION('',(-0.752576694707,0.,-0.658504607869));
#1929 = PCURVE('',#1904,#1930);
#1930 = DEFINITIONAL_REPRESENTATION('',(#1931),#1935);
#1931 = LINE('',#1932,#1933);
#1932 = CARTESIAN_POINT('',(0.,-0.));
#1933 = VECTOR('',#1934,1.);
#1934 = DIRECTION('',(0.,-1.));
#1935 = ( GEOMETRIC_REPRESENTATION_CONTEXT(2) 
PARAMETRIC_REPRESENTATION_CONTEXT() REPRESENTATION_CONTEXT('2D SPACE',''
  ) );
#1936 = PCURVE('',#1904,#1937);
#1937 = DEFINITIONAL_REPRESENTATION('',(#1938),#1942);
#1938 = LINE('',#1939,#1940);
#1939 = CARTESIAN_POINT('',(6.28318530718,-0.));
#1940 = VECTOR('',#1941,1.);
#1941 = DIRECTION('',(0.,-1.));
#1942 = ( GEOMETRIC_REPRESENTATION_CONTEXT(2) 
PARAMETRIC_REPRESENTATION_CONTEXT() REPRESENTATION_CONTEXT('2D SPACE',''
  ) );
#1943 = ORIENTED_EDGE('',*,*,#1944,.F.);
#1944 = EDGE_CURVE('',#1922,#1922,#1945,.T.);
#1945 = SURFACE_CURVE('',#1946,(#1951,#1958),.PCURVE_S1.);
#1946 = CIRCLE('',#1947,5.);
#1947 = AXIS2_PLACEMENT_3D('',#1948,#1949,#1950);
#1948 = CARTESIAN_POINT('',(0.,0.,-21.));
#1949 = DIRECTION('',(0.,0.,1.));
#1950 = DIRECTION('',(1.,0.,-0.));
#1951 = PCURVE('',#1904,#1952);
#1952 = DEFINITIONAL_REPRESENTATION('',(#1953),#1957);
#1953 = LINE('',#1954,#1955);
#1954 = CARTESIAN_POINT('',(0.,-0.875));
#1955 = VECTOR('',#1956,1.);
#1956 = DIRECTION('',(1.,-0.));
#1957 = ( GEOMETRIC_REPRESENTATION_CONTEXT(2) 
PARAMETRIC_REPRESENTATION_CONTEXT() REPRESENTATION_CONTEXT('2D SPACE',''
  ) );
#1958 = PCURVE('',#1959,#1964);
#1959 = CONICAL_SURFACE('',#1960,5.,0.851966327173);
#1960 = AXIS2_PLACEMENT_3D('',#1961,#1962,#1963);
#1961 = CARTESIAN_POINT('',(0.,0.,-21.));
#1962 = DIRECTION('',(-0.,-0.,-1.));
#1963 = DIRECTION('',(1.,0.,0.));
#1964 = DEFINITIONAL_REPRESENTATION('',(#1965),#1969);
#1965 = LINE('',#1966,#1967);
#1966 = CARTESIAN_POINT('',(-0.,0.));
#1967 = VECTOR('',#1968,1.);
#1968 = DIRECTION('',(-1.,0.));
#1969 = ( GEOMETRIC_REPRESENTATION_CONTEXT(2) 
PARAMETRIC_REPRESENTATION_CONTEXT() REPRESENTATION_CONTEXT('2D SPACE',''
  ) );
#1970 = ORIENTED_EDGE('',*,*,#1921,.F.);
#1971 = ADVANCED_FACE('',(#1972),#1959,.T.);
#1972 = FACE_BOUND('',#1973,.F.);
#1973 = EDGE_LOOP('',(#1974,#1975,#1998,#2025));
#1974 = ORIENTED_EDGE('',*,*,#1944,.T.);
#1975 = ORIENTED_EDGE('',*,*,#1976,.T.);
#1976 = EDGE_CURVE('',#1922,#1977,#1979,.T.);
#1977 = VERTEX_POINT('',#1978);
#1978 = CARTESIAN_POINT('',(6.,0.,-21.875));
#1979 = SEAM_CURVE('',#1980,(#1984,#1991),.PCURVE_S1.);
#1980 = LINE('',#1981,#1982);
#1981 = CARTESIAN_POINT('',(5.,0.,-21.));
#1982 = VECTOR('',#1983,1.);
#1983 = DIRECTION('',(0.752576694707,0.,-0.658504607869));
#1984 = PCURVE('',#1959,#1985);
#1985 = DEFINITIONAL_REPRESENTATION('',(#1986),#1990);
#1986 = LINE('',#1987,#1988);
#1987 = CARTESIAN_POINT('',(-0.,0.));
#1988 = VECTOR('',#1989,1.);
#1989 = DIRECTION('',(-0.,1.));
#1990 = ( GEOMETRIC_REPRESENTATION_CONTEXT(2) 
PARAMETRIC_REPRESENTATION_CONTEXT() REPRESENTATION_CONTEXT('2D SPACE',''
  ) );
#1991 = PCURVE('',#1959,#1992);
#1992 = DEFINITIONAL_REPRESENTATION('',(#1993),#1997);
#1993 = LINE('',#1994,#1995);
#1994 = CARTESIAN_POINT('',(-6.28318530718,0.));
#1995 = VECTOR('',#1996,1.);
#1996 = DIRECTION('',(-0.,1.));
#1997 = ( GEOMETRIC_REPRESENTATION_CONTEXT(2) 
PARAMETRIC_REPRESENTATION_CONTEXT() REPRESENTATION_CONTEXT('2D SPACE',''
  ) );
#1998 = ORIENTED_EDGE('',*,*,#1999,.F.);
#1999 = EDGE_CURVE('',#1977,#1977,#2000,.T.);
#2000 = SURFACE_CURVE('',#2001,(#2006,#2013),.PCURVE_S1.);
#2001 = CIRCLE('',#2002,6.);
#2002 = AXIS2_PLACEMENT_3D('',#2003,#2004,#2005);
#2003 = CARTESIAN_POINT('',(0.,0.,-21.875));
#2004 = DIRECTION('',(0.,0.,1.));
#2005 = DIRECTION('',(1.,0.,-0.));
#2006 = PCURVE('',#1959,#2007);
#2007 = DEFINITIONAL_REPRESENTATION('',(#2008),#2012);
#2008 = LINE('',#2009,#2010);
#2009 = CARTESIAN_POINT('',(-0.,0.875));
#2010 = VECTOR('',#2011,1.);
#2011 = DIRECTION('',(-1.,0.));
#2012 = ( GEOMETRIC_REPRESENTATION_CONTEXT(2) 
PARAMETRIC_REPRESENTATION_CONTEXT() REPRESENTATION_CONTEXT('2D SPACE',''
  ) );
#2013 = PCURVE('',#2014,#2019);
#2014 = CONICAL_SURFACE('',#2015,6.,0.851966327173);
#2015 = AXIS2_PLACEMENT_3D('',#2016,#2017,#2018);
#2016 = CARTESIAN_POINT('',(0.,0.,-21.875));
#2017 = DIRECTION('',(0.,0.,1.));
#2018 = DIRECTION('',(1.,0.,0.));
#2019 = DEFINITIONAL_REPRESENTATION('',(#2020),#2024);
#2020 = LINE('',#2021,#2022);
#2021 = CARTESIAN_POINT('',(0.,-0.));
#2022 = VECTOR('',#2023,1.);
#2023 = DIRECTION('',(1.,-0.));
#2024 = ( GEOMETRIC_REPRESENTATION_CONTEXT(2) 
PARAMETRIC_REPRESENTATION_CONTEXT() REPRESENTATION_CONTEXT('2D SPACE',''
  ) );
#2025 = ORIENTED_EDGE('',*,*,#1976,.F.);
#2026 = ADVANCED_FACE('',(#2027),#2014,.T.);
#2027 = FACE_BOUND('',#2028,.F.);
#2028 = EDGE_LOOP('',(#2029,#2030,#2053,#2080));
#2029 = ORIENTED_EDGE('',*,*,#1999,.T.);
#2030 = ORIENTED_EDGE('',*,*,#2031,.T.);
#2031 = EDGE_CURVE('',#1977,#2032,#2034,.T.);
#2032 = VERTEX_POINT('',#2033);
#2033 = CARTESIAN_POINT('',(5.,0.,-22.75));
#2034 = SEAM_CURVE('',#2035,(#2039,#2046),.PCURVE_S1.);
#2035 = LINE('',#2036,#2037);
#2036 = CARTESIAN_POINT('',(6.,0.,-21.875));
#2037 = VECTOR('',#2038,1.);
#2038 = DIRECTION('',(-0.752576694707,0.,-0.658504607869));
#2039 = PCURVE('',#2014,#2040);
#2040 = DEFINITIONAL_REPRESENTATION('',(#2041),#2045);
#2041 = LINE('',#2042,#2043);
#2042 = CARTESIAN_POINT('',(0.,-0.));
#2043 = VECTOR('',#2044,1.);
#2044 = DIRECTION('',(0.,-1.));
#2045 = ( GEOMETRIC_REPRESENTATION_CONTEXT(2) 
PARAMETRIC_REPRESENTATION_CONTEXT() REPRESENTATION_CONTEXT('2D SPACE',''
  ) );
#2046 = PCURVE('',#2014,#2047);
#2047 = DEFINITIONAL_REPRESENTATION('',(#2048),#2052);
#2048 = LINE('',#2049,#2050);
#2049 = CARTESIAN_POINT('',(6.28318530718,-0.));
#2050 = VECTOR('',#2051,1.);
#2051 = DIRECTION('',(0.,-1.));
#2052 = ( GEOMETRIC_REPRESENTATION_CONTEXT(2) 
PARAMETRIC_REPRESENTATION_CONTEXT() REPRESENTATION_CONTEXT('2D SPACE',''
  ) );
#2053 = ORIENTED_EDGE('',*,*,#2054,.F.);
#2054 = EDGE_CURVE('',#2032,#2032,#2055,.T.);
#2055 = SURFACE_CURVE('',#2056,(#2061,#2068),.PCURVE_S1.);
#2056 = CIRCLE('',#2057,5.);
#2057 = AXIS2_PLACEMENT_3D('',#2058,#2059,#2060);
#2058 = CARTESIAN_POINT('',(0.,0.,-22.75));
#2059 = DIRECTION('',(0.,0.,1.));
#2060 = DIRECTION('',(1.,0.,-0.));
#2061 = PCURVE('',#2014,#2062);
#2062 = DEFINITIONAL_REPRESENTATION('',(#2063),#2067);
#2063 = LINE('',#2064,#2065);
#2064 = CARTESIAN_POINT('',(0.,-0.875));
#2065 = VECTOR('',#2066,1.);
#2066 = DIRECTION('',(1.,-0.));
#2067 = ( GEOMETRIC_REPRESENTATION_CONTEXT(2) 
PARAMETRIC_REPRESENTATION_CONTEXT() REPRESENTATION_CONTEXT('2D SPACE',''
  ) );
#2068 = PCURVE('',#2069,#2074);
#2069 = CONICAL_SURFACE('',#2070,5.,0.851966327173);
#2070 = AXIS2_PLACEMENT_3D('',#2071,#2072,#2073);
#2071 = CARTESIAN_POINT('',(0.,0.,-22.75));
#2072 = DIRECTION('',(-0.,-0.,-1.));
#2073 = DIRECTION('',(1.,0.,0.));
#2074 = DEFINITIONAL_REPRESENTATION('',(#2075),#2079);
#2075 = LINE('',#2076,#2077);
#2076 = CARTESIAN_POINT('',(-0.,0.));
#2077 = VECTOR('',#2078,1.);
#2078 = DIRECTION('',(-1.,0.));
#2079 = ( GEOMETRIC_REPRESENTATION_CONTEXT(2) 
PARAMETRIC_REPRESENTATION_CONTEXT() REPRESENTATION_CONTEXT('2D SPACE',''
  ) );
#2080 = ORIENTED_EDGE('',*,*,#2031,.F.);
#2081 = ADVANCED_FACE('',(#2082),#2069,.T.);
#2082 = FACE_BOUND('',#2083,.F.);
#2083 = EDGE_LOOP('',(#2084,#2085,#2108,#2135));
#2084 = ORIENTED_EDGE('',*,*,#2054,.T.);
#2085 = ORIENTED_EDGE('',*,*,#2086,.T.);
#2086 = EDGE_CURVE('',#2032,#2087,#2089,.T.);
#2087 = VERTEX_POINT('',#2088);
#2088 = CARTESIAN_POINT('',(6.,0.,-23.625));
#2089 = SEAM_CURVE('',#2090,(#2094,#2101),.PCURVE_S1.);
#2090 = LINE('',#2091,#2092);
#2091 = CARTESIAN_POINT('',(5.,0.,-22.75));
#2092 = VECTOR('',#2093,1.);
#2093 = DIRECTION('',(0.752576694707,0.,-0.658504607869));
#2094 = PCURVE('',#2069,#2095);
#2095 = DEFINITIONAL_REPRESENTATION('',(#2096),#2100);
#2096 = LINE('',#2097,#2098);
#2097 = CARTESIAN_POINT('',(-0.,0.));
#2098 = VECTOR('',#2099,1.);
#2099 = DIRECTION('',(-0.,1.));
#2100 = ( GEOMETRIC_REPRESENTATION_CONTEXT(2) 
PARAMETRIC_REPRESENTATION_CONTEXT() REPRESENTATION_CONTEXT('2D SPACE',''
  ) );
#2101 = PCURVE('',#2069,#2102);
#2102 = DEFINITIONAL_REPRESENTATION('',(#2103),#2107);
#2103 = LINE('',#2104,#2105);
#2104 = CARTESIAN_POINT('',(-6.28318530718,0.));
#2105 = VECTOR('',#2106,1.);
#2106 = DIRECTION('',(-0.,1.));
#2107 = ( GEOMETRIC_REPRESENTATION_CONTEXT(2) 
PARAMETRIC_REPRESENTATION_CONTEXT() REPRESENTATION_CONTEXT('2D SPACE',''
  ) );
#2108 = ORIENTED_EDGE('',*,*,#2109,.F.);
#2109 = EDGE_CURVE('',#2087,#2087,#2110,.T.);
#2110 = SURFACE_CURVE('',#2111,(#2116,#2123),.PCURVE_S1.);
#2111 = CIRCLE('',#2112,6.);
#2112 = AXIS2_PLACEMENT_3D('',#2113,#2114,#2115);
#2113 = CARTESIAN_POINT('',(0.,0.,-23.625));
#2114 = DIRECTION('',(0.,0.,1.));
#2115 = DIRECTION('',(1.,0.,-0.));
#2116 = PCURVE('',#2069,#2117);
#2117 = DEFINITIONAL_REPRESENTATION('',(#2118),#2122);
#2118 = LINE('',#2119,#2120);
#2119 = CARTESIAN_POINT('',(-0.,0.875));
#2120 = VECTOR('',#2121,1.);
#2121 = DIRECTION('',(-1.,0.));
#2122 = ( GEOMETRIC_REPRESENTATION_CONTEXT(2) 
PARAMETRIC_REPRESENTATION_CONTEXT() REPRESENTATION_CONTEXT('2D SPACE',''
  ) );
#2123 = PCURVE('',#2124,#2129);
#2124 = CONICAL_SURFACE('',#2125,6.,0.851966327173);
#2125 = AXIS2_PLACEMENT_3D('',#2126,#2127,#2128);
#2126 = CARTESIAN_POINT('',(0.,0.,-23.625));
#2127 = DIRECTION('',(0.,0.,1.));
#2128 = DIRECTION('',(1.,0.,0.));
#2129 = DEFINITIONAL_REPRESENTATION('',(#2130),#2134);
#2130 = LINE('',#2131,#2132);
#2131 = CARTESIAN_POINT('',(0.,-0.));
#2132 = VECTOR('',#2133,1.);
#2133 = DIRECTION('',(1.,-0.));
#2134 = ( GEOMETRIC_REPRESENTATION_CONTEXT(2) 
PARAMETRIC_REPRESENTATION_CONTEXT() REPRESENTATION_CONTEXT('2D SPACE',''
  ) );
#2135 = ORIENTED_EDGE('',*,*,#2086,.F.);
#2136 = ADVANCED_FACE('',(#2137),#2124,.T.);
#2137 = FACE_BOUND('',#2138,.F.);
#2138 = EDGE_LOOP('',(#2139,#2140,#2163,#2190));
#2139 = ORIENTED_EDGE('',*,*,#2109,.T.);
#2140 = ORIENTED_EDGE('',*,*,#2141,.T.);
#2141 = EDGE_CURVE('',#2087,#2142,#2144,.T.);
#2142 = VERTEX_POINT('',#2143);
#2143 = CARTESIAN_POINT('',(5.,0.,-24.5));
#2144 = SEAM_CURVE('',#2145,(#2149,#2156),.PCURVE_S1.);
#2145 = LINE('',#2146,#2147);
#2146 = CARTESIAN_POINT('',(6.,0.,-23.625));
#2147 = VECTOR('',#2148,1.);
#2148 = DIRECTION('',(-0.752576694707,0.,-0.658504607869));
#2149 = PCURVE('',#2124,#2150);
#2150 = DEFINITIONAL_REPRESENTATION('',(#2151),#2155);
#2151 = LINE('',#2152,#2153);
#2152 = CARTESIAN_POINT('',(0.,-0.));
#2153 = VECTOR('',#2154,1.);
#2154 = DIRECTION('',(0.,-1.));
#2155 = ( GEOMETRIC_REPRESENTATION_CONTEXT(2) 
PARAMETRIC_REPRESENTATION_CONTEXT() REPRESENTATION_CONTEXT('2D SPACE',''
  ) );
#2156 = PCURVE('',#2124,#2157);
#2157 = DEFINITIONAL_REPRESENTATION('',(#2158),#2162);
#2158 = LINE('',#2159,#2160);
#2159 = CARTESIAN_POINT('',(6.28318530718,-0.));
#2160 = VECTOR('',#2161,1.);
#2161 = DIRECTION('',(0.,-1.));
#2162 = ( GEOMETRIC_REPRESENTATION_CONTEXT(2) 
PARAMETRIC_REPRESENTATION_CONTEXT() REPRESENTATION_CONTEXT('2D SPACE',''
  ) );
#2163 = ORIENTED_EDGE('',*,*,#2164,.F.);
#2164 = EDGE_CURVE('',#2142,#2142,#2165,.T.);
#2165 = SURFACE_CURVE('',#2166,(#2171,#2178),.PCURVE_S1.);
#2166 = CIRCLE('',#2167,5.);
#2167 = AXIS2_PLACEMENT_3D('',#2168,#2169,#2170);
#2168 = CARTESIAN_POINT('',(0.,0.,-24.5));
#2169 = DIRECTION('',(0.,0.,1.));
#2170 = DIRECTION('',(1.,0.,-0.));
#2171 = PCURVE('',#2124,#2172);
#2172 = DEFINITIONAL_REPRESENTATION('',(#2173),#2177);
#2173 = LINE('',#2174,#2175);
#2174 = CARTESIAN_POINT('',(0.,-0.875));
#2175 = VECTOR('',#2176,1.);
#2176 = DIRECTION('',(1.,-0.));
#2177 = ( GEOMETRIC_REPRESENTATION_CONTEXT(2) 
PARAMETRIC_REPRESENTATION_CONTEXT() REPRESENTATION_CONTEXT('2D SPACE',''
  ) );
#2178 = PCURVE('',#2179,#2184);
#2179 = CONICAL_SURFACE('',#2180,5.,0.851966327173);
#2180 = AXIS2_PLACEMENT_3D('',#2181,#2182,#2183);
#2181 = CARTESIAN_POINT('',(0.,0.,-24.5));
#2182 = DIRECTION('',(-0.,-0.,-1.));
#2183 = DIRECTION('',(1.,0.,0.));
#2184 = DEFINITIONAL_REPRESENTATION('',(#2185),#2189);
#2185 = LINE('',#2186,#2187);
#2186 = CARTESIAN_POINT('',(-0.,0.));
#2187 = VECTOR('',#2188,1.);
#2188 = DIRECTION('',(-1.,0.));
#2189 = ( GEOMETRIC_REPRESENTATION_CONTEXT(2) 
PARAMETRIC_REPRESENTATION_CONTEXT() REPRESENTATION_CONTEXT('2D SPACE',''
  ) );
#2190 = ORIENTED_EDGE('',*,*,#2141,.F.);
#2191 = ADVANCED_FACE('',(#2192),#2179,.T.);
#2192 = FACE_BOUND('',#2193,.F.);
#2193 = EDGE_LOOP('',(#2194,#2195,#2218,#2245));
#2194 = ORIENTED_EDGE('',*,*,#2164,.T.);
#2195 = ORIENTED_EDGE('',*,*,#2196,.T.);
#2196 = EDGE_CURVE('',#2142,#2197,#2199,.T.);
#2197 = VERTEX_POINT('',#2198);
#2198 = CARTESIAN_POINT('',(6.,0.,-25.375));
#2199 = SEAM_CURVE('',#2200,(#2204,#2211),.PCURVE_S1.);
#2200 = LINE('',#2201,#2202);
#2201 = CARTESIAN_POINT('',(5.,0.,-24.5));
#2202 = VECTOR('',#2203,1.);
#2203 = DIRECTION('',(0.752576694707,0.,-0.658504607869));
#2204 = PCURVE('',#2179,#2205);
#2205 = DEFINITIONAL_REPRESENTATION('',(#2206),#2210);
#2206 = LINE('',#2207,#2208);
#2207 = CARTESIAN_POINT('',(-0.,0.));
#2208 = VECTOR('',#2209,1.);
#2209 = DIRECTION('',(-0.,1.));
#2210 = ( GEOMETRIC_REPRESENTATION_CONTEXT(2) 
PARAMETRIC_REPRESENTATION_CONTEXT() REPRESENTATION_CONTEXT('2D SPACE',''
  ) );
#2211 = PCURVE('',#2179,#2212);
#2212 = DEFINITIONAL_REPRESENTATION('',(#2213),#2217);
#2213 = LINE('',#2214,#2215);
#2214 = CARTESIAN_POINT('',(-6.28318530718,0.));
#2215 = VECTOR('',#2216,1.);
#2216 = DIRECTION('',(-0.,1.));
#2217 = ( GEOMETRIC_REPRESENTATION_CONTEXT(2) 
PARAMETRIC_REPRESENTATION_CONTEXT() REPRESENTATION_CONTEXT('2D SPACE',''
  ) );
#2218 = ORIENTED_EDGE('',*,*,#2219,.F.);
#2219 = EDGE_CURVE('',#2197,#2197,#2220,.T.);
#2220 = SURFACE_CURVE('',#2221,(#2226,#2233),.PCURVE_S1.);
#2221 = CIRCLE('',#2222,6.);
#2222 = AXIS2_PLACEMENT_3D('',#2223,#2224,#2225);
#2223 = CARTESIAN_POINT('',(0.,0.,-25.375));
#2224 = DIRECTION('',(0.,0.,1.));
#2225 = DIRECTION('',(1.,0.,-0.));
#2226 = PCURVE('',#2179,#2227);
#2227 = DEFINITIONAL_REPRESENTATION('',(#2228),#2232);
#2228 = LINE('',#2229,#2230);
#2229 = CARTESIAN_POINT('',(-0.,0.875));
#2230 = VECTOR('',#2231,1.);
#2231 = DIRECTION('',(-1.,0.));
#2232 = ( GEOMETRIC_REPRESENTATION_CONTEXT(2) 
PARAMETRIC_REPRESENTATION_CONTEXT() REPRESENTATION_CONTEXT('2D SPACE',''
  ) );
#2233 = PCURVE('',#2234,#2239);
#2234 = CONICAL_SURFACE('',#2235,6.,0.851966327173);
#2235 = AXIS2_PLACEMENT_3D('',#2236,#2237,#2238);
#2236 = CARTESIAN_POINT('',(0.,0.,-25.375));
#2237 = DIRECTION('',(0.,0.,1.));
#2238 = DIRECTION('',(1.,0.,0.));
#2239 = DEFINITIONAL_REPRESENTATION('',(#2240),#2244);
#2240 = LINE('',#2241,#2242);
#2241 = CARTESIAN_POINT('',(0.,-0.));
#2242 = VECTOR('',#2243,1.);
#2243 = DIRECTION('',(1.,-0.));
#2244 = ( GEOMETRIC_REPRESENTATION_CONTEXT(2) 
PARAMETRIC_REPRESENTATION_CONTEXT() REPRESENTATION_CONTEXT('2D SPACE',''
  ) );
#2245 = ORIENTED_EDGE('',*,*,#2196,.F.);
#2246 = ADVANCED_FACE('',(#2247),#2234,.T.);
#2247 = FACE_BOUND('',#2248,.F.);
#2248 = EDGE_LOOP('',(#2249,#2250,#2273,#2300));
#2249 = ORIENTED_EDGE('',*,*,#2219,.T.);
#2250 = ORIENTED_EDGE('',*,*,#2251,.T.);
#2251 = EDGE_CURVE('',#2197,#2252,#2254,.T.);
#2252 = VERTEX_POINT('',#2253);
#2253 = CARTESIAN_POINT('',(5.,0.,-26.25));
#2254 = SEAM_CURVE('',#2255,(#2259,#2266),.PCURVE_S1.);
#2255 = LINE('',#2256,#2257);
#2256 = CARTESIAN_POINT('',(6.,0.,-25.375));
#2257 = VECTOR('',#2258,1.);
#2258 = DIRECTION('',(-0.752576694707,0.,-0.658504607869));
#2259 = PCURVE('',#2234,#2260);
#2260 = DEFINITIONAL_REPRESENTATION('',(#2261),#2265);
#2261 = LINE('',#2262,#2263);
#2262 = CARTESIAN_POINT('',(0.,-0.));
#2263 = VECTOR('',#2264,1.);
#2264 = DIRECTION('',(0.,-1.));
#2265 = ( GEOMETRIC_REPRESENTATION_CONTEXT(2) 
PARAMETRIC_REPRESENTATION_CONTEXT() REPRESENTATION_CONTEXT('2D SPACE',''
  ) );
#2266 = PCURVE('',#2234,#2267);
#2267 = DEFINITIONAL_REPRESENTATION('',(#2268),#2272);
#2268 = LINE('',#2269,#2270);
#2269 = CARTESIAN_POINT('',(6.28318530718,-0.));
#2270 = VECTOR('',#2271,1.);
#2271 = DIRECTION('',(0.,-1.));
#2272 = ( GEOMETRIC_REPRESENTATION_CONTEXT(2) 
PARAMETRIC_REPRESENTATION_CONTEXT() REPRESENTATION_CONTEXT('2D SPACE',''
  ) );
#2273 = ORIENTED_EDGE('',*,*,#2274,.F.);
#2274 = EDGE_CURVE('',#2252,#2252,#2275,.T.);
#2275 = SURFACE_CURVE('',#2276,(#2281,#2288),.PCURVE_S1.);
#2276 = CIRCLE('',#2277,5.);
#2277 = AXIS2_PLACEMENT_3D('',#2278,#2279,#2280);
#2278 = CARTESIAN_POINT('',(0.,0.,-26.25));
#2279 = DIRECTION('',(0.,0.,1.));
#2280 = DIRECTION('',(1.,0.,-0.));
#2281 = PCURVE('',#2234,#2282);
#2282 = DEFINITIONAL_REPRESENTATION('',(#2283),#2287);
#2283 = LINE('',#2284,#2285);
#2284 = CARTESIAN_POINT('',(0.,-0.875));
#2285 = VECTOR('',#2286,1.);
#2286 = DIRECTION('',(1.,-0.));
#2287 = ( GEOMETRIC_REPRESENTATION_CONTEXT(2) 
PARAMETRIC_REPRESENTATION_CONTEXT() REPRESENTATION_CONTEXT('2D SPACE',''
  ) );
#2288 = PCURVE('',#2289,#2294);
#2289 = CONICAL_SURFACE('',#2290,5.,0.851966327173);
#2290 = AXIS2_PLACEMENT_3D('',#2291,#2292,#2293);
#2291 = CARTESIAN_POINT('',(0.,0.,-26.25));
#2292 = DIRECTION('',(-0.,-0.,-1.));
#2293 = DIRECTION('',(1.,0.,0.));
#2294 = DEFINITIONAL_REPRESENTATION('',(#2295),#2299);
#2295 = LINE('',#2296,#2297);
#2296 = CARTESIAN_POINT('',(-0.,0.));
#2297 = VECTOR('',#2298,1.);
#2298 = DIRECTION('',(-1.,0.));
#2299 = ( GEOMETRIC_REPRESENTATION_CONTEXT(2) 
PARAMETRIC_REPRESENTATION_CONTEXT() REPRESENTATION_CONTEXT('2D SPACE',''
  ) );
#2300 = ORIENTED_EDGE('',*,*,#2251,.F.);
#2301 = ADVANCED_FACE('',(#2302),#2289,.T.);
#2302 = FACE_BOUND('',#2303,.F.);
#2303 = EDGE_LOOP('',(#2304,#2305,#2328,#2355));
#2304 = ORIENTED_EDGE('',*,*,#2274,.T.);
#2305 = ORIENTED_EDGE('',*,*,#2306,.T.);
#2306 = EDGE_CURVE('',#2252,#2307,#2309,.T.);
#2307 = VERTEX_POINT('',#2308);
#2308 = CARTESIAN_POINT('',(6.,0.,-27.125));
#2309 = SEAM_CURVE('',#2310,(#2314,#2321),.PCURVE_S1.);
#2310 = LINE('',#2311,#2312);
#2311 = CARTESIAN_POINT('',(5.,0.,-26.25));
#2312 = VECTOR('',#2313,1.);
#2313 = DIRECTION('',(0.752576694707,0.,-0.658504607869));
#2314 = PCURVE('',#2289,#2315);
#2315 = DEFINITIONAL_REPRESENTATION('',(#2316),#2320);
#2316 = LINE('',#2317,#2318);
#2317 = CARTESIAN_POINT('',(-0.,0.));
#2318 = VECTOR('',#2319,1.);
#2319 = DIRECTION('',(-0.,1.));
#2320 = ( GEOMETRIC_REPRESENTATION_CONTEXT(2) 
PARAMETRIC_REPRESENTATION_CONTEXT() REPRESENTATION_CONTEXT('2D SPACE',''
  ) );
#2321 = PCURVE('',#2289,#2322);
#2322 = DEFINITIONAL_REPRESENTATION('',(#2323),#2327);
#2323 = LINE('',#2324,#2325);
#2324 = CARTESIAN_POINT('',(-6.28318530718,0.));
#2325 = VECTOR('',#2326,1.);
#2326 = DIRECTION('',(-0.,1.));
#2327 = ( GEOMETRIC_REPRESENTATION_CONTEXT(2) 
PARAMETRIC_REPRESENTATION_CONTEXT() REPRESENTATION_CONTEXT('2D SPACE',''
  ) );
#2328 = ORIENTED_EDGE('',*,*,#2329,.F.);
#2329 = EDGE_CURVE('',#2307,#2307,#2330,.T.);
#2330 = SURFACE_CURVE('',#2331,(#2336,#2343),.PCURVE_S1.);
#2331 = CIRCLE('',#2332,6.);
#2332 = AXIS2_PLACEMENT_3D('',#2333,#2334,#2335);
#2333 = CARTESIAN_POINT('',(0.,0.,-27.125));
#2334 = DIRECTION('',(0.,0.,1.));
#2335 = DIRECTION('',(1.,0.,-0.));
#2336 = PCURVE('',#2289,#2337);
#2337 = DEFINITIONAL_REPRESENTATION('',(#2338),#2342);
#2338 = LINE('',#2339,#2340);
#2339 = CARTESIAN_POINT('',(-0.,0.875));
#2340 = VECTOR('',#2341,1.);
#2341 = DIRECTION('',(-1.,0.));
#2342 = ( GEOMETRIC_REPRESENTATION_CONTEXT(2) 
PARAMETRIC_REPRESENTATION_CONTEXT() REPRESENTATION_CONTEXT('2D SPACE',''
  ) );
#2343 = PCURVE('',#2344,#2349);
#2344 = CONICAL_SURFACE('',#2345,6.,0.851966327173);
#2345 = AXIS2_PLACEMENT_3D('',#2346,#2347,#2348);
#2346 = CARTESIAN_POINT('',(0.,0.,-27.125));
#2347 = DIRECTION('',(0.,0.,1.));
#2348 = DIRECTION('',(1.,0.,0.));
#2349 = DEFINITIONAL_REPRESENTATION('',(#2350),#2354);
#2350 = LINE('',#2351,#2352);
#2351 = CARTESIAN_POINT('',(0.,-0.));
#2352 = VECTOR('',#2353,1.);
#2353 = DIRECTION('',(1.,-0.));
#2354 = ( GEOMETRIC_REPRESENTATION_CONTEXT(2) 
PARAMETRIC_REPRESENTATION_CONTEXT() REPRESENTATION_CONTEXT('2D SPACE',''
  ) );
#2355 = ORIENTED_EDGE('',*,*,#2306,.F.);
#2356 = ADVANCED_FACE('',(#2357),#2344,.T.);
#2357 = FACE_BOUND('',#2358,.F.);
#2358 = EDGE_LOOP('',(#2359,#2360,#2383,#2410));
#2359 = ORIENTED_EDGE('',*,*,#2329,.T.);
#2360 = ORIENTED_EDGE('',*,*,#2361,.T.);
#2361 = EDGE_CURVE('',#2307,#2362,#2364,.T.);
#2362 = VERTEX_POINT('',#2363);
#2363 = CARTESIAN_POINT('',(5.,0.,-28.));
#2364 = SEAM_CURVE('',#2365,(#2369,#2376),.PCURVE_S1.);
#2365 = LINE('',#2366,#2367);
#2366 = CARTESIAN_POINT('',(6.,0.,-27.125));
#2367 = VECTOR('',#2368,1.);
#2368 = DIRECTION('',(-0.752576694707,0.,-0.658504607869));
#2369 = PCURVE('',#2344,#2370);
#2370 = DEFINITIONAL_REPRESENTATION('',(#2371),#2375);
#2371 = LINE('',#2372,#2373);
#2372 = CARTESIAN_POINT('',(0.,-0.));
#2373 = VECTOR('',#2374,1.);
#2374 = DIRECTION('',(0.,-1.));
#2375 = ( GEOMETRIC_REPRESENTATION_CONTEXT(2) 
PARAMETRIC_REPRESENTATION_CONTEXT() REPRESENTATION_CONTEXT('2D SPACE',''
  ) );
#2376 = PCURVE('',#2344,#2377);
#2377 = DEFINITIONAL_REPRESENTATION('',(#2378),#2382);
#2378 = LINE('',#2379,#2380);
#2379 = CARTESIAN_POINT('',(6.28318530718,-0.));
#2380 = VECTOR('',#2381,1.);
#2381 = DIRECTION('',(0.,-1.));
#2382 = ( GEOMETRIC_REPRESENTATION_CONTEXT(2) 
PARAMETRIC_REPRESENTATION_CONTEXT() REPRESENTATION_CONTEXT('2D SPACE',''
  ) );
#2383 = ORIENTED_EDGE('',*,*,#2384,.F.);
#2384 = EDGE_CURVE('',#2362,#2362,#2385,.T.);
#2385 = SURFACE_CURVE('',#2386,(#2391,#2398),.PCURVE_S1.);
#2386 = CIRCLE('',#2387,5.);
#2387 = AXIS2_PLACEMENT_3D('',#2388,#2389,#2390);
#2388 = CARTESIAN_POINT('',(0.,0.,-28.));
#2389 = DIRECTION('',(0.,0.,1.));
#2390 = DIRECTION('',(1.,0.,-0.));
#2391 = PCURVE('',#2344,#2392);
#2392 = DEFINITIONAL_REPRESENTATION('',(#2393),#2397);
#2393 = LINE('',#2394,#2395);
#2394 = CARTESIAN_POINT('',(0.,-0.875));
#2395 = VECTOR('',#2396,1.);
#2396 = DIRECTION('',(1.,-0.));
#2397 = ( GEOMETRIC_REPRESENTATION_CONTEXT(2) 
PARAMETRIC_REPRESENTATION_CONTEXT() REPRESENTATION_CONTEXT('2D SPACE',''
  ) );
#2398 = PCURVE('',#2399,#2404);
#2399 = CONICAL_SURFACE('',#2400,5.,0.851966327173);
#2400 = AXIS2_PLACEMENT_3D('',#2401,#2402,#2403);
#2401 = CARTESIAN_POINT('',(0.,0.,-28.));
#2402 = DIRECTION('',(-0.,-0.,-1.));
#2403 = DIRECTION('',(1.,0.,0.));
#2404 = DEFINITIONAL_REPRESENTATION('',(#2405),#2409);
#2405 = LINE('',#2406,#2407);
#2406 = CARTESIAN_POINT('',(-0.,0.));
#2407 = VECTOR('',#2408,1.);
#2408 = DIRECTION('',(-1.,0.));
#2409 = ( GEOMETRIC_REPRESENTATION_CONTEXT(2) 
PARAMETRIC_REPRESENTATION_CONTEXT() REPRESENTATION_CONTEXT('2D SPACE',''
  ) );
#2410 = ORIENTED_EDGE('',*,*,#2361,.F.);
#2411 = ADVANCED_FACE('',(#2412),#2399,.T.);
#2412 = FACE_BOUND('',#2413,.F.);
#2413 = EDGE_LOOP('',(#2414,#2415,#2438,#2465));
#2414 = ORIENTED_EDGE('',*,*,#2384,.T.);
#2415 = ORIENTED_EDGE('',*,*,#2416,.T.);
#2416 = EDGE_CURVE('',#2362,#2417,#2419,.T.);
#2417 = VERTEX_POINT('',#2418);
#2418 = CARTESIAN_POINT('',(6.,0.,-28.875));
#2419 = SEAM_CURVE('',#2420,(#2424,#2431),.PCURVE_S1.);
#2420 = LINE('',#2421,#2422);
#2421 = CARTESIAN_POINT('',(5.,0.,-28.));
#2422 = VECTOR('',#2423,1.);
#2423 = DIRECTION('',(0.752576694707,0.,-0.658504607869));
#2424 = PCURVE('',#2399,#2425);
#2425 = DEFINITIONAL_REPRESENTATION('',(#2426),#2430);
#2426 = LINE('',#2427,#2428);
#2427 = CARTESIAN_POINT('',(-0.,0.));
#2428 = VECTOR('',#2429,1.);
#2429 = DIRECTION('',(-0.,1.));
#2430 = ( GEOMETRIC_REPRESENTATION_CONTEXT(2) 
PARAMETRIC_REPRESENTATION_CONTEXT() REPRESENTATION_CONTEXT('2D SPACE',''
  ) );
#2431 = PCURVE('',#2399,#2432);
#2432 = DEFINITIONAL_REPRESENTATION('',(#2433),#2437);
#2433 = LINE('',#2434,#2435);
#2434 = CARTESIAN_POINT('',(-6.28318530718,0.));
#2435 = VECTOR('',#2436,1.);
#2436 = DIRECTION('',(-0.,1.));
#2437 = ( GEOMETRIC_REPRESENTATION_CONTEXT(2) 
PARAMETRIC_REPRESENTATION_CONTEXT() REPRESENTATION_CONTEXT('2D SPACE',''
  ) );
#2438 = ORIENTED_EDGE('',*,*,#2439,.F.);
#2439 = EDGE_CURVE('',#2417,#2417,#2440,.T.);
#2440 = SURFACE_CURVE('',#2441,(#2446,#2453),.PCURVE_S1.);
#2441 = CIRCLE('',#2442,6.);
#2442 = AXIS2_PLACEMENT_3D('',#2443,#2444,#2445);
#2443 = CARTESIAN_POINT('',(0.,0.,-28.875));
#2444 = DIRECTION('',(0.,0.,1.));
#2445 = DIRECTION('',(1.,0.,-0.));
#2446 = PCURVE('',#2399,#2447);
#2447 = DEFINITIONAL_REPRESENTATION('',(#2448),#2452);
#2448 = LINE('',#2449,#2450);
#2449 = CARTESIAN_POINT('',(-0.,0.875));
#2450 = VECTOR('',#2451,1.);
#2451 = DIRECTION('',(-1.,0.));
#2452 = ( GEOMETRIC_REPRESENTATION_CONTEXT(2) 
PARAMETRIC_REPRESENTATION_CONTEXT() REPRESENTATION_CONTEXT('2D SPACE',''
  ) );
#2453 = PCURVE('',#2454,#2459);
#2454 = CONICAL_SURFACE('',#2455,6.,0.851966327173);
#2455 = AXIS2_PLACEMENT_3D('',#2456,#2457,#2458);
#2456 = CARTESIAN_POINT('',(0.,0.,-28.875));
#2457 = DIRECTION('',(0.,0.,1.));
#2458 = DIRECTION('',(1.,0.,0.));
#2459 = DEFINITIONAL_REPRESENTATION('',(#2460),#2464);
#2460 = LINE('',#2461,#2462);
#2461 = CARTESIAN_POINT('',(0.,-0.));
#2462 = VECTOR('',#2463,1.);
#2463 = DIRECTION('',(1.,-0.));
#2464 = ( GEOMETRIC_REPRESENTATION_CONTEXT(2) 
PARAMETRIC_REPRESENTATION_CONTEXT() REPRESENTATION_CONTEXT('2D SPACE',''
  ) );
#2465 = ORIENTED_EDGE('',*,*,#2416,.F.);
#2466 = ADVANCED_FACE('',(#2467),#2454,.T.);
#2467 = FACE_BOUND('',#2468,.F.);
#2468 = EDGE_LOOP('',(#2469,#2470,#2493,#2520));
#2469 = ORIENTED_EDGE('',*,*,#2439,.T.);
#2470 = ORIENTED_EDGE('',*,*,#2471,.T.);
#2471 = EDGE_CURVE('',#2417,#2472,#2474,.T.);
#2472 = VERTEX_POINT('',#2473);
#2473 = CARTESIAN_POINT('',(5.,0.,-29.75));
#2474 = SEAM_CURVE('',#2475,(#2479,#2486),.PCURVE_S1.);
#2475 = LINE('',#2476,#2477);
#2476 = CARTESIAN_POINT('',(6.,0.,-28.875));
#2477 = VECTOR('',#2478,1.);
#2478 = DIRECTION('',(-0.752576694707,0.,-0.658504607869));
#2479 = PCURVE('',#2454,#2480);
#2480 = DEFINITIONAL_REPRESENTATION('',(#2481),#2485);
#2481 = LINE('',#2482,#2483);
#2482 = CARTESIAN_POINT('',(0.,-0.));
#2483 = VECTOR('',#2484,1.);
#2484 = DIRECTION('',(0.,-1.));
#2485 = ( GEOMETRIC_REPRESENTATION_CONTEXT(2) 
PARAMETRIC_REPRESENTATION_CONTEXT() REPRESENTATION_CONTEXT('2D SPACE',''
  ) );
#2486 = PCURVE('',#2454,#2487);
#2487 = DEFINITIONAL_REPRESENTATION('',(#2488),#2492);
#2488 = LINE('',#2489,#2490);
#2489 = CARTESIAN_POINT('',(6.28318530718,-0.));
#2490 = VECTOR('',#2491,1.);
#2491 = DIRECTION('',(0.,-1.));
#2492 = ( GEOMETRIC_REPRESENTATION_CONTEXT(2) 
PARAMETRIC_REPRESENTATION_CONTEXT() REPRESENTATION_CONTEXT('2D SPACE',''
  ) );
#2493 = ORIENTED_EDGE('',*,*,#2494,.F.);
#2494 = EDGE_CURVE('',#2472,#2472,#2495,.T.);
#2495 = SURFACE_CURVE('',#2496,(#2501,#2508),.PCURVE_S1.);
#2496 = CIRCLE('',#2497,5.);
#2497 = AXIS2_PLACEMENT_3D('',#2498,#2499,#2500);
#2498 = CARTESIAN_POINT('',(0.,0.,-29.75));
#2499 = DIRECTION('',(0.,0.,1.));
#2500 = DIRECTION('',(1.,0.,-0.));
#2501 = PCURVE('',#2454,#2502);
#2502 = DEFINITIONAL_REPRESENTATION('',(#2503),#2507);
#2503 = LINE('',#2504,#2505);
#2504 = CARTESIAN_POINT('',(0.,-0.875));
#2505 = VECTOR('',#2506,1.);
#2506 = DIRECTION('',(1.,-0.));
#2507 = ( GEOMETRIC_REPRESENTATION_CONTEXT(2) 
PARAMETRIC_REPRESENTATION_CONTEXT() REPRESENTATION_CONTEXT('2D SPACE',''
  ) );
#2508 = PCURVE('',#2509,#2514);
#2509 = CONICAL_SURFACE('',#2510,5.,0.851966327173);
#2510 = AXIS2_PLACEMENT_3D('',#2511,#2512,#2513);
#2511 = CARTESIAN_POINT('',(0.,0.,-29.75));
#2512 = DIRECTION('',(-0.,-0.,-1.));
#2513 = DIRECTION('',(1.,0.,0.));
#2514 = DEFINITIONAL_REPRESENTATION('',(#2515),#2519);
#2515 = LINE('',#2516,#2517);
#2516 = CARTESIAN_POINT('',(-0.,0.));
#2517 = VECTOR('',#2518,1.);
#2518 = DIRECTION('',(-1.,0.));
#2519 = ( GEOMETRIC_REPRESENTATION_CONTEXT(2) 
PARAMETRIC_REPRESENTATION_CONTEXT() REPRESENTATION_CONTEXT('2D SPACE',''
  ) );
#2520 = ORIENTED_EDGE('',*,*,#2471,.F.);
#2521 = ADVANCED_FACE('',(#2522),#2509,.T.);
#2522 = FACE_BOUND('',#2523,.F.);
#2523 = EDGE_LOOP('',(#2524,#2525,#2548,#2575));
#2524 = ORIENTED_EDGE('',*,*,#2494,.T.);
#2525 = ORIENTED_EDGE('',*,*,#2526,.T.);
#2526 = EDGE_CURVE('',#2472,#2527,#2529,.T.);
#2527 = VERTEX_POINT('',#2528);
#2528 = CARTESIAN_POINT('',(6.,0.,-30.625));
#2529 = SEAM_CURVE('',#2530,(#2534,#2541),.PCURVE_S1.);
#2530 = LINE('',#2531,#2532);
#2531 = CARTESIAN_POINT('',(5.,0.,-29.75));
#2532 = VECTOR('',#2533,1.);
#2533 = DIRECTION('',(0.752576694707,0.,-0.658504607869));
#2534 = PCURVE('',#2509,#2535);
#2535 = DEFINITIONAL_REPRESENTATION('',(#2536),#2540);
#2536 = LINE('',#2537,#2538);
#2537 = CARTESIAN_POINT('',(-0.,0.));
#2538 = VECTOR('',#2539,1.);
#2539 = DIRECTION('',(-0.,1.));
#2540 = ( GEOMETRIC_REPRESENTATION_CONTEXT(2) 
PARAMETRIC_REPRESENTATION_CONTEXT() REPRESENTATION_CONTEXT('2D SPACE',''
  ) );
#2541 = PCURVE('',#2509,#2542);
#2542 = DEFINITIONAL_REPRESENTATION('',(#2543),#2547);
#2543 = LINE('',#2544,#2545);
#2544 = CARTESIAN_POINT('',(-6.28318530718,0.));
#2545 = VECTOR('',#2546,1.);
#2546 = DIRECTION('',(-0.,1.));
#2547 = ( GEOMETRIC_REPRESENTATION_CONTEXT(2) 
PARAMETRIC_REPRESENTATION_CONTEXT() REPRESENTATION_CONTEXT('2D SPACE',''
  ) );
#2548 = ORIENTED_EDGE('',*,*,#2549,.F.);
#2549 = EDGE_CURVE('',#2527,#2527,#2550,.T.);
#2550 = SURFACE_CURVE('',#2551,(#2556,#2563),.PCURVE_S1.);
#2551 = CIRCLE('',#2552,6.);
#2552 = AXIS2_PLACEMENT_3D('',#2553,#2554,#2555);
#2553 = CARTESIAN_POINT('',(0.,0.,-30.625));
#2554 = DIRECTION('',(0.,0.,1.));
#2555 = DIRECTION('',(1.,0.,-0.));
#2556 = PCURVE('',#2509,#2557);
#2557 = DEFINITIONAL_REPRESENTATION('',(#2558),#2562);
#2558 = LINE('',#2559,#2560);
#2559 = CARTESIAN_POINT('',(-0.,0.875));
#2560 = VECTOR('',#2561,1.);
#2561 = DIRECTION('',(-1.,0.));
#2562 = ( GEOMETRIC_REPRESENTATION_CONTEXT(2) 
PARAMETRIC_REPRESENTATION_CONTEXT() REPRESENTATION_CONTEXT('2D SPACE',''
  ) );
#2563 = PCURVE('',#2564,#2569);
#2564 = CONICAL_SURFACE('',#2565,6.,0.851966327173);
#2565 = AXIS2_PLACEMENT_3D('',#2566,#2567,#2568);
#2566 = CARTESIAN_POINT('',(0.,0.,-30.625));
#2567 = DIRECTION('',(0.,0.,1.));
#2568 = DIRECTION('',(1.,0.,0.));
#2569 = DEFINITIONAL_REPRESENTATION('',(#2570),#2574);
#2570 = LINE('',#2571,#2572);
#2571 = CARTESIAN_POINT('',(0.,-0.));
#2572 = VECTOR('',#2573,1.);
#2573 = DIRECTION('',(1.,-0.));
#2574 = ( GEOMETRIC_REPRESENTATION_CONTEXT(2) 
PARAMETRIC_REPRESENTATION_CONTEXT() REPRESENTATION_CONTEXT('2D SPACE',''
  ) );
#2575 = ORIENTED_EDGE('',*,*,#2526,.F.);
#2576 = ADVANCED_FACE('',(#2577),#2564,.T.);
#2577 = FACE_BOUND('',#2578,.F.);
#2578 = EDGE_LOOP('',(#2579,#2580,#2603,#2630));
#2579 = ORIENTED_EDGE('',*,*,#2549,.T.);
#2580 = ORIENTED_EDGE('',*,*,#2581,.T.);
#2581 = EDGE_CURVE('',#2527,#2582,#2584,.T.);
#2582 = VERTEX_POINT('',#2583);
#2583 = CARTESIAN_POINT('',(5.,0.,-31.5));
#2584 = SEAM_CURVE('',#2585,(#2589,#2596),.PCURVE_S1.);
#2585 = LINE('',#2586,#2587);
#2586 = CARTESIAN_POINT('',(6.,0.,-30.625));
#2587 = VECTOR('',#2588,1.);
#2588 = DIRECTION('',(-0.752576694707,0.,-0.658504607869));
#2589 = PCURVE('',#2564,#2590);
#2590 = DEFINITIONAL_REPRESENTATION('',(#2591),#2595);
#2591 = LINE('',#2592,#2593);
#2592 = CARTESIAN_POINT('',(0.,-0.));
#2593 = VECTOR('',#2594,1.);
#2594 = DIRECTION('',(0.,-1.));
#2595 = ( GEOMETRIC_REPRESENTATION_CONTEXT(2) 
PARAMETRIC_REPRESENTATION_CONTEXT() REPRESENTATION_CONTEXT('2D SPACE',''
  ) );
#2596 = PCURVE('',#2564,#2597);
#2597 = DEFINITIONAL_REPRESENTATION('',(#2598),#2602);
#2598 = LINE('',#2599,#2600);
#2599 = CARTESIAN_POINT('',(6.28318530718,-0.));
#2600 = VECTOR('',#2601,1.);
#2601 = DIRECTION('',(0.,-1.));
#2602 = ( GEOMETRIC_REPRESENTATION_CONTEXT(2) 
PARAMETRIC_REPRESENTATION_CONTEXT() REPRESENTATION_CONTEXT('2D SPACE',''
  ) );
#2603 = ORIENTED_EDGE('',*,*,#2604,.F.);
#2604 = EDGE_CURVE('',#2582,#2582,#2605,.T.);
#2605 = SURFACE_CURVE('',#2606,(#2611,#2618),.PCURVE_S1.);
#2606 = CIRCLE('',#2607,5.);
#2607 = AXIS2_PLACEMENT_3D('',#2608,#2609,#2610);
#2608 = CARTESIAN_POINT('',(0.,0.,-31.5));
#2609 = DIRECTION('',(0.,0.,1.));
#2610 = DIRECTION('',(1.,0.,-0.));
#2611 = PCURVE('',#2564,#2612);
#2612 = DEFINITIONAL_REPRESENTATION('',(#2613),#2617);
#2613 = LINE('',#2614,#2615);
#2614 = CARTESIAN_POINT('',(0.,-0.875));
#2615 = VECTOR('',#2616,1.);
#2616 = DIRECTION('',(1.,-0.));
#2617 = ( GEOMETRIC_REPRESENTATION_CONTEXT(2) 
PARAMETRIC_REPRESENTATION_CONTEXT() REPRESENTATION_CONTEXT('2D SPACE',''
  ) );
#2618 = PCURVE('',#2619,#2624);
#2619 = CONICAL_SURFACE('',#2620,5.,0.851966327173);
#2620 = AXIS2_PLACEMENT_3D('',#2621,#2622,#2623);
#2621 = CARTESIAN_POINT('',(0.,0.,-31.5));
#2622 = DIRECTION('',(-0.,-0.,-1.));
#2623 = DIRECTION('',(1.,0.,0.));
#2624 = DEFINITIONAL_REPRESENTATION('',(#2625),#2629);
#2625 = LINE('',#2626,#2627);
#2626 = CARTESIAN_POINT('',(-0.,0.));
#2627 = VECTOR('',#2628,1.);
#2628 = DIRECTION('',(-1.,0.));
#2629 = ( GEOMETRIC_REPRESENTATION_CONTEXT(2) 
PARAMETRIC_REPRESENTATION_CONTEXT() REPRESENTATION_CONTEXT('2D SPACE',''
  ) );
#2630 = ORIENTED_EDGE('',*,*,#2581,.F.);
#2631 = ADVANCED_FACE('',(#2632),#2619,.T.);
#2632 = FACE_BOUND('',#2633,.F.);
#2633 = EDGE_LOOP('',(#2634,#2635,#2658,#2685));
#2634 = ORIENTED_EDGE('',*,*,#2604,.T.);
#2635 = ORIENTED_EDGE('',*,*,#2636,.T.);
#2636 = EDGE_CURVE('',#2582,#2637,#2639,.T.);
#2637 = VERTEX_POINT('',#2638);
#2638 = CARTESIAN_POINT('',(6.,0.,-32.375));
#2639 = SEAM_CURVE('',#2640,(#2644,#2651),.PCURVE_S1.);
#2640 = LINE('',#2641,#2642);
#2641 = CARTESIAN_POINT('',(5.,0.,-31.5));
#2642 = VECTOR('',#2643,1.);
#2643 = DIRECTION('',(0.752576694707,0.,-0.658504607869));
#2644 = PCURVE('',#2619,#2645);
#2645 = DEFINITIONAL_REPRESENTATION('',(#2646),#2650);
#2646 = LINE('',#2647,#2648);
#2647 = CARTESIAN_POINT('',(-0.,0.));
#2648 = VECTOR('',#2649,1.);
#2649 = DIRECTION('',(-0.,1.));
#2650 = ( GEOMETRIC_REPRESENTATION_CONTEXT(2) 
PARAMETRIC_REPRESENTATION_CONTEXT() REPRESENTATION_CONTEXT('2D SPACE',''
  ) );
#2651 = PCURVE('',#2619,#2652);
#2652 = DEFINITIONAL_REPRESENTATION('',(#2653),#2657);
#2653 = LINE('',#2654,#2655);
#2654 = CARTESIAN_POINT('',(-6.28318530718,0.));
#2655 = VECTOR('',#2656,1.);
#2656 = DIRECTION('',(-0.,1.));
#2657 = ( GEOMETRIC_REPRESENTATION_CONTEXT(2) 
PARAMETRIC_REPRESENTATION_CONTEXT() REPRESENTATION_CONTEXT('2D SPACE',''
  ) );
#2658 = ORIENTED_EDGE('',*,*,#2659,.F.);
#2659 = EDGE_CURVE('',#2637,#2637,#2660,.T.);
#2660 = SURFACE_CURVE('',#2661,(#2666,#2673),.PCURVE_S1.);
#2661 = CIRCLE('',#2662,6.);
#2662 = AXIS2_PLACEMENT_3D('',#2663,#2664,#2665);
#2663 = CARTESIAN_POINT('',(0.,0.,-32.375));
#2664 = DIRECTION('',(0.,0.,1.));
#2665 = DIRECTION('',(1.,0.,-0.));
#2666 = PCURVE('',#2619,#2667);
#2667 = DEFINITIONAL_REPRESENTATION('',(#2668),#2672);
#2668 = LINE('',#2669,#2670);
#2669 = CARTESIAN_POINT('',(-0.,0.875));
#2670 = VECTOR('',#2671,1.);
#2671 = DIRECTION('',(-1.,0.));
#2672 = ( GEOMETRIC_REPRESENTATION_CONTEXT(2) 
PARAMETRIC_REPRESENTATION_CONTEXT() REPRESENTATION_CONTEXT('2D SPACE',''
  ) );
#2673 = PCURVE('',#2674,#2679);
#2674 = CONICAL_SURFACE('',#2675,6.,0.851966327173);
#2675 = AXIS2_PLACEMENT_3D('',#2676,#2677,#2678);
#2676 = CARTESIAN_POINT('',(0.,0.,-32.375));
#2677 = DIRECTION('',(0.,0.,1.));
#2678 = DIRECTION('',(1.,0.,0.));
#2679 = DEFINITIONAL_REPRESENTATION('',(#2680),#2684);
#2680 = LINE('',#2681,#2682);
#2681 = CARTESIAN_POINT('',(0.,-0.));
#2682 = VECTOR('',#2683,1.);
#2683 = DIRECTION('',(1.,-0.));
#2684 = ( GEOMETRIC_REPRESENTATION_CONTEXT(2) 
PARAMETRIC_REPRESENTATION_CONTEXT() REPRESENTATION_CONTEXT('2D SPACE',''
  ) );
#2685 = ORIENTED_EDGE('',*,*,#2636,.F.);
#2686 = ADVANCED_FACE('',(#2687),#2674,.T.);
#2687 = FACE_BOUND('',#2688,.F.);
#2688 = EDGE_LOOP('',(#2689,#2690,#2713,#2740));
#2689 = ORIENTED_EDGE('',*,*,#2659,.T.);
#2690 = ORIENTED_EDGE('',*,*,#2691,.T.);
#2691 = EDGE_CURVE('',#2637,#2692,#2694,.T.);
#2692 = VERTEX_POINT('',#2693);
#2693 = CARTESIAN_POINT('',(5.,0.,-33.25));
#2694 = SEAM_CURVE('',#2695,(#2699,#2706),.PCURVE_S1.);
#2695 = LINE('',#2696,#2697);
#2696 = CARTESIAN_POINT('',(6.,0.,-32.375));
#2697 = VECTOR('',#2698,1.);
#2698 = DIRECTION('',(-0.752576694707,0.,-0.658504607869));
#2699 = PCURVE('',#2674,#2700);
#2700 = DEFINITIONAL_REPRESENTATION('',(#2701),#2705);
#2701 = LINE('',#2702,#2703);
#2702 = CARTESIAN_POINT('',(0.,-0.));
#2703 = VECTOR('',#2704,1.);
#2704 = DIRECTION('',(0.,-1.));
#2705 = ( GEOMETRIC_REPRESENTATION_CONTEXT(2) 
PARAMETRIC_REPRESENTATION_CONTEXT() REPRESENTATION_CONTEXT('2D SPACE',''
  ) );
#2706 = PCURVE('',#2674,#2707);
#2707 = DEFINITIONAL_REPRESENTATION('',(#2708),#2712);
#2708 = LINE('',#2709,#2710);
#2709 = CARTESIAN_POINT('',(6.28318530718,-0.));
#2710 = VECTOR('',#2711,1.);
#2711 = DIRECTION('',(0.,-1.));
#2712 = ( GEOMETRIC_REPRESENTATION_CONTEXT(2) 
PARAMETRIC_REPRESENTATION_CONTEXT() REPRESENTATION_CONTEXT('2D SPACE',''
  ) );
#2713 = ORIENTED_EDGE('',*,*,#2714,.F.);
#2714 = EDGE_CURVE('',#2692,#2692,#2715,.T.);
#2715 = SURFACE_CURVE('',#2716,(#2721,#2728),.PCURVE_S1.);
#2716 = CIRCLE('',#2717,5.);
#2717 = AXIS2_PLACEMENT_3D('',#2718,#2719,#2720);
#2718 = CARTESIAN_POINT('',(0.,0.,-33.25));
#2719 = DIRECTION('',(0.,0.,1.));
#2720 = DIRECTION('',(1.,0.,-0.));
#2721 = PCURVE('',#2674,#2722);
#2722 = DEFINITIONAL_REPRESENTATION('',(#2723),#2727);
#2723 = LINE('',#2724,#2725);
#2724 = CARTESIAN_POINT('',(0.,-0.875));
#2725 = VECTOR('',#2726,1.);
#2726 = DIRECTION('',(1.,-0.));
#2727 = ( GEOMETRIC_REPRESENTATION_CONTEXT(2) 
PARAMETRIC_REPRESENTATION_CONTEXT() REPRESENTATION_CONTEXT('2D SPACE',''
  ) );
#2728 = PCURVE('',#2729,#2734);
#2729 = CONICAL_SURFACE('',#2730,5.,0.851966327173);
#2730 = AXIS2_PLACEMENT_3D('',#2731,#2732,#2733);
#2731 = CARTESIAN_POINT('',(0.,0.,-33.25));
#2732 = DIRECTION('',(-0.,-0.,-1.));
#2733 = DIRECTION('',(1.,0.,0.));
#2734 = DEFINITIONAL_REPRESENTATION('',(#2735),#2739);
#2735 = LINE('',#2736,#2737);
#2736 = CARTESIAN_POINT('',(-0.,0.));
#2737 = VECTOR('',#2738,1.);
#2738 = DIRECTION('',(-1.,0.));
#2739 = ( GEOMETRIC_REPRESENTATION_CONTEXT(2) 
PARAMETRIC_REPRESENTATION_CONTEXT() REPRESENTATION_CONTEXT('2D SPACE',''
  ) );
#2740 = ORIENTED_EDGE('',*,*,#2691,.F.);
#2741 = ADVANCED_FACE('',(#2742),#2729,.T.);
#2742 = FACE_BOUND('',#2743,.F.);
#2743 = EDGE_LOOP('',(#2744,#2745,#2768,#2795));
#2744 = ORIENTED_EDGE('',*,*,#2714,.T.);
#2745 = ORIENTED_EDGE('',*,*,#2746,.T.);
#2746 = EDGE_CURVE('',#2692,#2747,#2749,.T.);
#2747 = VERTEX_POINT('',#2748);
#2748 = CARTESIAN_POINT('',(6.,0.,-34.125));
#2749 = SEAM_CURVE('',#2750,(#2754,#2761),.PCURVE_S1.);
#2750 = LINE('',#2751,#2752);
#2751 = CARTESIAN_POINT('',(5.,0.,-33.25));
#2752 = VECTOR('',#2753,1.);
#2753 = DIRECTION('',(0.752576694707,0.,-0.658504607869));
#2754 = PCURVE('',#2729,#2755);
#2755 = DEFINITIONAL_REPRESENTATION('',(#2756),#2760);
#2756 = LINE('',#2757,#2758);
#2757 = CARTESIAN_POINT('',(-0.,0.));
#2758 = VECTOR('',#2759,1.);
#2759 = DIRECTION('',(-0.,1.));
#2760 = ( GEOMETRIC_REPRESENTATION_CONTEXT(2) 
PARAMETRIC_REPRESENTATION_CONTEXT() REPRESENTATION_CONTEXT('2D SPACE',''
  ) );
#2761 = PCURVE('',#2729,#2762);
#2762 = DEFINITIONAL_REPRESENTATION('',(#2763),#2767);
#2763 = LINE('',#2764,#2765);
#2764 = CARTESIAN_POINT('',(-6.28318530718,0.));
#2765 = VECTOR('',#2766,1.);
#2766 = DIRECTION('',(-0.,1.));
#2767 = ( GEOMETRIC_REPRESENTATION_CONTEXT(2) 
PARAMETRIC_REPRESENTATION_CONTEXT() REPRESENTATION_CONTEXT('2D SPACE',''
  ) );
#2768 = ORIENTED_EDGE('',*,*,#2769,.F.);
#2769 = EDGE_CURVE('',#2747,#2747,#2770,.T.);
#2770 = SURFACE_CURVE('',#2771,(#2776,#2783),.PCURVE_S1.);
#2771 = CIRCLE('',#2772,6.);
#2772 = AXIS2_PLACEMENT_3D('',#2773,#2774,#2775);
#2773 = CARTESIAN_POINT('',(0.,0.,-34.125));
#2774 = DIRECTION('',(0.,0.,1.));
#2775 = DIRECTION('',(1.,0.,-0.));
#2776 = PCURVE('',#2729,#2777);
#2777 = DEFINITIONAL_REPRESENTATION('',(#2778),#2782);
#2778 = LINE('',#2779,#2780);
#2779 = CARTESIAN_POINT('',(-0.,0.875));
#2780 = VECTOR('',#2781,1.);
#2781 = DIRECTION('',(-1.,0.));
#2782 = ( GEOMETRIC_REPRESENTATION_CONTEXT(2) 
PARAMETRIC_REPRESENTATION_CONTEXT() REPRESENTATION_CONTEXT('2D SPACE',''
  ) );
#2783 = PCURVE('',#2784,#2789);
#2784 = CONICAL_SURFACE('',#2785,6.,0.851966327173);
#2785 = AXIS2_PLACEMENT_3D('',#2786,#2787,#2788);
#2786 = CARTESIAN_POINT('',(0.,0.,-34.125));
#2787 = DIRECTION('',(0.,0.,1.));
#2788 = DIRECTION('',(1.,0.,0.));
#2789 = DEFINITIONAL_REPRESENTATION('',(#2790),#2794);
#2790 = LINE('',#2791,#2792);
#2791 = CARTESIAN_POINT('',(0.,-0.));
#2792 = VECTOR('',#2793,1.);
#2793 = DIRECTION('',(1.,-0.));
#2794 = ( GEOMETRIC_REPRESENTATION_CONTEXT(2) 
PARAMETRIC_REPRESENTATION_CONTEXT() REPRESENTATION_CONTEXT('2D SPACE',''
  ) );
#2795 = ORIENTED_EDGE('',*,*,#2746,.F.);
#2796 = ADVANCED_FACE('',(#2797),#2784,.T.);
#2797 = FACE_BOUND('',#2798,.F.);
#2798 = EDGE_LOOP('',(#2799,#2800,#2823,#2850));
#2799 = ORIENTED_EDGE('',*,*,#2769,.T.);
#2800 = ORIENTED_EDGE('',*,*,#2801,.T.);
#2801 = EDGE_CURVE('',#2747,#2802,#2804,.T.);
#2802 = VERTEX_POINT('',#2803);
#2803 = CARTESIAN_POINT('',(5.,0.,-35.));
#2804 = SEAM_CURVE('',#2805,(#2809,#2816),.PCURVE_S1.);
#2805 = LINE('',#2806,#2807);
#2806 = CARTESIAN_POINT('',(6.,0.,-34.125));
#2807 = VECTOR('',#2808,1.);
#2808 = DIRECTION('',(-0.752576694707,0.,-0.658504607869));
#2809 = PCURVE('',#2784,#2810);
#2810 = DEFINITIONAL_REPRESENTATION('',(#2811),#2815);
#2811 = LINE('',#2812,#2813);
#2812 = CARTESIAN_POINT('',(0.,-0.));
#2813 = VECTOR('',#2814,1.);
#2814 = DIRECTION('',(0.,-1.));
#2815 = ( GEOMETRIC_REPRESENTATION_CONTEXT(2) 
PARAMETRIC_REPRESENTATION_CONTEXT() REPRESENTATION_CONTEXT('2D SPACE',''
  ) );
#2816 = PCURVE('',#2784,#2817);
#2817 = DEFINITIONAL_REPRESENTATION('',(#2818),#2822);
#2818 = LINE('',#2819,#2820);
#2819 = CARTESIAN_POINT('',(6.28318530718,-0.));
#2820 = VECTOR('',#2821,1.);
#2821 = DIRECTION('',(0.,-1.));
#2822 = ( GEOMETRIC_REPRESENTATION_CONTEXT(2) 
PARAMETRIC_REPRESENTATION_CONTEXT() REPRESENTATION_CONTEXT('2D SPACE',''
  ) );
#2823 = ORIENTED_EDGE('',*,*,#2824,.F.);
#2824 = EDGE_CURVE('',#2802,#2802,#2825,.T.);
#2825 = SURFACE_CURVE('',#2826,(#2831,#2838),.PCURVE_S1.);
#2826 = CIRCLE('',#2827,5.);
#2827 = AXIS2_PLACEMENT_3D('',#2828,#2829,#2830);
#2828 = CARTESIAN_POINT('',(0.,0.,-35.));
#2829 = DIRECTION('',(0.,0.,1.));
#2830 = DIRECTION('',(1.,0.,-0.));
#2831 = PCURVE('',#2784,#2832);
#2832 = DEFINITIONAL_REPRESENTATION('',(#2833),#2837);
#2833 = LINE('',#2834,#2835);
#2834 = CARTESIAN_POINT('',(0.,-0.875));
#2835 = VECTOR('',#2836,1.);
#2836 = DIRECTION('',(1.,-0.));
#2837 = ( GEOMETRIC_REPRESENTATION_CONTEXT(2) 
PARAMETRIC_REPRESENTATION_CONTEXT() REPRESENTATION_CONTEXT('2D SPACE',''
  ) );
#2838 = PCURVE('',#2839,#2844);
#2839 = PLANE('',#2840);
#2840 = AXIS2_PLACEMENT_3D('',#2841,#2842,#2843);
#2841 = CARTESIAN_POINT('',(0.,0.,-35.));
#2842 = DIRECTION('',(0.,0.,1.));
#2843 = DIRECTION('',(1.,0.,-0.));
#2844 = DEFINITIONAL_REPRESENTATION('',(#2845),#2849);
#2845 = CIRCLE('',#2846,5.);
#2846 = AXIS2_PLACEMENT_2D('',#2847,#2848);
#2847 = CARTESIAN_POINT('',(0.,0.));
#2848 = DIRECTION('',(1.,0.));
#2849 = ( GEOMETRIC_REPRESENTATION_CONTEXT(2) 
PARAMETRIC_REPRESENTATION_CONTEXT() REPRESENTATION_CONTEXT('2D SPACE',''
  ) );
#2850 = ORIENTED_EDGE('',*,*,#2801,.F.);
#2851 = ADVANCED_FACE('',(#2852),#2839,.F.);
#2852 = FACE_BOUND('',#2853,.F.);
#2853 = EDGE_LOOP('',(#2854));
#2854 = ORIENTED_EDGE('',*,*,#2824,.T.);
#2855 = ( GEOMETRIC_REPRESENTATION_CONTEXT(3) 
GLOBAL_UNCERTAINTY_ASSIGNED_CONTEXT((#2859)) 
GLOBAL_UNIT_ASSIGNED_CONTEXT((#2856,#2857,#2858)) REPRESENTATION_CONTEXT
('Context #1','3D Context with UNIT and UNCERTAINTY') );
#2856 = ( LENGTH_UNIT() NAMED_UNIT(*) SI_UNIT(.MILLI.,.METRE.) );
#2857 = ( NAMED_UNIT(*) PLANE_ANGLE_UNIT() SI_UNIT($,.RADIAN.) );
#2858 = ( NAMED_UNIT(*) SI_UNIT($,.STERADIAN.) SOLID_ANGLE_UNIT() );
#2859 = UNCERTAINTY_MEASURE_WITH_UNIT(LENGTH_MEASURE(1.E-07),#2856,
  'distance_accuracy_value','confusion accuracy');
#2860 = PRODUCT_RELATED_PRODUCT_CATEGORY('part',$,(#7));
ENDSEC;
END-ISO-10303-21;
