ISO-10303-21;
HEADER;
FILE_DESCRIPTION(('Open CASCADE Model'),'2;1');
FILE_NAME('Open CASCADE Shape Model','2026-05-19T02:32:32',('Author'),(
    'Open CASCADE'),'Open CASCADE STEP processor 7.4','Open CASCADE 7.4'
  ,'Unknown');
FILE_SCHEMA(('AUTOMOTIVE_DESIGN { 1 0 10303 214 1 1 1 1 }'));
ENDSEC;
DATA;
#1 = APPLICATION_PROTOCOL_DEFINITION('international standard',
  'automotive_design',2000,#2);
#2 = APPLICATION_CONTEXT(
  'core data for automotive mechanical design processes');
#3 = SHAPE_DEFINITION_REPRESENTATION(#4,#10);
#4 = PRODUCT_DEFINITION_SHAPE('','',#5);
#5 = PRODUCT_DEFINITION('design','',#6,#9);
#6 = PRODUCT_DEFINITION_FORMATION('','',#7);
#7 = PRODUCT('Open CASCADE STEP translator 7.4 305',
  'Open CASCADE STEP translator 7.4 305','',(#8));
#8 = PRODUCT_CONTEXT('',#2,'mechanical');
#9 = PRODUCT_DEFINITION_CONTEXT('part definition',#2,'design');
#10 = ADVANCED_BREP_SHAPE_REPRESENTATION('',(#11,#15),#18192);
#11 = AXIS2_PLACEMENT_3D('',#12,#13,#14);
#12 = CARTESIAN_POINT('',(0.,0.,0.));
#13 = DIRECTION('',(0.,0.,1.));
#14 = DIRECTION('',(1.,0.,-0.));
#15 = MANIFOLD_SOLID_BREP('',#16);
#16 = CLOSED_SHELL('',(#17,#137,#213,#289,#6645,#11790,#11817,#11844,
    #11871,#11898,#11925,#11952,#11979,#12006,#12033,#12060,#12087,
    #12114,#12141,#12168,#12195,#12222,#12249,#12276,#12303,#12330,
    #12357,#12384,#12411,#12438,#12465,#12492,#12519,#12546,#12573,
    #12600,#12627,#12654,#12681,#12708,#12735,#12762,#12789,#12816,
    #12843,#12870,#12897,#12924,#12951,#12978,#13005,#13032,#13059,
    #13086,#13113,#13140,#13167,#13194,#13221,#13248,#13275,#13302,
    #13329,#13356,#13383,#13410,#13437,#13464,#13491,#13518,#13545,
    #13572,#13599,#13626,#13653,#13680,#13707,#13734,#13761,#13788,
    #13815,#13842,#13869,#13896,#13923,#13950,#13977,#14004,#14031,
    #14058,#14085,#14112,#14139,#14166,#14193,#14220,#14247,#14274,
    #14301,#14328,#14355,#14382,#14409,#14436,#14463,#14490,#14517,
    #14544,#14571,#14598,#14625,#14652,#14679,#14706,#14733,#14760,
    #14787,#14814,#14841,#14868,#14895,#14922,#14949,#14976,#15003,
    #15030,#15057,#15084,#15111,#15138,#15165,#15192,#15219,#15246,
    #15273,#15300,#15327,#15354,#15381,#15408,#15435,#15462,#15489,
    #15516,#15543,#15570,#15597,#15624,#15651,#15678,#15705,#15732,
    #15759,#15786,#15813,#15840,#15867,#15894,#15921,#15948,#15975,
    #16002,#16029,#16056,#16083,#16110,#16137,#16164,#16191,#16218,
    #16245,#16272,#16299,#16326,#16353,#16380,#16407,#16434,#16461,
    #16488,#16515,#16542,#16569,#16596,#16623,#16650,#16677,#16704,
    #16731,#16758,#16785,#16812,#16839,#16866,#16893,#16920,#16947,
    #16974,#17001,#17028,#17055,#17082,#17109,#17136,#17163,#17190,
    #17217,#17244,#17271,#17298,#17325,#17352,#17379,#17406,#17433,
    #17460,#17487,#17514,#17541,#17568,#17595,#17622,#17649,#17676,
    #17703,#17730,#17757,#17764,#17840,#17889,#17938,#17993,#18021,
    #18076,#18109,#18181,#18185));
#17 = ADVANCED_FACE('',(#18),#32,.T.);
#18 = FACE_BOUND('',#19,.T.);
#19 = EDGE_LOOP('',(#20,#55,#83,#111));
#20 = ORIENTED_EDGE('',*,*,#21,.T.);
#21 = EDGE_CURVE('',#22,#24,#26,.T.);
#22 = VERTEX_POINT('',#23);
#23 = CARTESIAN_POINT('',(-2.481762999018,11.67577692977,-4.));
#24 = VERTEX_POINT('',#25);
#25 = CARTESIAN_POINT('',(-2.481762999018,11.67577692977,4.));
#26 = SURFACE_CURVE('',#27,(#31,#43),.PCURVE_S1.);
#27 = LINE('',#28,#29);
#28 = CARTESIAN_POINT('',(-2.481762999018,11.67577692977,-4.));
#29 = VECTOR('',#30,1.);
#30 = DIRECTION('',(0.,0.,1.));
#31 = PCURVE('',#32,#37);
#32 = PLANE('',#33);
#33 = AXIS2_PLACEMENT_3D('',#34,#35,#36);
#34 = CARTESIAN_POINT('',(-2.481762999018,11.67577692977,-4.));
#35 = DIRECTION('',(-0.163790496211,0.986495146137,0.));
#36 = DIRECTION('',(0.986495146137,0.163790496211,0.));
#37 = DEFINITIONAL_REPRESENTATION('',(#38),#42);
#38 = LINE('',#39,#40);
#39 = CARTESIAN_POINT('',(0.,0.));
#40 = VECTOR('',#41,1.);
#41 = DIRECTION('',(0.,-1.));
#42 = ( GEOMETRIC_REPRESENTATION_CONTEXT(2) 
PARAMETRIC_REPRESENTATION_CONTEXT() REPRESENTATION_CONTEXT('2D SPACE',''
  ) );
#43 = PCURVE('',#44,#49);
#44 = PLANE('',#45);
#45 = AXIS2_PLACEMENT_3D('',#46,#47,#48);
#46 = CARTESIAN_POINT('',(-3.519014696104,11.406114591115,-4.));
#47 = DIRECTION('',(-0.251613660331,0.967827756336,0.));
#48 = DIRECTION('',(0.967827756336,0.251613660331,0.));
#49 = DEFINITIONAL_REPRESENTATION('',(#50),#54);
#50 = LINE('',#51,#52);
#51 = CARTESIAN_POINT('',(1.071731710829,0.));
#52 = VECTOR('',#53,1.);
#53 = DIRECTION('',(0.,-1.));
#54 = ( GEOMETRIC_REPRESENTATION_CONTEXT(2) 
PARAMETRIC_REPRESENTATION_CONTEXT() REPRESENTATION_CONTEXT('2D SPACE',''
  ) );
#55 = ORIENTED_EDGE('',*,*,#56,.T.);
#56 = EDGE_CURVE('',#24,#57,#59,.T.);
#57 = VERTEX_POINT('',#58);
#58 = CARTESIAN_POINT('',(-1.424504868324,11.851316398492,4.));
#59 = SURFACE_CURVE('',#60,(#64,#71),.PCURVE_S1.);
#60 = LINE('',#61,#62);
#61 = CARTESIAN_POINT('',(-2.481762999018,11.67577692977,4.));
#62 = VECTOR('',#63,1.);
#63 = DIRECTION('',(0.986495146137,0.163790496211,0.));
#64 = PCURVE('',#32,#65);
#65 = DEFINITIONAL_REPRESENTATION('',(#66),#70);
#66 = LINE('',#67,#68);
#67 = CARTESIAN_POINT('',(0.,-8.));
#68 = VECTOR('',#69,1.);
#69 = DIRECTION('',(1.,0.));
#70 = ( GEOMETRIC_REPRESENTATION_CONTEXT(2) 
PARAMETRIC_REPRESENTATION_CONTEXT() REPRESENTATION_CONTEXT('2D SPACE',''
  ) );
#71 = PCURVE('',#72,#77);
#72 = PLANE('',#73);
#73 = AXIS2_PLACEMENT_3D('',#74,#75,#76);
#74 = CARTESIAN_POINT('',(-2.962216602064E-15,-1.65025994544E-16,4.));
#75 = DIRECTION('',(-0.,-0.,-1.));
#76 = DIRECTION('',(-1.,0.,0.));
#77 = DEFINITIONAL_REPRESENTATION('',(#78),#82);
#78 = LINE('',#79,#80);
#79 = CARTESIAN_POINT('',(2.481762999018,11.67577692977));
#80 = VECTOR('',#81,1.);
#81 = DIRECTION('',(-0.986495146137,0.163790496211));
#82 = ( GEOMETRIC_REPRESENTATION_CONTEXT(2) 
PARAMETRIC_REPRESENTATION_CONTEXT() REPRESENTATION_CONTEXT('2D SPACE',''
  ) );
#83 = ORIENTED_EDGE('',*,*,#84,.F.);
#84 = EDGE_CURVE('',#85,#57,#87,.T.);
#85 = VERTEX_POINT('',#86);
#86 = CARTESIAN_POINT('',(-1.424504868324,11.851316398492,-4.));
#87 = SURFACE_CURVE('',#88,(#92,#99),.PCURVE_S1.);
#88 = LINE('',#89,#90);
#89 = CARTESIAN_POINT('',(-1.424504868324,11.851316398492,-4.));
#90 = VECTOR('',#91,1.);
#91 = DIRECTION('',(0.,0.,1.));
#92 = PCURVE('',#32,#93);
#93 = DEFINITIONAL_REPRESENTATION('',(#94),#98);
#94 = LINE('',#95,#96);
#95 = CARTESIAN_POINT('',(1.071731710829,0.));
#96 = VECTOR('',#97,1.);
#97 = DIRECTION('',(0.,-1.));
#98 = ( GEOMETRIC_REPRESENTATION_CONTEXT(2) 
PARAMETRIC_REPRESENTATION_CONTEXT() REPRESENTATION_CONTEXT('2D SPACE',''
  ) );
#99 = PCURVE('',#100,#105);
#100 = PLANE('',#101);
#101 = AXIS2_PLACEMENT_3D('',#102,#103,#104);
#102 = CARTESIAN_POINT('',(-1.424504868324,11.851316398492,-4.));
#103 = DIRECTION('',(-0.992853560877,-0.119339040782,0.));
#104 = DIRECTION('',(-0.119339040782,0.992853560877,0.));
#105 = DEFINITIONAL_REPRESENTATION('',(#106),#110);
#106 = LINE('',#107,#108);
#107 = CARTESIAN_POINT('',(0.,0.));
#108 = VECTOR('',#109,1.);
#109 = DIRECTION('',(0.,-1.));
#110 = ( GEOMETRIC_REPRESENTATION_CONTEXT(2) 
PARAMETRIC_REPRESENTATION_CONTEXT() REPRESENTATION_CONTEXT('2D SPACE',''
  ) );
#111 = ORIENTED_EDGE('',*,*,#112,.F.);
#112 = EDGE_CURVE('',#22,#85,#113,.T.);
#113 = SURFACE_CURVE('',#114,(#118,#125),.PCURVE_S1.);
#114 = LINE('',#115,#116);
#115 = CARTESIAN_POINT('',(-2.481762999018,11.67577692977,-4.));
#116 = VECTOR('',#117,1.);
#117 = DIRECTION('',(0.986495146137,0.163790496211,0.));
#118 = PCURVE('',#32,#119);
#119 = DEFINITIONAL_REPRESENTATION('',(#120),#124);
#120 = LINE('',#121,#122);
#121 = CARTESIAN_POINT('',(0.,0.));
#122 = VECTOR('',#123,1.);
#123 = DIRECTION('',(1.,0.));
#124 = ( GEOMETRIC_REPRESENTATION_CONTEXT(2) 
PARAMETRIC_REPRESENTATION_CONTEXT() REPRESENTATION_CONTEXT('2D SPACE',''
  ) );
#125 = PCURVE('',#126,#131);
#126 = PLANE('',#127);
#127 = AXIS2_PLACEMENT_3D('',#128,#129,#130);
#128 = CARTESIAN_POINT('',(-2.962216602064E-15,-1.65025994544E-16,-4.));
#129 = DIRECTION('',(-0.,-0.,-1.));
#130 = DIRECTION('',(-1.,0.,0.));
#131 = DEFINITIONAL_REPRESENTATION('',(#132),#136);
#132 = LINE('',#133,#134);
#133 = CARTESIAN_POINT('',(2.481762999018,11.67577692977));
#134 = VECTOR('',#135,1.);
#135 = DIRECTION('',(-0.986495146137,0.163790496211));
#136 = ( GEOMETRIC_REPRESENTATION_CONTEXT(2) 
PARAMETRIC_REPRESENTATION_CONTEXT() REPRESENTATION_CONTEXT('2D SPACE',''
  ) );
#137 = ADVANCED_FACE('',(#138),#44,.T.);
#138 = FACE_BOUND('',#139,.T.);
#139 = EDGE_LOOP('',(#140,#170,#191,#192));
#140 = ORIENTED_EDGE('',*,*,#141,.T.);
#141 = EDGE_CURVE('',#142,#144,#146,.T.);
#142 = VERTEX_POINT('',#143);
#143 = CARTESIAN_POINT('',(-3.519014696104,11.406114591115,-4.));
#144 = VERTEX_POINT('',#145);
#145 = CARTESIAN_POINT('',(-3.519014696104,11.406114591115,4.));
#146 = SURFACE_CURVE('',#147,(#151,#158),.PCURVE_S1.);
#147 = LINE('',#148,#149);
#148 = CARTESIAN_POINT('',(-3.519014696104,11.406114591115,-4.));
#149 = VECTOR('',#150,1.);
#150 = DIRECTION('',(0.,0.,1.));
#151 = PCURVE('',#44,#152);
#152 = DEFINITIONAL_REPRESENTATION('',(#153),#157);
#153 = LINE('',#154,#155);
#154 = CARTESIAN_POINT('',(0.,0.));
#155 = VECTOR('',#156,1.);
#156 = DIRECTION('',(0.,-1.));
#157 = ( GEOMETRIC_REPRESENTATION_CONTEXT(2) 
PARAMETRIC_REPRESENTATION_CONTEXT() REPRESENTATION_CONTEXT('2D SPACE',''
  ) );
#158 = PCURVE('',#159,#164);
#159 = PLANE('',#160);
#160 = AXIS2_PLACEMENT_3D('',#161,#162,#163);
#161 = CARTESIAN_POINT('',(-3.96815057084,12.861890055731,-4.));
#162 = DIRECTION('',(0.955556421479,0.294808285791,-0.));
#163 = DIRECTION('',(0.294808285791,-0.955556421479,0.));
#164 = DEFINITIONAL_REPRESENTATION('',(#165),#169);
#165 = LINE('',#166,#167);
#166 = CARTESIAN_POINT('',(1.523484570763,0.));
#167 = VECTOR('',#168,1.);
#168 = DIRECTION('',(0.,-1.));
#169 = ( GEOMETRIC_REPRESENTATION_CONTEXT(2) 
PARAMETRIC_REPRESENTATION_CONTEXT() REPRESENTATION_CONTEXT('2D SPACE',''
  ) );
#170 = ORIENTED_EDGE('',*,*,#171,.T.);
#171 = EDGE_CURVE('',#144,#24,#172,.T.);
#172 = SURFACE_CURVE('',#173,(#177,#184),.PCURVE_S1.);
#173 = LINE('',#174,#175);
#174 = CARTESIAN_POINT('',(-3.519014696104,11.406114591115,4.));
#175 = VECTOR('',#176,1.);
#176 = DIRECTION('',(0.967827756336,0.251613660331,0.));
#177 = PCURVE('',#44,#178);
#178 = DEFINITIONAL_REPRESENTATION('',(#179),#183);
#179 = LINE('',#180,#181);
#180 = CARTESIAN_POINT('',(0.,-8.));
#181 = VECTOR('',#182,1.);
#182 = DIRECTION('',(1.,0.));
#183 = ( GEOMETRIC_REPRESENTATION_CONTEXT(2) 
PARAMETRIC_REPRESENTATION_CONTEXT() REPRESENTATION_CONTEXT('2D SPACE',''
  ) );
#184 = PCURVE('',#72,#185);
#185 = DEFINITIONAL_REPRESENTATION('',(#186),#190);
#186 = LINE('',#187,#188);
#187 = CARTESIAN_POINT('',(3.519014696104,11.406114591115));
#188 = VECTOR('',#189,1.);
#189 = DIRECTION('',(-0.967827756336,0.251613660331));
#190 = ( GEOMETRIC_REPRESENTATION_CONTEXT(2) 
PARAMETRIC_REPRESENTATION_CONTEXT() REPRESENTATION_CONTEXT('2D SPACE',''
  ) );
#191 = ORIENTED_EDGE('',*,*,#21,.F.);
#192 = ORIENTED_EDGE('',*,*,#193,.F.);
#193 = EDGE_CURVE('',#142,#22,#194,.T.);
#194 = SURFACE_CURVE('',#195,(#199,#206),.PCURVE_S1.);
#195 = LINE('',#196,#197);
#196 = CARTESIAN_POINT('',(-3.519014696104,11.406114591115,-4.));
#197 = VECTOR('',#198,1.);
#198 = DIRECTION('',(0.967827756336,0.251613660331,0.));
#199 = PCURVE('',#44,#200);
#200 = DEFINITIONAL_REPRESENTATION('',(#201),#205);
#201 = LINE('',#202,#203);
#202 = CARTESIAN_POINT('',(0.,0.));
#203 = VECTOR('',#204,1.);
#204 = DIRECTION('',(1.,0.));
#205 = ( GEOMETRIC_REPRESENTATION_CONTEXT(2) 
PARAMETRIC_REPRESENTATION_CONTEXT() REPRESENTATION_CONTEXT('2D SPACE',''
  ) );
#206 = PCURVE('',#126,#207);
#207 = DEFINITIONAL_REPRESENTATION('',(#208),#212);
#208 = LINE('',#209,#210);
#209 = CARTESIAN_POINT('',(3.519014696104,11.406114591115));
#210 = VECTOR('',#211,1.);
#211 = DIRECTION('',(-0.967827756336,0.251613660331));
#212 = ( GEOMETRIC_REPRESENTATION_CONTEXT(2) 
PARAMETRIC_REPRESENTATION_CONTEXT() REPRESENTATION_CONTEXT('2D SPACE',''
  ) );
#213 = ADVANCED_FACE('',(#214),#100,.T.);
#214 = FACE_BOUND('',#215,.T.);
#215 = EDGE_LOOP('',(#216,#217,#240,#268));
#216 = ORIENTED_EDGE('',*,*,#84,.T.);
#217 = ORIENTED_EDGE('',*,*,#218,.T.);
#218 = EDGE_CURVE('',#57,#219,#221,.T.);
#219 = VERTEX_POINT('',#220);
#220 = CARTESIAN_POINT('',(-1.606316055646,13.363913479514,4.));
#221 = SURFACE_CURVE('',#222,(#226,#233),.PCURVE_S1.);
#222 = LINE('',#223,#224);
#223 = CARTESIAN_POINT('',(-1.424504868324,11.851316398492,4.));
#224 = VECTOR('',#225,1.);
#225 = DIRECTION('',(-0.119339040782,0.992853560877,0.));
#226 = PCURVE('',#100,#227);
#227 = DEFINITIONAL_REPRESENTATION('',(#228),#232);
#228 = LINE('',#229,#230);
#229 = CARTESIAN_POINT('',(0.,-8.));
#230 = VECTOR('',#231,1.);
#231 = DIRECTION('',(1.,0.));
#232 = ( GEOMETRIC_REPRESENTATION_CONTEXT(2) 
PARAMETRIC_REPRESENTATION_CONTEXT() REPRESENTATION_CONTEXT('2D SPACE',''
  ) );
#233 = PCURVE('',#72,#234);
#234 = DEFINITIONAL_REPRESENTATION('',(#235),#239);
#235 = LINE('',#236,#237);
#236 = CARTESIAN_POINT('',(1.424504868324,11.851316398492));
#237 = VECTOR('',#238,1.);
#238 = DIRECTION('',(0.119339040782,0.992853560877));
#239 = ( GEOMETRIC_REPRESENTATION_CONTEXT(2) 
PARAMETRIC_REPRESENTATION_CONTEXT() REPRESENTATION_CONTEXT('2D SPACE',''
  ) );
#240 = ORIENTED_EDGE('',*,*,#241,.F.);
#241 = EDGE_CURVE('',#242,#219,#244,.T.);
#242 = VERTEX_POINT('',#243);
#243 = CARTESIAN_POINT('',(-1.606316055646,13.363913479514,-4.));
#244 = SURFACE_CURVE('',#245,(#249,#256),.PCURVE_S1.);
#245 = LINE('',#246,#247);
#246 = CARTESIAN_POINT('',(-1.606316055646,13.363913479514,-4.));
#247 = VECTOR('',#248,1.);
#248 = DIRECTION('',(0.,0.,1.));
#249 = PCURVE('',#100,#250);
#250 = DEFINITIONAL_REPRESENTATION('',(#251),#255);
#251 = LINE('',#252,#253);
#252 = CARTESIAN_POINT('',(1.523484570763,0.));
#253 = VECTOR('',#254,1.);
#254 = DIRECTION('',(0.,-1.));
#255 = ( GEOMETRIC_REPRESENTATION_CONTEXT(2) 
PARAMETRIC_REPRESENTATION_CONTEXT() REPRESENTATION_CONTEXT('2D SPACE',''
  ) );
#256 = PCURVE('',#257,#262);
#257 = PLANE('',#258);
#258 = AXIS2_PLACEMENT_3D('',#259,#260,#261);
#259 = CARTESIAN_POINT('',(-1.606316055646,13.363913479514,-4.));
#260 = DIRECTION('',(-0.997280299225,7.370213550729E-02,0.));
#261 = DIRECTION('',(7.370213550729E-02,0.997280299225,0.));
#262 = DEFINITIONAL_REPRESENTATION('',(#263),#267);
#263 = LINE('',#264,#265);
#264 = CARTESIAN_POINT('',(0.,0.));
#265 = VECTOR('',#266,1.);
#266 = DIRECTION('',(0.,-1.));
#267 = ( GEOMETRIC_REPRESENTATION_CONTEXT(2) 
PARAMETRIC_REPRESENTATION_CONTEXT() REPRESENTATION_CONTEXT('2D SPACE',''
  ) );
#268 = ORIENTED_EDGE('',*,*,#269,.F.);
#269 = EDGE_CURVE('',#85,#242,#270,.T.);
#270 = SURFACE_CURVE('',#271,(#275,#282),.PCURVE_S1.);
#271 = LINE('',#272,#273);
#272 = CARTESIAN_POINT('',(-1.424504868324,11.851316398492,-4.));
#273 = VECTOR('',#274,1.);
#274 = DIRECTION('',(-0.119339040782,0.992853560877,0.));
#275 = PCURVE('',#100,#276);
#276 = DEFINITIONAL_REPRESENTATION('',(#277),#281);
#277 = LINE('',#278,#279);
#278 = CARTESIAN_POINT('',(0.,0.));
#279 = VECTOR('',#280,1.);
#280 = DIRECTION('',(1.,0.));
#281 = ( GEOMETRIC_REPRESENTATION_CONTEXT(2) 
PARAMETRIC_REPRESENTATION_CONTEXT() REPRESENTATION_CONTEXT('2D SPACE',''
  ) );
#282 = PCURVE('',#126,#283);
#283 = DEFINITIONAL_REPRESENTATION('',(#284),#288);
#284 = LINE('',#285,#286);
#285 = CARTESIAN_POINT('',(1.424504868324,11.851316398492));
#286 = VECTOR('',#287,1.);
#287 = DIRECTION('',(0.119339040782,0.992853560877));
#288 = ( GEOMETRIC_REPRESENTATION_CONTEXT(2) 
PARAMETRIC_REPRESENTATION_CONTEXT() REPRESENTATION_CONTEXT('2D SPACE',''
  ) );
#289 = ADVANCED_FACE('',(#290,#6499),#126,.T.);
#290 = FACE_BOUND('',#291,.T.);
#291 = EDGE_LOOP('',(#292,#293,#294,#317,#345,#373,#401,#429,#457,#485,
    #513,#541,#569,#597,#625,#653,#681,#709,#737,#765,#793,#821,#849,
    #877,#905,#933,#961,#989,#1017,#1045,#1073,#1101,#1129,#1157,#1185,
    #1213,#1241,#1269,#1297,#1325,#1353,#1381,#1409,#1437,#1465,#1493,
    #1521,#1549,#1577,#1605,#1633,#1661,#1689,#1717,#1745,#1773,#1801,
    #1829,#1857,#1885,#1913,#1941,#1969,#1997,#2025,#2053,#2081,#2109,
    #2137,#2165,#2193,#2221,#2249,#2277,#2305,#2333,#2361,#2389,#2417,
    #2445,#2473,#2501,#2529,#2557,#2585,#2613,#2641,#2669,#2697,#2725,
    #2753,#2781,#2809,#2837,#2865,#2893,#2921,#2949,#2977,#3005,#3033,
    #3061,#3089,#3117,#3145,#3173,#3201,#3229,#3257,#3285,#3313,#3341,
    #3369,#3397,#3425,#3453,#3481,#3509,#3537,#3565,#3593,#3621,#3649,
    #3677,#3705,#3733,#3761,#3789,#3817,#3845,#3873,#3901,#3929,#3957,
    #3985,#4013,#4041,#4069,#4097,#4125,#4153,#4181,#4209,#4237,#4265,
    #4293,#4321,#4349,#4377,#4405,#4433,#4461,#4489,#4517,#4545,#4573,
    #4601,#4629,#4657,#4685,#4713,#4741,#4769,#4797,#4825,#4853,#4881,
    #4909,#4937,#4965,#4993,#5021,#5049,#5077,#5105,#5133,#5161,#5189,
    #5217,#5245,#5273,#5301,#5329,#5357,#5385,#5413,#5441,#5469,#5497,
    #5525,#5553,#5581,#5609,#5637,#5665,#5693,#5721,#5749,#5777,#5805,
    #5833,#5861,#5889,#5917,#5945,#5973,#6001,#6029,#6057,#6085,#6113,
    #6141,#6169,#6197,#6225,#6253,#6281,#6309,#6337,#6365,#6393,#6421,
    #6449,#6477,#6498));
#292 = ORIENTED_EDGE('',*,*,#112,.T.);
#293 = ORIENTED_EDGE('',*,*,#269,.T.);
#294 = ORIENTED_EDGE('',*,*,#295,.T.);
#295 = EDGE_CURVE('',#242,#296,#298,.T.);
#296 = VERTEX_POINT('',#297);
#297 = CARTESIAN_POINT('',(-1.564685449404,13.927226647629,-4.));
#298 = SURFACE_CURVE('',#299,(#303,#310),.PCURVE_S1.);
#299 = LINE('',#300,#301);
#300 = CARTESIAN_POINT('',(-1.606316055646,13.363913479514,-4.));
#301 = VECTOR('',#302,1.);
#302 = DIRECTION('',(7.370213550729E-02,0.997280299225,0.));
#303 = PCURVE('',#126,#304);
#304 = DEFINITIONAL_REPRESENTATION('',(#305),#309);
#305 = LINE('',#306,#307);
#306 = CARTESIAN_POINT('',(1.606316055646,13.363913479514));
#307 = VECTOR('',#308,1.);
#308 = DIRECTION('',(-7.370213550729E-02,0.997280299225));
#309 = ( GEOMETRIC_REPRESENTATION_CONTEXT(2) 
PARAMETRIC_REPRESENTATION_CONTEXT() REPRESENTATION_CONTEXT('2D SPACE',''
  ) );
#310 = PCURVE('',#257,#311);
#311 = DEFINITIONAL_REPRESENTATION('',(#312),#316);
#312 = LINE('',#313,#314);
#313 = CARTESIAN_POINT('',(0.,0.));
#314 = VECTOR('',#315,1.);
#315 = DIRECTION('',(1.,0.));
#316 = ( GEOMETRIC_REPRESENTATION_CONTEXT(2) 
PARAMETRIC_REPRESENTATION_CONTEXT() REPRESENTATION_CONTEXT('2D SPACE',''
  ) );
#317 = ORIENTED_EDGE('',*,*,#318,.T.);
#318 = EDGE_CURVE('',#296,#319,#321,.T.);
#319 = VERTEX_POINT('',#320);
#320 = CARTESIAN_POINT('',(-1.426930414541,14.499540426417,-4.));
#321 = SURFACE_CURVE('',#322,(#326,#333),.PCURVE_S1.);
#322 = LINE('',#323,#324);
#323 = CARTESIAN_POINT('',(-1.564685449404,13.927226647629,-4.));
#324 = VECTOR('',#325,1.);
#325 = DIRECTION('',(0.234014966949,0.97223299432,0.));
#326 = PCURVE('',#126,#327);
#327 = DEFINITIONAL_REPRESENTATION('',(#328),#332);
#328 = LINE('',#329,#330);
#329 = CARTESIAN_POINT('',(1.564685449404,13.927226647629));
#330 = VECTOR('',#331,1.);
#331 = DIRECTION('',(-0.234014966949,0.97223299432));
#332 = ( GEOMETRIC_REPRESENTATION_CONTEXT(2) 
PARAMETRIC_REPRESENTATION_CONTEXT() REPRESENTATION_CONTEXT('2D SPACE',''
  ) );
#333 = PCURVE('',#334,#339);
#334 = PLANE('',#335);
#335 = AXIS2_PLACEMENT_3D('',#336,#337,#338);
#336 = CARTESIAN_POINT('',(-1.564685449404,13.927226647629,-4.));
#337 = DIRECTION('',(-0.97223299432,0.234014966949,0.));
#338 = DIRECTION('',(0.234014966949,0.97223299432,0.));
#339 = DEFINITIONAL_REPRESENTATION('',(#340),#344);
#340 = LINE('',#341,#342);
#341 = CARTESIAN_POINT('',(0.,0.));
#342 = VECTOR('',#343,1.);
#343 = DIRECTION('',(1.,0.));
#344 = ( GEOMETRIC_REPRESENTATION_CONTEXT(2) 
PARAMETRIC_REPRESENTATION_CONTEXT() REPRESENTATION_CONTEXT('2D SPACE',''
  ) );
#345 = ORIENTED_EDGE('',*,*,#346,.T.);
#346 = EDGE_CURVE('',#319,#347,#349,.T.);
#347 = VERTEX_POINT('',#348);
#348 = CARTESIAN_POINT('',(-1.219802710593,15.075054796302,-4.));
#349 = SURFACE_CURVE('',#350,(#354,#361),.PCURVE_S1.);
#350 = LINE('',#351,#352);
#351 = CARTESIAN_POINT('',(-1.426930414541,14.499540426417,-4.));
#352 = VECTOR('',#353,1.);
#353 = DIRECTION('',(0.338636289452,0.940917352091,0.));
#354 = PCURVE('',#126,#355);
#355 = DEFINITIONAL_REPRESENTATION('',(#356),#360);
#356 = LINE('',#357,#358);
#357 = CARTESIAN_POINT('',(1.426930414541,14.499540426417));
#358 = VECTOR('',#359,1.);
#359 = DIRECTION('',(-0.338636289452,0.940917352091));
#360 = ( GEOMETRIC_REPRESENTATION_CONTEXT(2) 
PARAMETRIC_REPRESENTATION_CONTEXT() REPRESENTATION_CONTEXT('2D SPACE',''
  ) );
#361 = PCURVE('',#362,#367);
#362 = PLANE('',#363);
#363 = AXIS2_PLACEMENT_3D('',#364,#365,#366);
#364 = CARTESIAN_POINT('',(-1.426930414541,14.499540426417,-4.));
#365 = DIRECTION('',(-0.940917352091,0.338636289452,0.));
#366 = DIRECTION('',(0.338636289452,0.940917352091,0.));
#367 = DEFINITIONAL_REPRESENTATION('',(#368),#372);
#368 = LINE('',#369,#370);
#369 = CARTESIAN_POINT('',(0.,0.));
#370 = VECTOR('',#371,1.);
#371 = DIRECTION('',(1.,0.));
#372 = ( GEOMETRIC_REPRESENTATION_CONTEXT(2) 
PARAMETRIC_REPRESENTATION_CONTEXT() REPRESENTATION_CONTEXT('2D SPACE',''
  ) );
#373 = ORIENTED_EDGE('',*,*,#374,.T.);
#374 = EDGE_CURVE('',#347,#375,#377,.T.);
#375 = VERTEX_POINT('',#376);
#376 = CARTESIAN_POINT('',(-0.951601891548,15.650160217298,-4.));
#377 = SURFACE_CURVE('',#378,(#382,#389),.PCURVE_S1.);
#378 = LINE('',#379,#380);
#379 = CARTESIAN_POINT('',(-1.219802710593,15.075054796302,-4.));
#380 = VECTOR('',#381,1.);
#381 = DIRECTION('',(0.422650307217,0.906292843296,0.));
#382 = PCURVE('',#126,#383);
#383 = DEFINITIONAL_REPRESENTATION('',(#384),#388);
#384 = LINE('',#385,#386);
#385 = CARTESIAN_POINT('',(1.219802710593,15.075054796302));
#386 = VECTOR('',#387,1.);
#387 = DIRECTION('',(-0.422650307217,0.906292843296));
#388 = ( GEOMETRIC_REPRESENTATION_CONTEXT(2) 
PARAMETRIC_REPRESENTATION_CONTEXT() REPRESENTATION_CONTEXT('2D SPACE',''
  ) );
#389 = PCURVE('',#390,#395);
#390 = PLANE('',#391);
#391 = AXIS2_PLACEMENT_3D('',#392,#393,#394);
#392 = CARTESIAN_POINT('',(-1.219802710593,15.075054796302,-4.));
#393 = DIRECTION('',(-0.906292843296,0.422650307217,0.));
#394 = DIRECTION('',(0.422650307217,0.906292843296,0.));
#395 = DEFINITIONAL_REPRESENTATION('',(#396),#400);
#396 = LINE('',#397,#398);
#397 = CARTESIAN_POINT('',(0.,0.));
#398 = VECTOR('',#399,1.);
#399 = DIRECTION('',(1.,0.));
#400 = ( GEOMETRIC_REPRESENTATION_CONTEXT(2) 
PARAMETRIC_REPRESENTATION_CONTEXT() REPRESENTATION_CONTEXT('2D SPACE',''
  ) );
#401 = ORIENTED_EDGE('',*,*,#402,.T.);
#402 = EDGE_CURVE('',#375,#403,#405,.T.);
#403 = VERTEX_POINT('',#404);
#404 = CARTESIAN_POINT('',(-0.626652989851,16.221704740379,-4.));
#405 = SURFACE_CURVE('',#406,(#410,#417),.PCURVE_S1.);
#406 = LINE('',#407,#408);
#407 = CARTESIAN_POINT('',(-0.951601891548,15.650160217298,-4.));
#408 = VECTOR('',#409,1.);
#409 = DIRECTION('',(0.494248199067,0.869320837044,0.));
#410 = PCURVE('',#126,#411);
#411 = DEFINITIONAL_REPRESENTATION('',(#412),#416);
#412 = LINE('',#413,#414);
#413 = CARTESIAN_POINT('',(0.951601891548,15.650160217298));
#414 = VECTOR('',#415,1.);
#415 = DIRECTION('',(-0.494248199067,0.869320837044));
#416 = ( GEOMETRIC_REPRESENTATION_CONTEXT(2) 
PARAMETRIC_REPRESENTATION_CONTEXT() REPRESENTATION_CONTEXT('2D SPACE',''
  ) );
#417 = PCURVE('',#418,#423);
#418 = PLANE('',#419);
#419 = AXIS2_PLACEMENT_3D('',#420,#421,#422);
#420 = CARTESIAN_POINT('',(-0.951601891548,15.650160217298,-4.));
#421 = DIRECTION('',(-0.869320837044,0.494248199067,0.));
#422 = DIRECTION('',(0.494248199067,0.869320837044,0.));
#423 = DEFINITIONAL_REPRESENTATION('',(#424),#428);
#424 = LINE('',#425,#426);
#425 = CARTESIAN_POINT('',(0.,0.));
#426 = VECTOR('',#427,1.);
#427 = DIRECTION('',(1.,0.));
#428 = ( GEOMETRIC_REPRESENTATION_CONTEXT(2) 
PARAMETRIC_REPRESENTATION_CONTEXT() REPRESENTATION_CONTEXT('2D SPACE',''
  ) );
#429 = ORIENTED_EDGE('',*,*,#430,.T.);
#430 = EDGE_CURVE('',#403,#431,#433,.T.);
#431 = VERTEX_POINT('',#432);
#432 = CARTESIAN_POINT('',(0.626652989851,16.221704740379,-4.));
#433 = SURFACE_CURVE('',#434,(#438,#445),.PCURVE_S1.);
#434 = LINE('',#435,#436);
#435 = CARTESIAN_POINT('',(-0.626652989851,16.221704740379,-4.));
#436 = VECTOR('',#437,1.);
#437 = DIRECTION('',(1.,0.,0.));
#438 = PCURVE('',#126,#439);
#439 = DEFINITIONAL_REPRESENTATION('',(#440),#444);
#440 = LINE('',#441,#442);
#441 = CARTESIAN_POINT('',(0.626652989851,16.221704740379));
#442 = VECTOR('',#443,1.);
#443 = DIRECTION('',(-1.,0.));
#444 = ( GEOMETRIC_REPRESENTATION_CONTEXT(2) 
PARAMETRIC_REPRESENTATION_CONTEXT() REPRESENTATION_CONTEXT('2D SPACE',''
  ) );
#445 = PCURVE('',#446,#451);
#446 = PLANE('',#447);
#447 = AXIS2_PLACEMENT_3D('',#448,#449,#450);
#448 = CARTESIAN_POINT('',(-0.626652989851,16.221704740379,-4.));
#449 = DIRECTION('',(0.,1.,0.));
#450 = DIRECTION('',(1.,0.,0.));
#451 = DEFINITIONAL_REPRESENTATION('',(#452),#456);
#452 = LINE('',#453,#454);
#453 = CARTESIAN_POINT('',(0.,0.));
#454 = VECTOR('',#455,1.);
#455 = DIRECTION('',(1.,0.));
#456 = ( GEOMETRIC_REPRESENTATION_CONTEXT(2) 
PARAMETRIC_REPRESENTATION_CONTEXT() REPRESENTATION_CONTEXT('2D SPACE',''
  ) );
#457 = ORIENTED_EDGE('',*,*,#458,.T.);
#458 = EDGE_CURVE('',#431,#459,#461,.T.);
#459 = VERTEX_POINT('',#460);
#460 = CARTESIAN_POINT('',(0.951601891548,15.650160217298,-4.));
#461 = SURFACE_CURVE('',#462,(#466,#473),.PCURVE_S1.);
#462 = LINE('',#463,#464);
#463 = CARTESIAN_POINT('',(0.626652989851,16.221704740379,-4.));
#464 = VECTOR('',#465,1.);
#465 = DIRECTION('',(0.494248199067,-0.869320837044,0.));
#466 = PCURVE('',#126,#467);
#467 = DEFINITIONAL_REPRESENTATION('',(#468),#472);
#468 = LINE('',#469,#470);
#469 = CARTESIAN_POINT('',(-0.626652989851,16.221704740379));
#470 = VECTOR('',#471,1.);
#471 = DIRECTION('',(-0.494248199067,-0.869320837044));
#472 = ( GEOMETRIC_REPRESENTATION_CONTEXT(2) 
PARAMETRIC_REPRESENTATION_CONTEXT() REPRESENTATION_CONTEXT('2D SPACE',''
  ) );
#473 = PCURVE('',#474,#479);
#474 = PLANE('',#475);
#475 = AXIS2_PLACEMENT_3D('',#476,#477,#478);
#476 = CARTESIAN_POINT('',(0.626652989851,16.221704740379,-4.));
#477 = DIRECTION('',(0.869320837044,0.494248199067,-0.));
#478 = DIRECTION('',(0.494248199067,-0.869320837044,0.));
#479 = DEFINITIONAL_REPRESENTATION('',(#480),#484);
#480 = LINE('',#481,#482);
#481 = CARTESIAN_POINT('',(0.,0.));
#482 = VECTOR('',#483,1.);
#483 = DIRECTION('',(1.,0.));
#484 = ( GEOMETRIC_REPRESENTATION_CONTEXT(2) 
PARAMETRIC_REPRESENTATION_CONTEXT() REPRESENTATION_CONTEXT('2D SPACE',''
  ) );
#485 = ORIENTED_EDGE('',*,*,#486,.T.);
#486 = EDGE_CURVE('',#459,#487,#489,.T.);
#487 = VERTEX_POINT('',#488);
#488 = CARTESIAN_POINT('',(1.219802710593,15.075054796302,-4.));
#489 = SURFACE_CURVE('',#490,(#494,#501),.PCURVE_S1.);
#490 = LINE('',#491,#492);
#491 = CARTESIAN_POINT('',(0.951601891548,15.650160217298,-4.));
#492 = VECTOR('',#493,1.);
#493 = DIRECTION('',(0.422650307217,-0.906292843296,0.));
#494 = PCURVE('',#126,#495);
#495 = DEFINITIONAL_REPRESENTATION('',(#496),#500);
#496 = LINE('',#497,#498);
#497 = CARTESIAN_POINT('',(-0.951601891548,15.650160217298));
#498 = VECTOR('',#499,1.);
#499 = DIRECTION('',(-0.422650307217,-0.906292843296));
#500 = ( GEOMETRIC_REPRESENTATION_CONTEXT(2) 
PARAMETRIC_REPRESENTATION_CONTEXT() REPRESENTATION_CONTEXT('2D SPACE',''
  ) );
#501 = PCURVE('',#502,#507);
#502 = PLANE('',#503);
#503 = AXIS2_PLACEMENT_3D('',#504,#505,#506);
#504 = CARTESIAN_POINT('',(0.951601891548,15.650160217298,-4.));
#505 = DIRECTION('',(0.906292843296,0.422650307217,-0.));
#506 = DIRECTION('',(0.422650307217,-0.906292843296,0.));
#507 = DEFINITIONAL_REPRESENTATION('',(#508),#512);
#508 = LINE('',#509,#510);
#509 = CARTESIAN_POINT('',(0.,0.));
#510 = VECTOR('',#511,1.);
#511 = DIRECTION('',(1.,0.));
#512 = ( GEOMETRIC_REPRESENTATION_CONTEXT(2) 
PARAMETRIC_REPRESENTATION_CONTEXT() REPRESENTATION_CONTEXT('2D SPACE',''
  ) );
#513 = ORIENTED_EDGE('',*,*,#514,.T.);
#514 = EDGE_CURVE('',#487,#515,#517,.T.);
#515 = VERTEX_POINT('',#516);
#516 = CARTESIAN_POINT('',(1.426930414541,14.499540426417,-4.));
#517 = SURFACE_CURVE('',#518,(#522,#529),.PCURVE_S1.);
#518 = LINE('',#519,#520);
#519 = CARTESIAN_POINT('',(1.219802710593,15.075054796302,-4.));
#520 = VECTOR('',#521,1.);
#521 = DIRECTION('',(0.338636289452,-0.940917352091,0.));
#522 = PCURVE('',#126,#523);
#523 = DEFINITIONAL_REPRESENTATION('',(#524),#528);
#524 = LINE('',#525,#526);
#525 = CARTESIAN_POINT('',(-1.219802710593,15.075054796302));
#526 = VECTOR('',#527,1.);
#527 = DIRECTION('',(-0.338636289452,-0.940917352091));
#528 = ( GEOMETRIC_REPRESENTATION_CONTEXT(2) 
PARAMETRIC_REPRESENTATION_CONTEXT() REPRESENTATION_CONTEXT('2D SPACE',''
  ) );
#529 = PCURVE('',#530,#535);
#530 = PLANE('',#531);
#531 = AXIS2_PLACEMENT_3D('',#532,#533,#534);
#532 = CARTESIAN_POINT('',(1.219802710593,15.075054796302,-4.));
#533 = DIRECTION('',(0.940917352091,0.338636289452,-0.));
#534 = DIRECTION('',(0.338636289452,-0.940917352091,0.));
#535 = DEFINITIONAL_REPRESENTATION('',(#536),#540);
#536 = LINE('',#537,#538);
#537 = CARTESIAN_POINT('',(0.,0.));
#538 = VECTOR('',#539,1.);
#539 = DIRECTION('',(1.,0.));
#540 = ( GEOMETRIC_REPRESENTATION_CONTEXT(2) 
PARAMETRIC_REPRESENTATION_CONTEXT() REPRESENTATION_CONTEXT('2D SPACE',''
  ) );
#541 = ORIENTED_EDGE('',*,*,#542,.T.);
#542 = EDGE_CURVE('',#515,#543,#545,.T.);
#543 = VERTEX_POINT('',#544);
#544 = CARTESIAN_POINT('',(1.564685449404,13.927226647629,-4.));
#545 = SURFACE_CURVE('',#546,(#550,#557),.PCURVE_S1.);
#546 = LINE('',#547,#548);
#547 = CARTESIAN_POINT('',(1.426930414541,14.499540426417,-4.));
#548 = VECTOR('',#549,1.);
#549 = DIRECTION('',(0.234014966949,-0.97223299432,0.));
#550 = PCURVE('',#126,#551);
#551 = DEFINITIONAL_REPRESENTATION('',(#552),#556);
#552 = LINE('',#553,#554);
#553 = CARTESIAN_POINT('',(-1.426930414541,14.499540426417));
#554 = VECTOR('',#555,1.);
#555 = DIRECTION('',(-0.234014966949,-0.97223299432));
#556 = ( GEOMETRIC_REPRESENTATION_CONTEXT(2) 
PARAMETRIC_REPRESENTATION_CONTEXT() REPRESENTATION_CONTEXT('2D SPACE',''
  ) );
#557 = PCURVE('',#558,#563);
#558 = PLANE('',#559);
#559 = AXIS2_PLACEMENT_3D('',#560,#561,#562);
#560 = CARTESIAN_POINT('',(1.426930414541,14.499540426417,-4.));
#561 = DIRECTION('',(0.97223299432,0.234014966949,-0.));
#562 = DIRECTION('',(0.234014966949,-0.97223299432,0.));
#563 = DEFINITIONAL_REPRESENTATION('',(#564),#568);
#564 = LINE('',#565,#566);
#565 = CARTESIAN_POINT('',(0.,0.));
#566 = VECTOR('',#567,1.);
#567 = DIRECTION('',(1.,0.));
#568 = ( GEOMETRIC_REPRESENTATION_CONTEXT(2) 
PARAMETRIC_REPRESENTATION_CONTEXT() REPRESENTATION_CONTEXT('2D SPACE',''
  ) );
#569 = ORIENTED_EDGE('',*,*,#570,.T.);
#570 = EDGE_CURVE('',#543,#571,#573,.T.);
#571 = VERTEX_POINT('',#572);
#572 = CARTESIAN_POINT('',(1.606316055646,13.363913479514,-4.));
#573 = SURFACE_CURVE('',#574,(#578,#585),.PCURVE_S1.);
#574 = LINE('',#575,#576);
#575 = CARTESIAN_POINT('',(1.564685449404,13.927226647629,-4.));
#576 = VECTOR('',#577,1.);
#577 = DIRECTION('',(7.370213550729E-02,-0.997280299225,0.));
#578 = PCURVE('',#126,#579);
#579 = DEFINITIONAL_REPRESENTATION('',(#580),#584);
#580 = LINE('',#581,#582);
#581 = CARTESIAN_POINT('',(-1.564685449404,13.927226647629));
#582 = VECTOR('',#583,1.);
#583 = DIRECTION('',(-7.370213550729E-02,-0.997280299225));
#584 = ( GEOMETRIC_REPRESENTATION_CONTEXT(2) 
PARAMETRIC_REPRESENTATION_CONTEXT() REPRESENTATION_CONTEXT('2D SPACE',''
  ) );
#585 = PCURVE('',#586,#591);
#586 = PLANE('',#587);
#587 = AXIS2_PLACEMENT_3D('',#588,#589,#590);
#588 = CARTESIAN_POINT('',(1.564685449404,13.927226647629,-4.));
#589 = DIRECTION('',(0.997280299225,7.370213550729E-02,-0.));
#590 = DIRECTION('',(7.370213550729E-02,-0.997280299225,0.));
#591 = DEFINITIONAL_REPRESENTATION('',(#592),#596);
#592 = LINE('',#593,#594);
#593 = CARTESIAN_POINT('',(0.,0.));
#594 = VECTOR('',#595,1.);
#595 = DIRECTION('',(1.,0.));
#596 = ( GEOMETRIC_REPRESENTATION_CONTEXT(2) 
PARAMETRIC_REPRESENTATION_CONTEXT() REPRESENTATION_CONTEXT('2D SPACE',''
  ) );
#597 = ORIENTED_EDGE('',*,*,#598,.T.);
#598 = EDGE_CURVE('',#571,#599,#601,.T.);
#599 = VERTEX_POINT('',#600);
#600 = CARTESIAN_POINT('',(1.424504868324,11.851316398492,-4.));
#601 = SURFACE_CURVE('',#602,(#606,#613),.PCURVE_S1.);
#602 = LINE('',#603,#604);
#603 = CARTESIAN_POINT('',(1.606316055646,13.363913479514,-4.));
#604 = VECTOR('',#605,1.);
#605 = DIRECTION('',(-0.119339040782,-0.992853560877,0.));
#606 = PCURVE('',#126,#607);
#607 = DEFINITIONAL_REPRESENTATION('',(#608),#612);
#608 = LINE('',#609,#610);
#609 = CARTESIAN_POINT('',(-1.606316055646,13.363913479514));
#610 = VECTOR('',#611,1.);
#611 = DIRECTION('',(0.119339040782,-0.992853560877));
#612 = ( GEOMETRIC_REPRESENTATION_CONTEXT(2) 
PARAMETRIC_REPRESENTATION_CONTEXT() REPRESENTATION_CONTEXT('2D SPACE',''
  ) );
#613 = PCURVE('',#614,#619);
#614 = PLANE('',#615);
#615 = AXIS2_PLACEMENT_3D('',#616,#617,#618);
#616 = CARTESIAN_POINT('',(1.606316055646,13.363913479514,-4.));
#617 = DIRECTION('',(0.992853560877,-0.119339040782,0.));
#618 = DIRECTION('',(-0.119339040782,-0.992853560877,0.));
#619 = DEFINITIONAL_REPRESENTATION('',(#620),#624);
#620 = LINE('',#621,#622);
#621 = CARTESIAN_POINT('',(0.,0.));
#622 = VECTOR('',#623,1.);
#623 = DIRECTION('',(1.,0.));
#624 = ( GEOMETRIC_REPRESENTATION_CONTEXT(2) 
PARAMETRIC_REPRESENTATION_CONTEXT() REPRESENTATION_CONTEXT('2D SPACE',''
  ) );
#625 = ORIENTED_EDGE('',*,*,#626,.T.);
#626 = EDGE_CURVE('',#599,#627,#629,.T.);
#627 = VERTEX_POINT('',#628);
#628 = CARTESIAN_POINT('',(2.481762999018,11.67577692977,-4.));
#629 = SURFACE_CURVE('',#630,(#634,#641),.PCURVE_S1.);
#630 = LINE('',#631,#632);
#631 = CARTESIAN_POINT('',(1.424504868324,11.851316398492,-4.));
#632 = VECTOR('',#633,1.);
#633 = DIRECTION('',(0.986495146137,-0.163790496211,0.));
#634 = PCURVE('',#126,#635);
#635 = DEFINITIONAL_REPRESENTATION('',(#636),#640);
#636 = LINE('',#637,#638);
#637 = CARTESIAN_POINT('',(-1.424504868324,11.851316398492));
#638 = VECTOR('',#639,1.);
#639 = DIRECTION('',(-0.986495146137,-0.163790496211));
#640 = ( GEOMETRIC_REPRESENTATION_CONTEXT(2) 
PARAMETRIC_REPRESENTATION_CONTEXT() REPRESENTATION_CONTEXT('2D SPACE',''
  ) );
#641 = PCURVE('',#642,#647);
#642 = PLANE('',#643);
#643 = AXIS2_PLACEMENT_3D('',#644,#645,#646);
#644 = CARTESIAN_POINT('',(1.424504868324,11.851316398492,-4.));
#645 = DIRECTION('',(0.163790496211,0.986495146137,-0.));
#646 = DIRECTION('',(0.986495146137,-0.163790496211,0.));
#647 = DEFINITIONAL_REPRESENTATION('',(#648),#652);
#648 = LINE('',#649,#650);
#649 = CARTESIAN_POINT('',(0.,0.));
#650 = VECTOR('',#651,1.);
#651 = DIRECTION('',(1.,0.));
#652 = ( GEOMETRIC_REPRESENTATION_CONTEXT(2) 
PARAMETRIC_REPRESENTATION_CONTEXT() REPRESENTATION_CONTEXT('2D SPACE',''
  ) );
#653 = ORIENTED_EDGE('',*,*,#654,.T.);
#654 = EDGE_CURVE('',#627,#655,#657,.T.);
#655 = VERTEX_POINT('',#656);
#656 = CARTESIAN_POINT('',(3.519014696104,11.406114591115,-4.));
#657 = SURFACE_CURVE('',#658,(#662,#669),.PCURVE_S1.);
#658 = LINE('',#659,#660);
#659 = CARTESIAN_POINT('',(2.481762999018,11.67577692977,-4.));
#660 = VECTOR('',#661,1.);
#661 = DIRECTION('',(0.967827756336,-0.251613660331,0.));
#662 = PCURVE('',#126,#663);
#663 = DEFINITIONAL_REPRESENTATION('',(#664),#668);
#664 = LINE('',#665,#666);
#665 = CARTESIAN_POINT('',(-2.481762999018,11.67577692977));
#666 = VECTOR('',#667,1.);
#667 = DIRECTION('',(-0.967827756336,-0.251613660331));
#668 = ( GEOMETRIC_REPRESENTATION_CONTEXT(2) 
PARAMETRIC_REPRESENTATION_CONTEXT() REPRESENTATION_CONTEXT('2D SPACE',''
  ) );
#669 = PCURVE('',#670,#675);
#670 = PLANE('',#671);
#671 = AXIS2_PLACEMENT_3D('',#672,#673,#674);
#672 = CARTESIAN_POINT('',(2.481762999018,11.67577692977,-4.));
#673 = DIRECTION('',(0.251613660331,0.967827756336,-0.));
#674 = DIRECTION('',(0.967827756336,-0.251613660331,0.));
#675 = DEFINITIONAL_REPRESENTATION('',(#676),#680);
#676 = LINE('',#677,#678);
#677 = CARTESIAN_POINT('',(0.,0.));
#678 = VECTOR('',#679,1.);
#679 = DIRECTION('',(1.,0.));
#680 = ( GEOMETRIC_REPRESENTATION_CONTEXT(2) 
PARAMETRIC_REPRESENTATION_CONTEXT() REPRESENTATION_CONTEXT('2D SPACE',''
  ) );
#681 = ORIENTED_EDGE('',*,*,#682,.T.);
#682 = EDGE_CURVE('',#655,#683,#685,.T.);
#683 = VERTEX_POINT('',#684);
#684 = CARTESIAN_POINT('',(3.96815057084,12.861890055731,-4.));
#685 = SURFACE_CURVE('',#686,(#690,#697),.PCURVE_S1.);
#686 = LINE('',#687,#688);
#687 = CARTESIAN_POINT('',(3.519014696104,11.406114591115,-4.));
#688 = VECTOR('',#689,1.);
#689 = DIRECTION('',(0.294808285791,0.955556421479,0.));
#690 = PCURVE('',#126,#691);
#691 = DEFINITIONAL_REPRESENTATION('',(#692),#696);
#692 = LINE('',#693,#694);
#693 = CARTESIAN_POINT('',(-3.519014696104,11.406114591115));
#694 = VECTOR('',#695,1.);
#695 = DIRECTION('',(-0.294808285791,0.955556421479));
#696 = ( GEOMETRIC_REPRESENTATION_CONTEXT(2) 
PARAMETRIC_REPRESENTATION_CONTEXT() REPRESENTATION_CONTEXT('2D SPACE',''
  ) );
#697 = PCURVE('',#698,#703);
#698 = PLANE('',#699);
#699 = AXIS2_PLACEMENT_3D('',#700,#701,#702);
#700 = CARTESIAN_POINT('',(3.519014696104,11.406114591115,-4.));
#701 = DIRECTION('',(-0.955556421479,0.294808285791,0.));
#702 = DIRECTION('',(0.294808285791,0.955556421479,0.));
#703 = DEFINITIONAL_REPRESENTATION('',(#704),#708);
#704 = LINE('',#705,#706);
#705 = CARTESIAN_POINT('',(0.,0.));
#706 = VECTOR('',#707,1.);
#707 = DIRECTION('',(1.,0.));
#708 = ( GEOMETRIC_REPRESENTATION_CONTEXT(2) 
PARAMETRIC_REPRESENTATION_CONTEXT() REPRESENTATION_CONTEXT('2D SPACE',''
  ) );
#709 = ORIENTED_EDGE('',*,*,#710,.T.);
#710 = EDGE_CURVE('',#683,#711,#713,.T.);
#711 = VERTEX_POINT('',#712);
#712 = CARTESIAN_POINT('',(4.23530212907,13.35956954866,-4.));
#713 = SURFACE_CURVE('',#714,(#718,#725),.PCURVE_S1.);
#714 = LINE('',#715,#716);
#715 = CARTESIAN_POINT('',(3.96815057084,12.861890055731,-4.));
#716 = VECTOR('',#717,1.);
#717 = DIRECTION('',(0.472960692224,0.881083528169,0.));
#718 = PCURVE('',#126,#719);
#719 = DEFINITIONAL_REPRESENTATION('',(#720),#724);
#720 = LINE('',#721,#722);
#721 = CARTESIAN_POINT('',(-3.96815057084,12.861890055731));
#722 = VECTOR('',#723,1.);
#723 = DIRECTION('',(-0.472960692224,0.881083528169));
#724 = ( GEOMETRIC_REPRESENTATION_CONTEXT(2) 
PARAMETRIC_REPRESENTATION_CONTEXT() REPRESENTATION_CONTEXT('2D SPACE',''
  ) );
#725 = PCURVE('',#726,#731);
#726 = PLANE('',#727);
#727 = AXIS2_PLACEMENT_3D('',#728,#729,#730);
#728 = CARTESIAN_POINT('',(3.96815057084,12.861890055731,-4.));
#729 = DIRECTION('',(-0.881083528169,0.472960692224,0.));
#730 = DIRECTION('',(0.472960692224,0.881083528169,0.));
#731 = DEFINITIONAL_REPRESENTATION('',(#732),#736);
#732 = LINE('',#733,#734);
#733 = CARTESIAN_POINT('',(0.,0.));
#734 = VECTOR('',#735,1.);
#735 = DIRECTION('',(1.,0.));
#736 = ( GEOMETRIC_REPRESENTATION_CONTEXT(2) 
PARAMETRIC_REPRESENTATION_CONTEXT() REPRESENTATION_CONTEXT('2D SPACE',''
  ) );
#737 = ORIENTED_EDGE('',*,*,#738,.T.);
#738 = EDGE_CURVE('',#711,#739,#741,.T.);
#739 = VERTEX_POINT('',#740);
#740 = CARTESIAN_POINT('',(4.593928600606,13.826374181171,-4.));
#741 = SURFACE_CURVE('',#742,(#746,#753),.PCURVE_S1.);
#742 = LINE('',#743,#744);
#743 = CARTESIAN_POINT('',(4.23530212907,13.35956954866,-4.));
#744 = VECTOR('',#745,1.);
#745 = DIRECTION('',(0.609226094474,0.792996573645,0.));
#746 = PCURVE('',#126,#747);
#747 = DEFINITIONAL_REPRESENTATION('',(#748),#752);
#748 = LINE('',#749,#750);
#749 = CARTESIAN_POINT('',(-4.23530212907,13.35956954866));
#750 = VECTOR('',#751,1.);
#751 = DIRECTION('',(-0.609226094474,0.792996573645));
#752 = ( GEOMETRIC_REPRESENTATION_CONTEXT(2) 
PARAMETRIC_REPRESENTATION_CONTEXT() REPRESENTATION_CONTEXT('2D SPACE',''
  ) );
#753 = PCURVE('',#754,#759);
#754 = PLANE('',#755);
#755 = AXIS2_PLACEMENT_3D('',#756,#757,#758);
#756 = CARTESIAN_POINT('',(4.23530212907,13.35956954866,-4.));
#757 = DIRECTION('',(-0.792996573645,0.609226094474,0.));
#758 = DIRECTION('',(0.609226094474,0.792996573645,0.));
#759 = DEFINITIONAL_REPRESENTATION('',(#760),#764);
#760 = LINE('',#761,#762);
#761 = CARTESIAN_POINT('',(0.,0.));
#762 = VECTOR('',#763,1.);
#763 = DIRECTION('',(1.,0.));
#764 = ( GEOMETRIC_REPRESENTATION_CONTEXT(2) 
PARAMETRIC_REPRESENTATION_CONTEXT() REPRESENTATION_CONTEXT('2D SPACE',''
  ) );
#765 = ORIENTED_EDGE('',*,*,#766,.T.);
#766 = EDGE_CURVE('',#739,#767,#769,.T.);
#767 = VERTEX_POINT('',#768);
#768 = CARTESIAN_POINT('',(5.017231956549,14.267886292596,-4.));
#769 = SURFACE_CURVE('',#770,(#774,#781),.PCURVE_S1.);
#770 = LINE('',#771,#772);
#771 = CARTESIAN_POINT('',(4.593928600606,13.826374181171,-4.));
#772 = VECTOR('',#773,1.);
#773 = DIRECTION('',(0.692065209223,0.721834985425,0.));
#774 = PCURVE('',#126,#775);
#775 = DEFINITIONAL_REPRESENTATION('',(#776),#780);
#776 = LINE('',#777,#778);
#777 = CARTESIAN_POINT('',(-4.593928600606,13.826374181171));
#778 = VECTOR('',#779,1.);
#779 = DIRECTION('',(-0.692065209223,0.721834985425));
#780 = ( GEOMETRIC_REPRESENTATION_CONTEXT(2) 
PARAMETRIC_REPRESENTATION_CONTEXT() REPRESENTATION_CONTEXT('2D SPACE',''
  ) );
#781 = PCURVE('',#782,#787);
#782 = PLANE('',#783);
#783 = AXIS2_PLACEMENT_3D('',#784,#785,#786);
#784 = CARTESIAN_POINT('',(4.593928600606,13.826374181171,-4.));
#785 = DIRECTION('',(-0.721834985425,0.692065209223,0.));
#786 = DIRECTION('',(0.692065209223,0.721834985425,0.));
#787 = DEFINITIONAL_REPRESENTATION('',(#788),#792);
#788 = LINE('',#789,#790);
#789 = CARTESIAN_POINT('',(0.,0.));
#790 = VECTOR('',#791,1.);
#791 = DIRECTION('',(1.,0.));
#792 = ( GEOMETRIC_REPRESENTATION_CONTEXT(2) 
PARAMETRIC_REPRESENTATION_CONTEXT() REPRESENTATION_CONTEXT('2D SPACE',''
  ) );
#793 = ORIENTED_EDGE('',*,*,#794,.T.);
#794 = EDGE_CURVE('',#767,#795,#797,.T.);
#795 = VERTEX_POINT('',#796);
#796 = CARTESIAN_POINT('',(5.496162044875,14.684184136804,-4.));
#797 = SURFACE_CURVE('',#798,(#802,#809),.PCURVE_S1.);
#798 = LINE('',#799,#800);
#799 = CARTESIAN_POINT('',(5.017231956549,14.267886292596,-4.));
#800 = VECTOR('',#801,1.);
#801 = DIRECTION('',(0.754732777055,0.656032343135,0.));
#802 = PCURVE('',#126,#803);
#803 = DEFINITIONAL_REPRESENTATION('',(#804),#808);
#804 = LINE('',#805,#806);
#805 = CARTESIAN_POINT('',(-5.01723195655,14.267886292596));
#806 = VECTOR('',#807,1.);
#807 = DIRECTION('',(-0.754732777055,0.656032343135));
#808 = ( GEOMETRIC_REPRESENTATION_CONTEXT(2) 
PARAMETRIC_REPRESENTATION_CONTEXT() REPRESENTATION_CONTEXT('2D SPACE',''
  ) );
#809 = PCURVE('',#810,#815);
#810 = PLANE('',#811);
#811 = AXIS2_PLACEMENT_3D('',#812,#813,#814);
#812 = CARTESIAN_POINT('',(5.017231956549,14.267886292596,-4.));
#813 = DIRECTION('',(-0.656032343135,0.754732777055,0.));
#814 = DIRECTION('',(0.754732777055,0.656032343135,0.));
#815 = DEFINITIONAL_REPRESENTATION('',(#816),#820);
#816 = LINE('',#817,#818);
#817 = CARTESIAN_POINT('',(0.,0.));
#818 = VECTOR('',#819,1.);
#819 = DIRECTION('',(1.,0.));
#820 = ( GEOMETRIC_REPRESENTATION_CONTEXT(2) 
PARAMETRIC_REPRESENTATION_CONTEXT() REPRESENTATION_CONTEXT('2D SPACE',''
  ) );
#821 = ORIENTED_EDGE('',*,*,#822,.T.);
#822 = EDGE_CURVE('',#795,#823,#825,.T.);
#823 = VERTEX_POINT('',#824);
#824 = CARTESIAN_POINT('',(6.025485738672,15.074147414258,-4.));
#825 = SURFACE_CURVE('',#826,(#830,#837),.PCURVE_S1.);
#826 = LINE('',#827,#828);
#827 = CARTESIAN_POINT('',(5.496162044875,14.684184136804,-4.));
#828 = VECTOR('',#829,1.);
#829 = DIRECTION('',(0.805102836221,0.593135248581,0.));
#830 = PCURVE('',#126,#831);
#831 = DEFINITIONAL_REPRESENTATION('',(#832),#836);
#832 = LINE('',#833,#834);
#833 = CARTESIAN_POINT('',(-5.496162044875,14.684184136804));
#834 = VECTOR('',#835,1.);
#835 = DIRECTION('',(-0.805102836221,0.593135248581));
#836 = ( GEOMETRIC_REPRESENTATION_CONTEXT(2) 
PARAMETRIC_REPRESENTATION_CONTEXT() REPRESENTATION_CONTEXT('2D SPACE',''
  ) );
#837 = PCURVE('',#838,#843);
#838 = PLANE('',#839);
#839 = AXIS2_PLACEMENT_3D('',#840,#841,#842);
#840 = CARTESIAN_POINT('',(5.496162044875,14.684184136804,-4.));
#841 = DIRECTION('',(-0.593135248581,0.805102836221,0.));
#842 = DIRECTION('',(0.805102836221,0.593135248581,0.));
#843 = DEFINITIONAL_REPRESENTATION('',(#844),#848);
#844 = LINE('',#845,#846);
#845 = CARTESIAN_POINT('',(0.,0.));
#846 = VECTOR('',#847,1.);
#847 = DIRECTION('',(1.,0.));
#848 = ( GEOMETRIC_REPRESENTATION_CONTEXT(2) 
PARAMETRIC_REPRESENTATION_CONTEXT() REPRESENTATION_CONTEXT('2D SPACE',''
  ) );
#849 = ORIENTED_EDGE('',*,*,#850,.T.);
#850 = EDGE_CURVE('',#823,#851,#853,.T.);
#851 = VERTEX_POINT('',#852);
#852 = CARTESIAN_POINT('',(7.170437723465,14.564381947327,-4.));
#853 = SURFACE_CURVE('',#854,(#858,#865),.PCURVE_S1.);
#854 = LINE('',#855,#856);
#855 = CARTESIAN_POINT('',(6.025485738672,15.074147414258,-4.));
#856 = VECTOR('',#857,1.);
#857 = DIRECTION('',(0.913545457643,-0.406736643076,0.));
#858 = PCURVE('',#126,#859);
#859 = DEFINITIONAL_REPRESENTATION('',(#860),#864);
#860 = LINE('',#861,#862);
#861 = CARTESIAN_POINT('',(-6.025485738672,15.074147414258));
#862 = VECTOR('',#863,1.);
#863 = DIRECTION('',(-0.913545457643,-0.406736643076));
#864 = ( GEOMETRIC_REPRESENTATION_CONTEXT(2) 
PARAMETRIC_REPRESENTATION_CONTEXT() REPRESENTATION_CONTEXT('2D SPACE',''
  ) );
#865 = PCURVE('',#866,#871);
#866 = PLANE('',#867);
#867 = AXIS2_PLACEMENT_3D('',#868,#869,#870);
#868 = CARTESIAN_POINT('',(6.025485738672,15.074147414258,-4.));
#869 = DIRECTION('',(0.406736643076,0.913545457643,-0.));
#870 = DIRECTION('',(0.913545457643,-0.406736643076,0.));
#871 = DEFINITIONAL_REPRESENTATION('',(#872),#876);
#872 = LINE('',#873,#874);
#873 = CARTESIAN_POINT('',(0.,0.));
#874 = VECTOR('',#875,1.);
#875 = DIRECTION('',(1.,0.));
#876 = ( GEOMETRIC_REPRESENTATION_CONTEXT(2) 
PARAMETRIC_REPRESENTATION_CONTEXT() REPRESENTATION_CONTEXT('2D SPACE',''
  ) );
#877 = ORIENTED_EDGE('',*,*,#878,.T.);
#878 = EDGE_CURVE('',#851,#879,#881,.T.);
#879 = VERTEX_POINT('',#880);
#880 = CARTESIAN_POINT('',(7.23482521589,13.910081418979,-4.));
#881 = SURFACE_CURVE('',#882,(#886,#893),.PCURVE_S1.);
#882 = LINE('',#883,#884);
#883 = CARTESIAN_POINT('',(7.170437723465,14.564381947327,-4.));
#884 = VECTOR('',#885,1.);
#885 = DIRECTION('',(9.793355819077E-02,-0.99519295525,0.));
#886 = PCURVE('',#126,#887);
#887 = DEFINITIONAL_REPRESENTATION('',(#888),#892);
#888 = LINE('',#889,#890);
#889 = CARTESIAN_POINT('',(-7.170437723465,14.564381947327));
#890 = VECTOR('',#891,1.);
#891 = DIRECTION('',(-9.793355819077E-02,-0.99519295525));
#892 = ( GEOMETRIC_REPRESENTATION_CONTEXT(2) 
PARAMETRIC_REPRESENTATION_CONTEXT() REPRESENTATION_CONTEXT('2D SPACE',''
  ) );
#893 = PCURVE('',#894,#899);
#894 = PLANE('',#895);
#895 = AXIS2_PLACEMENT_3D('',#896,#897,#898);
#896 = CARTESIAN_POINT('',(7.170437723465,14.564381947327,-4.));
#897 = DIRECTION('',(0.99519295525,9.793355819077E-02,-0.));
#898 = DIRECTION('',(9.793355819077E-02,-0.99519295525,0.));
#899 = DEFINITIONAL_REPRESENTATION('',(#900),#904);
#900 = LINE('',#901,#902);
#901 = CARTESIAN_POINT('',(0.,0.));
#902 = VECTOR('',#903,1.);
#903 = DIRECTION('',(1.,0.));
#904 = ( GEOMETRIC_REPRESENTATION_CONTEXT(2) 
PARAMETRIC_REPRESENTATION_CONTEXT() REPRESENTATION_CONTEXT('2D SPACE',''
  ) );
#905 = ORIENTED_EDGE('',*,*,#906,.T.);
#906 = EDGE_CURVE('',#879,#907,#909,.T.);
#907 = VERTEX_POINT('',#908);
#908 = CARTESIAN_POINT('',(7.245922407513,13.275609373153,-4.));
#909 = SURFACE_CURVE('',#910,(#914,#921),.PCURVE_S1.);
#910 = LINE('',#911,#912);
#911 = CARTESIAN_POINT('',(7.23482521589,13.910081418979,-4.));
#912 = VECTOR('',#913,1.);
#913 = DIRECTION('',(1.748775960358E-02,-0.999847077439,0.));
#914 = PCURVE('',#126,#915);
#915 = DEFINITIONAL_REPRESENTATION('',(#916),#920);
#916 = LINE('',#917,#918);
#917 = CARTESIAN_POINT('',(-7.23482521589,13.910081418979));
#918 = VECTOR('',#919,1.);
#919 = DIRECTION('',(-1.748775960358E-02,-0.999847077439));
#920 = ( GEOMETRIC_REPRESENTATION_CONTEXT(2) 
PARAMETRIC_REPRESENTATION_CONTEXT() REPRESENTATION_CONTEXT('2D SPACE',''
  ) );
#921 = PCURVE('',#922,#927);
#922 = PLANE('',#923);
#923 = AXIS2_PLACEMENT_3D('',#924,#925,#926);
#924 = CARTESIAN_POINT('',(7.23482521589,13.910081418979,-4.));
#925 = DIRECTION('',(0.999847077439,1.748775960358E-02,-0.));
#926 = DIRECTION('',(1.748775960358E-02,-0.999847077439,0.));
#927 = DEFINITIONAL_REPRESENTATION('',(#928),#932);
#928 = LINE('',#929,#930);
#929 = CARTESIAN_POINT('',(0.,0.));
#930 = VECTOR('',#931,1.);
#931 = DIRECTION('',(1.,0.));
#932 = ( GEOMETRIC_REPRESENTATION_CONTEXT(2) 
PARAMETRIC_REPRESENTATION_CONTEXT() REPRESENTATION_CONTEXT('2D SPACE',''
  ) );
#933 = ORIENTED_EDGE('',*,*,#934,.T.);
#934 = EDGE_CURVE('',#907,#935,#937,.T.);
#935 = VERTEX_POINT('',#936);
#936 = CARTESIAN_POINT('',(7.201060197759,12.665604407745,-4.));
#937 = SURFACE_CURVE('',#938,(#942,#949),.PCURVE_S1.);
#938 = LINE('',#939,#940);
#939 = CARTESIAN_POINT('',(7.245922407513,13.275609373153,-4.));
#940 = VECTOR('',#941,1.);
#941 = DIRECTION('',(-7.334592117957E-02,-0.997306560615,0.));
#942 = PCURVE('',#126,#943);
#943 = DEFINITIONAL_REPRESENTATION('',(#944),#948);
#944 = LINE('',#945,#946);
#945 = CARTESIAN_POINT('',(-7.245922407513,13.275609373153));
#946 = VECTOR('',#947,1.);
#947 = DIRECTION('',(7.334592117957E-02,-0.997306560615));
#948 = ( GEOMETRIC_REPRESENTATION_CONTEXT(2) 
PARAMETRIC_REPRESENTATION_CONTEXT() REPRESENTATION_CONTEXT('2D SPACE',''
  ) );
#949 = PCURVE('',#950,#955);
#950 = PLANE('',#951);
#951 = AXIS2_PLACEMENT_3D('',#952,#953,#954);
#952 = CARTESIAN_POINT('',(7.245922407513,13.275609373153,-4.));
#953 = DIRECTION('',(0.997306560615,-7.334592117957E-02,0.));
#954 = DIRECTION('',(-7.334592117957E-02,-0.997306560615,0.));
#955 = DEFINITIONAL_REPRESENTATION('',(#956),#960);
#956 = LINE('',#957,#958);
#957 = CARTESIAN_POINT('',(0.,0.));
#958 = VECTOR('',#959,1.);
#959 = DIRECTION('',(1.,0.));
#960 = ( GEOMETRIC_REPRESENTATION_CONTEXT(2) 
PARAMETRIC_REPRESENTATION_CONTEXT() REPRESENTATION_CONTEXT('2D SPACE',''
  ) );
#961 = ORIENTED_EDGE('',*,*,#962,.T.);
#962 = EDGE_CURVE('',#935,#963,#965,.T.);
#963 = VERTEX_POINT('',#964);
#964 = CARTESIAN_POINT('',(7.094124698955,12.08673973434,-4.));
#965 = SURFACE_CURVE('',#966,(#970,#977),.PCURVE_S1.);
#966 = LINE('',#967,#968);
#967 = CARTESIAN_POINT('',(7.201060197759,12.665604407745,-4.));
#968 = VECTOR('',#969,1.);
#969 = DIRECTION('',(-0.181659474321,-0.983361497817,0.));
#970 = PCURVE('',#126,#971);
#971 = DEFINITIONAL_REPRESENTATION('',(#972),#976);
#972 = LINE('',#973,#974);
#973 = CARTESIAN_POINT('',(-7.201060197759,12.665604407745));
#974 = VECTOR('',#975,1.);
#975 = DIRECTION('',(0.181659474321,-0.983361497817));
#976 = ( GEOMETRIC_REPRESENTATION_CONTEXT(2) 
PARAMETRIC_REPRESENTATION_CONTEXT() REPRESENTATION_CONTEXT('2D SPACE',''
  ) );
#977 = PCURVE('',#978,#983);
#978 = PLANE('',#979);
#979 = AXIS2_PLACEMENT_3D('',#980,#981,#982);
#980 = CARTESIAN_POINT('',(7.201060197759,12.665604407745,-4.));
#981 = DIRECTION('',(0.983361497817,-0.181659474321,0.));
#982 = DIRECTION('',(-0.181659474321,-0.983361497817,0.));
#983 = DEFINITIONAL_REPRESENTATION('',(#984),#988);
#984 = LINE('',#985,#986);
#985 = CARTESIAN_POINT('',(0.,0.));
#986 = VECTOR('',#987,1.);
#987 = DIRECTION('',(1.,0.));
#988 = ( GEOMETRIC_REPRESENTATION_CONTEXT(2) 
PARAMETRIC_REPRESENTATION_CONTEXT() REPRESENTATION_CONTEXT('2D SPACE',''
  ) );
#989 = ORIENTED_EDGE('',*,*,#990,.T.);
#990 = EDGE_CURVE('',#963,#991,#993,.T.);
#991 = VERTEX_POINT('',#992);
#992 = CARTESIAN_POINT('',(6.903036043186,11.555194855347,-4.));
#993 = SURFACE_CURVE('',#994,(#998,#1005),.PCURVE_S1.);
#994 = LINE('',#995,#996);
#995 = CARTESIAN_POINT('',(7.094124698955,12.08673973434,-4.));
#996 = VECTOR('',#997,1.);
#997 = DIRECTION('',(-0.338300190001,-0.941038246537,0.));
#998 = PCURVE('',#126,#999);
#999 = DEFINITIONAL_REPRESENTATION('',(#1000),#1004);
#1000 = LINE('',#1001,#1002);
#1001 = CARTESIAN_POINT('',(-7.094124698955,12.08673973434));
#1002 = VECTOR('',#1003,1.);
#1003 = DIRECTION('',(0.338300190001,-0.941038246537));
#1004 = ( GEOMETRIC_REPRESENTATION_CONTEXT(2) 
PARAMETRIC_REPRESENTATION_CONTEXT() REPRESENTATION_CONTEXT('2D SPACE',''
  ) );
#1005 = PCURVE('',#1006,#1011);
#1006 = PLANE('',#1007);
#1007 = AXIS2_PLACEMENT_3D('',#1008,#1009,#1010);
#1008 = CARTESIAN_POINT('',(7.094124698955,12.08673973434,-4.));
#1009 = DIRECTION('',(0.941038246537,-0.338300190001,0.));
#1010 = DIRECTION('',(-0.338300190001,-0.941038246537,0.));
#1011 = DEFINITIONAL_REPRESENTATION('',(#1012),#1016);
#1012 = LINE('',#1013,#1014);
#1013 = CARTESIAN_POINT('',(0.,0.));
#1014 = VECTOR('',#1015,1.);
#1015 = DIRECTION('',(1.,0.));
#1016 = ( GEOMETRIC_REPRESENTATION_CONTEXT(2) 
PARAMETRIC_REPRESENTATION_CONTEXT() REPRESENTATION_CONTEXT('2D SPACE',''
  ) );
#1017 = ORIENTED_EDGE('',*,*,#1018,.T.);
#1018 = EDGE_CURVE('',#991,#1019,#1021,.T.);
#1019 = VERTEX_POINT('',#1020);
#1020 = CARTESIAN_POINT('',(6.121714599799,10.24731793474,-4.));
#1021 = SURFACE_CURVE('',#1022,(#1026,#1033),.PCURVE_S1.);
#1022 = LINE('',#1023,#1024);
#1023 = CARTESIAN_POINT('',(6.903036043186,11.555194855347,-4.));
#1024 = VECTOR('',#1025,1.);
#1025 = DIRECTION('',(-0.512851563043,-0.858477299807,0.));
#1026 = PCURVE('',#126,#1027);
#1027 = DEFINITIONAL_REPRESENTATION('',(#1028),#1032);
#1028 = LINE('',#1029,#1030);
#1029 = CARTESIAN_POINT('',(-6.903036043186,11.555194855347));
#1030 = VECTOR('',#1031,1.);
#1031 = DIRECTION('',(0.512851563043,-0.858477299807));
#1032 = ( GEOMETRIC_REPRESENTATION_CONTEXT(2) 
PARAMETRIC_REPRESENTATION_CONTEXT() REPRESENTATION_CONTEXT('2D SPACE',''
  ) );
#1033 = PCURVE('',#1034,#1039);
#1034 = PLANE('',#1035);
#1035 = AXIS2_PLACEMENT_3D('',#1036,#1037,#1038);
#1036 = CARTESIAN_POINT('',(6.903036043186,11.555194855347,-4.));
#1037 = DIRECTION('',(0.858477299807,-0.512851563043,0.));
#1038 = DIRECTION('',(-0.512851563043,-0.858477299807,0.));
#1039 = DEFINITIONAL_REPRESENTATION('',(#1040),#1044);
#1040 = LINE('',#1041,#1042);
#1041 = CARTESIAN_POINT('',(0.,0.));
#1042 = VECTOR('',#1043,1.);
#1043 = DIRECTION('',(1.,0.));
#1044 = ( GEOMETRIC_REPRESENTATION_CONTEXT(2) 
PARAMETRIC_REPRESENTATION_CONTEXT() REPRESENTATION_CONTEXT('2D SPACE',''
  ) );
#1045 = ORIENTED_EDGE('',*,*,#1046,.T.);
#1046 = EDGE_CURVE('',#1019,#1047,#1049,.T.);
#1047 = VERTEX_POINT('',#1048);
#1048 = CARTESIAN_POINT('',(7.016169628415,9.656929027509,-4.));
#1049 = SURFACE_CURVE('',#1050,(#1054,#1061),.PCURVE_S1.);
#1050 = LINE('',#1051,#1052);
#1051 = CARTESIAN_POINT('',(6.121714599799,10.24731793474,-4.));
#1052 = VECTOR('',#1053,1.);
#1053 = DIRECTION('',(0.834588563143,-0.550873787969,0.));
#1054 = PCURVE('',#126,#1055);
#1055 = DEFINITIONAL_REPRESENTATION('',(#1056),#1060);
#1056 = LINE('',#1057,#1058);
#1057 = CARTESIAN_POINT('',(-6.121714599799,10.24731793474));
#1058 = VECTOR('',#1059,1.);
#1059 = DIRECTION('',(-0.834588563143,-0.550873787969));
#1060 = ( GEOMETRIC_REPRESENTATION_CONTEXT(2) 
PARAMETRIC_REPRESENTATION_CONTEXT() REPRESENTATION_CONTEXT('2D SPACE',''
  ) );
#1061 = PCURVE('',#1062,#1067);
#1062 = PLANE('',#1063);
#1063 = AXIS2_PLACEMENT_3D('',#1064,#1065,#1066);
#1064 = CARTESIAN_POINT('',(6.121714599799,10.24731793474,-4.));
#1065 = DIRECTION('',(0.550873787969,0.834588563143,-0.));
#1066 = DIRECTION('',(0.834588563143,-0.550873787969,0.));
#1067 = DEFINITIONAL_REPRESENTATION('',(#1068),#1072);
#1068 = LINE('',#1069,#1070);
#1069 = CARTESIAN_POINT('',(0.,0.));
#1070 = VECTOR('',#1071,1.);
#1071 = DIRECTION('',(1.,0.));
#1072 = ( GEOMETRIC_REPRESENTATION_CONTEXT(2) 
PARAMETRIC_REPRESENTATION_CONTEXT() REPRESENTATION_CONTEXT('2D SPACE',''
  ) );
#1073 = ORIENTED_EDGE('',*,*,#1074,.T.);
#1074 = EDGE_CURVE('',#1047,#1075,#1077,.T.);
#1075 = VERTEX_POINT('',#1076);
#1076 = CARTESIAN_POINT('',(7.854064650331,8.988691949636,-4.));
#1077 = SURFACE_CURVE('',#1078,(#1082,#1089),.PCURVE_S1.);
#1078 = LINE('',#1079,#1080);
#1079 = CARTESIAN_POINT('',(7.016169628415,9.656929027509,-4.));
#1080 = VECTOR('',#1081,1.);
#1081 = DIRECTION('',(0.781814155026,-0.623511529164,0.));
#1082 = PCURVE('',#126,#1083);
#1083 = DEFINITIONAL_REPRESENTATION('',(#1084),#1088);
#1084 = LINE('',#1085,#1086);
#1085 = CARTESIAN_POINT('',(-7.016169628415,9.656929027509));
#1086 = VECTOR('',#1087,1.);
#1087 = DIRECTION('',(-0.781814155026,-0.623511529164));
#1088 = ( GEOMETRIC_REPRESENTATION_CONTEXT(2) 
PARAMETRIC_REPRESENTATION_CONTEXT() REPRESENTATION_CONTEXT('2D SPACE',''
  ) );
#1089 = PCURVE('',#1090,#1095);
#1090 = PLANE('',#1091);
#1091 = AXIS2_PLACEMENT_3D('',#1092,#1093,#1094);
#1092 = CARTESIAN_POINT('',(7.016169628415,9.656929027509,-4.));
#1093 = DIRECTION('',(0.623511529164,0.781814155026,-0.));
#1094 = DIRECTION('',(0.781814155026,-0.623511529164,0.));
#1095 = DEFINITIONAL_REPRESENTATION('',(#1096),#1100);
#1096 = LINE('',#1097,#1098);
#1097 = CARTESIAN_POINT('',(0.,0.));
#1098 = VECTOR('',#1099,1.);
#1099 = DIRECTION('',(1.,0.));
#1100 = ( GEOMETRIC_REPRESENTATION_CONTEXT(2) 
PARAMETRIC_REPRESENTATION_CONTEXT() REPRESENTATION_CONTEXT('2D SPACE',''
  ) );
#1101 = ORIENTED_EDGE('',*,*,#1102,.T.);
#1102 = EDGE_CURVE('',#1075,#1103,#1105,.T.);
#1103 = VERTEX_POINT('',#1104);
#1104 = CARTESIAN_POINT('',(8.85648791411,10.135928994709,-4.));
#1105 = SURFACE_CURVE('',#1106,(#1110,#1117),.PCURVE_S1.);
#1106 = LINE('',#1107,#1108);
#1107 = CARTESIAN_POINT('',(7.854064650331,8.988691949636,-4.));
#1108 = VECTOR('',#1109,1.);
#1109 = DIRECTION('',(0.657980581501,0.75303489585,0.));
#1110 = PCURVE('',#126,#1111);
#1111 = DEFINITIONAL_REPRESENTATION('',(#1112),#1116);
#1112 = LINE('',#1113,#1114);
#1113 = CARTESIAN_POINT('',(-7.854064650331,8.988691949636));
#1114 = VECTOR('',#1115,1.);
#1115 = DIRECTION('',(-0.657980581501,0.75303489585));
#1116 = ( GEOMETRIC_REPRESENTATION_CONTEXT(2) 
PARAMETRIC_REPRESENTATION_CONTEXT() REPRESENTATION_CONTEXT('2D SPACE',''
  ) );
#1117 = PCURVE('',#1118,#1123);
#1118 = PLANE('',#1119);
#1119 = AXIS2_PLACEMENT_3D('',#1120,#1121,#1122);
#1120 = CARTESIAN_POINT('',(7.854064650331,8.988691949636,-4.));
#1121 = DIRECTION('',(-0.75303489585,0.657980581501,0.));
#1122 = DIRECTION('',(0.657980581501,0.75303489585,0.));
#1123 = DEFINITIONAL_REPRESENTATION('',(#1124),#1128);
#1124 = LINE('',#1125,#1126);
#1125 = CARTESIAN_POINT('',(0.,0.));
#1126 = VECTOR('',#1127,1.);
#1127 = DIRECTION('',(1.,0.));
#1128 = ( GEOMETRIC_REPRESENTATION_CONTEXT(2) 
PARAMETRIC_REPRESENTATION_CONTEXT() REPRESENTATION_CONTEXT('2D SPACE',''
  ) );
#1129 = ORIENTED_EDGE('',*,*,#1130,.T.);
#1130 = EDGE_CURVE('',#1103,#1131,#1133,.T.);
#1131 = VERTEX_POINT('',#1132);
#1132 = CARTESIAN_POINT('',(9.302967492916,10.48192150685,-4.));
#1133 = SURFACE_CURVE('',#1134,(#1138,#1145),.PCURVE_S1.);
#1134 = LINE('',#1135,#1136);
#1135 = CARTESIAN_POINT('',(8.85648791411,10.135928994709,-4.));
#1136 = VECTOR('',#1137,1.);
#1137 = DIRECTION('',(0.790440048541,0.612539410701,0.));
#1138 = PCURVE('',#126,#1139);
#1139 = DEFINITIONAL_REPRESENTATION('',(#1140),#1144);
#1140 = LINE('',#1141,#1142);
#1141 = CARTESIAN_POINT('',(-8.85648791411,10.135928994709));
#1142 = VECTOR('',#1143,1.);
#1143 = DIRECTION('',(-0.790440048541,0.612539410701));
#1144 = ( GEOMETRIC_REPRESENTATION_CONTEXT(2) 
PARAMETRIC_REPRESENTATION_CONTEXT() REPRESENTATION_CONTEXT('2D SPACE',''
  ) );
#1145 = PCURVE('',#1146,#1151);
#1146 = PLANE('',#1147);
#1147 = AXIS2_PLACEMENT_3D('',#1148,#1149,#1150);
#1148 = CARTESIAN_POINT('',(8.85648791411,10.135928994709,-4.));
#1149 = DIRECTION('',(-0.612539410701,0.790440048541,0.));
#1150 = DIRECTION('',(0.790440048541,0.612539410701,0.));
#1151 = DEFINITIONAL_REPRESENTATION('',(#1152),#1156);
#1152 = LINE('',#1153,#1154);
#1153 = CARTESIAN_POINT('',(0.,0.));
#1154 = VECTOR('',#1155,1.);
#1155 = DIRECTION('',(1.,0.));
#1156 = ( GEOMETRIC_REPRESENTATION_CONTEXT(2) 
PARAMETRIC_REPRESENTATION_CONTEXT() REPRESENTATION_CONTEXT('2D SPACE',''
  ) );
#1157 = ORIENTED_EDGE('',*,*,#1158,.T.);
#1158 = EDGE_CURVE('',#1131,#1159,#1161,.T.);
#1159 = VERTEX_POINT('',#1160);
#1160 = CARTESIAN_POINT('',(9.820455626178,10.762502231336,-4.));
#1161 = SURFACE_CURVE('',#1162,(#1166,#1173),.PCURVE_S1.);
#1162 = LINE('',#1163,#1164);
#1163 = CARTESIAN_POINT('',(9.302967492916,10.48192150685,-4.));
#1164 = VECTOR('',#1165,1.);
#1165 = DIRECTION('',(0.879096495619,0.476643841239,0.));
#1166 = PCURVE('',#126,#1167);
#1167 = DEFINITIONAL_REPRESENTATION('',(#1168),#1172);
#1168 = LINE('',#1169,#1170);
#1169 = CARTESIAN_POINT('',(-9.302967492916,10.48192150685));
#1170 = VECTOR('',#1171,1.);
#1171 = DIRECTION('',(-0.879096495619,0.476643841239));
#1172 = ( GEOMETRIC_REPRESENTATION_CONTEXT(2) 
PARAMETRIC_REPRESENTATION_CONTEXT() REPRESENTATION_CONTEXT('2D SPACE',''
  ) );
#1173 = PCURVE('',#1174,#1179);
#1174 = PLANE('',#1175);
#1175 = AXIS2_PLACEMENT_3D('',#1176,#1177,#1178);
#1176 = CARTESIAN_POINT('',(9.302967492916,10.48192150685,-4.));
#1177 = DIRECTION('',(-0.476643841239,0.879096495619,0.));
#1178 = DIRECTION('',(0.879096495619,0.476643841239,0.));
#1179 = DEFINITIONAL_REPRESENTATION('',(#1180),#1184);
#1180 = LINE('',#1181,#1182);
#1181 = CARTESIAN_POINT('',(0.,0.));
#1182 = VECTOR('',#1183,1.);
#1183 = DIRECTION('',(1.,0.));
#1184 = ( GEOMETRIC_REPRESENTATION_CONTEXT(2) 
PARAMETRIC_REPRESENTATION_CONTEXT() REPRESENTATION_CONTEXT('2D SPACE',''
  ) );
#1185 = ORIENTED_EDGE('',*,*,#1186,.T.);
#1186 = EDGE_CURVE('',#1159,#1187,#1189,.T.);
#1187 = VERTEX_POINT('',#1188);
#1188 = CARTESIAN_POINT('',(10.386741638283,10.993670629222,-4.));
#1189 = SURFACE_CURVE('',#1190,(#1194,#1201),.PCURVE_S1.);
#1190 = LINE('',#1191,#1192);
#1191 = CARTESIAN_POINT('',(9.820455626178,10.762502231336,-4.));
#1192 = VECTOR('',#1193,1.);
#1193 = DIRECTION('',(0.925829767105,0.377940792113,0.));
#1194 = PCURVE('',#126,#1195);
#1195 = DEFINITIONAL_REPRESENTATION('',(#1196),#1200);
#1196 = LINE('',#1197,#1198);
#1197 = CARTESIAN_POINT('',(-9.820455626178,10.762502231336));
#1198 = VECTOR('',#1199,1.);
#1199 = DIRECTION('',(-0.925829767105,0.377940792113));
#1200 = ( GEOMETRIC_REPRESENTATION_CONTEXT(2) 
PARAMETRIC_REPRESENTATION_CONTEXT() REPRESENTATION_CONTEXT('2D SPACE',''
  ) );
#1201 = PCURVE('',#1202,#1207);
#1202 = PLANE('',#1203);
#1203 = AXIS2_PLACEMENT_3D('',#1204,#1205,#1206);
#1204 = CARTESIAN_POINT('',(9.820455626178,10.762502231336,-4.));
#1205 = DIRECTION('',(-0.377940792113,0.925829767105,0.));
#1206 = DIRECTION('',(0.925829767105,0.377940792113,0.));
#1207 = DEFINITIONAL_REPRESENTATION('',(#1208),#1212);
#1208 = LINE('',#1209,#1210);
#1209 = CARTESIAN_POINT('',(0.,0.));
#1210 = VECTOR('',#1211,1.);
#1211 = DIRECTION('',(1.,0.));
#1212 = ( GEOMETRIC_REPRESENTATION_CONTEXT(2) 
PARAMETRIC_REPRESENTATION_CONTEXT() REPRESENTATION_CONTEXT('2D SPACE',''
  ) );
#1213 = ORIENTED_EDGE('',*,*,#1214,.T.);
#1214 = EDGE_CURVE('',#1187,#1215,#1217,.T.);
#1215 = VERTEX_POINT('',#1216);
#1216 = CARTESIAN_POINT('',(10.993589632674,11.179179217432,-4.));
#1217 = SURFACE_CURVE('',#1218,(#1222,#1229),.PCURVE_S1.);
#1218 = LINE('',#1219,#1220);
#1219 = CARTESIAN_POINT('',(10.386741638283,10.993670629222,-4.));
#1220 = VECTOR('',#1221,1.);
#1221 = DIRECTION('',(0.956315093208,0.292337890978,0.));
#1222 = PCURVE('',#126,#1223);
#1223 = DEFINITIONAL_REPRESENTATION('',(#1224),#1228);
#1224 = LINE('',#1225,#1226);
#1225 = CARTESIAN_POINT('',(-10.38674163828,10.993670629222));
#1226 = VECTOR('',#1227,1.);
#1227 = DIRECTION('',(-0.956315093208,0.292337890978));
#1228 = ( GEOMETRIC_REPRESENTATION_CONTEXT(2) 
PARAMETRIC_REPRESENTATION_CONTEXT() REPRESENTATION_CONTEXT('2D SPACE',''
  ) );
#1229 = PCURVE('',#1230,#1235);
#1230 = PLANE('',#1231);
#1231 = AXIS2_PLACEMENT_3D('',#1232,#1233,#1234);
#1232 = CARTESIAN_POINT('',(10.386741638283,10.993670629222,-4.));
#1233 = DIRECTION('',(-0.292337890978,0.956315093208,0.));
#1234 = DIRECTION('',(0.956315093208,0.292337890978,0.));
#1235 = DEFINITIONAL_REPRESENTATION('',(#1236),#1240);
#1236 = LINE('',#1237,#1238);
#1237 = CARTESIAN_POINT('',(0.,0.));
#1238 = VECTOR('',#1239,1.);
#1239 = DIRECTION('',(1.,0.));
#1240 = ( GEOMETRIC_REPRESENTATION_CONTEXT(2) 
PARAMETRIC_REPRESENTATION_CONTEXT() REPRESENTATION_CONTEXT('2D SPACE',''
  ) );
#1241 = ORIENTED_EDGE('',*,*,#1242,.T.);
#1242 = EDGE_CURVE('',#1215,#1243,#1245,.T.);
#1243 = VERTEX_POINT('',#1244);
#1244 = CARTESIAN_POINT('',(11.635763243159,11.320133055882,-4.));
#1245 = SURFACE_CURVE('',#1246,(#1250,#1257),.PCURVE_S1.);
#1246 = LINE('',#1247,#1248);
#1247 = CARTESIAN_POINT('',(10.993589632674,11.179179217432,-4.));
#1248 = VECTOR('',#1249,1.);
#1249 = DIRECTION('',(0.976747878863,0.214391187173,0.));
#1250 = PCURVE('',#126,#1251);
#1251 = DEFINITIONAL_REPRESENTATION('',(#1252),#1256);
#1252 = LINE('',#1253,#1254);
#1253 = CARTESIAN_POINT('',(-10.99358963267,11.179179217432));
#1254 = VECTOR('',#1255,1.);
#1255 = DIRECTION('',(-0.976747878863,0.214391187173));
#1256 = ( GEOMETRIC_REPRESENTATION_CONTEXT(2) 
PARAMETRIC_REPRESENTATION_CONTEXT() REPRESENTATION_CONTEXT('2D SPACE',''
  ) );
#1257 = PCURVE('',#1258,#1263);
#1258 = PLANE('',#1259);
#1259 = AXIS2_PLACEMENT_3D('',#1260,#1261,#1262);
#1260 = CARTESIAN_POINT('',(10.993589632674,11.179179217432,-4.));
#1261 = DIRECTION('',(-0.214391187173,0.976747878863,0.));
#1262 = DIRECTION('',(0.976747878863,0.214391187173,0.));
#1263 = DEFINITIONAL_REPRESENTATION('',(#1264),#1268);
#1264 = LINE('',#1265,#1266);
#1265 = CARTESIAN_POINT('',(0.,0.));
#1266 = VECTOR('',#1267,1.);
#1267 = DIRECTION('',(1.,0.));
#1268 = ( GEOMETRIC_REPRESENTATION_CONTEXT(2) 
PARAMETRIC_REPRESENTATION_CONTEXT() REPRESENTATION_CONTEXT('2D SPACE',''
  ) );
#1269 = ORIENTED_EDGE('',*,*,#1270,.T.);
#1270 = EDGE_CURVE('',#1243,#1271,#1273,.T.);
#1271 = VERTEX_POINT('',#1272);
#1272 = CARTESIAN_POINT('',(12.47438863331,10.388745202326,-4.));
#1273 = SURFACE_CURVE('',#1274,(#1278,#1285),.PCURVE_S1.);
#1274 = LINE('',#1275,#1276);
#1275 = CARTESIAN_POINT('',(11.635763243159,11.320133055882,-4.));
#1276 = VECTOR('',#1277,1.);
#1277 = DIRECTION('',(0.669130606359,-0.743144825477,0.));
#1278 = PCURVE('',#126,#1279);
#1279 = DEFINITIONAL_REPRESENTATION('',(#1280),#1284);
#1280 = LINE('',#1281,#1282);
#1281 = CARTESIAN_POINT('',(-11.63576324315,11.320133055882));
#1282 = VECTOR('',#1283,1.);
#1283 = DIRECTION('',(-0.669130606359,-0.743144825477));
#1284 = ( GEOMETRIC_REPRESENTATION_CONTEXT(2) 
PARAMETRIC_REPRESENTATION_CONTEXT() REPRESENTATION_CONTEXT('2D SPACE',''
  ) );
#1285 = PCURVE('',#1286,#1291);
#1286 = PLANE('',#1287);
#1287 = AXIS2_PLACEMENT_3D('',#1288,#1289,#1290);
#1288 = CARTESIAN_POINT('',(11.635763243159,11.320133055882,-4.));
#1289 = DIRECTION('',(0.743144825477,0.669130606359,-0.));
#1290 = DIRECTION('',(0.669130606359,-0.743144825477,0.));
#1291 = DEFINITIONAL_REPRESENTATION('',(#1292),#1296);
#1292 = LINE('',#1293,#1294);
#1293 = CARTESIAN_POINT('',(0.,0.));
#1294 = VECTOR('',#1295,1.);
#1295 = DIRECTION('',(1.,0.));
#1296 = ( GEOMETRIC_REPRESENTATION_CONTEXT(2) 
PARAMETRIC_REPRESENTATION_CONTEXT() REPRESENTATION_CONTEXT('2D SPACE',''
  ) );
#1297 = ORIENTED_EDGE('',*,*,#1298,.T.);
#1298 = EDGE_CURVE('',#1271,#1299,#1301,.T.);
#1299 = VERTEX_POINT('',#1300);
#1300 = CARTESIAN_POINT('',(12.267081534081,9.764823174196,-4.));
#1301 = SURFACE_CURVE('',#1302,(#1306,#1313),.PCURVE_S1.);
#1302 = LINE('',#1303,#1304);
#1303 = CARTESIAN_POINT('',(12.47438863331,10.388745202326,-4.));
#1304 = VECTOR('',#1305,1.);
#1305 = DIRECTION('',(-0.315314684595,-0.94898717045,0.));
#1306 = PCURVE('',#126,#1307);
#1307 = DEFINITIONAL_REPRESENTATION('',(#1308),#1312);
#1308 = LINE('',#1309,#1310);
#1309 = CARTESIAN_POINT('',(-12.47438863331,10.388745202326));
#1310 = VECTOR('',#1311,1.);
#1311 = DIRECTION('',(0.315314684595,-0.94898717045));
#1312 = ( GEOMETRIC_REPRESENTATION_CONTEXT(2) 
PARAMETRIC_REPRESENTATION_CONTEXT() REPRESENTATION_CONTEXT('2D SPACE',''
  ) );
#1313 = PCURVE('',#1314,#1319);
#1314 = PLANE('',#1315);
#1315 = AXIS2_PLACEMENT_3D('',#1316,#1317,#1318);
#1316 = CARTESIAN_POINT('',(12.47438863331,10.388745202326,-4.));
#1317 = DIRECTION('',(0.94898717045,-0.315314684595,0.));
#1318 = DIRECTION('',(-0.315314684595,-0.94898717045,0.));
#1319 = DEFINITIONAL_REPRESENTATION('',(#1320),#1324);
#1320 = LINE('',#1321,#1322);
#1321 = CARTESIAN_POINT('',(0.,0.));
#1322 = VECTOR('',#1323,1.);
#1323 = DIRECTION('',(1.,0.));
#1324 = ( GEOMETRIC_REPRESENTATION_CONTEXT(2) 
PARAMETRIC_REPRESENTATION_CONTEXT() REPRESENTATION_CONTEXT('2D SPACE',''
  ) );
#1325 = ORIENTED_EDGE('',*,*,#1326,.T.);
#1326 = EDGE_CURVE('',#1299,#1327,#1329,.T.);
#1327 = VERTEX_POINT('',#1328);
#1328 = CARTESIAN_POINT('',(12.019156293037,9.180690484262,-4.));
#1329 = SURFACE_CURVE('',#1330,(#1334,#1341),.PCURVE_S1.);
#1330 = LINE('',#1331,#1332);
#1331 = CARTESIAN_POINT('',(12.267081534081,9.764823174196,-4.));
#1332 = VECTOR('',#1333,1.);
#1333 = DIRECTION('',(-0.390698580517,-0.920518668568,0.));
#1334 = PCURVE('',#126,#1335);
#1335 = DEFINITIONAL_REPRESENTATION('',(#1336),#1340);
#1336 = LINE('',#1337,#1338);
#1337 = CARTESIAN_POINT('',(-12.26708153408,9.764823174196));
#1338 = VECTOR('',#1339,1.);
#1339 = DIRECTION('',(0.390698580517,-0.920518668568));
#1340 = ( GEOMETRIC_REPRESENTATION_CONTEXT(2) 
PARAMETRIC_REPRESENTATION_CONTEXT() REPRESENTATION_CONTEXT('2D SPACE',''
  ) );
#1341 = PCURVE('',#1342,#1347);
#1342 = PLANE('',#1343);
#1343 = AXIS2_PLACEMENT_3D('',#1344,#1345,#1346);
#1344 = CARTESIAN_POINT('',(12.267081534081,9.764823174196,-4.));
#1345 = DIRECTION('',(0.920518668568,-0.390698580517,0.));
#1346 = DIRECTION('',(-0.390698580517,-0.920518668568,0.));
#1347 = DEFINITIONAL_REPRESENTATION('',(#1348),#1352);
#1348 = LINE('',#1349,#1350);
#1349 = CARTESIAN_POINT('',(0.,0.));
#1350 = VECTOR('',#1351,1.);
#1351 = DIRECTION('',(1.,0.));
#1352 = ( GEOMETRIC_REPRESENTATION_CONTEXT(2) 
PARAMETRIC_REPRESENTATION_CONTEXT() REPRESENTATION_CONTEXT('2D SPACE',''
  ) );
#1353 = ORIENTED_EDGE('',*,*,#1354,.T.);
#1354 = EDGE_CURVE('',#1327,#1355,#1357,.T.);
#1355 = VERTEX_POINT('',#1356);
#1356 = CARTESIAN_POINT('',(11.730061253206,8.64167032357,-4.));
#1357 = SURFACE_CURVE('',#1358,(#1362,#1369),.PCURVE_S1.);
#1358 = LINE('',#1359,#1360);
#1359 = CARTESIAN_POINT('',(12.019156293037,9.180690484262,-4.));
#1360 = VECTOR('',#1361,1.);
#1361 = DIRECTION('',(-0.472645955712,-0.881252404563,0.));
#1362 = PCURVE('',#126,#1363);
#1363 = DEFINITIONAL_REPRESENTATION('',(#1364),#1368);
#1364 = LINE('',#1365,#1366);
#1365 = CARTESIAN_POINT('',(-12.01915629303,9.180690484262));
#1366 = VECTOR('',#1367,1.);
#1367 = DIRECTION('',(0.472645955712,-0.881252404563));
#1368 = ( GEOMETRIC_REPRESENTATION_CONTEXT(2) 
PARAMETRIC_REPRESENTATION_CONTEXT() REPRESENTATION_CONTEXT('2D SPACE',''
  ) );
#1369 = PCURVE('',#1370,#1375);
#1370 = PLANE('',#1371);
#1371 = AXIS2_PLACEMENT_3D('',#1372,#1373,#1374);
#1372 = CARTESIAN_POINT('',(12.019156293037,9.180690484262,-4.));
#1373 = DIRECTION('',(0.881252404563,-0.472645955712,0.));
#1374 = DIRECTION('',(-0.472645955712,-0.881252404563,0.));
#1375 = DEFINITIONAL_REPRESENTATION('',(#1376),#1380);
#1376 = LINE('',#1377,#1378);
#1377 = CARTESIAN_POINT('',(0.,0.));
#1378 = VECTOR('',#1379,1.);
#1379 = DIRECTION('',(1.,0.));
#1380 = ( GEOMETRIC_REPRESENTATION_CONTEXT(2) 
PARAMETRIC_REPRESENTATION_CONTEXT() REPRESENTATION_CONTEXT('2D SPACE',''
  ) );
#1381 = ORIENTED_EDGE('',*,*,#1382,.T.);
#1382 = EDGE_CURVE('',#1355,#1383,#1385,.T.);
#1383 = VERTEX_POINT('',#1384);
#1384 = CARTESIAN_POINT('',(11.396925339957,8.156345716401,-4.));
#1385 = SURFACE_CURVE('',#1386,(#1390,#1397),.PCURVE_S1.);
#1386 = LINE('',#1387,#1388);
#1387 = CARTESIAN_POINT('',(11.730061253206,8.64167032357,-4.));
#1388 = VECTOR('',#1389,1.);
#1389 = DIRECTION('',(-0.565923342156,-0.824457864784,0.));
#1390 = PCURVE('',#126,#1391);
#1391 = DEFINITIONAL_REPRESENTATION('',(#1392),#1396);
#1392 = LINE('',#1393,#1394);
#1393 = CARTESIAN_POINT('',(-11.7300612532,8.64167032357));
#1394 = VECTOR('',#1395,1.);
#1395 = DIRECTION('',(0.565923342156,-0.824457864784));
#1396 = ( GEOMETRIC_REPRESENTATION_CONTEXT(2) 
PARAMETRIC_REPRESENTATION_CONTEXT() REPRESENTATION_CONTEXT('2D SPACE',''
  ) );
#1397 = PCURVE('',#1398,#1403);
#1398 = PLANE('',#1399);
#1399 = AXIS2_PLACEMENT_3D('',#1400,#1401,#1402);
#1400 = CARTESIAN_POINT('',(11.730061253206,8.64167032357,-4.));
#1401 = DIRECTION('',(0.824457864784,-0.565923342156,0.));
#1402 = DIRECTION('',(-0.565923342156,-0.824457864784,0.));
#1403 = DEFINITIONAL_REPRESENTATION('',(#1404),#1408);
#1404 = LINE('',#1405,#1406);
#1405 = CARTESIAN_POINT('',(0.,0.));
#1406 = VECTOR('',#1407,1.);
#1407 = DIRECTION('',(1.,0.));
#1408 = ( GEOMETRIC_REPRESENTATION_CONTEXT(2) 
PARAMETRIC_REPRESENTATION_CONTEXT() REPRESENTATION_CONTEXT('2D SPACE',''
  ) );
#1409 = ORIENTED_EDGE('',*,*,#1410,.T.);
#1410 = EDGE_CURVE('',#1383,#1411,#1413,.T.);
#1411 = VERTEX_POINT('',#1412);
#1412 = CARTESIAN_POINT('',(11.006158386747,7.74847806504,-4.));
#1413 = SURFACE_CURVE('',#1414,(#1418,#1425),.PCURVE_S1.);
#1414 = LINE('',#1415,#1416);
#1415 = CARTESIAN_POINT('',(11.396925339957,8.156345716401,-4.));
#1416 = VECTOR('',#1417,1.);
#1417 = DIRECTION('',(-0.691807339297,-0.722082131959,0.));
#1418 = PCURVE('',#126,#1419);
#1419 = DEFINITIONAL_REPRESENTATION('',(#1420),#1424);
#1420 = LINE('',#1421,#1422);
#1421 = CARTESIAN_POINT('',(-11.39692533995,8.156345716401));
#1422 = VECTOR('',#1423,1.);
#1423 = DIRECTION('',(0.691807339297,-0.722082131959));
#1424 = ( GEOMETRIC_REPRESENTATION_CONTEXT(2) 
PARAMETRIC_REPRESENTATION_CONTEXT() REPRESENTATION_CONTEXT('2D SPACE',''
  ) );
#1425 = PCURVE('',#1426,#1431);
#1426 = PLANE('',#1427);
#1427 = AXIS2_PLACEMENT_3D('',#1428,#1429,#1430);
#1428 = CARTESIAN_POINT('',(11.396925339957,8.156345716401,-4.));
#1429 = DIRECTION('',(0.722082131959,-0.691807339297,0.));
#1430 = DIRECTION('',(-0.691807339297,-0.722082131959,0.));
#1431 = DEFINITIONAL_REPRESENTATION('',(#1432),#1436);
#1432 = LINE('',#1433,#1434);
#1433 = CARTESIAN_POINT('',(0.,0.));
#1434 = VECTOR('',#1435,1.);
#1435 = DIRECTION('',(1.,0.));
#1436 = ( GEOMETRIC_REPRESENTATION_CONTEXT(2) 
PARAMETRIC_REPRESENTATION_CONTEXT() REPRESENTATION_CONTEXT('2D SPACE',''
  ) );
#1437 = ORIENTED_EDGE('',*,*,#1438,.T.);
#1438 = EDGE_CURVE('',#1411,#1439,#1441,.T.);
#1439 = VERTEX_POINT('',#1440);
#1440 = CARTESIAN_POINT('',(9.760424262938,6.871465106111,-4.));
#1441 = SURFACE_CURVE('',#1442,(#1446,#1453),.PCURVE_S1.);
#1442 = LINE('',#1443,#1444);
#1443 = CARTESIAN_POINT('',(11.006158386747,7.74847806504,-4.));
#1444 = VECTOR('',#1445,1.);
#1445 = DIRECTION('',(-0.817687390943,-0.57566251458,0.));
#1446 = PCURVE('',#126,#1447);
#1447 = DEFINITIONAL_REPRESENTATION('',(#1448),#1452);
#1448 = LINE('',#1449,#1450);
#1449 = CARTESIAN_POINT('',(-11.00615838674,7.74847806504));
#1450 = VECTOR('',#1451,1.);
#1451 = DIRECTION('',(0.817687390943,-0.57566251458));
#1452 = ( GEOMETRIC_REPRESENTATION_CONTEXT(2) 
PARAMETRIC_REPRESENTATION_CONTEXT() REPRESENTATION_CONTEXT('2D SPACE',''
  ) );
#1453 = PCURVE('',#1454,#1459);
#1454 = PLANE('',#1455);
#1455 = AXIS2_PLACEMENT_3D('',#1456,#1457,#1458);
#1456 = CARTESIAN_POINT('',(11.006158386747,7.74847806504,-4.));
#1457 = DIRECTION('',(0.57566251458,-0.817687390943,0.));
#1458 = DIRECTION('',(-0.817687390943,-0.57566251458,0.));
#1459 = DEFINITIONAL_REPRESENTATION('',(#1460),#1464);
#1460 = LINE('',#1461,#1462);
#1461 = CARTESIAN_POINT('',(0.,0.));
#1462 = VECTOR('',#1463,1.);
#1463 = DIRECTION('',(1.,0.));
#1464 = ( GEOMETRIC_REPRESENTATION_CONTEXT(2) 
PARAMETRIC_REPRESENTATION_CONTEXT() REPRESENTATION_CONTEXT('2D SPACE',''
  ) );
#1465 = ORIENTED_EDGE('',*,*,#1466,.T.);
#1466 = EDGE_CURVE('',#1439,#1467,#1469,.T.);
#1467 = VERTEX_POINT('',#1468);
#1468 = CARTESIAN_POINT('',(10.337416789159,5.968310365946,-4.));
#1469 = SURFACE_CURVE('',#1470,(#1474,#1481),.PCURVE_S1.);
#1470 = LINE('',#1471,#1472);
#1471 = CARTESIAN_POINT('',(9.760424262938,6.871465106111,-4.));
#1472 = VECTOR('',#1473,1.);
#1473 = DIRECTION('',(0.538374035583,-0.842705997256,0.));
#1474 = PCURVE('',#126,#1475);
#1475 = DEFINITIONAL_REPRESENTATION('',(#1476),#1480);
#1476 = LINE('',#1477,#1478);
#1477 = CARTESIAN_POINT('',(-9.760424262938,6.871465106111));
#1478 = VECTOR('',#1479,1.);
#1479 = DIRECTION('',(-0.538374035583,-0.842705997256));
#1480 = ( GEOMETRIC_REPRESENTATION_CONTEXT(2) 
PARAMETRIC_REPRESENTATION_CONTEXT() REPRESENTATION_CONTEXT('2D SPACE',''
  ) );
#1481 = PCURVE('',#1482,#1487);
#1482 = PLANE('',#1483);
#1483 = AXIS2_PLACEMENT_3D('',#1484,#1485,#1486);
#1484 = CARTESIAN_POINT('',(9.760424262938,6.871465106111,-4.));
#1485 = DIRECTION('',(0.842705997256,0.538374035583,-0.));
#1486 = DIRECTION('',(0.538374035583,-0.842705997256,0.));
#1487 = DEFINITIONAL_REPRESENTATION('',(#1488),#1492);
#1488 = LINE('',#1489,#1490);
#1489 = CARTESIAN_POINT('',(0.,0.));
#1490 = VECTOR('',#1491,1.);
#1491 = DIRECTION('',(1.,0.));
#1492 = ( GEOMETRIC_REPRESENTATION_CONTEXT(2) 
PARAMETRIC_REPRESENTATION_CONTEXT() REPRESENTATION_CONTEXT('2D SPACE',''
  ) );
#1493 = ORIENTED_EDGE('',*,*,#1494,.T.);
#1494 = EDGE_CURVE('',#1467,#1495,#1497,.T.);
#1495 = VERTEX_POINT('',#1496);
#1496 = CARTESIAN_POINT('',(10.831075474579,5.017042810362,-4.));
#1497 = SURFACE_CURVE('',#1498,(#1502,#1509),.PCURVE_S1.);
#1498 = LINE('',#1499,#1500);
#1499 = CARTESIAN_POINT('',(10.337416789159,5.968310365946,-4.));
#1500 = VECTOR('',#1501,1.);
#1501 = DIRECTION('',(0.460617783753,-0.88759859018,0.));
#1502 = PCURVE('',#126,#1503);
#1503 = DEFINITIONAL_REPRESENTATION('',(#1504),#1508);
#1504 = LINE('',#1505,#1506);
#1505 = CARTESIAN_POINT('',(-10.33741678915,5.968310365946));
#1506 = VECTOR('',#1507,1.);
#1507 = DIRECTION('',(-0.460617783753,-0.88759859018));
#1508 = ( GEOMETRIC_REPRESENTATION_CONTEXT(2) 
PARAMETRIC_REPRESENTATION_CONTEXT() REPRESENTATION_CONTEXT('2D SPACE',''
  ) );
#1509 = PCURVE('',#1510,#1515);
#1510 = PLANE('',#1511);
#1511 = AXIS2_PLACEMENT_3D('',#1512,#1513,#1514);
#1512 = CARTESIAN_POINT('',(10.337416789159,5.968310365946,-4.));
#1513 = DIRECTION('',(0.88759859018,0.460617783753,-0.));
#1514 = DIRECTION('',(0.460617783753,-0.88759859018,0.));
#1515 = DEFINITIONAL_REPRESENTATION('',(#1516),#1520);
#1516 = LINE('',#1517,#1518);
#1517 = CARTESIAN_POINT('',(0.,0.));
#1518 = VECTOR('',#1519,1.);
#1519 = DIRECTION('',(1.,0.));
#1520 = ( GEOMETRIC_REPRESENTATION_CONTEXT(2) 
PARAMETRIC_REPRESENTATION_CONTEXT() REPRESENTATION_CONTEXT('2D SPACE',''
  ) );
#1521 = ORIENTED_EDGE('',*,*,#1522,.T.);
#1522 = EDGE_CURVE('',#1495,#1523,#1525,.T.);
#1523 = VERTEX_POINT('',#1524);
#1524 = CARTESIAN_POINT('',(12.213458038365,5.657373728478,-4.));
#1525 = SURFACE_CURVE('',#1526,(#1530,#1537),.PCURVE_S1.);
#1526 = LINE('',#1527,#1528);
#1527 = CARTESIAN_POINT('',(10.831075474579,5.017042810362,-4.));
#1528 = VECTOR('',#1529,1.);
#1529 = DIRECTION('',(0.907382057104,0.420306795621,0.));
#1530 = PCURVE('',#126,#1531);
#1531 = DEFINITIONAL_REPRESENTATION('',(#1532),#1536);
#1532 = LINE('',#1533,#1534);
#1533 = CARTESIAN_POINT('',(-10.83107547457,5.017042810362));
#1534 = VECTOR('',#1535,1.);
#1535 = DIRECTION('',(-0.907382057104,0.420306795621));
#1536 = ( GEOMETRIC_REPRESENTATION_CONTEXT(2) 
PARAMETRIC_REPRESENTATION_CONTEXT() REPRESENTATION_CONTEXT('2D SPACE',''
  ) );
#1537 = PCURVE('',#1538,#1543);
#1538 = PLANE('',#1539);
#1539 = AXIS2_PLACEMENT_3D('',#1540,#1541,#1542);
#1540 = CARTESIAN_POINT('',(10.831075474579,5.017042810362,-4.));
#1541 = DIRECTION('',(-0.420306795621,0.907382057104,0.));
#1542 = DIRECTION('',(0.907382057104,0.420306795621,0.));
#1543 = DEFINITIONAL_REPRESENTATION('',(#1544),#1548);
#1544 = LINE('',#1545,#1546);
#1545 = CARTESIAN_POINT('',(0.,0.));
#1546 = VECTOR('',#1547,1.);
#1547 = DIRECTION('',(1.,0.));
#1548 = ( GEOMETRIC_REPRESENTATION_CONTEXT(2) 
PARAMETRIC_REPRESENTATION_CONTEXT() REPRESENTATION_CONTEXT('2D SPACE',''
  ) );
#1549 = ORIENTED_EDGE('',*,*,#1550,.T.);
#1550 = EDGE_CURVE('',#1523,#1551,#1553,.T.);
#1551 = VERTEX_POINT('',#1552);
#1552 = CARTESIAN_POINT('',(12.76206526243,5.791854011237,-4.));
#1553 = SURFACE_CURVE('',#1554,(#1558,#1565),.PCURVE_S1.);
#1554 = LINE('',#1555,#1556);
#1555 = CARTESIAN_POINT('',(12.213458038365,5.657373728478,-4.));
#1556 = VECTOR('',#1557,1.);
#1557 = DIRECTION('',(0.971245139544,0.238081664377,0.));
#1558 = PCURVE('',#126,#1559);
#1559 = DEFINITIONAL_REPRESENTATION('',(#1560),#1564);
#1560 = LINE('',#1561,#1562);
#1561 = CARTESIAN_POINT('',(-12.21345803836,5.657373728478));
#1562 = VECTOR('',#1563,1.);
#1563 = DIRECTION('',(-0.971245139544,0.238081664377));
#1564 = ( GEOMETRIC_REPRESENTATION_CONTEXT(2) 
PARAMETRIC_REPRESENTATION_CONTEXT() REPRESENTATION_CONTEXT('2D SPACE',''
  ) );
#1565 = PCURVE('',#1566,#1571);
#1566 = PLANE('',#1567);
#1567 = AXIS2_PLACEMENT_3D('',#1568,#1569,#1570);
#1568 = CARTESIAN_POINT('',(12.213458038365,5.657373728478,-4.));
#1569 = DIRECTION('',(-0.238081664377,0.971245139544,0.));
#1570 = DIRECTION('',(0.971245139544,0.238081664377,0.));
#1571 = DEFINITIONAL_REPRESENTATION('',(#1572),#1576);
#1572 = LINE('',#1573,#1574);
#1573 = CARTESIAN_POINT('',(0.,0.));
#1574 = VECTOR('',#1575,1.);
#1575 = DIRECTION('',(1.,0.));
#1576 = ( GEOMETRIC_REPRESENTATION_CONTEXT(2) 
PARAMETRIC_REPRESENTATION_CONTEXT() REPRESENTATION_CONTEXT('2D SPACE',''
  ) );
#1577 = ORIENTED_EDGE('',*,*,#1578,.T.);
#1578 = EDGE_CURVE('',#1551,#1579,#1581,.T.);
#1579 = VERTEX_POINT('',#1580);
#1580 = CARTESIAN_POINT('',(13.348936657945,5.837695871438,-4.));
#1581 = SURFACE_CURVE('',#1582,(#1586,#1593),.PCURVE_S1.);
#1582 = LINE('',#1583,#1584);
#1583 = CARTESIAN_POINT('',(12.76206526243,5.791854011237,-4.));
#1584 = VECTOR('',#1585,1.);
#1585 = DIRECTION('',(0.99696312633,7.787505850964E-02,0.));
#1586 = PCURVE('',#126,#1587);
#1587 = DEFINITIONAL_REPRESENTATION('',(#1588),#1592);
#1588 = LINE('',#1589,#1590);
#1589 = CARTESIAN_POINT('',(-12.76206526243,5.791854011237));
#1590 = VECTOR('',#1591,1.);
#1591 = DIRECTION('',(-0.99696312633,7.787505850964E-02));
#1592 = ( GEOMETRIC_REPRESENTATION_CONTEXT(2) 
PARAMETRIC_REPRESENTATION_CONTEXT() REPRESENTATION_CONTEXT('2D SPACE',''
  ) );
#1593 = PCURVE('',#1594,#1599);
#1594 = PLANE('',#1595);
#1595 = AXIS2_PLACEMENT_3D('',#1596,#1597,#1598);
#1596 = CARTESIAN_POINT('',(12.76206526243,5.791854011237,-4.));
#1597 = DIRECTION('',(-7.787505850964E-02,0.99696312633,0.));
#1598 = DIRECTION('',(0.99696312633,7.787505850964E-02,0.));
#1599 = DEFINITIONAL_REPRESENTATION('',(#1600),#1604);
#1600 = LINE('',#1601,#1602);
#1601 = CARTESIAN_POINT('',(0.,0.));
#1602 = VECTOR('',#1603,1.);
#1603 = DIRECTION('',(1.,0.));
#1604 = ( GEOMETRIC_REPRESENTATION_CONTEXT(2) 
PARAMETRIC_REPRESENTATION_CONTEXT() REPRESENTATION_CONTEXT('2D SPACE',''
  ) );
#1605 = ORIENTED_EDGE('',*,*,#1606,.T.);
#1606 = EDGE_CURVE('',#1579,#1607,#1609,.T.);
#1607 = VERTEX_POINT('',#1608);
#1608 = CARTESIAN_POINT('',(13.960289330171,5.818549439694,-4.));
#1609 = SURFACE_CURVE('',#1610,(#1614,#1621),.PCURVE_S1.);
#1610 = LINE('',#1611,#1612);
#1611 = CARTESIAN_POINT('',(13.348936657945,5.837695871438,-4.));
#1612 = VECTOR('',#1613,1.);
#1613 = DIRECTION('',(0.999509947354,-3.130279763883E-02,0.));
#1614 = PCURVE('',#126,#1615);
#1615 = DEFINITIONAL_REPRESENTATION('',(#1616),#1620);
#1616 = LINE('',#1617,#1618);
#1617 = CARTESIAN_POINT('',(-13.34893665794,5.837695871438));
#1618 = VECTOR('',#1619,1.);
#1619 = DIRECTION('',(-0.999509947354,-3.130279763883E-02));
#1620 = ( GEOMETRIC_REPRESENTATION_CONTEXT(2) 
PARAMETRIC_REPRESENTATION_CONTEXT() REPRESENTATION_CONTEXT('2D SPACE',''
  ) );
#1621 = PCURVE('',#1622,#1627);
#1622 = PLANE('',#1623);
#1623 = AXIS2_PLACEMENT_3D('',#1624,#1625,#1626);
#1624 = CARTESIAN_POINT('',(13.348936657945,5.837695871438,-4.));
#1625 = DIRECTION('',(3.130279763883E-02,0.999509947354,-0.));
#1626 = DIRECTION('',(0.999509947354,-3.130279763883E-02,0.));
#1627 = DEFINITIONAL_REPRESENTATION('',(#1628),#1632);
#1628 = LINE('',#1629,#1630);
#1629 = CARTESIAN_POINT('',(0.,0.));
#1630 = VECTOR('',#1631,1.);
#1631 = DIRECTION('',(1.,0.));
#1632 = ( GEOMETRIC_REPRESENTATION_CONTEXT(2) 
PARAMETRIC_REPRESENTATION_CONTEXT() REPRESENTATION_CONTEXT('2D SPACE',''
  ) );
#1633 = ORIENTED_EDGE('',*,*,#1634,.T.);
#1634 = EDGE_CURVE('',#1607,#1635,#1637,.T.);
#1635 = VERTEX_POINT('',#1636);
#1636 = CARTESIAN_POINT('',(14.590125699357,5.741192651711,-4.));
#1637 = SURFACE_CURVE('',#1638,(#1642,#1649),.PCURVE_S1.);
#1638 = LINE('',#1639,#1640);
#1639 = CARTESIAN_POINT('',(13.960289330171,5.818549439694,-4.));
#1640 = VECTOR('',#1641,1.);
#1641 = DIRECTION('',(0.992541841896,-0.121904438334,0.));
#1642 = PCURVE('',#126,#1643);
#1643 = DEFINITIONAL_REPRESENTATION('',(#1644),#1648);
#1644 = LINE('',#1645,#1646);
#1645 = CARTESIAN_POINT('',(-13.96028933017,5.818549439694));
#1646 = VECTOR('',#1647,1.);
#1647 = DIRECTION('',(-0.992541841896,-0.121904438334));
#1648 = ( GEOMETRIC_REPRESENTATION_CONTEXT(2) 
PARAMETRIC_REPRESENTATION_CONTEXT() REPRESENTATION_CONTEXT('2D SPACE',''
  ) );
#1649 = PCURVE('',#1650,#1655);
#1650 = PLANE('',#1651);
#1651 = AXIS2_PLACEMENT_3D('',#1652,#1653,#1654);
#1652 = CARTESIAN_POINT('',(13.960289330171,5.818549439694,-4.));
#1653 = DIRECTION('',(0.121904438334,0.992541841896,-0.));
#1654 = DIRECTION('',(0.992541841896,-0.121904438334,0.));
#1655 = DEFINITIONAL_REPRESENTATION('',(#1656),#1660);
#1656 = LINE('',#1657,#1658);
#1657 = CARTESIAN_POINT('',(0.,0.));
#1658 = VECTOR('',#1659,1.);
#1659 = DIRECTION('',(1.,0.));
#1660 = ( GEOMETRIC_REPRESENTATION_CONTEXT(2) 
PARAMETRIC_REPRESENTATION_CONTEXT() REPRESENTATION_CONTEXT('2D SPACE',''
  ) );
#1661 = ORIENTED_EDGE('',*,*,#1662,.T.);
#1662 = EDGE_CURVE('',#1635,#1663,#1665,.T.);
#1663 = VERTEX_POINT('',#1664);
#1664 = CARTESIAN_POINT('',(15.234111575313,5.608764851964,-4.));
#1665 = SURFACE_CURVE('',#1666,(#1670,#1677),.PCURVE_S1.);
#1666 = LINE('',#1667,#1668);
#1667 = CARTESIAN_POINT('',(14.590125699357,5.741192651711,-4.));
#1668 = VECTOR('',#1669,1.);
#1669 = DIRECTION('',(0.979504339773,-0.201423058179,0.));
#1670 = PCURVE('',#126,#1671);
#1671 = DEFINITIONAL_REPRESENTATION('',(#1672),#1676);
#1672 = LINE('',#1673,#1674);
#1673 = CARTESIAN_POINT('',(-14.59012569935,5.741192651711));
#1674 = VECTOR('',#1675,1.);
#1675 = DIRECTION('',(-0.979504339773,-0.201423058179));
#1676 = ( GEOMETRIC_REPRESENTATION_CONTEXT(2) 
PARAMETRIC_REPRESENTATION_CONTEXT() REPRESENTATION_CONTEXT('2D SPACE',''
  ) );
#1677 = PCURVE('',#1678,#1683);
#1678 = PLANE('',#1679);
#1679 = AXIS2_PLACEMENT_3D('',#1680,#1681,#1682);
#1680 = CARTESIAN_POINT('',(14.590125699357,5.741192651711,-4.));
#1681 = DIRECTION('',(0.201423058179,0.979504339773,-0.));
#1682 = DIRECTION('',(0.979504339773,-0.201423058179,0.));
#1683 = DEFINITIONAL_REPRESENTATION('',(#1684),#1688);
#1684 = LINE('',#1685,#1686);
#1685 = CARTESIAN_POINT('',(0.,0.));
#1686 = VECTOR('',#1687,1.);
#1687 = DIRECTION('',(1.,0.));
#1688 = ( GEOMETRIC_REPRESENTATION_CONTEXT(2) 
PARAMETRIC_REPRESENTATION_CONTEXT() REPRESENTATION_CONTEXT('2D SPACE',''
  ) );
#1689 = ORIENTED_EDGE('',*,*,#1690,.T.);
#1690 = EDGE_CURVE('',#1663,#1691,#1693,.T.);
#1691 = VERTEX_POINT('',#1692);
#1692 = CARTESIAN_POINT('',(15.621404422193,4.416800033056,-4.));
#1693 = SURFACE_CURVE('',#1694,(#1698,#1705),.PCURVE_S1.);
#1694 = LINE('',#1695,#1696);
#1695 = CARTESIAN_POINT('',(15.234111575313,5.608764851964,-4.));
#1696 = VECTOR('',#1697,1.);
#1697 = DIRECTION('',(0.309016994375,-0.951056516295,0.));
#1698 = PCURVE('',#126,#1699);
#1699 = DEFINITIONAL_REPRESENTATION('',(#1700),#1704);
#1700 = LINE('',#1701,#1702);
#1701 = CARTESIAN_POINT('',(-15.23411157531,5.608764851964));
#1702 = VECTOR('',#1703,1.);
#1703 = DIRECTION('',(-0.309016994375,-0.951056516295));
#1704 = ( GEOMETRIC_REPRESENTATION_CONTEXT(2) 
PARAMETRIC_REPRESENTATION_CONTEXT() REPRESENTATION_CONTEXT('2D SPACE',''
  ) );
#1705 = PCURVE('',#1706,#1711);
#1706 = PLANE('',#1707);
#1707 = AXIS2_PLACEMENT_3D('',#1708,#1709,#1710);
#1708 = CARTESIAN_POINT('',(15.234111575313,5.608764851964,-4.));
#1709 = DIRECTION('',(0.951056516295,0.309016994375,-0.));
#1710 = DIRECTION('',(0.309016994375,-0.951056516295,0.));
#1711 = DEFINITIONAL_REPRESENTATION('',(#1712),#1716);
#1712 = LINE('',#1713,#1714);
#1713 = CARTESIAN_POINT('',(0.,0.));
#1714 = VECTOR('',#1715,1.);
#1715 = DIRECTION('',(1.,0.));
#1716 = ( GEOMETRIC_REPRESENTATION_CONTEXT(2) 
PARAMETRIC_REPRESENTATION_CONTEXT() REPRESENTATION_CONTEXT('2D SPACE',''
  ) );
#1717 = ORIENTED_EDGE('',*,*,#1718,.T.);
#1718 = EDGE_CURVE('',#1691,#1719,#1721,.T.);
#1719 = VERTEX_POINT('',#1720);
#1720 = CARTESIAN_POINT('',(15.178248012092,3.93113829196,-4.));
#1721 = SURFACE_CURVE('',#1722,(#1726,#1733),.PCURVE_S1.);
#1722 = LINE('',#1723,#1724);
#1723 = CARTESIAN_POINT('',(15.621404422193,4.416800033056,-4.));
#1724 = VECTOR('',#1725,1.);
#1725 = DIRECTION('',(-0.674042153871,-0.738692882601,0.));
#1726 = PCURVE('',#126,#1727);
#1727 = DEFINITIONAL_REPRESENTATION('',(#1728),#1732);
#1728 = LINE('',#1729,#1730);
#1729 = CARTESIAN_POINT('',(-15.62140442219,4.416800033056));
#1730 = VECTOR('',#1731,1.);
#1731 = DIRECTION('',(0.674042153871,-0.738692882601));
#1732 = ( GEOMETRIC_REPRESENTATION_CONTEXT(2) 
PARAMETRIC_REPRESENTATION_CONTEXT() REPRESENTATION_CONTEXT('2D SPACE',''
  ) );
#1733 = PCURVE('',#1734,#1739);
#1734 = PLANE('',#1735);
#1735 = AXIS2_PLACEMENT_3D('',#1736,#1737,#1738);
#1736 = CARTESIAN_POINT('',(15.621404422193,4.416800033056,-4.));
#1737 = DIRECTION('',(0.738692882601,-0.674042153871,0.));
#1738 = DIRECTION('',(-0.674042153871,-0.738692882601,0.));
#1739 = DEFINITIONAL_REPRESENTATION('',(#1740),#1744);
#1740 = LINE('',#1741,#1742);
#1741 = CARTESIAN_POINT('',(0.,0.));
#1742 = VECTOR('',#1743,1.);
#1743 = DIRECTION('',(1.,0.));
#1744 = ( GEOMETRIC_REPRESENTATION_CONTEXT(2) 
PARAMETRIC_REPRESENTATION_CONTEXT() REPRESENTATION_CONTEXT('2D SPACE',''
  ) );
#1745 = ORIENTED_EDGE('',*,*,#1746,.T.);
#1746 = EDGE_CURVE('',#1719,#1747,#1749,.T.);
#1747 = VERTEX_POINT('',#1748);
#1748 = CARTESIAN_POINT('',(14.714168864887,3.498346806687,-4.));
#1749 = SURFACE_CURVE('',#1750,(#1754,#1761),.PCURVE_S1.);
#1750 = LINE('',#1751,#1752);
#1751 = CARTESIAN_POINT('',(15.178248012092,3.93113829196,-4.));
#1752 = VECTOR('',#1753,1.);
#1753 = DIRECTION('',(-0.73132958668,-0.682024219252,0.));
#1754 = PCURVE('',#126,#1755);
#1755 = DEFINITIONAL_REPRESENTATION('',(#1756),#1760);
#1756 = LINE('',#1757,#1758);
#1757 = CARTESIAN_POINT('',(-15.17824801209,3.93113829196));
#1758 = VECTOR('',#1759,1.);
#1759 = DIRECTION('',(0.73132958668,-0.682024219252));
#1760 = ( GEOMETRIC_REPRESENTATION_CONTEXT(2) 
PARAMETRIC_REPRESENTATION_CONTEXT() REPRESENTATION_CONTEXT('2D SPACE',''
  ) );
#1761 = PCURVE('',#1762,#1767);
#1762 = PLANE('',#1763);
#1763 = AXIS2_PLACEMENT_3D('',#1764,#1765,#1766);
#1764 = CARTESIAN_POINT('',(15.178248012092,3.93113829196,-4.));
#1765 = DIRECTION('',(0.682024219252,-0.73132958668,0.));
#1766 = DIRECTION('',(-0.73132958668,-0.682024219252,0.));
#1767 = DEFINITIONAL_REPRESENTATION('',(#1768),#1772);
#1768 = LINE('',#1769,#1770);
#1769 = CARTESIAN_POINT('',(0.,0.));
#1770 = VECTOR('',#1771,1.);
#1771 = DIRECTION('',(1.,0.));
#1772 = ( GEOMETRIC_REPRESENTATION_CONTEXT(2) 
PARAMETRIC_REPRESENTATION_CONTEXT() REPRESENTATION_CONTEXT('2D SPACE',''
  ) );
#1773 = ORIENTED_EDGE('',*,*,#1774,.T.);
#1774 = EDGE_CURVE('',#1747,#1775,#1777,.T.);
#1775 = VERTEX_POINT('',#1776);
#1776 = CARTESIAN_POINT('',(14.230828153712,3.12351293334,-4.));
#1777 = SURFACE_CURVE('',#1778,(#1782,#1789),.PCURVE_S1.);
#1778 = LINE('',#1779,#1780);
#1779 = CARTESIAN_POINT('',(14.714168864887,3.498346806687,-4.));
#1780 = VECTOR('',#1781,1.);
#1781 = DIRECTION('',(-0.790221210649,-0.612821701836,0.));
#1782 = PCURVE('',#126,#1783);
#1783 = DEFINITIONAL_REPRESENTATION('',(#1784),#1788);
#1784 = LINE('',#1785,#1786);
#1785 = CARTESIAN_POINT('',(-14.71416886488,3.498346806687));
#1786 = VECTOR('',#1787,1.);
#1787 = DIRECTION('',(0.790221210649,-0.612821701836));
#1788 = ( GEOMETRIC_REPRESENTATION_CONTEXT(2) 
PARAMETRIC_REPRESENTATION_CONTEXT() REPRESENTATION_CONTEXT('2D SPACE',''
  ) );
#1789 = PCURVE('',#1790,#1795);
#1790 = PLANE('',#1791);
#1791 = AXIS2_PLACEMENT_3D('',#1792,#1793,#1794);
#1792 = CARTESIAN_POINT('',(14.714168864887,3.498346806687,-4.));
#1793 = DIRECTION('',(0.612821701836,-0.790221210649,0.));
#1794 = DIRECTION('',(-0.790221210649,-0.612821701836,0.));
#1795 = DEFINITIONAL_REPRESENTATION('',(#1796),#1800);
#1796 = LINE('',#1797,#1798);
#1797 = CARTESIAN_POINT('',(0.,0.));
#1798 = VECTOR('',#1799,1.);
#1799 = DIRECTION('',(1.,0.));
#1800 = ( GEOMETRIC_REPRESENTATION_CONTEXT(2) 
PARAMETRIC_REPRESENTATION_CONTEXT() REPRESENTATION_CONTEXT('2D SPACE',''
  ) );
#1801 = ORIENTED_EDGE('',*,*,#1802,.T.);
#1802 = EDGE_CURVE('',#1775,#1803,#1805,.T.);
#1803 = VERTEX_POINT('',#1804);
#1804 = CARTESIAN_POINT('',(13.729094051864,2.815645426021,-4.));
#1805 = SURFACE_CURVE('',#1806,(#1810,#1817),.PCURVE_S1.);
#1806 = LINE('',#1807,#1808);
#1807 = CARTESIAN_POINT('',(14.230828153712,3.12351293334,-4.));
#1808 = VECTOR('',#1809,1.);
#1809 = DIRECTION('',(-0.85233392288,-0.522997976964,0.));
#1810 = PCURVE('',#126,#1811);
#1811 = DEFINITIONAL_REPRESENTATION('',(#1812),#1816);
#1812 = LINE('',#1813,#1814);
#1813 = CARTESIAN_POINT('',(-14.23082815371,3.12351293334));
#1814 = VECTOR('',#1815,1.);
#1815 = DIRECTION('',(0.85233392288,-0.522997976964));
#1816 = ( GEOMETRIC_REPRESENTATION_CONTEXT(2) 
PARAMETRIC_REPRESENTATION_CONTEXT() REPRESENTATION_CONTEXT('2D SPACE',''
  ) );
#1817 = PCURVE('',#1818,#1823);
#1818 = PLANE('',#1819);
#1819 = AXIS2_PLACEMENT_3D('',#1820,#1821,#1822);
#1820 = CARTESIAN_POINT('',(14.230828153712,3.12351293334,-4.));
#1821 = DIRECTION('',(0.522997976964,-0.85233392288,0.));
#1822 = DIRECTION('',(-0.85233392288,-0.522997976964,0.));
#1823 = DEFINITIONAL_REPRESENTATION('',(#1824),#1828);
#1824 = LINE('',#1825,#1826);
#1825 = CARTESIAN_POINT('',(0.,0.));
#1826 = VECTOR('',#1827,1.);
#1827 = DIRECTION('',(1.,0.));
#1828 = ( GEOMETRIC_REPRESENTATION_CONTEXT(2) 
PARAMETRIC_REPRESENTATION_CONTEXT() REPRESENTATION_CONTEXT('2D SPACE',''
  ) );
#1829 = ORIENTED_EDGE('',*,*,#1830,.T.);
#1830 = EDGE_CURVE('',#1803,#1831,#1833,.T.);
#1831 = VERTEX_POINT('',#1832);
#1832 = CARTESIAN_POINT('',(13.206215957428,2.601979024575,-4.));
#1833 = SURFACE_CURVE('',#1834,(#1838,#1845),.PCURVE_S1.);
#1834 = LINE('',#1835,#1836);
#1835 = CARTESIAN_POINT('',(13.729094051864,2.815645426021,-4.));
#1836 = VECTOR('',#1837,1.);
#1837 = DIRECTION('',(-0.925694714757,-0.378271456855,0.));
#1838 = PCURVE('',#126,#1839);
#1839 = DEFINITIONAL_REPRESENTATION('',(#1840),#1844);
#1840 = LINE('',#1841,#1842);
#1841 = CARTESIAN_POINT('',(-13.72909405186,2.815645426021));
#1842 = VECTOR('',#1843,1.);
#1843 = DIRECTION('',(0.925694714757,-0.378271456855));
#1844 = ( GEOMETRIC_REPRESENTATION_CONTEXT(2) 
PARAMETRIC_REPRESENTATION_CONTEXT() REPRESENTATION_CONTEXT('2D SPACE',''
  ) );
#1845 = PCURVE('',#1846,#1851);
#1846 = PLANE('',#1847);
#1847 = AXIS2_PLACEMENT_3D('',#1848,#1849,#1850);
#1848 = CARTESIAN_POINT('',(13.729094051864,2.815645426021,-4.));
#1849 = DIRECTION('',(0.378271456855,-0.925694714757,0.));
#1850 = DIRECTION('',(-0.925694714757,-0.378271456855,0.));
#1851 = DEFINITIONAL_REPRESENTATION('',(#1852),#1856);
#1852 = LINE('',#1853,#1854);
#1853 = CARTESIAN_POINT('',(0.,0.));
#1854 = VECTOR('',#1855,1.);
#1855 = DIRECTION('',(1.,0.));
#1856 = ( GEOMETRIC_REPRESENTATION_CONTEXT(2) 
PARAMETRIC_REPRESENTATION_CONTEXT() REPRESENTATION_CONTEXT('2D SPACE',''
  ) );
#1857 = ORIENTED_EDGE('',*,*,#1858,.T.);
#1858 = EDGE_CURVE('',#1831,#1859,#1861,.T.);
#1859 = VERTEX_POINT('',#1860);
#1860 = CARTESIAN_POINT('',(11.711467900343,2.307473535334,-4.));
#1861 = SURFACE_CURVE('',#1862,(#1866,#1873),.PCURVE_S1.);
#1862 = LINE('',#1863,#1864);
#1863 = CARTESIAN_POINT('',(13.206215957428,2.601979024575,-4.));
#1864 = VECTOR('',#1865,1.);
#1865 = DIRECTION('',(-0.981137640493,-0.193310450852,0.));
#1866 = PCURVE('',#126,#1867);
#1867 = DEFINITIONAL_REPRESENTATION('',(#1868),#1872);
#1868 = LINE('',#1869,#1870);
#1869 = CARTESIAN_POINT('',(-13.20621595742,2.601979024575));
#1870 = VECTOR('',#1871,1.);
#1871 = DIRECTION('',(0.981137640493,-0.193310450852));
#1872 = ( GEOMETRIC_REPRESENTATION_CONTEXT(2) 
PARAMETRIC_REPRESENTATION_CONTEXT() REPRESENTATION_CONTEXT('2D SPACE',''
  ) );
#1873 = PCURVE('',#1874,#1879);
#1874 = PLANE('',#1875);
#1875 = AXIS2_PLACEMENT_3D('',#1876,#1877,#1878);
#1876 = CARTESIAN_POINT('',(13.206215957428,2.601979024575,-4.));
#1877 = DIRECTION('',(0.193310450852,-0.981137640493,0.));
#1878 = DIRECTION('',(-0.981137640493,-0.193310450852,0.));
#1879 = DEFINITIONAL_REPRESENTATION('',(#1880),#1884);
#1880 = LINE('',#1881,#1882);
#1881 = CARTESIAN_POINT('',(0.,0.));
#1882 = VECTOR('',#1883,1.);
#1883 = DIRECTION('',(1.,0.));
#1884 = ( GEOMETRIC_REPRESENTATION_CONTEXT(2) 
PARAMETRIC_REPRESENTATION_CONTEXT() REPRESENTATION_CONTEXT('2D SPACE',''
  ) );
#1885 = ORIENTED_EDGE('',*,*,#1886,.T.);
#1886 = EDGE_CURVE('',#1859,#1887,#1889,.T.);
#1887 = VERTEX_POINT('',#1888);
#1888 = CARTESIAN_POINT('',(11.871230674574,1.247716621713,-4.));
#1889 = SURFACE_CURVE('',#1890,(#1894,#1901),.PCURVE_S1.);
#1890 = LINE('',#1891,#1892);
#1891 = CARTESIAN_POINT('',(11.711467900343,2.307473535334,-4.));
#1892 = VECTOR('',#1893,1.);
#1893 = DIRECTION('',(0.149069746296,-0.988826683873,0.));
#1894 = PCURVE('',#126,#1895);
#1895 = DEFINITIONAL_REPRESENTATION('',(#1896),#1900);
#1896 = LINE('',#1897,#1898);
#1897 = CARTESIAN_POINT('',(-11.71146790034,2.307473535334));
#1898 = VECTOR('',#1899,1.);
#1899 = DIRECTION('',(-0.149069746296,-0.988826683873));
#1900 = ( GEOMETRIC_REPRESENTATION_CONTEXT(2) 
PARAMETRIC_REPRESENTATION_CONTEXT() REPRESENTATION_CONTEXT('2D SPACE',''
  ) );
#1901 = PCURVE('',#1902,#1907);
#1902 = PLANE('',#1903);
#1903 = AXIS2_PLACEMENT_3D('',#1904,#1905,#1906);
#1904 = CARTESIAN_POINT('',(11.711467900343,2.307473535334,-4.));
#1905 = DIRECTION('',(0.988826683873,0.149069746296,-0.));
#1906 = DIRECTION('',(0.149069746296,-0.988826683873,0.));
#1907 = DEFINITIONAL_REPRESENTATION('',(#1908),#1912);
#1908 = LINE('',#1909,#1910);
#1909 = CARTESIAN_POINT('',(0.,0.));
#1910 = VECTOR('',#1911,1.);
#1911 = DIRECTION('',(1.,0.));
#1912 = ( GEOMETRIC_REPRESENTATION_CONTEXT(2) 
PARAMETRIC_REPRESENTATION_CONTEXT() REPRESENTATION_CONTEXT('2D SPACE',''
  ) );
#1913 = ORIENTED_EDGE('',*,*,#1914,.T.);
#1914 = EDGE_CURVE('',#1887,#1915,#1917,.T.);
#1915 = VERTEX_POINT('',#1916);
#1916 = CARTESIAN_POINT('',(11.93529495204,0.177901390774,-4.));
#1917 = SURFACE_CURVE('',#1918,(#1922,#1929),.PCURVE_S1.);
#1918 = LINE('',#1919,#1920);
#1919 = CARTESIAN_POINT('',(11.871230674574,1.247716621713,-4.));
#1920 = VECTOR('',#1921,1.);
#1921 = DIRECTION('',(5.977641308859E-02,-0.998211791374,0.));
#1922 = PCURVE('',#126,#1923);
#1923 = DEFINITIONAL_REPRESENTATION('',(#1924),#1928);
#1924 = LINE('',#1925,#1926);
#1925 = CARTESIAN_POINT('',(-11.87123067457,1.247716621713));
#1926 = VECTOR('',#1927,1.);
#1927 = DIRECTION('',(-5.977641308859E-02,-0.998211791374));
#1928 = ( GEOMETRIC_REPRESENTATION_CONTEXT(2) 
PARAMETRIC_REPRESENTATION_CONTEXT() REPRESENTATION_CONTEXT('2D SPACE',''
  ) );
#1929 = PCURVE('',#1930,#1935);
#1930 = PLANE('',#1931);
#1931 = AXIS2_PLACEMENT_3D('',#1932,#1933,#1934);
#1932 = CARTESIAN_POINT('',(11.871230674574,1.247716621713,-4.));
#1933 = DIRECTION('',(0.998211791374,5.977641308859E-02,-0.));
#1934 = DIRECTION('',(5.977641308859E-02,-0.998211791374,0.));
#1935 = DEFINITIONAL_REPRESENTATION('',(#1936),#1940);
#1936 = LINE('',#1937,#1938);
#1937 = CARTESIAN_POINT('',(0.,0.));
#1938 = VECTOR('',#1939,1.);
#1939 = DIRECTION('',(1.,0.));
#1940 = ( GEOMETRIC_REPRESENTATION_CONTEXT(2) 
PARAMETRIC_REPRESENTATION_CONTEXT() REPRESENTATION_CONTEXT('2D SPACE',''
  ) );
#1941 = ORIENTED_EDGE('',*,*,#1942,.T.);
#1942 = EDGE_CURVE('',#1915,#1943,#1945,.T.);
#1943 = VERTEX_POINT('',#1944);
#1944 = CARTESIAN_POINT('',(13.458610312003,0.200607148966,-4.));
#1945 = SURFACE_CURVE('',#1946,(#1950,#1957),.PCURVE_S1.);
#1946 = LINE('',#1947,#1948);
#1947 = CARTESIAN_POINT('',(11.93529495204,0.177901390774,-4.));
#1948 = VECTOR('',#1949,1.);
#1949 = DIRECTION('',(0.999888931727,1.490383206186E-02,0.));
#1950 = PCURVE('',#126,#1951);
#1951 = DEFINITIONAL_REPRESENTATION('',(#1952),#1956);
#1952 = LINE('',#1953,#1954);
#1953 = CARTESIAN_POINT('',(-11.93529495204,0.177901390774));
#1954 = VECTOR('',#1955,1.);
#1955 = DIRECTION('',(-0.999888931727,1.490383206186E-02));
#1956 = ( GEOMETRIC_REPRESENTATION_CONTEXT(2) 
PARAMETRIC_REPRESENTATION_CONTEXT() REPRESENTATION_CONTEXT('2D SPACE',''
  ) );
#1957 = PCURVE('',#1958,#1963);
#1958 = PLANE('',#1959);
#1959 = AXIS2_PLACEMENT_3D('',#1960,#1961,#1962);
#1960 = CARTESIAN_POINT('',(11.93529495204,0.177901390774,-4.));
#1961 = DIRECTION('',(-1.490383206186E-02,0.999888931727,0.));
#1962 = DIRECTION('',(0.999888931727,1.490383206186E-02,0.));
#1963 = DEFINITIONAL_REPRESENTATION('',(#1964),#1968);
#1964 = LINE('',#1965,#1966);
#1965 = CARTESIAN_POINT('',(0.,0.));
#1966 = VECTOR('',#1967,1.);
#1967 = DIRECTION('',(1.,0.));
#1968 = ( GEOMETRIC_REPRESENTATION_CONTEXT(2) 
PARAMETRIC_REPRESENTATION_CONTEXT() REPRESENTATION_CONTEXT('2D SPACE',''
  ) );
#1969 = ORIENTED_EDGE('',*,*,#1970,.T.);
#1970 = EDGE_CURVE('',#1943,#1971,#1973,.T.);
#1971 = VERTEX_POINT('',#1972);
#1972 = CARTESIAN_POINT('',(14.014486008347,0.10032233974,-4.));
#1973 = SURFACE_CURVE('',#1974,(#1978,#1985),.PCURVE_S1.);
#1974 = LINE('',#1975,#1976);
#1975 = CARTESIAN_POINT('',(13.458610312003,0.200607148966,-4.));
#1976 = VECTOR('',#1977,1.);
#1977 = DIRECTION('',(0.984113122434,-0.177542564622,0.));
#1978 = PCURVE('',#126,#1979);
#1979 = DEFINITIONAL_REPRESENTATION('',(#1980),#1984);
#1980 = LINE('',#1981,#1982);
#1981 = CARTESIAN_POINT('',(-13.458610312,0.200607148966));
#1982 = VECTOR('',#1983,1.);
#1983 = DIRECTION('',(-0.984113122434,-0.177542564622));
#1984 = ( GEOMETRIC_REPRESENTATION_CONTEXT(2) 
PARAMETRIC_REPRESENTATION_CONTEXT() REPRESENTATION_CONTEXT('2D SPACE',''
  ) );
#1985 = PCURVE('',#1986,#1991);
#1986 = PLANE('',#1987);
#1987 = AXIS2_PLACEMENT_3D('',#1988,#1989,#1990);
#1988 = CARTESIAN_POINT('',(13.458610312003,0.200607148966,-4.));
#1989 = DIRECTION('',(0.177542564622,0.984113122434,-0.));
#1990 = DIRECTION('',(0.984113122434,-0.177542564622,0.));
#1991 = DEFINITIONAL_REPRESENTATION('',(#1992),#1996);
#1992 = LINE('',#1993,#1994);
#1993 = CARTESIAN_POINT('',(0.,0.));
#1994 = VECTOR('',#1995,1.);
#1995 = DIRECTION('',(1.,0.));
#1996 = ( GEOMETRIC_REPRESENTATION_CONTEXT(2) 
PARAMETRIC_REPRESENTATION_CONTEXT() REPRESENTATION_CONTEXT('2D SPACE',''
  ) );
#1997 = ORIENTED_EDGE('',*,*,#1998,.T.);
#1998 = EDGE_CURVE('',#1971,#1999,#2001,.T.);
#1999 = VERTEX_POINT('',#2000);
#2000 = CARTESIAN_POINT('',(14.569265270271,-9.650113843236E-02,-4.));
#2001 = SURFACE_CURVE('',#2002,(#2006,#2013),.PCURVE_S1.);
#2002 = LINE('',#2003,#2004);
#2003 = CARTESIAN_POINT('',(14.014486008347,0.10032233974,-4.));
#2004 = VECTOR('',#2005,1.);
#2005 = DIRECTION('',(0.942445775374,-0.334359029309,0.));
#2006 = PCURVE('',#126,#2007);
#2007 = DEFINITIONAL_REPRESENTATION('',(#2008),#2012);
#2008 = LINE('',#2009,#2010);
#2009 = CARTESIAN_POINT('',(-14.01448600834,0.10032233974));
#2010 = VECTOR('',#2011,1.);
#2011 = DIRECTION('',(-0.942445775374,-0.334359029309));
#2012 = ( GEOMETRIC_REPRESENTATION_CONTEXT(2) 
PARAMETRIC_REPRESENTATION_CONTEXT() REPRESENTATION_CONTEXT('2D SPACE',''
  ) );
#2013 = PCURVE('',#2014,#2019);
#2014 = PLANE('',#2015);
#2015 = AXIS2_PLACEMENT_3D('',#2016,#2017,#2018);
#2016 = CARTESIAN_POINT('',(14.014486008347,0.10032233974,-4.));
#2017 = DIRECTION('',(0.334359029309,0.942445775374,-0.));
#2018 = DIRECTION('',(0.942445775374,-0.334359029309,0.));
#2019 = DEFINITIONAL_REPRESENTATION('',(#2020),#2024);
#2020 = LINE('',#2021,#2022);
#2021 = CARTESIAN_POINT('',(0.,0.));
#2022 = VECTOR('',#2023,1.);
#2023 = DIRECTION('',(1.,0.));
#2024 = ( GEOMETRIC_REPRESENTATION_CONTEXT(2) 
PARAMETRIC_REPRESENTATION_CONTEXT() REPRESENTATION_CONTEXT('2D SPACE',''
  ) );
#2025 = ORIENTED_EDGE('',*,*,#2026,.T.);
#2026 = EDGE_CURVE('',#1999,#2027,#2029,.T.);
#2027 = VERTEX_POINT('',#2028);
#2028 = CARTESIAN_POINT('',(15.119976171626,-0.362651807819,-4.));
#2029 = SURFACE_CURVE('',#2030,(#2034,#2041),.PCURVE_S1.);
#2030 = LINE('',#2031,#2032);
#2031 = CARTESIAN_POINT('',(14.569265270271,-9.650113843236E-02,-4.));
#2032 = VECTOR('',#2033,1.);
#2033 = DIRECTION('',(0.900365777444,-0.435133849302,0.));
#2034 = PCURVE('',#126,#2035);
#2035 = DEFINITIONAL_REPRESENTATION('',(#2036),#2040);
#2036 = LINE('',#2037,#2038);
#2037 = CARTESIAN_POINT('',(-14.56926527027,-9.650113843236E-02));
#2038 = VECTOR('',#2039,1.);
#2039 = DIRECTION('',(-0.900365777444,-0.435133849302));
#2040 = ( GEOMETRIC_REPRESENTATION_CONTEXT(2) 
PARAMETRIC_REPRESENTATION_CONTEXT() REPRESENTATION_CONTEXT('2D SPACE',''
  ) );
#2041 = PCURVE('',#2042,#2047);
#2042 = PLANE('',#2043);
#2043 = AXIS2_PLACEMENT_3D('',#2044,#2045,#2046);
#2044 = CARTESIAN_POINT('',(14.569265270271,-9.650113843236E-02,-4.));
#2045 = DIRECTION('',(0.435133849302,0.900365777444,-0.));
#2046 = DIRECTION('',(0.900365777444,-0.435133849302,0.));
#2047 = DEFINITIONAL_REPRESENTATION('',(#2048),#2052);
#2048 = LINE('',#2049,#2050);
#2049 = CARTESIAN_POINT('',(0.,0.));
#2050 = VECTOR('',#2051,1.);
#2051 = DIRECTION('',(1.,0.));
#2052 = ( GEOMETRIC_REPRESENTATION_CONTEXT(2) 
PARAMETRIC_REPRESENTATION_CONTEXT() REPRESENTATION_CONTEXT('2D SPACE',''
  ) );
#2053 = ORIENTED_EDGE('',*,*,#2054,.T.);
#2054 = EDGE_CURVE('',#2027,#2055,#2057,.T.);
#2055 = VERTEX_POINT('',#2056);
#2056 = CARTESIAN_POINT('',(15.66389648549,-0.689498280589,-4.));
#2057 = SURFACE_CURVE('',#2058,(#2062,#2069),.PCURVE_S1.);
#2058 = LINE('',#2059,#2060);
#2059 = CARTESIAN_POINT('',(15.119976171626,-0.362651807819,-4.));
#2060 = VECTOR('',#2061,1.);
#2061 = DIRECTION('',(0.85714908916,-0.515068382792,0.));
#2062 = PCURVE('',#126,#2063);
#2063 = DEFINITIONAL_REPRESENTATION('',(#2064),#2068);
#2064 = LINE('',#2065,#2066);
#2065 = CARTESIAN_POINT('',(-15.11997617162,-0.362651807819));
#2066 = VECTOR('',#2067,1.);
#2067 = DIRECTION('',(-0.85714908916,-0.515068382792));
#2068 = ( GEOMETRIC_REPRESENTATION_CONTEXT(2) 
PARAMETRIC_REPRESENTATION_CONTEXT() REPRESENTATION_CONTEXT('2D SPACE',''
  ) );
#2069 = PCURVE('',#2070,#2075);
#2070 = PLANE('',#2071);
#2071 = AXIS2_PLACEMENT_3D('',#2072,#2073,#2074);
#2072 = CARTESIAN_POINT('',(15.119976171626,-0.362651807819,-4.));
#2073 = DIRECTION('',(0.515068382792,0.85714908916,-0.));
#2074 = DIRECTION('',(0.85714908916,-0.515068382792,0.));
#2075 = DEFINITIONAL_REPRESENTATION('',(#2076),#2080);
#2076 = LINE('',#2077,#2078);
#2077 = CARTESIAN_POINT('',(0.,0.));
#2078 = VECTOR('',#2079,1.);
#2079 = DIRECTION('',(1.,0.));
#2080 = ( GEOMETRIC_REPRESENTATION_CONTEXT(2) 
PARAMETRIC_REPRESENTATION_CONTEXT() REPRESENTATION_CONTEXT('2D SPACE',''
  ) );
#2081 = ORIENTED_EDGE('',*,*,#2082,.T.);
#2082 = EDGE_CURVE('',#2055,#2083,#2085,.T.);
#2083 = VERTEX_POINT('',#2084);
#2084 = CARTESIAN_POINT('',(16.198343618537,-1.072409748888,-4.));
#2085 = SURFACE_CURVE('',#2086,(#2090,#2097),.PCURVE_S1.);
#2086 = LINE('',#2087,#2088);
#2087 = CARTESIAN_POINT('',(15.66389648549,-0.689498280589,-4.));
#2088 = VECTOR('',#2089,1.);
#2089 = DIRECTION('',(0.812895601819,-0.582409426901,0.));
#2090 = PCURVE('',#126,#2091);
#2091 = DEFINITIONAL_REPRESENTATION('',(#2092),#2096);
#2092 = LINE('',#2093,#2094);
#2093 = CARTESIAN_POINT('',(-15.66389648549,-0.689498280589));
#2094 = VECTOR('',#2095,1.);
#2095 = DIRECTION('',(-0.812895601819,-0.582409426901));
#2096 = ( GEOMETRIC_REPRESENTATION_CONTEXT(2) 
PARAMETRIC_REPRESENTATION_CONTEXT() REPRESENTATION_CONTEXT('2D SPACE',''
  ) );
#2097 = PCURVE('',#2098,#2103);
#2098 = PLANE('',#2099);
#2099 = AXIS2_PLACEMENT_3D('',#2100,#2101,#2102);
#2100 = CARTESIAN_POINT('',(15.66389648549,-0.689498280589,-4.));
#2101 = DIRECTION('',(0.582409426901,0.812895601819,-0.));
#2102 = DIRECTION('',(0.812895601819,-0.582409426901,0.));
#2103 = DEFINITIONAL_REPRESENTATION('',(#2104),#2108);
#2104 = LINE('',#2105,#2106);
#2105 = CARTESIAN_POINT('',(0.,0.));
#2106 = VECTOR('',#2107,1.);
#2107 = DIRECTION('',(1.,0.));
#2108 = ( GEOMETRIC_REPRESENTATION_CONTEXT(2) 
PARAMETRIC_REPRESENTATION_CONTEXT() REPRESENTATION_CONTEXT('2D SPACE',''
  ) );
#2109 = ORIENTED_EDGE('',*,*,#2110,.T.);
#2110 = EDGE_CURVE('',#2083,#2111,#2113,.T.);
#2111 = VERTEX_POINT('',#2112);
#2112 = CARTESIAN_POINT('',(16.067337470475,-2.318849987298,-4.));
#2113 = SURFACE_CURVE('',#2114,(#2118,#2125),.PCURVE_S1.);
#2114 = LINE('',#2115,#2116);
#2115 = CARTESIAN_POINT('',(16.198343618537,-1.072409748888,-4.));
#2116 = VECTOR('',#2117,1.);
#2117 = DIRECTION('',(-0.104528463268,-0.994521895368,0.));
#2118 = PCURVE('',#126,#2119);
#2119 = DEFINITIONAL_REPRESENTATION('',(#2120),#2124);
#2120 = LINE('',#2121,#2122);
#2121 = CARTESIAN_POINT('',(-16.19834361853,-1.072409748888));
#2122 = VECTOR('',#2123,1.);
#2123 = DIRECTION('',(0.104528463268,-0.994521895368));
#2124 = ( GEOMETRIC_REPRESENTATION_CONTEXT(2) 
PARAMETRIC_REPRESENTATION_CONTEXT() REPRESENTATION_CONTEXT('2D SPACE',''
  ) );
#2125 = PCURVE('',#2126,#2131);
#2126 = PLANE('',#2127);
#2127 = AXIS2_PLACEMENT_3D('',#2128,#2129,#2130);
#2128 = CARTESIAN_POINT('',(16.198343618537,-1.072409748888,-4.));
#2129 = DIRECTION('',(0.994521895368,-0.104528463268,0.));
#2130 = DIRECTION('',(-0.104528463268,-0.994521895368,0.));
#2131 = DEFINITIONAL_REPRESENTATION('',(#2132),#2136);
#2132 = LINE('',#2133,#2134);
#2133 = CARTESIAN_POINT('',(0.,0.));
#2134 = VECTOR('',#2135,1.);
#2135 = DIRECTION('',(1.,0.));
#2136 = ( GEOMETRIC_REPRESENTATION_CONTEXT(2) 
PARAMETRIC_REPRESENTATION_CONTEXT() REPRESENTATION_CONTEXT('2D SPACE',''
  ) );
#2137 = ORIENTED_EDGE('',*,*,#2138,.T.);
#2138 = EDGE_CURVE('',#2111,#2139,#2141,.T.);
#2139 = VERTEX_POINT('',#2140);
#2140 = CARTESIAN_POINT('',(15.464957518758,-2.582276114225,-4.));
#2141 = SURFACE_CURVE('',#2142,(#2146,#2153),.PCURVE_S1.);
#2142 = LINE('',#2143,#2144);
#2143 = CARTESIAN_POINT('',(16.067337470475,-2.318849987298,-4.));
#2144 = VECTOR('',#2145,1.);
#2145 = DIRECTION('',(-0.916221611261,-0.400671884536,0.));
#2146 = PCURVE('',#126,#2147);
#2147 = DEFINITIONAL_REPRESENTATION('',(#2148),#2152);
#2148 = LINE('',#2149,#2150);
#2149 = CARTESIAN_POINT('',(-16.06733747047,-2.318849987298));
#2150 = VECTOR('',#2151,1.);
#2151 = DIRECTION('',(0.916221611261,-0.400671884536));
#2152 = ( GEOMETRIC_REPRESENTATION_CONTEXT(2) 
PARAMETRIC_REPRESENTATION_CONTEXT() REPRESENTATION_CONTEXT('2D SPACE',''
  ) );
#2153 = PCURVE('',#2154,#2159);
#2154 = PLANE('',#2155);
#2155 = AXIS2_PLACEMENT_3D('',#2156,#2157,#2158);
#2156 = CARTESIAN_POINT('',(16.067337470475,-2.318849987298,-4.));
#2157 = DIRECTION('',(0.400671884536,-0.916221611261,0.));
#2158 = DIRECTION('',(-0.916221611261,-0.400671884536,0.));
#2159 = DEFINITIONAL_REPRESENTATION('',(#2160),#2164);
#2160 = LINE('',#2161,#2162);
#2161 = CARTESIAN_POINT('',(0.,0.));
#2162 = VECTOR('',#2163,1.);
#2163 = DIRECTION('',(1.,0.));
#2164 = ( GEOMETRIC_REPRESENTATION_CONTEXT(2) 
PARAMETRIC_REPRESENTATION_CONTEXT() REPRESENTATION_CONTEXT('2D SPACE',''
  ) );
#2165 = ORIENTED_EDGE('',*,*,#2166,.T.);
#2166 = EDGE_CURVE('',#2139,#2167,#2169,.T.);
#2167 = VERTEX_POINT('',#2168);
#2168 = CARTESIAN_POINT('',(14.86496796597,-2.788892815247,-4.));
#2169 = SURFACE_CURVE('',#2170,(#2174,#2181),.PCURVE_S1.);
#2170 = LINE('',#2171,#2172);
#2171 = CARTESIAN_POINT('',(15.464957518758,-2.582276114225,-4.));
#2172 = VECTOR('',#2173,1.);
#2173 = DIRECTION('',(-0.945507063386,-0.325601586431,0.));
#2174 = PCURVE('',#126,#2175);
#2175 = DEFINITIONAL_REPRESENTATION('',(#2176),#2180);
#2176 = LINE('',#2177,#2178);
#2177 = CARTESIAN_POINT('',(-15.46495751875,-2.582276114225));
#2178 = VECTOR('',#2179,1.);
#2179 = DIRECTION('',(0.945507063386,-0.325601586431));
#2180 = ( GEOMETRIC_REPRESENTATION_CONTEXT(2) 
PARAMETRIC_REPRESENTATION_CONTEXT() REPRESENTATION_CONTEXT('2D SPACE',''
  ) );
#2181 = PCURVE('',#2182,#2187);
#2182 = PLANE('',#2183);
#2183 = AXIS2_PLACEMENT_3D('',#2184,#2185,#2186);
#2184 = CARTESIAN_POINT('',(15.464957518758,-2.582276114225,-4.));
#2185 = DIRECTION('',(0.325601586431,-0.945507063386,0.));
#2186 = DIRECTION('',(-0.945507063386,-0.325601586431,0.));
#2187 = DEFINITIONAL_REPRESENTATION('',(#2188),#2192);
#2188 = LINE('',#2189,#2190);
#2189 = CARTESIAN_POINT('',(0.,0.));
#2190 = VECTOR('',#2191,1.);
#2191 = DIRECTION('',(1.,0.));
#2192 = ( GEOMETRIC_REPRESENTATION_CONTEXT(2) 
PARAMETRIC_REPRESENTATION_CONTEXT() REPRESENTATION_CONTEXT('2D SPACE',''
  ) );
#2193 = ORIENTED_EDGE('',*,*,#2194,.T.);
#2194 = EDGE_CURVE('',#2167,#2195,#2197,.T.);
#2195 = VERTEX_POINT('',#2196);
#2196 = CARTESIAN_POINT('',(14.270955583427,-2.934728219289,-4.));
#2197 = SURFACE_CURVE('',#2198,(#2202,#2209),.PCURVE_S1.);
#2198 = LINE('',#2199,#2200);
#2199 = CARTESIAN_POINT('',(14.86496796597,-2.788892815247,-4.));
#2200 = VECTOR('',#2201,1.);
#2201 = DIRECTION('',(-0.97116003933,-0.23842855955,0.));
#2202 = PCURVE('',#126,#2203);
#2203 = DEFINITIONAL_REPRESENTATION('',(#2204),#2208);
#2204 = LINE('',#2205,#2206);
#2205 = CARTESIAN_POINT('',(-14.86496796597,-2.788892815247));
#2206 = VECTOR('',#2207,1.);
#2207 = DIRECTION('',(0.97116003933,-0.23842855955));
#2208 = ( GEOMETRIC_REPRESENTATION_CONTEXT(2) 
PARAMETRIC_REPRESENTATION_CONTEXT() REPRESENTATION_CONTEXT('2D SPACE',''
  ) );
#2209 = PCURVE('',#2210,#2215);
#2210 = PLANE('',#2211);
#2211 = AXIS2_PLACEMENT_3D('',#2212,#2213,#2214);
#2212 = CARTESIAN_POINT('',(14.86496796597,-2.788892815247,-4.));
#2213 = DIRECTION('',(0.23842855955,-0.97116003933,0.));
#2214 = DIRECTION('',(-0.97116003933,-0.23842855955,0.));
#2215 = DEFINITIONAL_REPRESENTATION('',(#2216),#2220);
#2216 = LINE('',#2217,#2218);
#2217 = CARTESIAN_POINT('',(0.,0.));
#2218 = VECTOR('',#2219,1.);
#2219 = DIRECTION('',(1.,0.));
#2220 = ( GEOMETRIC_REPRESENTATION_CONTEXT(2) 
PARAMETRIC_REPRESENTATION_CONTEXT() REPRESENTATION_CONTEXT('2D SPACE',''
  ) );
#2221 = ORIENTED_EDGE('',*,*,#2222,.T.);
#2222 = EDGE_CURVE('',#2195,#2223,#2225,.T.);
#2223 = VERTEX_POINT('',#2224);
#2224 = CARTESIAN_POINT('',(13.6873776773,-3.011905537853,-4.));
#2225 = SURFACE_CURVE('',#2226,(#2230,#2237),.PCURVE_S1.);
#2226 = LINE('',#2227,#2228);
#2227 = CARTESIAN_POINT('',(14.270955583427,-2.934728219289,-4.));
#2228 = VECTOR('',#2229,1.);
#2229 = DIRECTION('',(-0.991368225127,-0.13110698764,0.));
#2230 = PCURVE('',#126,#2231);
#2231 = DEFINITIONAL_REPRESENTATION('',(#2232),#2236);
#2232 = LINE('',#2233,#2234);
#2233 = CARTESIAN_POINT('',(-14.27095558342,-2.934728219289));
#2234 = VECTOR('',#2235,1.);
#2235 = DIRECTION('',(0.991368225127,-0.13110698764));
#2236 = ( GEOMETRIC_REPRESENTATION_CONTEXT(2) 
PARAMETRIC_REPRESENTATION_CONTEXT() REPRESENTATION_CONTEXT('2D SPACE',''
  ) );
#2237 = PCURVE('',#2238,#2243);
#2238 = PLANE('',#2239);
#2239 = AXIS2_PLACEMENT_3D('',#2240,#2241,#2242);
#2240 = CARTESIAN_POINT('',(14.270955583427,-2.934728219289,-4.));
#2241 = DIRECTION('',(0.13110698764,-0.991368225127,0.));
#2242 = DIRECTION('',(-0.991368225127,-0.13110698764,0.));
#2243 = DEFINITIONAL_REPRESENTATION('',(#2244),#2248);
#2244 = LINE('',#2245,#2246);
#2245 = CARTESIAN_POINT('',(0.,0.));
#2246 = VECTOR('',#2247,1.);
#2247 = DIRECTION('',(1.,0.));
#2248 = ( GEOMETRIC_REPRESENTATION_CONTEXT(2) 
PARAMETRIC_REPRESENTATION_CONTEXT() REPRESENTATION_CONTEXT('2D SPACE',''
  ) );
#2249 = ORIENTED_EDGE('',*,*,#2250,.T.);
#2250 = EDGE_CURVE('',#2223,#2251,#2253,.T.);
#2251 = VERTEX_POINT('',#2252);
#2252 = CARTESIAN_POINT('',(13.122798814365,-2.994425827477,-4.));
#2253 = SURFACE_CURVE('',#2254,(#2258,#2265),.PCURVE_S1.);
#2254 = LINE('',#2255,#2256);
#2255 = CARTESIAN_POINT('',(13.6873776773,-3.011905537853,-4.));
#2256 = VECTOR('',#2257,1.);
#2257 = DIRECTION('',(-0.999521064362,3.094578962767E-02,0.));
#2258 = PCURVE('',#126,#2259);
#2259 = DEFINITIONAL_REPRESENTATION('',(#2260),#2264);
#2260 = LINE('',#2261,#2262);
#2261 = CARTESIAN_POINT('',(-13.6873776773,-3.011905537853));
#2262 = VECTOR('',#2263,1.);
#2263 = DIRECTION('',(0.999521064362,3.094578962767E-02));
#2264 = ( GEOMETRIC_REPRESENTATION_CONTEXT(2) 
PARAMETRIC_REPRESENTATION_CONTEXT() REPRESENTATION_CONTEXT('2D SPACE',''
  ) );
#2265 = PCURVE('',#2266,#2271);
#2266 = PLANE('',#2267);
#2267 = AXIS2_PLACEMENT_3D('',#2268,#2269,#2270);
#2268 = CARTESIAN_POINT('',(13.6873776773,-3.011905537853,-4.));
#2269 = DIRECTION('',(-3.094578962767E-02,-0.999521064362,0.));
#2270 = DIRECTION('',(-0.999521064362,3.094578962767E-02,0.));
#2271 = DEFINITIONAL_REPRESENTATION('',(#2272),#2276);
#2272 = LINE('',#2273,#2274);
#2273 = CARTESIAN_POINT('',(0.,0.));
#2274 = VECTOR('',#2275,1.);
#2275 = DIRECTION('',(1.,0.));
#2276 = ( GEOMETRIC_REPRESENTATION_CONTEXT(2) 
PARAMETRIC_REPRESENTATION_CONTEXT() REPRESENTATION_CONTEXT('2D SPACE',''
  ) );
#2277 = ORIENTED_EDGE('',*,*,#2278,.T.);
#2278 = EDGE_CURVE('',#2251,#2279,#2281,.T.);
#2279 = VERTEX_POINT('',#2280);
#2280 = CARTESIAN_POINT('',(11.637492342434,-2.65550117244,-4.));
#2281 = SURFACE_CURVE('',#2282,(#2286,#2293),.PCURVE_S1.);
#2282 = LINE('',#2283,#2284);
#2283 = CARTESIAN_POINT('',(13.122798814365,-2.994425827477,-4.));
#2284 = VECTOR('',#2285,1.);
#2285 = DIRECTION('',(-0.974940278645,0.222466745998,0.));
#2286 = PCURVE('',#126,#2287);
#2287 = DEFINITIONAL_REPRESENTATION('',(#2288),#2292);
#2288 = LINE('',#2289,#2290);
#2289 = CARTESIAN_POINT('',(-13.12279881436,-2.994425827477));
#2290 = VECTOR('',#2291,1.);
#2291 = DIRECTION('',(0.974940278645,0.222466745998));
#2292 = ( GEOMETRIC_REPRESENTATION_CONTEXT(2) 
PARAMETRIC_REPRESENTATION_CONTEXT() REPRESENTATION_CONTEXT('2D SPACE',''
  ) );
#2293 = PCURVE('',#2294,#2299);
#2294 = PLANE('',#2295);
#2295 = AXIS2_PLACEMENT_3D('',#2296,#2297,#2298);
#2296 = CARTESIAN_POINT('',(13.122798814365,-2.994425827477,-4.));
#2297 = DIRECTION('',(-0.222466745998,-0.974940278645,0.));
#2298 = DIRECTION('',(-0.974940278645,0.222466745998,0.));
#2299 = DEFINITIONAL_REPRESENTATION('',(#2300),#2304);
#2300 = LINE('',#2301,#2302);
#2301 = CARTESIAN_POINT('',(0.,0.));
#2302 = VECTOR('',#2303,1.);
#2303 = DIRECTION('',(1.,0.));
#2304 = ( GEOMETRIC_REPRESENTATION_CONTEXT(2) 
PARAMETRIC_REPRESENTATION_CONTEXT() REPRESENTATION_CONTEXT('2D SPACE',''
  ) );
#2305 = ORIENTED_EDGE('',*,*,#2306,.T.);
#2306 = EDGE_CURVE('',#2279,#2307,#2309,.T.);
#2307 = VERTEX_POINT('',#2308);
#2308 = CARTESIAN_POINT('',(11.35240092961,-3.688618661563,-4.));
#2309 = SURFACE_CURVE('',#2310,(#2314,#2321),.PCURVE_S1.);
#2310 = LINE('',#2311,#2312);
#2311 = CARTESIAN_POINT('',(11.637492342434,-2.65550117244,-4.));
#2312 = VECTOR('',#2313,1.);
#2313 = DIRECTION('',(-0.266010056382,-0.96397025364,0.));
#2314 = PCURVE('',#126,#2315);
#2315 = DEFINITIONAL_REPRESENTATION('',(#2316),#2320);
#2316 = LINE('',#2317,#2318);
#2317 = CARTESIAN_POINT('',(-11.63749234243,-2.65550117244));
#2318 = VECTOR('',#2319,1.);
#2319 = DIRECTION('',(0.266010056382,-0.96397025364));
#2320 = ( GEOMETRIC_REPRESENTATION_CONTEXT(2) 
PARAMETRIC_REPRESENTATION_CONTEXT() REPRESENTATION_CONTEXT('2D SPACE',''
  ) );
#2321 = PCURVE('',#2322,#2327);
#2322 = PLANE('',#2323);
#2323 = AXIS2_PLACEMENT_3D('',#2324,#2325,#2326);
#2324 = CARTESIAN_POINT('',(11.637492342434,-2.65550117244,-4.));
#2325 = DIRECTION('',(0.96397025364,-0.266010056382,0.));
#2326 = DIRECTION('',(-0.266010056382,-0.96397025364,0.));
#2327 = DEFINITIONAL_REPRESENTATION('',(#2328),#2332);
#2328 = LINE('',#2329,#2330);
#2329 = CARTESIAN_POINT('',(0.,0.));
#2330 = VECTOR('',#2331,1.);
#2331 = DIRECTION('',(1.,0.));
#2332 = ( GEOMETRIC_REPRESENTATION_CONTEXT(2) 
PARAMETRIC_REPRESENTATION_CONTEXT() REPRESENTATION_CONTEXT('2D SPACE',''
  ) );
#2333 = ORIENTED_EDGE('',*,*,#2334,.T.);
#2334 = EDGE_CURVE('',#2307,#2335,#2337,.T.);
#2335 = VERTEX_POINT('',#2336);
#2336 = CARTESIAN_POINT('',(10.975793503543,-4.692000795462,-4.));
#2337 = SURFACE_CURVE('',#2338,(#2342,#2349),.PCURVE_S1.);
#2338 = LINE('',#2339,#2340);
#2339 = CARTESIAN_POINT('',(11.35240092961,-3.688618661563,-4.));
#2340 = VECTOR('',#2341,1.);
#2341 = DIRECTION('',(-0.351400842451,-0.93622510537,0.));
#2342 = PCURVE('',#126,#2343);
#2343 = DEFINITIONAL_REPRESENTATION('',(#2344),#2348);
#2344 = LINE('',#2345,#2346);
#2345 = CARTESIAN_POINT('',(-11.35240092961,-3.688618661563));
#2346 = VECTOR('',#2347,1.);
#2347 = DIRECTION('',(0.351400842451,-0.93622510537));
#2348 = ( GEOMETRIC_REPRESENTATION_CONTEXT(2) 
PARAMETRIC_REPRESENTATION_CONTEXT() REPRESENTATION_CONTEXT('2D SPACE',''
  ) );
#2349 = PCURVE('',#2350,#2355);
#2350 = PLANE('',#2351);
#2351 = AXIS2_PLACEMENT_3D('',#2352,#2353,#2354);
#2352 = CARTESIAN_POINT('',(11.35240092961,-3.688618661563,-4.));
#2353 = DIRECTION('',(0.93622510537,-0.351400842451,0.));
#2354 = DIRECTION('',(-0.351400842451,-0.93622510537,0.));
#2355 = DEFINITIONAL_REPRESENTATION('',(#2356),#2360);
#2356 = LINE('',#2357,#2358);
#2357 = CARTESIAN_POINT('',(0.,0.));
#2358 = VECTOR('',#2359,1.);
#2359 = DIRECTION('',(1.,0.));
#2360 = ( GEOMETRIC_REPRESENTATION_CONTEXT(2) 
PARAMETRIC_REPRESENTATION_CONTEXT() REPRESENTATION_CONTEXT('2D SPACE',''
  ) );
#2361 = ORIENTED_EDGE('',*,*,#2362,.T.);
#2362 = EDGE_CURVE('',#2335,#2363,#2365,.T.);
#2363 = VERTEX_POINT('',#2364);
#2364 = CARTESIAN_POINT('',(12.376646595059,-5.290846229061,-4.));
#2365 = SURFACE_CURVE('',#2366,(#2370,#2377),.PCURVE_S1.);
#2366 = LINE('',#2367,#2368);
#2367 = CARTESIAN_POINT('',(10.975793503543,-4.692000795462,-4.));
#2368 = VECTOR('',#2369,1.);
#2369 = DIRECTION('',(0.919505926348,-0.393076139458,0.));
#2370 = PCURVE('',#126,#2371);
#2371 = DEFINITIONAL_REPRESENTATION('',(#2372),#2376);
#2372 = LINE('',#2373,#2374);
#2373 = CARTESIAN_POINT('',(-10.97579350354,-4.692000795462));
#2374 = VECTOR('',#2375,1.);
#2375 = DIRECTION('',(-0.919505926348,-0.393076139458));
#2376 = ( GEOMETRIC_REPRESENTATION_CONTEXT(2) 
PARAMETRIC_REPRESENTATION_CONTEXT() REPRESENTATION_CONTEXT('2D SPACE',''
  ) );
#2377 = PCURVE('',#2378,#2383);
#2378 = PLANE('',#2379);
#2379 = AXIS2_PLACEMENT_3D('',#2380,#2381,#2382);
#2380 = CARTESIAN_POINT('',(10.975793503543,-4.692000795462,-4.));
#2381 = DIRECTION('',(0.393076139458,0.919505926348,-0.));
#2382 = DIRECTION('',(0.919505926348,-0.393076139458,0.));
#2383 = DEFINITIONAL_REPRESENTATION('',(#2384),#2388);
#2384 = LINE('',#2385,#2386);
#2385 = CARTESIAN_POINT('',(0.,0.));
#2386 = VECTOR('',#2387,1.);
#2387 = DIRECTION('',(1.,0.));
#2388 = ( GEOMETRIC_REPRESENTATION_CONTEXT(2) 
PARAMETRIC_REPRESENTATION_CONTEXT() REPRESENTATION_CONTEXT('2D SPACE',''
  ) );
#2389 = ORIENTED_EDGE('',*,*,#2390,.T.);
#2390 = EDGE_CURVE('',#2363,#2391,#2393,.T.);
#2391 = VERTEX_POINT('',#2392);
#2392 = CARTESIAN_POINT('',(12.843674805812,-5.608555975699,-4.));
#2393 = SURFACE_CURVE('',#2394,(#2398,#2405),.PCURVE_S1.);
#2394 = LINE('',#2395,#2396);
#2395 = CARTESIAN_POINT('',(12.376646595059,-5.290846229061,-4.));
#2396 = VECTOR('',#2397,1.);
#2397 = DIRECTION('',(0.826819006069,-0.562468071275,0.));
#2398 = PCURVE('',#126,#2399);
#2399 = DEFINITIONAL_REPRESENTATION('',(#2400),#2404);
#2400 = LINE('',#2401,#2402);
#2401 = CARTESIAN_POINT('',(-12.37664659505,-5.290846229061));
#2402 = VECTOR('',#2403,1.);
#2403 = DIRECTION('',(-0.826819006069,-0.562468071275));
#2404 = ( GEOMETRIC_REPRESENTATION_CONTEXT(2) 
PARAMETRIC_REPRESENTATION_CONTEXT() REPRESENTATION_CONTEXT('2D SPACE',''
  ) );
#2405 = PCURVE('',#2406,#2411);
#2406 = PLANE('',#2407);
#2407 = AXIS2_PLACEMENT_3D('',#2408,#2409,#2410);
#2408 = CARTESIAN_POINT('',(12.376646595059,-5.290846229061,-4.));
#2409 = DIRECTION('',(0.562468071275,0.826819006069,-0.));
#2410 = DIRECTION('',(0.826819006069,-0.562468071275,0.));
#2411 = DEFINITIONAL_REPRESENTATION('',(#2412),#2416);
#2412 = LINE('',#2413,#2414);
#2413 = CARTESIAN_POINT('',(0.,0.));
#2414 = VECTOR('',#2415,1.);
#2415 = DIRECTION('',(1.,0.));
#2416 = ( GEOMETRIC_REPRESENTATION_CONTEXT(2) 
PARAMETRIC_REPRESENTATION_CONTEXT() REPRESENTATION_CONTEXT('2D SPACE',''
  ) );
#2417 = ORIENTED_EDGE('',*,*,#2418,.T.);
#2418 = EDGE_CURVE('',#2391,#2419,#2421,.T.);
#2419 = VERTEX_POINT('',#2420);
#2420 = CARTESIAN_POINT('',(13.270435559747,-6.014012224783,-4.));
#2421 = SURFACE_CURVE('',#2422,(#2426,#2433),.PCURVE_S1.);
#2422 = LINE('',#2423,#2424);
#2423 = CARTESIAN_POINT('',(12.843674805812,-5.608555975699,-4.));
#2424 = VECTOR('',#2425,1.);
#2425 = DIRECTION('',(0.724970988004,-0.688779403403,0.));
#2426 = PCURVE('',#126,#2427);
#2427 = DEFINITIONAL_REPRESENTATION('',(#2428),#2432);
#2428 = LINE('',#2429,#2430);
#2429 = CARTESIAN_POINT('',(-12.84367480581,-5.608555975699));
#2430 = VECTOR('',#2431,1.);
#2431 = DIRECTION('',(-0.724970988004,-0.688779403403));
#2432 = ( GEOMETRIC_REPRESENTATION_CONTEXT(2) 
PARAMETRIC_REPRESENTATION_CONTEXT() REPRESENTATION_CONTEXT('2D SPACE',''
  ) );
#2433 = PCURVE('',#2434,#2439);
#2434 = PLANE('',#2435);
#2435 = AXIS2_PLACEMENT_3D('',#2436,#2437,#2438);
#2436 = CARTESIAN_POINT('',(12.843674805812,-5.608555975699,-4.));
#2437 = DIRECTION('',(0.688779403403,0.724970988004,-0.));
#2438 = DIRECTION('',(0.724970988004,-0.688779403403,0.));
#2439 = DEFINITIONAL_REPRESENTATION('',(#2440),#2444);
#2440 = LINE('',#2441,#2442);
#2441 = CARTESIAN_POINT('',(0.,0.));
#2442 = VECTOR('',#2443,1.);
#2443 = DIRECTION('',(1.,0.));
#2444 = ( GEOMETRIC_REPRESENTATION_CONTEXT(2) 
PARAMETRIC_REPRESENTATION_CONTEXT() REPRESENTATION_CONTEXT('2D SPACE',''
  ) );
#2445 = ORIENTED_EDGE('',*,*,#2446,.T.);
#2446 = EDGE_CURVE('',#2419,#2447,#2449,.T.);
#2447 = VERTEX_POINT('',#2448);
#2448 = CARTESIAN_POINT('',(13.665281772336,-6.481147263173,-4.));
#2449 = SURFACE_CURVE('',#2450,(#2454,#2461),.PCURVE_S1.);
#2450 = LINE('',#2451,#2452);
#2451 = CARTESIAN_POINT('',(13.270435559747,-6.014012224783,-4.));
#2452 = VECTOR('',#2453,1.);
#2453 = DIRECTION('',(0.645540185047,-0.763726305354,0.));
#2454 = PCURVE('',#126,#2455);
#2455 = DEFINITIONAL_REPRESENTATION('',(#2456),#2460);
#2456 = LINE('',#2457,#2458);
#2457 = CARTESIAN_POINT('',(-13.27043555974,-6.014012224783));
#2458 = VECTOR('',#2459,1.);
#2459 = DIRECTION('',(-0.645540185047,-0.763726305354));
#2460 = ( GEOMETRIC_REPRESENTATION_CONTEXT(2) 
PARAMETRIC_REPRESENTATION_CONTEXT() REPRESENTATION_CONTEXT('2D SPACE',''
  ) );
#2461 = PCURVE('',#2462,#2467);
#2462 = PLANE('',#2463);
#2463 = AXIS2_PLACEMENT_3D('',#2464,#2465,#2466);
#2464 = CARTESIAN_POINT('',(13.270435559747,-6.014012224783,-4.));
#2465 = DIRECTION('',(0.763726305354,0.645540185047,-0.));
#2466 = DIRECTION('',(0.645540185047,-0.763726305354,0.));
#2467 = DEFINITIONAL_REPRESENTATION('',(#2468),#2472);
#2468 = LINE('',#2469,#2470);
#2469 = CARTESIAN_POINT('',(0.,0.));
#2470 = VECTOR('',#2471,1.);
#2471 = DIRECTION('',(1.,0.));
#2472 = ( GEOMETRIC_REPRESENTATION_CONTEXT(2) 
PARAMETRIC_REPRESENTATION_CONTEXT() REPRESENTATION_CONTEXT('2D SPACE',''
  ) );
#2473 = ORIENTED_EDGE('',*,*,#2474,.T.);
#2474 = EDGE_CURVE('',#2447,#2475,#2477,.T.);
#2475 = VERTEX_POINT('',#2476);
#2476 = CARTESIAN_POINT('',(14.029237267251,-7.000968696279,-4.));
#2477 = SURFACE_CURVE('',#2478,(#2482,#2489),.PCURVE_S1.);
#2478 = LINE('',#2479,#2480);
#2479 = CARTESIAN_POINT('',(13.665281772336,-6.481147263173,-4.));
#2480 = VECTOR('',#2481,1.);
#2481 = DIRECTION('',(0.573547471954,-0.819172324615,0.));
#2482 = PCURVE('',#126,#2483);
#2483 = DEFINITIONAL_REPRESENTATION('',(#2484),#2488);
#2484 = LINE('',#2485,#2486);
#2485 = CARTESIAN_POINT('',(-13.66528177233,-6.481147263173));
#2486 = VECTOR('',#2487,1.);
#2487 = DIRECTION('',(-0.573547471954,-0.819172324615));
#2488 = ( GEOMETRIC_REPRESENTATION_CONTEXT(2) 
PARAMETRIC_REPRESENTATION_CONTEXT() REPRESENTATION_CONTEXT('2D SPACE',''
  ) );
#2489 = PCURVE('',#2490,#2495);
#2490 = PLANE('',#2491);
#2491 = AXIS2_PLACEMENT_3D('',#2492,#2493,#2494);
#2492 = CARTESIAN_POINT('',(13.665281772336,-6.481147263173,-4.));
#2493 = DIRECTION('',(0.819172324615,0.573547471954,-0.));
#2494 = DIRECTION('',(0.573547471954,-0.819172324615,0.));
#2495 = DEFINITIONAL_REPRESENTATION('',(#2496),#2500);
#2496 = LINE('',#2497,#2498);
#2497 = CARTESIAN_POINT('',(0.,0.));
#2498 = VECTOR('',#2499,1.);
#2499 = DIRECTION('',(1.,0.));
#2500 = ( GEOMETRIC_REPRESENTATION_CONTEXT(2) 
PARAMETRIC_REPRESENTATION_CONTEXT() REPRESENTATION_CONTEXT('2D SPACE',''
  ) );
#2501 = ORIENTED_EDGE('',*,*,#2502,.T.);
#2502 = EDGE_CURVE('',#2475,#2503,#2505,.T.);
#2503 = VERTEX_POINT('',#2504);
#2504 = CARTESIAN_POINT('',(14.361734892784,-7.568154961621,-4.));
#2505 = SURFACE_CURVE('',#2506,(#2510,#2517),.PCURVE_S1.);
#2506 = LINE('',#2507,#2508);
#2507 = CARTESIAN_POINT('',(14.029237267251,-7.000968696279,-4.));
#2508 = VECTOR('',#2509,1.);
#2509 = DIRECTION('',(0.505729829386,-0.862691914689,0.));
#2510 = PCURVE('',#126,#2511);
#2511 = DEFINITIONAL_REPRESENTATION('',(#2512),#2516);
#2512 = LINE('',#2513,#2514);
#2513 = CARTESIAN_POINT('',(-14.02923726725,-7.000968696279));
#2514 = VECTOR('',#2515,1.);
#2515 = DIRECTION('',(-0.505729829386,-0.862691914689));
#2516 = ( GEOMETRIC_REPRESENTATION_CONTEXT(2) 
PARAMETRIC_REPRESENTATION_CONTEXT() REPRESENTATION_CONTEXT('2D SPACE',''
  ) );
#2517 = PCURVE('',#2518,#2523);
#2518 = PLANE('',#2519);
#2519 = AXIS2_PLACEMENT_3D('',#2520,#2521,#2522);
#2520 = CARTESIAN_POINT('',(14.029237267251,-7.000968696279,-4.));
#2521 = DIRECTION('',(0.862691914689,0.505729829386,-0.));
#2522 = DIRECTION('',(0.505729829386,-0.862691914689,0.));
#2523 = DEFINITIONAL_REPRESENTATION('',(#2524),#2528);
#2524 = LINE('',#2525,#2526);
#2525 = CARTESIAN_POINT('',(0.,0.));
#2526 = VECTOR('',#2527,1.);
#2527 = DIRECTION('',(1.,0.));
#2528 = ( GEOMETRIC_REPRESENTATION_CONTEXT(2) 
PARAMETRIC_REPRESENTATION_CONTEXT() REPRESENTATION_CONTEXT('2D SPACE',''
  ) );
#2529 = ORIENTED_EDGE('',*,*,#2530,.T.);
#2530 = EDGE_CURVE('',#2503,#2531,#2533,.T.);
#2531 = VERTEX_POINT('',#2532);
#2532 = CARTESIAN_POINT('',(13.735081902933,-8.653549778758,-4.));
#2533 = SURFACE_CURVE('',#2534,(#2538,#2545),.PCURVE_S1.);
#2534 = LINE('',#2535,#2536);
#2535 = CARTESIAN_POINT('',(14.361734892784,-7.568154961621,-4.));
#2536 = VECTOR('',#2537,1.);
#2537 = DIRECTION('',(-0.5,-0.866025403784,0.));
#2538 = PCURVE('',#126,#2539);
#2539 = DEFINITIONAL_REPRESENTATION('',(#2540),#2544);
#2540 = LINE('',#2541,#2542);
#2541 = CARTESIAN_POINT('',(-14.36173489278,-7.568154961621));
#2542 = VECTOR('',#2543,1.);
#2543 = DIRECTION('',(0.5,-0.866025403784));
#2544 = ( GEOMETRIC_REPRESENTATION_CONTEXT(2) 
PARAMETRIC_REPRESENTATION_CONTEXT() REPRESENTATION_CONTEXT('2D SPACE',''
  ) );
#2545 = PCURVE('',#2546,#2551);
#2546 = PLANE('',#2547);
#2547 = AXIS2_PLACEMENT_3D('',#2548,#2549,#2550);
#2548 = CARTESIAN_POINT('',(14.361734892784,-7.568154961621,-4.));
#2549 = DIRECTION('',(0.866025403784,-0.5,0.));
#2550 = DIRECTION('',(-0.5,-0.866025403784,0.));
#2551 = DEFINITIONAL_REPRESENTATION('',(#2552),#2556);
#2552 = LINE('',#2553,#2554);
#2553 = CARTESIAN_POINT('',(0.,0.));
#2554 = VECTOR('',#2555,1.);
#2555 = DIRECTION('',(1.,0.));
#2556 = ( GEOMETRIC_REPRESENTATION_CONTEXT(2) 
PARAMETRIC_REPRESENTATION_CONTEXT() REPRESENTATION_CONTEXT('2D SPACE',''
  ) );
#2557 = ORIENTED_EDGE('',*,*,#2558,.T.);
#2558 = EDGE_CURVE('',#2531,#2559,#2561,.T.);
#2559 = VERTEX_POINT('',#2560);
#2560 = CARTESIAN_POINT('',(13.077635375703,-8.649191521019,-4.));
#2561 = SURFACE_CURVE('',#2562,(#2566,#2573),.PCURVE_S1.);
#2562 = LINE('',#2563,#2564);
#2563 = CARTESIAN_POINT('',(13.735081902933,-8.653549778758,-4.));
#2564 = VECTOR('',#2565,1.);
#2565 = DIRECTION('',(-0.999978028453,6.628922355084E-03,0.));
#2566 = PCURVE('',#126,#2567);
#2567 = DEFINITIONAL_REPRESENTATION('',(#2568),#2572);
#2568 = LINE('',#2569,#2570);
#2569 = CARTESIAN_POINT('',(-13.73508190293,-8.653549778758));
#2570 = VECTOR('',#2571,1.);
#2571 = DIRECTION('',(0.999978028453,6.628922355084E-03));
#2572 = ( GEOMETRIC_REPRESENTATION_CONTEXT(2) 
PARAMETRIC_REPRESENTATION_CONTEXT() REPRESENTATION_CONTEXT('2D SPACE',''
  ) );
#2573 = PCURVE('',#2574,#2579);
#2574 = PLANE('',#2575);
#2575 = AXIS2_PLACEMENT_3D('',#2576,#2577,#2578);
#2576 = CARTESIAN_POINT('',(13.735081902933,-8.653549778758,-4.));
#2577 = DIRECTION('',(-6.628922355084E-03,-0.999978028453,0.));
#2578 = DIRECTION('',(-0.999978028453,6.628922355084E-03,0.));
#2579 = DEFINITIONAL_REPRESENTATION('',(#2580),#2584);
#2580 = LINE('',#2581,#2582);
#2581 = CARTESIAN_POINT('',(0.,0.));
#2582 = VECTOR('',#2583,1.);
#2583 = DIRECTION('',(1.,0.));
#2584 = ( GEOMETRIC_REPRESENTATION_CONTEXT(2) 
PARAMETRIC_REPRESENTATION_CONTEXT() REPRESENTATION_CONTEXT('2D SPACE',''
  ) );
#2585 = ORIENTED_EDGE('',*,*,#2586,.T.);
#2586 = EDGE_CURVE('',#2559,#2587,#2589,.T.);
#2587 = VERTEX_POINT('',#2588);
#2588 = CARTESIAN_POINT('',(12.445479061743,-8.593907533129,-4.));
#2589 = SURFACE_CURVE('',#2590,(#2594,#2601),.PCURVE_S1.);
#2590 = LINE('',#2591,#2592);
#2591 = CARTESIAN_POINT('',(13.077635375703,-8.649191521019,-4.));
#2592 = VECTOR('',#2593,1.);
#2593 = DIRECTION('',(-0.996197779171,8.712051868069E-02,0.));
#2594 = PCURVE('',#126,#2595);
#2595 = DEFINITIONAL_REPRESENTATION('',(#2596),#2600);
#2596 = LINE('',#2597,#2598);
#2597 = CARTESIAN_POINT('',(-13.0776353757,-8.649191521019));
#2598 = VECTOR('',#2599,1.);
#2599 = DIRECTION('',(0.996197779171,8.712051868069E-02));
#2600 = ( GEOMETRIC_REPRESENTATION_CONTEXT(2) 
PARAMETRIC_REPRESENTATION_CONTEXT() REPRESENTATION_CONTEXT('2D SPACE',''
  ) );
#2601 = PCURVE('',#2602,#2607);
#2602 = PLANE('',#2603);
#2603 = AXIS2_PLACEMENT_3D('',#2604,#2605,#2606);
#2604 = CARTESIAN_POINT('',(13.077635375703,-8.649191521019,-4.));
#2605 = DIRECTION('',(-8.712051868069E-02,-0.996197779171,0.));
#2606 = DIRECTION('',(-0.996197779171,8.712051868069E-02,0.));
#2607 = DEFINITIONAL_REPRESENTATION('',(#2608),#2612);
#2608 = LINE('',#2609,#2610);
#2609 = CARTESIAN_POINT('',(0.,0.));
#2610 = VECTOR('',#2611,1.);
#2611 = DIRECTION('',(1.,0.));
#2612 = ( GEOMETRIC_REPRESENTATION_CONTEXT(2) 
PARAMETRIC_REPRESENTATION_CONTEXT() REPRESENTATION_CONTEXT('2D SPACE',''
  ) );
#2613 = ORIENTED_EDGE('',*,*,#2614,.T.);
#2614 = EDGE_CURVE('',#2587,#2615,#2617,.T.);
#2615 = VERTEX_POINT('',#2616);
#2616 = CARTESIAN_POINT('',(11.843505145206,-8.485528201634,-4.));
#2617 = SURFACE_CURVE('',#2618,(#2622,#2629),.PCURVE_S1.);
#2618 = LINE('',#2619,#2620);
#2619 = CARTESIAN_POINT('',(12.445479061743,-8.593907533129,-4.));
#2620 = VECTOR('',#2621,1.);
#2621 = DIRECTION('',(-0.984176474498,0.177191046737,0.));
#2622 = PCURVE('',#126,#2623);
#2623 = DEFINITIONAL_REPRESENTATION('',(#2624),#2628);
#2624 = LINE('',#2625,#2626);
#2625 = CARTESIAN_POINT('',(-12.44547906174,-8.593907533129));
#2626 = VECTOR('',#2627,1.);
#2627 = DIRECTION('',(0.984176474498,0.177191046737));
#2628 = ( GEOMETRIC_REPRESENTATION_CONTEXT(2) 
PARAMETRIC_REPRESENTATION_CONTEXT() REPRESENTATION_CONTEXT('2D SPACE',''
  ) );
#2629 = PCURVE('',#2630,#2635);
#2630 = PLANE('',#2631);
#2631 = AXIS2_PLACEMENT_3D('',#2632,#2633,#2634);
#2632 = CARTESIAN_POINT('',(12.445479061743,-8.593907533129,-4.));
#2633 = DIRECTION('',(-0.177191046737,-0.984176474498,0.));
#2634 = DIRECTION('',(-0.984176474498,0.177191046737,0.));
#2635 = DEFINITIONAL_REPRESENTATION('',(#2636),#2640);
#2636 = LINE('',#2637,#2638);
#2637 = CARTESIAN_POINT('',(0.,0.));
#2638 = VECTOR('',#2639,1.);
#2639 = DIRECTION('',(1.,0.));
#2640 = ( GEOMETRIC_REPRESENTATION_CONTEXT(2) 
PARAMETRIC_REPRESENTATION_CONTEXT() REPRESENTATION_CONTEXT('2D SPACE',''
  ) );
#2641 = ORIENTED_EDGE('',*,*,#2642,.T.);
#2642 = EDGE_CURVE('',#2615,#2643,#2645,.T.);
#2643 = VERTEX_POINT('',#2644);
#2644 = CARTESIAN_POINT('',(11.278989356408,-8.31867067193,-4.));
#2645 = SURFACE_CURVE('',#2646,(#2650,#2657),.PCURVE_S1.);
#2646 = LINE('',#2647,#2648);
#2647 = CARTESIAN_POINT('',(11.843505145206,-8.485528201634,-4.));
#2648 = VECTOR('',#2649,1.);
#2649 = DIRECTION('',(-0.958985954953,0.283453590916,0.));
#2650 = PCURVE('',#126,#2651);
#2651 = DEFINITIONAL_REPRESENTATION('',(#2652),#2656);
#2652 = LINE('',#2653,#2654);
#2653 = CARTESIAN_POINT('',(-11.8435051452,-8.485528201634));
#2654 = VECTOR('',#2655,1.);
#2655 = DIRECTION('',(0.958985954953,0.283453590916));
#2656 = ( GEOMETRIC_REPRESENTATION_CONTEXT(2) 
PARAMETRIC_REPRESENTATION_CONTEXT() REPRESENTATION_CONTEXT('2D SPACE',''
  ) );
#2657 = PCURVE('',#2658,#2663);
#2658 = PLANE('',#2659);
#2659 = AXIS2_PLACEMENT_3D('',#2660,#2661,#2662);
#2660 = CARTESIAN_POINT('',(11.843505145206,-8.485528201634,-4.));
#2661 = DIRECTION('',(-0.283453590916,-0.958985954953,0.));
#2662 = DIRECTION('',(-0.958985954953,0.283453590916,0.));
#2663 = DEFINITIONAL_REPRESENTATION('',(#2664),#2668);
#2664 = LINE('',#2665,#2666);
#2665 = CARTESIAN_POINT('',(0.,0.));
#2666 = VECTOR('',#2667,1.);
#2667 = DIRECTION('',(1.,0.));
#2668 = ( GEOMETRIC_REPRESENTATION_CONTEXT(2) 
PARAMETRIC_REPRESENTATION_CONTEXT() REPRESENTATION_CONTEXT('2D SPACE',''
  ) );
#2669 = ORIENTED_EDGE('',*,*,#2670,.T.);
#2670 = EDGE_CURVE('',#2643,#2671,#2673,.T.);
#2671 = VERTEX_POINT('',#2672);
#2672 = CARTESIAN_POINT('',(10.770330539414,-8.073067250453,-4.));
#2673 = SURFACE_CURVE('',#2674,(#2678,#2685),.PCURVE_S1.);
#2674 = LINE('',#2675,#2676);
#2675 = CARTESIAN_POINT('',(11.278989356408,-8.31867067193,-4.));
#2676 = VECTOR('',#2677,1.);
#2677 = DIRECTION('',(-0.900521141576,0.43481222795,0.));
#2678 = PCURVE('',#126,#2679);
#2679 = DEFINITIONAL_REPRESENTATION('',(#2680),#2684);
#2680 = LINE('',#2681,#2682);
#2681 = CARTESIAN_POINT('',(-11.2789893564,-8.31867067193));
#2682 = VECTOR('',#2683,1.);
#2683 = DIRECTION('',(0.900521141576,0.43481222795));
#2684 = ( GEOMETRIC_REPRESENTATION_CONTEXT(2) 
PARAMETRIC_REPRESENTATION_CONTEXT() REPRESENTATION_CONTEXT('2D SPACE',''
  ) );
#2685 = PCURVE('',#2686,#2691);
#2686 = PLANE('',#2687);
#2687 = AXIS2_PLACEMENT_3D('',#2688,#2689,#2690);
#2688 = CARTESIAN_POINT('',(11.278989356408,-8.31867067193,-4.));
#2689 = DIRECTION('',(-0.43481222795,-0.900521141576,0.));
#2690 = DIRECTION('',(-0.900521141576,0.43481222795,0.));
#2691 = DEFINITIONAL_REPRESENTATION('',(#2692),#2696);
#2692 = LINE('',#2693,#2694);
#2693 = CARTESIAN_POINT('',(0.,0.));
#2694 = VECTOR('',#2695,1.);
#2695 = DIRECTION('',(1.,0.));
#2696 = ( GEOMETRIC_REPRESENTATION_CONTEXT(2) 
PARAMETRIC_REPRESENTATION_CONTEXT() REPRESENTATION_CONTEXT('2D SPACE',''
  ) );
#2697 = ORIENTED_EDGE('',*,*,#2698,.T.);
#2698 = EDGE_CURVE('',#2671,#2699,#2701,.T.);
#2699 = VERTEX_POINT('',#2700);
#2700 = CARTESIAN_POINT('',(9.551288635219,-7.159315603029,-4.));
#2701 = SURFACE_CURVE('',#2702,(#2706,#2713),.PCURVE_S1.);
#2702 = LINE('',#2703,#2704);
#2703 = CARTESIAN_POINT('',(10.770330539414,-8.073067250453,-4.));
#2704 = VECTOR('',#2705,1.);
#2705 = DIRECTION('',(-0.800166885566,0.599777421419,0.));
#2706 = PCURVE('',#126,#2707);
#2707 = DEFINITIONAL_REPRESENTATION('',(#2708),#2712);
#2708 = LINE('',#2709,#2710);
#2709 = CARTESIAN_POINT('',(-10.77033053941,-8.073067250453));
#2710 = VECTOR('',#2711,1.);
#2711 = DIRECTION('',(0.800166885566,0.599777421419));
#2712 = ( GEOMETRIC_REPRESENTATION_CONTEXT(2) 
PARAMETRIC_REPRESENTATION_CONTEXT() REPRESENTATION_CONTEXT('2D SPACE',''
  ) );
#2713 = PCURVE('',#2714,#2719);
#2714 = PLANE('',#2715);
#2715 = AXIS2_PLACEMENT_3D('',#2716,#2717,#2718);
#2716 = CARTESIAN_POINT('',(10.770330539414,-8.073067250453,-4.));
#2717 = DIRECTION('',(-0.599777421419,-0.800166885566,0.));
#2718 = DIRECTION('',(-0.800166885566,0.599777421419,0.));
#2719 = DEFINITIONAL_REPRESENTATION('',(#2720),#2724);
#2720 = LINE('',#2721,#2722);
#2721 = CARTESIAN_POINT('',(0.,0.));
#2722 = VECTOR('',#2723,1.);
#2723 = DIRECTION('',(1.,0.));
#2724 = ( GEOMETRIC_REPRESENTATION_CONTEXT(2) 
PARAMETRIC_REPRESENTATION_CONTEXT() REPRESENTATION_CONTEXT('2D SPACE',''
  ) );
#2725 = ORIENTED_EDGE('',*,*,#2726,.T.);
#2726 = EDGE_CURVE('',#2699,#2727,#2729,.T.);
#2727 = VERTEX_POINT('',#2728);
#2728 = CARTESIAN_POINT('',(8.870637930592,-7.987158268207,-4.));
#2729 = SURFACE_CURVE('',#2730,(#2734,#2741),.PCURVE_S1.);
#2730 = LINE('',#2731,#2732);
#2731 = CARTESIAN_POINT('',(9.551288635219,-7.159315603029,-4.));
#2732 = VECTOR('',#2733,1.);
#2733 = DIRECTION('',(-0.635094303686,-0.772434609159,0.));
#2734 = PCURVE('',#126,#2735);
#2735 = DEFINITIONAL_REPRESENTATION('',(#2736),#2740);
#2736 = LINE('',#2737,#2738);
#2737 = CARTESIAN_POINT('',(-9.551288635219,-7.159315603029));
#2738 = VECTOR('',#2739,1.);
#2739 = DIRECTION('',(0.635094303686,-0.772434609159));
#2740 = ( GEOMETRIC_REPRESENTATION_CONTEXT(2) 
PARAMETRIC_REPRESENTATION_CONTEXT() REPRESENTATION_CONTEXT('2D SPACE',''
  ) );
#2741 = PCURVE('',#2742,#2747);
#2742 = PLANE('',#2743);
#2743 = AXIS2_PLACEMENT_3D('',#2744,#2745,#2746);
#2744 = CARTESIAN_POINT('',(9.551288635219,-7.159315603029,-4.));
#2745 = DIRECTION('',(0.772434609159,-0.635094303686,0.));
#2746 = DIRECTION('',(-0.635094303686,-0.772434609159,0.));
#2747 = DEFINITIONAL_REPRESENTATION('',(#2748),#2752);
#2748 = LINE('',#2749,#2750);
#2749 = CARTESIAN_POINT('',(0.,0.));
#2750 = VECTOR('',#2751,1.);
#2751 = DIRECTION('',(1.,0.));
#2752 = ( GEOMETRIC_REPRESENTATION_CONTEXT(2) 
PARAMETRIC_REPRESENTATION_CONTEXT() REPRESENTATION_CONTEXT('2D SPACE',''
  ) );
#2753 = ORIENTED_EDGE('',*,*,#2754,.T.);
#2754 = EDGE_CURVE('',#2727,#2755,#2757,.T.);
#2755 = VERTEX_POINT('',#2756);
#2756 = CARTESIAN_POINT('',(8.11847764633,-8.750613418674,-4.));
#2757 = SURFACE_CURVE('',#2758,(#2762,#2769),.PCURVE_S1.);
#2758 = LINE('',#2759,#2760);
#2759 = CARTESIAN_POINT('',(8.870637930592,-7.987158268207,-4.));
#2760 = VECTOR('',#2761,1.);
#2761 = DIRECTION('',(-0.701817699954,-0.712356593309,0.));
#2762 = PCURVE('',#126,#2763);
#2763 = DEFINITIONAL_REPRESENTATION('',(#2764),#2768);
#2764 = LINE('',#2765,#2766);
#2765 = CARTESIAN_POINT('',(-8.870637930592,-7.987158268207));
#2766 = VECTOR('',#2767,1.);
#2767 = DIRECTION('',(0.701817699954,-0.712356593309));
#2768 = ( GEOMETRIC_REPRESENTATION_CONTEXT(2) 
PARAMETRIC_REPRESENTATION_CONTEXT() REPRESENTATION_CONTEXT('2D SPACE',''
  ) );
#2769 = PCURVE('',#2770,#2775);
#2770 = PLANE('',#2771);
#2771 = AXIS2_PLACEMENT_3D('',#2772,#2773,#2774);
#2772 = CARTESIAN_POINT('',(8.870637930592,-7.987158268207,-4.));
#2773 = DIRECTION('',(0.712356593309,-0.701817699954,0.));
#2774 = DIRECTION('',(-0.701817699954,-0.712356593309,0.));
#2775 = DEFINITIONAL_REPRESENTATION('',(#2776),#2780);
#2776 = LINE('',#2777,#2778);
#2777 = CARTESIAN_POINT('',(0.,0.));
#2778 = VECTOR('',#2779,1.);
#2779 = DIRECTION('',(1.,0.));
#2780 = ( GEOMETRIC_REPRESENTATION_CONTEXT(2) 
PARAMETRIC_REPRESENTATION_CONTEXT() REPRESENTATION_CONTEXT('2D SPACE',''
  ) );
#2781 = ORIENTED_EDGE('',*,*,#2782,.T.);
#2782 = EDGE_CURVE('',#2755,#2783,#2785,.T.);
#2783 = VERTEX_POINT('',#2784);
#2784 = CARTESIAN_POINT('',(9.154648243526,-9.867464228254,-4.));
#2785 = SURFACE_CURVE('',#2786,(#2790,#2797),.PCURVE_S1.);
#2786 = LINE('',#2787,#2788);
#2787 = CARTESIAN_POINT('',(8.11847764633,-8.750613418674,-4.));
#2788 = VECTOR('',#2789,1.);
#2789 = DIRECTION('',(0.680131992854,-0.73308967548,0.));
#2790 = PCURVE('',#126,#2791);
#2791 = DEFINITIONAL_REPRESENTATION('',(#2792),#2796);
#2792 = LINE('',#2793,#2794);
#2793 = CARTESIAN_POINT('',(-8.11847764633,-8.750613418674));
#2794 = VECTOR('',#2795,1.);
#2795 = DIRECTION('',(-0.680131992854,-0.73308967548));
#2796 = ( GEOMETRIC_REPRESENTATION_CONTEXT(2) 
PARAMETRIC_REPRESENTATION_CONTEXT() REPRESENTATION_CONTEXT('2D SPACE',''
  ) );
#2797 = PCURVE('',#2798,#2803);
#2798 = PLANE('',#2799);
#2799 = AXIS2_PLACEMENT_3D('',#2800,#2801,#2802);
#2800 = CARTESIAN_POINT('',(8.11847764633,-8.750613418674,-4.));
#2801 = DIRECTION('',(0.73308967548,0.680131992854,-0.));
#2802 = DIRECTION('',(0.680131992854,-0.73308967548,0.));
#2803 = DEFINITIONAL_REPRESENTATION('',(#2804),#2808);
#2804 = LINE('',#2805,#2806);
#2805 = CARTESIAN_POINT('',(0.,0.));
#2806 = VECTOR('',#2807,1.);
#2807 = DIRECTION('',(1.,0.));
#2808 = ( GEOMETRIC_REPRESENTATION_CONTEXT(2) 
PARAMETRIC_REPRESENTATION_CONTEXT() REPRESENTATION_CONTEXT('2D SPACE',''
  ) );
#2809 = ORIENTED_EDGE('',*,*,#2810,.T.);
#2810 = EDGE_CURVE('',#2783,#2811,#2813,.T.);
#2811 = VERTEX_POINT('',#2812);
#2812 = CARTESIAN_POINT('',(9.45207554823,-10.3476640108,-4.));
#2813 = SURFACE_CURVE('',#2814,(#2818,#2825),.PCURVE_S1.);
#2814 = LINE('',#2815,#2816);
#2815 = CARTESIAN_POINT('',(9.154648243526,-9.867464228254,-4.));
#2816 = VECTOR('',#2817,1.);
#2817 = DIRECTION('',(0.526560372139,-0.850137738542,0.));
#2818 = PCURVE('',#126,#2819);
#2819 = DEFINITIONAL_REPRESENTATION('',(#2820),#2824);
#2820 = LINE('',#2821,#2822);
#2821 = CARTESIAN_POINT('',(-9.154648243526,-9.867464228254));
#2822 = VECTOR('',#2823,1.);
#2823 = DIRECTION('',(-0.526560372139,-0.850137738542));
#2824 = ( GEOMETRIC_REPRESENTATION_CONTEXT(2) 
PARAMETRIC_REPRESENTATION_CONTEXT() REPRESENTATION_CONTEXT('2D SPACE',''
  ) );
#2825 = PCURVE('',#2826,#2831);
#2826 = PLANE('',#2827);
#2827 = AXIS2_PLACEMENT_3D('',#2828,#2829,#2830);
#2828 = CARTESIAN_POINT('',(9.154648243526,-9.867464228254,-4.));
#2829 = DIRECTION('',(0.850137738542,0.526560372139,-0.));
#2830 = DIRECTION('',(0.526560372139,-0.850137738542,0.));
#2831 = DEFINITIONAL_REPRESENTATION('',(#2832),#2836);
#2832 = LINE('',#2833,#2834);
#2833 = CARTESIAN_POINT('',(0.,0.));
#2834 = VECTOR('',#2835,1.);
#2835 = DIRECTION('',(1.,0.));
#2836 = ( GEOMETRIC_REPRESENTATION_CONTEXT(2) 
PARAMETRIC_REPRESENTATION_CONTEXT() REPRESENTATION_CONTEXT('2D SPACE',''
  ) );
#2837 = ORIENTED_EDGE('',*,*,#2838,.T.);
#2838 = EDGE_CURVE('',#2811,#2839,#2841,.T.);
#2839 = VERTEX_POINT('',#2840);
#2840 = CARTESIAN_POINT('',(9.677026982821,-10.89164596188,-4.));
#2841 = SURFACE_CURVE('',#2842,(#2846,#2853),.PCURVE_S1.);
#2842 = LINE('',#2843,#2844);
#2843 = CARTESIAN_POINT('',(9.45207554823,-10.3476640108,-4.));
#2844 = VECTOR('',#2845,1.);
#2845 = DIRECTION('',(0.382142130654,-0.924103561285,0.));
#2846 = PCURVE('',#126,#2847);
#2847 = DEFINITIONAL_REPRESENTATION('',(#2848),#2852);
#2848 = LINE('',#2849,#2850);
#2849 = CARTESIAN_POINT('',(-9.45207554823,-10.3476640108));
#2850 = VECTOR('',#2851,1.);
#2851 = DIRECTION('',(-0.382142130654,-0.924103561285));
#2852 = ( GEOMETRIC_REPRESENTATION_CONTEXT(2) 
PARAMETRIC_REPRESENTATION_CONTEXT() REPRESENTATION_CONTEXT('2D SPACE',''
  ) );
#2853 = PCURVE('',#2854,#2859);
#2854 = PLANE('',#2855);
#2855 = AXIS2_PLACEMENT_3D('',#2856,#2857,#2858);
#2856 = CARTESIAN_POINT('',(9.45207554823,-10.3476640108,-4.));
#2857 = DIRECTION('',(0.924103561285,0.382142130654,-0.));
#2858 = DIRECTION('',(0.382142130654,-0.924103561285,0.));
#2859 = DEFINITIONAL_REPRESENTATION('',(#2860),#2864);
#2860 = LINE('',#2861,#2862);
#2861 = CARTESIAN_POINT('',(0.,0.));
#2862 = VECTOR('',#2863,1.);
#2863 = DIRECTION('',(1.,0.));
#2864 = ( GEOMETRIC_REPRESENTATION_CONTEXT(2) 
PARAMETRIC_REPRESENTATION_CONTEXT() REPRESENTATION_CONTEXT('2D SPACE',''
  ) );
#2865 = ORIENTED_EDGE('',*,*,#2866,.T.);
#2866 = EDGE_CURVE('',#2839,#2867,#2869,.T.);
#2867 = VERTEX_POINT('',#2868);
#2868 = CARTESIAN_POINT('',(9.847736009421,-11.47899347734,-4.));
#2869 = SURFACE_CURVE('',#2870,(#2874,#2881),.PCURVE_S1.);
#2870 = LINE('',#2871,#2872);
#2871 = CARTESIAN_POINT('',(9.677026982821,-10.89164596188,-4.));
#2872 = VECTOR('',#2873,1.);
#2873 = DIRECTION('',(0.279094830107,-0.960263544975,0.));
#2874 = PCURVE('',#126,#2875);
#2875 = DEFINITIONAL_REPRESENTATION('',(#2876),#2880);
#2876 = LINE('',#2877,#2878);
#2877 = CARTESIAN_POINT('',(-9.677026982821,-10.89164596188));
#2878 = VECTOR('',#2879,1.);
#2879 = DIRECTION('',(-0.279094830107,-0.960263544975));
#2880 = ( GEOMETRIC_REPRESENTATION_CONTEXT(2) 
PARAMETRIC_REPRESENTATION_CONTEXT() REPRESENTATION_CONTEXT('2D SPACE',''
  ) );
#2881 = PCURVE('',#2882,#2887);
#2882 = PLANE('',#2883);
#2883 = AXIS2_PLACEMENT_3D('',#2884,#2885,#2886);
#2884 = CARTESIAN_POINT('',(9.677026982821,-10.89164596188,-4.));
#2885 = DIRECTION('',(0.960263544975,0.279094830107,-0.));
#2886 = DIRECTION('',(0.279094830107,-0.960263544975,0.));
#2887 = DEFINITIONAL_REPRESENTATION('',(#2888),#2892);
#2888 = LINE('',#2889,#2890);
#2889 = CARTESIAN_POINT('',(0.,0.));
#2890 = VECTOR('',#2891,1.);
#2891 = DIRECTION('',(1.,0.));
#2892 = ( GEOMETRIC_REPRESENTATION_CONTEXT(2) 
PARAMETRIC_REPRESENTATION_CONTEXT() REPRESENTATION_CONTEXT('2D SPACE',''
  ) );
#2893 = ORIENTED_EDGE('',*,*,#2894,.T.);
#2894 = EDGE_CURVE('',#2867,#2895,#2897,.T.);
#2895 = VERTEX_POINT('',#2896);
#2896 = CARTESIAN_POINT('',(9.968795473884,-12.10190802257,-4.));
#2897 = SURFACE_CURVE('',#2898,(#2902,#2909),.PCURVE_S1.);
#2898 = LINE('',#2899,#2900);
#2899 = CARTESIAN_POINT('',(9.847736009421,-11.47899347734,-4.));
#2900 = VECTOR('',#2901,1.);
#2901 = DIRECTION('',(0.190774286331,-0.981633929566,0.));
#2902 = PCURVE('',#126,#2903);
#2903 = DEFINITIONAL_REPRESENTATION('',(#2904),#2908);
#2904 = LINE('',#2905,#2906);
#2905 = CARTESIAN_POINT('',(-9.847736009421,-11.47899347734));
#2906 = VECTOR('',#2907,1.);
#2907 = DIRECTION('',(-0.190774286331,-0.981633929566));
#2908 = ( GEOMETRIC_REPRESENTATION_CONTEXT(2) 
PARAMETRIC_REPRESENTATION_CONTEXT() REPRESENTATION_CONTEXT('2D SPACE',''
  ) );
#2909 = PCURVE('',#2910,#2915);
#2910 = PLANE('',#2911);
#2911 = AXIS2_PLACEMENT_3D('',#2912,#2913,#2914);
#2912 = CARTESIAN_POINT('',(9.847736009421,-11.47899347734,-4.));
#2913 = DIRECTION('',(0.981633929566,0.190774286331,-0.));
#2914 = DIRECTION('',(0.190774286331,-0.981633929566,0.));
#2915 = DEFINITIONAL_REPRESENTATION('',(#2916),#2920);
#2916 = LINE('',#2917,#2918);
#2917 = CARTESIAN_POINT('',(0.,0.));
#2918 = VECTOR('',#2919,1.);
#2919 = DIRECTION('',(1.,0.));
#2920 = ( GEOMETRIC_REPRESENTATION_CONTEXT(2) 
PARAMETRIC_REPRESENTATION_CONTEXT() REPRESENTATION_CONTEXT('2D SPACE',''
  ) );
#2921 = ORIENTED_EDGE('',*,*,#2922,.T.);
#2922 = EDGE_CURVE('',#2895,#2923,#2925,.T.);
#2923 = VERTEX_POINT('',#2924);
#2924 = CARTESIAN_POINT('',(10.041851731803,-12.75529742696,-4.));
#2925 = SURFACE_CURVE('',#2926,(#2930,#2937),.PCURVE_S1.);
#2926 = LINE('',#2927,#2928);
#2927 = CARTESIAN_POINT('',(9.968795473884,-12.10190802257,-4.));
#2928 = VECTOR('',#2929,1.);
#2929 = DIRECTION('',(0.11111877504,-0.993807133117,0.));
#2930 = PCURVE('',#126,#2931);
#2931 = DEFINITIONAL_REPRESENTATION('',(#2932),#2936);
#2932 = LINE('',#2933,#2934);
#2933 = CARTESIAN_POINT('',(-9.968795473884,-12.10190802257));
#2934 = VECTOR('',#2935,1.);
#2935 = DIRECTION('',(-0.11111877504,-0.993807133117));
#2936 = ( GEOMETRIC_REPRESENTATION_CONTEXT(2) 
PARAMETRIC_REPRESENTATION_CONTEXT() REPRESENTATION_CONTEXT('2D SPACE',''
  ) );
#2937 = PCURVE('',#2938,#2943);
#2938 = PLANE('',#2939);
#2939 = AXIS2_PLACEMENT_3D('',#2940,#2941,#2942);
#2940 = CARTESIAN_POINT('',(9.968795473884,-12.10190802257,-4.));
#2941 = DIRECTION('',(0.993807133117,0.11111877504,-0.));
#2942 = DIRECTION('',(0.11111877504,-0.993807133117,0.));
#2943 = DEFINITIONAL_REPRESENTATION('',(#2944),#2948);
#2944 = LINE('',#2945,#2946);
#2945 = CARTESIAN_POINT('',(0.,0.));
#2946 = VECTOR('',#2947,1.);
#2947 = DIRECTION('',(1.,0.));
#2948 = ( GEOMETRIC_REPRESENTATION_CONTEXT(2) 
PARAMETRIC_REPRESENTATION_CONTEXT() REPRESENTATION_CONTEXT('2D SPACE',''
  ) );
#2949 = ORIENTED_EDGE('',*,*,#2950,.T.);
#2950 = EDGE_CURVE('',#2923,#2951,#2953,.T.);
#2951 = VERTEX_POINT('',#2952);
#2952 = CARTESIAN_POINT('',(9.027905895072,-13.49197219843,-4.));
#2953 = SURFACE_CURVE('',#2954,(#2958,#2965),.PCURVE_S1.);
#2954 = LINE('',#2955,#2956);
#2955 = CARTESIAN_POINT('',(10.041851731803,-12.75529742696,-4.));
#2956 = VECTOR('',#2957,1.);
#2957 = DIRECTION('',(-0.809016994375,-0.587785252292,0.));
#2958 = PCURVE('',#126,#2959);
#2959 = DEFINITIONAL_REPRESENTATION('',(#2960),#2964);
#2960 = LINE('',#2961,#2962);
#2961 = CARTESIAN_POINT('',(-10.0418517318,-12.75529742696));
#2962 = VECTOR('',#2963,1.);
#2963 = DIRECTION('',(0.809016994375,-0.587785252292));
#2964 = ( GEOMETRIC_REPRESENTATION_CONTEXT(2) 
PARAMETRIC_REPRESENTATION_CONTEXT() REPRESENTATION_CONTEXT('2D SPACE',''
  ) );
#2965 = PCURVE('',#2966,#2971);
#2966 = PLANE('',#2967);
#2967 = AXIS2_PLACEMENT_3D('',#2968,#2969,#2970);
#2968 = CARTESIAN_POINT('',(10.041851731803,-12.75529742696,-4.));
#2969 = DIRECTION('',(0.587785252292,-0.809016994375,0.));
#2970 = DIRECTION('',(-0.809016994375,-0.587785252292,0.));
#2971 = DEFINITIONAL_REPRESENTATION('',(#2972),#2976);
#2972 = LINE('',#2973,#2974);
#2973 = CARTESIAN_POINT('',(0.,0.));
#2974 = VECTOR('',#2975,1.);
#2975 = DIRECTION('',(1.,0.));
#2976 = ( GEOMETRIC_REPRESENTATION_CONTEXT(2) 
PARAMETRIC_REPRESENTATION_CONTEXT() REPRESENTATION_CONTEXT('2D SPACE',''
  ) );
#2977 = ORIENTED_EDGE('',*,*,#2978,.T.);
#2978 = EDGE_CURVE('',#2951,#2979,#2981,.T.);
#2979 = VERTEX_POINT('',#2980);
#2980 = CARTESIAN_POINT('',(8.429071269601,-13.22058313839,-4.));
#2981 = SURFACE_CURVE('',#2982,(#2986,#2993),.PCURVE_S1.);
#2982 = LINE('',#2983,#2984);
#2983 = CARTESIAN_POINT('',(9.027905895072,-13.49197219843,-4.));
#2984 = VECTOR('',#2985,1.);
#2985 = DIRECTION('',(-0.91082916001,0.412783528349,0.));
#2986 = PCURVE('',#126,#2987);
#2987 = DEFINITIONAL_REPRESENTATION('',(#2988),#2992);
#2988 = LINE('',#2989,#2990);
#2989 = CARTESIAN_POINT('',(-9.027905895072,-13.49197219843));
#2990 = VECTOR('',#2991,1.);
#2991 = DIRECTION('',(0.91082916001,0.412783528349));
#2992 = ( GEOMETRIC_REPRESENTATION_CONTEXT(2) 
PARAMETRIC_REPRESENTATION_CONTEXT() REPRESENTATION_CONTEXT('2D SPACE',''
  ) );
#2993 = PCURVE('',#2994,#2999);
#2994 = PLANE('',#2995);
#2995 = AXIS2_PLACEMENT_3D('',#2996,#2997,#2998);
#2996 = CARTESIAN_POINT('',(9.027905895072,-13.49197219843,-4.));
#2997 = DIRECTION('',(-0.412783528349,-0.91082916001,0.));
#2998 = DIRECTION('',(-0.91082916001,0.412783528349,0.));
#2999 = DEFINITIONAL_REPRESENTATION('',(#3000),#3004);
#3000 = LINE('',#3001,#3002);
#3001 = CARTESIAN_POINT('',(0.,0.));
#3002 = VECTOR('',#3003,1.);
#3003 = DIRECTION('',(1.,0.));
#3004 = ( GEOMETRIC_REPRESENTATION_CONTEXT(2) 
PARAMETRIC_REPRESENTATION_CONTEXT() REPRESENTATION_CONTEXT('2D SPACE',''
  ) );
#3005 = ORIENTED_EDGE('',*,*,#3006,.T.);
#3006 = EDGE_CURVE('',#2979,#3007,#3009,.T.);
#3007 = VERTEX_POINT('',#3008);
#3008 = CARTESIAN_POINT('',(7.874053764113,-12.91295756533,-4.));
#3009 = SURFACE_CURVE('',#3010,(#3014,#3021),.PCURVE_S1.);
#3010 = LINE('',#3011,#3012);
#3011 = CARTESIAN_POINT('',(8.429071269601,-13.22058313839,-4.));
#3012 = VECTOR('',#3013,1.);
#3013 = DIRECTION('',(-0.874636848764,0.484778694648,0.));
#3014 = PCURVE('',#126,#3015);
#3015 = DEFINITIONAL_REPRESENTATION('',(#3016),#3020);
#3016 = LINE('',#3017,#3018);
#3017 = CARTESIAN_POINT('',(-8.429071269601,-13.22058313839));
#3018 = VECTOR('',#3019,1.);
#3019 = DIRECTION('',(0.874636848764,0.484778694648));
#3020 = ( GEOMETRIC_REPRESENTATION_CONTEXT(2) 
PARAMETRIC_REPRESENTATION_CONTEXT() REPRESENTATION_CONTEXT('2D SPACE',''
  ) );
#3021 = PCURVE('',#3022,#3027);
#3022 = PLANE('',#3023);
#3023 = AXIS2_PLACEMENT_3D('',#3024,#3025,#3026);
#3024 = CARTESIAN_POINT('',(8.429071269601,-13.22058313839,-4.));
#3025 = DIRECTION('',(-0.484778694648,-0.874636848764,0.));
#3026 = DIRECTION('',(-0.874636848764,0.484778694648,0.));
#3027 = DEFINITIONAL_REPRESENTATION('',(#3028),#3032);
#3028 = LINE('',#3029,#3030);
#3029 = CARTESIAN_POINT('',(0.,0.));
#3030 = VECTOR('',#3031,1.);
#3031 = DIRECTION('',(1.,0.));
#3032 = ( GEOMETRIC_REPRESENTATION_CONTEXT(2) 
PARAMETRIC_REPRESENTATION_CONTEXT() REPRESENTATION_CONTEXT('2D SPACE',''
  ) );
#3033 = ORIENTED_EDGE('',*,*,#3034,.T.);
#3034 = EDGE_CURVE('',#3007,#3035,#3037,.T.);
#3035 = VERTEX_POINT('',#3036);
#3036 = CARTESIAN_POINT('',(7.368205072512,-12.56910326931,-4.));
#3037 = SURFACE_CURVE('',#3038,(#3042,#3049),.PCURVE_S1.);
#3038 = LINE('',#3039,#3040);
#3039 = CARTESIAN_POINT('',(7.874053764113,-12.91295756533,-4.));
#3040 = VECTOR('',#3041,1.);
#3041 = DIRECTION('',(-0.827019856264,0.562172711313,0.));
#3042 = PCURVE('',#126,#3043);
#3043 = DEFINITIONAL_REPRESENTATION('',(#3044),#3048);
#3044 = LINE('',#3045,#3046);
#3045 = CARTESIAN_POINT('',(-7.874053764113,-12.91295756533));
#3046 = VECTOR('',#3047,1.);
#3047 = DIRECTION('',(0.827019856264,0.562172711313));
#3048 = ( GEOMETRIC_REPRESENTATION_CONTEXT(2) 
PARAMETRIC_REPRESENTATION_CONTEXT() REPRESENTATION_CONTEXT('2D SPACE',''
  ) );
#3049 = PCURVE('',#3050,#3055);
#3050 = PLANE('',#3051);
#3051 = AXIS2_PLACEMENT_3D('',#3052,#3053,#3054);
#3052 = CARTESIAN_POINT('',(7.874053764113,-12.91295756533,-4.));
#3053 = DIRECTION('',(-0.562172711313,-0.827019856264,0.));
#3054 = DIRECTION('',(-0.827019856264,0.562172711313,0.));
#3055 = DEFINITIONAL_REPRESENTATION('',(#3056),#3060);
#3056 = LINE('',#3057,#3058);
#3057 = CARTESIAN_POINT('',(0.,0.));
#3058 = VECTOR('',#3059,1.);
#3059 = DIRECTION('',(1.,0.));
#3060 = ( GEOMETRIC_REPRESENTATION_CONTEXT(2) 
PARAMETRIC_REPRESENTATION_CONTEXT() REPRESENTATION_CONTEXT('2D SPACE',''
  ) );
#3061 = ORIENTED_EDGE('',*,*,#3062,.T.);
#3062 = EDGE_CURVE('',#3035,#3063,#3065,.T.);
#3063 = VERTEX_POINT('',#3064);
#3064 = CARTESIAN_POINT('',(6.920361309392,-12.18706207408,-4.));
#3065 = SURFACE_CURVE('',#3066,(#3070,#3077),.PCURVE_S1.);
#3066 = LINE('',#3067,#3068);
#3067 = CARTESIAN_POINT('',(7.368205072512,-12.56910326931,-4.));
#3068 = VECTOR('',#3069,1.);
#3069 = DIRECTION('',(-0.760786301053,0.649002468509,0.));
#3070 = PCURVE('',#126,#3071);
#3071 = DEFINITIONAL_REPRESENTATION('',(#3072),#3076);
#3072 = LINE('',#3073,#3074);
#3073 = CARTESIAN_POINT('',(-7.368205072512,-12.56910326931));
#3074 = VECTOR('',#3075,1.);
#3075 = DIRECTION('',(0.760786301053,0.649002468509));
#3076 = ( GEOMETRIC_REPRESENTATION_CONTEXT(2) 
PARAMETRIC_REPRESENTATION_CONTEXT() REPRESENTATION_CONTEXT('2D SPACE',''
  ) );
#3077 = PCURVE('',#3078,#3083);
#3078 = PLANE('',#3079);
#3079 = AXIS2_PLACEMENT_3D('',#3080,#3081,#3082);
#3080 = CARTESIAN_POINT('',(7.368205072512,-12.56910326931,-4.));
#3081 = DIRECTION('',(-0.649002468509,-0.760786301053,0.));
#3082 = DIRECTION('',(-0.760786301053,0.649002468509,0.));
#3083 = DEFINITIONAL_REPRESENTATION('',(#3084),#3088);
#3084 = LINE('',#3085,#3086);
#3085 = CARTESIAN_POINT('',(0.,0.));
#3086 = VECTOR('',#3087,1.);
#3087 = DIRECTION('',(1.,0.));
#3088 = ( GEOMETRIC_REPRESENTATION_CONTEXT(2) 
PARAMETRIC_REPRESENTATION_CONTEXT() REPRESENTATION_CONTEXT('2D SPACE',''
  ) );
#3089 = ORIENTED_EDGE('',*,*,#3090,.T.);
#3090 = EDGE_CURVE('',#3063,#3091,#3093,.T.);
#3091 = VERTEX_POINT('',#3092);
#3092 = CARTESIAN_POINT('',(6.555574268816,-11.75580200431,-4.));
#3093 = SURFACE_CURVE('',#3094,(#3098,#3105),.PCURVE_S1.);
#3094 = LINE('',#3095,#3096);
#3095 = CARTESIAN_POINT('',(6.920361309392,-12.18706207408,-4.));
#3096 = VECTOR('',#3097,1.);
#3097 = DIRECTION('',(-0.645812932433,0.763495681914,0.));
#3098 = PCURVE('',#126,#3099);
#3099 = DEFINITIONAL_REPRESENTATION('',(#3100),#3104);
#3100 = LINE('',#3101,#3102);
#3101 = CARTESIAN_POINT('',(-6.920361309392,-12.18706207408));
#3102 = VECTOR('',#3103,1.);
#3103 = DIRECTION('',(0.645812932433,0.763495681914));
#3104 = ( GEOMETRIC_REPRESENTATION_CONTEXT(2) 
PARAMETRIC_REPRESENTATION_CONTEXT() REPRESENTATION_CONTEXT('2D SPACE',''
  ) );
#3105 = PCURVE('',#3106,#3111);
#3106 = PLANE('',#3107);
#3107 = AXIS2_PLACEMENT_3D('',#3108,#3109,#3110);
#3108 = CARTESIAN_POINT('',(6.920361309392,-12.18706207408,-4.));
#3109 = DIRECTION('',(-0.763495681914,-0.645812932433,0.));
#3110 = DIRECTION('',(-0.645812932433,0.763495681914,0.));
#3111 = DEFINITIONAL_REPRESENTATION('',(#3112),#3116);
#3112 = LINE('',#3113,#3114);
#3113 = CARTESIAN_POINT('',(0.,0.));
#3114 = VECTOR('',#3115,1.);
#3115 = DIRECTION('',(1.,0.));
#3116 = ( GEOMETRIC_REPRESENTATION_CONTEXT(2) 
PARAMETRIC_REPRESENTATION_CONTEXT() REPRESENTATION_CONTEXT('2D SPACE',''
  ) );
#3117 = ORIENTED_EDGE('',*,*,#3118,.T.);
#3118 = EDGE_CURVE('',#3091,#3119,#3121,.T.);
#3119 = VERTEX_POINT('',#3120);
#3120 = CARTESIAN_POINT('',(5.813580352241,-10.42521932551,-4.));
#3121 = SURFACE_CURVE('',#3122,(#3126,#3133),.PCURVE_S1.);
#3122 = LINE('',#3123,#3124);
#3123 = CARTESIAN_POINT('',(6.555574268816,-11.75580200431,-4.));
#3124 = VECTOR('',#3125,1.);
#3125 = DIRECTION('',(-0.487037368684,0.873381131869,0.));
#3126 = PCURVE('',#126,#3127);
#3127 = DEFINITIONAL_REPRESENTATION('',(#3128),#3132);
#3128 = LINE('',#3129,#3130);
#3129 = CARTESIAN_POINT('',(-6.555574268816,-11.75580200431));
#3130 = VECTOR('',#3131,1.);
#3131 = DIRECTION('',(0.487037368684,0.873381131869));
#3132 = ( GEOMETRIC_REPRESENTATION_CONTEXT(2) 
PARAMETRIC_REPRESENTATION_CONTEXT() REPRESENTATION_CONTEXT('2D SPACE',''
  ) );
#3133 = PCURVE('',#3134,#3139);
#3134 = PLANE('',#3135);
#3135 = AXIS2_PLACEMENT_3D('',#3136,#3137,#3138);
#3136 = CARTESIAN_POINT('',(6.555574268816,-11.75580200431,-4.));
#3137 = DIRECTION('',(-0.873381131869,-0.487037368684,0.));
#3138 = DIRECTION('',(-0.487037368684,0.873381131869,0.));
#3139 = DEFINITIONAL_REPRESENTATION('',(#3140),#3144);
#3140 = LINE('',#3141,#3142);
#3141 = CARTESIAN_POINT('',(0.,0.));
#3142 = VECTOR('',#3143,1.);
#3143 = DIRECTION('',(1.,0.));
#3144 = ( GEOMETRIC_REPRESENTATION_CONTEXT(2) 
PARAMETRIC_REPRESENTATION_CONTEXT() REPRESENTATION_CONTEXT('2D SPACE',''
  ) );
#3145 = ORIENTED_EDGE('',*,*,#3146,.T.);
#3146 = EDGE_CURVE('',#3119,#3147,#3149,.T.);
#3147 = VERTEX_POINT('',#3148);
#3148 = CARTESIAN_POINT('',(4.855061046159,-10.90464564922,-4.));
#3149 = SURFACE_CURVE('',#3150,(#3154,#3161),.PCURVE_S1.);
#3150 = LINE('',#3151,#3152);
#3151 = CARTESIAN_POINT('',(5.813580352241,-10.42521932551,-4.));
#3152 = VECTOR('',#3153,1.);
#3153 = DIRECTION('',(-0.894364976231,-0.447338003405,0.));
#3154 = PCURVE('',#126,#3155);
#3155 = DEFINITIONAL_REPRESENTATION('',(#3156),#3160);
#3156 = LINE('',#3157,#3158);
#3157 = CARTESIAN_POINT('',(-5.813580352241,-10.42521932551));
#3158 = VECTOR('',#3159,1.);
#3159 = DIRECTION('',(0.894364976231,-0.447338003405));
#3160 = ( GEOMETRIC_REPRESENTATION_CONTEXT(2) 
PARAMETRIC_REPRESENTATION_CONTEXT() REPRESENTATION_CONTEXT('2D SPACE',''
  ) );
#3161 = PCURVE('',#3162,#3167);
#3162 = PLANE('',#3163);
#3163 = AXIS2_PLACEMENT_3D('',#3164,#3165,#3166);
#3164 = CARTESIAN_POINT('',(5.813580352241,-10.42521932551,-4.));
#3165 = DIRECTION('',(0.447338003405,-0.894364976231,0.));
#3166 = DIRECTION('',(-0.894364976231,-0.447338003405,0.));
#3167 = DEFINITIONAL_REPRESENTATION('',(#3168),#3172);
#3168 = LINE('',#3169,#3170);
#3169 = CARTESIAN_POINT('',(0.,0.));
#3170 = VECTOR('',#3171,1.);
#3171 = DIRECTION('',(1.,0.));
#3172 = ( GEOMETRIC_REPRESENTATION_CONTEXT(2) 
PARAMETRIC_REPRESENTATION_CONTEXT() REPRESENTATION_CONTEXT('2D SPACE',''
  ) );
#3173 = ORIENTED_EDGE('',*,*,#3174,.T.);
#3174 = EDGE_CURVE('',#3147,#3175,#3177,.T.);
#3175 = VERTEX_POINT('',#3176);
#3176 = CARTESIAN_POINT('',(3.857403250012,-11.29616548497,-4.));
#3177 = SURFACE_CURVE('',#3178,(#3182,#3189),.PCURVE_S1.);
#3178 = LINE('',#3179,#3180);
#3179 = CARTESIAN_POINT('',(4.855061046159,-10.90464564922,-4.));
#3180 = VECTOR('',#3181,1.);
#3181 = DIRECTION('',(-0.930883901322,-0.365315154709,0.));
#3182 = PCURVE('',#126,#3183);
#3183 = DEFINITIONAL_REPRESENTATION('',(#3184),#3188);
#3184 = LINE('',#3185,#3186);
#3185 = CARTESIAN_POINT('',(-4.855061046159,-10.90464564922));
#3186 = VECTOR('',#3187,1.);
#3187 = DIRECTION('',(0.930883901322,-0.365315154709));
#3188 = ( GEOMETRIC_REPRESENTATION_CONTEXT(2) 
PARAMETRIC_REPRESENTATION_CONTEXT() REPRESENTATION_CONTEXT('2D SPACE',''
  ) );
#3189 = PCURVE('',#3190,#3195);
#3190 = PLANE('',#3191);
#3191 = AXIS2_PLACEMENT_3D('',#3192,#3193,#3194);
#3192 = CARTESIAN_POINT('',(4.855061046159,-10.90464564922,-4.));
#3193 = DIRECTION('',(0.365315154709,-0.930883901322,0.));
#3194 = DIRECTION('',(-0.930883901322,-0.365315154709,0.));
#3195 = DEFINITIONAL_REPRESENTATION('',(#3196),#3200);
#3196 = LINE('',#3197,#3198);
#3197 = CARTESIAN_POINT('',(0.,0.));
#3198 = VECTOR('',#3199,1.);
#3199 = DIRECTION('',(1.,0.));
#3200 = ( GEOMETRIC_REPRESENTATION_CONTEXT(2) 
PARAMETRIC_REPRESENTATION_CONTEXT() REPRESENTATION_CONTEXT('2D SPACE',''
  ) );
#3201 = ORIENTED_EDGE('',*,*,#3202,.T.);
#3202 = EDGE_CURVE('',#3175,#3203,#3205,.T.);
#3203 = VERTEX_POINT('',#3204);
#3204 = CARTESIAN_POINT('',(4.349728043318,-12.73790801928,-4.));
#3205 = SURFACE_CURVE('',#3206,(#3210,#3217),.PCURVE_S1.);
#3206 = LINE('',#3207,#3208);
#3207 = CARTESIAN_POINT('',(3.857403250012,-11.29616548497,-4.));
#3208 = VECTOR('',#3209,1.);
#3209 = DIRECTION('',(0.323157058991,-0.946345346702,0.));
#3210 = PCURVE('',#126,#3211);
#3211 = DEFINITIONAL_REPRESENTATION('',(#3212),#3216);
#3212 = LINE('',#3213,#3214);
#3213 = CARTESIAN_POINT('',(-3.857403250012,-11.29616548497));
#3214 = VECTOR('',#3215,1.);
#3215 = DIRECTION('',(-0.323157058991,-0.946345346702));
#3216 = ( GEOMETRIC_REPRESENTATION_CONTEXT(2) 
PARAMETRIC_REPRESENTATION_CONTEXT() REPRESENTATION_CONTEXT('2D SPACE',''
  ) );
#3217 = PCURVE('',#3218,#3223);
#3218 = PLANE('',#3219);
#3219 = AXIS2_PLACEMENT_3D('',#3220,#3221,#3222);
#3220 = CARTESIAN_POINT('',(3.857403250012,-11.29616548497,-4.));
#3221 = DIRECTION('',(0.946345346702,0.323157058991,-0.));
#3222 = DIRECTION('',(0.323157058991,-0.946345346702,0.));
#3223 = DEFINITIONAL_REPRESENTATION('',(#3224),#3228);
#3224 = LINE('',#3225,#3226);
#3225 = CARTESIAN_POINT('',(0.,0.));
#3226 = VECTOR('',#3227,1.);
#3227 = DIRECTION('',(1.,0.));
#3228 = ( GEOMETRIC_REPRESENTATION_CONTEXT(2) 
PARAMETRIC_REPRESENTATION_CONTEXT() REPRESENTATION_CONTEXT('2D SPACE',''
  ) );
#3229 = ORIENTED_EDGE('',*,*,#3230,.T.);
#3230 = EDGE_CURVE('',#3203,#3231,#3233,.T.);
#3231 = VERTEX_POINT('',#3232);
#3232 = CARTESIAN_POINT('',(4.426126558948,-13.29756693287,-4.));
#3233 = SURFACE_CURVE('',#3234,(#3238,#3245),.PCURVE_S1.);
#3234 = LINE('',#3235,#3236);
#3235 = CARTESIAN_POINT('',(4.349728043318,-12.73790801928,-4.));
#3236 = VECTOR('',#3237,1.);
#3237 = DIRECTION('',(0.135254666216,-0.990810867556,0.));
#3238 = PCURVE('',#126,#3239);
#3239 = DEFINITIONAL_REPRESENTATION('',(#3240),#3244);
#3240 = LINE('',#3241,#3242);
#3241 = CARTESIAN_POINT('',(-4.349728043318,-12.73790801928));
#3242 = VECTOR('',#3243,1.);
#3243 = DIRECTION('',(-0.135254666216,-0.990810867556));
#3244 = ( GEOMETRIC_REPRESENTATION_CONTEXT(2) 
PARAMETRIC_REPRESENTATION_CONTEXT() REPRESENTATION_CONTEXT('2D SPACE',''
  ) );
#3245 = PCURVE('',#3246,#3251);
#3246 = PLANE('',#3247);
#3247 = AXIS2_PLACEMENT_3D('',#3248,#3249,#3250);
#3248 = CARTESIAN_POINT('',(4.349728043318,-12.73790801928,-4.));
#3249 = DIRECTION('',(0.990810867556,0.135254666216,-0.));
#3250 = DIRECTION('',(0.135254666216,-0.990810867556,0.));
#3251 = DEFINITIONAL_REPRESENTATION('',(#3252),#3256);
#3252 = LINE('',#3253,#3254);
#3253 = CARTESIAN_POINT('',(0.,0.));
#3254 = VECTOR('',#3255,1.);
#3255 = DIRECTION('',(1.,0.));
#3256 = ( GEOMETRIC_REPRESENTATION_CONTEXT(2) 
PARAMETRIC_REPRESENTATION_CONTEXT() REPRESENTATION_CONTEXT('2D SPACE',''
  ) );
#3257 = ORIENTED_EDGE('',*,*,#3258,.T.);
#3258 = EDGE_CURVE('',#3231,#3259,#3261,.T.);
#3259 = VERTEX_POINT('',#3260);
#3260 = CARTESIAN_POINT('',(4.410372527534,-13.88601516467,-4.));
#3261 = SURFACE_CURVE('',#3262,(#3266,#3273),.PCURVE_S1.);
#3262 = LINE('',#3263,#3264);
#3263 = CARTESIAN_POINT('',(4.426126558948,-13.29756693287,-4.));
#3264 = VECTOR('',#3265,1.);
#3265 = DIRECTION('',(-2.67625727389E-02,-0.999641818203,0.));
#3266 = PCURVE('',#126,#3267);
#3267 = DEFINITIONAL_REPRESENTATION('',(#3268),#3272);
#3268 = LINE('',#3269,#3270);
#3269 = CARTESIAN_POINT('',(-4.426126558948,-13.29756693287));
#3270 = VECTOR('',#3271,1.);
#3271 = DIRECTION('',(2.67625727389E-02,-0.999641818203));
#3272 = ( GEOMETRIC_REPRESENTATION_CONTEXT(2) 
PARAMETRIC_REPRESENTATION_CONTEXT() REPRESENTATION_CONTEXT('2D SPACE',''
  ) );
#3273 = PCURVE('',#3274,#3279);
#3274 = PLANE('',#3275);
#3275 = AXIS2_PLACEMENT_3D('',#3276,#3277,#3278);
#3276 = CARTESIAN_POINT('',(4.426126558948,-13.29756693287,-4.));
#3277 = DIRECTION('',(0.999641818203,-2.67625727389E-02,0.));
#3278 = DIRECTION('',(-2.67625727389E-02,-0.999641818203,0.));
#3279 = DEFINITIONAL_REPRESENTATION('',(#3280),#3284);
#3280 = LINE('',#3281,#3282);
#3281 = CARTESIAN_POINT('',(0.,0.));
#3282 = VECTOR('',#3283,1.);
#3283 = DIRECTION('',(1.,0.));
#3284 = ( GEOMETRIC_REPRESENTATION_CONTEXT(2) 
PARAMETRIC_REPRESENTATION_CONTEXT() REPRESENTATION_CONTEXT('2D SPACE',''
  ) );
#3285 = ORIENTED_EDGE('',*,*,#3286,.T.);
#3286 = EDGE_CURVE('',#3259,#3287,#3289,.T.);
#3287 = VERTEX_POINT('',#3288);
#3288 = CARTESIAN_POINT('',(4.327427226604,-14.49201743591,-4.));
#3289 = SURFACE_CURVE('',#3290,(#3294,#3301),.PCURVE_S1.);
#3290 = LINE('',#3291,#3292);
#3291 = CARTESIAN_POINT('',(4.410372527534,-13.88601516467,-4.));
#3292 = VECTOR('',#3293,1.);
#3293 = DIRECTION('',(-0.135608556456,-0.990762493949,0.));
#3294 = PCURVE('',#126,#3295);
#3295 = DEFINITIONAL_REPRESENTATION('',(#3296),#3300);
#3296 = LINE('',#3297,#3298);
#3297 = CARTESIAN_POINT('',(-4.410372527534,-13.88601516467));
#3298 = VECTOR('',#3299,1.);
#3299 = DIRECTION('',(0.135608556456,-0.990762493949));
#3300 = ( GEOMETRIC_REPRESENTATION_CONTEXT(2) 
PARAMETRIC_REPRESENTATION_CONTEXT() REPRESENTATION_CONTEXT('2D SPACE',''
  ) );
#3301 = PCURVE('',#3302,#3307);
#3302 = PLANE('',#3303);
#3303 = AXIS2_PLACEMENT_3D('',#3304,#3305,#3306);
#3304 = CARTESIAN_POINT('',(4.410372527534,-13.88601516467,-4.));
#3305 = DIRECTION('',(0.990762493949,-0.135608556456,0.));
#3306 = DIRECTION('',(-0.135608556456,-0.990762493949,0.));
#3307 = DEFINITIONAL_REPRESENTATION('',(#3308),#3312);
#3308 = LINE('',#3309,#3310);
#3309 = CARTESIAN_POINT('',(0.,0.));
#3310 = VECTOR('',#3311,1.);
#3311 = DIRECTION('',(1.,0.));
#3312 = ( GEOMETRIC_REPRESENTATION_CONTEXT(2) 
PARAMETRIC_REPRESENTATION_CONTEXT() REPRESENTATION_CONTEXT('2D SPACE',''
  ) );
#3313 = ORIENTED_EDGE('',*,*,#3314,.T.);
#3314 = EDGE_CURVE('',#3287,#3315,#3317,.T.);
#3315 = VERTEX_POINT('',#3316);
#3316 = CARTESIAN_POINT('',(4.184658379419,-15.11031750939,-4.));
#3317 = SURFACE_CURVE('',#3318,(#3322,#3329),.PCURVE_S1.);
#3318 = LINE('',#3319,#3320);
#3319 = CARTESIAN_POINT('',(4.327427226604,-14.49201743591,-4.));
#3320 = VECTOR('',#3321,1.);
#3321 = DIRECTION('',(-0.224985506528,-0.97436211023,0.));
#3322 = PCURVE('',#126,#3323);
#3323 = DEFINITIONAL_REPRESENTATION('',(#3324),#3328);
#3324 = LINE('',#3325,#3326);
#3325 = CARTESIAN_POINT('',(-4.327427226604,-14.49201743591));
#3326 = VECTOR('',#3327,1.);
#3327 = DIRECTION('',(0.224985506528,-0.97436211023));
#3328 = ( GEOMETRIC_REPRESENTATION_CONTEXT(2) 
PARAMETRIC_REPRESENTATION_CONTEXT() REPRESENTATION_CONTEXT('2D SPACE',''
  ) );
#3329 = PCURVE('',#3330,#3335);
#3330 = PLANE('',#3331);
#3331 = AXIS2_PLACEMENT_3D('',#3332,#3333,#3334);
#3332 = CARTESIAN_POINT('',(4.327427226604,-14.49201743591,-4.));
#3333 = DIRECTION('',(0.97436211023,-0.224985506528,0.));
#3334 = DIRECTION('',(-0.224985506528,-0.97436211023,0.));
#3335 = DEFINITIONAL_REPRESENTATION('',(#3336),#3340);
#3336 = LINE('',#3337,#3338);
#3337 = CARTESIAN_POINT('',(0.,0.));
#3338 = VECTOR('',#3339,1.);
#3339 = DIRECTION('',(1.,0.));
#3340 = ( GEOMETRIC_REPRESENTATION_CONTEXT(2) 
PARAMETRIC_REPRESENTATION_CONTEXT() REPRESENTATION_CONTEXT('2D SPACE',''
  ) );
#3341 = ORIENTED_EDGE('',*,*,#3342,.T.);
#3342 = EDGE_CURVE('',#3315,#3343,#3345,.T.);
#3343 = VERTEX_POINT('',#3344);
#3344 = CARTESIAN_POINT('',(3.985641179034,-15.73693308893,-4.));
#3345 = SURFACE_CURVE('',#3346,(#3350,#3357),.PCURVE_S1.);
#3346 = LINE('',#3347,#3348);
#3347 = CARTESIAN_POINT('',(4.184658379419,-15.11031750939,-4.));
#3348 = VECTOR('',#3349,1.);
#3349 = DIRECTION('',(-0.302705724992,-0.953084069774,0.));
#3350 = PCURVE('',#126,#3351);
#3351 = DEFINITIONAL_REPRESENTATION('',(#3352),#3356);
#3352 = LINE('',#3353,#3354);
#3353 = CARTESIAN_POINT('',(-4.184658379419,-15.11031750939));
#3354 = VECTOR('',#3355,1.);
#3355 = DIRECTION('',(0.302705724992,-0.953084069774));
#3356 = ( GEOMETRIC_REPRESENTATION_CONTEXT(2) 
PARAMETRIC_REPRESENTATION_CONTEXT() REPRESENTATION_CONTEXT('2D SPACE',''
  ) );
#3357 = PCURVE('',#3358,#3363);
#3358 = PLANE('',#3359);
#3359 = AXIS2_PLACEMENT_3D('',#3360,#3361,#3362);
#3360 = CARTESIAN_POINT('',(4.184658379419,-15.11031750939,-4.));
#3361 = DIRECTION('',(0.953084069774,-0.302705724992,0.));
#3362 = DIRECTION('',(-0.302705724992,-0.953084069774,0.));
#3363 = DEFINITIONAL_REPRESENTATION('',(#3364),#3368);
#3364 = LINE('',#3365,#3366);
#3365 = CARTESIAN_POINT('',(0.,0.));
#3366 = VECTOR('',#3367,1.);
#3367 = DIRECTION('',(1.,0.));
#3368 = ( GEOMETRIC_REPRESENTATION_CONTEXT(2) 
PARAMETRIC_REPRESENTATION_CONTEXT() REPRESENTATION_CONTEXT('2D SPACE',''
  ) );
#3369 = ORIENTED_EDGE('',*,*,#3370,.T.);
#3370 = EDGE_CURVE('',#3343,#3371,#3373,.T.);
#3371 = VERTEX_POINT('',#3372);
#3372 = CARTESIAN_POINT('',(2.759722942003,-15.99751005429,-4.));
#3373 = SURFACE_CURVE('',#3374,(#3378,#3385),.PCURVE_S1.);
#3374 = LINE('',#3375,#3376);
#3375 = CARTESIAN_POINT('',(3.985641179034,-15.73693308893,-4.));
#3376 = VECTOR('',#3377,1.);
#3377 = DIRECTION('',(-0.978147600734,-0.207911690818,0.));
#3378 = PCURVE('',#126,#3379);
#3379 = DEFINITIONAL_REPRESENTATION('',(#3380),#3384);
#3380 = LINE('',#3381,#3382);
#3381 = CARTESIAN_POINT('',(-3.985641179034,-15.73693308893));
#3382 = VECTOR('',#3383,1.);
#3383 = DIRECTION('',(0.978147600734,-0.207911690818));
#3384 = ( GEOMETRIC_REPRESENTATION_CONTEXT(2) 
PARAMETRIC_REPRESENTATION_CONTEXT() REPRESENTATION_CONTEXT('2D SPACE',''
  ) );
#3385 = PCURVE('',#3386,#3391);
#3386 = PLANE('',#3387);
#3387 = AXIS2_PLACEMENT_3D('',#3388,#3389,#3390);
#3388 = CARTESIAN_POINT('',(3.985641179034,-15.73693308893,-4.));
#3389 = DIRECTION('',(0.207911690818,-0.978147600734,0.));
#3390 = DIRECTION('',(-0.978147600734,-0.207911690818,0.));
#3391 = DEFINITIONAL_REPRESENTATION('',(#3392),#3396);
#3392 = LINE('',#3393,#3394);
#3393 = CARTESIAN_POINT('',(0.,0.));
#3394 = VECTOR('',#3395,1.);
#3395 = DIRECTION('',(1.,0.));
#3396 = ( GEOMETRIC_REPRESENTATION_CONTEXT(2) 
PARAMETRIC_REPRESENTATION_CONTEXT() REPRESENTATION_CONTEXT('2D SPACE',''
  ) );
#3397 = ORIENTED_EDGE('',*,*,#3398,.T.);
#3398 = EDGE_CURVE('',#3371,#3399,#3401,.T.);
#3399 = VERTEX_POINT('',#3400);
#3400 = CARTESIAN_POINT('',(2.323044165276,-15.5060158259,-4.));
#3401 = SURFACE_CURVE('',#3402,(#3406,#3413),.PCURVE_S1.);
#3402 = LINE('',#3403,#3404);
#3403 = CARTESIAN_POINT('',(2.759722942003,-15.99751005429,-4.));
#3404 = VECTOR('',#3405,1.);
#3405 = DIRECTION('',(-0.664189655178,0.747564112271,0.));
#3406 = PCURVE('',#126,#3407);
#3407 = DEFINITIONAL_REPRESENTATION('',(#3408),#3412);
#3408 = LINE('',#3409,#3410);
#3409 = CARTESIAN_POINT('',(-2.759722942003,-15.99751005429));
#3410 = VECTOR('',#3411,1.);
#3411 = DIRECTION('',(0.664189655178,0.747564112271));
#3412 = ( GEOMETRIC_REPRESENTATION_CONTEXT(2) 
PARAMETRIC_REPRESENTATION_CONTEXT() REPRESENTATION_CONTEXT('2D SPACE',''
  ) );
#3413 = PCURVE('',#3414,#3419);
#3414 = PLANE('',#3415);
#3415 = AXIS2_PLACEMENT_3D('',#3416,#3417,#3418);
#3416 = CARTESIAN_POINT('',(2.759722942003,-15.99751005429,-4.));
#3417 = DIRECTION('',(-0.747564112271,-0.664189655178,0.));
#3418 = DIRECTION('',(-0.664189655178,0.747564112271,0.));
#3419 = DEFINITIONAL_REPRESENTATION('',(#3420),#3424);
#3420 = LINE('',#3421,#3422);
#3421 = CARTESIAN_POINT('',(0.,0.));
#3422 = VECTOR('',#3423,1.);
#3423 = DIRECTION('',(1.,0.));
#3424 = ( GEOMETRIC_REPRESENTATION_CONTEXT(2) 
PARAMETRIC_REPRESENTATION_CONTEXT() REPRESENTATION_CONTEXT('2D SPACE',''
  ) );
#3425 = ORIENTED_EDGE('',*,*,#3426,.T.);
#3426 = EDGE_CURVE('',#3399,#3427,#3429,.T.);
#3427 = VERTEX_POINT('',#3428);
#3428 = CARTESIAN_POINT('',(1.941133037135,-14.99923992395,-4.));
#3429 = SURFACE_CURVE('',#3430,(#3434,#3441),.PCURVE_S1.);
#3430 = LINE('',#3431,#3432);
#3431 = CARTESIAN_POINT('',(2.323044165276,-15.5060158259,-4.));
#3432 = VECTOR('',#3433,1.);
#3433 = DIRECTION('',(-0.601843261379,0.798614230234,0.));
#3434 = PCURVE('',#126,#3435);
#3435 = DEFINITIONAL_REPRESENTATION('',(#3436),#3440);
#3436 = LINE('',#3437,#3438);
#3437 = CARTESIAN_POINT('',(-2.323044165276,-15.5060158259));
#3438 = VECTOR('',#3439,1.);
#3439 = DIRECTION('',(0.601843261379,0.798614230234));
#3440 = ( GEOMETRIC_REPRESENTATION_CONTEXT(2) 
PARAMETRIC_REPRESENTATION_CONTEXT() REPRESENTATION_CONTEXT('2D SPACE',''
  ) );
#3441 = PCURVE('',#3442,#3447);
#3442 = PLANE('',#3443);
#3443 = AXIS2_PLACEMENT_3D('',#3444,#3445,#3446);
#3444 = CARTESIAN_POINT('',(2.323044165276,-15.5060158259,-4.));
#3445 = DIRECTION('',(-0.798614230234,-0.601843261379,0.));
#3446 = DIRECTION('',(-0.601843261379,0.798614230234,0.));
#3447 = DEFINITIONAL_REPRESENTATION('',(#3448),#3452);
#3448 = LINE('',#3449,#3450);
#3449 = CARTESIAN_POINT('',(0.,0.));
#3450 = VECTOR('',#3451,1.);
#3451 = DIRECTION('',(1.,0.));
#3452 = ( GEOMETRIC_REPRESENTATION_CONTEXT(2) 
PARAMETRIC_REPRESENTATION_CONTEXT() REPRESENTATION_CONTEXT('2D SPACE',''
  ) );
#3453 = ORIENTED_EDGE('',*,*,#3454,.T.);
#3454 = EDGE_CURVE('',#3427,#3455,#3457,.T.);
#3455 = VERTEX_POINT('',#3456);
#3456 = CARTESIAN_POINT('',(1.618875404739,-14.479366195,-4.));
#3457 = SURFACE_CURVE('',#3458,(#3462,#3469),.PCURVE_S1.);
#3458 = LINE('',#3459,#3460);
#3459 = CARTESIAN_POINT('',(1.941133037135,-14.99923992395,-4.));
#3460 = VECTOR('',#3461,1.);
#3461 = DIRECTION('',(-0.526863991642,0.849949606925,0.));
#3462 = PCURVE('',#126,#3463);
#3463 = DEFINITIONAL_REPRESENTATION('',(#3464),#3468);
#3464 = LINE('',#3465,#3466);
#3465 = CARTESIAN_POINT('',(-1.941133037135,-14.99923992395));
#3466 = VECTOR('',#3467,1.);
#3467 = DIRECTION('',(0.526863991642,0.849949606925));
#3468 = ( GEOMETRIC_REPRESENTATION_CONTEXT(2) 
PARAMETRIC_REPRESENTATION_CONTEXT() REPRESENTATION_CONTEXT('2D SPACE',''
  ) );
#3469 = PCURVE('',#3470,#3475);
#3470 = PLANE('',#3471);
#3471 = AXIS2_PLACEMENT_3D('',#3472,#3473,#3474);
#3472 = CARTESIAN_POINT('',(1.941133037135,-14.99923992395,-4.));
#3473 = DIRECTION('',(-0.849949606925,-0.526863991642,0.));
#3474 = DIRECTION('',(-0.526863991642,0.849949606925,0.));
#3475 = DEFINITIONAL_REPRESENTATION('',(#3476),#3480);
#3476 = LINE('',#3477,#3478);
#3477 = CARTESIAN_POINT('',(0.,0.));
#3478 = VECTOR('',#3479,1.);
#3479 = DIRECTION('',(1.,0.));
#3480 = ( GEOMETRIC_REPRESENTATION_CONTEXT(2) 
PARAMETRIC_REPRESENTATION_CONTEXT() REPRESENTATION_CONTEXT('2D SPACE',''
  ) );
#3481 = ORIENTED_EDGE('',*,*,#3482,.T.);
#3482 = EDGE_CURVE('',#3455,#3483,#3485,.T.);
#3483 = VERTEX_POINT('',#3484);
#3484 = CARTESIAN_POINT('',(1.365139922473,-13.94819972763,-4.));
#3485 = SURFACE_CURVE('',#3486,(#3490,#3497),.PCURVE_S1.);
#3486 = LINE('',#3487,#3488);
#3487 = CARTESIAN_POINT('',(1.618875404739,-14.479366195,-4.));
#3488 = VECTOR('',#3489,1.);
#3489 = DIRECTION('',(-0.431039784175,0.902332923293,0.));
#3490 = PCURVE('',#126,#3491);
#3491 = DEFINITIONAL_REPRESENTATION('',(#3492),#3496);
#3492 = LINE('',#3493,#3494);
#3493 = CARTESIAN_POINT('',(-1.618875404739,-14.479366195));
#3494 = VECTOR('',#3495,1.);
#3495 = DIRECTION('',(0.431039784175,0.902332923293));
#3496 = ( GEOMETRIC_REPRESENTATION_CONTEXT(2) 
PARAMETRIC_REPRESENTATION_CONTEXT() REPRESENTATION_CONTEXT('2D SPACE',''
  ) );
#3497 = PCURVE('',#3498,#3503);
#3498 = PLANE('',#3499);
#3499 = AXIS2_PLACEMENT_3D('',#3500,#3501,#3502);
#3500 = CARTESIAN_POINT('',(1.618875404739,-14.479366195,-4.));
#3501 = DIRECTION('',(-0.902332923293,-0.431039784175,0.));
#3502 = DIRECTION('',(-0.431039784175,0.902332923293,0.));
#3503 = DEFINITIONAL_REPRESENTATION('',(#3504),#3508);
#3504 = LINE('',#3505,#3506);
#3505 = CARTESIAN_POINT('',(0.,0.));
#3506 = VECTOR('',#3507,1.);
#3507 = DIRECTION('',(1.,0.));
#3508 = ( GEOMETRIC_REPRESENTATION_CONTEXT(2) 
PARAMETRIC_REPRESENTATION_CONTEXT() REPRESENTATION_CONTEXT('2D SPACE',''
  ) );
#3509 = ORIENTED_EDGE('',*,*,#3510,.T.);
#3510 = EDGE_CURVE('',#3483,#3511,#3513,.T.);
#3511 = VERTEX_POINT('',#3512);
#3512 = CARTESIAN_POINT('',(1.207299651618,-13.40585179351,-4.));
#3513 = SURFACE_CURVE('',#3514,(#3518,#3525),.PCURVE_S1.);
#3514 = LINE('',#3515,#3516);
#3515 = CARTESIAN_POINT('',(1.365139922473,-13.94819972763,-4.));
#3516 = VECTOR('',#3517,1.);
#3517 = DIRECTION('',(-0.279437800246,0.960163796336,0.));
#3518 = PCURVE('',#126,#3519);
#3519 = DEFINITIONAL_REPRESENTATION('',(#3520),#3524);
#3520 = LINE('',#3521,#3522);
#3521 = CARTESIAN_POINT('',(-1.365139922473,-13.94819972763));
#3522 = VECTOR('',#3523,1.);
#3523 = DIRECTION('',(0.279437800246,0.960163796336));
#3524 = ( GEOMETRIC_REPRESENTATION_CONTEXT(2) 
PARAMETRIC_REPRESENTATION_CONTEXT() REPRESENTATION_CONTEXT('2D SPACE',''
  ) );
#3525 = PCURVE('',#3526,#3531);
#3526 = PLANE('',#3527);
#3527 = AXIS2_PLACEMENT_3D('',#3528,#3529,#3530);
#3528 = CARTESIAN_POINT('',(1.365139922473,-13.94819972763,-4.));
#3529 = DIRECTION('',(-0.960163796336,-0.279437800246,0.));
#3530 = DIRECTION('',(-0.279437800246,0.960163796336,0.));
#3531 = DEFINITIONAL_REPRESENTATION('',(#3532),#3536);
#3532 = LINE('',#3533,#3534);
#3533 = CARTESIAN_POINT('',(0.,0.));
#3534 = VECTOR('',#3535,1.);
#3535 = DIRECTION('',(1.,0.));
#3536 = ( GEOMETRIC_REPRESENTATION_CONTEXT(2) 
PARAMETRIC_REPRESENTATION_CONTEXT() REPRESENTATION_CONTEXT('2D SPACE',''
  ) );
#3537 = ORIENTED_EDGE('',*,*,#3538,.T.);
#3538 = EDGE_CURVE('',#3511,#3539,#3541,.T.);
#3539 = VERTEX_POINT('',#3540);
#3540 = CARTESIAN_POINT('',(1.070651211642,-11.88850791647,-4.));
#3541 = SURFACE_CURVE('',#3542,(#3546,#3553),.PCURVE_S1.);
#3542 = LINE('',#3543,#3544);
#3543 = CARTESIAN_POINT('',(1.207299651618,-13.40585179351,-4.));
#3544 = VECTOR('',#3545,1.);
#3545 = DIRECTION('',(-8.969466616133E-02,0.995969310201,0.));
#3546 = PCURVE('',#126,#3547);
#3547 = DEFINITIONAL_REPRESENTATION('',(#3548),#3552);
#3548 = LINE('',#3549,#3550);
#3549 = CARTESIAN_POINT('',(-1.207299651618,-13.40585179351));
#3550 = VECTOR('',#3551,1.);
#3551 = DIRECTION('',(8.969466616133E-02,0.995969310201));
#3552 = ( GEOMETRIC_REPRESENTATION_CONTEXT(2) 
PARAMETRIC_REPRESENTATION_CONTEXT() REPRESENTATION_CONTEXT('2D SPACE',''
  ) );
#3553 = PCURVE('',#3554,#3559);
#3554 = PLANE('',#3555);
#3555 = AXIS2_PLACEMENT_3D('',#3556,#3557,#3558);
#3556 = CARTESIAN_POINT('',(1.207299651618,-13.40585179351,-4.));
#3557 = DIRECTION('',(-0.995969310201,-8.969466616133E-02,0.));
#3558 = DIRECTION('',(-8.969466616133E-02,0.995969310201,0.));
#3559 = DEFINITIONAL_REPRESENTATION('',(#3560),#3564);
#3560 = LINE('',#3561,#3562);
#3561 = CARTESIAN_POINT('',(0.,0.));
#3562 = VECTOR('',#3563,1.);
#3563 = DIRECTION('',(1.,0.));
#3564 = ( GEOMETRIC_REPRESENTATION_CONTEXT(2) 
PARAMETRIC_REPRESENTATION_CONTEXT() REPRESENTATION_CONTEXT('2D SPACE',''
  ) );
#3565 = ORIENTED_EDGE('',*,*,#3566,.T.);
#3566 = EDGE_CURVE('',#3539,#3567,#3569,.T.);
#3567 = VERTEX_POINT('',#3568);
#3568 = CARTESIAN_POINT('',(1.461814437195E-15,-11.93662073189,-4.));
#3569 = SURFACE_CURVE('',#3570,(#3574,#3581),.PCURVE_S1.);
#3570 = LINE('',#3571,#3572);
#3571 = CARTESIAN_POINT('',(1.070651211642,-11.88850791647,-4.));
#3572 = VECTOR('',#3573,1.);
#3573 = DIRECTION('',(-0.998991819336,-4.489259292481E-02,0.));
#3574 = PCURVE('',#126,#3575);
#3575 = DEFINITIONAL_REPRESENTATION('',(#3576),#3580);
#3576 = LINE('',#3577,#3578);
#3577 = CARTESIAN_POINT('',(-1.070651211642,-11.88850791647));
#3578 = VECTOR('',#3579,1.);
#3579 = DIRECTION('',(0.998991819336,-4.489259292481E-02));
#3580 = ( GEOMETRIC_REPRESENTATION_CONTEXT(2) 
PARAMETRIC_REPRESENTATION_CONTEXT() REPRESENTATION_CONTEXT('2D SPACE',''
  ) );
#3581 = PCURVE('',#3582,#3587);
#3582 = PLANE('',#3583);
#3583 = AXIS2_PLACEMENT_3D('',#3584,#3585,#3586);
#3584 = CARTESIAN_POINT('',(1.070651211642,-11.88850791647,-4.));
#3585 = DIRECTION('',(4.489259292481E-02,-0.998991819336,0.));
#3586 = DIRECTION('',(-0.998991819336,-4.489259292481E-02,0.));
#3587 = DEFINITIONAL_REPRESENTATION('',(#3588),#3592);
#3588 = LINE('',#3589,#3590);
#3589 = CARTESIAN_POINT('',(0.,0.));
#3590 = VECTOR('',#3591,1.);
#3591 = DIRECTION('',(1.,0.));
#3592 = ( GEOMETRIC_REPRESENTATION_CONTEXT(2) 
PARAMETRIC_REPRESENTATION_CONTEXT() REPRESENTATION_CONTEXT('2D SPACE',''
  ) );
#3593 = ORIENTED_EDGE('',*,*,#3594,.T.);
#3594 = EDGE_CURVE('',#3567,#3595,#3597,.T.);
#3595 = VERTEX_POINT('',#3596);
#3596 = CARTESIAN_POINT('',(-1.070651211642,-11.88850791647,-4.));
#3597 = SURFACE_CURVE('',#3598,(#3602,#3609),.PCURVE_S1.);
#3598 = LINE('',#3599,#3600);
#3599 = CARTESIAN_POINT('',(1.461814437195E-15,-11.93662073189,-4.));
#3600 = VECTOR('',#3601,1.);
#3601 = DIRECTION('',(-0.998991819336,4.489259292481E-02,0.));
#3602 = PCURVE('',#126,#3603);
#3603 = DEFINITIONAL_REPRESENTATION('',(#3604),#3608);
#3604 = LINE('',#3605,#3606);
#3605 = CARTESIAN_POINT('',(-4.424031039259E-15,-11.93662073189));
#3606 = VECTOR('',#3607,1.);
#3607 = DIRECTION('',(0.998991819336,4.489259292481E-02));
#3608 = ( GEOMETRIC_REPRESENTATION_CONTEXT(2) 
PARAMETRIC_REPRESENTATION_CONTEXT() REPRESENTATION_CONTEXT('2D SPACE',''
  ) );
#3609 = PCURVE('',#3610,#3615);
#3610 = PLANE('',#3611);
#3611 = AXIS2_PLACEMENT_3D('',#3612,#3613,#3614);
#3612 = CARTESIAN_POINT('',(1.461814437195E-15,-11.93662073189,-4.));
#3613 = DIRECTION('',(-4.489259292481E-02,-0.998991819336,0.));
#3614 = DIRECTION('',(-0.998991819336,4.489259292481E-02,0.));
#3615 = DEFINITIONAL_REPRESENTATION('',(#3616),#3620);
#3616 = LINE('',#3617,#3618);
#3617 = CARTESIAN_POINT('',(0.,0.));
#3618 = VECTOR('',#3619,1.);
#3619 = DIRECTION('',(1.,0.));
#3620 = ( GEOMETRIC_REPRESENTATION_CONTEXT(2) 
PARAMETRIC_REPRESENTATION_CONTEXT() REPRESENTATION_CONTEXT('2D SPACE',''
  ) );
#3621 = ORIENTED_EDGE('',*,*,#3622,.T.);
#3622 = EDGE_CURVE('',#3595,#3623,#3625,.T.);
#3623 = VERTEX_POINT('',#3624);
#3624 = CARTESIAN_POINT('',(-1.207299651618,-13.40585179351,-4.));
#3625 = SURFACE_CURVE('',#3626,(#3630,#3637),.PCURVE_S1.);
#3626 = LINE('',#3627,#3628);
#3627 = CARTESIAN_POINT('',(-1.070651211642,-11.88850791647,-4.));
#3628 = VECTOR('',#3629,1.);
#3629 = DIRECTION('',(-8.969466616134E-02,-0.995969310201,0.));
#3630 = PCURVE('',#126,#3631);
#3631 = DEFINITIONAL_REPRESENTATION('',(#3632),#3636);
#3632 = LINE('',#3633,#3634);
#3633 = CARTESIAN_POINT('',(1.070651211642,-11.88850791647));
#3634 = VECTOR('',#3635,1.);
#3635 = DIRECTION('',(8.969466616134E-02,-0.995969310201));
#3636 = ( GEOMETRIC_REPRESENTATION_CONTEXT(2) 
PARAMETRIC_REPRESENTATION_CONTEXT() REPRESENTATION_CONTEXT('2D SPACE',''
  ) );
#3637 = PCURVE('',#3638,#3643);
#3638 = PLANE('',#3639);
#3639 = AXIS2_PLACEMENT_3D('',#3640,#3641,#3642);
#3640 = CARTESIAN_POINT('',(-1.070651211642,-11.88850791647,-4.));
#3641 = DIRECTION('',(0.995969310201,-8.969466616134E-02,0.));
#3642 = DIRECTION('',(-8.969466616134E-02,-0.995969310201,0.));
#3643 = DEFINITIONAL_REPRESENTATION('',(#3644),#3648);
#3644 = LINE('',#3645,#3646);
#3645 = CARTESIAN_POINT('',(0.,0.));
#3646 = VECTOR('',#3647,1.);
#3647 = DIRECTION('',(1.,0.));
#3648 = ( GEOMETRIC_REPRESENTATION_CONTEXT(2) 
PARAMETRIC_REPRESENTATION_CONTEXT() REPRESENTATION_CONTEXT('2D SPACE',''
  ) );
#3649 = ORIENTED_EDGE('',*,*,#3650,.T.);
#3650 = EDGE_CURVE('',#3623,#3651,#3653,.T.);
#3651 = VERTEX_POINT('',#3652);
#3652 = CARTESIAN_POINT('',(-1.365139922473,-13.94819972763,-4.));
#3653 = SURFACE_CURVE('',#3654,(#3658,#3665),.PCURVE_S1.);
#3654 = LINE('',#3655,#3656);
#3655 = CARTESIAN_POINT('',(-1.207299651618,-13.40585179351,-4.));
#3656 = VECTOR('',#3657,1.);
#3657 = DIRECTION('',(-0.279437800246,-0.960163796336,0.));
#3658 = PCURVE('',#126,#3659);
#3659 = DEFINITIONAL_REPRESENTATION('',(#3660),#3664);
#3660 = LINE('',#3661,#3662);
#3661 = CARTESIAN_POINT('',(1.207299651618,-13.40585179351));
#3662 = VECTOR('',#3663,1.);
#3663 = DIRECTION('',(0.279437800246,-0.960163796336));
#3664 = ( GEOMETRIC_REPRESENTATION_CONTEXT(2) 
PARAMETRIC_REPRESENTATION_CONTEXT() REPRESENTATION_CONTEXT('2D SPACE',''
  ) );
#3665 = PCURVE('',#3666,#3671);
#3666 = PLANE('',#3667);
#3667 = AXIS2_PLACEMENT_3D('',#3668,#3669,#3670);
#3668 = CARTESIAN_POINT('',(-1.207299651618,-13.40585179351,-4.));
#3669 = DIRECTION('',(0.960163796336,-0.279437800246,0.));
#3670 = DIRECTION('',(-0.279437800246,-0.960163796336,0.));
#3671 = DEFINITIONAL_REPRESENTATION('',(#3672),#3676);
#3672 = LINE('',#3673,#3674);
#3673 = CARTESIAN_POINT('',(0.,0.));
#3674 = VECTOR('',#3675,1.);
#3675 = DIRECTION('',(1.,0.));
#3676 = ( GEOMETRIC_REPRESENTATION_CONTEXT(2) 
PARAMETRIC_REPRESENTATION_CONTEXT() REPRESENTATION_CONTEXT('2D SPACE',''
  ) );
#3677 = ORIENTED_EDGE('',*,*,#3678,.T.);
#3678 = EDGE_CURVE('',#3651,#3679,#3681,.T.);
#3679 = VERTEX_POINT('',#3680);
#3680 = CARTESIAN_POINT('',(-1.618875404739,-14.479366195,-4.));
#3681 = SURFACE_CURVE('',#3682,(#3686,#3693),.PCURVE_S1.);
#3682 = LINE('',#3683,#3684);
#3683 = CARTESIAN_POINT('',(-1.365139922473,-13.94819972763,-4.));
#3684 = VECTOR('',#3685,1.);
#3685 = DIRECTION('',(-0.431039784175,-0.902332923293,0.));
#3686 = PCURVE('',#126,#3687);
#3687 = DEFINITIONAL_REPRESENTATION('',(#3688),#3692);
#3688 = LINE('',#3689,#3690);
#3689 = CARTESIAN_POINT('',(1.365139922473,-13.94819972763));
#3690 = VECTOR('',#3691,1.);
#3691 = DIRECTION('',(0.431039784175,-0.902332923293));
#3692 = ( GEOMETRIC_REPRESENTATION_CONTEXT(2) 
PARAMETRIC_REPRESENTATION_CONTEXT() REPRESENTATION_CONTEXT('2D SPACE',''
  ) );
#3693 = PCURVE('',#3694,#3699);
#3694 = PLANE('',#3695);
#3695 = AXIS2_PLACEMENT_3D('',#3696,#3697,#3698);
#3696 = CARTESIAN_POINT('',(-1.365139922473,-13.94819972763,-4.));
#3697 = DIRECTION('',(0.902332923293,-0.431039784175,0.));
#3698 = DIRECTION('',(-0.431039784175,-0.902332923293,0.));
#3699 = DEFINITIONAL_REPRESENTATION('',(#3700),#3704);
#3700 = LINE('',#3701,#3702);
#3701 = CARTESIAN_POINT('',(0.,0.));
#3702 = VECTOR('',#3703,1.);
#3703 = DIRECTION('',(1.,0.));
#3704 = ( GEOMETRIC_REPRESENTATION_CONTEXT(2) 
PARAMETRIC_REPRESENTATION_CONTEXT() REPRESENTATION_CONTEXT('2D SPACE',''
  ) );
#3705 = ORIENTED_EDGE('',*,*,#3706,.T.);
#3706 = EDGE_CURVE('',#3679,#3707,#3709,.T.);
#3707 = VERTEX_POINT('',#3708);
#3708 = CARTESIAN_POINT('',(-1.941133037135,-14.99923992395,-4.));
#3709 = SURFACE_CURVE('',#3710,(#3714,#3721),.PCURVE_S1.);
#3710 = LINE('',#3711,#3712);
#3711 = CARTESIAN_POINT('',(-1.618875404739,-14.479366195,-4.));
#3712 = VECTOR('',#3713,1.);
#3713 = DIRECTION('',(-0.526863991642,-0.849949606925,0.));
#3714 = PCURVE('',#126,#3715);
#3715 = DEFINITIONAL_REPRESENTATION('',(#3716),#3720);
#3716 = LINE('',#3717,#3718);
#3717 = CARTESIAN_POINT('',(1.618875404739,-14.479366195));
#3718 = VECTOR('',#3719,1.);
#3719 = DIRECTION('',(0.526863991642,-0.849949606925));
#3720 = ( GEOMETRIC_REPRESENTATION_CONTEXT(2) 
PARAMETRIC_REPRESENTATION_CONTEXT() REPRESENTATION_CONTEXT('2D SPACE',''
  ) );
#3721 = PCURVE('',#3722,#3727);
#3722 = PLANE('',#3723);
#3723 = AXIS2_PLACEMENT_3D('',#3724,#3725,#3726);
#3724 = CARTESIAN_POINT('',(-1.618875404739,-14.479366195,-4.));
#3725 = DIRECTION('',(0.849949606925,-0.526863991642,0.));
#3726 = DIRECTION('',(-0.526863991642,-0.849949606925,0.));
#3727 = DEFINITIONAL_REPRESENTATION('',(#3728),#3732);
#3728 = LINE('',#3729,#3730);
#3729 = CARTESIAN_POINT('',(0.,0.));
#3730 = VECTOR('',#3731,1.);
#3731 = DIRECTION('',(1.,0.));
#3732 = ( GEOMETRIC_REPRESENTATION_CONTEXT(2) 
PARAMETRIC_REPRESENTATION_CONTEXT() REPRESENTATION_CONTEXT('2D SPACE',''
  ) );
#3733 = ORIENTED_EDGE('',*,*,#3734,.T.);
#3734 = EDGE_CURVE('',#3707,#3735,#3737,.T.);
#3735 = VERTEX_POINT('',#3736);
#3736 = CARTESIAN_POINT('',(-2.323044165276,-15.5060158259,-4.));
#3737 = SURFACE_CURVE('',#3738,(#3742,#3749),.PCURVE_S1.);
#3738 = LINE('',#3739,#3740);
#3739 = CARTESIAN_POINT('',(-1.941133037135,-14.99923992395,-4.));
#3740 = VECTOR('',#3741,1.);
#3741 = DIRECTION('',(-0.601843261379,-0.798614230234,0.));
#3742 = PCURVE('',#126,#3743);
#3743 = DEFINITIONAL_REPRESENTATION('',(#3744),#3748);
#3744 = LINE('',#3745,#3746);
#3745 = CARTESIAN_POINT('',(1.941133037135,-14.99923992395));
#3746 = VECTOR('',#3747,1.);
#3747 = DIRECTION('',(0.601843261379,-0.798614230234));
#3748 = ( GEOMETRIC_REPRESENTATION_CONTEXT(2) 
PARAMETRIC_REPRESENTATION_CONTEXT() REPRESENTATION_CONTEXT('2D SPACE',''
  ) );
#3749 = PCURVE('',#3750,#3755);
#3750 = PLANE('',#3751);
#3751 = AXIS2_PLACEMENT_3D('',#3752,#3753,#3754);
#3752 = CARTESIAN_POINT('',(-1.941133037135,-14.99923992395,-4.));
#3753 = DIRECTION('',(0.798614230234,-0.601843261379,0.));
#3754 = DIRECTION('',(-0.601843261379,-0.798614230234,0.));
#3755 = DEFINITIONAL_REPRESENTATION('',(#3756),#3760);
#3756 = LINE('',#3757,#3758);
#3757 = CARTESIAN_POINT('',(0.,0.));
#3758 = VECTOR('',#3759,1.);
#3759 = DIRECTION('',(1.,0.));
#3760 = ( GEOMETRIC_REPRESENTATION_CONTEXT(2) 
PARAMETRIC_REPRESENTATION_CONTEXT() REPRESENTATION_CONTEXT('2D SPACE',''
  ) );
#3761 = ORIENTED_EDGE('',*,*,#3762,.T.);
#3762 = EDGE_CURVE('',#3735,#3763,#3765,.T.);
#3763 = VERTEX_POINT('',#3764);
#3764 = CARTESIAN_POINT('',(-2.759722942003,-15.99751005429,-4.));
#3765 = SURFACE_CURVE('',#3766,(#3770,#3777),.PCURVE_S1.);
#3766 = LINE('',#3767,#3768);
#3767 = CARTESIAN_POINT('',(-2.323044165276,-15.5060158259,-4.));
#3768 = VECTOR('',#3769,1.);
#3769 = DIRECTION('',(-0.664189655178,-0.747564112271,0.));
#3770 = PCURVE('',#126,#3771);
#3771 = DEFINITIONAL_REPRESENTATION('',(#3772),#3776);
#3772 = LINE('',#3773,#3774);
#3773 = CARTESIAN_POINT('',(2.323044165276,-15.5060158259));
#3774 = VECTOR('',#3775,1.);
#3775 = DIRECTION('',(0.664189655178,-0.747564112271));
#3776 = ( GEOMETRIC_REPRESENTATION_CONTEXT(2) 
PARAMETRIC_REPRESENTATION_CONTEXT() REPRESENTATION_CONTEXT('2D SPACE',''
  ) );
#3777 = PCURVE('',#3778,#3783);
#3778 = PLANE('',#3779);
#3779 = AXIS2_PLACEMENT_3D('',#3780,#3781,#3782);
#3780 = CARTESIAN_POINT('',(-2.323044165276,-15.5060158259,-4.));
#3781 = DIRECTION('',(0.747564112271,-0.664189655178,0.));
#3782 = DIRECTION('',(-0.664189655178,-0.747564112271,0.));
#3783 = DEFINITIONAL_REPRESENTATION('',(#3784),#3788);
#3784 = LINE('',#3785,#3786);
#3785 = CARTESIAN_POINT('',(0.,0.));
#3786 = VECTOR('',#3787,1.);
#3787 = DIRECTION('',(1.,0.));
#3788 = ( GEOMETRIC_REPRESENTATION_CONTEXT(2) 
PARAMETRIC_REPRESENTATION_CONTEXT() REPRESENTATION_CONTEXT('2D SPACE',''
  ) );
#3789 = ORIENTED_EDGE('',*,*,#3790,.T.);
#3790 = EDGE_CURVE('',#3763,#3791,#3793,.T.);
#3791 = VERTEX_POINT('',#3792);
#3792 = CARTESIAN_POINT('',(-3.985641179034,-15.73693308893,-4.));
#3793 = SURFACE_CURVE('',#3794,(#3798,#3805),.PCURVE_S1.);
#3794 = LINE('',#3795,#3796);
#3795 = CARTESIAN_POINT('',(-2.759722942003,-15.99751005429,-4.));
#3796 = VECTOR('',#3797,1.);
#3797 = DIRECTION('',(-0.978147600734,0.207911690818,0.));
#3798 = PCURVE('',#126,#3799);
#3799 = DEFINITIONAL_REPRESENTATION('',(#3800),#3804);
#3800 = LINE('',#3801,#3802);
#3801 = CARTESIAN_POINT('',(2.759722942003,-15.99751005429));
#3802 = VECTOR('',#3803,1.);
#3803 = DIRECTION('',(0.978147600734,0.207911690818));
#3804 = ( GEOMETRIC_REPRESENTATION_CONTEXT(2) 
PARAMETRIC_REPRESENTATION_CONTEXT() REPRESENTATION_CONTEXT('2D SPACE',''
  ) );
#3805 = PCURVE('',#3806,#3811);
#3806 = PLANE('',#3807);
#3807 = AXIS2_PLACEMENT_3D('',#3808,#3809,#3810);
#3808 = CARTESIAN_POINT('',(-2.759722942003,-15.99751005429,-4.));
#3809 = DIRECTION('',(-0.207911690818,-0.978147600734,0.));
#3810 = DIRECTION('',(-0.978147600734,0.207911690818,0.));
#3811 = DEFINITIONAL_REPRESENTATION('',(#3812),#3816);
#3812 = LINE('',#3813,#3814);
#3813 = CARTESIAN_POINT('',(0.,0.));
#3814 = VECTOR('',#3815,1.);
#3815 = DIRECTION('',(1.,0.));
#3816 = ( GEOMETRIC_REPRESENTATION_CONTEXT(2) 
PARAMETRIC_REPRESENTATION_CONTEXT() REPRESENTATION_CONTEXT('2D SPACE',''
  ) );
#3817 = ORIENTED_EDGE('',*,*,#3818,.T.);
#3818 = EDGE_CURVE('',#3791,#3819,#3821,.T.);
#3819 = VERTEX_POINT('',#3820);
#3820 = CARTESIAN_POINT('',(-4.184658379419,-15.11031750939,-4.));
#3821 = SURFACE_CURVE('',#3822,(#3826,#3833),.PCURVE_S1.);
#3822 = LINE('',#3823,#3824);
#3823 = CARTESIAN_POINT('',(-3.985641179034,-15.73693308893,-4.));
#3824 = VECTOR('',#3825,1.);
#3825 = DIRECTION('',(-0.302705724992,0.953084069774,0.));
#3826 = PCURVE('',#126,#3827);
#3827 = DEFINITIONAL_REPRESENTATION('',(#3828),#3832);
#3828 = LINE('',#3829,#3830);
#3829 = CARTESIAN_POINT('',(3.985641179034,-15.73693308893));
#3830 = VECTOR('',#3831,1.);
#3831 = DIRECTION('',(0.302705724992,0.953084069774));
#3832 = ( GEOMETRIC_REPRESENTATION_CONTEXT(2) 
PARAMETRIC_REPRESENTATION_CONTEXT() REPRESENTATION_CONTEXT('2D SPACE',''
  ) );
#3833 = PCURVE('',#3834,#3839);
#3834 = PLANE('',#3835);
#3835 = AXIS2_PLACEMENT_3D('',#3836,#3837,#3838);
#3836 = CARTESIAN_POINT('',(-3.985641179034,-15.73693308893,-4.));
#3837 = DIRECTION('',(-0.953084069774,-0.302705724992,0.));
#3838 = DIRECTION('',(-0.302705724992,0.953084069774,0.));
#3839 = DEFINITIONAL_REPRESENTATION('',(#3840),#3844);
#3840 = LINE('',#3841,#3842);
#3841 = CARTESIAN_POINT('',(0.,0.));
#3842 = VECTOR('',#3843,1.);
#3843 = DIRECTION('',(1.,0.));
#3844 = ( GEOMETRIC_REPRESENTATION_CONTEXT(2) 
PARAMETRIC_REPRESENTATION_CONTEXT() REPRESENTATION_CONTEXT('2D SPACE',''
  ) );
#3845 = ORIENTED_EDGE('',*,*,#3846,.T.);
#3846 = EDGE_CURVE('',#3819,#3847,#3849,.T.);
#3847 = VERTEX_POINT('',#3848);
#3848 = CARTESIAN_POINT('',(-4.327427226604,-14.49201743591,-4.));
#3849 = SURFACE_CURVE('',#3850,(#3854,#3861),.PCURVE_S1.);
#3850 = LINE('',#3851,#3852);
#3851 = CARTESIAN_POINT('',(-4.184658379419,-15.11031750939,-4.));
#3852 = VECTOR('',#3853,1.);
#3853 = DIRECTION('',(-0.224985506528,0.97436211023,0.));
#3854 = PCURVE('',#126,#3855);
#3855 = DEFINITIONAL_REPRESENTATION('',(#3856),#3860);
#3856 = LINE('',#3857,#3858);
#3857 = CARTESIAN_POINT('',(4.184658379419,-15.11031750939));
#3858 = VECTOR('',#3859,1.);
#3859 = DIRECTION('',(0.224985506528,0.97436211023));
#3860 = ( GEOMETRIC_REPRESENTATION_CONTEXT(2) 
PARAMETRIC_REPRESENTATION_CONTEXT() REPRESENTATION_CONTEXT('2D SPACE',''
  ) );
#3861 = PCURVE('',#3862,#3867);
#3862 = PLANE('',#3863);
#3863 = AXIS2_PLACEMENT_3D('',#3864,#3865,#3866);
#3864 = CARTESIAN_POINT('',(-4.184658379419,-15.11031750939,-4.));
#3865 = DIRECTION('',(-0.97436211023,-0.224985506528,0.));
#3866 = DIRECTION('',(-0.224985506528,0.97436211023,0.));
#3867 = DEFINITIONAL_REPRESENTATION('',(#3868),#3872);
#3868 = LINE('',#3869,#3870);
#3869 = CARTESIAN_POINT('',(0.,0.));
#3870 = VECTOR('',#3871,1.);
#3871 = DIRECTION('',(1.,0.));
#3872 = ( GEOMETRIC_REPRESENTATION_CONTEXT(2) 
PARAMETRIC_REPRESENTATION_CONTEXT() REPRESENTATION_CONTEXT('2D SPACE',''
  ) );
#3873 = ORIENTED_EDGE('',*,*,#3874,.T.);
#3874 = EDGE_CURVE('',#3847,#3875,#3877,.T.);
#3875 = VERTEX_POINT('',#3876);
#3876 = CARTESIAN_POINT('',(-4.410372527534,-13.88601516467,-4.));
#3877 = SURFACE_CURVE('',#3878,(#3882,#3889),.PCURVE_S1.);
#3878 = LINE('',#3879,#3880);
#3879 = CARTESIAN_POINT('',(-4.327427226604,-14.49201743591,-4.));
#3880 = VECTOR('',#3881,1.);
#3881 = DIRECTION('',(-0.135608556456,0.990762493949,0.));
#3882 = PCURVE('',#126,#3883);
#3883 = DEFINITIONAL_REPRESENTATION('',(#3884),#3888);
#3884 = LINE('',#3885,#3886);
#3885 = CARTESIAN_POINT('',(4.327427226604,-14.49201743591));
#3886 = VECTOR('',#3887,1.);
#3887 = DIRECTION('',(0.135608556456,0.990762493949));
#3888 = ( GEOMETRIC_REPRESENTATION_CONTEXT(2) 
PARAMETRIC_REPRESENTATION_CONTEXT() REPRESENTATION_CONTEXT('2D SPACE',''
  ) );
#3889 = PCURVE('',#3890,#3895);
#3890 = PLANE('',#3891);
#3891 = AXIS2_PLACEMENT_3D('',#3892,#3893,#3894);
#3892 = CARTESIAN_POINT('',(-4.327427226604,-14.49201743591,-4.));
#3893 = DIRECTION('',(-0.990762493949,-0.135608556456,0.));
#3894 = DIRECTION('',(-0.135608556456,0.990762493949,0.));
#3895 = DEFINITIONAL_REPRESENTATION('',(#3896),#3900);
#3896 = LINE('',#3897,#3898);
#3897 = CARTESIAN_POINT('',(0.,0.));
#3898 = VECTOR('',#3899,1.);
#3899 = DIRECTION('',(1.,0.));
#3900 = ( GEOMETRIC_REPRESENTATION_CONTEXT(2) 
PARAMETRIC_REPRESENTATION_CONTEXT() REPRESENTATION_CONTEXT('2D SPACE',''
  ) );
#3901 = ORIENTED_EDGE('',*,*,#3902,.T.);
#3902 = EDGE_CURVE('',#3875,#3903,#3905,.T.);
#3903 = VERTEX_POINT('',#3904);
#3904 = CARTESIAN_POINT('',(-4.426126558948,-13.29756693287,-4.));
#3905 = SURFACE_CURVE('',#3906,(#3910,#3917),.PCURVE_S1.);
#3906 = LINE('',#3907,#3908);
#3907 = CARTESIAN_POINT('',(-4.410372527534,-13.88601516467,-4.));
#3908 = VECTOR('',#3909,1.);
#3909 = DIRECTION('',(-2.67625727389E-02,0.999641818203,0.));
#3910 = PCURVE('',#126,#3911);
#3911 = DEFINITIONAL_REPRESENTATION('',(#3912),#3916);
#3912 = LINE('',#3913,#3914);
#3913 = CARTESIAN_POINT('',(4.410372527534,-13.88601516467));
#3914 = VECTOR('',#3915,1.);
#3915 = DIRECTION('',(2.67625727389E-02,0.999641818203));
#3916 = ( GEOMETRIC_REPRESENTATION_CONTEXT(2) 
PARAMETRIC_REPRESENTATION_CONTEXT() REPRESENTATION_CONTEXT('2D SPACE',''
  ) );
#3917 = PCURVE('',#3918,#3923);
#3918 = PLANE('',#3919);
#3919 = AXIS2_PLACEMENT_3D('',#3920,#3921,#3922);
#3920 = CARTESIAN_POINT('',(-4.410372527534,-13.88601516467,-4.));
#3921 = DIRECTION('',(-0.999641818203,-2.67625727389E-02,0.));
#3922 = DIRECTION('',(-2.67625727389E-02,0.999641818203,0.));
#3923 = DEFINITIONAL_REPRESENTATION('',(#3924),#3928);
#3924 = LINE('',#3925,#3926);
#3925 = CARTESIAN_POINT('',(0.,0.));
#3926 = VECTOR('',#3927,1.);
#3927 = DIRECTION('',(1.,0.));
#3928 = ( GEOMETRIC_REPRESENTATION_CONTEXT(2) 
PARAMETRIC_REPRESENTATION_CONTEXT() REPRESENTATION_CONTEXT('2D SPACE',''
  ) );
#3929 = ORIENTED_EDGE('',*,*,#3930,.T.);
#3930 = EDGE_CURVE('',#3903,#3931,#3933,.T.);
#3931 = VERTEX_POINT('',#3932);
#3932 = CARTESIAN_POINT('',(-4.349728043318,-12.73790801928,-4.));
#3933 = SURFACE_CURVE('',#3934,(#3938,#3945),.PCURVE_S1.);
#3934 = LINE('',#3935,#3936);
#3935 = CARTESIAN_POINT('',(-4.426126558948,-13.29756693287,-4.));
#3936 = VECTOR('',#3937,1.);
#3937 = DIRECTION('',(0.135254666216,0.990810867556,0.));
#3938 = PCURVE('',#126,#3939);
#3939 = DEFINITIONAL_REPRESENTATION('',(#3940),#3944);
#3940 = LINE('',#3941,#3942);
#3941 = CARTESIAN_POINT('',(4.426126558948,-13.29756693287));
#3942 = VECTOR('',#3943,1.);
#3943 = DIRECTION('',(-0.135254666216,0.990810867556));
#3944 = ( GEOMETRIC_REPRESENTATION_CONTEXT(2) 
PARAMETRIC_REPRESENTATION_CONTEXT() REPRESENTATION_CONTEXT('2D SPACE',''
  ) );
#3945 = PCURVE('',#3946,#3951);
#3946 = PLANE('',#3947);
#3947 = AXIS2_PLACEMENT_3D('',#3948,#3949,#3950);
#3948 = CARTESIAN_POINT('',(-4.426126558948,-13.29756693287,-4.));
#3949 = DIRECTION('',(-0.990810867556,0.135254666216,0.));
#3950 = DIRECTION('',(0.135254666216,0.990810867556,0.));
#3951 = DEFINITIONAL_REPRESENTATION('',(#3952),#3956);
#3952 = LINE('',#3953,#3954);
#3953 = CARTESIAN_POINT('',(0.,0.));
#3954 = VECTOR('',#3955,1.);
#3955 = DIRECTION('',(1.,0.));
#3956 = ( GEOMETRIC_REPRESENTATION_CONTEXT(2) 
PARAMETRIC_REPRESENTATION_CONTEXT() REPRESENTATION_CONTEXT('2D SPACE',''
  ) );
#3957 = ORIENTED_EDGE('',*,*,#3958,.T.);
#3958 = EDGE_CURVE('',#3931,#3959,#3961,.T.);
#3959 = VERTEX_POINT('',#3960);
#3960 = CARTESIAN_POINT('',(-3.857403250012,-11.29616548497,-4.));
#3961 = SURFACE_CURVE('',#3962,(#3966,#3973),.PCURVE_S1.);
#3962 = LINE('',#3963,#3964);
#3963 = CARTESIAN_POINT('',(-4.349728043318,-12.73790801928,-4.));
#3964 = VECTOR('',#3965,1.);
#3965 = DIRECTION('',(0.323157058991,0.946345346702,0.));
#3966 = PCURVE('',#126,#3967);
#3967 = DEFINITIONAL_REPRESENTATION('',(#3968),#3972);
#3968 = LINE('',#3969,#3970);
#3969 = CARTESIAN_POINT('',(4.349728043318,-12.73790801928));
#3970 = VECTOR('',#3971,1.);
#3971 = DIRECTION('',(-0.323157058991,0.946345346702));
#3972 = ( GEOMETRIC_REPRESENTATION_CONTEXT(2) 
PARAMETRIC_REPRESENTATION_CONTEXT() REPRESENTATION_CONTEXT('2D SPACE',''
  ) );
#3973 = PCURVE('',#3974,#3979);
#3974 = PLANE('',#3975);
#3975 = AXIS2_PLACEMENT_3D('',#3976,#3977,#3978);
#3976 = CARTESIAN_POINT('',(-4.349728043318,-12.73790801928,-4.));
#3977 = DIRECTION('',(-0.946345346702,0.323157058991,0.));
#3978 = DIRECTION('',(0.323157058991,0.946345346702,0.));
#3979 = DEFINITIONAL_REPRESENTATION('',(#3980),#3984);
#3980 = LINE('',#3981,#3982);
#3981 = CARTESIAN_POINT('',(0.,0.));
#3982 = VECTOR('',#3983,1.);
#3983 = DIRECTION('',(1.,0.));
#3984 = ( GEOMETRIC_REPRESENTATION_CONTEXT(2) 
PARAMETRIC_REPRESENTATION_CONTEXT() REPRESENTATION_CONTEXT('2D SPACE',''
  ) );
#3985 = ORIENTED_EDGE('',*,*,#3986,.T.);
#3986 = EDGE_CURVE('',#3959,#3987,#3989,.T.);
#3987 = VERTEX_POINT('',#3988);
#3988 = CARTESIAN_POINT('',(-4.855061046159,-10.90464564922,-4.));
#3989 = SURFACE_CURVE('',#3990,(#3994,#4001),.PCURVE_S1.);
#3990 = LINE('',#3991,#3992);
#3991 = CARTESIAN_POINT('',(-3.857403250012,-11.29616548497,-4.));
#3992 = VECTOR('',#3993,1.);
#3993 = DIRECTION('',(-0.930883901322,0.365315154709,0.));
#3994 = PCURVE('',#126,#3995);
#3995 = DEFINITIONAL_REPRESENTATION('',(#3996),#4000);
#3996 = LINE('',#3997,#3998);
#3997 = CARTESIAN_POINT('',(3.857403250012,-11.29616548497));
#3998 = VECTOR('',#3999,1.);
#3999 = DIRECTION('',(0.930883901322,0.365315154709));
#4000 = ( GEOMETRIC_REPRESENTATION_CONTEXT(2) 
PARAMETRIC_REPRESENTATION_CONTEXT() REPRESENTATION_CONTEXT('2D SPACE',''
  ) );
#4001 = PCURVE('',#4002,#4007);
#4002 = PLANE('',#4003);
#4003 = AXIS2_PLACEMENT_3D('',#4004,#4005,#4006);
#4004 = CARTESIAN_POINT('',(-3.857403250012,-11.29616548497,-4.));
#4005 = DIRECTION('',(-0.365315154709,-0.930883901322,0.));
#4006 = DIRECTION('',(-0.930883901322,0.365315154709,0.));
#4007 = DEFINITIONAL_REPRESENTATION('',(#4008),#4012);
#4008 = LINE('',#4009,#4010);
#4009 = CARTESIAN_POINT('',(0.,0.));
#4010 = VECTOR('',#4011,1.);
#4011 = DIRECTION('',(1.,0.));
#4012 = ( GEOMETRIC_REPRESENTATION_CONTEXT(2) 
PARAMETRIC_REPRESENTATION_CONTEXT() REPRESENTATION_CONTEXT('2D SPACE',''
  ) );
#4013 = ORIENTED_EDGE('',*,*,#4014,.T.);
#4014 = EDGE_CURVE('',#3987,#4015,#4017,.T.);
#4015 = VERTEX_POINT('',#4016);
#4016 = CARTESIAN_POINT('',(-5.813580352241,-10.42521932551,-4.));
#4017 = SURFACE_CURVE('',#4018,(#4022,#4029),.PCURVE_S1.);
#4018 = LINE('',#4019,#4020);
#4019 = CARTESIAN_POINT('',(-4.855061046159,-10.90464564922,-4.));
#4020 = VECTOR('',#4021,1.);
#4021 = DIRECTION('',(-0.894364976231,0.447338003405,0.));
#4022 = PCURVE('',#126,#4023);
#4023 = DEFINITIONAL_REPRESENTATION('',(#4024),#4028);
#4024 = LINE('',#4025,#4026);
#4025 = CARTESIAN_POINT('',(4.855061046159,-10.90464564922));
#4026 = VECTOR('',#4027,1.);
#4027 = DIRECTION('',(0.894364976231,0.447338003405));
#4028 = ( GEOMETRIC_REPRESENTATION_CONTEXT(2) 
PARAMETRIC_REPRESENTATION_CONTEXT() REPRESENTATION_CONTEXT('2D SPACE',''
  ) );
#4029 = PCURVE('',#4030,#4035);
#4030 = PLANE('',#4031);
#4031 = AXIS2_PLACEMENT_3D('',#4032,#4033,#4034);
#4032 = CARTESIAN_POINT('',(-4.855061046159,-10.90464564922,-4.));
#4033 = DIRECTION('',(-0.447338003405,-0.894364976231,0.));
#4034 = DIRECTION('',(-0.894364976231,0.447338003405,0.));
#4035 = DEFINITIONAL_REPRESENTATION('',(#4036),#4040);
#4036 = LINE('',#4037,#4038);
#4037 = CARTESIAN_POINT('',(0.,0.));
#4038 = VECTOR('',#4039,1.);
#4039 = DIRECTION('',(1.,0.));
#4040 = ( GEOMETRIC_REPRESENTATION_CONTEXT(2) 
PARAMETRIC_REPRESENTATION_CONTEXT() REPRESENTATION_CONTEXT('2D SPACE',''
  ) );
#4041 = ORIENTED_EDGE('',*,*,#4042,.T.);
#4042 = EDGE_CURVE('',#4015,#4043,#4045,.T.);
#4043 = VERTEX_POINT('',#4044);
#4044 = CARTESIAN_POINT('',(-6.555574268816,-11.75580200431,-4.));
#4045 = SURFACE_CURVE('',#4046,(#4050,#4057),.PCURVE_S1.);
#4046 = LINE('',#4047,#4048);
#4047 = CARTESIAN_POINT('',(-5.813580352241,-10.42521932551,-4.));
#4048 = VECTOR('',#4049,1.);
#4049 = DIRECTION('',(-0.487037368684,-0.873381131869,0.));
#4050 = PCURVE('',#126,#4051);
#4051 = DEFINITIONAL_REPRESENTATION('',(#4052),#4056);
#4052 = LINE('',#4053,#4054);
#4053 = CARTESIAN_POINT('',(5.813580352241,-10.42521932551));
#4054 = VECTOR('',#4055,1.);
#4055 = DIRECTION('',(0.487037368684,-0.873381131869));
#4056 = ( GEOMETRIC_REPRESENTATION_CONTEXT(2) 
PARAMETRIC_REPRESENTATION_CONTEXT() REPRESENTATION_CONTEXT('2D SPACE',''
  ) );
#4057 = PCURVE('',#4058,#4063);
#4058 = PLANE('',#4059);
#4059 = AXIS2_PLACEMENT_3D('',#4060,#4061,#4062);
#4060 = CARTESIAN_POINT('',(-5.813580352241,-10.42521932551,-4.));
#4061 = DIRECTION('',(0.873381131869,-0.487037368684,0.));
#4062 = DIRECTION('',(-0.487037368684,-0.873381131869,0.));
#4063 = DEFINITIONAL_REPRESENTATION('',(#4064),#4068);
#4064 = LINE('',#4065,#4066);
#4065 = CARTESIAN_POINT('',(0.,0.));
#4066 = VECTOR('',#4067,1.);
#4067 = DIRECTION('',(1.,0.));
#4068 = ( GEOMETRIC_REPRESENTATION_CONTEXT(2) 
PARAMETRIC_REPRESENTATION_CONTEXT() REPRESENTATION_CONTEXT('2D SPACE',''
  ) );
#4069 = ORIENTED_EDGE('',*,*,#4070,.T.);
#4070 = EDGE_CURVE('',#4043,#4071,#4073,.T.);
#4071 = VERTEX_POINT('',#4072);
#4072 = CARTESIAN_POINT('',(-6.920361309392,-12.18706207408,-4.));
#4073 = SURFACE_CURVE('',#4074,(#4078,#4085),.PCURVE_S1.);
#4074 = LINE('',#4075,#4076);
#4075 = CARTESIAN_POINT('',(-6.555574268816,-11.75580200431,-4.));
#4076 = VECTOR('',#4077,1.);
#4077 = DIRECTION('',(-0.645812932433,-0.763495681914,0.));
#4078 = PCURVE('',#126,#4079);
#4079 = DEFINITIONAL_REPRESENTATION('',(#4080),#4084);
#4080 = LINE('',#4081,#4082);
#4081 = CARTESIAN_POINT('',(6.555574268816,-11.75580200431));
#4082 = VECTOR('',#4083,1.);
#4083 = DIRECTION('',(0.645812932433,-0.763495681914));
#4084 = ( GEOMETRIC_REPRESENTATION_CONTEXT(2) 
PARAMETRIC_REPRESENTATION_CONTEXT() REPRESENTATION_CONTEXT('2D SPACE',''
  ) );
#4085 = PCURVE('',#4086,#4091);
#4086 = PLANE('',#4087);
#4087 = AXIS2_PLACEMENT_3D('',#4088,#4089,#4090);
#4088 = CARTESIAN_POINT('',(-6.555574268816,-11.75580200431,-4.));
#4089 = DIRECTION('',(0.763495681914,-0.645812932433,0.));
#4090 = DIRECTION('',(-0.645812932433,-0.763495681914,0.));
#4091 = DEFINITIONAL_REPRESENTATION('',(#4092),#4096);
#4092 = LINE('',#4093,#4094);
#4093 = CARTESIAN_POINT('',(0.,0.));
#4094 = VECTOR('',#4095,1.);
#4095 = DIRECTION('',(1.,0.));
#4096 = ( GEOMETRIC_REPRESENTATION_CONTEXT(2) 
PARAMETRIC_REPRESENTATION_CONTEXT() REPRESENTATION_CONTEXT('2D SPACE',''
  ) );
#4097 = ORIENTED_EDGE('',*,*,#4098,.T.);
#4098 = EDGE_CURVE('',#4071,#4099,#4101,.T.);
#4099 = VERTEX_POINT('',#4100);
#4100 = CARTESIAN_POINT('',(-7.368205072512,-12.56910326931,-4.));
#4101 = SURFACE_CURVE('',#4102,(#4106,#4113),.PCURVE_S1.);
#4102 = LINE('',#4103,#4104);
#4103 = CARTESIAN_POINT('',(-6.920361309392,-12.18706207408,-4.));
#4104 = VECTOR('',#4105,1.);
#4105 = DIRECTION('',(-0.760786301053,-0.649002468509,0.));
#4106 = PCURVE('',#126,#4107);
#4107 = DEFINITIONAL_REPRESENTATION('',(#4108),#4112);
#4108 = LINE('',#4109,#4110);
#4109 = CARTESIAN_POINT('',(6.920361309392,-12.18706207408));
#4110 = VECTOR('',#4111,1.);
#4111 = DIRECTION('',(0.760786301053,-0.649002468509));
#4112 = ( GEOMETRIC_REPRESENTATION_CONTEXT(2) 
PARAMETRIC_REPRESENTATION_CONTEXT() REPRESENTATION_CONTEXT('2D SPACE',''
  ) );
#4113 = PCURVE('',#4114,#4119);
#4114 = PLANE('',#4115);
#4115 = AXIS2_PLACEMENT_3D('',#4116,#4117,#4118);
#4116 = CARTESIAN_POINT('',(-6.920361309392,-12.18706207408,-4.));
#4117 = DIRECTION('',(0.649002468509,-0.760786301053,0.));
#4118 = DIRECTION('',(-0.760786301053,-0.649002468509,0.));
#4119 = DEFINITIONAL_REPRESENTATION('',(#4120),#4124);
#4120 = LINE('',#4121,#4122);
#4121 = CARTESIAN_POINT('',(0.,0.));
#4122 = VECTOR('',#4123,1.);
#4123 = DIRECTION('',(1.,0.));
#4124 = ( GEOMETRIC_REPRESENTATION_CONTEXT(2) 
PARAMETRIC_REPRESENTATION_CONTEXT() REPRESENTATION_CONTEXT('2D SPACE',''
  ) );
#4125 = ORIENTED_EDGE('',*,*,#4126,.T.);
#4126 = EDGE_CURVE('',#4099,#4127,#4129,.T.);
#4127 = VERTEX_POINT('',#4128);
#4128 = CARTESIAN_POINT('',(-7.874053764113,-12.91295756533,-4.));
#4129 = SURFACE_CURVE('',#4130,(#4134,#4141),.PCURVE_S1.);
#4130 = LINE('',#4131,#4132);
#4131 = CARTESIAN_POINT('',(-7.368205072512,-12.56910326931,-4.));
#4132 = VECTOR('',#4133,1.);
#4133 = DIRECTION('',(-0.827019856264,-0.562172711313,0.));
#4134 = PCURVE('',#126,#4135);
#4135 = DEFINITIONAL_REPRESENTATION('',(#4136),#4140);
#4136 = LINE('',#4137,#4138);
#4137 = CARTESIAN_POINT('',(7.368205072512,-12.56910326931));
#4138 = VECTOR('',#4139,1.);
#4139 = DIRECTION('',(0.827019856264,-0.562172711313));
#4140 = ( GEOMETRIC_REPRESENTATION_CONTEXT(2) 
PARAMETRIC_REPRESENTATION_CONTEXT() REPRESENTATION_CONTEXT('2D SPACE',''
  ) );
#4141 = PCURVE('',#4142,#4147);
#4142 = PLANE('',#4143);
#4143 = AXIS2_PLACEMENT_3D('',#4144,#4145,#4146);
#4144 = CARTESIAN_POINT('',(-7.368205072512,-12.56910326931,-4.));
#4145 = DIRECTION('',(0.562172711313,-0.827019856264,0.));
#4146 = DIRECTION('',(-0.827019856264,-0.562172711313,0.));
#4147 = DEFINITIONAL_REPRESENTATION('',(#4148),#4152);
#4148 = LINE('',#4149,#4150);
#4149 = CARTESIAN_POINT('',(0.,0.));
#4150 = VECTOR('',#4151,1.);
#4151 = DIRECTION('',(1.,0.));
#4152 = ( GEOMETRIC_REPRESENTATION_CONTEXT(2) 
PARAMETRIC_REPRESENTATION_CONTEXT() REPRESENTATION_CONTEXT('2D SPACE',''
  ) );
#4153 = ORIENTED_EDGE('',*,*,#4154,.T.);
#4154 = EDGE_CURVE('',#4127,#4155,#4157,.T.);
#4155 = VERTEX_POINT('',#4156);
#4156 = CARTESIAN_POINT('',(-8.429071269601,-13.22058313839,-4.));
#4157 = SURFACE_CURVE('',#4158,(#4162,#4169),.PCURVE_S1.);
#4158 = LINE('',#4159,#4160);
#4159 = CARTESIAN_POINT('',(-7.874053764113,-12.91295756533,-4.));
#4160 = VECTOR('',#4161,1.);
#4161 = DIRECTION('',(-0.874636848764,-0.484778694648,0.));
#4162 = PCURVE('',#126,#4163);
#4163 = DEFINITIONAL_REPRESENTATION('',(#4164),#4168);
#4164 = LINE('',#4165,#4166);
#4165 = CARTESIAN_POINT('',(7.874053764113,-12.91295756533));
#4166 = VECTOR('',#4167,1.);
#4167 = DIRECTION('',(0.874636848764,-0.484778694648));
#4168 = ( GEOMETRIC_REPRESENTATION_CONTEXT(2) 
PARAMETRIC_REPRESENTATION_CONTEXT() REPRESENTATION_CONTEXT('2D SPACE',''
  ) );
#4169 = PCURVE('',#4170,#4175);
#4170 = PLANE('',#4171);
#4171 = AXIS2_PLACEMENT_3D('',#4172,#4173,#4174);
#4172 = CARTESIAN_POINT('',(-7.874053764113,-12.91295756533,-4.));
#4173 = DIRECTION('',(0.484778694648,-0.874636848764,0.));
#4174 = DIRECTION('',(-0.874636848764,-0.484778694648,0.));
#4175 = DEFINITIONAL_REPRESENTATION('',(#4176),#4180);
#4176 = LINE('',#4177,#4178);
#4177 = CARTESIAN_POINT('',(0.,0.));
#4178 = VECTOR('',#4179,1.);
#4179 = DIRECTION('',(1.,0.));
#4180 = ( GEOMETRIC_REPRESENTATION_CONTEXT(2) 
PARAMETRIC_REPRESENTATION_CONTEXT() REPRESENTATION_CONTEXT('2D SPACE',''
  ) );
#4181 = ORIENTED_EDGE('',*,*,#4182,.T.);
#4182 = EDGE_CURVE('',#4155,#4183,#4185,.T.);
#4183 = VERTEX_POINT('',#4184);
#4184 = CARTESIAN_POINT('',(-9.027905895072,-13.49197219843,-4.));
#4185 = SURFACE_CURVE('',#4186,(#4190,#4197),.PCURVE_S1.);
#4186 = LINE('',#4187,#4188);
#4187 = CARTESIAN_POINT('',(-8.429071269601,-13.22058313839,-4.));
#4188 = VECTOR('',#4189,1.);
#4189 = DIRECTION('',(-0.91082916001,-0.412783528349,0.));
#4190 = PCURVE('',#126,#4191);
#4191 = DEFINITIONAL_REPRESENTATION('',(#4192),#4196);
#4192 = LINE('',#4193,#4194);
#4193 = CARTESIAN_POINT('',(8.429071269601,-13.22058313839));
#4194 = VECTOR('',#4195,1.);
#4195 = DIRECTION('',(0.91082916001,-0.412783528349));
#4196 = ( GEOMETRIC_REPRESENTATION_CONTEXT(2) 
PARAMETRIC_REPRESENTATION_CONTEXT() REPRESENTATION_CONTEXT('2D SPACE',''
  ) );
#4197 = PCURVE('',#4198,#4203);
#4198 = PLANE('',#4199);
#4199 = AXIS2_PLACEMENT_3D('',#4200,#4201,#4202);
#4200 = CARTESIAN_POINT('',(-8.429071269601,-13.22058313839,-4.));
#4201 = DIRECTION('',(0.412783528349,-0.91082916001,0.));
#4202 = DIRECTION('',(-0.91082916001,-0.412783528349,0.));
#4203 = DEFINITIONAL_REPRESENTATION('',(#4204),#4208);
#4204 = LINE('',#4205,#4206);
#4205 = CARTESIAN_POINT('',(0.,0.));
#4206 = VECTOR('',#4207,1.);
#4207 = DIRECTION('',(1.,0.));
#4208 = ( GEOMETRIC_REPRESENTATION_CONTEXT(2) 
PARAMETRIC_REPRESENTATION_CONTEXT() REPRESENTATION_CONTEXT('2D SPACE',''
  ) );
#4209 = ORIENTED_EDGE('',*,*,#4210,.T.);
#4210 = EDGE_CURVE('',#4183,#4211,#4213,.T.);
#4211 = VERTEX_POINT('',#4212);
#4212 = CARTESIAN_POINT('',(-10.0418517318,-12.75529742696,-4.));
#4213 = SURFACE_CURVE('',#4214,(#4218,#4225),.PCURVE_S1.);
#4214 = LINE('',#4215,#4216);
#4215 = CARTESIAN_POINT('',(-9.027905895072,-13.49197219843,-4.));
#4216 = VECTOR('',#4217,1.);
#4217 = DIRECTION('',(-0.809016994375,0.587785252292,0.));
#4218 = PCURVE('',#126,#4219);
#4219 = DEFINITIONAL_REPRESENTATION('',(#4220),#4224);
#4220 = LINE('',#4221,#4222);
#4221 = CARTESIAN_POINT('',(9.027905895072,-13.49197219843));
#4222 = VECTOR('',#4223,1.);
#4223 = DIRECTION('',(0.809016994375,0.587785252292));
#4224 = ( GEOMETRIC_REPRESENTATION_CONTEXT(2) 
PARAMETRIC_REPRESENTATION_CONTEXT() REPRESENTATION_CONTEXT('2D SPACE',''
  ) );
#4225 = PCURVE('',#4226,#4231);
#4226 = PLANE('',#4227);
#4227 = AXIS2_PLACEMENT_3D('',#4228,#4229,#4230);
#4228 = CARTESIAN_POINT('',(-9.027905895072,-13.49197219843,-4.));
#4229 = DIRECTION('',(-0.587785252292,-0.809016994375,0.));
#4230 = DIRECTION('',(-0.809016994375,0.587785252292,0.));
#4231 = DEFINITIONAL_REPRESENTATION('',(#4232),#4236);
#4232 = LINE('',#4233,#4234);
#4233 = CARTESIAN_POINT('',(0.,0.));
#4234 = VECTOR('',#4235,1.);
#4235 = DIRECTION('',(1.,0.));
#4236 = ( GEOMETRIC_REPRESENTATION_CONTEXT(2) 
PARAMETRIC_REPRESENTATION_CONTEXT() REPRESENTATION_CONTEXT('2D SPACE',''
  ) );
#4237 = ORIENTED_EDGE('',*,*,#4238,.T.);
#4238 = EDGE_CURVE('',#4211,#4239,#4241,.T.);
#4239 = VERTEX_POINT('',#4240);
#4240 = CARTESIAN_POINT('',(-9.968795473884,-12.10190802257,-4.));
#4241 = SURFACE_CURVE('',#4242,(#4246,#4253),.PCURVE_S1.);
#4242 = LINE('',#4243,#4244);
#4243 = CARTESIAN_POINT('',(-10.0418517318,-12.75529742696,-4.));
#4244 = VECTOR('',#4245,1.);
#4245 = DIRECTION('',(0.11111877504,0.993807133117,0.));
#4246 = PCURVE('',#126,#4247);
#4247 = DEFINITIONAL_REPRESENTATION('',(#4248),#4252);
#4248 = LINE('',#4249,#4250);
#4249 = CARTESIAN_POINT('',(10.041851731803,-12.75529742696));
#4250 = VECTOR('',#4251,1.);
#4251 = DIRECTION('',(-0.11111877504,0.993807133117));
#4252 = ( GEOMETRIC_REPRESENTATION_CONTEXT(2) 
PARAMETRIC_REPRESENTATION_CONTEXT() REPRESENTATION_CONTEXT('2D SPACE',''
  ) );
#4253 = PCURVE('',#4254,#4259);
#4254 = PLANE('',#4255);
#4255 = AXIS2_PLACEMENT_3D('',#4256,#4257,#4258);
#4256 = CARTESIAN_POINT('',(-10.0418517318,-12.75529742696,-4.));
#4257 = DIRECTION('',(-0.993807133117,0.11111877504,0.));
#4258 = DIRECTION('',(0.11111877504,0.993807133117,0.));
#4259 = DEFINITIONAL_REPRESENTATION('',(#4260),#4264);
#4260 = LINE('',#4261,#4262);
#4261 = CARTESIAN_POINT('',(0.,0.));
#4262 = VECTOR('',#4263,1.);
#4263 = DIRECTION('',(1.,0.));
#4264 = ( GEOMETRIC_REPRESENTATION_CONTEXT(2) 
PARAMETRIC_REPRESENTATION_CONTEXT() REPRESENTATION_CONTEXT('2D SPACE',''
  ) );
#4265 = ORIENTED_EDGE('',*,*,#4266,.T.);
#4266 = EDGE_CURVE('',#4239,#4267,#4269,.T.);
#4267 = VERTEX_POINT('',#4268);
#4268 = CARTESIAN_POINT('',(-9.847736009421,-11.47899347734,-4.));
#4269 = SURFACE_CURVE('',#4270,(#4274,#4281),.PCURVE_S1.);
#4270 = LINE('',#4271,#4272);
#4271 = CARTESIAN_POINT('',(-9.968795473884,-12.10190802257,-4.));
#4272 = VECTOR('',#4273,1.);
#4273 = DIRECTION('',(0.190774286331,0.981633929566,0.));
#4274 = PCURVE('',#126,#4275);
#4275 = DEFINITIONAL_REPRESENTATION('',(#4276),#4280);
#4276 = LINE('',#4277,#4278);
#4277 = CARTESIAN_POINT('',(9.968795473884,-12.10190802257));
#4278 = VECTOR('',#4279,1.);
#4279 = DIRECTION('',(-0.190774286331,0.981633929566));
#4280 = ( GEOMETRIC_REPRESENTATION_CONTEXT(2) 
PARAMETRIC_REPRESENTATION_CONTEXT() REPRESENTATION_CONTEXT('2D SPACE',''
  ) );
#4281 = PCURVE('',#4282,#4287);
#4282 = PLANE('',#4283);
#4283 = AXIS2_PLACEMENT_3D('',#4284,#4285,#4286);
#4284 = CARTESIAN_POINT('',(-9.968795473884,-12.10190802257,-4.));
#4285 = DIRECTION('',(-0.981633929566,0.190774286331,0.));
#4286 = DIRECTION('',(0.190774286331,0.981633929566,0.));
#4287 = DEFINITIONAL_REPRESENTATION('',(#4288),#4292);
#4288 = LINE('',#4289,#4290);
#4289 = CARTESIAN_POINT('',(0.,0.));
#4290 = VECTOR('',#4291,1.);
#4291 = DIRECTION('',(1.,0.));
#4292 = ( GEOMETRIC_REPRESENTATION_CONTEXT(2) 
PARAMETRIC_REPRESENTATION_CONTEXT() REPRESENTATION_CONTEXT('2D SPACE',''
  ) );
#4293 = ORIENTED_EDGE('',*,*,#4294,.T.);
#4294 = EDGE_CURVE('',#4267,#4295,#4297,.T.);
#4295 = VERTEX_POINT('',#4296);
#4296 = CARTESIAN_POINT('',(-9.677026982821,-10.89164596188,-4.));
#4297 = SURFACE_CURVE('',#4298,(#4302,#4309),.PCURVE_S1.);
#4298 = LINE('',#4299,#4300);
#4299 = CARTESIAN_POINT('',(-9.847736009421,-11.47899347734,-4.));
#4300 = VECTOR('',#4301,1.);
#4301 = DIRECTION('',(0.279094830107,0.960263544975,0.));
#4302 = PCURVE('',#126,#4303);
#4303 = DEFINITIONAL_REPRESENTATION('',(#4304),#4308);
#4304 = LINE('',#4305,#4306);
#4305 = CARTESIAN_POINT('',(9.847736009421,-11.47899347734));
#4306 = VECTOR('',#4307,1.);
#4307 = DIRECTION('',(-0.279094830107,0.960263544975));
#4308 = ( GEOMETRIC_REPRESENTATION_CONTEXT(2) 
PARAMETRIC_REPRESENTATION_CONTEXT() REPRESENTATION_CONTEXT('2D SPACE',''
  ) );
#4309 = PCURVE('',#4310,#4315);
#4310 = PLANE('',#4311);
#4311 = AXIS2_PLACEMENT_3D('',#4312,#4313,#4314);
#4312 = CARTESIAN_POINT('',(-9.847736009421,-11.47899347734,-4.));
#4313 = DIRECTION('',(-0.960263544975,0.279094830107,0.));
#4314 = DIRECTION('',(0.279094830107,0.960263544975,0.));
#4315 = DEFINITIONAL_REPRESENTATION('',(#4316),#4320);
#4316 = LINE('',#4317,#4318);
#4317 = CARTESIAN_POINT('',(0.,0.));
#4318 = VECTOR('',#4319,1.);
#4319 = DIRECTION('',(1.,0.));
#4320 = ( GEOMETRIC_REPRESENTATION_CONTEXT(2) 
PARAMETRIC_REPRESENTATION_CONTEXT() REPRESENTATION_CONTEXT('2D SPACE',''
  ) );
#4321 = ORIENTED_EDGE('',*,*,#4322,.T.);
#4322 = EDGE_CURVE('',#4295,#4323,#4325,.T.);
#4323 = VERTEX_POINT('',#4324);
#4324 = CARTESIAN_POINT('',(-9.45207554823,-10.3476640108,-4.));
#4325 = SURFACE_CURVE('',#4326,(#4330,#4337),.PCURVE_S1.);
#4326 = LINE('',#4327,#4328);
#4327 = CARTESIAN_POINT('',(-9.677026982821,-10.89164596188,-4.));
#4328 = VECTOR('',#4329,1.);
#4329 = DIRECTION('',(0.382142130654,0.924103561285,0.));
#4330 = PCURVE('',#126,#4331);
#4331 = DEFINITIONAL_REPRESENTATION('',(#4332),#4336);
#4332 = LINE('',#4333,#4334);
#4333 = CARTESIAN_POINT('',(9.677026982821,-10.89164596188));
#4334 = VECTOR('',#4335,1.);
#4335 = DIRECTION('',(-0.382142130654,0.924103561285));
#4336 = ( GEOMETRIC_REPRESENTATION_CONTEXT(2) 
PARAMETRIC_REPRESENTATION_CONTEXT() REPRESENTATION_CONTEXT('2D SPACE',''
  ) );
#4337 = PCURVE('',#4338,#4343);
#4338 = PLANE('',#4339);
#4339 = AXIS2_PLACEMENT_3D('',#4340,#4341,#4342);
#4340 = CARTESIAN_POINT('',(-9.677026982821,-10.89164596188,-4.));
#4341 = DIRECTION('',(-0.924103561285,0.382142130654,0.));
#4342 = DIRECTION('',(0.382142130654,0.924103561285,0.));
#4343 = DEFINITIONAL_REPRESENTATION('',(#4344),#4348);
#4344 = LINE('',#4345,#4346);
#4345 = CARTESIAN_POINT('',(0.,0.));
#4346 = VECTOR('',#4347,1.);
#4347 = DIRECTION('',(1.,0.));
#4348 = ( GEOMETRIC_REPRESENTATION_CONTEXT(2) 
PARAMETRIC_REPRESENTATION_CONTEXT() REPRESENTATION_CONTEXT('2D SPACE',''
  ) );
#4349 = ORIENTED_EDGE('',*,*,#4350,.T.);
#4350 = EDGE_CURVE('',#4323,#4351,#4353,.T.);
#4351 = VERTEX_POINT('',#4352);
#4352 = CARTESIAN_POINT('',(-9.154648243526,-9.867464228254,-4.));
#4353 = SURFACE_CURVE('',#4354,(#4358,#4365),.PCURVE_S1.);
#4354 = LINE('',#4355,#4356);
#4355 = CARTESIAN_POINT('',(-9.45207554823,-10.3476640108,-4.));
#4356 = VECTOR('',#4357,1.);
#4357 = DIRECTION('',(0.526560372139,0.850137738542,0.));
#4358 = PCURVE('',#126,#4359);
#4359 = DEFINITIONAL_REPRESENTATION('',(#4360),#4364);
#4360 = LINE('',#4361,#4362);
#4361 = CARTESIAN_POINT('',(9.45207554823,-10.3476640108));
#4362 = VECTOR('',#4363,1.);
#4363 = DIRECTION('',(-0.526560372139,0.850137738542));
#4364 = ( GEOMETRIC_REPRESENTATION_CONTEXT(2) 
PARAMETRIC_REPRESENTATION_CONTEXT() REPRESENTATION_CONTEXT('2D SPACE',''
  ) );
#4365 = PCURVE('',#4366,#4371);
#4366 = PLANE('',#4367);
#4367 = AXIS2_PLACEMENT_3D('',#4368,#4369,#4370);
#4368 = CARTESIAN_POINT('',(-9.45207554823,-10.3476640108,-4.));
#4369 = DIRECTION('',(-0.850137738542,0.526560372139,0.));
#4370 = DIRECTION('',(0.526560372139,0.850137738542,0.));
#4371 = DEFINITIONAL_REPRESENTATION('',(#4372),#4376);
#4372 = LINE('',#4373,#4374);
#4373 = CARTESIAN_POINT('',(0.,0.));
#4374 = VECTOR('',#4375,1.);
#4375 = DIRECTION('',(1.,0.));
#4376 = ( GEOMETRIC_REPRESENTATION_CONTEXT(2) 
PARAMETRIC_REPRESENTATION_CONTEXT() REPRESENTATION_CONTEXT('2D SPACE',''
  ) );
#4377 = ORIENTED_EDGE('',*,*,#4378,.T.);
#4378 = EDGE_CURVE('',#4351,#4379,#4381,.T.);
#4379 = VERTEX_POINT('',#4380);
#4380 = CARTESIAN_POINT('',(-8.11847764633,-8.750613418674,-4.));
#4381 = SURFACE_CURVE('',#4382,(#4386,#4393),.PCURVE_S1.);
#4382 = LINE('',#4383,#4384);
#4383 = CARTESIAN_POINT('',(-9.154648243526,-9.867464228254,-4.));
#4384 = VECTOR('',#4385,1.);
#4385 = DIRECTION('',(0.680131992854,0.73308967548,0.));
#4386 = PCURVE('',#126,#4387);
#4387 = DEFINITIONAL_REPRESENTATION('',(#4388),#4392);
#4388 = LINE('',#4389,#4390);
#4389 = CARTESIAN_POINT('',(9.154648243526,-9.867464228254));
#4390 = VECTOR('',#4391,1.);
#4391 = DIRECTION('',(-0.680131992854,0.73308967548));
#4392 = ( GEOMETRIC_REPRESENTATION_CONTEXT(2) 
PARAMETRIC_REPRESENTATION_CONTEXT() REPRESENTATION_CONTEXT('2D SPACE',''
  ) );
#4393 = PCURVE('',#4394,#4399);
#4394 = PLANE('',#4395);
#4395 = AXIS2_PLACEMENT_3D('',#4396,#4397,#4398);
#4396 = CARTESIAN_POINT('',(-9.154648243526,-9.867464228254,-4.));
#4397 = DIRECTION('',(-0.73308967548,0.680131992854,0.));
#4398 = DIRECTION('',(0.680131992854,0.73308967548,0.));
#4399 = DEFINITIONAL_REPRESENTATION('',(#4400),#4404);
#4400 = LINE('',#4401,#4402);
#4401 = CARTESIAN_POINT('',(0.,0.));
#4402 = VECTOR('',#4403,1.);
#4403 = DIRECTION('',(1.,0.));
#4404 = ( GEOMETRIC_REPRESENTATION_CONTEXT(2) 
PARAMETRIC_REPRESENTATION_CONTEXT() REPRESENTATION_CONTEXT('2D SPACE',''
  ) );
#4405 = ORIENTED_EDGE('',*,*,#4406,.T.);
#4406 = EDGE_CURVE('',#4379,#4407,#4409,.T.);
#4407 = VERTEX_POINT('',#4408);
#4408 = CARTESIAN_POINT('',(-8.870637930592,-7.987158268207,-4.));
#4409 = SURFACE_CURVE('',#4410,(#4414,#4421),.PCURVE_S1.);
#4410 = LINE('',#4411,#4412);
#4411 = CARTESIAN_POINT('',(-8.11847764633,-8.750613418674,-4.));
#4412 = VECTOR('',#4413,1.);
#4413 = DIRECTION('',(-0.701817699954,0.712356593309,0.));
#4414 = PCURVE('',#126,#4415);
#4415 = DEFINITIONAL_REPRESENTATION('',(#4416),#4420);
#4416 = LINE('',#4417,#4418);
#4417 = CARTESIAN_POINT('',(8.11847764633,-8.750613418674));
#4418 = VECTOR('',#4419,1.);
#4419 = DIRECTION('',(0.701817699954,0.712356593309));
#4420 = ( GEOMETRIC_REPRESENTATION_CONTEXT(2) 
PARAMETRIC_REPRESENTATION_CONTEXT() REPRESENTATION_CONTEXT('2D SPACE',''
  ) );
#4421 = PCURVE('',#4422,#4427);
#4422 = PLANE('',#4423);
#4423 = AXIS2_PLACEMENT_3D('',#4424,#4425,#4426);
#4424 = CARTESIAN_POINT('',(-8.11847764633,-8.750613418674,-4.));
#4425 = DIRECTION('',(-0.712356593309,-0.701817699954,0.));
#4426 = DIRECTION('',(-0.701817699954,0.712356593309,0.));
#4427 = DEFINITIONAL_REPRESENTATION('',(#4428),#4432);
#4428 = LINE('',#4429,#4430);
#4429 = CARTESIAN_POINT('',(0.,0.));
#4430 = VECTOR('',#4431,1.);
#4431 = DIRECTION('',(1.,0.));
#4432 = ( GEOMETRIC_REPRESENTATION_CONTEXT(2) 
PARAMETRIC_REPRESENTATION_CONTEXT() REPRESENTATION_CONTEXT('2D SPACE',''
  ) );
#4433 = ORIENTED_EDGE('',*,*,#4434,.T.);
#4434 = EDGE_CURVE('',#4407,#4435,#4437,.T.);
#4435 = VERTEX_POINT('',#4436);
#4436 = CARTESIAN_POINT('',(-9.551288635219,-7.159315603029,-4.));
#4437 = SURFACE_CURVE('',#4438,(#4442,#4449),.PCURVE_S1.);
#4438 = LINE('',#4439,#4440);
#4439 = CARTESIAN_POINT('',(-8.870637930592,-7.987158268207,-4.));
#4440 = VECTOR('',#4441,1.);
#4441 = DIRECTION('',(-0.635094303686,0.772434609159,0.));
#4442 = PCURVE('',#126,#4443);
#4443 = DEFINITIONAL_REPRESENTATION('',(#4444),#4448);
#4444 = LINE('',#4445,#4446);
#4445 = CARTESIAN_POINT('',(8.870637930592,-7.987158268207));
#4446 = VECTOR('',#4447,1.);
#4447 = DIRECTION('',(0.635094303686,0.772434609159));
#4448 = ( GEOMETRIC_REPRESENTATION_CONTEXT(2) 
PARAMETRIC_REPRESENTATION_CONTEXT() REPRESENTATION_CONTEXT('2D SPACE',''
  ) );
#4449 = PCURVE('',#4450,#4455);
#4450 = PLANE('',#4451);
#4451 = AXIS2_PLACEMENT_3D('',#4452,#4453,#4454);
#4452 = CARTESIAN_POINT('',(-8.870637930592,-7.987158268207,-4.));
#4453 = DIRECTION('',(-0.772434609159,-0.635094303686,0.));
#4454 = DIRECTION('',(-0.635094303686,0.772434609159,0.));
#4455 = DEFINITIONAL_REPRESENTATION('',(#4456),#4460);
#4456 = LINE('',#4457,#4458);
#4457 = CARTESIAN_POINT('',(0.,0.));
#4458 = VECTOR('',#4459,1.);
#4459 = DIRECTION('',(1.,0.));
#4460 = ( GEOMETRIC_REPRESENTATION_CONTEXT(2) 
PARAMETRIC_REPRESENTATION_CONTEXT() REPRESENTATION_CONTEXT('2D SPACE',''
  ) );
#4461 = ORIENTED_EDGE('',*,*,#4462,.T.);
#4462 = EDGE_CURVE('',#4435,#4463,#4465,.T.);
#4463 = VERTEX_POINT('',#4464);
#4464 = CARTESIAN_POINT('',(-10.77033053941,-8.073067250453,-4.));
#4465 = SURFACE_CURVE('',#4466,(#4470,#4477),.PCURVE_S1.);
#4466 = LINE('',#4467,#4468);
#4467 = CARTESIAN_POINT('',(-9.551288635219,-7.159315603029,-4.));
#4468 = VECTOR('',#4469,1.);
#4469 = DIRECTION('',(-0.800166885566,-0.599777421419,0.));
#4470 = PCURVE('',#126,#4471);
#4471 = DEFINITIONAL_REPRESENTATION('',(#4472),#4476);
#4472 = LINE('',#4473,#4474);
#4473 = CARTESIAN_POINT('',(9.551288635219,-7.159315603029));
#4474 = VECTOR('',#4475,1.);
#4475 = DIRECTION('',(0.800166885566,-0.599777421419));
#4476 = ( GEOMETRIC_REPRESENTATION_CONTEXT(2) 
PARAMETRIC_REPRESENTATION_CONTEXT() REPRESENTATION_CONTEXT('2D SPACE',''
  ) );
#4477 = PCURVE('',#4478,#4483);
#4478 = PLANE('',#4479);
#4479 = AXIS2_PLACEMENT_3D('',#4480,#4481,#4482);
#4480 = CARTESIAN_POINT('',(-9.551288635219,-7.159315603029,-4.));
#4481 = DIRECTION('',(0.599777421419,-0.800166885566,0.));
#4482 = DIRECTION('',(-0.800166885566,-0.599777421419,0.));
#4483 = DEFINITIONAL_REPRESENTATION('',(#4484),#4488);
#4484 = LINE('',#4485,#4486);
#4485 = CARTESIAN_POINT('',(0.,0.));
#4486 = VECTOR('',#4487,1.);
#4487 = DIRECTION('',(1.,0.));
#4488 = ( GEOMETRIC_REPRESENTATION_CONTEXT(2) 
PARAMETRIC_REPRESENTATION_CONTEXT() REPRESENTATION_CONTEXT('2D SPACE',''
  ) );
#4489 = ORIENTED_EDGE('',*,*,#4490,.T.);
#4490 = EDGE_CURVE('',#4463,#4491,#4493,.T.);
#4491 = VERTEX_POINT('',#4492);
#4492 = CARTESIAN_POINT('',(-11.2789893564,-8.31867067193,-4.));
#4493 = SURFACE_CURVE('',#4494,(#4498,#4505),.PCURVE_S1.);
#4494 = LINE('',#4495,#4496);
#4495 = CARTESIAN_POINT('',(-10.77033053941,-8.073067250453,-4.));
#4496 = VECTOR('',#4497,1.);
#4497 = DIRECTION('',(-0.900521141576,-0.43481222795,0.));
#4498 = PCURVE('',#126,#4499);
#4499 = DEFINITIONAL_REPRESENTATION('',(#4500),#4504);
#4500 = LINE('',#4501,#4502);
#4501 = CARTESIAN_POINT('',(10.770330539414,-8.073067250453));
#4502 = VECTOR('',#4503,1.);
#4503 = DIRECTION('',(0.900521141576,-0.43481222795));
#4504 = ( GEOMETRIC_REPRESENTATION_CONTEXT(2) 
PARAMETRIC_REPRESENTATION_CONTEXT() REPRESENTATION_CONTEXT('2D SPACE',''
  ) );
#4505 = PCURVE('',#4506,#4511);
#4506 = PLANE('',#4507);
#4507 = AXIS2_PLACEMENT_3D('',#4508,#4509,#4510);
#4508 = CARTESIAN_POINT('',(-10.77033053941,-8.073067250453,-4.));
#4509 = DIRECTION('',(0.43481222795,-0.900521141576,0.));
#4510 = DIRECTION('',(-0.900521141576,-0.43481222795,0.));
#4511 = DEFINITIONAL_REPRESENTATION('',(#4512),#4516);
#4512 = LINE('',#4513,#4514);
#4513 = CARTESIAN_POINT('',(0.,0.));
#4514 = VECTOR('',#4515,1.);
#4515 = DIRECTION('',(1.,0.));
#4516 = ( GEOMETRIC_REPRESENTATION_CONTEXT(2) 
PARAMETRIC_REPRESENTATION_CONTEXT() REPRESENTATION_CONTEXT('2D SPACE',''
  ) );
#4517 = ORIENTED_EDGE('',*,*,#4518,.T.);
#4518 = EDGE_CURVE('',#4491,#4519,#4521,.T.);
#4519 = VERTEX_POINT('',#4520);
#4520 = CARTESIAN_POINT('',(-11.8435051452,-8.485528201634,-4.));
#4521 = SURFACE_CURVE('',#4522,(#4526,#4533),.PCURVE_S1.);
#4522 = LINE('',#4523,#4524);
#4523 = CARTESIAN_POINT('',(-11.2789893564,-8.31867067193,-4.));
#4524 = VECTOR('',#4525,1.);
#4525 = DIRECTION('',(-0.958985954953,-0.283453590916,0.));
#4526 = PCURVE('',#126,#4527);
#4527 = DEFINITIONAL_REPRESENTATION('',(#4528),#4532);
#4528 = LINE('',#4529,#4530);
#4529 = CARTESIAN_POINT('',(11.278989356408,-8.31867067193));
#4530 = VECTOR('',#4531,1.);
#4531 = DIRECTION('',(0.958985954953,-0.283453590916));
#4532 = ( GEOMETRIC_REPRESENTATION_CONTEXT(2) 
PARAMETRIC_REPRESENTATION_CONTEXT() REPRESENTATION_CONTEXT('2D SPACE',''
  ) );
#4533 = PCURVE('',#4534,#4539);
#4534 = PLANE('',#4535);
#4535 = AXIS2_PLACEMENT_3D('',#4536,#4537,#4538);
#4536 = CARTESIAN_POINT('',(-11.2789893564,-8.31867067193,-4.));
#4537 = DIRECTION('',(0.283453590916,-0.958985954953,0.));
#4538 = DIRECTION('',(-0.958985954953,-0.283453590916,0.));
#4539 = DEFINITIONAL_REPRESENTATION('',(#4540),#4544);
#4540 = LINE('',#4541,#4542);
#4541 = CARTESIAN_POINT('',(0.,0.));
#4542 = VECTOR('',#4543,1.);
#4543 = DIRECTION('',(1.,0.));
#4544 = ( GEOMETRIC_REPRESENTATION_CONTEXT(2) 
PARAMETRIC_REPRESENTATION_CONTEXT() REPRESENTATION_CONTEXT('2D SPACE',''
  ) );
#4545 = ORIENTED_EDGE('',*,*,#4546,.T.);
#4546 = EDGE_CURVE('',#4519,#4547,#4549,.T.);
#4547 = VERTEX_POINT('',#4548);
#4548 = CARTESIAN_POINT('',(-12.44547906174,-8.593907533129,-4.));
#4549 = SURFACE_CURVE('',#4550,(#4554,#4561),.PCURVE_S1.);
#4550 = LINE('',#4551,#4552);
#4551 = CARTESIAN_POINT('',(-11.8435051452,-8.485528201634,-4.));
#4552 = VECTOR('',#4553,1.);
#4553 = DIRECTION('',(-0.984176474498,-0.177191046737,0.));
#4554 = PCURVE('',#126,#4555);
#4555 = DEFINITIONAL_REPRESENTATION('',(#4556),#4560);
#4556 = LINE('',#4557,#4558);
#4557 = CARTESIAN_POINT('',(11.843505145206,-8.485528201634));
#4558 = VECTOR('',#4559,1.);
#4559 = DIRECTION('',(0.984176474498,-0.177191046737));
#4560 = ( GEOMETRIC_REPRESENTATION_CONTEXT(2) 
PARAMETRIC_REPRESENTATION_CONTEXT() REPRESENTATION_CONTEXT('2D SPACE',''
  ) );
#4561 = PCURVE('',#4562,#4567);
#4562 = PLANE('',#4563);
#4563 = AXIS2_PLACEMENT_3D('',#4564,#4565,#4566);
#4564 = CARTESIAN_POINT('',(-11.8435051452,-8.485528201634,-4.));
#4565 = DIRECTION('',(0.177191046737,-0.984176474498,0.));
#4566 = DIRECTION('',(-0.984176474498,-0.177191046737,0.));
#4567 = DEFINITIONAL_REPRESENTATION('',(#4568),#4572);
#4568 = LINE('',#4569,#4570);
#4569 = CARTESIAN_POINT('',(0.,0.));
#4570 = VECTOR('',#4571,1.);
#4571 = DIRECTION('',(1.,0.));
#4572 = ( GEOMETRIC_REPRESENTATION_CONTEXT(2) 
PARAMETRIC_REPRESENTATION_CONTEXT() REPRESENTATION_CONTEXT('2D SPACE',''
  ) );
#4573 = ORIENTED_EDGE('',*,*,#4574,.T.);
#4574 = EDGE_CURVE('',#4547,#4575,#4577,.T.);
#4575 = VERTEX_POINT('',#4576);
#4576 = CARTESIAN_POINT('',(-13.0776353757,-8.649191521019,-4.));
#4577 = SURFACE_CURVE('',#4578,(#4582,#4589),.PCURVE_S1.);
#4578 = LINE('',#4579,#4580);
#4579 = CARTESIAN_POINT('',(-12.44547906174,-8.593907533129,-4.));
#4580 = VECTOR('',#4581,1.);
#4581 = DIRECTION('',(-0.996197779171,-8.712051868067E-02,0.));
#4582 = PCURVE('',#126,#4583);
#4583 = DEFINITIONAL_REPRESENTATION('',(#4584),#4588);
#4584 = LINE('',#4585,#4586);
#4585 = CARTESIAN_POINT('',(12.445479061743,-8.593907533129));
#4586 = VECTOR('',#4587,1.);
#4587 = DIRECTION('',(0.996197779171,-8.712051868067E-02));
#4588 = ( GEOMETRIC_REPRESENTATION_CONTEXT(2) 
PARAMETRIC_REPRESENTATION_CONTEXT() REPRESENTATION_CONTEXT('2D SPACE',''
  ) );
#4589 = PCURVE('',#4590,#4595);
#4590 = PLANE('',#4591);
#4591 = AXIS2_PLACEMENT_3D('',#4592,#4593,#4594);
#4592 = CARTESIAN_POINT('',(-12.44547906174,-8.593907533129,-4.));
#4593 = DIRECTION('',(8.712051868067E-02,-0.996197779171,0.));
#4594 = DIRECTION('',(-0.996197779171,-8.712051868067E-02,0.));
#4595 = DEFINITIONAL_REPRESENTATION('',(#4596),#4600);
#4596 = LINE('',#4597,#4598);
#4597 = CARTESIAN_POINT('',(0.,0.));
#4598 = VECTOR('',#4599,1.);
#4599 = DIRECTION('',(1.,0.));
#4600 = ( GEOMETRIC_REPRESENTATION_CONTEXT(2) 
PARAMETRIC_REPRESENTATION_CONTEXT() REPRESENTATION_CONTEXT('2D SPACE',''
  ) );
#4601 = ORIENTED_EDGE('',*,*,#4602,.T.);
#4602 = EDGE_CURVE('',#4575,#4603,#4605,.T.);
#4603 = VERTEX_POINT('',#4604);
#4604 = CARTESIAN_POINT('',(-13.73508190293,-8.653549778758,-4.));
#4605 = SURFACE_CURVE('',#4606,(#4610,#4617),.PCURVE_S1.);
#4606 = LINE('',#4607,#4608);
#4607 = CARTESIAN_POINT('',(-13.0776353757,-8.649191521019,-4.));
#4608 = VECTOR('',#4609,1.);
#4609 = DIRECTION('',(-0.999978028453,-6.628922355095E-03,0.));
#4610 = PCURVE('',#126,#4611);
#4611 = DEFINITIONAL_REPRESENTATION('',(#4612),#4616);
#4612 = LINE('',#4613,#4614);
#4613 = CARTESIAN_POINT('',(13.077635375703,-8.649191521019));
#4614 = VECTOR('',#4615,1.);
#4615 = DIRECTION('',(0.999978028453,-6.628922355095E-03));
#4616 = ( GEOMETRIC_REPRESENTATION_CONTEXT(2) 
PARAMETRIC_REPRESENTATION_CONTEXT() REPRESENTATION_CONTEXT('2D SPACE',''
  ) );
#4617 = PCURVE('',#4618,#4623);
#4618 = PLANE('',#4619);
#4619 = AXIS2_PLACEMENT_3D('',#4620,#4621,#4622);
#4620 = CARTESIAN_POINT('',(-13.0776353757,-8.649191521019,-4.));
#4621 = DIRECTION('',(6.628922355095E-03,-0.999978028453,0.));
#4622 = DIRECTION('',(-0.999978028453,-6.628922355095E-03,0.));
#4623 = DEFINITIONAL_REPRESENTATION('',(#4624),#4628);
#4624 = LINE('',#4625,#4626);
#4625 = CARTESIAN_POINT('',(0.,0.));
#4626 = VECTOR('',#4627,1.);
#4627 = DIRECTION('',(1.,0.));
#4628 = ( GEOMETRIC_REPRESENTATION_CONTEXT(2) 
PARAMETRIC_REPRESENTATION_CONTEXT() REPRESENTATION_CONTEXT('2D SPACE',''
  ) );
#4629 = ORIENTED_EDGE('',*,*,#4630,.T.);
#4630 = EDGE_CURVE('',#4603,#4631,#4633,.T.);
#4631 = VERTEX_POINT('',#4632);
#4632 = CARTESIAN_POINT('',(-14.36173489278,-7.568154961621,-4.));
#4633 = SURFACE_CURVE('',#4634,(#4638,#4645),.PCURVE_S1.);
#4634 = LINE('',#4635,#4636);
#4635 = CARTESIAN_POINT('',(-13.73508190293,-8.653549778758,-4.));
#4636 = VECTOR('',#4637,1.);
#4637 = DIRECTION('',(-0.5,0.866025403784,0.));
#4638 = PCURVE('',#126,#4639);
#4639 = DEFINITIONAL_REPRESENTATION('',(#4640),#4644);
#4640 = LINE('',#4641,#4642);
#4641 = CARTESIAN_POINT('',(13.735081902933,-8.653549778758));
#4642 = VECTOR('',#4643,1.);
#4643 = DIRECTION('',(0.5,0.866025403784));
#4644 = ( GEOMETRIC_REPRESENTATION_CONTEXT(2) 
PARAMETRIC_REPRESENTATION_CONTEXT() REPRESENTATION_CONTEXT('2D SPACE',''
  ) );
#4645 = PCURVE('',#4646,#4651);
#4646 = PLANE('',#4647);
#4647 = AXIS2_PLACEMENT_3D('',#4648,#4649,#4650);
#4648 = CARTESIAN_POINT('',(-13.73508190293,-8.653549778758,-4.));
#4649 = DIRECTION('',(-0.866025403784,-0.5,0.));
#4650 = DIRECTION('',(-0.5,0.866025403784,0.));
#4651 = DEFINITIONAL_REPRESENTATION('',(#4652),#4656);
#4652 = LINE('',#4653,#4654);
#4653 = CARTESIAN_POINT('',(0.,0.));
#4654 = VECTOR('',#4655,1.);
#4655 = DIRECTION('',(1.,0.));
#4656 = ( GEOMETRIC_REPRESENTATION_CONTEXT(2) 
PARAMETRIC_REPRESENTATION_CONTEXT() REPRESENTATION_CONTEXT('2D SPACE',''
  ) );
#4657 = ORIENTED_EDGE('',*,*,#4658,.T.);
#4658 = EDGE_CURVE('',#4631,#4659,#4661,.T.);
#4659 = VERTEX_POINT('',#4660);
#4660 = CARTESIAN_POINT('',(-14.02923726725,-7.000968696279,-4.));
#4661 = SURFACE_CURVE('',#4662,(#4666,#4673),.PCURVE_S1.);
#4662 = LINE('',#4663,#4664);
#4663 = CARTESIAN_POINT('',(-14.36173489278,-7.568154961621,-4.));
#4664 = VECTOR('',#4665,1.);
#4665 = DIRECTION('',(0.505729829386,0.862691914689,0.));
#4666 = PCURVE('',#126,#4667);
#4667 = DEFINITIONAL_REPRESENTATION('',(#4668),#4672);
#4668 = LINE('',#4669,#4670);
#4669 = CARTESIAN_POINT('',(14.361734892784,-7.568154961621));
#4670 = VECTOR('',#4671,1.);
#4671 = DIRECTION('',(-0.505729829386,0.862691914689));
#4672 = ( GEOMETRIC_REPRESENTATION_CONTEXT(2) 
PARAMETRIC_REPRESENTATION_CONTEXT() REPRESENTATION_CONTEXT('2D SPACE',''
  ) );
#4673 = PCURVE('',#4674,#4679);
#4674 = PLANE('',#4675);
#4675 = AXIS2_PLACEMENT_3D('',#4676,#4677,#4678);
#4676 = CARTESIAN_POINT('',(-14.36173489278,-7.568154961621,-4.));
#4677 = DIRECTION('',(-0.862691914689,0.505729829386,0.));
#4678 = DIRECTION('',(0.505729829386,0.862691914689,0.));
#4679 = DEFINITIONAL_REPRESENTATION('',(#4680),#4684);
#4680 = LINE('',#4681,#4682);
#4681 = CARTESIAN_POINT('',(0.,0.));
#4682 = VECTOR('',#4683,1.);
#4683 = DIRECTION('',(1.,0.));
#4684 = ( GEOMETRIC_REPRESENTATION_CONTEXT(2) 
PARAMETRIC_REPRESENTATION_CONTEXT() REPRESENTATION_CONTEXT('2D SPACE',''
  ) );
#4685 = ORIENTED_EDGE('',*,*,#4686,.T.);
#4686 = EDGE_CURVE('',#4659,#4687,#4689,.T.);
#4687 = VERTEX_POINT('',#4688);
#4688 = CARTESIAN_POINT('',(-13.66528177233,-6.481147263173,-4.));
#4689 = SURFACE_CURVE('',#4690,(#4694,#4701),.PCURVE_S1.);
#4690 = LINE('',#4691,#4692);
#4691 = CARTESIAN_POINT('',(-14.02923726725,-7.000968696279,-4.));
#4692 = VECTOR('',#4693,1.);
#4693 = DIRECTION('',(0.573547471954,0.819172324615,0.));
#4694 = PCURVE('',#126,#4695);
#4695 = DEFINITIONAL_REPRESENTATION('',(#4696),#4700);
#4696 = LINE('',#4697,#4698);
#4697 = CARTESIAN_POINT('',(14.029237267251,-7.000968696279));
#4698 = VECTOR('',#4699,1.);
#4699 = DIRECTION('',(-0.573547471954,0.819172324615));
#4700 = ( GEOMETRIC_REPRESENTATION_CONTEXT(2) 
PARAMETRIC_REPRESENTATION_CONTEXT() REPRESENTATION_CONTEXT('2D SPACE',''
  ) );
#4701 = PCURVE('',#4702,#4707);
#4702 = PLANE('',#4703);
#4703 = AXIS2_PLACEMENT_3D('',#4704,#4705,#4706);
#4704 = CARTESIAN_POINT('',(-14.02923726725,-7.000968696279,-4.));
#4705 = DIRECTION('',(-0.819172324615,0.573547471954,0.));
#4706 = DIRECTION('',(0.573547471954,0.819172324615,0.));
#4707 = DEFINITIONAL_REPRESENTATION('',(#4708),#4712);
#4708 = LINE('',#4709,#4710);
#4709 = CARTESIAN_POINT('',(0.,0.));
#4710 = VECTOR('',#4711,1.);
#4711 = DIRECTION('',(1.,0.));
#4712 = ( GEOMETRIC_REPRESENTATION_CONTEXT(2) 
PARAMETRIC_REPRESENTATION_CONTEXT() REPRESENTATION_CONTEXT('2D SPACE',''
  ) );
#4713 = ORIENTED_EDGE('',*,*,#4714,.T.);
#4714 = EDGE_CURVE('',#4687,#4715,#4717,.T.);
#4715 = VERTEX_POINT('',#4716);
#4716 = CARTESIAN_POINT('',(-13.27043555974,-6.014012224783,-4.));
#4717 = SURFACE_CURVE('',#4718,(#4722,#4729),.PCURVE_S1.);
#4718 = LINE('',#4719,#4720);
#4719 = CARTESIAN_POINT('',(-13.66528177233,-6.481147263173,-4.));
#4720 = VECTOR('',#4721,1.);
#4721 = DIRECTION('',(0.645540185047,0.763726305354,0.));
#4722 = PCURVE('',#126,#4723);
#4723 = DEFINITIONAL_REPRESENTATION('',(#4724),#4728);
#4724 = LINE('',#4725,#4726);
#4725 = CARTESIAN_POINT('',(13.665281772336,-6.481147263173));
#4726 = VECTOR('',#4727,1.);
#4727 = DIRECTION('',(-0.645540185047,0.763726305354));
#4728 = ( GEOMETRIC_REPRESENTATION_CONTEXT(2) 
PARAMETRIC_REPRESENTATION_CONTEXT() REPRESENTATION_CONTEXT('2D SPACE',''
  ) );
#4729 = PCURVE('',#4730,#4735);
#4730 = PLANE('',#4731);
#4731 = AXIS2_PLACEMENT_3D('',#4732,#4733,#4734);
#4732 = CARTESIAN_POINT('',(-13.66528177233,-6.481147263173,-4.));
#4733 = DIRECTION('',(-0.763726305354,0.645540185047,0.));
#4734 = DIRECTION('',(0.645540185047,0.763726305354,0.));
#4735 = DEFINITIONAL_REPRESENTATION('',(#4736),#4740);
#4736 = LINE('',#4737,#4738);
#4737 = CARTESIAN_POINT('',(0.,0.));
#4738 = VECTOR('',#4739,1.);
#4739 = DIRECTION('',(1.,0.));
#4740 = ( GEOMETRIC_REPRESENTATION_CONTEXT(2) 
PARAMETRIC_REPRESENTATION_CONTEXT() REPRESENTATION_CONTEXT('2D SPACE',''
  ) );
#4741 = ORIENTED_EDGE('',*,*,#4742,.T.);
#4742 = EDGE_CURVE('',#4715,#4743,#4745,.T.);
#4743 = VERTEX_POINT('',#4744);
#4744 = CARTESIAN_POINT('',(-12.84367480581,-5.608555975699,-4.));
#4745 = SURFACE_CURVE('',#4746,(#4750,#4757),.PCURVE_S1.);
#4746 = LINE('',#4747,#4748);
#4747 = CARTESIAN_POINT('',(-13.27043555974,-6.014012224783,-4.));
#4748 = VECTOR('',#4749,1.);
#4749 = DIRECTION('',(0.724970988004,0.688779403403,0.));
#4750 = PCURVE('',#126,#4751);
#4751 = DEFINITIONAL_REPRESENTATION('',(#4752),#4756);
#4752 = LINE('',#4753,#4754);
#4753 = CARTESIAN_POINT('',(13.270435559747,-6.014012224783));
#4754 = VECTOR('',#4755,1.);
#4755 = DIRECTION('',(-0.724970988004,0.688779403403));
#4756 = ( GEOMETRIC_REPRESENTATION_CONTEXT(2) 
PARAMETRIC_REPRESENTATION_CONTEXT() REPRESENTATION_CONTEXT('2D SPACE',''
  ) );
#4757 = PCURVE('',#4758,#4763);
#4758 = PLANE('',#4759);
#4759 = AXIS2_PLACEMENT_3D('',#4760,#4761,#4762);
#4760 = CARTESIAN_POINT('',(-13.27043555974,-6.014012224783,-4.));
#4761 = DIRECTION('',(-0.688779403403,0.724970988004,0.));
#4762 = DIRECTION('',(0.724970988004,0.688779403403,0.));
#4763 = DEFINITIONAL_REPRESENTATION('',(#4764),#4768);
#4764 = LINE('',#4765,#4766);
#4765 = CARTESIAN_POINT('',(0.,0.));
#4766 = VECTOR('',#4767,1.);
#4767 = DIRECTION('',(1.,0.));
#4768 = ( GEOMETRIC_REPRESENTATION_CONTEXT(2) 
PARAMETRIC_REPRESENTATION_CONTEXT() REPRESENTATION_CONTEXT('2D SPACE',''
  ) );
#4769 = ORIENTED_EDGE('',*,*,#4770,.T.);
#4770 = EDGE_CURVE('',#4743,#4771,#4773,.T.);
#4771 = VERTEX_POINT('',#4772);
#4772 = CARTESIAN_POINT('',(-12.37664659505,-5.290846229061,-4.));
#4773 = SURFACE_CURVE('',#4774,(#4778,#4785),.PCURVE_S1.);
#4774 = LINE('',#4775,#4776);
#4775 = CARTESIAN_POINT('',(-12.84367480581,-5.608555975699,-4.));
#4776 = VECTOR('',#4777,1.);
#4777 = DIRECTION('',(0.826819006069,0.562468071275,0.));
#4778 = PCURVE('',#126,#4779);
#4779 = DEFINITIONAL_REPRESENTATION('',(#4780),#4784);
#4780 = LINE('',#4781,#4782);
#4781 = CARTESIAN_POINT('',(12.843674805812,-5.608555975699));
#4782 = VECTOR('',#4783,1.);
#4783 = DIRECTION('',(-0.826819006069,0.562468071275));
#4784 = ( GEOMETRIC_REPRESENTATION_CONTEXT(2) 
PARAMETRIC_REPRESENTATION_CONTEXT() REPRESENTATION_CONTEXT('2D SPACE',''
  ) );
#4785 = PCURVE('',#4786,#4791);
#4786 = PLANE('',#4787);
#4787 = AXIS2_PLACEMENT_3D('',#4788,#4789,#4790);
#4788 = CARTESIAN_POINT('',(-12.84367480581,-5.608555975699,-4.));
#4789 = DIRECTION('',(-0.562468071275,0.826819006069,0.));
#4790 = DIRECTION('',(0.826819006069,0.562468071275,0.));
#4791 = DEFINITIONAL_REPRESENTATION('',(#4792),#4796);
#4792 = LINE('',#4793,#4794);
#4793 = CARTESIAN_POINT('',(0.,0.));
#4794 = VECTOR('',#4795,1.);
#4795 = DIRECTION('',(1.,0.));
#4796 = ( GEOMETRIC_REPRESENTATION_CONTEXT(2) 
PARAMETRIC_REPRESENTATION_CONTEXT() REPRESENTATION_CONTEXT('2D SPACE',''
  ) );
#4797 = ORIENTED_EDGE('',*,*,#4798,.T.);
#4798 = EDGE_CURVE('',#4771,#4799,#4801,.T.);
#4799 = VERTEX_POINT('',#4800);
#4800 = CARTESIAN_POINT('',(-10.97579350354,-4.692000795462,-4.));
#4801 = SURFACE_CURVE('',#4802,(#4806,#4813),.PCURVE_S1.);
#4802 = LINE('',#4803,#4804);
#4803 = CARTESIAN_POINT('',(-12.37664659505,-5.290846229061,-4.));
#4804 = VECTOR('',#4805,1.);
#4805 = DIRECTION('',(0.919505926348,0.393076139458,0.));
#4806 = PCURVE('',#126,#4807);
#4807 = DEFINITIONAL_REPRESENTATION('',(#4808),#4812);
#4808 = LINE('',#4809,#4810);
#4809 = CARTESIAN_POINT('',(12.376646595059,-5.290846229061));
#4810 = VECTOR('',#4811,1.);
#4811 = DIRECTION('',(-0.919505926348,0.393076139458));
#4812 = ( GEOMETRIC_REPRESENTATION_CONTEXT(2) 
PARAMETRIC_REPRESENTATION_CONTEXT() REPRESENTATION_CONTEXT('2D SPACE',''
  ) );
#4813 = PCURVE('',#4814,#4819);
#4814 = PLANE('',#4815);
#4815 = AXIS2_PLACEMENT_3D('',#4816,#4817,#4818);
#4816 = CARTESIAN_POINT('',(-12.37664659505,-5.290846229061,-4.));
#4817 = DIRECTION('',(-0.393076139458,0.919505926348,0.));
#4818 = DIRECTION('',(0.919505926348,0.393076139458,0.));
#4819 = DEFINITIONAL_REPRESENTATION('',(#4820),#4824);
#4820 = LINE('',#4821,#4822);
#4821 = CARTESIAN_POINT('',(0.,0.));
#4822 = VECTOR('',#4823,1.);
#4823 = DIRECTION('',(1.,0.));
#4824 = ( GEOMETRIC_REPRESENTATION_CONTEXT(2) 
PARAMETRIC_REPRESENTATION_CONTEXT() REPRESENTATION_CONTEXT('2D SPACE',''
  ) );
#4825 = ORIENTED_EDGE('',*,*,#4826,.T.);
#4826 = EDGE_CURVE('',#4799,#4827,#4829,.T.);
#4827 = VERTEX_POINT('',#4828);
#4828 = CARTESIAN_POINT('',(-11.35240092961,-3.688618661563,-4.));
#4829 = SURFACE_CURVE('',#4830,(#4834,#4841),.PCURVE_S1.);
#4830 = LINE('',#4831,#4832);
#4831 = CARTESIAN_POINT('',(-10.97579350354,-4.692000795462,-4.));
#4832 = VECTOR('',#4833,1.);
#4833 = DIRECTION('',(-0.351400842451,0.93622510537,0.));
#4834 = PCURVE('',#126,#4835);
#4835 = DEFINITIONAL_REPRESENTATION('',(#4836),#4840);
#4836 = LINE('',#4837,#4838);
#4837 = CARTESIAN_POINT('',(10.975793503543,-4.692000795462));
#4838 = VECTOR('',#4839,1.);
#4839 = DIRECTION('',(0.351400842451,0.93622510537));
#4840 = ( GEOMETRIC_REPRESENTATION_CONTEXT(2) 
PARAMETRIC_REPRESENTATION_CONTEXT() REPRESENTATION_CONTEXT('2D SPACE',''
  ) );
#4841 = PCURVE('',#4842,#4847);
#4842 = PLANE('',#4843);
#4843 = AXIS2_PLACEMENT_3D('',#4844,#4845,#4846);
#4844 = CARTESIAN_POINT('',(-10.97579350354,-4.692000795462,-4.));
#4845 = DIRECTION('',(-0.93622510537,-0.351400842451,0.));
#4846 = DIRECTION('',(-0.351400842451,0.93622510537,0.));
#4847 = DEFINITIONAL_REPRESENTATION('',(#4848),#4852);
#4848 = LINE('',#4849,#4850);
#4849 = CARTESIAN_POINT('',(0.,0.));
#4850 = VECTOR('',#4851,1.);
#4851 = DIRECTION('',(1.,0.));
#4852 = ( GEOMETRIC_REPRESENTATION_CONTEXT(2) 
PARAMETRIC_REPRESENTATION_CONTEXT() REPRESENTATION_CONTEXT('2D SPACE',''
  ) );
#4853 = ORIENTED_EDGE('',*,*,#4854,.T.);
#4854 = EDGE_CURVE('',#4827,#4855,#4857,.T.);
#4855 = VERTEX_POINT('',#4856);
#4856 = CARTESIAN_POINT('',(-11.63749234243,-2.65550117244,-4.));
#4857 = SURFACE_CURVE('',#4858,(#4862,#4869),.PCURVE_S1.);
#4858 = LINE('',#4859,#4860);
#4859 = CARTESIAN_POINT('',(-11.35240092961,-3.688618661563,-4.));
#4860 = VECTOR('',#4861,1.);
#4861 = DIRECTION('',(-0.266010056382,0.96397025364,0.));
#4862 = PCURVE('',#126,#4863);
#4863 = DEFINITIONAL_REPRESENTATION('',(#4864),#4868);
#4864 = LINE('',#4865,#4866);
#4865 = CARTESIAN_POINT('',(11.35240092961,-3.688618661563));
#4866 = VECTOR('',#4867,1.);
#4867 = DIRECTION('',(0.266010056382,0.96397025364));
#4868 = ( GEOMETRIC_REPRESENTATION_CONTEXT(2) 
PARAMETRIC_REPRESENTATION_CONTEXT() REPRESENTATION_CONTEXT('2D SPACE',''
  ) );
#4869 = PCURVE('',#4870,#4875);
#4870 = PLANE('',#4871);
#4871 = AXIS2_PLACEMENT_3D('',#4872,#4873,#4874);
#4872 = CARTESIAN_POINT('',(-11.35240092961,-3.688618661563,-4.));
#4873 = DIRECTION('',(-0.96397025364,-0.266010056382,0.));
#4874 = DIRECTION('',(-0.266010056382,0.96397025364,0.));
#4875 = DEFINITIONAL_REPRESENTATION('',(#4876),#4880);
#4876 = LINE('',#4877,#4878);
#4877 = CARTESIAN_POINT('',(0.,0.));
#4878 = VECTOR('',#4879,1.);
#4879 = DIRECTION('',(1.,0.));
#4880 = ( GEOMETRIC_REPRESENTATION_CONTEXT(2) 
PARAMETRIC_REPRESENTATION_CONTEXT() REPRESENTATION_CONTEXT('2D SPACE',''
  ) );
#4881 = ORIENTED_EDGE('',*,*,#4882,.T.);
#4882 = EDGE_CURVE('',#4855,#4883,#4885,.T.);
#4883 = VERTEX_POINT('',#4884);
#4884 = CARTESIAN_POINT('',(-13.12279881436,-2.994425827477,-4.));
#4885 = SURFACE_CURVE('',#4886,(#4890,#4897),.PCURVE_S1.);
#4886 = LINE('',#4887,#4888);
#4887 = CARTESIAN_POINT('',(-11.63749234243,-2.65550117244,-4.));
#4888 = VECTOR('',#4889,1.);
#4889 = DIRECTION('',(-0.974940278645,-0.222466745998,0.));
#4890 = PCURVE('',#126,#4891);
#4891 = DEFINITIONAL_REPRESENTATION('',(#4892),#4896);
#4892 = LINE('',#4893,#4894);
#4893 = CARTESIAN_POINT('',(11.637492342434,-2.65550117244));
#4894 = VECTOR('',#4895,1.);
#4895 = DIRECTION('',(0.974940278645,-0.222466745998));
#4896 = ( GEOMETRIC_REPRESENTATION_CONTEXT(2) 
PARAMETRIC_REPRESENTATION_CONTEXT() REPRESENTATION_CONTEXT('2D SPACE',''
  ) );
#4897 = PCURVE('',#4898,#4903);
#4898 = PLANE('',#4899);
#4899 = AXIS2_PLACEMENT_3D('',#4900,#4901,#4902);
#4900 = CARTESIAN_POINT('',(-11.63749234243,-2.65550117244,-4.));
#4901 = DIRECTION('',(0.222466745998,-0.974940278645,0.));
#4902 = DIRECTION('',(-0.974940278645,-0.222466745998,0.));
#4903 = DEFINITIONAL_REPRESENTATION('',(#4904),#4908);
#4904 = LINE('',#4905,#4906);
#4905 = CARTESIAN_POINT('',(0.,0.));
#4906 = VECTOR('',#4907,1.);
#4907 = DIRECTION('',(1.,0.));
#4908 = ( GEOMETRIC_REPRESENTATION_CONTEXT(2) 
PARAMETRIC_REPRESENTATION_CONTEXT() REPRESENTATION_CONTEXT('2D SPACE',''
  ) );
#4909 = ORIENTED_EDGE('',*,*,#4910,.T.);
#4910 = EDGE_CURVE('',#4883,#4911,#4913,.T.);
#4911 = VERTEX_POINT('',#4912);
#4912 = CARTESIAN_POINT('',(-13.6873776773,-3.011905537853,-4.));
#4913 = SURFACE_CURVE('',#4914,(#4918,#4925),.PCURVE_S1.);
#4914 = LINE('',#4915,#4916);
#4915 = CARTESIAN_POINT('',(-13.12279881436,-2.994425827477,-4.));
#4916 = VECTOR('',#4917,1.);
#4917 = DIRECTION('',(-0.999521064362,-3.094578962766E-02,0.));
#4918 = PCURVE('',#126,#4919);
#4919 = DEFINITIONAL_REPRESENTATION('',(#4920),#4924);
#4920 = LINE('',#4921,#4922);
#4921 = CARTESIAN_POINT('',(13.122798814365,-2.994425827477));
#4922 = VECTOR('',#4923,1.);
#4923 = DIRECTION('',(0.999521064362,-3.094578962766E-02));
#4924 = ( GEOMETRIC_REPRESENTATION_CONTEXT(2) 
PARAMETRIC_REPRESENTATION_CONTEXT() REPRESENTATION_CONTEXT('2D SPACE',''
  ) );
#4925 = PCURVE('',#4926,#4931);
#4926 = PLANE('',#4927);
#4927 = AXIS2_PLACEMENT_3D('',#4928,#4929,#4930);
#4928 = CARTESIAN_POINT('',(-13.12279881436,-2.994425827477,-4.));
#4929 = DIRECTION('',(3.094578962766E-02,-0.999521064362,0.));
#4930 = DIRECTION('',(-0.999521064362,-3.094578962766E-02,0.));
#4931 = DEFINITIONAL_REPRESENTATION('',(#4932),#4936);
#4932 = LINE('',#4933,#4934);
#4933 = CARTESIAN_POINT('',(0.,0.));
#4934 = VECTOR('',#4935,1.);
#4935 = DIRECTION('',(1.,0.));
#4936 = ( GEOMETRIC_REPRESENTATION_CONTEXT(2) 
PARAMETRIC_REPRESENTATION_CONTEXT() REPRESENTATION_CONTEXT('2D SPACE',''
  ) );
#4937 = ORIENTED_EDGE('',*,*,#4938,.T.);
#4938 = EDGE_CURVE('',#4911,#4939,#4941,.T.);
#4939 = VERTEX_POINT('',#4940);
#4940 = CARTESIAN_POINT('',(-14.27095558342,-2.934728219289,-4.));
#4941 = SURFACE_CURVE('',#4942,(#4946,#4953),.PCURVE_S1.);
#4942 = LINE('',#4943,#4944);
#4943 = CARTESIAN_POINT('',(-13.6873776773,-3.011905537853,-4.));
#4944 = VECTOR('',#4945,1.);
#4945 = DIRECTION('',(-0.991368225127,0.13110698764,0.));
#4946 = PCURVE('',#126,#4947);
#4947 = DEFINITIONAL_REPRESENTATION('',(#4948),#4952);
#4948 = LINE('',#4949,#4950);
#4949 = CARTESIAN_POINT('',(13.6873776773,-3.011905537853));
#4950 = VECTOR('',#4951,1.);
#4951 = DIRECTION('',(0.991368225127,0.13110698764));
#4952 = ( GEOMETRIC_REPRESENTATION_CONTEXT(2) 
PARAMETRIC_REPRESENTATION_CONTEXT() REPRESENTATION_CONTEXT('2D SPACE',''
  ) );
#4953 = PCURVE('',#4954,#4959);
#4954 = PLANE('',#4955);
#4955 = AXIS2_PLACEMENT_3D('',#4956,#4957,#4958);
#4956 = CARTESIAN_POINT('',(-13.6873776773,-3.011905537853,-4.));
#4957 = DIRECTION('',(-0.13110698764,-0.991368225127,0.));
#4958 = DIRECTION('',(-0.991368225127,0.13110698764,0.));
#4959 = DEFINITIONAL_REPRESENTATION('',(#4960),#4964);
#4960 = LINE('',#4961,#4962);
#4961 = CARTESIAN_POINT('',(0.,0.));
#4962 = VECTOR('',#4963,1.);
#4963 = DIRECTION('',(1.,0.));
#4964 = ( GEOMETRIC_REPRESENTATION_CONTEXT(2) 
PARAMETRIC_REPRESENTATION_CONTEXT() REPRESENTATION_CONTEXT('2D SPACE',''
  ) );
#4965 = ORIENTED_EDGE('',*,*,#4966,.T.);
#4966 = EDGE_CURVE('',#4939,#4967,#4969,.T.);
#4967 = VERTEX_POINT('',#4968);
#4968 = CARTESIAN_POINT('',(-14.86496796597,-2.788892815247,-4.));
#4969 = SURFACE_CURVE('',#4970,(#4974,#4981),.PCURVE_S1.);
#4970 = LINE('',#4971,#4972);
#4971 = CARTESIAN_POINT('',(-14.27095558342,-2.934728219289,-4.));
#4972 = VECTOR('',#4973,1.);
#4973 = DIRECTION('',(-0.97116003933,0.23842855955,0.));
#4974 = PCURVE('',#126,#4975);
#4975 = DEFINITIONAL_REPRESENTATION('',(#4976),#4980);
#4976 = LINE('',#4977,#4978);
#4977 = CARTESIAN_POINT('',(14.270955583427,-2.934728219289));
#4978 = VECTOR('',#4979,1.);
#4979 = DIRECTION('',(0.97116003933,0.23842855955));
#4980 = ( GEOMETRIC_REPRESENTATION_CONTEXT(2) 
PARAMETRIC_REPRESENTATION_CONTEXT() REPRESENTATION_CONTEXT('2D SPACE',''
  ) );
#4981 = PCURVE('',#4982,#4987);
#4982 = PLANE('',#4983);
#4983 = AXIS2_PLACEMENT_3D('',#4984,#4985,#4986);
#4984 = CARTESIAN_POINT('',(-14.27095558342,-2.934728219289,-4.));
#4985 = DIRECTION('',(-0.23842855955,-0.97116003933,0.));
#4986 = DIRECTION('',(-0.97116003933,0.23842855955,0.));
#4987 = DEFINITIONAL_REPRESENTATION('',(#4988),#4992);
#4988 = LINE('',#4989,#4990);
#4989 = CARTESIAN_POINT('',(0.,0.));
#4990 = VECTOR('',#4991,1.);
#4991 = DIRECTION('',(1.,0.));
#4992 = ( GEOMETRIC_REPRESENTATION_CONTEXT(2) 
PARAMETRIC_REPRESENTATION_CONTEXT() REPRESENTATION_CONTEXT('2D SPACE',''
  ) );
#4993 = ORIENTED_EDGE('',*,*,#4994,.T.);
#4994 = EDGE_CURVE('',#4967,#4995,#4997,.T.);
#4995 = VERTEX_POINT('',#4996);
#4996 = CARTESIAN_POINT('',(-15.46495751875,-2.582276114225,-4.));
#4997 = SURFACE_CURVE('',#4998,(#5002,#5009),.PCURVE_S1.);
#4998 = LINE('',#4999,#5000);
#4999 = CARTESIAN_POINT('',(-14.86496796597,-2.788892815247,-4.));
#5000 = VECTOR('',#5001,1.);
#5001 = DIRECTION('',(-0.945507063386,0.325601586431,0.));
#5002 = PCURVE('',#126,#5003);
#5003 = DEFINITIONAL_REPRESENTATION('',(#5004),#5008);
#5004 = LINE('',#5005,#5006);
#5005 = CARTESIAN_POINT('',(14.86496796597,-2.788892815247));
#5006 = VECTOR('',#5007,1.);
#5007 = DIRECTION('',(0.945507063386,0.325601586431));
#5008 = ( GEOMETRIC_REPRESENTATION_CONTEXT(2) 
PARAMETRIC_REPRESENTATION_CONTEXT() REPRESENTATION_CONTEXT('2D SPACE',''
  ) );
#5009 = PCURVE('',#5010,#5015);
#5010 = PLANE('',#5011);
#5011 = AXIS2_PLACEMENT_3D('',#5012,#5013,#5014);
#5012 = CARTESIAN_POINT('',(-14.86496796597,-2.788892815247,-4.));
#5013 = DIRECTION('',(-0.325601586431,-0.945507063386,0.));
#5014 = DIRECTION('',(-0.945507063386,0.325601586431,0.));
#5015 = DEFINITIONAL_REPRESENTATION('',(#5016),#5020);
#5016 = LINE('',#5017,#5018);
#5017 = CARTESIAN_POINT('',(0.,0.));
#5018 = VECTOR('',#5019,1.);
#5019 = DIRECTION('',(1.,0.));
#5020 = ( GEOMETRIC_REPRESENTATION_CONTEXT(2) 
PARAMETRIC_REPRESENTATION_CONTEXT() REPRESENTATION_CONTEXT('2D SPACE',''
  ) );
#5021 = ORIENTED_EDGE('',*,*,#5022,.T.);
#5022 = EDGE_CURVE('',#4995,#5023,#5025,.T.);
#5023 = VERTEX_POINT('',#5024);
#5024 = CARTESIAN_POINT('',(-16.06733747047,-2.318849987298,-4.));
#5025 = SURFACE_CURVE('',#5026,(#5030,#5037),.PCURVE_S1.);
#5026 = LINE('',#5027,#5028);
#5027 = CARTESIAN_POINT('',(-15.46495751875,-2.582276114225,-4.));
#5028 = VECTOR('',#5029,1.);
#5029 = DIRECTION('',(-0.916221611261,0.400671884536,0.));
#5030 = PCURVE('',#126,#5031);
#5031 = DEFINITIONAL_REPRESENTATION('',(#5032),#5036);
#5032 = LINE('',#5033,#5034);
#5033 = CARTESIAN_POINT('',(15.464957518758,-2.582276114225));
#5034 = VECTOR('',#5035,1.);
#5035 = DIRECTION('',(0.916221611261,0.400671884536));
#5036 = ( GEOMETRIC_REPRESENTATION_CONTEXT(2) 
PARAMETRIC_REPRESENTATION_CONTEXT() REPRESENTATION_CONTEXT('2D SPACE',''
  ) );
#5037 = PCURVE('',#5038,#5043);
#5038 = PLANE('',#5039);
#5039 = AXIS2_PLACEMENT_3D('',#5040,#5041,#5042);
#5040 = CARTESIAN_POINT('',(-15.46495751875,-2.582276114225,-4.));
#5041 = DIRECTION('',(-0.400671884536,-0.916221611261,0.));
#5042 = DIRECTION('',(-0.916221611261,0.400671884536,0.));
#5043 = DEFINITIONAL_REPRESENTATION('',(#5044),#5048);
#5044 = LINE('',#5045,#5046);
#5045 = CARTESIAN_POINT('',(0.,0.));
#5046 = VECTOR('',#5047,1.);
#5047 = DIRECTION('',(1.,0.));
#5048 = ( GEOMETRIC_REPRESENTATION_CONTEXT(2) 
PARAMETRIC_REPRESENTATION_CONTEXT() REPRESENTATION_CONTEXT('2D SPACE',''
  ) );
#5049 = ORIENTED_EDGE('',*,*,#5050,.T.);
#5050 = EDGE_CURVE('',#5023,#5051,#5053,.T.);
#5051 = VERTEX_POINT('',#5052);
#5052 = CARTESIAN_POINT('',(-16.19834361853,-1.072409748888,-4.));
#5053 = SURFACE_CURVE('',#5054,(#5058,#5065),.PCURVE_S1.);
#5054 = LINE('',#5055,#5056);
#5055 = CARTESIAN_POINT('',(-16.06733747047,-2.318849987298,-4.));
#5056 = VECTOR('',#5057,1.);
#5057 = DIRECTION('',(-0.104528463268,0.994521895368,0.));
#5058 = PCURVE('',#126,#5059);
#5059 = DEFINITIONAL_REPRESENTATION('',(#5060),#5064);
#5060 = LINE('',#5061,#5062);
#5061 = CARTESIAN_POINT('',(16.067337470475,-2.318849987298));
#5062 = VECTOR('',#5063,1.);
#5063 = DIRECTION('',(0.104528463268,0.994521895368));
#5064 = ( GEOMETRIC_REPRESENTATION_CONTEXT(2) 
PARAMETRIC_REPRESENTATION_CONTEXT() REPRESENTATION_CONTEXT('2D SPACE',''
  ) );
#5065 = PCURVE('',#5066,#5071);
#5066 = PLANE('',#5067);
#5067 = AXIS2_PLACEMENT_3D('',#5068,#5069,#5070);
#5068 = CARTESIAN_POINT('',(-16.06733747047,-2.318849987298,-4.));
#5069 = DIRECTION('',(-0.994521895368,-0.104528463268,0.));
#5070 = DIRECTION('',(-0.104528463268,0.994521895368,0.));
#5071 = DEFINITIONAL_REPRESENTATION('',(#5072),#5076);
#5072 = LINE('',#5073,#5074);
#5073 = CARTESIAN_POINT('',(0.,0.));
#5074 = VECTOR('',#5075,1.);
#5075 = DIRECTION('',(1.,0.));
#5076 = ( GEOMETRIC_REPRESENTATION_CONTEXT(2) 
PARAMETRIC_REPRESENTATION_CONTEXT() REPRESENTATION_CONTEXT('2D SPACE',''
  ) );
#5077 = ORIENTED_EDGE('',*,*,#5078,.T.);
#5078 = EDGE_CURVE('',#5051,#5079,#5081,.T.);
#5079 = VERTEX_POINT('',#5080);
#5080 = CARTESIAN_POINT('',(-15.66389648549,-0.689498280589,-4.));
#5081 = SURFACE_CURVE('',#5082,(#5086,#5093),.PCURVE_S1.);
#5082 = LINE('',#5083,#5084);
#5083 = CARTESIAN_POINT('',(-16.19834361853,-1.072409748888,-4.));
#5084 = VECTOR('',#5085,1.);
#5085 = DIRECTION('',(0.812895601819,0.582409426901,0.));
#5086 = PCURVE('',#126,#5087);
#5087 = DEFINITIONAL_REPRESENTATION('',(#5088),#5092);
#5088 = LINE('',#5089,#5090);
#5089 = CARTESIAN_POINT('',(16.198343618537,-1.072409748888));
#5090 = VECTOR('',#5091,1.);
#5091 = DIRECTION('',(-0.812895601819,0.582409426901));
#5092 = ( GEOMETRIC_REPRESENTATION_CONTEXT(2) 
PARAMETRIC_REPRESENTATION_CONTEXT() REPRESENTATION_CONTEXT('2D SPACE',''
  ) );
#5093 = PCURVE('',#5094,#5099);
#5094 = PLANE('',#5095);
#5095 = AXIS2_PLACEMENT_3D('',#5096,#5097,#5098);
#5096 = CARTESIAN_POINT('',(-16.19834361853,-1.072409748888,-4.));
#5097 = DIRECTION('',(-0.582409426901,0.812895601819,0.));
#5098 = DIRECTION('',(0.812895601819,0.582409426901,0.));
#5099 = DEFINITIONAL_REPRESENTATION('',(#5100),#5104);
#5100 = LINE('',#5101,#5102);
#5101 = CARTESIAN_POINT('',(0.,0.));
#5102 = VECTOR('',#5103,1.);
#5103 = DIRECTION('',(1.,0.));
#5104 = ( GEOMETRIC_REPRESENTATION_CONTEXT(2) 
PARAMETRIC_REPRESENTATION_CONTEXT() REPRESENTATION_CONTEXT('2D SPACE',''
  ) );
#5105 = ORIENTED_EDGE('',*,*,#5106,.T.);
#5106 = EDGE_CURVE('',#5079,#5107,#5109,.T.);
#5107 = VERTEX_POINT('',#5108);
#5108 = CARTESIAN_POINT('',(-15.11997617162,-0.362651807819,-4.));
#5109 = SURFACE_CURVE('',#5110,(#5114,#5121),.PCURVE_S1.);
#5110 = LINE('',#5111,#5112);
#5111 = CARTESIAN_POINT('',(-15.66389648549,-0.689498280589,-4.));
#5112 = VECTOR('',#5113,1.);
#5113 = DIRECTION('',(0.85714908916,0.515068382792,0.));
#5114 = PCURVE('',#126,#5115);
#5115 = DEFINITIONAL_REPRESENTATION('',(#5116),#5120);
#5116 = LINE('',#5117,#5118);
#5117 = CARTESIAN_POINT('',(15.66389648549,-0.689498280589));
#5118 = VECTOR('',#5119,1.);
#5119 = DIRECTION('',(-0.85714908916,0.515068382792));
#5120 = ( GEOMETRIC_REPRESENTATION_CONTEXT(2) 
PARAMETRIC_REPRESENTATION_CONTEXT() REPRESENTATION_CONTEXT('2D SPACE',''
  ) );
#5121 = PCURVE('',#5122,#5127);
#5122 = PLANE('',#5123);
#5123 = AXIS2_PLACEMENT_3D('',#5124,#5125,#5126);
#5124 = CARTESIAN_POINT('',(-15.66389648549,-0.689498280589,-4.));
#5125 = DIRECTION('',(-0.515068382792,0.85714908916,0.));
#5126 = DIRECTION('',(0.85714908916,0.515068382792,0.));
#5127 = DEFINITIONAL_REPRESENTATION('',(#5128),#5132);
#5128 = LINE('',#5129,#5130);
#5129 = CARTESIAN_POINT('',(0.,0.));
#5130 = VECTOR('',#5131,1.);
#5131 = DIRECTION('',(1.,0.));
#5132 = ( GEOMETRIC_REPRESENTATION_CONTEXT(2) 
PARAMETRIC_REPRESENTATION_CONTEXT() REPRESENTATION_CONTEXT('2D SPACE',''
  ) );
#5133 = ORIENTED_EDGE('',*,*,#5134,.T.);
#5134 = EDGE_CURVE('',#5107,#5135,#5137,.T.);
#5135 = VERTEX_POINT('',#5136);
#5136 = CARTESIAN_POINT('',(-14.56926527027,-9.650113843236E-02,-4.));
#5137 = SURFACE_CURVE('',#5138,(#5142,#5149),.PCURVE_S1.);
#5138 = LINE('',#5139,#5140);
#5139 = CARTESIAN_POINT('',(-15.11997617162,-0.362651807819,-4.));
#5140 = VECTOR('',#5141,1.);
#5141 = DIRECTION('',(0.900365777444,0.435133849302,0.));
#5142 = PCURVE('',#126,#5143);
#5143 = DEFINITIONAL_REPRESENTATION('',(#5144),#5148);
#5144 = LINE('',#5145,#5146);
#5145 = CARTESIAN_POINT('',(15.119976171626,-0.362651807819));
#5146 = VECTOR('',#5147,1.);
#5147 = DIRECTION('',(-0.900365777444,0.435133849302));
#5148 = ( GEOMETRIC_REPRESENTATION_CONTEXT(2) 
PARAMETRIC_REPRESENTATION_CONTEXT() REPRESENTATION_CONTEXT('2D SPACE',''
  ) );
#5149 = PCURVE('',#5150,#5155);
#5150 = PLANE('',#5151);
#5151 = AXIS2_PLACEMENT_3D('',#5152,#5153,#5154);
#5152 = CARTESIAN_POINT('',(-15.11997617162,-0.362651807819,-4.));
#5153 = DIRECTION('',(-0.435133849302,0.900365777444,0.));
#5154 = DIRECTION('',(0.900365777444,0.435133849302,0.));
#5155 = DEFINITIONAL_REPRESENTATION('',(#5156),#5160);
#5156 = LINE('',#5157,#5158);
#5157 = CARTESIAN_POINT('',(0.,0.));
#5158 = VECTOR('',#5159,1.);
#5159 = DIRECTION('',(1.,0.));
#5160 = ( GEOMETRIC_REPRESENTATION_CONTEXT(2) 
PARAMETRIC_REPRESENTATION_CONTEXT() REPRESENTATION_CONTEXT('2D SPACE',''
  ) );
#5161 = ORIENTED_EDGE('',*,*,#5162,.T.);
#5162 = EDGE_CURVE('',#5135,#5163,#5165,.T.);
#5163 = VERTEX_POINT('',#5164);
#5164 = CARTESIAN_POINT('',(-14.01448600834,0.10032233974,-4.));
#5165 = SURFACE_CURVE('',#5166,(#5170,#5177),.PCURVE_S1.);
#5166 = LINE('',#5167,#5168);
#5167 = CARTESIAN_POINT('',(-14.56926527027,-9.650113843236E-02,-4.));
#5168 = VECTOR('',#5169,1.);
#5169 = DIRECTION('',(0.942445775374,0.334359029309,0.));
#5170 = PCURVE('',#126,#5171);
#5171 = DEFINITIONAL_REPRESENTATION('',(#5172),#5176);
#5172 = LINE('',#5173,#5174);
#5173 = CARTESIAN_POINT('',(14.569265270271,-9.650113843236E-02));
#5174 = VECTOR('',#5175,1.);
#5175 = DIRECTION('',(-0.942445775374,0.334359029309));
#5176 = ( GEOMETRIC_REPRESENTATION_CONTEXT(2) 
PARAMETRIC_REPRESENTATION_CONTEXT() REPRESENTATION_CONTEXT('2D SPACE',''
  ) );
#5177 = PCURVE('',#5178,#5183);
#5178 = PLANE('',#5179);
#5179 = AXIS2_PLACEMENT_3D('',#5180,#5181,#5182);
#5180 = CARTESIAN_POINT('',(-14.56926527027,-9.650113843236E-02,-4.));
#5181 = DIRECTION('',(-0.334359029309,0.942445775374,0.));
#5182 = DIRECTION('',(0.942445775374,0.334359029309,0.));
#5183 = DEFINITIONAL_REPRESENTATION('',(#5184),#5188);
#5184 = LINE('',#5185,#5186);
#5185 = CARTESIAN_POINT('',(0.,0.));
#5186 = VECTOR('',#5187,1.);
#5187 = DIRECTION('',(1.,0.));
#5188 = ( GEOMETRIC_REPRESENTATION_CONTEXT(2) 
PARAMETRIC_REPRESENTATION_CONTEXT() REPRESENTATION_CONTEXT('2D SPACE',''
  ) );
#5189 = ORIENTED_EDGE('',*,*,#5190,.T.);
#5190 = EDGE_CURVE('',#5163,#5191,#5193,.T.);
#5191 = VERTEX_POINT('',#5192);
#5192 = CARTESIAN_POINT('',(-13.458610312,0.200607148966,-4.));
#5193 = SURFACE_CURVE('',#5194,(#5198,#5205),.PCURVE_S1.);
#5194 = LINE('',#5195,#5196);
#5195 = CARTESIAN_POINT('',(-14.01448600834,0.10032233974,-4.));
#5196 = VECTOR('',#5197,1.);
#5197 = DIRECTION('',(0.984113122434,0.177542564622,0.));
#5198 = PCURVE('',#126,#5199);
#5199 = DEFINITIONAL_REPRESENTATION('',(#5200),#5204);
#5200 = LINE('',#5201,#5202);
#5201 = CARTESIAN_POINT('',(14.014486008347,0.10032233974));
#5202 = VECTOR('',#5203,1.);
#5203 = DIRECTION('',(-0.984113122434,0.177542564622));
#5204 = ( GEOMETRIC_REPRESENTATION_CONTEXT(2) 
PARAMETRIC_REPRESENTATION_CONTEXT() REPRESENTATION_CONTEXT('2D SPACE',''
  ) );
#5205 = PCURVE('',#5206,#5211);
#5206 = PLANE('',#5207);
#5207 = AXIS2_PLACEMENT_3D('',#5208,#5209,#5210);
#5208 = CARTESIAN_POINT('',(-14.01448600834,0.10032233974,-4.));
#5209 = DIRECTION('',(-0.177542564622,0.984113122434,0.));
#5210 = DIRECTION('',(0.984113122434,0.177542564622,0.));
#5211 = DEFINITIONAL_REPRESENTATION('',(#5212),#5216);
#5212 = LINE('',#5213,#5214);
#5213 = CARTESIAN_POINT('',(0.,0.));
#5214 = VECTOR('',#5215,1.);
#5215 = DIRECTION('',(1.,0.));
#5216 = ( GEOMETRIC_REPRESENTATION_CONTEXT(2) 
PARAMETRIC_REPRESENTATION_CONTEXT() REPRESENTATION_CONTEXT('2D SPACE',''
  ) );
#5217 = ORIENTED_EDGE('',*,*,#5218,.T.);
#5218 = EDGE_CURVE('',#5191,#5219,#5221,.T.);
#5219 = VERTEX_POINT('',#5220);
#5220 = CARTESIAN_POINT('',(-11.93529495204,0.177901390774,-4.));
#5221 = SURFACE_CURVE('',#5222,(#5226,#5233),.PCURVE_S1.);
#5222 = LINE('',#5223,#5224);
#5223 = CARTESIAN_POINT('',(-13.458610312,0.200607148966,-4.));
#5224 = VECTOR('',#5225,1.);
#5225 = DIRECTION('',(0.999888931727,-1.490383206186E-02,0.));
#5226 = PCURVE('',#126,#5227);
#5227 = DEFINITIONAL_REPRESENTATION('',(#5228),#5232);
#5228 = LINE('',#5229,#5230);
#5229 = CARTESIAN_POINT('',(13.458610312003,0.200607148966));
#5230 = VECTOR('',#5231,1.);
#5231 = DIRECTION('',(-0.999888931727,-1.490383206186E-02));
#5232 = ( GEOMETRIC_REPRESENTATION_CONTEXT(2) 
PARAMETRIC_REPRESENTATION_CONTEXT() REPRESENTATION_CONTEXT('2D SPACE',''
  ) );
#5233 = PCURVE('',#5234,#5239);
#5234 = PLANE('',#5235);
#5235 = AXIS2_PLACEMENT_3D('',#5236,#5237,#5238);
#5236 = CARTESIAN_POINT('',(-13.458610312,0.200607148966,-4.));
#5237 = DIRECTION('',(1.490383206186E-02,0.999888931727,-0.));
#5238 = DIRECTION('',(0.999888931727,-1.490383206186E-02,0.));
#5239 = DEFINITIONAL_REPRESENTATION('',(#5240),#5244);
#5240 = LINE('',#5241,#5242);
#5241 = CARTESIAN_POINT('',(0.,0.));
#5242 = VECTOR('',#5243,1.);
#5243 = DIRECTION('',(1.,0.));
#5244 = ( GEOMETRIC_REPRESENTATION_CONTEXT(2) 
PARAMETRIC_REPRESENTATION_CONTEXT() REPRESENTATION_CONTEXT('2D SPACE',''
  ) );
#5245 = ORIENTED_EDGE('',*,*,#5246,.T.);
#5246 = EDGE_CURVE('',#5219,#5247,#5249,.T.);
#5247 = VERTEX_POINT('',#5248);
#5248 = CARTESIAN_POINT('',(-11.87123067457,1.247716621713,-4.));
#5249 = SURFACE_CURVE('',#5250,(#5254,#5261),.PCURVE_S1.);
#5250 = LINE('',#5251,#5252);
#5251 = CARTESIAN_POINT('',(-11.93529495204,0.177901390774,-4.));
#5252 = VECTOR('',#5253,1.);
#5253 = DIRECTION('',(5.977641308859E-02,0.998211791374,0.));
#5254 = PCURVE('',#126,#5255);
#5255 = DEFINITIONAL_REPRESENTATION('',(#5256),#5260);
#5256 = LINE('',#5257,#5258);
#5257 = CARTESIAN_POINT('',(11.93529495204,0.177901390774));
#5258 = VECTOR('',#5259,1.);
#5259 = DIRECTION('',(-5.977641308859E-02,0.998211791374));
#5260 = ( GEOMETRIC_REPRESENTATION_CONTEXT(2) 
PARAMETRIC_REPRESENTATION_CONTEXT() REPRESENTATION_CONTEXT('2D SPACE',''
  ) );
#5261 = PCURVE('',#5262,#5267);
#5262 = PLANE('',#5263);
#5263 = AXIS2_PLACEMENT_3D('',#5264,#5265,#5266);
#5264 = CARTESIAN_POINT('',(-11.93529495204,0.177901390774,-4.));
#5265 = DIRECTION('',(-0.998211791374,5.977641308859E-02,0.));
#5266 = DIRECTION('',(5.977641308859E-02,0.998211791374,0.));
#5267 = DEFINITIONAL_REPRESENTATION('',(#5268),#5272);
#5268 = LINE('',#5269,#5270);
#5269 = CARTESIAN_POINT('',(0.,0.));
#5270 = VECTOR('',#5271,1.);
#5271 = DIRECTION('',(1.,0.));
#5272 = ( GEOMETRIC_REPRESENTATION_CONTEXT(2) 
PARAMETRIC_REPRESENTATION_CONTEXT() REPRESENTATION_CONTEXT('2D SPACE',''
  ) );
#5273 = ORIENTED_EDGE('',*,*,#5274,.T.);
#5274 = EDGE_CURVE('',#5247,#5275,#5277,.T.);
#5275 = VERTEX_POINT('',#5276);
#5276 = CARTESIAN_POINT('',(-11.71146790034,2.307473535334,-4.));
#5277 = SURFACE_CURVE('',#5278,(#5282,#5289),.PCURVE_S1.);
#5278 = LINE('',#5279,#5280);
#5279 = CARTESIAN_POINT('',(-11.87123067457,1.247716621713,-4.));
#5280 = VECTOR('',#5281,1.);
#5281 = DIRECTION('',(0.149069746296,0.988826683873,0.));
#5282 = PCURVE('',#126,#5283);
#5283 = DEFINITIONAL_REPRESENTATION('',(#5284),#5288);
#5284 = LINE('',#5285,#5286);
#5285 = CARTESIAN_POINT('',(11.871230674574,1.247716621713));
#5286 = VECTOR('',#5287,1.);
#5287 = DIRECTION('',(-0.149069746296,0.988826683873));
#5288 = ( GEOMETRIC_REPRESENTATION_CONTEXT(2) 
PARAMETRIC_REPRESENTATION_CONTEXT() REPRESENTATION_CONTEXT('2D SPACE',''
  ) );
#5289 = PCURVE('',#5290,#5295);
#5290 = PLANE('',#5291);
#5291 = AXIS2_PLACEMENT_3D('',#5292,#5293,#5294);
#5292 = CARTESIAN_POINT('',(-11.87123067457,1.247716621713,-4.));
#5293 = DIRECTION('',(-0.988826683873,0.149069746296,0.));
#5294 = DIRECTION('',(0.149069746296,0.988826683873,0.));
#5295 = DEFINITIONAL_REPRESENTATION('',(#5296),#5300);
#5296 = LINE('',#5297,#5298);
#5297 = CARTESIAN_POINT('',(0.,0.));
#5298 = VECTOR('',#5299,1.);
#5299 = DIRECTION('',(1.,0.));
#5300 = ( GEOMETRIC_REPRESENTATION_CONTEXT(2) 
PARAMETRIC_REPRESENTATION_CONTEXT() REPRESENTATION_CONTEXT('2D SPACE',''
  ) );
#5301 = ORIENTED_EDGE('',*,*,#5302,.T.);
#5302 = EDGE_CURVE('',#5275,#5303,#5305,.T.);
#5303 = VERTEX_POINT('',#5304);
#5304 = CARTESIAN_POINT('',(-13.20621595742,2.601979024575,-4.));
#5305 = SURFACE_CURVE('',#5306,(#5310,#5317),.PCURVE_S1.);
#5306 = LINE('',#5307,#5308);
#5307 = CARTESIAN_POINT('',(-11.71146790034,2.307473535334,-4.));
#5308 = VECTOR('',#5309,1.);
#5309 = DIRECTION('',(-0.981137640493,0.193310450852,0.));
#5310 = PCURVE('',#126,#5311);
#5311 = DEFINITIONAL_REPRESENTATION('',(#5312),#5316);
#5312 = LINE('',#5313,#5314);
#5313 = CARTESIAN_POINT('',(11.711467900343,2.307473535334));
#5314 = VECTOR('',#5315,1.);
#5315 = DIRECTION('',(0.981137640493,0.193310450852));
#5316 = ( GEOMETRIC_REPRESENTATION_CONTEXT(2) 
PARAMETRIC_REPRESENTATION_CONTEXT() REPRESENTATION_CONTEXT('2D SPACE',''
  ) );
#5317 = PCURVE('',#5318,#5323);
#5318 = PLANE('',#5319);
#5319 = AXIS2_PLACEMENT_3D('',#5320,#5321,#5322);
#5320 = CARTESIAN_POINT('',(-11.71146790034,2.307473535334,-4.));
#5321 = DIRECTION('',(-0.193310450852,-0.981137640493,0.));
#5322 = DIRECTION('',(-0.981137640493,0.193310450852,0.));
#5323 = DEFINITIONAL_REPRESENTATION('',(#5324),#5328);
#5324 = LINE('',#5325,#5326);
#5325 = CARTESIAN_POINT('',(0.,0.));
#5326 = VECTOR('',#5327,1.);
#5327 = DIRECTION('',(1.,0.));
#5328 = ( GEOMETRIC_REPRESENTATION_CONTEXT(2) 
PARAMETRIC_REPRESENTATION_CONTEXT() REPRESENTATION_CONTEXT('2D SPACE',''
  ) );
#5329 = ORIENTED_EDGE('',*,*,#5330,.T.);
#5330 = EDGE_CURVE('',#5303,#5331,#5333,.T.);
#5331 = VERTEX_POINT('',#5332);
#5332 = CARTESIAN_POINT('',(-13.72909405186,2.815645426021,-4.));
#5333 = SURFACE_CURVE('',#5334,(#5338,#5345),.PCURVE_S1.);
#5334 = LINE('',#5335,#5336);
#5335 = CARTESIAN_POINT('',(-13.20621595742,2.601979024575,-4.));
#5336 = VECTOR('',#5337,1.);
#5337 = DIRECTION('',(-0.925694714757,0.378271456855,0.));
#5338 = PCURVE('',#126,#5339);
#5339 = DEFINITIONAL_REPRESENTATION('',(#5340),#5344);
#5340 = LINE('',#5341,#5342);
#5341 = CARTESIAN_POINT('',(13.206215957428,2.601979024575));
#5342 = VECTOR('',#5343,1.);
#5343 = DIRECTION('',(0.925694714757,0.378271456855));
#5344 = ( GEOMETRIC_REPRESENTATION_CONTEXT(2) 
PARAMETRIC_REPRESENTATION_CONTEXT() REPRESENTATION_CONTEXT('2D SPACE',''
  ) );
#5345 = PCURVE('',#5346,#5351);
#5346 = PLANE('',#5347);
#5347 = AXIS2_PLACEMENT_3D('',#5348,#5349,#5350);
#5348 = CARTESIAN_POINT('',(-13.20621595742,2.601979024575,-4.));
#5349 = DIRECTION('',(-0.378271456855,-0.925694714757,0.));
#5350 = DIRECTION('',(-0.925694714757,0.378271456855,0.));
#5351 = DEFINITIONAL_REPRESENTATION('',(#5352),#5356);
#5352 = LINE('',#5353,#5354);
#5353 = CARTESIAN_POINT('',(0.,0.));
#5354 = VECTOR('',#5355,1.);
#5355 = DIRECTION('',(1.,0.));
#5356 = ( GEOMETRIC_REPRESENTATION_CONTEXT(2) 
PARAMETRIC_REPRESENTATION_CONTEXT() REPRESENTATION_CONTEXT('2D SPACE',''
  ) );
#5357 = ORIENTED_EDGE('',*,*,#5358,.T.);
#5358 = EDGE_CURVE('',#5331,#5359,#5361,.T.);
#5359 = VERTEX_POINT('',#5360);
#5360 = CARTESIAN_POINT('',(-14.23082815371,3.12351293334,-4.));
#5361 = SURFACE_CURVE('',#5362,(#5366,#5373),.PCURVE_S1.);
#5362 = LINE('',#5363,#5364);
#5363 = CARTESIAN_POINT('',(-13.72909405186,2.815645426021,-4.));
#5364 = VECTOR('',#5365,1.);
#5365 = DIRECTION('',(-0.85233392288,0.522997976964,0.));
#5366 = PCURVE('',#126,#5367);
#5367 = DEFINITIONAL_REPRESENTATION('',(#5368),#5372);
#5368 = LINE('',#5369,#5370);
#5369 = CARTESIAN_POINT('',(13.729094051864,2.815645426021));
#5370 = VECTOR('',#5371,1.);
#5371 = DIRECTION('',(0.85233392288,0.522997976964));
#5372 = ( GEOMETRIC_REPRESENTATION_CONTEXT(2) 
PARAMETRIC_REPRESENTATION_CONTEXT() REPRESENTATION_CONTEXT('2D SPACE',''
  ) );
#5373 = PCURVE('',#5374,#5379);
#5374 = PLANE('',#5375);
#5375 = AXIS2_PLACEMENT_3D('',#5376,#5377,#5378);
#5376 = CARTESIAN_POINT('',(-13.72909405186,2.815645426021,-4.));
#5377 = DIRECTION('',(-0.522997976964,-0.85233392288,0.));
#5378 = DIRECTION('',(-0.85233392288,0.522997976964,0.));
#5379 = DEFINITIONAL_REPRESENTATION('',(#5380),#5384);
#5380 = LINE('',#5381,#5382);
#5381 = CARTESIAN_POINT('',(0.,0.));
#5382 = VECTOR('',#5383,1.);
#5383 = DIRECTION('',(1.,0.));
#5384 = ( GEOMETRIC_REPRESENTATION_CONTEXT(2) 
PARAMETRIC_REPRESENTATION_CONTEXT() REPRESENTATION_CONTEXT('2D SPACE',''
  ) );
#5385 = ORIENTED_EDGE('',*,*,#5386,.T.);
#5386 = EDGE_CURVE('',#5359,#5387,#5389,.T.);
#5387 = VERTEX_POINT('',#5388);
#5388 = CARTESIAN_POINT('',(-14.71416886488,3.498346806687,-4.));
#5389 = SURFACE_CURVE('',#5390,(#5394,#5401),.PCURVE_S1.);
#5390 = LINE('',#5391,#5392);
#5391 = CARTESIAN_POINT('',(-14.23082815371,3.12351293334,-4.));
#5392 = VECTOR('',#5393,1.);
#5393 = DIRECTION('',(-0.790221210649,0.612821701836,0.));
#5394 = PCURVE('',#126,#5395);
#5395 = DEFINITIONAL_REPRESENTATION('',(#5396),#5400);
#5396 = LINE('',#5397,#5398);
#5397 = CARTESIAN_POINT('',(14.230828153712,3.12351293334));
#5398 = VECTOR('',#5399,1.);
#5399 = DIRECTION('',(0.790221210649,0.612821701836));
#5400 = ( GEOMETRIC_REPRESENTATION_CONTEXT(2) 
PARAMETRIC_REPRESENTATION_CONTEXT() REPRESENTATION_CONTEXT('2D SPACE',''
  ) );
#5401 = PCURVE('',#5402,#5407);
#5402 = PLANE('',#5403);
#5403 = AXIS2_PLACEMENT_3D('',#5404,#5405,#5406);
#5404 = CARTESIAN_POINT('',(-14.23082815371,3.12351293334,-4.));
#5405 = DIRECTION('',(-0.612821701836,-0.790221210649,0.));
#5406 = DIRECTION('',(-0.790221210649,0.612821701836,0.));
#5407 = DEFINITIONAL_REPRESENTATION('',(#5408),#5412);
#5408 = LINE('',#5409,#5410);
#5409 = CARTESIAN_POINT('',(0.,0.));
#5410 = VECTOR('',#5411,1.);
#5411 = DIRECTION('',(1.,0.));
#5412 = ( GEOMETRIC_REPRESENTATION_CONTEXT(2) 
PARAMETRIC_REPRESENTATION_CONTEXT() REPRESENTATION_CONTEXT('2D SPACE',''
  ) );
#5413 = ORIENTED_EDGE('',*,*,#5414,.T.);
#5414 = EDGE_CURVE('',#5387,#5415,#5417,.T.);
#5415 = VERTEX_POINT('',#5416);
#5416 = CARTESIAN_POINT('',(-15.17824801209,3.93113829196,-4.));
#5417 = SURFACE_CURVE('',#5418,(#5422,#5429),.PCURVE_S1.);
#5418 = LINE('',#5419,#5420);
#5419 = CARTESIAN_POINT('',(-14.71416886488,3.498346806687,-4.));
#5420 = VECTOR('',#5421,1.);
#5421 = DIRECTION('',(-0.73132958668,0.682024219252,0.));
#5422 = PCURVE('',#126,#5423);
#5423 = DEFINITIONAL_REPRESENTATION('',(#5424),#5428);
#5424 = LINE('',#5425,#5426);
#5425 = CARTESIAN_POINT('',(14.714168864887,3.498346806687));
#5426 = VECTOR('',#5427,1.);
#5427 = DIRECTION('',(0.73132958668,0.682024219252));
#5428 = ( GEOMETRIC_REPRESENTATION_CONTEXT(2) 
PARAMETRIC_REPRESENTATION_CONTEXT() REPRESENTATION_CONTEXT('2D SPACE',''
  ) );
#5429 = PCURVE('',#5430,#5435);
#5430 = PLANE('',#5431);
#5431 = AXIS2_PLACEMENT_3D('',#5432,#5433,#5434);
#5432 = CARTESIAN_POINT('',(-14.71416886488,3.498346806687,-4.));
#5433 = DIRECTION('',(-0.682024219252,-0.73132958668,0.));
#5434 = DIRECTION('',(-0.73132958668,0.682024219252,0.));
#5435 = DEFINITIONAL_REPRESENTATION('',(#5436),#5440);
#5436 = LINE('',#5437,#5438);
#5437 = CARTESIAN_POINT('',(0.,0.));
#5438 = VECTOR('',#5439,1.);
#5439 = DIRECTION('',(1.,0.));
#5440 = ( GEOMETRIC_REPRESENTATION_CONTEXT(2) 
PARAMETRIC_REPRESENTATION_CONTEXT() REPRESENTATION_CONTEXT('2D SPACE',''
  ) );
#5441 = ORIENTED_EDGE('',*,*,#5442,.T.);
#5442 = EDGE_CURVE('',#5415,#5443,#5445,.T.);
#5443 = VERTEX_POINT('',#5444);
#5444 = CARTESIAN_POINT('',(-15.62140442219,4.416800033056,-4.));
#5445 = SURFACE_CURVE('',#5446,(#5450,#5457),.PCURVE_S1.);
#5446 = LINE('',#5447,#5448);
#5447 = CARTESIAN_POINT('',(-15.17824801209,3.93113829196,-4.));
#5448 = VECTOR('',#5449,1.);
#5449 = DIRECTION('',(-0.674042153871,0.738692882601,0.));
#5450 = PCURVE('',#126,#5451);
#5451 = DEFINITIONAL_REPRESENTATION('',(#5452),#5456);
#5452 = LINE('',#5453,#5454);
#5453 = CARTESIAN_POINT('',(15.178248012092,3.93113829196));
#5454 = VECTOR('',#5455,1.);
#5455 = DIRECTION('',(0.674042153871,0.738692882601));
#5456 = ( GEOMETRIC_REPRESENTATION_CONTEXT(2) 
PARAMETRIC_REPRESENTATION_CONTEXT() REPRESENTATION_CONTEXT('2D SPACE',''
  ) );
#5457 = PCURVE('',#5458,#5463);
#5458 = PLANE('',#5459);
#5459 = AXIS2_PLACEMENT_3D('',#5460,#5461,#5462);
#5460 = CARTESIAN_POINT('',(-15.17824801209,3.93113829196,-4.));
#5461 = DIRECTION('',(-0.738692882601,-0.674042153871,0.));
#5462 = DIRECTION('',(-0.674042153871,0.738692882601,0.));
#5463 = DEFINITIONAL_REPRESENTATION('',(#5464),#5468);
#5464 = LINE('',#5465,#5466);
#5465 = CARTESIAN_POINT('',(0.,0.));
#5466 = VECTOR('',#5467,1.);
#5467 = DIRECTION('',(1.,0.));
#5468 = ( GEOMETRIC_REPRESENTATION_CONTEXT(2) 
PARAMETRIC_REPRESENTATION_CONTEXT() REPRESENTATION_CONTEXT('2D SPACE',''
  ) );
#5469 = ORIENTED_EDGE('',*,*,#5470,.T.);
#5470 = EDGE_CURVE('',#5443,#5471,#5473,.T.);
#5471 = VERTEX_POINT('',#5472);
#5472 = CARTESIAN_POINT('',(-15.23411157531,5.608764851964,-4.));
#5473 = SURFACE_CURVE('',#5474,(#5478,#5485),.PCURVE_S1.);
#5474 = LINE('',#5475,#5476);
#5475 = CARTESIAN_POINT('',(-15.62140442219,4.416800033056,-4.));
#5476 = VECTOR('',#5477,1.);
#5477 = DIRECTION('',(0.309016994375,0.951056516295,0.));
#5478 = PCURVE('',#126,#5479);
#5479 = DEFINITIONAL_REPRESENTATION('',(#5480),#5484);
#5480 = LINE('',#5481,#5482);
#5481 = CARTESIAN_POINT('',(15.621404422193,4.416800033056));
#5482 = VECTOR('',#5483,1.);
#5483 = DIRECTION('',(-0.309016994375,0.951056516295));
#5484 = ( GEOMETRIC_REPRESENTATION_CONTEXT(2) 
PARAMETRIC_REPRESENTATION_CONTEXT() REPRESENTATION_CONTEXT('2D SPACE',''
  ) );
#5485 = PCURVE('',#5486,#5491);
#5486 = PLANE('',#5487);
#5487 = AXIS2_PLACEMENT_3D('',#5488,#5489,#5490);
#5488 = CARTESIAN_POINT('',(-15.62140442219,4.416800033056,-4.));
#5489 = DIRECTION('',(-0.951056516295,0.309016994375,0.));
#5490 = DIRECTION('',(0.309016994375,0.951056516295,0.));
#5491 = DEFINITIONAL_REPRESENTATION('',(#5492),#5496);
#5492 = LINE('',#5493,#5494);
#5493 = CARTESIAN_POINT('',(0.,0.));
#5494 = VECTOR('',#5495,1.);
#5495 = DIRECTION('',(1.,0.));
#5496 = ( GEOMETRIC_REPRESENTATION_CONTEXT(2) 
PARAMETRIC_REPRESENTATION_CONTEXT() REPRESENTATION_CONTEXT('2D SPACE',''
  ) );
#5497 = ORIENTED_EDGE('',*,*,#5498,.T.);
#5498 = EDGE_CURVE('',#5471,#5499,#5501,.T.);
#5499 = VERTEX_POINT('',#5500);
#5500 = CARTESIAN_POINT('',(-14.59012569935,5.741192651711,-4.));
#5501 = SURFACE_CURVE('',#5502,(#5506,#5513),.PCURVE_S1.);
#5502 = LINE('',#5503,#5504);
#5503 = CARTESIAN_POINT('',(-15.23411157531,5.608764851964,-4.));
#5504 = VECTOR('',#5505,1.);
#5505 = DIRECTION('',(0.979504339773,0.201423058179,0.));
#5506 = PCURVE('',#126,#5507);
#5507 = DEFINITIONAL_REPRESENTATION('',(#5508),#5512);
#5508 = LINE('',#5509,#5510);
#5509 = CARTESIAN_POINT('',(15.234111575313,5.608764851964));
#5510 = VECTOR('',#5511,1.);
#5511 = DIRECTION('',(-0.979504339773,0.201423058179));
#5512 = ( GEOMETRIC_REPRESENTATION_CONTEXT(2) 
PARAMETRIC_REPRESENTATION_CONTEXT() REPRESENTATION_CONTEXT('2D SPACE',''
  ) );
#5513 = PCURVE('',#5514,#5519);
#5514 = PLANE('',#5515);
#5515 = AXIS2_PLACEMENT_3D('',#5516,#5517,#5518);
#5516 = CARTESIAN_POINT('',(-15.23411157531,5.608764851964,-4.));
#5517 = DIRECTION('',(-0.201423058179,0.979504339773,0.));
#5518 = DIRECTION('',(0.979504339773,0.201423058179,0.));
#5519 = DEFINITIONAL_REPRESENTATION('',(#5520),#5524);
#5520 = LINE('',#5521,#5522);
#5521 = CARTESIAN_POINT('',(0.,0.));
#5522 = VECTOR('',#5523,1.);
#5523 = DIRECTION('',(1.,0.));
#5524 = ( GEOMETRIC_REPRESENTATION_CONTEXT(2) 
PARAMETRIC_REPRESENTATION_CONTEXT() REPRESENTATION_CONTEXT('2D SPACE',''
  ) );
#5525 = ORIENTED_EDGE('',*,*,#5526,.T.);
#5526 = EDGE_CURVE('',#5499,#5527,#5529,.T.);
#5527 = VERTEX_POINT('',#5528);
#5528 = CARTESIAN_POINT('',(-13.96028933017,5.818549439694,-4.));
#5529 = SURFACE_CURVE('',#5530,(#5534,#5541),.PCURVE_S1.);
#5530 = LINE('',#5531,#5532);
#5531 = CARTESIAN_POINT('',(-14.59012569935,5.741192651711,-4.));
#5532 = VECTOR('',#5533,1.);
#5533 = DIRECTION('',(0.992541841896,0.121904438334,0.));
#5534 = PCURVE('',#126,#5535);
#5535 = DEFINITIONAL_REPRESENTATION('',(#5536),#5540);
#5536 = LINE('',#5537,#5538);
#5537 = CARTESIAN_POINT('',(14.590125699357,5.741192651711));
#5538 = VECTOR('',#5539,1.);
#5539 = DIRECTION('',(-0.992541841896,0.121904438334));
#5540 = ( GEOMETRIC_REPRESENTATION_CONTEXT(2) 
PARAMETRIC_REPRESENTATION_CONTEXT() REPRESENTATION_CONTEXT('2D SPACE',''
  ) );
#5541 = PCURVE('',#5542,#5547);
#5542 = PLANE('',#5543);
#5543 = AXIS2_PLACEMENT_3D('',#5544,#5545,#5546);
#5544 = CARTESIAN_POINT('',(-14.59012569935,5.741192651711,-4.));
#5545 = DIRECTION('',(-0.121904438334,0.992541841896,0.));
#5546 = DIRECTION('',(0.992541841896,0.121904438334,0.));
#5547 = DEFINITIONAL_REPRESENTATION('',(#5548),#5552);
#5548 = LINE('',#5549,#5550);
#5549 = CARTESIAN_POINT('',(0.,0.));
#5550 = VECTOR('',#5551,1.);
#5551 = DIRECTION('',(1.,0.));
#5552 = ( GEOMETRIC_REPRESENTATION_CONTEXT(2) 
PARAMETRIC_REPRESENTATION_CONTEXT() REPRESENTATION_CONTEXT('2D SPACE',''
  ) );
#5553 = ORIENTED_EDGE('',*,*,#5554,.T.);
#5554 = EDGE_CURVE('',#5527,#5555,#5557,.T.);
#5555 = VERTEX_POINT('',#5556);
#5556 = CARTESIAN_POINT('',(-13.34893665794,5.837695871438,-4.));
#5557 = SURFACE_CURVE('',#5558,(#5562,#5569),.PCURVE_S1.);
#5558 = LINE('',#5559,#5560);
#5559 = CARTESIAN_POINT('',(-13.96028933017,5.818549439694,-4.));
#5560 = VECTOR('',#5561,1.);
#5561 = DIRECTION('',(0.999509947354,3.130279763883E-02,0.));
#5562 = PCURVE('',#126,#5563);
#5563 = DEFINITIONAL_REPRESENTATION('',(#5564),#5568);
#5564 = LINE('',#5565,#5566);
#5565 = CARTESIAN_POINT('',(13.960289330171,5.818549439694));
#5566 = VECTOR('',#5567,1.);
#5567 = DIRECTION('',(-0.999509947354,3.130279763883E-02));
#5568 = ( GEOMETRIC_REPRESENTATION_CONTEXT(2) 
PARAMETRIC_REPRESENTATION_CONTEXT() REPRESENTATION_CONTEXT('2D SPACE',''
  ) );
#5569 = PCURVE('',#5570,#5575);
#5570 = PLANE('',#5571);
#5571 = AXIS2_PLACEMENT_3D('',#5572,#5573,#5574);
#5572 = CARTESIAN_POINT('',(-13.96028933017,5.818549439694,-4.));
#5573 = DIRECTION('',(-3.130279763883E-02,0.999509947354,0.));
#5574 = DIRECTION('',(0.999509947354,3.130279763883E-02,0.));
#5575 = DEFINITIONAL_REPRESENTATION('',(#5576),#5580);
#5576 = LINE('',#5577,#5578);
#5577 = CARTESIAN_POINT('',(0.,0.));
#5578 = VECTOR('',#5579,1.);
#5579 = DIRECTION('',(1.,0.));
#5580 = ( GEOMETRIC_REPRESENTATION_CONTEXT(2) 
PARAMETRIC_REPRESENTATION_CONTEXT() REPRESENTATION_CONTEXT('2D SPACE',''
  ) );
#5581 = ORIENTED_EDGE('',*,*,#5582,.T.);
#5582 = EDGE_CURVE('',#5555,#5583,#5585,.T.);
#5583 = VERTEX_POINT('',#5584);
#5584 = CARTESIAN_POINT('',(-12.76206526243,5.791854011237,-4.));
#5585 = SURFACE_CURVE('',#5586,(#5590,#5597),.PCURVE_S1.);
#5586 = LINE('',#5587,#5588);
#5587 = CARTESIAN_POINT('',(-13.34893665794,5.837695871438,-4.));
#5588 = VECTOR('',#5589,1.);
#5589 = DIRECTION('',(0.99696312633,-7.787505850962E-02,0.));
#5590 = PCURVE('',#126,#5591);
#5591 = DEFINITIONAL_REPRESENTATION('',(#5592),#5596);
#5592 = LINE('',#5593,#5594);
#5593 = CARTESIAN_POINT('',(13.348936657945,5.837695871438));
#5594 = VECTOR('',#5595,1.);
#5595 = DIRECTION('',(-0.99696312633,-7.787505850962E-02));
#5596 = ( GEOMETRIC_REPRESENTATION_CONTEXT(2) 
PARAMETRIC_REPRESENTATION_CONTEXT() REPRESENTATION_CONTEXT('2D SPACE',''
  ) );
#5597 = PCURVE('',#5598,#5603);
#5598 = PLANE('',#5599);
#5599 = AXIS2_PLACEMENT_3D('',#5600,#5601,#5602);
#5600 = CARTESIAN_POINT('',(-13.34893665794,5.837695871438,-4.));
#5601 = DIRECTION('',(7.787505850962E-02,0.99696312633,-0.));
#5602 = DIRECTION('',(0.99696312633,-7.787505850962E-02,0.));
#5603 = DEFINITIONAL_REPRESENTATION('',(#5604),#5608);
#5604 = LINE('',#5605,#5606);
#5605 = CARTESIAN_POINT('',(0.,0.));
#5606 = VECTOR('',#5607,1.);
#5607 = DIRECTION('',(1.,0.));
#5608 = ( GEOMETRIC_REPRESENTATION_CONTEXT(2) 
PARAMETRIC_REPRESENTATION_CONTEXT() REPRESENTATION_CONTEXT('2D SPACE',''
  ) );
#5609 = ORIENTED_EDGE('',*,*,#5610,.T.);
#5610 = EDGE_CURVE('',#5583,#5611,#5613,.T.);
#5611 = VERTEX_POINT('',#5612);
#5612 = CARTESIAN_POINT('',(-12.21345803836,5.657373728478,-4.));
#5613 = SURFACE_CURVE('',#5614,(#5618,#5625),.PCURVE_S1.);
#5614 = LINE('',#5615,#5616);
#5615 = CARTESIAN_POINT('',(-12.76206526243,5.791854011237,-4.));
#5616 = VECTOR('',#5617,1.);
#5617 = DIRECTION('',(0.971245139544,-0.238081664377,0.));
#5618 = PCURVE('',#126,#5619);
#5619 = DEFINITIONAL_REPRESENTATION('',(#5620),#5624);
#5620 = LINE('',#5621,#5622);
#5621 = CARTESIAN_POINT('',(12.76206526243,5.791854011237));
#5622 = VECTOR('',#5623,1.);
#5623 = DIRECTION('',(-0.971245139544,-0.238081664377));
#5624 = ( GEOMETRIC_REPRESENTATION_CONTEXT(2) 
PARAMETRIC_REPRESENTATION_CONTEXT() REPRESENTATION_CONTEXT('2D SPACE',''
  ) );
#5625 = PCURVE('',#5626,#5631);
#5626 = PLANE('',#5627);
#5627 = AXIS2_PLACEMENT_3D('',#5628,#5629,#5630);
#5628 = CARTESIAN_POINT('',(-12.76206526243,5.791854011237,-4.));
#5629 = DIRECTION('',(0.238081664377,0.971245139544,-0.));
#5630 = DIRECTION('',(0.971245139544,-0.238081664377,0.));
#5631 = DEFINITIONAL_REPRESENTATION('',(#5632),#5636);
#5632 = LINE('',#5633,#5634);
#5633 = CARTESIAN_POINT('',(0.,0.));
#5634 = VECTOR('',#5635,1.);
#5635 = DIRECTION('',(1.,0.));
#5636 = ( GEOMETRIC_REPRESENTATION_CONTEXT(2) 
PARAMETRIC_REPRESENTATION_CONTEXT() REPRESENTATION_CONTEXT('2D SPACE',''
  ) );
#5637 = ORIENTED_EDGE('',*,*,#5638,.T.);
#5638 = EDGE_CURVE('',#5611,#5639,#5641,.T.);
#5639 = VERTEX_POINT('',#5640);
#5640 = CARTESIAN_POINT('',(-10.83107547457,5.017042810362,-4.));
#5641 = SURFACE_CURVE('',#5642,(#5646,#5653),.PCURVE_S1.);
#5642 = LINE('',#5643,#5644);
#5643 = CARTESIAN_POINT('',(-12.21345803836,5.657373728478,-4.));
#5644 = VECTOR('',#5645,1.);
#5645 = DIRECTION('',(0.907382057104,-0.420306795621,0.));
#5646 = PCURVE('',#126,#5647);
#5647 = DEFINITIONAL_REPRESENTATION('',(#5648),#5652);
#5648 = LINE('',#5649,#5650);
#5649 = CARTESIAN_POINT('',(12.213458038365,5.657373728478));
#5650 = VECTOR('',#5651,1.);
#5651 = DIRECTION('',(-0.907382057104,-0.420306795621));
#5652 = ( GEOMETRIC_REPRESENTATION_CONTEXT(2) 
PARAMETRIC_REPRESENTATION_CONTEXT() REPRESENTATION_CONTEXT('2D SPACE',''
  ) );
#5653 = PCURVE('',#5654,#5659);
#5654 = PLANE('',#5655);
#5655 = AXIS2_PLACEMENT_3D('',#5656,#5657,#5658);
#5656 = CARTESIAN_POINT('',(-12.21345803836,5.657373728478,-4.));
#5657 = DIRECTION('',(0.420306795621,0.907382057104,-0.));
#5658 = DIRECTION('',(0.907382057104,-0.420306795621,0.));
#5659 = DEFINITIONAL_REPRESENTATION('',(#5660),#5664);
#5660 = LINE('',#5661,#5662);
#5661 = CARTESIAN_POINT('',(0.,0.));
#5662 = VECTOR('',#5663,1.);
#5663 = DIRECTION('',(1.,0.));
#5664 = ( GEOMETRIC_REPRESENTATION_CONTEXT(2) 
PARAMETRIC_REPRESENTATION_CONTEXT() REPRESENTATION_CONTEXT('2D SPACE',''
  ) );
#5665 = ORIENTED_EDGE('',*,*,#5666,.T.);
#5666 = EDGE_CURVE('',#5639,#5667,#5669,.T.);
#5667 = VERTEX_POINT('',#5668);
#5668 = CARTESIAN_POINT('',(-10.33741678915,5.968310365946,-4.));
#5669 = SURFACE_CURVE('',#5670,(#5674,#5681),.PCURVE_S1.);
#5670 = LINE('',#5671,#5672);
#5671 = CARTESIAN_POINT('',(-10.83107547457,5.017042810362,-4.));
#5672 = VECTOR('',#5673,1.);
#5673 = DIRECTION('',(0.460617783753,0.88759859018,0.));
#5674 = PCURVE('',#126,#5675);
#5675 = DEFINITIONAL_REPRESENTATION('',(#5676),#5680);
#5676 = LINE('',#5677,#5678);
#5677 = CARTESIAN_POINT('',(10.831075474579,5.017042810362));
#5678 = VECTOR('',#5679,1.);
#5679 = DIRECTION('',(-0.460617783753,0.88759859018));
#5680 = ( GEOMETRIC_REPRESENTATION_CONTEXT(2) 
PARAMETRIC_REPRESENTATION_CONTEXT() REPRESENTATION_CONTEXT('2D SPACE',''
  ) );
#5681 = PCURVE('',#5682,#5687);
#5682 = PLANE('',#5683);
#5683 = AXIS2_PLACEMENT_3D('',#5684,#5685,#5686);
#5684 = CARTESIAN_POINT('',(-10.83107547457,5.017042810362,-4.));
#5685 = DIRECTION('',(-0.88759859018,0.460617783753,0.));
#5686 = DIRECTION('',(0.460617783753,0.88759859018,0.));
#5687 = DEFINITIONAL_REPRESENTATION('',(#5688),#5692);
#5688 = LINE('',#5689,#5690);
#5689 = CARTESIAN_POINT('',(0.,0.));
#5690 = VECTOR('',#5691,1.);
#5691 = DIRECTION('',(1.,0.));
#5692 = ( GEOMETRIC_REPRESENTATION_CONTEXT(2) 
PARAMETRIC_REPRESENTATION_CONTEXT() REPRESENTATION_CONTEXT('2D SPACE',''
  ) );
#5693 = ORIENTED_EDGE('',*,*,#5694,.T.);
#5694 = EDGE_CURVE('',#5667,#5695,#5697,.T.);
#5695 = VERTEX_POINT('',#5696);
#5696 = CARTESIAN_POINT('',(-9.760424262938,6.871465106111,-4.));
#5697 = SURFACE_CURVE('',#5698,(#5702,#5709),.PCURVE_S1.);
#5698 = LINE('',#5699,#5700);
#5699 = CARTESIAN_POINT('',(-10.33741678915,5.968310365946,-4.));
#5700 = VECTOR('',#5701,1.);
#5701 = DIRECTION('',(0.538374035583,0.842705997256,0.));
#5702 = PCURVE('',#126,#5703);
#5703 = DEFINITIONAL_REPRESENTATION('',(#5704),#5708);
#5704 = LINE('',#5705,#5706);
#5705 = CARTESIAN_POINT('',(10.337416789159,5.968310365946));
#5706 = VECTOR('',#5707,1.);
#5707 = DIRECTION('',(-0.538374035583,0.842705997256));
#5708 = ( GEOMETRIC_REPRESENTATION_CONTEXT(2) 
PARAMETRIC_REPRESENTATION_CONTEXT() REPRESENTATION_CONTEXT('2D SPACE',''
  ) );
#5709 = PCURVE('',#5710,#5715);
#5710 = PLANE('',#5711);
#5711 = AXIS2_PLACEMENT_3D('',#5712,#5713,#5714);
#5712 = CARTESIAN_POINT('',(-10.33741678915,5.968310365946,-4.));
#5713 = DIRECTION('',(-0.842705997256,0.538374035583,0.));
#5714 = DIRECTION('',(0.538374035583,0.842705997256,0.));
#5715 = DEFINITIONAL_REPRESENTATION('',(#5716),#5720);
#5716 = LINE('',#5717,#5718);
#5717 = CARTESIAN_POINT('',(0.,0.));
#5718 = VECTOR('',#5719,1.);
#5719 = DIRECTION('',(1.,0.));
#5720 = ( GEOMETRIC_REPRESENTATION_CONTEXT(2) 
PARAMETRIC_REPRESENTATION_CONTEXT() REPRESENTATION_CONTEXT('2D SPACE',''
  ) );
#5721 = ORIENTED_EDGE('',*,*,#5722,.T.);
#5722 = EDGE_CURVE('',#5695,#5723,#5725,.T.);
#5723 = VERTEX_POINT('',#5724);
#5724 = CARTESIAN_POINT('',(-11.00615838674,7.74847806504,-4.));
#5725 = SURFACE_CURVE('',#5726,(#5730,#5737),.PCURVE_S1.);
#5726 = LINE('',#5727,#5728);
#5727 = CARTESIAN_POINT('',(-9.760424262938,6.871465106111,-4.));
#5728 = VECTOR('',#5729,1.);
#5729 = DIRECTION('',(-0.817687390943,0.57566251458,0.));
#5730 = PCURVE('',#126,#5731);
#5731 = DEFINITIONAL_REPRESENTATION('',(#5732),#5736);
#5732 = LINE('',#5733,#5734);
#5733 = CARTESIAN_POINT('',(9.760424262938,6.871465106111));
#5734 = VECTOR('',#5735,1.);
#5735 = DIRECTION('',(0.817687390943,0.57566251458));
#5736 = ( GEOMETRIC_REPRESENTATION_CONTEXT(2) 
PARAMETRIC_REPRESENTATION_CONTEXT() REPRESENTATION_CONTEXT('2D SPACE',''
  ) );
#5737 = PCURVE('',#5738,#5743);
#5738 = PLANE('',#5739);
#5739 = AXIS2_PLACEMENT_3D('',#5740,#5741,#5742);
#5740 = CARTESIAN_POINT('',(-9.760424262938,6.871465106111,-4.));
#5741 = DIRECTION('',(-0.57566251458,-0.817687390943,0.));
#5742 = DIRECTION('',(-0.817687390943,0.57566251458,0.));
#5743 = DEFINITIONAL_REPRESENTATION('',(#5744),#5748);
#5744 = LINE('',#5745,#5746);
#5745 = CARTESIAN_POINT('',(0.,0.));
#5746 = VECTOR('',#5747,1.);
#5747 = DIRECTION('',(1.,0.));
#5748 = ( GEOMETRIC_REPRESENTATION_CONTEXT(2) 
PARAMETRIC_REPRESENTATION_CONTEXT() REPRESENTATION_CONTEXT('2D SPACE',''
  ) );
#5749 = ORIENTED_EDGE('',*,*,#5750,.T.);
#5750 = EDGE_CURVE('',#5723,#5751,#5753,.T.);
#5751 = VERTEX_POINT('',#5752);
#5752 = CARTESIAN_POINT('',(-11.39692533995,8.156345716401,-4.));
#5753 = SURFACE_CURVE('',#5754,(#5758,#5765),.PCURVE_S1.);
#5754 = LINE('',#5755,#5756);
#5755 = CARTESIAN_POINT('',(-11.00615838674,7.74847806504,-4.));
#5756 = VECTOR('',#5757,1.);
#5757 = DIRECTION('',(-0.691807339297,0.722082131959,0.));
#5758 = PCURVE('',#126,#5759);
#5759 = DEFINITIONAL_REPRESENTATION('',(#5760),#5764);
#5760 = LINE('',#5761,#5762);
#5761 = CARTESIAN_POINT('',(11.006158386747,7.74847806504));
#5762 = VECTOR('',#5763,1.);
#5763 = DIRECTION('',(0.691807339297,0.722082131959));
#5764 = ( GEOMETRIC_REPRESENTATION_CONTEXT(2) 
PARAMETRIC_REPRESENTATION_CONTEXT() REPRESENTATION_CONTEXT('2D SPACE',''
  ) );
#5765 = PCURVE('',#5766,#5771);
#5766 = PLANE('',#5767);
#5767 = AXIS2_PLACEMENT_3D('',#5768,#5769,#5770);
#5768 = CARTESIAN_POINT('',(-11.00615838674,7.74847806504,-4.));
#5769 = DIRECTION('',(-0.722082131959,-0.691807339297,0.));
#5770 = DIRECTION('',(-0.691807339297,0.722082131959,0.));
#5771 = DEFINITIONAL_REPRESENTATION('',(#5772),#5776);
#5772 = LINE('',#5773,#5774);
#5773 = CARTESIAN_POINT('',(0.,0.));
#5774 = VECTOR('',#5775,1.);
#5775 = DIRECTION('',(1.,0.));
#5776 = ( GEOMETRIC_REPRESENTATION_CONTEXT(2) 
PARAMETRIC_REPRESENTATION_CONTEXT() REPRESENTATION_CONTEXT('2D SPACE',''
  ) );
#5777 = ORIENTED_EDGE('',*,*,#5778,.T.);
#5778 = EDGE_CURVE('',#5751,#5779,#5781,.T.);
#5779 = VERTEX_POINT('',#5780);
#5780 = CARTESIAN_POINT('',(-11.7300612532,8.64167032357,-4.));
#5781 = SURFACE_CURVE('',#5782,(#5786,#5793),.PCURVE_S1.);
#5782 = LINE('',#5783,#5784);
#5783 = CARTESIAN_POINT('',(-11.39692533995,8.156345716401,-4.));
#5784 = VECTOR('',#5785,1.);
#5785 = DIRECTION('',(-0.565923342156,0.824457864784,0.));
#5786 = PCURVE('',#126,#5787);
#5787 = DEFINITIONAL_REPRESENTATION('',(#5788),#5792);
#5788 = LINE('',#5789,#5790);
#5789 = CARTESIAN_POINT('',(11.396925339957,8.156345716401));
#5790 = VECTOR('',#5791,1.);
#5791 = DIRECTION('',(0.565923342156,0.824457864784));
#5792 = ( GEOMETRIC_REPRESENTATION_CONTEXT(2) 
PARAMETRIC_REPRESENTATION_CONTEXT() REPRESENTATION_CONTEXT('2D SPACE',''
  ) );
#5793 = PCURVE('',#5794,#5799);
#5794 = PLANE('',#5795);
#5795 = AXIS2_PLACEMENT_3D('',#5796,#5797,#5798);
#5796 = CARTESIAN_POINT('',(-11.39692533995,8.156345716401,-4.));
#5797 = DIRECTION('',(-0.824457864784,-0.565923342156,0.));
#5798 = DIRECTION('',(-0.565923342156,0.824457864784,0.));
#5799 = DEFINITIONAL_REPRESENTATION('',(#5800),#5804);
#5800 = LINE('',#5801,#5802);
#5801 = CARTESIAN_POINT('',(0.,0.));
#5802 = VECTOR('',#5803,1.);
#5803 = DIRECTION('',(1.,0.));
#5804 = ( GEOMETRIC_REPRESENTATION_CONTEXT(2) 
PARAMETRIC_REPRESENTATION_CONTEXT() REPRESENTATION_CONTEXT('2D SPACE',''
  ) );
#5805 = ORIENTED_EDGE('',*,*,#5806,.T.);
#5806 = EDGE_CURVE('',#5779,#5807,#5809,.T.);
#5807 = VERTEX_POINT('',#5808);
#5808 = CARTESIAN_POINT('',(-12.01915629303,9.180690484262,-4.));
#5809 = SURFACE_CURVE('',#5810,(#5814,#5821),.PCURVE_S1.);
#5810 = LINE('',#5811,#5812);
#5811 = CARTESIAN_POINT('',(-11.7300612532,8.64167032357,-4.));
#5812 = VECTOR('',#5813,1.);
#5813 = DIRECTION('',(-0.472645955712,0.881252404563,0.));
#5814 = PCURVE('',#126,#5815);
#5815 = DEFINITIONAL_REPRESENTATION('',(#5816),#5820);
#5816 = LINE('',#5817,#5818);
#5817 = CARTESIAN_POINT('',(11.730061253206,8.64167032357));
#5818 = VECTOR('',#5819,1.);
#5819 = DIRECTION('',(0.472645955712,0.881252404563));
#5820 = ( GEOMETRIC_REPRESENTATION_CONTEXT(2) 
PARAMETRIC_REPRESENTATION_CONTEXT() REPRESENTATION_CONTEXT('2D SPACE',''
  ) );
#5821 = PCURVE('',#5822,#5827);
#5822 = PLANE('',#5823);
#5823 = AXIS2_PLACEMENT_3D('',#5824,#5825,#5826);
#5824 = CARTESIAN_POINT('',(-11.7300612532,8.64167032357,-4.));
#5825 = DIRECTION('',(-0.881252404563,-0.472645955712,0.));
#5826 = DIRECTION('',(-0.472645955712,0.881252404563,0.));
#5827 = DEFINITIONAL_REPRESENTATION('',(#5828),#5832);
#5828 = LINE('',#5829,#5830);
#5829 = CARTESIAN_POINT('',(0.,0.));
#5830 = VECTOR('',#5831,1.);
#5831 = DIRECTION('',(1.,0.));
#5832 = ( GEOMETRIC_REPRESENTATION_CONTEXT(2) 
PARAMETRIC_REPRESENTATION_CONTEXT() REPRESENTATION_CONTEXT('2D SPACE',''
  ) );
#5833 = ORIENTED_EDGE('',*,*,#5834,.T.);
#5834 = EDGE_CURVE('',#5807,#5835,#5837,.T.);
#5835 = VERTEX_POINT('',#5836);
#5836 = CARTESIAN_POINT('',(-12.26708153408,9.764823174196,-4.));
#5837 = SURFACE_CURVE('',#5838,(#5842,#5849),.PCURVE_S1.);
#5838 = LINE('',#5839,#5840);
#5839 = CARTESIAN_POINT('',(-12.01915629303,9.180690484262,-4.));
#5840 = VECTOR('',#5841,1.);
#5841 = DIRECTION('',(-0.390698580517,0.920518668568,0.));
#5842 = PCURVE('',#126,#5843);
#5843 = DEFINITIONAL_REPRESENTATION('',(#5844),#5848);
#5844 = LINE('',#5845,#5846);
#5845 = CARTESIAN_POINT('',(12.019156293037,9.180690484262));
#5846 = VECTOR('',#5847,1.);
#5847 = DIRECTION('',(0.390698580517,0.920518668568));
#5848 = ( GEOMETRIC_REPRESENTATION_CONTEXT(2) 
PARAMETRIC_REPRESENTATION_CONTEXT() REPRESENTATION_CONTEXT('2D SPACE',''
  ) );
#5849 = PCURVE('',#5850,#5855);
#5850 = PLANE('',#5851);
#5851 = AXIS2_PLACEMENT_3D('',#5852,#5853,#5854);
#5852 = CARTESIAN_POINT('',(-12.01915629303,9.180690484262,-4.));
#5853 = DIRECTION('',(-0.920518668568,-0.390698580517,0.));
#5854 = DIRECTION('',(-0.390698580517,0.920518668568,0.));
#5855 = DEFINITIONAL_REPRESENTATION('',(#5856),#5860);
#5856 = LINE('',#5857,#5858);
#5857 = CARTESIAN_POINT('',(0.,0.));
#5858 = VECTOR('',#5859,1.);
#5859 = DIRECTION('',(1.,0.));
#5860 = ( GEOMETRIC_REPRESENTATION_CONTEXT(2) 
PARAMETRIC_REPRESENTATION_CONTEXT() REPRESENTATION_CONTEXT('2D SPACE',''
  ) );
#5861 = ORIENTED_EDGE('',*,*,#5862,.T.);
#5862 = EDGE_CURVE('',#5835,#5863,#5865,.T.);
#5863 = VERTEX_POINT('',#5864);
#5864 = CARTESIAN_POINT('',(-12.47438863331,10.388745202326,-4.));
#5865 = SURFACE_CURVE('',#5866,(#5870,#5877),.PCURVE_S1.);
#5866 = LINE('',#5867,#5868);
#5867 = CARTESIAN_POINT('',(-12.26708153408,9.764823174196,-4.));
#5868 = VECTOR('',#5869,1.);
#5869 = DIRECTION('',(-0.315314684595,0.94898717045,0.));
#5870 = PCURVE('',#126,#5871);
#5871 = DEFINITIONAL_REPRESENTATION('',(#5872),#5876);
#5872 = LINE('',#5873,#5874);
#5873 = CARTESIAN_POINT('',(12.267081534081,9.764823174196));
#5874 = VECTOR('',#5875,1.);
#5875 = DIRECTION('',(0.315314684595,0.94898717045));
#5876 = ( GEOMETRIC_REPRESENTATION_CONTEXT(2) 
PARAMETRIC_REPRESENTATION_CONTEXT() REPRESENTATION_CONTEXT('2D SPACE',''
  ) );
#5877 = PCURVE('',#5878,#5883);
#5878 = PLANE('',#5879);
#5879 = AXIS2_PLACEMENT_3D('',#5880,#5881,#5882);
#5880 = CARTESIAN_POINT('',(-12.26708153408,9.764823174196,-4.));
#5881 = DIRECTION('',(-0.94898717045,-0.315314684595,0.));
#5882 = DIRECTION('',(-0.315314684595,0.94898717045,0.));
#5883 = DEFINITIONAL_REPRESENTATION('',(#5884),#5888);
#5884 = LINE('',#5885,#5886);
#5885 = CARTESIAN_POINT('',(0.,0.));
#5886 = VECTOR('',#5887,1.);
#5887 = DIRECTION('',(1.,0.));
#5888 = ( GEOMETRIC_REPRESENTATION_CONTEXT(2) 
PARAMETRIC_REPRESENTATION_CONTEXT() REPRESENTATION_CONTEXT('2D SPACE',''
  ) );
#5889 = ORIENTED_EDGE('',*,*,#5890,.T.);
#5890 = EDGE_CURVE('',#5863,#5891,#5893,.T.);
#5891 = VERTEX_POINT('',#5892);
#5892 = CARTESIAN_POINT('',(-11.63576324315,11.320133055882,-4.));
#5893 = SURFACE_CURVE('',#5894,(#5898,#5905),.PCURVE_S1.);
#5894 = LINE('',#5895,#5896);
#5895 = CARTESIAN_POINT('',(-12.47438863331,10.388745202326,-4.));
#5896 = VECTOR('',#5897,1.);
#5897 = DIRECTION('',(0.669130606359,0.743144825477,0.));
#5898 = PCURVE('',#126,#5899);
#5899 = DEFINITIONAL_REPRESENTATION('',(#5900),#5904);
#5900 = LINE('',#5901,#5902);
#5901 = CARTESIAN_POINT('',(12.47438863331,10.388745202326));
#5902 = VECTOR('',#5903,1.);
#5903 = DIRECTION('',(-0.669130606359,0.743144825477));
#5904 = ( GEOMETRIC_REPRESENTATION_CONTEXT(2) 
PARAMETRIC_REPRESENTATION_CONTEXT() REPRESENTATION_CONTEXT('2D SPACE',''
  ) );
#5905 = PCURVE('',#5906,#5911);
#5906 = PLANE('',#5907);
#5907 = AXIS2_PLACEMENT_3D('',#5908,#5909,#5910);
#5908 = CARTESIAN_POINT('',(-12.47438863331,10.388745202326,-4.));
#5909 = DIRECTION('',(-0.743144825477,0.669130606359,0.));
#5910 = DIRECTION('',(0.669130606359,0.743144825477,0.));
#5911 = DEFINITIONAL_REPRESENTATION('',(#5912),#5916);
#5912 = LINE('',#5913,#5914);
#5913 = CARTESIAN_POINT('',(0.,0.));
#5914 = VECTOR('',#5915,1.);
#5915 = DIRECTION('',(1.,0.));
#5916 = ( GEOMETRIC_REPRESENTATION_CONTEXT(2) 
PARAMETRIC_REPRESENTATION_CONTEXT() REPRESENTATION_CONTEXT('2D SPACE',''
  ) );
#5917 = ORIENTED_EDGE('',*,*,#5918,.T.);
#5918 = EDGE_CURVE('',#5891,#5919,#5921,.T.);
#5919 = VERTEX_POINT('',#5920);
#5920 = CARTESIAN_POINT('',(-10.99358963267,11.179179217432,-4.));
#5921 = SURFACE_CURVE('',#5922,(#5926,#5933),.PCURVE_S1.);
#5922 = LINE('',#5923,#5924);
#5923 = CARTESIAN_POINT('',(-11.63576324315,11.320133055882,-4.));
#5924 = VECTOR('',#5925,1.);
#5925 = DIRECTION('',(0.976747878863,-0.214391187173,0.));
#5926 = PCURVE('',#126,#5927);
#5927 = DEFINITIONAL_REPRESENTATION('',(#5928),#5932);
#5928 = LINE('',#5929,#5930);
#5929 = CARTESIAN_POINT('',(11.635763243159,11.320133055882));
#5930 = VECTOR('',#5931,1.);
#5931 = DIRECTION('',(-0.976747878863,-0.214391187173));
#5932 = ( GEOMETRIC_REPRESENTATION_CONTEXT(2) 
PARAMETRIC_REPRESENTATION_CONTEXT() REPRESENTATION_CONTEXT('2D SPACE',''
  ) );
#5933 = PCURVE('',#5934,#5939);
#5934 = PLANE('',#5935);
#5935 = AXIS2_PLACEMENT_3D('',#5936,#5937,#5938);
#5936 = CARTESIAN_POINT('',(-11.63576324315,11.320133055882,-4.));
#5937 = DIRECTION('',(0.214391187173,0.976747878863,-0.));
#5938 = DIRECTION('',(0.976747878863,-0.214391187173,0.));
#5939 = DEFINITIONAL_REPRESENTATION('',(#5940),#5944);
#5940 = LINE('',#5941,#5942);
#5941 = CARTESIAN_POINT('',(0.,0.));
#5942 = VECTOR('',#5943,1.);
#5943 = DIRECTION('',(1.,0.));
#5944 = ( GEOMETRIC_REPRESENTATION_CONTEXT(2) 
PARAMETRIC_REPRESENTATION_CONTEXT() REPRESENTATION_CONTEXT('2D SPACE',''
  ) );
#5945 = ORIENTED_EDGE('',*,*,#5946,.T.);
#5946 = EDGE_CURVE('',#5919,#5947,#5949,.T.);
#5947 = VERTEX_POINT('',#5948);
#5948 = CARTESIAN_POINT('',(-10.38674163828,10.993670629222,-4.));
#5949 = SURFACE_CURVE('',#5950,(#5954,#5961),.PCURVE_S1.);
#5950 = LINE('',#5951,#5952);
#5951 = CARTESIAN_POINT('',(-10.99358963267,11.179179217432,-4.));
#5952 = VECTOR('',#5953,1.);
#5953 = DIRECTION('',(0.956315093208,-0.292337890978,0.));
#5954 = PCURVE('',#126,#5955);
#5955 = DEFINITIONAL_REPRESENTATION('',(#5956),#5960);
#5956 = LINE('',#5957,#5958);
#5957 = CARTESIAN_POINT('',(10.993589632674,11.179179217432));
#5958 = VECTOR('',#5959,1.);
#5959 = DIRECTION('',(-0.956315093208,-0.292337890978));
#5960 = ( GEOMETRIC_REPRESENTATION_CONTEXT(2) 
PARAMETRIC_REPRESENTATION_CONTEXT() REPRESENTATION_CONTEXT('2D SPACE',''
  ) );
#5961 = PCURVE('',#5962,#5967);
#5962 = PLANE('',#5963);
#5963 = AXIS2_PLACEMENT_3D('',#5964,#5965,#5966);
#5964 = CARTESIAN_POINT('',(-10.99358963267,11.179179217432,-4.));
#5965 = DIRECTION('',(0.292337890978,0.956315093208,-0.));
#5966 = DIRECTION('',(0.956315093208,-0.292337890978,0.));
#5967 = DEFINITIONAL_REPRESENTATION('',(#5968),#5972);
#5968 = LINE('',#5969,#5970);
#5969 = CARTESIAN_POINT('',(0.,0.));
#5970 = VECTOR('',#5971,1.);
#5971 = DIRECTION('',(1.,0.));
#5972 = ( GEOMETRIC_REPRESENTATION_CONTEXT(2) 
PARAMETRIC_REPRESENTATION_CONTEXT() REPRESENTATION_CONTEXT('2D SPACE',''
  ) );
#5973 = ORIENTED_EDGE('',*,*,#5974,.T.);
#5974 = EDGE_CURVE('',#5947,#5975,#5977,.T.);
#5975 = VERTEX_POINT('',#5976);
#5976 = CARTESIAN_POINT('',(-9.820455626178,10.762502231336,-4.));
#5977 = SURFACE_CURVE('',#5978,(#5982,#5989),.PCURVE_S1.);
#5978 = LINE('',#5979,#5980);
#5979 = CARTESIAN_POINT('',(-10.38674163828,10.993670629222,-4.));
#5980 = VECTOR('',#5981,1.);
#5981 = DIRECTION('',(0.925829767105,-0.377940792113,0.));
#5982 = PCURVE('',#126,#5983);
#5983 = DEFINITIONAL_REPRESENTATION('',(#5984),#5988);
#5984 = LINE('',#5985,#5986);
#5985 = CARTESIAN_POINT('',(10.386741638283,10.993670629222));
#5986 = VECTOR('',#5987,1.);
#5987 = DIRECTION('',(-0.925829767105,-0.377940792113));
#5988 = ( GEOMETRIC_REPRESENTATION_CONTEXT(2) 
PARAMETRIC_REPRESENTATION_CONTEXT() REPRESENTATION_CONTEXT('2D SPACE',''
  ) );
#5989 = PCURVE('',#5990,#5995);
#5990 = PLANE('',#5991);
#5991 = AXIS2_PLACEMENT_3D('',#5992,#5993,#5994);
#5992 = CARTESIAN_POINT('',(-10.38674163828,10.993670629222,-4.));
#5993 = DIRECTION('',(0.377940792113,0.925829767105,-0.));
#5994 = DIRECTION('',(0.925829767105,-0.377940792113,0.));
#5995 = DEFINITIONAL_REPRESENTATION('',(#5996),#6000);
#5996 = LINE('',#5997,#5998);
#5997 = CARTESIAN_POINT('',(0.,0.));
#5998 = VECTOR('',#5999,1.);
#5999 = DIRECTION('',(1.,0.));
#6000 = ( GEOMETRIC_REPRESENTATION_CONTEXT(2) 
PARAMETRIC_REPRESENTATION_CONTEXT() REPRESENTATION_CONTEXT('2D SPACE',''
  ) );
#6001 = ORIENTED_EDGE('',*,*,#6002,.T.);
#6002 = EDGE_CURVE('',#5975,#6003,#6005,.T.);
#6003 = VERTEX_POINT('',#6004);
#6004 = CARTESIAN_POINT('',(-9.302967492916,10.48192150685,-4.));
#6005 = SURFACE_CURVE('',#6006,(#6010,#6017),.PCURVE_S1.);
#6006 = LINE('',#6007,#6008);
#6007 = CARTESIAN_POINT('',(-9.820455626178,10.762502231336,-4.));
#6008 = VECTOR('',#6009,1.);
#6009 = DIRECTION('',(0.879096495619,-0.476643841239,0.));
#6010 = PCURVE('',#126,#6011);
#6011 = DEFINITIONAL_REPRESENTATION('',(#6012),#6016);
#6012 = LINE('',#6013,#6014);
#6013 = CARTESIAN_POINT('',(9.820455626178,10.762502231336));
#6014 = VECTOR('',#6015,1.);
#6015 = DIRECTION('',(-0.879096495619,-0.476643841239));
#6016 = ( GEOMETRIC_REPRESENTATION_CONTEXT(2) 
PARAMETRIC_REPRESENTATION_CONTEXT() REPRESENTATION_CONTEXT('2D SPACE',''
  ) );
#6017 = PCURVE('',#6018,#6023);
#6018 = PLANE('',#6019);
#6019 = AXIS2_PLACEMENT_3D('',#6020,#6021,#6022);
#6020 = CARTESIAN_POINT('',(-9.820455626178,10.762502231336,-4.));
#6021 = DIRECTION('',(0.476643841239,0.879096495619,-0.));
#6022 = DIRECTION('',(0.879096495619,-0.476643841239,0.));
#6023 = DEFINITIONAL_REPRESENTATION('',(#6024),#6028);
#6024 = LINE('',#6025,#6026);
#6025 = CARTESIAN_POINT('',(0.,0.));
#6026 = VECTOR('',#6027,1.);
#6027 = DIRECTION('',(1.,0.));
#6028 = ( GEOMETRIC_REPRESENTATION_CONTEXT(2) 
PARAMETRIC_REPRESENTATION_CONTEXT() REPRESENTATION_CONTEXT('2D SPACE',''
  ) );
#6029 = ORIENTED_EDGE('',*,*,#6030,.T.);
#6030 = EDGE_CURVE('',#6003,#6031,#6033,.T.);
#6031 = VERTEX_POINT('',#6032);
#6032 = CARTESIAN_POINT('',(-8.85648791411,10.135928994709,-4.));
#6033 = SURFACE_CURVE('',#6034,(#6038,#6045),.PCURVE_S1.);
#6034 = LINE('',#6035,#6036);
#6035 = CARTESIAN_POINT('',(-9.302967492916,10.48192150685,-4.));
#6036 = VECTOR('',#6037,1.);
#6037 = DIRECTION('',(0.790440048541,-0.612539410701,0.));
#6038 = PCURVE('',#126,#6039);
#6039 = DEFINITIONAL_REPRESENTATION('',(#6040),#6044);
#6040 = LINE('',#6041,#6042);
#6041 = CARTESIAN_POINT('',(9.302967492916,10.48192150685));
#6042 = VECTOR('',#6043,1.);
#6043 = DIRECTION('',(-0.790440048541,-0.612539410701));
#6044 = ( GEOMETRIC_REPRESENTATION_CONTEXT(2) 
PARAMETRIC_REPRESENTATION_CONTEXT() REPRESENTATION_CONTEXT('2D SPACE',''
  ) );
#6045 = PCURVE('',#6046,#6051);
#6046 = PLANE('',#6047);
#6047 = AXIS2_PLACEMENT_3D('',#6048,#6049,#6050);
#6048 = CARTESIAN_POINT('',(-9.302967492916,10.48192150685,-4.));
#6049 = DIRECTION('',(0.612539410701,0.790440048541,-0.));
#6050 = DIRECTION('',(0.790440048541,-0.612539410701,0.));
#6051 = DEFINITIONAL_REPRESENTATION('',(#6052),#6056);
#6052 = LINE('',#6053,#6054);
#6053 = CARTESIAN_POINT('',(0.,0.));
#6054 = VECTOR('',#6055,1.);
#6055 = DIRECTION('',(1.,0.));
#6056 = ( GEOMETRIC_REPRESENTATION_CONTEXT(2) 
PARAMETRIC_REPRESENTATION_CONTEXT() REPRESENTATION_CONTEXT('2D SPACE',''
  ) );
#6057 = ORIENTED_EDGE('',*,*,#6058,.T.);
#6058 = EDGE_CURVE('',#6031,#6059,#6061,.T.);
#6059 = VERTEX_POINT('',#6060);
#6060 = CARTESIAN_POINT('',(-7.854064650331,8.988691949636,-4.));
#6061 = SURFACE_CURVE('',#6062,(#6066,#6073),.PCURVE_S1.);
#6062 = LINE('',#6063,#6064);
#6063 = CARTESIAN_POINT('',(-8.85648791411,10.135928994709,-4.));
#6064 = VECTOR('',#6065,1.);
#6065 = DIRECTION('',(0.657980581501,-0.75303489585,0.));
#6066 = PCURVE('',#126,#6067);
#6067 = DEFINITIONAL_REPRESENTATION('',(#6068),#6072);
#6068 = LINE('',#6069,#6070);
#6069 = CARTESIAN_POINT('',(8.85648791411,10.135928994709));
#6070 = VECTOR('',#6071,1.);
#6071 = DIRECTION('',(-0.657980581501,-0.75303489585));
#6072 = ( GEOMETRIC_REPRESENTATION_CONTEXT(2) 
PARAMETRIC_REPRESENTATION_CONTEXT() REPRESENTATION_CONTEXT('2D SPACE',''
  ) );
#6073 = PCURVE('',#6074,#6079);
#6074 = PLANE('',#6075);
#6075 = AXIS2_PLACEMENT_3D('',#6076,#6077,#6078);
#6076 = CARTESIAN_POINT('',(-8.85648791411,10.135928994709,-4.));
#6077 = DIRECTION('',(0.75303489585,0.657980581501,-0.));
#6078 = DIRECTION('',(0.657980581501,-0.75303489585,0.));
#6079 = DEFINITIONAL_REPRESENTATION('',(#6080),#6084);
#6080 = LINE('',#6081,#6082);
#6081 = CARTESIAN_POINT('',(0.,0.));
#6082 = VECTOR('',#6083,1.);
#6083 = DIRECTION('',(1.,0.));
#6084 = ( GEOMETRIC_REPRESENTATION_CONTEXT(2) 
PARAMETRIC_REPRESENTATION_CONTEXT() REPRESENTATION_CONTEXT('2D SPACE',''
  ) );
#6085 = ORIENTED_EDGE('',*,*,#6086,.T.);
#6086 = EDGE_CURVE('',#6059,#6087,#6089,.T.);
#6087 = VERTEX_POINT('',#6088);
#6088 = CARTESIAN_POINT('',(-7.016169628415,9.656929027509,-4.));
#6089 = SURFACE_CURVE('',#6090,(#6094,#6101),.PCURVE_S1.);
#6090 = LINE('',#6091,#6092);
#6091 = CARTESIAN_POINT('',(-7.854064650331,8.988691949636,-4.));
#6092 = VECTOR('',#6093,1.);
#6093 = DIRECTION('',(0.781814155026,0.623511529164,0.));
#6094 = PCURVE('',#126,#6095);
#6095 = DEFINITIONAL_REPRESENTATION('',(#6096),#6100);
#6096 = LINE('',#6097,#6098);
#6097 = CARTESIAN_POINT('',(7.854064650331,8.988691949636));
#6098 = VECTOR('',#6099,1.);
#6099 = DIRECTION('',(-0.781814155026,0.623511529164));
#6100 = ( GEOMETRIC_REPRESENTATION_CONTEXT(2) 
PARAMETRIC_REPRESENTATION_CONTEXT() REPRESENTATION_CONTEXT('2D SPACE',''
  ) );
#6101 = PCURVE('',#6102,#6107);
#6102 = PLANE('',#6103);
#6103 = AXIS2_PLACEMENT_3D('',#6104,#6105,#6106);
#6104 = CARTESIAN_POINT('',(-7.854064650331,8.988691949636,-4.));
#6105 = DIRECTION('',(-0.623511529164,0.781814155026,0.));
#6106 = DIRECTION('',(0.781814155026,0.623511529164,0.));
#6107 = DEFINITIONAL_REPRESENTATION('',(#6108),#6112);
#6108 = LINE('',#6109,#6110);
#6109 = CARTESIAN_POINT('',(0.,0.));
#6110 = VECTOR('',#6111,1.);
#6111 = DIRECTION('',(1.,0.));
#6112 = ( GEOMETRIC_REPRESENTATION_CONTEXT(2) 
PARAMETRIC_REPRESENTATION_CONTEXT() REPRESENTATION_CONTEXT('2D SPACE',''
  ) );
#6113 = ORIENTED_EDGE('',*,*,#6114,.T.);
#6114 = EDGE_CURVE('',#6087,#6115,#6117,.T.);
#6115 = VERTEX_POINT('',#6116);
#6116 = CARTESIAN_POINT('',(-6.121714599799,10.24731793474,-4.));
#6117 = SURFACE_CURVE('',#6118,(#6122,#6129),.PCURVE_S1.);
#6118 = LINE('',#6119,#6120);
#6119 = CARTESIAN_POINT('',(-7.016169628415,9.656929027509,-4.));
#6120 = VECTOR('',#6121,1.);
#6121 = DIRECTION('',(0.834588563143,0.550873787969,0.));
#6122 = PCURVE('',#126,#6123);
#6123 = DEFINITIONAL_REPRESENTATION('',(#6124),#6128);
#6124 = LINE('',#6125,#6126);
#6125 = CARTESIAN_POINT('',(7.016169628415,9.656929027509));
#6126 = VECTOR('',#6127,1.);
#6127 = DIRECTION('',(-0.834588563143,0.550873787969));
#6128 = ( GEOMETRIC_REPRESENTATION_CONTEXT(2) 
PARAMETRIC_REPRESENTATION_CONTEXT() REPRESENTATION_CONTEXT('2D SPACE',''
  ) );
#6129 = PCURVE('',#6130,#6135);
#6130 = PLANE('',#6131);
#6131 = AXIS2_PLACEMENT_3D('',#6132,#6133,#6134);
#6132 = CARTESIAN_POINT('',(-7.016169628415,9.656929027509,-4.));
#6133 = DIRECTION('',(-0.550873787969,0.834588563143,0.));
#6134 = DIRECTION('',(0.834588563143,0.550873787969,0.));
#6135 = DEFINITIONAL_REPRESENTATION('',(#6136),#6140);
#6136 = LINE('',#6137,#6138);
#6137 = CARTESIAN_POINT('',(0.,0.));
#6138 = VECTOR('',#6139,1.);
#6139 = DIRECTION('',(1.,0.));
#6140 = ( GEOMETRIC_REPRESENTATION_CONTEXT(2) 
PARAMETRIC_REPRESENTATION_CONTEXT() REPRESENTATION_CONTEXT('2D SPACE',''
  ) );
#6141 = ORIENTED_EDGE('',*,*,#6142,.T.);
#6142 = EDGE_CURVE('',#6115,#6143,#6145,.T.);
#6143 = VERTEX_POINT('',#6144);
#6144 = CARTESIAN_POINT('',(-6.903036043186,11.555194855347,-4.));
#6145 = SURFACE_CURVE('',#6146,(#6150,#6157),.PCURVE_S1.);
#6146 = LINE('',#6147,#6148);
#6147 = CARTESIAN_POINT('',(-6.121714599799,10.24731793474,-4.));
#6148 = VECTOR('',#6149,1.);
#6149 = DIRECTION('',(-0.512851563043,0.858477299807,0.));
#6150 = PCURVE('',#126,#6151);
#6151 = DEFINITIONAL_REPRESENTATION('',(#6152),#6156);
#6152 = LINE('',#6153,#6154);
#6153 = CARTESIAN_POINT('',(6.121714599799,10.24731793474));
#6154 = VECTOR('',#6155,1.);
#6155 = DIRECTION('',(0.512851563043,0.858477299807));
#6156 = ( GEOMETRIC_REPRESENTATION_CONTEXT(2) 
PARAMETRIC_REPRESENTATION_CONTEXT() REPRESENTATION_CONTEXT('2D SPACE',''
  ) );
#6157 = PCURVE('',#6158,#6163);
#6158 = PLANE('',#6159);
#6159 = AXIS2_PLACEMENT_3D('',#6160,#6161,#6162);
#6160 = CARTESIAN_POINT('',(-6.121714599799,10.24731793474,-4.));
#6161 = DIRECTION('',(-0.858477299807,-0.512851563043,0.));
#6162 = DIRECTION('',(-0.512851563043,0.858477299807,0.));
#6163 = DEFINITIONAL_REPRESENTATION('',(#6164),#6168);
#6164 = LINE('',#6165,#6166);
#6165 = CARTESIAN_POINT('',(0.,0.));
#6166 = VECTOR('',#6167,1.);
#6167 = DIRECTION('',(1.,0.));
#6168 = ( GEOMETRIC_REPRESENTATION_CONTEXT(2) 
PARAMETRIC_REPRESENTATION_CONTEXT() REPRESENTATION_CONTEXT('2D SPACE',''
  ) );
#6169 = ORIENTED_EDGE('',*,*,#6170,.T.);
#6170 = EDGE_CURVE('',#6143,#6171,#6173,.T.);
#6171 = VERTEX_POINT('',#6172);
#6172 = CARTESIAN_POINT('',(-7.094124698955,12.08673973434,-4.));
#6173 = SURFACE_CURVE('',#6174,(#6178,#6185),.PCURVE_S1.);
#6174 = LINE('',#6175,#6176);
#6175 = CARTESIAN_POINT('',(-6.903036043186,11.555194855347,-4.));
#6176 = VECTOR('',#6177,1.);
#6177 = DIRECTION('',(-0.338300190001,0.941038246537,0.));
#6178 = PCURVE('',#126,#6179);
#6179 = DEFINITIONAL_REPRESENTATION('',(#6180),#6184);
#6180 = LINE('',#6181,#6182);
#6181 = CARTESIAN_POINT('',(6.903036043186,11.555194855347));
#6182 = VECTOR('',#6183,1.);
#6183 = DIRECTION('',(0.338300190001,0.941038246537));
#6184 = ( GEOMETRIC_REPRESENTATION_CONTEXT(2) 
PARAMETRIC_REPRESENTATION_CONTEXT() REPRESENTATION_CONTEXT('2D SPACE',''
  ) );
#6185 = PCURVE('',#6186,#6191);
#6186 = PLANE('',#6187);
#6187 = AXIS2_PLACEMENT_3D('',#6188,#6189,#6190);
#6188 = CARTESIAN_POINT('',(-6.903036043186,11.555194855347,-4.));
#6189 = DIRECTION('',(-0.941038246537,-0.338300190001,0.));
#6190 = DIRECTION('',(-0.338300190001,0.941038246537,0.));
#6191 = DEFINITIONAL_REPRESENTATION('',(#6192),#6196);
#6192 = LINE('',#6193,#6194);
#6193 = CARTESIAN_POINT('',(0.,0.));
#6194 = VECTOR('',#6195,1.);
#6195 = DIRECTION('',(1.,0.));
#6196 = ( GEOMETRIC_REPRESENTATION_CONTEXT(2) 
PARAMETRIC_REPRESENTATION_CONTEXT() REPRESENTATION_CONTEXT('2D SPACE',''
  ) );
#6197 = ORIENTED_EDGE('',*,*,#6198,.T.);
#6198 = EDGE_CURVE('',#6171,#6199,#6201,.T.);
#6199 = VERTEX_POINT('',#6200);
#6200 = CARTESIAN_POINT('',(-7.201060197759,12.665604407745,-4.));
#6201 = SURFACE_CURVE('',#6202,(#6206,#6213),.PCURVE_S1.);
#6202 = LINE('',#6203,#6204);
#6203 = CARTESIAN_POINT('',(-7.094124698955,12.08673973434,-4.));
#6204 = VECTOR('',#6205,1.);
#6205 = DIRECTION('',(-0.181659474321,0.983361497817,0.));
#6206 = PCURVE('',#126,#6207);
#6207 = DEFINITIONAL_REPRESENTATION('',(#6208),#6212);
#6208 = LINE('',#6209,#6210);
#6209 = CARTESIAN_POINT('',(7.094124698955,12.08673973434));
#6210 = VECTOR('',#6211,1.);
#6211 = DIRECTION('',(0.181659474321,0.983361497817));
#6212 = ( GEOMETRIC_REPRESENTATION_CONTEXT(2) 
PARAMETRIC_REPRESENTATION_CONTEXT() REPRESENTATION_CONTEXT('2D SPACE',''
  ) );
#6213 = PCURVE('',#6214,#6219);
#6214 = PLANE('',#6215);
#6215 = AXIS2_PLACEMENT_3D('',#6216,#6217,#6218);
#6216 = CARTESIAN_POINT('',(-7.094124698955,12.08673973434,-4.));
#6217 = DIRECTION('',(-0.983361497817,-0.181659474321,0.));
#6218 = DIRECTION('',(-0.181659474321,0.983361497817,0.));
#6219 = DEFINITIONAL_REPRESENTATION('',(#6220),#6224);
#6220 = LINE('',#6221,#6222);
#6221 = CARTESIAN_POINT('',(0.,0.));
#6222 = VECTOR('',#6223,1.);
#6223 = DIRECTION('',(1.,0.));
#6224 = ( GEOMETRIC_REPRESENTATION_CONTEXT(2) 
PARAMETRIC_REPRESENTATION_CONTEXT() REPRESENTATION_CONTEXT('2D SPACE',''
  ) );
#6225 = ORIENTED_EDGE('',*,*,#6226,.T.);
#6226 = EDGE_CURVE('',#6199,#6227,#6229,.T.);
#6227 = VERTEX_POINT('',#6228);
#6228 = CARTESIAN_POINT('',(-7.245922407513,13.275609373153,-4.));
#6229 = SURFACE_CURVE('',#6230,(#6234,#6241),.PCURVE_S1.);
#6230 = LINE('',#6231,#6232);
#6231 = CARTESIAN_POINT('',(-7.201060197759,12.665604407745,-4.));
#6232 = VECTOR('',#6233,1.);
#6233 = DIRECTION('',(-7.334592117955E-02,0.997306560615,0.));
#6234 = PCURVE('',#126,#6235);
#6235 = DEFINITIONAL_REPRESENTATION('',(#6236),#6240);
#6236 = LINE('',#6237,#6238);
#6237 = CARTESIAN_POINT('',(7.201060197759,12.665604407745));
#6238 = VECTOR('',#6239,1.);
#6239 = DIRECTION('',(7.334592117955E-02,0.997306560615));
#6240 = ( GEOMETRIC_REPRESENTATION_CONTEXT(2) 
PARAMETRIC_REPRESENTATION_CONTEXT() REPRESENTATION_CONTEXT('2D SPACE',''
  ) );
#6241 = PCURVE('',#6242,#6247);
#6242 = PLANE('',#6243);
#6243 = AXIS2_PLACEMENT_3D('',#6244,#6245,#6246);
#6244 = CARTESIAN_POINT('',(-7.201060197759,12.665604407745,-4.));
#6245 = DIRECTION('',(-0.997306560615,-7.334592117955E-02,0.));
#6246 = DIRECTION('',(-7.334592117955E-02,0.997306560615,0.));
#6247 = DEFINITIONAL_REPRESENTATION('',(#6248),#6252);
#6248 = LINE('',#6249,#6250);
#6249 = CARTESIAN_POINT('',(0.,0.));
#6250 = VECTOR('',#6251,1.);
#6251 = DIRECTION('',(1.,0.));
#6252 = ( GEOMETRIC_REPRESENTATION_CONTEXT(2) 
PARAMETRIC_REPRESENTATION_CONTEXT() REPRESENTATION_CONTEXT('2D SPACE',''
  ) );
#6253 = ORIENTED_EDGE('',*,*,#6254,.T.);
#6254 = EDGE_CURVE('',#6227,#6255,#6257,.T.);
#6255 = VERTEX_POINT('',#6256);
#6256 = CARTESIAN_POINT('',(-7.23482521589,13.910081418979,-4.));
#6257 = SURFACE_CURVE('',#6258,(#6262,#6269),.PCURVE_S1.);
#6258 = LINE('',#6259,#6260);
#6259 = CARTESIAN_POINT('',(-7.245922407513,13.275609373153,-4.));
#6260 = VECTOR('',#6261,1.);
#6261 = DIRECTION('',(1.74877596036E-02,0.999847077439,0.));
#6262 = PCURVE('',#126,#6263);
#6263 = DEFINITIONAL_REPRESENTATION('',(#6264),#6268);
#6264 = LINE('',#6265,#6266);
#6265 = CARTESIAN_POINT('',(7.245922407513,13.275609373153));
#6266 = VECTOR('',#6267,1.);
#6267 = DIRECTION('',(-1.74877596036E-02,0.999847077439));
#6268 = ( GEOMETRIC_REPRESENTATION_CONTEXT(2) 
PARAMETRIC_REPRESENTATION_CONTEXT() REPRESENTATION_CONTEXT('2D SPACE',''
  ) );
#6269 = PCURVE('',#6270,#6275);
#6270 = PLANE('',#6271);
#6271 = AXIS2_PLACEMENT_3D('',#6272,#6273,#6274);
#6272 = CARTESIAN_POINT('',(-7.245922407513,13.275609373153,-4.));
#6273 = DIRECTION('',(-0.999847077439,1.74877596036E-02,0.));
#6274 = DIRECTION('',(1.74877596036E-02,0.999847077439,0.));
#6275 = DEFINITIONAL_REPRESENTATION('',(#6276),#6280);
#6276 = LINE('',#6277,#6278);
#6277 = CARTESIAN_POINT('',(0.,0.));
#6278 = VECTOR('',#6279,1.);
#6279 = DIRECTION('',(1.,0.));
#6280 = ( GEOMETRIC_REPRESENTATION_CONTEXT(2) 
PARAMETRIC_REPRESENTATION_CONTEXT() REPRESENTATION_CONTEXT('2D SPACE',''
  ) );
#6281 = ORIENTED_EDGE('',*,*,#6282,.T.);
#6282 = EDGE_CURVE('',#6255,#6283,#6285,.T.);
#6283 = VERTEX_POINT('',#6284);
#6284 = CARTESIAN_POINT('',(-7.170437723465,14.564381947327,-4.));
#6285 = SURFACE_CURVE('',#6286,(#6290,#6297),.PCURVE_S1.);
#6286 = LINE('',#6287,#6288);
#6287 = CARTESIAN_POINT('',(-7.23482521589,13.910081418979,-4.));
#6288 = VECTOR('',#6289,1.);
#6289 = DIRECTION('',(9.793355819075E-02,0.99519295525,0.));
#6290 = PCURVE('',#126,#6291);
#6291 = DEFINITIONAL_REPRESENTATION('',(#6292),#6296);
#6292 = LINE('',#6293,#6294);
#6293 = CARTESIAN_POINT('',(7.23482521589,13.910081418979));
#6294 = VECTOR('',#6295,1.);
#6295 = DIRECTION('',(-9.793355819075E-02,0.99519295525));
#6296 = ( GEOMETRIC_REPRESENTATION_CONTEXT(2) 
PARAMETRIC_REPRESENTATION_CONTEXT() REPRESENTATION_CONTEXT('2D SPACE',''
  ) );
#6297 = PCURVE('',#6298,#6303);
#6298 = PLANE('',#6299);
#6299 = AXIS2_PLACEMENT_3D('',#6300,#6301,#6302);
#6300 = CARTESIAN_POINT('',(-7.23482521589,13.910081418979,-4.));
#6301 = DIRECTION('',(-0.99519295525,9.793355819075E-02,0.));
#6302 = DIRECTION('',(9.793355819075E-02,0.99519295525,0.));
#6303 = DEFINITIONAL_REPRESENTATION('',(#6304),#6308);
#6304 = LINE('',#6305,#6306);
#6305 = CARTESIAN_POINT('',(0.,0.));
#6306 = VECTOR('',#6307,1.);
#6307 = DIRECTION('',(1.,0.));
#6308 = ( GEOMETRIC_REPRESENTATION_CONTEXT(2) 
PARAMETRIC_REPRESENTATION_CONTEXT() REPRESENTATION_CONTEXT('2D SPACE',''
  ) );
#6309 = ORIENTED_EDGE('',*,*,#6310,.T.);
#6310 = EDGE_CURVE('',#6283,#6311,#6313,.T.);
#6311 = VERTEX_POINT('',#6312);
#6312 = CARTESIAN_POINT('',(-6.025485738672,15.074147414258,-4.));
#6313 = SURFACE_CURVE('',#6314,(#6318,#6325),.PCURVE_S1.);
#6314 = LINE('',#6315,#6316);
#6315 = CARTESIAN_POINT('',(-7.170437723465,14.564381947327,-4.));
#6316 = VECTOR('',#6317,1.);
#6317 = DIRECTION('',(0.913545457643,0.406736643076,0.));
#6318 = PCURVE('',#126,#6319);
#6319 = DEFINITIONAL_REPRESENTATION('',(#6320),#6324);
#6320 = LINE('',#6321,#6322);
#6321 = CARTESIAN_POINT('',(7.170437723465,14.564381947327));
#6322 = VECTOR('',#6323,1.);
#6323 = DIRECTION('',(-0.913545457643,0.406736643076));
#6324 = ( GEOMETRIC_REPRESENTATION_CONTEXT(2) 
PARAMETRIC_REPRESENTATION_CONTEXT() REPRESENTATION_CONTEXT('2D SPACE',''
  ) );
#6325 = PCURVE('',#6326,#6331);
#6326 = PLANE('',#6327);
#6327 = AXIS2_PLACEMENT_3D('',#6328,#6329,#6330);
#6328 = CARTESIAN_POINT('',(-7.170437723465,14.564381947327,-4.));
#6329 = DIRECTION('',(-0.406736643076,0.913545457643,0.));
#6330 = DIRECTION('',(0.913545457643,0.406736643076,0.));
#6331 = DEFINITIONAL_REPRESENTATION('',(#6332),#6336);
#6332 = LINE('',#6333,#6334);
#6333 = CARTESIAN_POINT('',(0.,0.));
#6334 = VECTOR('',#6335,1.);
#6335 = DIRECTION('',(1.,0.));
#6336 = ( GEOMETRIC_REPRESENTATION_CONTEXT(2) 
PARAMETRIC_REPRESENTATION_CONTEXT() REPRESENTATION_CONTEXT('2D SPACE',''
  ) );
#6337 = ORIENTED_EDGE('',*,*,#6338,.T.);
#6338 = EDGE_CURVE('',#6311,#6339,#6341,.T.);
#6339 = VERTEX_POINT('',#6340);
#6340 = CARTESIAN_POINT('',(-5.496162044875,14.684184136804,-4.));
#6341 = SURFACE_CURVE('',#6342,(#6346,#6353),.PCURVE_S1.);
#6342 = LINE('',#6343,#6344);
#6343 = CARTESIAN_POINT('',(-6.025485738672,15.074147414258,-4.));
#6344 = VECTOR('',#6345,1.);
#6345 = DIRECTION('',(0.805102836221,-0.593135248581,0.));
#6346 = PCURVE('',#126,#6347);
#6347 = DEFINITIONAL_REPRESENTATION('',(#6348),#6352);
#6348 = LINE('',#6349,#6350);
#6349 = CARTESIAN_POINT('',(6.025485738672,15.074147414258));
#6350 = VECTOR('',#6351,1.);
#6351 = DIRECTION('',(-0.805102836221,-0.593135248581));
#6352 = ( GEOMETRIC_REPRESENTATION_CONTEXT(2) 
PARAMETRIC_REPRESENTATION_CONTEXT() REPRESENTATION_CONTEXT('2D SPACE',''
  ) );
#6353 = PCURVE('',#6354,#6359);
#6354 = PLANE('',#6355);
#6355 = AXIS2_PLACEMENT_3D('',#6356,#6357,#6358);
#6356 = CARTESIAN_POINT('',(-6.025485738672,15.074147414258,-4.));
#6357 = DIRECTION('',(0.593135248581,0.805102836221,-0.));
#6358 = DIRECTION('',(0.805102836221,-0.593135248581,0.));
#6359 = DEFINITIONAL_REPRESENTATION('',(#6360),#6364);
#6360 = LINE('',#6361,#6362);
#6361 = CARTESIAN_POINT('',(0.,0.));
#6362 = VECTOR('',#6363,1.);
#6363 = DIRECTION('',(1.,0.));
#6364 = ( GEOMETRIC_REPRESENTATION_CONTEXT(2) 
PARAMETRIC_REPRESENTATION_CONTEXT() REPRESENTATION_CONTEXT('2D SPACE',''
  ) );
#6365 = ORIENTED_EDGE('',*,*,#6366,.T.);
#6366 = EDGE_CURVE('',#6339,#6367,#6369,.T.);
#6367 = VERTEX_POINT('',#6368);
#6368 = CARTESIAN_POINT('',(-5.017231956549,14.267886292596,-4.));
#6369 = SURFACE_CURVE('',#6370,(#6374,#6381),.PCURVE_S1.);
#6370 = LINE('',#6371,#6372);
#6371 = CARTESIAN_POINT('',(-5.496162044875,14.684184136804,-4.));
#6372 = VECTOR('',#6373,1.);
#6373 = DIRECTION('',(0.754732777055,-0.656032343135,0.));
#6374 = PCURVE('',#126,#6375);
#6375 = DEFINITIONAL_REPRESENTATION('',(#6376),#6380);
#6376 = LINE('',#6377,#6378);
#6377 = CARTESIAN_POINT('',(5.496162044875,14.684184136804));
#6378 = VECTOR('',#6379,1.);
#6379 = DIRECTION('',(-0.754732777055,-0.656032343135));
#6380 = ( GEOMETRIC_REPRESENTATION_CONTEXT(2) 
PARAMETRIC_REPRESENTATION_CONTEXT() REPRESENTATION_CONTEXT('2D SPACE',''
  ) );
#6381 = PCURVE('',#6382,#6387);
#6382 = PLANE('',#6383);
#6383 = AXIS2_PLACEMENT_3D('',#6384,#6385,#6386);
#6384 = CARTESIAN_POINT('',(-5.496162044875,14.684184136804,-4.));
#6385 = DIRECTION('',(0.656032343135,0.754732777055,-0.));
#6386 = DIRECTION('',(0.754732777055,-0.656032343135,0.));
#6387 = DEFINITIONAL_REPRESENTATION('',(#6388),#6392);
#6388 = LINE('',#6389,#6390);
#6389 = CARTESIAN_POINT('',(0.,0.));
#6390 = VECTOR('',#6391,1.);
#6391 = DIRECTION('',(1.,0.));
#6392 = ( GEOMETRIC_REPRESENTATION_CONTEXT(2) 
PARAMETRIC_REPRESENTATION_CONTEXT() REPRESENTATION_CONTEXT('2D SPACE',''
  ) );
#6393 = ORIENTED_EDGE('',*,*,#6394,.T.);
#6394 = EDGE_CURVE('',#6367,#6395,#6397,.T.);
#6395 = VERTEX_POINT('',#6396);
#6396 = CARTESIAN_POINT('',(-4.593928600606,13.826374181171,-4.));
#6397 = SURFACE_CURVE('',#6398,(#6402,#6409),.PCURVE_S1.);
#6398 = LINE('',#6399,#6400);
#6399 = CARTESIAN_POINT('',(-5.017231956549,14.267886292596,-4.));
#6400 = VECTOR('',#6401,1.);
#6401 = DIRECTION('',(0.692065209223,-0.721834985425,0.));
#6402 = PCURVE('',#126,#6403);
#6403 = DEFINITIONAL_REPRESENTATION('',(#6404),#6408);
#6404 = LINE('',#6405,#6406);
#6405 = CARTESIAN_POINT('',(5.017231956549,14.267886292596));
#6406 = VECTOR('',#6407,1.);
#6407 = DIRECTION('',(-0.692065209223,-0.721834985425));
#6408 = ( GEOMETRIC_REPRESENTATION_CONTEXT(2) 
PARAMETRIC_REPRESENTATION_CONTEXT() REPRESENTATION_CONTEXT('2D SPACE',''
  ) );
#6409 = PCURVE('',#6410,#6415);
#6410 = PLANE('',#6411);
#6411 = AXIS2_PLACEMENT_3D('',#6412,#6413,#6414);
#6412 = CARTESIAN_POINT('',(-5.017231956549,14.267886292596,-4.));
#6413 = DIRECTION('',(0.721834985425,0.692065209223,-0.));
#6414 = DIRECTION('',(0.692065209223,-0.721834985425,0.));
#6415 = DEFINITIONAL_REPRESENTATION('',(#6416),#6420);
#6416 = LINE('',#6417,#6418);
#6417 = CARTESIAN_POINT('',(0.,0.));
#6418 = VECTOR('',#6419,1.);
#6419 = DIRECTION('',(1.,0.));
#6420 = ( GEOMETRIC_REPRESENTATION_CONTEXT(2) 
PARAMETRIC_REPRESENTATION_CONTEXT() REPRESENTATION_CONTEXT('2D SPACE',''
  ) );
#6421 = ORIENTED_EDGE('',*,*,#6422,.T.);
#6422 = EDGE_CURVE('',#6395,#6423,#6425,.T.);
#6423 = VERTEX_POINT('',#6424);
#6424 = CARTESIAN_POINT('',(-4.23530212907,13.35956954866,-4.));
#6425 = SURFACE_CURVE('',#6426,(#6430,#6437),.PCURVE_S1.);
#6426 = LINE('',#6427,#6428);
#6427 = CARTESIAN_POINT('',(-4.593928600606,13.826374181171,-4.));
#6428 = VECTOR('',#6429,1.);
#6429 = DIRECTION('',(0.609226094474,-0.792996573645,0.));
#6430 = PCURVE('',#126,#6431);
#6431 = DEFINITIONAL_REPRESENTATION('',(#6432),#6436);
#6432 = LINE('',#6433,#6434);
#6433 = CARTESIAN_POINT('',(4.593928600606,13.826374181171));
#6434 = VECTOR('',#6435,1.);
#6435 = DIRECTION('',(-0.609226094474,-0.792996573645));
#6436 = ( GEOMETRIC_REPRESENTATION_CONTEXT(2) 
PARAMETRIC_REPRESENTATION_CONTEXT() REPRESENTATION_CONTEXT('2D SPACE',''
  ) );
#6437 = PCURVE('',#6438,#6443);
#6438 = PLANE('',#6439);
#6439 = AXIS2_PLACEMENT_3D('',#6440,#6441,#6442);
#6440 = CARTESIAN_POINT('',(-4.593928600606,13.826374181171,-4.));
#6441 = DIRECTION('',(0.792996573645,0.609226094474,-0.));
#6442 = DIRECTION('',(0.609226094474,-0.792996573645,0.));
#6443 = DEFINITIONAL_REPRESENTATION('',(#6444),#6448);
#6444 = LINE('',#6445,#6446);
#6445 = CARTESIAN_POINT('',(0.,0.));
#6446 = VECTOR('',#6447,1.);
#6447 = DIRECTION('',(1.,0.));
#6448 = ( GEOMETRIC_REPRESENTATION_CONTEXT(2) 
PARAMETRIC_REPRESENTATION_CONTEXT() REPRESENTATION_CONTEXT('2D SPACE',''
  ) );
#6449 = ORIENTED_EDGE('',*,*,#6450,.T.);
#6450 = EDGE_CURVE('',#6423,#6451,#6453,.T.);
#6451 = VERTEX_POINT('',#6452);
#6452 = CARTESIAN_POINT('',(-3.96815057084,12.861890055731,-4.));
#6453 = SURFACE_CURVE('',#6454,(#6458,#6465),.PCURVE_S1.);
#6454 = LINE('',#6455,#6456);
#6455 = CARTESIAN_POINT('',(-4.23530212907,13.35956954866,-4.));
#6456 = VECTOR('',#6457,1.);
#6457 = DIRECTION('',(0.472960692224,-0.881083528169,0.));
#6458 = PCURVE('',#126,#6459);
#6459 = DEFINITIONAL_REPRESENTATION('',(#6460),#6464);
#6460 = LINE('',#6461,#6462);
#6461 = CARTESIAN_POINT('',(4.23530212907,13.35956954866));
#6462 = VECTOR('',#6463,1.);
#6463 = DIRECTION('',(-0.472960692224,-0.881083528169));
#6464 = ( GEOMETRIC_REPRESENTATION_CONTEXT(2) 
PARAMETRIC_REPRESENTATION_CONTEXT() REPRESENTATION_CONTEXT('2D SPACE',''
  ) );
#6465 = PCURVE('',#6466,#6471);
#6466 = PLANE('',#6467);
#6467 = AXIS2_PLACEMENT_3D('',#6468,#6469,#6470);
#6468 = CARTESIAN_POINT('',(-4.23530212907,13.35956954866,-4.));
#6469 = DIRECTION('',(0.881083528169,0.472960692224,-0.));
#6470 = DIRECTION('',(0.472960692224,-0.881083528169,0.));
#6471 = DEFINITIONAL_REPRESENTATION('',(#6472),#6476);
#6472 = LINE('',#6473,#6474);
#6473 = CARTESIAN_POINT('',(0.,0.));
#6474 = VECTOR('',#6475,1.);
#6475 = DIRECTION('',(1.,0.));
#6476 = ( GEOMETRIC_REPRESENTATION_CONTEXT(2) 
PARAMETRIC_REPRESENTATION_CONTEXT() REPRESENTATION_CONTEXT('2D SPACE',''
  ) );
#6477 = ORIENTED_EDGE('',*,*,#6478,.T.);
#6478 = EDGE_CURVE('',#6451,#142,#6479,.T.);
#6479 = SURFACE_CURVE('',#6480,(#6484,#6491),.PCURVE_S1.);
#6480 = LINE('',#6481,#6482);
#6481 = CARTESIAN_POINT('',(-3.96815057084,12.861890055731,-4.));
#6482 = VECTOR('',#6483,1.);
#6483 = DIRECTION('',(0.294808285791,-0.955556421479,0.));
#6484 = PCURVE('',#126,#6485);
#6485 = DEFINITIONAL_REPRESENTATION('',(#6486),#6490);
#6486 = LINE('',#6487,#6488);
#6487 = CARTESIAN_POINT('',(3.96815057084,12.861890055731));
#6488 = VECTOR('',#6489,1.);
#6489 = DIRECTION('',(-0.294808285791,-0.955556421479));
#6490 = ( GEOMETRIC_REPRESENTATION_CONTEXT(2) 
PARAMETRIC_REPRESENTATION_CONTEXT() REPRESENTATION_CONTEXT('2D SPACE',''
  ) );
#6491 = PCURVE('',#159,#6492);
#6492 = DEFINITIONAL_REPRESENTATION('',(#6493),#6497);
#6493 = LINE('',#6494,#6495);
#6494 = CARTESIAN_POINT('',(0.,0.));
#6495 = VECTOR('',#6496,1.);
#6496 = DIRECTION('',(1.,0.));
#6497 = ( GEOMETRIC_REPRESENTATION_CONTEXT(2) 
PARAMETRIC_REPRESENTATION_CONTEXT() REPRESENTATION_CONTEXT('2D SPACE',''
  ) );
#6498 = ORIENTED_EDGE('',*,*,#193,.T.);
#6499 = FACE_BOUND('',#6500,.T.);
#6500 = EDGE_LOOP('',(#6501,#6529,#6562,#6595,#6621));
#6501 = ORIENTED_EDGE('',*,*,#6502,.T.);
#6502 = EDGE_CURVE('',#6503,#6505,#6507,.T.);
#6503 = VERTEX_POINT('',#6504);
#6504 = CARTESIAN_POINT('',(-1.,4.,-4.));
#6505 = VERTEX_POINT('',#6506);
#6506 = CARTESIAN_POINT('',(-1.,2.828427124746,-4.));
#6507 = SURFACE_CURVE('',#6508,(#6512,#6518),.PCURVE_S1.);
#6508 = LINE('',#6509,#6510);
#6509 = CARTESIAN_POINT('',(-1.,-8.251299727198E-17,-4.));
#6510 = VECTOR('',#6511,1.);
#6511 = DIRECTION('',(0.,-1.,0.));
#6512 = PCURVE('',#126,#6513);
#6513 = DEFINITIONAL_REPRESENTATION('',(#6514),#6517);
#6514 = B_SPLINE_CURVE_WITH_KNOTS('',1,(#6515,#6516),.UNSPECIFIED.,.F.,
  .F.,(2,2),(-4.,-2.828427124746),.PIECEWISE_BEZIER_KNOTS.);
#6515 = CARTESIAN_POINT('',(1.,4.));
#6516 = CARTESIAN_POINT('',(1.,2.828427124746));
#6517 = ( GEOMETRIC_REPRESENTATION_CONTEXT(2) 
PARAMETRIC_REPRESENTATION_CONTEXT() REPRESENTATION_CONTEXT('2D SPACE',''
  ) );
#6518 = PCURVE('',#6519,#6524);
#6519 = PLANE('',#6520);
#6520 = AXIS2_PLACEMENT_3D('',#6521,#6522,#6523);
#6521 = CARTESIAN_POINT('',(-1.,0.,-10.));
#6522 = DIRECTION('',(1.,0.,-0.));
#6523 = DIRECTION('',(0.,0.,1.));
#6524 = DEFINITIONAL_REPRESENTATION('',(#6525),#6528);
#6525 = B_SPLINE_CURVE_WITH_KNOTS('',1,(#6526,#6527),.UNSPECIFIED.,.F.,
  .F.,(2,2),(-4.,-2.828427124746),.PIECEWISE_BEZIER_KNOTS.);
#6526 = CARTESIAN_POINT('',(6.,-4.));
#6527 = CARTESIAN_POINT('',(6.,-2.828427124746));
#6528 = ( GEOMETRIC_REPRESENTATION_CONTEXT(2) 
PARAMETRIC_REPRESENTATION_CONTEXT() REPRESENTATION_CONTEXT('2D SPACE',''
  ) );
#6529 = ORIENTED_EDGE('',*,*,#6530,.T.);
#6530 = EDGE_CURVE('',#6505,#6531,#6533,.T.);
#6531 = VERTEX_POINT('',#6532);
#6532 = CARTESIAN_POINT('',(3.,-7.347880794884E-16,-4.));
#6533 = SURFACE_CURVE('',#6534,(#6539,#6550),.PCURVE_S1.);
#6534 = CIRCLE('',#6535,3.);
#6535 = AXIS2_PLACEMENT_3D('',#6536,#6537,#6538);
#6536 = CARTESIAN_POINT('',(0.,0.,-4.));
#6537 = DIRECTION('',(0.,0.,1.));
#6538 = DIRECTION('',(1.,0.,-0.));
#6539 = PCURVE('',#126,#6540);
#6540 = DEFINITIONAL_REPRESENTATION('',(#6541),#6549);
#6541 = ( BOUNDED_CURVE() B_SPLINE_CURVE(2,(#6542,#6543,#6544,#6545,
#6546,#6547,#6548),.UNSPECIFIED.,.T.,.F.) B_SPLINE_CURVE_WITH_KNOTS((1,2
    ,2,2,2,1),(-2.094395102393,0.,2.094395102393,4.188790204786,
6.28318530718,8.377580409573),.UNSPECIFIED.) CURVE() 
GEOMETRIC_REPRESENTATION_ITEM() RATIONAL_B_SPLINE_CURVE((1.,0.5,1.,0.5,
1.,0.5,1.)) REPRESENTATION_ITEM('') );
#6542 = CARTESIAN_POINT('',(-3.,1.65025994544E-16));
#6543 = CARTESIAN_POINT('',(-3.,5.196152422707));
#6544 = CARTESIAN_POINT('',(1.5,2.598076211353));
#6545 = CARTESIAN_POINT('',(6.,8.998140740324E-16));
#6546 = CARTESIAN_POINT('',(1.5,-2.598076211353));
#6547 = CARTESIAN_POINT('',(-3.,-5.196152422707));
#6548 = CARTESIAN_POINT('',(-3.,1.65025994544E-16));
#6549 = ( GEOMETRIC_REPRESENTATION_CONTEXT(2) 
PARAMETRIC_REPRESENTATION_CONTEXT() REPRESENTATION_CONTEXT('2D SPACE',''
  ) );
#6550 = PCURVE('',#6551,#6556);
#6551 = CYLINDRICAL_SURFACE('',#6552,3.);
#6552 = AXIS2_PLACEMENT_3D('',#6553,#6554,#6555);
#6553 = CARTESIAN_POINT('',(0.,0.,-10.));
#6554 = DIRECTION('',(0.,0.,1.));
#6555 = DIRECTION('',(1.,0.,-0.));
#6556 = DEFINITIONAL_REPRESENTATION('',(#6557),#6561);
#6557 = LINE('',#6558,#6559);
#6558 = CARTESIAN_POINT('',(0.,6.));
#6559 = VECTOR('',#6560,1.);
#6560 = DIRECTION('',(1.,0.));
#6561 = ( GEOMETRIC_REPRESENTATION_CONTEXT(2) 
PARAMETRIC_REPRESENTATION_CONTEXT() REPRESENTATION_CONTEXT('2D SPACE',''
  ) );
#6562 = ORIENTED_EDGE('',*,*,#6563,.T.);
#6563 = EDGE_CURVE('',#6531,#6564,#6566,.T.);
#6564 = VERTEX_POINT('',#6565);
#6565 = CARTESIAN_POINT('',(1.,2.828427124746,-4.));
#6566 = SURFACE_CURVE('',#6567,(#6572,#6583),.PCURVE_S1.);
#6567 = CIRCLE('',#6568,3.);
#6568 = AXIS2_PLACEMENT_3D('',#6569,#6570,#6571);
#6569 = CARTESIAN_POINT('',(0.,0.,-4.));
#6570 = DIRECTION('',(0.,0.,1.));
#6571 = DIRECTION('',(1.,0.,-0.));
#6572 = PCURVE('',#126,#6573);
#6573 = DEFINITIONAL_REPRESENTATION('',(#6574),#6582);
#6574 = ( BOUNDED_CURVE() B_SPLINE_CURVE(2,(#6575,#6576,#6577,#6578,
#6579,#6580,#6581),.UNSPECIFIED.,.T.,.F.) B_SPLINE_CURVE_WITH_KNOTS((1,2
    ,2,2,2,1),(-2.094395102393,0.,2.094395102393,4.188790204786,
6.28318530718,8.377580409573),.UNSPECIFIED.) CURVE() 
GEOMETRIC_REPRESENTATION_ITEM() RATIONAL_B_SPLINE_CURVE((1.,0.5,1.,0.5,
1.,0.5,1.)) REPRESENTATION_ITEM('') );
#6575 = CARTESIAN_POINT('',(-3.,1.65025994544E-16));
#6576 = CARTESIAN_POINT('',(-3.,5.196152422707));
#6577 = CARTESIAN_POINT('',(1.5,2.598076211353));
#6578 = CARTESIAN_POINT('',(6.,8.998140740324E-16));
#6579 = CARTESIAN_POINT('',(1.5,-2.598076211353));
#6580 = CARTESIAN_POINT('',(-3.,-5.196152422707));
#6581 = CARTESIAN_POINT('',(-3.,1.65025994544E-16));
#6582 = ( GEOMETRIC_REPRESENTATION_CONTEXT(2) 
PARAMETRIC_REPRESENTATION_CONTEXT() REPRESENTATION_CONTEXT('2D SPACE',''
  ) );
#6583 = PCURVE('',#6584,#6589);
#6584 = CYLINDRICAL_SURFACE('',#6585,3.);
#6585 = AXIS2_PLACEMENT_3D('',#6586,#6587,#6588);
#6586 = CARTESIAN_POINT('',(0.,0.,-10.));
#6587 = DIRECTION('',(0.,0.,1.));
#6588 = DIRECTION('',(1.,0.,-0.));
#6589 = DEFINITIONAL_REPRESENTATION('',(#6590),#6594);
#6590 = LINE('',#6591,#6592);
#6591 = CARTESIAN_POINT('',(0.,6.));
#6592 = VECTOR('',#6593,1.);
#6593 = DIRECTION('',(1.,0.));
#6594 = ( GEOMETRIC_REPRESENTATION_CONTEXT(2) 
PARAMETRIC_REPRESENTATION_CONTEXT() REPRESENTATION_CONTEXT('2D SPACE',''
  ) );
#6595 = ORIENTED_EDGE('',*,*,#6596,.F.);
#6596 = EDGE_CURVE('',#6597,#6564,#6599,.T.);
#6597 = VERTEX_POINT('',#6598);
#6598 = CARTESIAN_POINT('',(1.,4.,-4.));
#6599 = SURFACE_CURVE('',#6600,(#6604,#6610),.PCURVE_S1.);
#6600 = LINE('',#6601,#6602);
#6601 = CARTESIAN_POINT('',(1.,-8.251299727198E-17,-4.));
#6602 = VECTOR('',#6603,1.);
#6603 = DIRECTION('',(0.,-1.,0.));
#6604 = PCURVE('',#126,#6605);
#6605 = DEFINITIONAL_REPRESENTATION('',(#6606),#6609);
#6606 = B_SPLINE_CURVE_WITH_KNOTS('',1,(#6607,#6608),.UNSPECIFIED.,.F.,
  .F.,(2,2),(-4.,-2.828427124746),.PIECEWISE_BEZIER_KNOTS.);
#6607 = CARTESIAN_POINT('',(-1.,4.));
#6608 = CARTESIAN_POINT('',(-1.,2.828427124746));
#6609 = ( GEOMETRIC_REPRESENTATION_CONTEXT(2) 
PARAMETRIC_REPRESENTATION_CONTEXT() REPRESENTATION_CONTEXT('2D SPACE',''
  ) );
#6610 = PCURVE('',#6611,#6616);
#6611 = PLANE('',#6612);
#6612 = AXIS2_PLACEMENT_3D('',#6613,#6614,#6615);
#6613 = CARTESIAN_POINT('',(1.,0.,-10.));
#6614 = DIRECTION('',(1.,0.,-0.));
#6615 = DIRECTION('',(0.,0.,1.));
#6616 = DEFINITIONAL_REPRESENTATION('',(#6617),#6620);
#6617 = B_SPLINE_CURVE_WITH_KNOTS('',1,(#6618,#6619),.UNSPECIFIED.,.F.,
  .F.,(2,2),(-4.,-2.828427124746),.PIECEWISE_BEZIER_KNOTS.);
#6618 = CARTESIAN_POINT('',(6.,-4.));
#6619 = CARTESIAN_POINT('',(6.,-2.828427124746));
#6620 = ( GEOMETRIC_REPRESENTATION_CONTEXT(2) 
PARAMETRIC_REPRESENTATION_CONTEXT() REPRESENTATION_CONTEXT('2D SPACE',''
  ) );
#6621 = ORIENTED_EDGE('',*,*,#6622,.F.);
#6622 = EDGE_CURVE('',#6503,#6597,#6623,.T.);
#6623 = SURFACE_CURVE('',#6624,(#6628,#6634),.PCURVE_S1.);
#6624 = LINE('',#6625,#6626);
#6625 = CARTESIAN_POINT('',(-0.5,4.,-4.));
#6626 = VECTOR('',#6627,1.);
#6627 = DIRECTION('',(1.,0.,-0.));
#6628 = PCURVE('',#126,#6629);
#6629 = DEFINITIONAL_REPRESENTATION('',(#6630),#6633);
#6630 = B_SPLINE_CURVE_WITH_KNOTS('',1,(#6631,#6632),.UNSPECIFIED.,.F.,
  .F.,(2,2),(-0.5,1.5),.PIECEWISE_BEZIER_KNOTS.);
#6631 = CARTESIAN_POINT('',(1.,4.));
#6632 = CARTESIAN_POINT('',(-1.,4.));
#6633 = ( GEOMETRIC_REPRESENTATION_CONTEXT(2) 
PARAMETRIC_REPRESENTATION_CONTEXT() REPRESENTATION_CONTEXT('2D SPACE',''
  ) );
#6634 = PCURVE('',#6635,#6640);
#6635 = PLANE('',#6636);
#6636 = AXIS2_PLACEMENT_3D('',#6637,#6638,#6639);
#6637 = CARTESIAN_POINT('',(-1.,4.,-10.));
#6638 = DIRECTION('',(-0.,1.,0.));
#6639 = DIRECTION('',(0.,0.,1.));
#6640 = DEFINITIONAL_REPRESENTATION('',(#6641),#6644);
#6641 = B_SPLINE_CURVE_WITH_KNOTS('',1,(#6642,#6643),.UNSPECIFIED.,.F.,
  .F.,(2,2),(-0.5,1.5),.PIECEWISE_BEZIER_KNOTS.);
#6642 = CARTESIAN_POINT('',(6.,0.));
#6643 = CARTESIAN_POINT('',(6.,2.));
#6644 = ( GEOMETRIC_REPRESENTATION_CONTEXT(2) 
PARAMETRIC_REPRESENTATION_CONTEXT() REPRESENTATION_CONTEXT('2D SPACE',''
  ) );
#6645 = ADVANCED_FACE('',(#6646,#11755),#72,.F.);
#6646 = FACE_BOUND('',#6647,.F.);
#6647 = EDGE_LOOP('',(#6648,#6649,#6650,#6673,#6696,#6719,#6742,#6765,
    #6788,#6811,#6834,#6857,#6880,#6903,#6926,#6949,#6972,#6995,#7018,
    #7041,#7064,#7087,#7110,#7133,#7156,#7179,#7202,#7225,#7248,#7271,
    #7294,#7317,#7340,#7363,#7386,#7409,#7432,#7455,#7478,#7501,#7524,
    #7547,#7570,#7593,#7616,#7639,#7662,#7685,#7708,#7731,#7754,#7777,
    #7800,#7823,#7846,#7869,#7892,#7915,#7938,#7961,#7984,#8007,#8030,
    #8053,#8076,#8099,#8122,#8145,#8168,#8191,#8214,#8237,#8260,#8283,
    #8306,#8329,#8352,#8375,#8398,#8421,#8444,#8467,#8490,#8513,#8536,
    #8559,#8582,#8605,#8628,#8651,#8674,#8697,#8720,#8743,#8766,#8789,
    #8812,#8835,#8858,#8881,#8904,#8927,#8950,#8973,#8996,#9019,#9042,
    #9065,#9088,#9111,#9134,#9157,#9180,#9203,#9226,#9249,#9272,#9295,
    #9318,#9341,#9364,#9387,#9410,#9433,#9456,#9479,#9502,#9525,#9548,
    #9571,#9594,#9617,#9640,#9663,#9686,#9709,#9732,#9755,#9778,#9801,
    #9824,#9847,#9870,#9893,#9916,#9939,#9962,#9985,#10008,#10031,#10054
    ,#10077,#10100,#10123,#10146,#10169,#10192,#10215,#10238,#10261,
    #10284,#10307,#10330,#10353,#10376,#10399,#10422,#10445,#10468,
    #10491,#10514,#10537,#10560,#10583,#10606,#10629,#10652,#10675,
    #10698,#10721,#10744,#10767,#10790,#10813,#10836,#10859,#10882,
    #10905,#10928,#10951,#10974,#10997,#11020,#11043,#11066,#11089,
    #11112,#11135,#11158,#11181,#11204,#11227,#11250,#11273,#11296,
    #11319,#11342,#11365,#11388,#11411,#11434,#11457,#11480,#11503,
    #11526,#11549,#11572,#11595,#11618,#11641,#11664,#11687,#11710,
    #11733,#11754));
#6648 = ORIENTED_EDGE('',*,*,#56,.T.);
#6649 = ORIENTED_EDGE('',*,*,#218,.T.);
#6650 = ORIENTED_EDGE('',*,*,#6651,.T.);
#6651 = EDGE_CURVE('',#219,#6652,#6654,.T.);
#6652 = VERTEX_POINT('',#6653);
#6653 = CARTESIAN_POINT('',(-1.564685449404,13.927226647629,4.));
#6654 = SURFACE_CURVE('',#6655,(#6659,#6666),.PCURVE_S1.);
#6655 = LINE('',#6656,#6657);
#6656 = CARTESIAN_POINT('',(-1.606316055646,13.363913479514,4.));
#6657 = VECTOR('',#6658,1.);
#6658 = DIRECTION('',(7.370213550729E-02,0.997280299225,0.));
#6659 = PCURVE('',#72,#6660);
#6660 = DEFINITIONAL_REPRESENTATION('',(#6661),#6665);
#6661 = LINE('',#6662,#6663);
#6662 = CARTESIAN_POINT('',(1.606316055646,13.363913479514));
#6663 = VECTOR('',#6664,1.);
#6664 = DIRECTION('',(-7.370213550729E-02,0.997280299225));
#6665 = ( GEOMETRIC_REPRESENTATION_CONTEXT(2) 
PARAMETRIC_REPRESENTATION_CONTEXT() REPRESENTATION_CONTEXT('2D SPACE',''
  ) );
#6666 = PCURVE('',#257,#6667);
#6667 = DEFINITIONAL_REPRESENTATION('',(#6668),#6672);
#6668 = LINE('',#6669,#6670);
#6669 = CARTESIAN_POINT('',(0.,-8.));
#6670 = VECTOR('',#6671,1.);
#6671 = DIRECTION('',(1.,0.));
#6672 = ( GEOMETRIC_REPRESENTATION_CONTEXT(2) 
PARAMETRIC_REPRESENTATION_CONTEXT() REPRESENTATION_CONTEXT('2D SPACE',''
  ) );
#6673 = ORIENTED_EDGE('',*,*,#6674,.T.);
#6674 = EDGE_CURVE('',#6652,#6675,#6677,.T.);
#6675 = VERTEX_POINT('',#6676);
#6676 = CARTESIAN_POINT('',(-1.426930414541,14.499540426417,4.));
#6677 = SURFACE_CURVE('',#6678,(#6682,#6689),.PCURVE_S1.);
#6678 = LINE('',#6679,#6680);
#6679 = CARTESIAN_POINT('',(-1.564685449404,13.927226647629,4.));
#6680 = VECTOR('',#6681,1.);
#6681 = DIRECTION('',(0.234014966949,0.97223299432,0.));
#6682 = PCURVE('',#72,#6683);
#6683 = DEFINITIONAL_REPRESENTATION('',(#6684),#6688);
#6684 = LINE('',#6685,#6686);
#6685 = CARTESIAN_POINT('',(1.564685449404,13.927226647629));
#6686 = VECTOR('',#6687,1.);
#6687 = DIRECTION('',(-0.234014966949,0.97223299432));
#6688 = ( GEOMETRIC_REPRESENTATION_CONTEXT(2) 
PARAMETRIC_REPRESENTATION_CONTEXT() REPRESENTATION_CONTEXT('2D SPACE',''
  ) );
#6689 = PCURVE('',#334,#6690);
#6690 = DEFINITIONAL_REPRESENTATION('',(#6691),#6695);
#6691 = LINE('',#6692,#6693);
#6692 = CARTESIAN_POINT('',(0.,-8.));
#6693 = VECTOR('',#6694,1.);
#6694 = DIRECTION('',(1.,0.));
#6695 = ( GEOMETRIC_REPRESENTATION_CONTEXT(2) 
PARAMETRIC_REPRESENTATION_CONTEXT() REPRESENTATION_CONTEXT('2D SPACE',''
  ) );
#6696 = ORIENTED_EDGE('',*,*,#6697,.T.);
#6697 = EDGE_CURVE('',#6675,#6698,#6700,.T.);
#6698 = VERTEX_POINT('',#6699);
#6699 = CARTESIAN_POINT('',(-1.219802710593,15.075054796302,4.));
#6700 = SURFACE_CURVE('',#6701,(#6705,#6712),.PCURVE_S1.);
#6701 = LINE('',#6702,#6703);
#6702 = CARTESIAN_POINT('',(-1.426930414541,14.499540426417,4.));
#6703 = VECTOR('',#6704,1.);
#6704 = DIRECTION('',(0.338636289452,0.940917352091,0.));
#6705 = PCURVE('',#72,#6706);
#6706 = DEFINITIONAL_REPRESENTATION('',(#6707),#6711);
#6707 = LINE('',#6708,#6709);
#6708 = CARTESIAN_POINT('',(1.426930414541,14.499540426417));
#6709 = VECTOR('',#6710,1.);
#6710 = DIRECTION('',(-0.338636289452,0.940917352091));
#6711 = ( GEOMETRIC_REPRESENTATION_CONTEXT(2) 
PARAMETRIC_REPRESENTATION_CONTEXT() REPRESENTATION_CONTEXT('2D SPACE',''
  ) );
#6712 = PCURVE('',#362,#6713);
#6713 = DEFINITIONAL_REPRESENTATION('',(#6714),#6718);
#6714 = LINE('',#6715,#6716);
#6715 = CARTESIAN_POINT('',(0.,-8.));
#6716 = VECTOR('',#6717,1.);
#6717 = DIRECTION('',(1.,0.));
#6718 = ( GEOMETRIC_REPRESENTATION_CONTEXT(2) 
PARAMETRIC_REPRESENTATION_CONTEXT() REPRESENTATION_CONTEXT('2D SPACE',''
  ) );
#6719 = ORIENTED_EDGE('',*,*,#6720,.T.);
#6720 = EDGE_CURVE('',#6698,#6721,#6723,.T.);
#6721 = VERTEX_POINT('',#6722);
#6722 = CARTESIAN_POINT('',(-0.951601891548,15.650160217298,4.));
#6723 = SURFACE_CURVE('',#6724,(#6728,#6735),.PCURVE_S1.);
#6724 = LINE('',#6725,#6726);
#6725 = CARTESIAN_POINT('',(-1.219802710593,15.075054796302,4.));
#6726 = VECTOR('',#6727,1.);
#6727 = DIRECTION('',(0.422650307217,0.906292843296,0.));
#6728 = PCURVE('',#72,#6729);
#6729 = DEFINITIONAL_REPRESENTATION('',(#6730),#6734);
#6730 = LINE('',#6731,#6732);
#6731 = CARTESIAN_POINT('',(1.219802710593,15.075054796302));
#6732 = VECTOR('',#6733,1.);
#6733 = DIRECTION('',(-0.422650307217,0.906292843296));
#6734 = ( GEOMETRIC_REPRESENTATION_CONTEXT(2) 
PARAMETRIC_REPRESENTATION_CONTEXT() REPRESENTATION_CONTEXT('2D SPACE',''
  ) );
#6735 = PCURVE('',#390,#6736);
#6736 = DEFINITIONAL_REPRESENTATION('',(#6737),#6741);
#6737 = LINE('',#6738,#6739);
#6738 = CARTESIAN_POINT('',(0.,-8.));
#6739 = VECTOR('',#6740,1.);
#6740 = DIRECTION('',(1.,0.));
#6741 = ( GEOMETRIC_REPRESENTATION_CONTEXT(2) 
PARAMETRIC_REPRESENTATION_CONTEXT() REPRESENTATION_CONTEXT('2D SPACE',''
  ) );
#6742 = ORIENTED_EDGE('',*,*,#6743,.T.);
#6743 = EDGE_CURVE('',#6721,#6744,#6746,.T.);
#6744 = VERTEX_POINT('',#6745);
#6745 = CARTESIAN_POINT('',(-0.626652989851,16.221704740379,4.));
#6746 = SURFACE_CURVE('',#6747,(#6751,#6758),.PCURVE_S1.);
#6747 = LINE('',#6748,#6749);
#6748 = CARTESIAN_POINT('',(-0.951601891548,15.650160217298,4.));
#6749 = VECTOR('',#6750,1.);
#6750 = DIRECTION('',(0.494248199067,0.869320837044,0.));
#6751 = PCURVE('',#72,#6752);
#6752 = DEFINITIONAL_REPRESENTATION('',(#6753),#6757);
#6753 = LINE('',#6754,#6755);
#6754 = CARTESIAN_POINT('',(0.951601891548,15.650160217298));
#6755 = VECTOR('',#6756,1.);
#6756 = DIRECTION('',(-0.494248199067,0.869320837044));
#6757 = ( GEOMETRIC_REPRESENTATION_CONTEXT(2) 
PARAMETRIC_REPRESENTATION_CONTEXT() REPRESENTATION_CONTEXT('2D SPACE',''
  ) );
#6758 = PCURVE('',#418,#6759);
#6759 = DEFINITIONAL_REPRESENTATION('',(#6760),#6764);
#6760 = LINE('',#6761,#6762);
#6761 = CARTESIAN_POINT('',(0.,-8.));
#6762 = VECTOR('',#6763,1.);
#6763 = DIRECTION('',(1.,0.));
#6764 = ( GEOMETRIC_REPRESENTATION_CONTEXT(2) 
PARAMETRIC_REPRESENTATION_CONTEXT() REPRESENTATION_CONTEXT('2D SPACE',''
  ) );
#6765 = ORIENTED_EDGE('',*,*,#6766,.T.);
#6766 = EDGE_CURVE('',#6744,#6767,#6769,.T.);
#6767 = VERTEX_POINT('',#6768);
#6768 = CARTESIAN_POINT('',(0.626652989851,16.221704740379,4.));
#6769 = SURFACE_CURVE('',#6770,(#6774,#6781),.PCURVE_S1.);
#6770 = LINE('',#6771,#6772);
#6771 = CARTESIAN_POINT('',(-0.626652989851,16.221704740379,4.));
#6772 = VECTOR('',#6773,1.);
#6773 = DIRECTION('',(1.,0.,0.));
#6774 = PCURVE('',#72,#6775);
#6775 = DEFINITIONAL_REPRESENTATION('',(#6776),#6780);
#6776 = LINE('',#6777,#6778);
#6777 = CARTESIAN_POINT('',(0.626652989851,16.221704740379));
#6778 = VECTOR('',#6779,1.);
#6779 = DIRECTION('',(-1.,0.));
#6780 = ( GEOMETRIC_REPRESENTATION_CONTEXT(2) 
PARAMETRIC_REPRESENTATION_CONTEXT() REPRESENTATION_CONTEXT('2D SPACE',''
  ) );
#6781 = PCURVE('',#446,#6782);
#6782 = DEFINITIONAL_REPRESENTATION('',(#6783),#6787);
#6783 = LINE('',#6784,#6785);
#6784 = CARTESIAN_POINT('',(0.,-8.));
#6785 = VECTOR('',#6786,1.);
#6786 = DIRECTION('',(1.,0.));
#6787 = ( GEOMETRIC_REPRESENTATION_CONTEXT(2) 
PARAMETRIC_REPRESENTATION_CONTEXT() REPRESENTATION_CONTEXT('2D SPACE',''
  ) );
#6788 = ORIENTED_EDGE('',*,*,#6789,.T.);
#6789 = EDGE_CURVE('',#6767,#6790,#6792,.T.);
#6790 = VERTEX_POINT('',#6791);
#6791 = CARTESIAN_POINT('',(0.951601891548,15.650160217298,4.));
#6792 = SURFACE_CURVE('',#6793,(#6797,#6804),.PCURVE_S1.);
#6793 = LINE('',#6794,#6795);
#6794 = CARTESIAN_POINT('',(0.626652989851,16.221704740379,4.));
#6795 = VECTOR('',#6796,1.);
#6796 = DIRECTION('',(0.494248199067,-0.869320837044,0.));
#6797 = PCURVE('',#72,#6798);
#6798 = DEFINITIONAL_REPRESENTATION('',(#6799),#6803);
#6799 = LINE('',#6800,#6801);
#6800 = CARTESIAN_POINT('',(-0.626652989851,16.221704740379));
#6801 = VECTOR('',#6802,1.);
#6802 = DIRECTION('',(-0.494248199067,-0.869320837044));
#6803 = ( GEOMETRIC_REPRESENTATION_CONTEXT(2) 
PARAMETRIC_REPRESENTATION_CONTEXT() REPRESENTATION_CONTEXT('2D SPACE',''
  ) );
#6804 = PCURVE('',#474,#6805);
#6805 = DEFINITIONAL_REPRESENTATION('',(#6806),#6810);
#6806 = LINE('',#6807,#6808);
#6807 = CARTESIAN_POINT('',(0.,-8.));
#6808 = VECTOR('',#6809,1.);
#6809 = DIRECTION('',(1.,0.));
#6810 = ( GEOMETRIC_REPRESENTATION_CONTEXT(2) 
PARAMETRIC_REPRESENTATION_CONTEXT() REPRESENTATION_CONTEXT('2D SPACE',''
  ) );
#6811 = ORIENTED_EDGE('',*,*,#6812,.T.);
#6812 = EDGE_CURVE('',#6790,#6813,#6815,.T.);
#6813 = VERTEX_POINT('',#6814);
#6814 = CARTESIAN_POINT('',(1.219802710593,15.075054796302,4.));
#6815 = SURFACE_CURVE('',#6816,(#6820,#6827),.PCURVE_S1.);
#6816 = LINE('',#6817,#6818);
#6817 = CARTESIAN_POINT('',(0.951601891548,15.650160217298,4.));
#6818 = VECTOR('',#6819,1.);
#6819 = DIRECTION('',(0.422650307217,-0.906292843296,0.));
#6820 = PCURVE('',#72,#6821);
#6821 = DEFINITIONAL_REPRESENTATION('',(#6822),#6826);
#6822 = LINE('',#6823,#6824);
#6823 = CARTESIAN_POINT('',(-0.951601891548,15.650160217298));
#6824 = VECTOR('',#6825,1.);
#6825 = DIRECTION('',(-0.422650307217,-0.906292843296));
#6826 = ( GEOMETRIC_REPRESENTATION_CONTEXT(2) 
PARAMETRIC_REPRESENTATION_CONTEXT() REPRESENTATION_CONTEXT('2D SPACE',''
  ) );
#6827 = PCURVE('',#502,#6828);
#6828 = DEFINITIONAL_REPRESENTATION('',(#6829),#6833);
#6829 = LINE('',#6830,#6831);
#6830 = CARTESIAN_POINT('',(0.,-8.));
#6831 = VECTOR('',#6832,1.);
#6832 = DIRECTION('',(1.,0.));
#6833 = ( GEOMETRIC_REPRESENTATION_CONTEXT(2) 
PARAMETRIC_REPRESENTATION_CONTEXT() REPRESENTATION_CONTEXT('2D SPACE',''
  ) );
#6834 = ORIENTED_EDGE('',*,*,#6835,.T.);
#6835 = EDGE_CURVE('',#6813,#6836,#6838,.T.);
#6836 = VERTEX_POINT('',#6837);
#6837 = CARTESIAN_POINT('',(1.426930414541,14.499540426417,4.));
#6838 = SURFACE_CURVE('',#6839,(#6843,#6850),.PCURVE_S1.);
#6839 = LINE('',#6840,#6841);
#6840 = CARTESIAN_POINT('',(1.219802710593,15.075054796302,4.));
#6841 = VECTOR('',#6842,1.);
#6842 = DIRECTION('',(0.338636289452,-0.940917352091,0.));
#6843 = PCURVE('',#72,#6844);
#6844 = DEFINITIONAL_REPRESENTATION('',(#6845),#6849);
#6845 = LINE('',#6846,#6847);
#6846 = CARTESIAN_POINT('',(-1.219802710593,15.075054796302));
#6847 = VECTOR('',#6848,1.);
#6848 = DIRECTION('',(-0.338636289452,-0.940917352091));
#6849 = ( GEOMETRIC_REPRESENTATION_CONTEXT(2) 
PARAMETRIC_REPRESENTATION_CONTEXT() REPRESENTATION_CONTEXT('2D SPACE',''
  ) );
#6850 = PCURVE('',#530,#6851);
#6851 = DEFINITIONAL_REPRESENTATION('',(#6852),#6856);
#6852 = LINE('',#6853,#6854);
#6853 = CARTESIAN_POINT('',(0.,-8.));
#6854 = VECTOR('',#6855,1.);
#6855 = DIRECTION('',(1.,0.));
#6856 = ( GEOMETRIC_REPRESENTATION_CONTEXT(2) 
PARAMETRIC_REPRESENTATION_CONTEXT() REPRESENTATION_CONTEXT('2D SPACE',''
  ) );
#6857 = ORIENTED_EDGE('',*,*,#6858,.T.);
#6858 = EDGE_CURVE('',#6836,#6859,#6861,.T.);
#6859 = VERTEX_POINT('',#6860);
#6860 = CARTESIAN_POINT('',(1.564685449404,13.927226647629,4.));
#6861 = SURFACE_CURVE('',#6862,(#6866,#6873),.PCURVE_S1.);
#6862 = LINE('',#6863,#6864);
#6863 = CARTESIAN_POINT('',(1.426930414541,14.499540426417,4.));
#6864 = VECTOR('',#6865,1.);
#6865 = DIRECTION('',(0.234014966949,-0.97223299432,0.));
#6866 = PCURVE('',#72,#6867);
#6867 = DEFINITIONAL_REPRESENTATION('',(#6868),#6872);
#6868 = LINE('',#6869,#6870);
#6869 = CARTESIAN_POINT('',(-1.426930414541,14.499540426417));
#6870 = VECTOR('',#6871,1.);
#6871 = DIRECTION('',(-0.234014966949,-0.97223299432));
#6872 = ( GEOMETRIC_REPRESENTATION_CONTEXT(2) 
PARAMETRIC_REPRESENTATION_CONTEXT() REPRESENTATION_CONTEXT('2D SPACE',''
  ) );
#6873 = PCURVE('',#558,#6874);
#6874 = DEFINITIONAL_REPRESENTATION('',(#6875),#6879);
#6875 = LINE('',#6876,#6877);
#6876 = CARTESIAN_POINT('',(0.,-8.));
#6877 = VECTOR('',#6878,1.);
#6878 = DIRECTION('',(1.,0.));
#6879 = ( GEOMETRIC_REPRESENTATION_CONTEXT(2) 
PARAMETRIC_REPRESENTATION_CONTEXT() REPRESENTATION_CONTEXT('2D SPACE',''
  ) );
#6880 = ORIENTED_EDGE('',*,*,#6881,.T.);
#6881 = EDGE_CURVE('',#6859,#6882,#6884,.T.);
#6882 = VERTEX_POINT('',#6883);
#6883 = CARTESIAN_POINT('',(1.606316055646,13.363913479514,4.));
#6884 = SURFACE_CURVE('',#6885,(#6889,#6896),.PCURVE_S1.);
#6885 = LINE('',#6886,#6887);
#6886 = CARTESIAN_POINT('',(1.564685449404,13.927226647629,4.));
#6887 = VECTOR('',#6888,1.);
#6888 = DIRECTION('',(7.370213550729E-02,-0.997280299225,0.));
#6889 = PCURVE('',#72,#6890);
#6890 = DEFINITIONAL_REPRESENTATION('',(#6891),#6895);
#6891 = LINE('',#6892,#6893);
#6892 = CARTESIAN_POINT('',(-1.564685449404,13.927226647629));
#6893 = VECTOR('',#6894,1.);
#6894 = DIRECTION('',(-7.370213550729E-02,-0.997280299225));
#6895 = ( GEOMETRIC_REPRESENTATION_CONTEXT(2) 
PARAMETRIC_REPRESENTATION_CONTEXT() REPRESENTATION_CONTEXT('2D SPACE',''
  ) );
#6896 = PCURVE('',#586,#6897);
#6897 = DEFINITIONAL_REPRESENTATION('',(#6898),#6902);
#6898 = LINE('',#6899,#6900);
#6899 = CARTESIAN_POINT('',(0.,-8.));
#6900 = VECTOR('',#6901,1.);
#6901 = DIRECTION('',(1.,0.));
#6902 = ( GEOMETRIC_REPRESENTATION_CONTEXT(2) 
PARAMETRIC_REPRESENTATION_CONTEXT() REPRESENTATION_CONTEXT('2D SPACE',''
  ) );
#6903 = ORIENTED_EDGE('',*,*,#6904,.T.);
#6904 = EDGE_CURVE('',#6882,#6905,#6907,.T.);
#6905 = VERTEX_POINT('',#6906);
#6906 = CARTESIAN_POINT('',(1.424504868324,11.851316398492,4.));
#6907 = SURFACE_CURVE('',#6908,(#6912,#6919),.PCURVE_S1.);
#6908 = LINE('',#6909,#6910);
#6909 = CARTESIAN_POINT('',(1.606316055646,13.363913479514,4.));
#6910 = VECTOR('',#6911,1.);
#6911 = DIRECTION('',(-0.119339040782,-0.992853560877,0.));
#6912 = PCURVE('',#72,#6913);
#6913 = DEFINITIONAL_REPRESENTATION('',(#6914),#6918);
#6914 = LINE('',#6915,#6916);
#6915 = CARTESIAN_POINT('',(-1.606316055646,13.363913479514));
#6916 = VECTOR('',#6917,1.);
#6917 = DIRECTION('',(0.119339040782,-0.992853560877));
#6918 = ( GEOMETRIC_REPRESENTATION_CONTEXT(2) 
PARAMETRIC_REPRESENTATION_CONTEXT() REPRESENTATION_CONTEXT('2D SPACE',''
  ) );
#6919 = PCURVE('',#614,#6920);
#6920 = DEFINITIONAL_REPRESENTATION('',(#6921),#6925);
#6921 = LINE('',#6922,#6923);
#6922 = CARTESIAN_POINT('',(0.,-8.));
#6923 = VECTOR('',#6924,1.);
#6924 = DIRECTION('',(1.,0.));
#6925 = ( GEOMETRIC_REPRESENTATION_CONTEXT(2) 
PARAMETRIC_REPRESENTATION_CONTEXT() REPRESENTATION_CONTEXT('2D SPACE',''
  ) );
#6926 = ORIENTED_EDGE('',*,*,#6927,.T.);
#6927 = EDGE_CURVE('',#6905,#6928,#6930,.T.);
#6928 = VERTEX_POINT('',#6929);
#6929 = CARTESIAN_POINT('',(2.481762999018,11.67577692977,4.));
#6930 = SURFACE_CURVE('',#6931,(#6935,#6942),.PCURVE_S1.);
#6931 = LINE('',#6932,#6933);
#6932 = CARTESIAN_POINT('',(1.424504868324,11.851316398492,4.));
#6933 = VECTOR('',#6934,1.);
#6934 = DIRECTION('',(0.986495146137,-0.163790496211,0.));
#6935 = PCURVE('',#72,#6936);
#6936 = DEFINITIONAL_REPRESENTATION('',(#6937),#6941);
#6937 = LINE('',#6938,#6939);
#6938 = CARTESIAN_POINT('',(-1.424504868324,11.851316398492));
#6939 = VECTOR('',#6940,1.);
#6940 = DIRECTION('',(-0.986495146137,-0.163790496211));
#6941 = ( GEOMETRIC_REPRESENTATION_CONTEXT(2) 
PARAMETRIC_REPRESENTATION_CONTEXT() REPRESENTATION_CONTEXT('2D SPACE',''
  ) );
#6942 = PCURVE('',#642,#6943);
#6943 = DEFINITIONAL_REPRESENTATION('',(#6944),#6948);
#6944 = LINE('',#6945,#6946);
#6945 = CARTESIAN_POINT('',(0.,-8.));
#6946 = VECTOR('',#6947,1.);
#6947 = DIRECTION('',(1.,0.));
#6948 = ( GEOMETRIC_REPRESENTATION_CONTEXT(2) 
PARAMETRIC_REPRESENTATION_CONTEXT() REPRESENTATION_CONTEXT('2D SPACE',''
  ) );
#6949 = ORIENTED_EDGE('',*,*,#6950,.T.);
#6950 = EDGE_CURVE('',#6928,#6951,#6953,.T.);
#6951 = VERTEX_POINT('',#6952);
#6952 = CARTESIAN_POINT('',(3.519014696104,11.406114591115,4.));
#6953 = SURFACE_CURVE('',#6954,(#6958,#6965),.PCURVE_S1.);
#6954 = LINE('',#6955,#6956);
#6955 = CARTESIAN_POINT('',(2.481762999018,11.67577692977,4.));
#6956 = VECTOR('',#6957,1.);
#6957 = DIRECTION('',(0.967827756336,-0.251613660331,0.));
#6958 = PCURVE('',#72,#6959);
#6959 = DEFINITIONAL_REPRESENTATION('',(#6960),#6964);
#6960 = LINE('',#6961,#6962);
#6961 = CARTESIAN_POINT('',(-2.481762999018,11.67577692977));
#6962 = VECTOR('',#6963,1.);
#6963 = DIRECTION('',(-0.967827756336,-0.251613660331));
#6964 = ( GEOMETRIC_REPRESENTATION_CONTEXT(2) 
PARAMETRIC_REPRESENTATION_CONTEXT() REPRESENTATION_CONTEXT('2D SPACE',''
  ) );
#6965 = PCURVE('',#670,#6966);
#6966 = DEFINITIONAL_REPRESENTATION('',(#6967),#6971);
#6967 = LINE('',#6968,#6969);
#6968 = CARTESIAN_POINT('',(0.,-8.));
#6969 = VECTOR('',#6970,1.);
#6970 = DIRECTION('',(1.,0.));
#6971 = ( GEOMETRIC_REPRESENTATION_CONTEXT(2) 
PARAMETRIC_REPRESENTATION_CONTEXT() REPRESENTATION_CONTEXT('2D SPACE',''
  ) );
#6972 = ORIENTED_EDGE('',*,*,#6973,.T.);
#6973 = EDGE_CURVE('',#6951,#6974,#6976,.T.);
#6974 = VERTEX_POINT('',#6975);
#6975 = CARTESIAN_POINT('',(3.96815057084,12.861890055731,4.));
#6976 = SURFACE_CURVE('',#6977,(#6981,#6988),.PCURVE_S1.);
#6977 = LINE('',#6978,#6979);
#6978 = CARTESIAN_POINT('',(3.519014696104,11.406114591115,4.));
#6979 = VECTOR('',#6980,1.);
#6980 = DIRECTION('',(0.294808285791,0.955556421479,0.));
#6981 = PCURVE('',#72,#6982);
#6982 = DEFINITIONAL_REPRESENTATION('',(#6983),#6987);
#6983 = LINE('',#6984,#6985);
#6984 = CARTESIAN_POINT('',(-3.519014696104,11.406114591115));
#6985 = VECTOR('',#6986,1.);
#6986 = DIRECTION('',(-0.294808285791,0.955556421479));
#6987 = ( GEOMETRIC_REPRESENTATION_CONTEXT(2) 
PARAMETRIC_REPRESENTATION_CONTEXT() REPRESENTATION_CONTEXT('2D SPACE',''
  ) );
#6988 = PCURVE('',#698,#6989);
#6989 = DEFINITIONAL_REPRESENTATION('',(#6990),#6994);
#6990 = LINE('',#6991,#6992);
#6991 = CARTESIAN_POINT('',(0.,-8.));
#6992 = VECTOR('',#6993,1.);
#6993 = DIRECTION('',(1.,0.));
#6994 = ( GEOMETRIC_REPRESENTATION_CONTEXT(2) 
PARAMETRIC_REPRESENTATION_CONTEXT() REPRESENTATION_CONTEXT('2D SPACE',''
  ) );
#6995 = ORIENTED_EDGE('',*,*,#6996,.T.);
#6996 = EDGE_CURVE('',#6974,#6997,#6999,.T.);
#6997 = VERTEX_POINT('',#6998);
#6998 = CARTESIAN_POINT('',(4.23530212907,13.35956954866,4.));
#6999 = SURFACE_CURVE('',#7000,(#7004,#7011),.PCURVE_S1.);
#7000 = LINE('',#7001,#7002);
#7001 = CARTESIAN_POINT('',(3.96815057084,12.861890055731,4.));
#7002 = VECTOR('',#7003,1.);
#7003 = DIRECTION('',(0.472960692224,0.881083528169,0.));
#7004 = PCURVE('',#72,#7005);
#7005 = DEFINITIONAL_REPRESENTATION('',(#7006),#7010);
#7006 = LINE('',#7007,#7008);
#7007 = CARTESIAN_POINT('',(-3.96815057084,12.861890055731));
#7008 = VECTOR('',#7009,1.);
#7009 = DIRECTION('',(-0.472960692224,0.881083528169));
#7010 = ( GEOMETRIC_REPRESENTATION_CONTEXT(2) 
PARAMETRIC_REPRESENTATION_CONTEXT() REPRESENTATION_CONTEXT('2D SPACE',''
  ) );
#7011 = PCURVE('',#726,#7012);
#7012 = DEFINITIONAL_REPRESENTATION('',(#7013),#7017);
#7013 = LINE('',#7014,#7015);
#7014 = CARTESIAN_POINT('',(0.,-8.));
#7015 = VECTOR('',#7016,1.);
#7016 = DIRECTION('',(1.,0.));
#7017 = ( GEOMETRIC_REPRESENTATION_CONTEXT(2) 
PARAMETRIC_REPRESENTATION_CONTEXT() REPRESENTATION_CONTEXT('2D SPACE',''
  ) );
#7018 = ORIENTED_EDGE('',*,*,#7019,.T.);
#7019 = EDGE_CURVE('',#6997,#7020,#7022,.T.);
#7020 = VERTEX_POINT('',#7021);
#7021 = CARTESIAN_POINT('',(4.593928600606,13.826374181171,4.));
#7022 = SURFACE_CURVE('',#7023,(#7027,#7034),.PCURVE_S1.);
#7023 = LINE('',#7024,#7025);
#7024 = CARTESIAN_POINT('',(4.23530212907,13.35956954866,4.));
#7025 = VECTOR('',#7026,1.);
#7026 = DIRECTION('',(0.609226094474,0.792996573645,0.));
#7027 = PCURVE('',#72,#7028);
#7028 = DEFINITIONAL_REPRESENTATION('',(#7029),#7033);
#7029 = LINE('',#7030,#7031);
#7030 = CARTESIAN_POINT('',(-4.23530212907,13.35956954866));
#7031 = VECTOR('',#7032,1.);
#7032 = DIRECTION('',(-0.609226094474,0.792996573645));
#7033 = ( GEOMETRIC_REPRESENTATION_CONTEXT(2) 
PARAMETRIC_REPRESENTATION_CONTEXT() REPRESENTATION_CONTEXT('2D SPACE',''
  ) );
#7034 = PCURVE('',#754,#7035);
#7035 = DEFINITIONAL_REPRESENTATION('',(#7036),#7040);
#7036 = LINE('',#7037,#7038);
#7037 = CARTESIAN_POINT('',(0.,-8.));
#7038 = VECTOR('',#7039,1.);
#7039 = DIRECTION('',(1.,0.));
#7040 = ( GEOMETRIC_REPRESENTATION_CONTEXT(2) 
PARAMETRIC_REPRESENTATION_CONTEXT() REPRESENTATION_CONTEXT('2D SPACE',''
  ) );
#7041 = ORIENTED_EDGE('',*,*,#7042,.T.);
#7042 = EDGE_CURVE('',#7020,#7043,#7045,.T.);
#7043 = VERTEX_POINT('',#7044);
#7044 = CARTESIAN_POINT('',(5.017231956549,14.267886292596,4.));
#7045 = SURFACE_CURVE('',#7046,(#7050,#7057),.PCURVE_S1.);
#7046 = LINE('',#7047,#7048);
#7047 = CARTESIAN_POINT('',(4.593928600606,13.826374181171,4.));
#7048 = VECTOR('',#7049,1.);
#7049 = DIRECTION('',(0.692065209223,0.721834985425,0.));
#7050 = PCURVE('',#72,#7051);
#7051 = DEFINITIONAL_REPRESENTATION('',(#7052),#7056);
#7052 = LINE('',#7053,#7054);
#7053 = CARTESIAN_POINT('',(-4.593928600606,13.826374181171));
#7054 = VECTOR('',#7055,1.);
#7055 = DIRECTION('',(-0.692065209223,0.721834985425));
#7056 = ( GEOMETRIC_REPRESENTATION_CONTEXT(2) 
PARAMETRIC_REPRESENTATION_CONTEXT() REPRESENTATION_CONTEXT('2D SPACE',''
  ) );
#7057 = PCURVE('',#782,#7058);
#7058 = DEFINITIONAL_REPRESENTATION('',(#7059),#7063);
#7059 = LINE('',#7060,#7061);
#7060 = CARTESIAN_POINT('',(0.,-8.));
#7061 = VECTOR('',#7062,1.);
#7062 = DIRECTION('',(1.,0.));
#7063 = ( GEOMETRIC_REPRESENTATION_CONTEXT(2) 
PARAMETRIC_REPRESENTATION_CONTEXT() REPRESENTATION_CONTEXT('2D SPACE',''
  ) );
#7064 = ORIENTED_EDGE('',*,*,#7065,.T.);
#7065 = EDGE_CURVE('',#7043,#7066,#7068,.T.);
#7066 = VERTEX_POINT('',#7067);
#7067 = CARTESIAN_POINT('',(5.496162044875,14.684184136804,4.));
#7068 = SURFACE_CURVE('',#7069,(#7073,#7080),.PCURVE_S1.);
#7069 = LINE('',#7070,#7071);
#7070 = CARTESIAN_POINT('',(5.017231956549,14.267886292596,4.));
#7071 = VECTOR('',#7072,1.);
#7072 = DIRECTION('',(0.754732777055,0.656032343135,0.));
#7073 = PCURVE('',#72,#7074);
#7074 = DEFINITIONAL_REPRESENTATION('',(#7075),#7079);
#7075 = LINE('',#7076,#7077);
#7076 = CARTESIAN_POINT('',(-5.01723195655,14.267886292596));
#7077 = VECTOR('',#7078,1.);
#7078 = DIRECTION('',(-0.754732777055,0.656032343135));
#7079 = ( GEOMETRIC_REPRESENTATION_CONTEXT(2) 
PARAMETRIC_REPRESENTATION_CONTEXT() REPRESENTATION_CONTEXT('2D SPACE',''
  ) );
#7080 = PCURVE('',#810,#7081);
#7081 = DEFINITIONAL_REPRESENTATION('',(#7082),#7086);
#7082 = LINE('',#7083,#7084);
#7083 = CARTESIAN_POINT('',(0.,-8.));
#7084 = VECTOR('',#7085,1.);
#7085 = DIRECTION('',(1.,0.));
#7086 = ( GEOMETRIC_REPRESENTATION_CONTEXT(2) 
PARAMETRIC_REPRESENTATION_CONTEXT() REPRESENTATION_CONTEXT('2D SPACE',''
  ) );
#7087 = ORIENTED_EDGE('',*,*,#7088,.T.);
#7088 = EDGE_CURVE('',#7066,#7089,#7091,.T.);
#7089 = VERTEX_POINT('',#7090);
#7090 = CARTESIAN_POINT('',(6.025485738672,15.074147414258,4.));
#7091 = SURFACE_CURVE('',#7092,(#7096,#7103),.PCURVE_S1.);
#7092 = LINE('',#7093,#7094);
#7093 = CARTESIAN_POINT('',(5.496162044875,14.684184136804,4.));
#7094 = VECTOR('',#7095,1.);
#7095 = DIRECTION('',(0.805102836221,0.593135248581,0.));
#7096 = PCURVE('',#72,#7097);
#7097 = DEFINITIONAL_REPRESENTATION('',(#7098),#7102);
#7098 = LINE('',#7099,#7100);
#7099 = CARTESIAN_POINT('',(-5.496162044875,14.684184136804));
#7100 = VECTOR('',#7101,1.);
#7101 = DIRECTION('',(-0.805102836221,0.593135248581));
#7102 = ( GEOMETRIC_REPRESENTATION_CONTEXT(2) 
PARAMETRIC_REPRESENTATION_CONTEXT() REPRESENTATION_CONTEXT('2D SPACE',''
  ) );
#7103 = PCURVE('',#838,#7104);
#7104 = DEFINITIONAL_REPRESENTATION('',(#7105),#7109);
#7105 = LINE('',#7106,#7107);
#7106 = CARTESIAN_POINT('',(0.,-8.));
#7107 = VECTOR('',#7108,1.);
#7108 = DIRECTION('',(1.,0.));
#7109 = ( GEOMETRIC_REPRESENTATION_CONTEXT(2) 
PARAMETRIC_REPRESENTATION_CONTEXT() REPRESENTATION_CONTEXT('2D SPACE',''
  ) );
#7110 = ORIENTED_EDGE('',*,*,#7111,.T.);
#7111 = EDGE_CURVE('',#7089,#7112,#7114,.T.);
#7112 = VERTEX_POINT('',#7113);
#7113 = CARTESIAN_POINT('',(7.170437723465,14.564381947327,4.));
#7114 = SURFACE_CURVE('',#7115,(#7119,#7126),.PCURVE_S1.);
#7115 = LINE('',#7116,#7117);
#7116 = CARTESIAN_POINT('',(6.025485738672,15.074147414258,4.));
#7117 = VECTOR('',#7118,1.);
#7118 = DIRECTION('',(0.913545457643,-0.406736643076,0.));
#7119 = PCURVE('',#72,#7120);
#7120 = DEFINITIONAL_REPRESENTATION('',(#7121),#7125);
#7121 = LINE('',#7122,#7123);
#7122 = CARTESIAN_POINT('',(-6.025485738672,15.074147414258));
#7123 = VECTOR('',#7124,1.);
#7124 = DIRECTION('',(-0.913545457643,-0.406736643076));
#7125 = ( GEOMETRIC_REPRESENTATION_CONTEXT(2) 
PARAMETRIC_REPRESENTATION_CONTEXT() REPRESENTATION_CONTEXT('2D SPACE',''
  ) );
#7126 = PCURVE('',#866,#7127);
#7127 = DEFINITIONAL_REPRESENTATION('',(#7128),#7132);
#7128 = LINE('',#7129,#7130);
#7129 = CARTESIAN_POINT('',(0.,-8.));
#7130 = VECTOR('',#7131,1.);
#7131 = DIRECTION('',(1.,0.));
#7132 = ( GEOMETRIC_REPRESENTATION_CONTEXT(2) 
PARAMETRIC_REPRESENTATION_CONTEXT() REPRESENTATION_CONTEXT('2D SPACE',''
  ) );
#7133 = ORIENTED_EDGE('',*,*,#7134,.T.);
#7134 = EDGE_CURVE('',#7112,#7135,#7137,.T.);
#7135 = VERTEX_POINT('',#7136);
#7136 = CARTESIAN_POINT('',(7.23482521589,13.910081418979,4.));
#7137 = SURFACE_CURVE('',#7138,(#7142,#7149),.PCURVE_S1.);
#7138 = LINE('',#7139,#7140);
#7139 = CARTESIAN_POINT('',(7.170437723465,14.564381947327,4.));
#7140 = VECTOR('',#7141,1.);
#7141 = DIRECTION('',(9.793355819077E-02,-0.99519295525,0.));
#7142 = PCURVE('',#72,#7143);
#7143 = DEFINITIONAL_REPRESENTATION('',(#7144),#7148);
#7144 = LINE('',#7145,#7146);
#7145 = CARTESIAN_POINT('',(-7.170437723465,14.564381947327));
#7146 = VECTOR('',#7147,1.);
#7147 = DIRECTION('',(-9.793355819077E-02,-0.99519295525));
#7148 = ( GEOMETRIC_REPRESENTATION_CONTEXT(2) 
PARAMETRIC_REPRESENTATION_CONTEXT() REPRESENTATION_CONTEXT('2D SPACE',''
  ) );
#7149 = PCURVE('',#894,#7150);
#7150 = DEFINITIONAL_REPRESENTATION('',(#7151),#7155);
#7151 = LINE('',#7152,#7153);
#7152 = CARTESIAN_POINT('',(0.,-8.));
#7153 = VECTOR('',#7154,1.);
#7154 = DIRECTION('',(1.,0.));
#7155 = ( GEOMETRIC_REPRESENTATION_CONTEXT(2) 
PARAMETRIC_REPRESENTATION_CONTEXT() REPRESENTATION_CONTEXT('2D SPACE',''
  ) );
#7156 = ORIENTED_EDGE('',*,*,#7157,.T.);
#7157 = EDGE_CURVE('',#7135,#7158,#7160,.T.);
#7158 = VERTEX_POINT('',#7159);
#7159 = CARTESIAN_POINT('',(7.245922407513,13.275609373153,4.));
#7160 = SURFACE_CURVE('',#7161,(#7165,#7172),.PCURVE_S1.);
#7161 = LINE('',#7162,#7163);
#7162 = CARTESIAN_POINT('',(7.23482521589,13.910081418979,4.));
#7163 = VECTOR('',#7164,1.);
#7164 = DIRECTION('',(1.748775960358E-02,-0.999847077439,0.));
#7165 = PCURVE('',#72,#7166);
#7166 = DEFINITIONAL_REPRESENTATION('',(#7167),#7171);
#7167 = LINE('',#7168,#7169);
#7168 = CARTESIAN_POINT('',(-7.23482521589,13.910081418979));
#7169 = VECTOR('',#7170,1.);
#7170 = DIRECTION('',(-1.748775960358E-02,-0.999847077439));
#7171 = ( GEOMETRIC_REPRESENTATION_CONTEXT(2) 
PARAMETRIC_REPRESENTATION_CONTEXT() REPRESENTATION_CONTEXT('2D SPACE',''
  ) );
#7172 = PCURVE('',#922,#7173);
#7173 = DEFINITIONAL_REPRESENTATION('',(#7174),#7178);
#7174 = LINE('',#7175,#7176);
#7175 = CARTESIAN_POINT('',(0.,-8.));
#7176 = VECTOR('',#7177,1.);
#7177 = DIRECTION('',(1.,0.));
#7178 = ( GEOMETRIC_REPRESENTATION_CONTEXT(2) 
PARAMETRIC_REPRESENTATION_CONTEXT() REPRESENTATION_CONTEXT('2D SPACE',''
  ) );
#7179 = ORIENTED_EDGE('',*,*,#7180,.T.);
#7180 = EDGE_CURVE('',#7158,#7181,#7183,.T.);
#7181 = VERTEX_POINT('',#7182);
#7182 = CARTESIAN_POINT('',(7.201060197759,12.665604407745,4.));
#7183 = SURFACE_CURVE('',#7184,(#7188,#7195),.PCURVE_S1.);
#7184 = LINE('',#7185,#7186);
#7185 = CARTESIAN_POINT('',(7.245922407513,13.275609373153,4.));
#7186 = VECTOR('',#7187,1.);
#7187 = DIRECTION('',(-7.334592117957E-02,-0.997306560615,0.));
#7188 = PCURVE('',#72,#7189);
#7189 = DEFINITIONAL_REPRESENTATION('',(#7190),#7194);
#7190 = LINE('',#7191,#7192);
#7191 = CARTESIAN_POINT('',(-7.245922407513,13.275609373153));
#7192 = VECTOR('',#7193,1.);
#7193 = DIRECTION('',(7.334592117957E-02,-0.997306560615));
#7194 = ( GEOMETRIC_REPRESENTATION_CONTEXT(2) 
PARAMETRIC_REPRESENTATION_CONTEXT() REPRESENTATION_CONTEXT('2D SPACE',''
  ) );
#7195 = PCURVE('',#950,#7196);
#7196 = DEFINITIONAL_REPRESENTATION('',(#7197),#7201);
#7197 = LINE('',#7198,#7199);
#7198 = CARTESIAN_POINT('',(0.,-8.));
#7199 = VECTOR('',#7200,1.);
#7200 = DIRECTION('',(1.,0.));
#7201 = ( GEOMETRIC_REPRESENTATION_CONTEXT(2) 
PARAMETRIC_REPRESENTATION_CONTEXT() REPRESENTATION_CONTEXT('2D SPACE',''
  ) );
#7202 = ORIENTED_EDGE('',*,*,#7203,.T.);
#7203 = EDGE_CURVE('',#7181,#7204,#7206,.T.);
#7204 = VERTEX_POINT('',#7205);
#7205 = CARTESIAN_POINT('',(7.094124698955,12.08673973434,4.));
#7206 = SURFACE_CURVE('',#7207,(#7211,#7218),.PCURVE_S1.);
#7207 = LINE('',#7208,#7209);
#7208 = CARTESIAN_POINT('',(7.201060197759,12.665604407745,4.));
#7209 = VECTOR('',#7210,1.);
#7210 = DIRECTION('',(-0.181659474321,-0.983361497817,0.));
#7211 = PCURVE('',#72,#7212);
#7212 = DEFINITIONAL_REPRESENTATION('',(#7213),#7217);
#7213 = LINE('',#7214,#7215);
#7214 = CARTESIAN_POINT('',(-7.201060197759,12.665604407745));
#7215 = VECTOR('',#7216,1.);
#7216 = DIRECTION('',(0.181659474321,-0.983361497817));
#7217 = ( GEOMETRIC_REPRESENTATION_CONTEXT(2) 
PARAMETRIC_REPRESENTATION_CONTEXT() REPRESENTATION_CONTEXT('2D SPACE',''
  ) );
#7218 = PCURVE('',#978,#7219);
#7219 = DEFINITIONAL_REPRESENTATION('',(#7220),#7224);
#7220 = LINE('',#7221,#7222);
#7221 = CARTESIAN_POINT('',(0.,-8.));
#7222 = VECTOR('',#7223,1.);
#7223 = DIRECTION('',(1.,0.));
#7224 = ( GEOMETRIC_REPRESENTATION_CONTEXT(2) 
PARAMETRIC_REPRESENTATION_CONTEXT() REPRESENTATION_CONTEXT('2D SPACE',''
  ) );
#7225 = ORIENTED_EDGE('',*,*,#7226,.T.);
#7226 = EDGE_CURVE('',#7204,#7227,#7229,.T.);
#7227 = VERTEX_POINT('',#7228);
#7228 = CARTESIAN_POINT('',(6.903036043186,11.555194855347,4.));
#7229 = SURFACE_CURVE('',#7230,(#7234,#7241),.PCURVE_S1.);
#7230 = LINE('',#7231,#7232);
#7231 = CARTESIAN_POINT('',(7.094124698955,12.08673973434,4.));
#7232 = VECTOR('',#7233,1.);
#7233 = DIRECTION('',(-0.338300190001,-0.941038246537,0.));
#7234 = PCURVE('',#72,#7235);
#7235 = DEFINITIONAL_REPRESENTATION('',(#7236),#7240);
#7236 = LINE('',#7237,#7238);
#7237 = CARTESIAN_POINT('',(-7.094124698955,12.08673973434));
#7238 = VECTOR('',#7239,1.);
#7239 = DIRECTION('',(0.338300190001,-0.941038246537));
#7240 = ( GEOMETRIC_REPRESENTATION_CONTEXT(2) 
PARAMETRIC_REPRESENTATION_CONTEXT() REPRESENTATION_CONTEXT('2D SPACE',''
  ) );
#7241 = PCURVE('',#1006,#7242);
#7242 = DEFINITIONAL_REPRESENTATION('',(#7243),#7247);
#7243 = LINE('',#7244,#7245);
#7244 = CARTESIAN_POINT('',(0.,-8.));
#7245 = VECTOR('',#7246,1.);
#7246 = DIRECTION('',(1.,0.));
#7247 = ( GEOMETRIC_REPRESENTATION_CONTEXT(2) 
PARAMETRIC_REPRESENTATION_CONTEXT() REPRESENTATION_CONTEXT('2D SPACE',''
  ) );
#7248 = ORIENTED_EDGE('',*,*,#7249,.T.);
#7249 = EDGE_CURVE('',#7227,#7250,#7252,.T.);
#7250 = VERTEX_POINT('',#7251);
#7251 = CARTESIAN_POINT('',(6.121714599799,10.24731793474,4.));
#7252 = SURFACE_CURVE('',#7253,(#7257,#7264),.PCURVE_S1.);
#7253 = LINE('',#7254,#7255);
#7254 = CARTESIAN_POINT('',(6.903036043186,11.555194855347,4.));
#7255 = VECTOR('',#7256,1.);
#7256 = DIRECTION('',(-0.512851563043,-0.858477299807,0.));
#7257 = PCURVE('',#72,#7258);
#7258 = DEFINITIONAL_REPRESENTATION('',(#7259),#7263);
#7259 = LINE('',#7260,#7261);
#7260 = CARTESIAN_POINT('',(-6.903036043186,11.555194855347));
#7261 = VECTOR('',#7262,1.);
#7262 = DIRECTION('',(0.512851563043,-0.858477299807));
#7263 = ( GEOMETRIC_REPRESENTATION_CONTEXT(2) 
PARAMETRIC_REPRESENTATION_CONTEXT() REPRESENTATION_CONTEXT('2D SPACE',''
  ) );
#7264 = PCURVE('',#1034,#7265);
#7265 = DEFINITIONAL_REPRESENTATION('',(#7266),#7270);
#7266 = LINE('',#7267,#7268);
#7267 = CARTESIAN_POINT('',(0.,-8.));
#7268 = VECTOR('',#7269,1.);
#7269 = DIRECTION('',(1.,0.));
#7270 = ( GEOMETRIC_REPRESENTATION_CONTEXT(2) 
PARAMETRIC_REPRESENTATION_CONTEXT() REPRESENTATION_CONTEXT('2D SPACE',''
  ) );
#7271 = ORIENTED_EDGE('',*,*,#7272,.T.);
#7272 = EDGE_CURVE('',#7250,#7273,#7275,.T.);
#7273 = VERTEX_POINT('',#7274);
#7274 = CARTESIAN_POINT('',(7.016169628415,9.656929027509,4.));
#7275 = SURFACE_CURVE('',#7276,(#7280,#7287),.PCURVE_S1.);
#7276 = LINE('',#7277,#7278);
#7277 = CARTESIAN_POINT('',(6.121714599799,10.24731793474,4.));
#7278 = VECTOR('',#7279,1.);
#7279 = DIRECTION('',(0.834588563143,-0.550873787969,0.));
#7280 = PCURVE('',#72,#7281);
#7281 = DEFINITIONAL_REPRESENTATION('',(#7282),#7286);
#7282 = LINE('',#7283,#7284);
#7283 = CARTESIAN_POINT('',(-6.121714599799,10.24731793474));
#7284 = VECTOR('',#7285,1.);
#7285 = DIRECTION('',(-0.834588563143,-0.550873787969));
#7286 = ( GEOMETRIC_REPRESENTATION_CONTEXT(2) 
PARAMETRIC_REPRESENTATION_CONTEXT() REPRESENTATION_CONTEXT('2D SPACE',''
  ) );
#7287 = PCURVE('',#1062,#7288);
#7288 = DEFINITIONAL_REPRESENTATION('',(#7289),#7293);
#7289 = LINE('',#7290,#7291);
#7290 = CARTESIAN_POINT('',(0.,-8.));
#7291 = VECTOR('',#7292,1.);
#7292 = DIRECTION('',(1.,0.));
#7293 = ( GEOMETRIC_REPRESENTATION_CONTEXT(2) 
PARAMETRIC_REPRESENTATION_CONTEXT() REPRESENTATION_CONTEXT('2D SPACE',''
  ) );
#7294 = ORIENTED_EDGE('',*,*,#7295,.T.);
#7295 = EDGE_CURVE('',#7273,#7296,#7298,.T.);
#7296 = VERTEX_POINT('',#7297);
#7297 = CARTESIAN_POINT('',(7.854064650331,8.988691949636,4.));
#7298 = SURFACE_CURVE('',#7299,(#7303,#7310),.PCURVE_S1.);
#7299 = LINE('',#7300,#7301);
#7300 = CARTESIAN_POINT('',(7.016169628415,9.656929027509,4.));
#7301 = VECTOR('',#7302,1.);
#7302 = DIRECTION('',(0.781814155026,-0.623511529164,0.));
#7303 = PCURVE('',#72,#7304);
#7304 = DEFINITIONAL_REPRESENTATION('',(#7305),#7309);
#7305 = LINE('',#7306,#7307);
#7306 = CARTESIAN_POINT('',(-7.016169628415,9.656929027509));
#7307 = VECTOR('',#7308,1.);
#7308 = DIRECTION('',(-0.781814155026,-0.623511529164));
#7309 = ( GEOMETRIC_REPRESENTATION_CONTEXT(2) 
PARAMETRIC_REPRESENTATION_CONTEXT() REPRESENTATION_CONTEXT('2D SPACE',''
  ) );
#7310 = PCURVE('',#1090,#7311);
#7311 = DEFINITIONAL_REPRESENTATION('',(#7312),#7316);
#7312 = LINE('',#7313,#7314);
#7313 = CARTESIAN_POINT('',(0.,-8.));
#7314 = VECTOR('',#7315,1.);
#7315 = DIRECTION('',(1.,0.));
#7316 = ( GEOMETRIC_REPRESENTATION_CONTEXT(2) 
PARAMETRIC_REPRESENTATION_CONTEXT() REPRESENTATION_CONTEXT('2D SPACE',''
  ) );
#7317 = ORIENTED_EDGE('',*,*,#7318,.T.);
#7318 = EDGE_CURVE('',#7296,#7319,#7321,.T.);
#7319 = VERTEX_POINT('',#7320);
#7320 = CARTESIAN_POINT('',(8.85648791411,10.135928994709,4.));
#7321 = SURFACE_CURVE('',#7322,(#7326,#7333),.PCURVE_S1.);
#7322 = LINE('',#7323,#7324);
#7323 = CARTESIAN_POINT('',(7.854064650331,8.988691949636,4.));
#7324 = VECTOR('',#7325,1.);
#7325 = DIRECTION('',(0.657980581501,0.75303489585,0.));
#7326 = PCURVE('',#72,#7327);
#7327 = DEFINITIONAL_REPRESENTATION('',(#7328),#7332);
#7328 = LINE('',#7329,#7330);
#7329 = CARTESIAN_POINT('',(-7.854064650331,8.988691949636));
#7330 = VECTOR('',#7331,1.);
#7331 = DIRECTION('',(-0.657980581501,0.75303489585));
#7332 = ( GEOMETRIC_REPRESENTATION_CONTEXT(2) 
PARAMETRIC_REPRESENTATION_CONTEXT() REPRESENTATION_CONTEXT('2D SPACE',''
  ) );
#7333 = PCURVE('',#1118,#7334);
#7334 = DEFINITIONAL_REPRESENTATION('',(#7335),#7339);
#7335 = LINE('',#7336,#7337);
#7336 = CARTESIAN_POINT('',(0.,-8.));
#7337 = VECTOR('',#7338,1.);
#7338 = DIRECTION('',(1.,0.));
#7339 = ( GEOMETRIC_REPRESENTATION_CONTEXT(2) 
PARAMETRIC_REPRESENTATION_CONTEXT() REPRESENTATION_CONTEXT('2D SPACE',''
  ) );
#7340 = ORIENTED_EDGE('',*,*,#7341,.T.);
#7341 = EDGE_CURVE('',#7319,#7342,#7344,.T.);
#7342 = VERTEX_POINT('',#7343);
#7343 = CARTESIAN_POINT('',(9.302967492916,10.48192150685,4.));
#7344 = SURFACE_CURVE('',#7345,(#7349,#7356),.PCURVE_S1.);
#7345 = LINE('',#7346,#7347);
#7346 = CARTESIAN_POINT('',(8.85648791411,10.135928994709,4.));
#7347 = VECTOR('',#7348,1.);
#7348 = DIRECTION('',(0.790440048541,0.612539410701,0.));
#7349 = PCURVE('',#72,#7350);
#7350 = DEFINITIONAL_REPRESENTATION('',(#7351),#7355);
#7351 = LINE('',#7352,#7353);
#7352 = CARTESIAN_POINT('',(-8.85648791411,10.135928994709));
#7353 = VECTOR('',#7354,1.);
#7354 = DIRECTION('',(-0.790440048541,0.612539410701));
#7355 = ( GEOMETRIC_REPRESENTATION_CONTEXT(2) 
PARAMETRIC_REPRESENTATION_CONTEXT() REPRESENTATION_CONTEXT('2D SPACE',''
  ) );
#7356 = PCURVE('',#1146,#7357);
#7357 = DEFINITIONAL_REPRESENTATION('',(#7358),#7362);
#7358 = LINE('',#7359,#7360);
#7359 = CARTESIAN_POINT('',(0.,-8.));
#7360 = VECTOR('',#7361,1.);
#7361 = DIRECTION('',(1.,0.));
#7362 = ( GEOMETRIC_REPRESENTATION_CONTEXT(2) 
PARAMETRIC_REPRESENTATION_CONTEXT() REPRESENTATION_CONTEXT('2D SPACE',''
  ) );
#7363 = ORIENTED_EDGE('',*,*,#7364,.T.);
#7364 = EDGE_CURVE('',#7342,#7365,#7367,.T.);
#7365 = VERTEX_POINT('',#7366);
#7366 = CARTESIAN_POINT('',(9.820455626178,10.762502231336,4.));
#7367 = SURFACE_CURVE('',#7368,(#7372,#7379),.PCURVE_S1.);
#7368 = LINE('',#7369,#7370);
#7369 = CARTESIAN_POINT('',(9.302967492916,10.48192150685,4.));
#7370 = VECTOR('',#7371,1.);
#7371 = DIRECTION('',(0.879096495619,0.476643841239,0.));
#7372 = PCURVE('',#72,#7373);
#7373 = DEFINITIONAL_REPRESENTATION('',(#7374),#7378);
#7374 = LINE('',#7375,#7376);
#7375 = CARTESIAN_POINT('',(-9.302967492916,10.48192150685));
#7376 = VECTOR('',#7377,1.);
#7377 = DIRECTION('',(-0.879096495619,0.476643841239));
#7378 = ( GEOMETRIC_REPRESENTATION_CONTEXT(2) 
PARAMETRIC_REPRESENTATION_CONTEXT() REPRESENTATION_CONTEXT('2D SPACE',''
  ) );
#7379 = PCURVE('',#1174,#7380);
#7380 = DEFINITIONAL_REPRESENTATION('',(#7381),#7385);
#7381 = LINE('',#7382,#7383);
#7382 = CARTESIAN_POINT('',(0.,-8.));
#7383 = VECTOR('',#7384,1.);
#7384 = DIRECTION('',(1.,0.));
#7385 = ( GEOMETRIC_REPRESENTATION_CONTEXT(2) 
PARAMETRIC_REPRESENTATION_CONTEXT() REPRESENTATION_CONTEXT('2D SPACE',''
  ) );
#7386 = ORIENTED_EDGE('',*,*,#7387,.T.);
#7387 = EDGE_CURVE('',#7365,#7388,#7390,.T.);
#7388 = VERTEX_POINT('',#7389);
#7389 = CARTESIAN_POINT('',(10.386741638283,10.993670629222,4.));
#7390 = SURFACE_CURVE('',#7391,(#7395,#7402),.PCURVE_S1.);
#7391 = LINE('',#7392,#7393);
#7392 = CARTESIAN_POINT('',(9.820455626178,10.762502231336,4.));
#7393 = VECTOR('',#7394,1.);
#7394 = DIRECTION('',(0.925829767105,0.377940792113,0.));
#7395 = PCURVE('',#72,#7396);
#7396 = DEFINITIONAL_REPRESENTATION('',(#7397),#7401);
#7397 = LINE('',#7398,#7399);
#7398 = CARTESIAN_POINT('',(-9.820455626178,10.762502231336));
#7399 = VECTOR('',#7400,1.);
#7400 = DIRECTION('',(-0.925829767105,0.377940792113));
#7401 = ( GEOMETRIC_REPRESENTATION_CONTEXT(2) 
PARAMETRIC_REPRESENTATION_CONTEXT() REPRESENTATION_CONTEXT('2D SPACE',''
  ) );
#7402 = PCURVE('',#1202,#7403);
#7403 = DEFINITIONAL_REPRESENTATION('',(#7404),#7408);
#7404 = LINE('',#7405,#7406);
#7405 = CARTESIAN_POINT('',(0.,-8.));
#7406 = VECTOR('',#7407,1.);
#7407 = DIRECTION('',(1.,0.));
#7408 = ( GEOMETRIC_REPRESENTATION_CONTEXT(2) 
PARAMETRIC_REPRESENTATION_CONTEXT() REPRESENTATION_CONTEXT('2D SPACE',''
  ) );
#7409 = ORIENTED_EDGE('',*,*,#7410,.T.);
#7410 = EDGE_CURVE('',#7388,#7411,#7413,.T.);
#7411 = VERTEX_POINT('',#7412);
#7412 = CARTESIAN_POINT('',(10.993589632674,11.179179217432,4.));
#7413 = SURFACE_CURVE('',#7414,(#7418,#7425),.PCURVE_S1.);
#7414 = LINE('',#7415,#7416);
#7415 = CARTESIAN_POINT('',(10.386741638283,10.993670629222,4.));
#7416 = VECTOR('',#7417,1.);
#7417 = DIRECTION('',(0.956315093208,0.292337890978,0.));
#7418 = PCURVE('',#72,#7419);
#7419 = DEFINITIONAL_REPRESENTATION('',(#7420),#7424);
#7420 = LINE('',#7421,#7422);
#7421 = CARTESIAN_POINT('',(-10.38674163828,10.993670629222));
#7422 = VECTOR('',#7423,1.);
#7423 = DIRECTION('',(-0.956315093208,0.292337890978));
#7424 = ( GEOMETRIC_REPRESENTATION_CONTEXT(2) 
PARAMETRIC_REPRESENTATION_CONTEXT() REPRESENTATION_CONTEXT('2D SPACE',''
  ) );
#7425 = PCURVE('',#1230,#7426);
#7426 = DEFINITIONAL_REPRESENTATION('',(#7427),#7431);
#7427 = LINE('',#7428,#7429);
#7428 = CARTESIAN_POINT('',(0.,-8.));
#7429 = VECTOR('',#7430,1.);
#7430 = DIRECTION('',(1.,0.));
#7431 = ( GEOMETRIC_REPRESENTATION_CONTEXT(2) 
PARAMETRIC_REPRESENTATION_CONTEXT() REPRESENTATION_CONTEXT('2D SPACE',''
  ) );
#7432 = ORIENTED_EDGE('',*,*,#7433,.T.);
#7433 = EDGE_CURVE('',#7411,#7434,#7436,.T.);
#7434 = VERTEX_POINT('',#7435);
#7435 = CARTESIAN_POINT('',(11.635763243159,11.320133055882,4.));
#7436 = SURFACE_CURVE('',#7437,(#7441,#7448),.PCURVE_S1.);
#7437 = LINE('',#7438,#7439);
#7438 = CARTESIAN_POINT('',(10.993589632674,11.179179217432,4.));
#7439 = VECTOR('',#7440,1.);
#7440 = DIRECTION('',(0.976747878863,0.214391187173,0.));
#7441 = PCURVE('',#72,#7442);
#7442 = DEFINITIONAL_REPRESENTATION('',(#7443),#7447);
#7443 = LINE('',#7444,#7445);
#7444 = CARTESIAN_POINT('',(-10.99358963267,11.179179217432));
#7445 = VECTOR('',#7446,1.);
#7446 = DIRECTION('',(-0.976747878863,0.214391187173));
#7447 = ( GEOMETRIC_REPRESENTATION_CONTEXT(2) 
PARAMETRIC_REPRESENTATION_CONTEXT() REPRESENTATION_CONTEXT('2D SPACE',''
  ) );
#7448 = PCURVE('',#1258,#7449);
#7449 = DEFINITIONAL_REPRESENTATION('',(#7450),#7454);
#7450 = LINE('',#7451,#7452);
#7451 = CARTESIAN_POINT('',(0.,-8.));
#7452 = VECTOR('',#7453,1.);
#7453 = DIRECTION('',(1.,0.));
#7454 = ( GEOMETRIC_REPRESENTATION_CONTEXT(2) 
PARAMETRIC_REPRESENTATION_CONTEXT() REPRESENTATION_CONTEXT('2D SPACE',''
  ) );
#7455 = ORIENTED_EDGE('',*,*,#7456,.T.);
#7456 = EDGE_CURVE('',#7434,#7457,#7459,.T.);
#7457 = VERTEX_POINT('',#7458);
#7458 = CARTESIAN_POINT('',(12.47438863331,10.388745202326,4.));
#7459 = SURFACE_CURVE('',#7460,(#7464,#7471),.PCURVE_S1.);
#7460 = LINE('',#7461,#7462);
#7461 = CARTESIAN_POINT('',(11.635763243159,11.320133055882,4.));
#7462 = VECTOR('',#7463,1.);
#7463 = DIRECTION('',(0.669130606359,-0.743144825477,0.));
#7464 = PCURVE('',#72,#7465);
#7465 = DEFINITIONAL_REPRESENTATION('',(#7466),#7470);
#7466 = LINE('',#7467,#7468);
#7467 = CARTESIAN_POINT('',(-11.63576324315,11.320133055882));
#7468 = VECTOR('',#7469,1.);
#7469 = DIRECTION('',(-0.669130606359,-0.743144825477));
#7470 = ( GEOMETRIC_REPRESENTATION_CONTEXT(2) 
PARAMETRIC_REPRESENTATION_CONTEXT() REPRESENTATION_CONTEXT('2D SPACE',''
  ) );
#7471 = PCURVE('',#1286,#7472);
#7472 = DEFINITIONAL_REPRESENTATION('',(#7473),#7477);
#7473 = LINE('',#7474,#7475);
#7474 = CARTESIAN_POINT('',(0.,-8.));
#7475 = VECTOR('',#7476,1.);
#7476 = DIRECTION('',(1.,0.));
#7477 = ( GEOMETRIC_REPRESENTATION_CONTEXT(2) 
PARAMETRIC_REPRESENTATION_CONTEXT() REPRESENTATION_CONTEXT('2D SPACE',''
  ) );
#7478 = ORIENTED_EDGE('',*,*,#7479,.T.);
#7479 = EDGE_CURVE('',#7457,#7480,#7482,.T.);
#7480 = VERTEX_POINT('',#7481);
#7481 = CARTESIAN_POINT('',(12.267081534081,9.764823174196,4.));
#7482 = SURFACE_CURVE('',#7483,(#7487,#7494),.PCURVE_S1.);
#7483 = LINE('',#7484,#7485);
#7484 = CARTESIAN_POINT('',(12.47438863331,10.388745202326,4.));
#7485 = VECTOR('',#7486,1.);
#7486 = DIRECTION('',(-0.315314684595,-0.94898717045,0.));
#7487 = PCURVE('',#72,#7488);
#7488 = DEFINITIONAL_REPRESENTATION('',(#7489),#7493);
#7489 = LINE('',#7490,#7491);
#7490 = CARTESIAN_POINT('',(-12.47438863331,10.388745202326));
#7491 = VECTOR('',#7492,1.);
#7492 = DIRECTION('',(0.315314684595,-0.94898717045));
#7493 = ( GEOMETRIC_REPRESENTATION_CONTEXT(2) 
PARAMETRIC_REPRESENTATION_CONTEXT() REPRESENTATION_CONTEXT('2D SPACE',''
  ) );
#7494 = PCURVE('',#1314,#7495);
#7495 = DEFINITIONAL_REPRESENTATION('',(#7496),#7500);
#7496 = LINE('',#7497,#7498);
#7497 = CARTESIAN_POINT('',(0.,-8.));
#7498 = VECTOR('',#7499,1.);
#7499 = DIRECTION('',(1.,0.));
#7500 = ( GEOMETRIC_REPRESENTATION_CONTEXT(2) 
PARAMETRIC_REPRESENTATION_CONTEXT() REPRESENTATION_CONTEXT('2D SPACE',''
  ) );
#7501 = ORIENTED_EDGE('',*,*,#7502,.T.);
#7502 = EDGE_CURVE('',#7480,#7503,#7505,.T.);
#7503 = VERTEX_POINT('',#7504);
#7504 = CARTESIAN_POINT('',(12.019156293037,9.180690484262,4.));
#7505 = SURFACE_CURVE('',#7506,(#7510,#7517),.PCURVE_S1.);
#7506 = LINE('',#7507,#7508);
#7507 = CARTESIAN_POINT('',(12.267081534081,9.764823174196,4.));
#7508 = VECTOR('',#7509,1.);
#7509 = DIRECTION('',(-0.390698580517,-0.920518668568,0.));
#7510 = PCURVE('',#72,#7511);
#7511 = DEFINITIONAL_REPRESENTATION('',(#7512),#7516);
#7512 = LINE('',#7513,#7514);
#7513 = CARTESIAN_POINT('',(-12.26708153408,9.764823174196));
#7514 = VECTOR('',#7515,1.);
#7515 = DIRECTION('',(0.390698580517,-0.920518668568));
#7516 = ( GEOMETRIC_REPRESENTATION_CONTEXT(2) 
PARAMETRIC_REPRESENTATION_CONTEXT() REPRESENTATION_CONTEXT('2D SPACE',''
  ) );
#7517 = PCURVE('',#1342,#7518);
#7518 = DEFINITIONAL_REPRESENTATION('',(#7519),#7523);
#7519 = LINE('',#7520,#7521);
#7520 = CARTESIAN_POINT('',(0.,-8.));
#7521 = VECTOR('',#7522,1.);
#7522 = DIRECTION('',(1.,0.));
#7523 = ( GEOMETRIC_REPRESENTATION_CONTEXT(2) 
PARAMETRIC_REPRESENTATION_CONTEXT() REPRESENTATION_CONTEXT('2D SPACE',''
  ) );
#7524 = ORIENTED_EDGE('',*,*,#7525,.T.);
#7525 = EDGE_CURVE('',#7503,#7526,#7528,.T.);
#7526 = VERTEX_POINT('',#7527);
#7527 = CARTESIAN_POINT('',(11.730061253206,8.64167032357,4.));
#7528 = SURFACE_CURVE('',#7529,(#7533,#7540),.PCURVE_S1.);
#7529 = LINE('',#7530,#7531);
#7530 = CARTESIAN_POINT('',(12.019156293037,9.180690484262,4.));
#7531 = VECTOR('',#7532,1.);
#7532 = DIRECTION('',(-0.472645955712,-0.881252404563,0.));
#7533 = PCURVE('',#72,#7534);
#7534 = DEFINITIONAL_REPRESENTATION('',(#7535),#7539);
#7535 = LINE('',#7536,#7537);
#7536 = CARTESIAN_POINT('',(-12.01915629303,9.180690484262));
#7537 = VECTOR('',#7538,1.);
#7538 = DIRECTION('',(0.472645955712,-0.881252404563));
#7539 = ( GEOMETRIC_REPRESENTATION_CONTEXT(2) 
PARAMETRIC_REPRESENTATION_CONTEXT() REPRESENTATION_CONTEXT('2D SPACE',''
  ) );
#7540 = PCURVE('',#1370,#7541);
#7541 = DEFINITIONAL_REPRESENTATION('',(#7542),#7546);
#7542 = LINE('',#7543,#7544);
#7543 = CARTESIAN_POINT('',(0.,-8.));
#7544 = VECTOR('',#7545,1.);
#7545 = DIRECTION('',(1.,0.));
#7546 = ( GEOMETRIC_REPRESENTATION_CONTEXT(2) 
PARAMETRIC_REPRESENTATION_CONTEXT() REPRESENTATION_CONTEXT('2D SPACE',''
  ) );
#7547 = ORIENTED_EDGE('',*,*,#7548,.T.);
#7548 = EDGE_CURVE('',#7526,#7549,#7551,.T.);
#7549 = VERTEX_POINT('',#7550);
#7550 = CARTESIAN_POINT('',(11.396925339957,8.156345716401,4.));
#7551 = SURFACE_CURVE('',#7552,(#7556,#7563),.PCURVE_S1.);
#7552 = LINE('',#7553,#7554);
#7553 = CARTESIAN_POINT('',(11.730061253206,8.64167032357,4.));
#7554 = VECTOR('',#7555,1.);
#7555 = DIRECTION('',(-0.565923342156,-0.824457864784,0.));
#7556 = PCURVE('',#72,#7557);
#7557 = DEFINITIONAL_REPRESENTATION('',(#7558),#7562);
#7558 = LINE('',#7559,#7560);
#7559 = CARTESIAN_POINT('',(-11.7300612532,8.64167032357));
#7560 = VECTOR('',#7561,1.);
#7561 = DIRECTION('',(0.565923342156,-0.824457864784));
#7562 = ( GEOMETRIC_REPRESENTATION_CONTEXT(2) 
PARAMETRIC_REPRESENTATION_CONTEXT() REPRESENTATION_CONTEXT('2D SPACE',''
  ) );
#7563 = PCURVE('',#1398,#7564);
#7564 = DEFINITIONAL_REPRESENTATION('',(#7565),#7569);
#7565 = LINE('',#7566,#7567);
#7566 = CARTESIAN_POINT('',(0.,-8.));
#7567 = VECTOR('',#7568,1.);
#7568 = DIRECTION('',(1.,0.));
#7569 = ( GEOMETRIC_REPRESENTATION_CONTEXT(2) 
PARAMETRIC_REPRESENTATION_CONTEXT() REPRESENTATION_CONTEXT('2D SPACE',''
  ) );
#7570 = ORIENTED_EDGE('',*,*,#7571,.T.);
#7571 = EDGE_CURVE('',#7549,#7572,#7574,.T.);
#7572 = VERTEX_POINT('',#7573);
#7573 = CARTESIAN_POINT('',(11.006158386747,7.74847806504,4.));
#7574 = SURFACE_CURVE('',#7575,(#7579,#7586),.PCURVE_S1.);
#7575 = LINE('',#7576,#7577);
#7576 = CARTESIAN_POINT('',(11.396925339957,8.156345716401,4.));
#7577 = VECTOR('',#7578,1.);
#7578 = DIRECTION('',(-0.691807339297,-0.722082131959,0.));
#7579 = PCURVE('',#72,#7580);
#7580 = DEFINITIONAL_REPRESENTATION('',(#7581),#7585);
#7581 = LINE('',#7582,#7583);
#7582 = CARTESIAN_POINT('',(-11.39692533995,8.156345716401));
#7583 = VECTOR('',#7584,1.);
#7584 = DIRECTION('',(0.691807339297,-0.722082131959));
#7585 = ( GEOMETRIC_REPRESENTATION_CONTEXT(2) 
PARAMETRIC_REPRESENTATION_CONTEXT() REPRESENTATION_CONTEXT('2D SPACE',''
  ) );
#7586 = PCURVE('',#1426,#7587);
#7587 = DEFINITIONAL_REPRESENTATION('',(#7588),#7592);
#7588 = LINE('',#7589,#7590);
#7589 = CARTESIAN_POINT('',(0.,-8.));
#7590 = VECTOR('',#7591,1.);
#7591 = DIRECTION('',(1.,0.));
#7592 = ( GEOMETRIC_REPRESENTATION_CONTEXT(2) 
PARAMETRIC_REPRESENTATION_CONTEXT() REPRESENTATION_CONTEXT('2D SPACE',''
  ) );
#7593 = ORIENTED_EDGE('',*,*,#7594,.T.);
#7594 = EDGE_CURVE('',#7572,#7595,#7597,.T.);
#7595 = VERTEX_POINT('',#7596);
#7596 = CARTESIAN_POINT('',(9.760424262938,6.871465106111,4.));
#7597 = SURFACE_CURVE('',#7598,(#7602,#7609),.PCURVE_S1.);
#7598 = LINE('',#7599,#7600);
#7599 = CARTESIAN_POINT('',(11.006158386747,7.74847806504,4.));
#7600 = VECTOR('',#7601,1.);
#7601 = DIRECTION('',(-0.817687390943,-0.57566251458,0.));
#7602 = PCURVE('',#72,#7603);
#7603 = DEFINITIONAL_REPRESENTATION('',(#7604),#7608);
#7604 = LINE('',#7605,#7606);
#7605 = CARTESIAN_POINT('',(-11.00615838674,7.74847806504));
#7606 = VECTOR('',#7607,1.);
#7607 = DIRECTION('',(0.817687390943,-0.57566251458));
#7608 = ( GEOMETRIC_REPRESENTATION_CONTEXT(2) 
PARAMETRIC_REPRESENTATION_CONTEXT() REPRESENTATION_CONTEXT('2D SPACE',''
  ) );
#7609 = PCURVE('',#1454,#7610);
#7610 = DEFINITIONAL_REPRESENTATION('',(#7611),#7615);
#7611 = LINE('',#7612,#7613);
#7612 = CARTESIAN_POINT('',(0.,-8.));
#7613 = VECTOR('',#7614,1.);
#7614 = DIRECTION('',(1.,0.));
#7615 = ( GEOMETRIC_REPRESENTATION_CONTEXT(2) 
PARAMETRIC_REPRESENTATION_CONTEXT() REPRESENTATION_CONTEXT('2D SPACE',''
  ) );
#7616 = ORIENTED_EDGE('',*,*,#7617,.T.);
#7617 = EDGE_CURVE('',#7595,#7618,#7620,.T.);
#7618 = VERTEX_POINT('',#7619);
#7619 = CARTESIAN_POINT('',(10.337416789159,5.968310365946,4.));
#7620 = SURFACE_CURVE('',#7621,(#7625,#7632),.PCURVE_S1.);
#7621 = LINE('',#7622,#7623);
#7622 = CARTESIAN_POINT('',(9.760424262938,6.871465106111,4.));
#7623 = VECTOR('',#7624,1.);
#7624 = DIRECTION('',(0.538374035583,-0.842705997256,0.));
#7625 = PCURVE('',#72,#7626);
#7626 = DEFINITIONAL_REPRESENTATION('',(#7627),#7631);
#7627 = LINE('',#7628,#7629);
#7628 = CARTESIAN_POINT('',(-9.760424262938,6.871465106111));
#7629 = VECTOR('',#7630,1.);
#7630 = DIRECTION('',(-0.538374035583,-0.842705997256));
#7631 = ( GEOMETRIC_REPRESENTATION_CONTEXT(2) 
PARAMETRIC_REPRESENTATION_CONTEXT() REPRESENTATION_CONTEXT('2D SPACE',''
  ) );
#7632 = PCURVE('',#1482,#7633);
#7633 = DEFINITIONAL_REPRESENTATION('',(#7634),#7638);
#7634 = LINE('',#7635,#7636);
#7635 = CARTESIAN_POINT('',(0.,-8.));
#7636 = VECTOR('',#7637,1.);
#7637 = DIRECTION('',(1.,0.));
#7638 = ( GEOMETRIC_REPRESENTATION_CONTEXT(2) 
PARAMETRIC_REPRESENTATION_CONTEXT() REPRESENTATION_CONTEXT('2D SPACE',''
  ) );
#7639 = ORIENTED_EDGE('',*,*,#7640,.T.);
#7640 = EDGE_CURVE('',#7618,#7641,#7643,.T.);
#7641 = VERTEX_POINT('',#7642);
#7642 = CARTESIAN_POINT('',(10.831075474579,5.017042810362,4.));
#7643 = SURFACE_CURVE('',#7644,(#7648,#7655),.PCURVE_S1.);
#7644 = LINE('',#7645,#7646);
#7645 = CARTESIAN_POINT('',(10.337416789159,5.968310365946,4.));
#7646 = VECTOR('',#7647,1.);
#7647 = DIRECTION('',(0.460617783753,-0.88759859018,0.));
#7648 = PCURVE('',#72,#7649);
#7649 = DEFINITIONAL_REPRESENTATION('',(#7650),#7654);
#7650 = LINE('',#7651,#7652);
#7651 = CARTESIAN_POINT('',(-10.33741678915,5.968310365946));
#7652 = VECTOR('',#7653,1.);
#7653 = DIRECTION('',(-0.460617783753,-0.88759859018));
#7654 = ( GEOMETRIC_REPRESENTATION_CONTEXT(2) 
PARAMETRIC_REPRESENTATION_CONTEXT() REPRESENTATION_CONTEXT('2D SPACE',''
  ) );
#7655 = PCURVE('',#1510,#7656);
#7656 = DEFINITIONAL_REPRESENTATION('',(#7657),#7661);
#7657 = LINE('',#7658,#7659);
#7658 = CARTESIAN_POINT('',(0.,-8.));
#7659 = VECTOR('',#7660,1.);
#7660 = DIRECTION('',(1.,0.));
#7661 = ( GEOMETRIC_REPRESENTATION_CONTEXT(2) 
PARAMETRIC_REPRESENTATION_CONTEXT() REPRESENTATION_CONTEXT('2D SPACE',''
  ) );
#7662 = ORIENTED_EDGE('',*,*,#7663,.T.);
#7663 = EDGE_CURVE('',#7641,#7664,#7666,.T.);
#7664 = VERTEX_POINT('',#7665);
#7665 = CARTESIAN_POINT('',(12.213458038365,5.657373728478,4.));
#7666 = SURFACE_CURVE('',#7667,(#7671,#7678),.PCURVE_S1.);
#7667 = LINE('',#7668,#7669);
#7668 = CARTESIAN_POINT('',(10.831075474579,5.017042810362,4.));
#7669 = VECTOR('',#7670,1.);
#7670 = DIRECTION('',(0.907382057104,0.420306795621,0.));
#7671 = PCURVE('',#72,#7672);
#7672 = DEFINITIONAL_REPRESENTATION('',(#7673),#7677);
#7673 = LINE('',#7674,#7675);
#7674 = CARTESIAN_POINT('',(-10.83107547457,5.017042810362));
#7675 = VECTOR('',#7676,1.);
#7676 = DIRECTION('',(-0.907382057104,0.420306795621));
#7677 = ( GEOMETRIC_REPRESENTATION_CONTEXT(2) 
PARAMETRIC_REPRESENTATION_CONTEXT() REPRESENTATION_CONTEXT('2D SPACE',''
  ) );
#7678 = PCURVE('',#1538,#7679);
#7679 = DEFINITIONAL_REPRESENTATION('',(#7680),#7684);
#7680 = LINE('',#7681,#7682);
#7681 = CARTESIAN_POINT('',(0.,-8.));
#7682 = VECTOR('',#7683,1.);
#7683 = DIRECTION('',(1.,0.));
#7684 = ( GEOMETRIC_REPRESENTATION_CONTEXT(2) 
PARAMETRIC_REPRESENTATION_CONTEXT() REPRESENTATION_CONTEXT('2D SPACE',''
  ) );
#7685 = ORIENTED_EDGE('',*,*,#7686,.T.);
#7686 = EDGE_CURVE('',#7664,#7687,#7689,.T.);
#7687 = VERTEX_POINT('',#7688);
#7688 = CARTESIAN_POINT('',(12.76206526243,5.791854011237,4.));
#7689 = SURFACE_CURVE('',#7690,(#7694,#7701),.PCURVE_S1.);
#7690 = LINE('',#7691,#7692);
#7691 = CARTESIAN_POINT('',(12.213458038365,5.657373728478,4.));
#7692 = VECTOR('',#7693,1.);
#7693 = DIRECTION('',(0.971245139544,0.238081664377,0.));
#7694 = PCURVE('',#72,#7695);
#7695 = DEFINITIONAL_REPRESENTATION('',(#7696),#7700);
#7696 = LINE('',#7697,#7698);
#7697 = CARTESIAN_POINT('',(-12.21345803836,5.657373728478));
#7698 = VECTOR('',#7699,1.);
#7699 = DIRECTION('',(-0.971245139544,0.238081664377));
#7700 = ( GEOMETRIC_REPRESENTATION_CONTEXT(2) 
PARAMETRIC_REPRESENTATION_CONTEXT() REPRESENTATION_CONTEXT('2D SPACE',''
  ) );
#7701 = PCURVE('',#1566,#7702);
#7702 = DEFINITIONAL_REPRESENTATION('',(#7703),#7707);
#7703 = LINE('',#7704,#7705);
#7704 = CARTESIAN_POINT('',(0.,-8.));
#7705 = VECTOR('',#7706,1.);
#7706 = DIRECTION('',(1.,0.));
#7707 = ( GEOMETRIC_REPRESENTATION_CONTEXT(2) 
PARAMETRIC_REPRESENTATION_CONTEXT() REPRESENTATION_CONTEXT('2D SPACE',''
  ) );
#7708 = ORIENTED_EDGE('',*,*,#7709,.T.);
#7709 = EDGE_CURVE('',#7687,#7710,#7712,.T.);
#7710 = VERTEX_POINT('',#7711);
#7711 = CARTESIAN_POINT('',(13.348936657945,5.837695871438,4.));
#7712 = SURFACE_CURVE('',#7713,(#7717,#7724),.PCURVE_S1.);
#7713 = LINE('',#7714,#7715);
#7714 = CARTESIAN_POINT('',(12.76206526243,5.791854011237,4.));
#7715 = VECTOR('',#7716,1.);
#7716 = DIRECTION('',(0.99696312633,7.787505850964E-02,0.));
#7717 = PCURVE('',#72,#7718);
#7718 = DEFINITIONAL_REPRESENTATION('',(#7719),#7723);
#7719 = LINE('',#7720,#7721);
#7720 = CARTESIAN_POINT('',(-12.76206526243,5.791854011237));
#7721 = VECTOR('',#7722,1.);
#7722 = DIRECTION('',(-0.99696312633,7.787505850964E-02));
#7723 = ( GEOMETRIC_REPRESENTATION_CONTEXT(2) 
PARAMETRIC_REPRESENTATION_CONTEXT() REPRESENTATION_CONTEXT('2D SPACE',''
  ) );
#7724 = PCURVE('',#1594,#7725);
#7725 = DEFINITIONAL_REPRESENTATION('',(#7726),#7730);
#7726 = LINE('',#7727,#7728);
#7727 = CARTESIAN_POINT('',(0.,-8.));
#7728 = VECTOR('',#7729,1.);
#7729 = DIRECTION('',(1.,0.));
#7730 = ( GEOMETRIC_REPRESENTATION_CONTEXT(2) 
PARAMETRIC_REPRESENTATION_CONTEXT() REPRESENTATION_CONTEXT('2D SPACE',''
  ) );
#7731 = ORIENTED_EDGE('',*,*,#7732,.T.);
#7732 = EDGE_CURVE('',#7710,#7733,#7735,.T.);
#7733 = VERTEX_POINT('',#7734);
#7734 = CARTESIAN_POINT('',(13.960289330171,5.818549439694,4.));
#7735 = SURFACE_CURVE('',#7736,(#7740,#7747),.PCURVE_S1.);
#7736 = LINE('',#7737,#7738);
#7737 = CARTESIAN_POINT('',(13.348936657945,5.837695871438,4.));
#7738 = VECTOR('',#7739,1.);
#7739 = DIRECTION('',(0.999509947354,-3.130279763883E-02,0.));
#7740 = PCURVE('',#72,#7741);
#7741 = DEFINITIONAL_REPRESENTATION('',(#7742),#7746);
#7742 = LINE('',#7743,#7744);
#7743 = CARTESIAN_POINT('',(-13.34893665794,5.837695871438));
#7744 = VECTOR('',#7745,1.);
#7745 = DIRECTION('',(-0.999509947354,-3.130279763883E-02));
#7746 = ( GEOMETRIC_REPRESENTATION_CONTEXT(2) 
PARAMETRIC_REPRESENTATION_CONTEXT() REPRESENTATION_CONTEXT('2D SPACE',''
  ) );
#7747 = PCURVE('',#1622,#7748);
#7748 = DEFINITIONAL_REPRESENTATION('',(#7749),#7753);
#7749 = LINE('',#7750,#7751);
#7750 = CARTESIAN_POINT('',(0.,-8.));
#7751 = VECTOR('',#7752,1.);
#7752 = DIRECTION('',(1.,0.));
#7753 = ( GEOMETRIC_REPRESENTATION_CONTEXT(2) 
PARAMETRIC_REPRESENTATION_CONTEXT() REPRESENTATION_CONTEXT('2D SPACE',''
  ) );
#7754 = ORIENTED_EDGE('',*,*,#7755,.T.);
#7755 = EDGE_CURVE('',#7733,#7756,#7758,.T.);
#7756 = VERTEX_POINT('',#7757);
#7757 = CARTESIAN_POINT('',(14.590125699357,5.741192651711,4.));
#7758 = SURFACE_CURVE('',#7759,(#7763,#7770),.PCURVE_S1.);
#7759 = LINE('',#7760,#7761);
#7760 = CARTESIAN_POINT('',(13.960289330171,5.818549439694,4.));
#7761 = VECTOR('',#7762,1.);
#7762 = DIRECTION('',(0.992541841896,-0.121904438334,0.));
#7763 = PCURVE('',#72,#7764);
#7764 = DEFINITIONAL_REPRESENTATION('',(#7765),#7769);
#7765 = LINE('',#7766,#7767);
#7766 = CARTESIAN_POINT('',(-13.96028933017,5.818549439694));
#7767 = VECTOR('',#7768,1.);
#7768 = DIRECTION('',(-0.992541841896,-0.121904438334));
#7769 = ( GEOMETRIC_REPRESENTATION_CONTEXT(2) 
PARAMETRIC_REPRESENTATION_CONTEXT() REPRESENTATION_CONTEXT('2D SPACE',''
  ) );
#7770 = PCURVE('',#1650,#7771);
#7771 = DEFINITIONAL_REPRESENTATION('',(#7772),#7776);
#7772 = LINE('',#7773,#7774);
#7773 = CARTESIAN_POINT('',(0.,-8.));
#7774 = VECTOR('',#7775,1.);
#7775 = DIRECTION('',(1.,0.));
#7776 = ( GEOMETRIC_REPRESENTATION_CONTEXT(2) 
PARAMETRIC_REPRESENTATION_CONTEXT() REPRESENTATION_CONTEXT('2D SPACE',''
  ) );
#7777 = ORIENTED_EDGE('',*,*,#7778,.T.);
#7778 = EDGE_CURVE('',#7756,#7779,#7781,.T.);
#7779 = VERTEX_POINT('',#7780);
#7780 = CARTESIAN_POINT('',(15.234111575313,5.608764851964,4.));
#7781 = SURFACE_CURVE('',#7782,(#7786,#7793),.PCURVE_S1.);
#7782 = LINE('',#7783,#7784);
#7783 = CARTESIAN_POINT('',(14.590125699357,5.741192651711,4.));
#7784 = VECTOR('',#7785,1.);
#7785 = DIRECTION('',(0.979504339773,-0.201423058179,0.));
#7786 = PCURVE('',#72,#7787);
#7787 = DEFINITIONAL_REPRESENTATION('',(#7788),#7792);
#7788 = LINE('',#7789,#7790);
#7789 = CARTESIAN_POINT('',(-14.59012569935,5.741192651711));
#7790 = VECTOR('',#7791,1.);
#7791 = DIRECTION('',(-0.979504339773,-0.201423058179));
#7792 = ( GEOMETRIC_REPRESENTATION_CONTEXT(2) 
PARAMETRIC_REPRESENTATION_CONTEXT() REPRESENTATION_CONTEXT('2D SPACE',''
  ) );
#7793 = PCURVE('',#1678,#7794);
#7794 = DEFINITIONAL_REPRESENTATION('',(#7795),#7799);
#7795 = LINE('',#7796,#7797);
#7796 = CARTESIAN_POINT('',(0.,-8.));
#7797 = VECTOR('',#7798,1.);
#7798 = DIRECTION('',(1.,0.));
#7799 = ( GEOMETRIC_REPRESENTATION_CONTEXT(2) 
PARAMETRIC_REPRESENTATION_CONTEXT() REPRESENTATION_CONTEXT('2D SPACE',''
  ) );
#7800 = ORIENTED_EDGE('',*,*,#7801,.T.);
#7801 = EDGE_CURVE('',#7779,#7802,#7804,.T.);
#7802 = VERTEX_POINT('',#7803);
#7803 = CARTESIAN_POINT('',(15.621404422193,4.416800033056,4.));
#7804 = SURFACE_CURVE('',#7805,(#7809,#7816),.PCURVE_S1.);
#7805 = LINE('',#7806,#7807);
#7806 = CARTESIAN_POINT('',(15.234111575313,5.608764851964,4.));
#7807 = VECTOR('',#7808,1.);
#7808 = DIRECTION('',(0.309016994375,-0.951056516295,0.));
#7809 = PCURVE('',#72,#7810);
#7810 = DEFINITIONAL_REPRESENTATION('',(#7811),#7815);
#7811 = LINE('',#7812,#7813);
#7812 = CARTESIAN_POINT('',(-15.23411157531,5.608764851964));
#7813 = VECTOR('',#7814,1.);
#7814 = DIRECTION('',(-0.309016994375,-0.951056516295));
#7815 = ( GEOMETRIC_REPRESENTATION_CONTEXT(2) 
PARAMETRIC_REPRESENTATION_CONTEXT() REPRESENTATION_CONTEXT('2D SPACE',''
  ) );
#7816 = PCURVE('',#1706,#7817);
#7817 = DEFINITIONAL_REPRESENTATION('',(#7818),#7822);
#7818 = LINE('',#7819,#7820);
#7819 = CARTESIAN_POINT('',(0.,-8.));
#7820 = VECTOR('',#7821,1.);
#7821 = DIRECTION('',(1.,0.));
#7822 = ( GEOMETRIC_REPRESENTATION_CONTEXT(2) 
PARAMETRIC_REPRESENTATION_CONTEXT() REPRESENTATION_CONTEXT('2D SPACE',''
  ) );
#7823 = ORIENTED_EDGE('',*,*,#7824,.T.);
#7824 = EDGE_CURVE('',#7802,#7825,#7827,.T.);
#7825 = VERTEX_POINT('',#7826);
#7826 = CARTESIAN_POINT('',(15.178248012092,3.93113829196,4.));
#7827 = SURFACE_CURVE('',#7828,(#7832,#7839),.PCURVE_S1.);
#7828 = LINE('',#7829,#7830);
#7829 = CARTESIAN_POINT('',(15.621404422193,4.416800033056,4.));
#7830 = VECTOR('',#7831,1.);
#7831 = DIRECTION('',(-0.674042153871,-0.738692882601,0.));
#7832 = PCURVE('',#72,#7833);
#7833 = DEFINITIONAL_REPRESENTATION('',(#7834),#7838);
#7834 = LINE('',#7835,#7836);
#7835 = CARTESIAN_POINT('',(-15.62140442219,4.416800033056));
#7836 = VECTOR('',#7837,1.);
#7837 = DIRECTION('',(0.674042153871,-0.738692882601));
#7838 = ( GEOMETRIC_REPRESENTATION_CONTEXT(2) 
PARAMETRIC_REPRESENTATION_CONTEXT() REPRESENTATION_CONTEXT('2D SPACE',''
  ) );
#7839 = PCURVE('',#1734,#7840);
#7840 = DEFINITIONAL_REPRESENTATION('',(#7841),#7845);
#7841 = LINE('',#7842,#7843);
#7842 = CARTESIAN_POINT('',(0.,-8.));
#7843 = VECTOR('',#7844,1.);
#7844 = DIRECTION('',(1.,0.));
#7845 = ( GEOMETRIC_REPRESENTATION_CONTEXT(2) 
PARAMETRIC_REPRESENTATION_CONTEXT() REPRESENTATION_CONTEXT('2D SPACE',''
  ) );
#7846 = ORIENTED_EDGE('',*,*,#7847,.T.);
#7847 = EDGE_CURVE('',#7825,#7848,#7850,.T.);
#7848 = VERTEX_POINT('',#7849);
#7849 = CARTESIAN_POINT('',(14.714168864887,3.498346806687,4.));
#7850 = SURFACE_CURVE('',#7851,(#7855,#7862),.PCURVE_S1.);
#7851 = LINE('',#7852,#7853);
#7852 = CARTESIAN_POINT('',(15.178248012092,3.93113829196,4.));
#7853 = VECTOR('',#7854,1.);
#7854 = DIRECTION('',(-0.73132958668,-0.682024219252,0.));
#7855 = PCURVE('',#72,#7856);
#7856 = DEFINITIONAL_REPRESENTATION('',(#7857),#7861);
#7857 = LINE('',#7858,#7859);
#7858 = CARTESIAN_POINT('',(-15.17824801209,3.93113829196));
#7859 = VECTOR('',#7860,1.);
#7860 = DIRECTION('',(0.73132958668,-0.682024219252));
#7861 = ( GEOMETRIC_REPRESENTATION_CONTEXT(2) 
PARAMETRIC_REPRESENTATION_CONTEXT() REPRESENTATION_CONTEXT('2D SPACE',''
  ) );
#7862 = PCURVE('',#1762,#7863);
#7863 = DEFINITIONAL_REPRESENTATION('',(#7864),#7868);
#7864 = LINE('',#7865,#7866);
#7865 = CARTESIAN_POINT('',(0.,-8.));
#7866 = VECTOR('',#7867,1.);
#7867 = DIRECTION('',(1.,0.));
#7868 = ( GEOMETRIC_REPRESENTATION_CONTEXT(2) 
PARAMETRIC_REPRESENTATION_CONTEXT() REPRESENTATION_CONTEXT('2D SPACE',''
  ) );
#7869 = ORIENTED_EDGE('',*,*,#7870,.T.);
#7870 = EDGE_CURVE('',#7848,#7871,#7873,.T.);
#7871 = VERTEX_POINT('',#7872);
#7872 = CARTESIAN_POINT('',(14.230828153712,3.12351293334,4.));
#7873 = SURFACE_CURVE('',#7874,(#7878,#7885),.PCURVE_S1.);
#7874 = LINE('',#7875,#7876);
#7875 = CARTESIAN_POINT('',(14.714168864887,3.498346806687,4.));
#7876 = VECTOR('',#7877,1.);
#7877 = DIRECTION('',(-0.790221210649,-0.612821701836,0.));
#7878 = PCURVE('',#72,#7879);
#7879 = DEFINITIONAL_REPRESENTATION('',(#7880),#7884);
#7880 = LINE('',#7881,#7882);
#7881 = CARTESIAN_POINT('',(-14.71416886488,3.498346806687));
#7882 = VECTOR('',#7883,1.);
#7883 = DIRECTION('',(0.790221210649,-0.612821701836));
#7884 = ( GEOMETRIC_REPRESENTATION_CONTEXT(2) 
PARAMETRIC_REPRESENTATION_CONTEXT() REPRESENTATION_CONTEXT('2D SPACE',''
  ) );
#7885 = PCURVE('',#1790,#7886);
#7886 = DEFINITIONAL_REPRESENTATION('',(#7887),#7891);
#7887 = LINE('',#7888,#7889);
#7888 = CARTESIAN_POINT('',(0.,-8.));
#7889 = VECTOR('',#7890,1.);
#7890 = DIRECTION('',(1.,0.));
#7891 = ( GEOMETRIC_REPRESENTATION_CONTEXT(2) 
PARAMETRIC_REPRESENTATION_CONTEXT() REPRESENTATION_CONTEXT('2D SPACE',''
  ) );
#7892 = ORIENTED_EDGE('',*,*,#7893,.T.);
#7893 = EDGE_CURVE('',#7871,#7894,#7896,.T.);
#7894 = VERTEX_POINT('',#7895);
#7895 = CARTESIAN_POINT('',(13.729094051864,2.815645426021,4.));
#7896 = SURFACE_CURVE('',#7897,(#7901,#7908),.PCURVE_S1.);
#7897 = LINE('',#7898,#7899);
#7898 = CARTESIAN_POINT('',(14.230828153712,3.12351293334,4.));
#7899 = VECTOR('',#7900,1.);
#7900 = DIRECTION('',(-0.85233392288,-0.522997976964,0.));
#7901 = PCURVE('',#72,#7902);
#7902 = DEFINITIONAL_REPRESENTATION('',(#7903),#7907);
#7903 = LINE('',#7904,#7905);
#7904 = CARTESIAN_POINT('',(-14.23082815371,3.12351293334));
#7905 = VECTOR('',#7906,1.);
#7906 = DIRECTION('',(0.85233392288,-0.522997976964));
#7907 = ( GEOMETRIC_REPRESENTATION_CONTEXT(2) 
PARAMETRIC_REPRESENTATION_CONTEXT() REPRESENTATION_CONTEXT('2D SPACE',''
  ) );
#7908 = PCURVE('',#1818,#7909);
#7909 = DEFINITIONAL_REPRESENTATION('',(#7910),#7914);
#7910 = LINE('',#7911,#7912);
#7911 = CARTESIAN_POINT('',(0.,-8.));
#7912 = VECTOR('',#7913,1.);
#7913 = DIRECTION('',(1.,0.));
#7914 = ( GEOMETRIC_REPRESENTATION_CONTEXT(2) 
PARAMETRIC_REPRESENTATION_CONTEXT() REPRESENTATION_CONTEXT('2D SPACE',''
  ) );
#7915 = ORIENTED_EDGE('',*,*,#7916,.T.);
#7916 = EDGE_CURVE('',#7894,#7917,#7919,.T.);
#7917 = VERTEX_POINT('',#7918);
#7918 = CARTESIAN_POINT('',(13.206215957428,2.601979024575,4.));
#7919 = SURFACE_CURVE('',#7920,(#7924,#7931),.PCURVE_S1.);
#7920 = LINE('',#7921,#7922);
#7921 = CARTESIAN_POINT('',(13.729094051864,2.815645426021,4.));
#7922 = VECTOR('',#7923,1.);
#7923 = DIRECTION('',(-0.925694714757,-0.378271456855,0.));
#7924 = PCURVE('',#72,#7925);
#7925 = DEFINITIONAL_REPRESENTATION('',(#7926),#7930);
#7926 = LINE('',#7927,#7928);
#7927 = CARTESIAN_POINT('',(-13.72909405186,2.815645426021));
#7928 = VECTOR('',#7929,1.);
#7929 = DIRECTION('',(0.925694714757,-0.378271456855));
#7930 = ( GEOMETRIC_REPRESENTATION_CONTEXT(2) 
PARAMETRIC_REPRESENTATION_CONTEXT() REPRESENTATION_CONTEXT('2D SPACE',''
  ) );
#7931 = PCURVE('',#1846,#7932);
#7932 = DEFINITIONAL_REPRESENTATION('',(#7933),#7937);
#7933 = LINE('',#7934,#7935);
#7934 = CARTESIAN_POINT('',(0.,-8.));
#7935 = VECTOR('',#7936,1.);
#7936 = DIRECTION('',(1.,0.));
#7937 = ( GEOMETRIC_REPRESENTATION_CONTEXT(2) 
PARAMETRIC_REPRESENTATION_CONTEXT() REPRESENTATION_CONTEXT('2D SPACE',''
  ) );
#7938 = ORIENTED_EDGE('',*,*,#7939,.T.);
#7939 = EDGE_CURVE('',#7917,#7940,#7942,.T.);
#7940 = VERTEX_POINT('',#7941);
#7941 = CARTESIAN_POINT('',(11.711467900343,2.307473535334,4.));
#7942 = SURFACE_CURVE('',#7943,(#7947,#7954),.PCURVE_S1.);
#7943 = LINE('',#7944,#7945);
#7944 = CARTESIAN_POINT('',(13.206215957428,2.601979024575,4.));
#7945 = VECTOR('',#7946,1.);
#7946 = DIRECTION('',(-0.981137640493,-0.193310450852,0.));
#7947 = PCURVE('',#72,#7948);
#7948 = DEFINITIONAL_REPRESENTATION('',(#7949),#7953);
#7949 = LINE('',#7950,#7951);
#7950 = CARTESIAN_POINT('',(-13.20621595742,2.601979024575));
#7951 = VECTOR('',#7952,1.);
#7952 = DIRECTION('',(0.981137640493,-0.193310450852));
#7953 = ( GEOMETRIC_REPRESENTATION_CONTEXT(2) 
PARAMETRIC_REPRESENTATION_CONTEXT() REPRESENTATION_CONTEXT('2D SPACE',''
  ) );
#7954 = PCURVE('',#1874,#7955);
#7955 = DEFINITIONAL_REPRESENTATION('',(#7956),#7960);
#7956 = LINE('',#7957,#7958);
#7957 = CARTESIAN_POINT('',(0.,-8.));
#7958 = VECTOR('',#7959,1.);
#7959 = DIRECTION('',(1.,0.));
#7960 = ( GEOMETRIC_REPRESENTATION_CONTEXT(2) 
PARAMETRIC_REPRESENTATION_CONTEXT() REPRESENTATION_CONTEXT('2D SPACE',''
  ) );
#7961 = ORIENTED_EDGE('',*,*,#7962,.T.);
#7962 = EDGE_CURVE('',#7940,#7963,#7965,.T.);
#7963 = VERTEX_POINT('',#7964);
#7964 = CARTESIAN_POINT('',(11.871230674574,1.247716621713,4.));
#7965 = SURFACE_CURVE('',#7966,(#7970,#7977),.PCURVE_S1.);
#7966 = LINE('',#7967,#7968);
#7967 = CARTESIAN_POINT('',(11.711467900343,2.307473535334,4.));
#7968 = VECTOR('',#7969,1.);
#7969 = DIRECTION('',(0.149069746296,-0.988826683873,0.));
#7970 = PCURVE('',#72,#7971);
#7971 = DEFINITIONAL_REPRESENTATION('',(#7972),#7976);
#7972 = LINE('',#7973,#7974);
#7973 = CARTESIAN_POINT('',(-11.71146790034,2.307473535334));
#7974 = VECTOR('',#7975,1.);
#7975 = DIRECTION('',(-0.149069746296,-0.988826683873));
#7976 = ( GEOMETRIC_REPRESENTATION_CONTEXT(2) 
PARAMETRIC_REPRESENTATION_CONTEXT() REPRESENTATION_CONTEXT('2D SPACE',''
  ) );
#7977 = PCURVE('',#1902,#7978);
#7978 = DEFINITIONAL_REPRESENTATION('',(#7979),#7983);
#7979 = LINE('',#7980,#7981);
#7980 = CARTESIAN_POINT('',(0.,-8.));
#7981 = VECTOR('',#7982,1.);
#7982 = DIRECTION('',(1.,0.));
#7983 = ( GEOMETRIC_REPRESENTATION_CONTEXT(2) 
PARAMETRIC_REPRESENTATION_CONTEXT() REPRESENTATION_CONTEXT('2D SPACE',''
  ) );
#7984 = ORIENTED_EDGE('',*,*,#7985,.T.);
#7985 = EDGE_CURVE('',#7963,#7986,#7988,.T.);
#7986 = VERTEX_POINT('',#7987);
#7987 = CARTESIAN_POINT('',(11.93529495204,0.177901390774,4.));
#7988 = SURFACE_CURVE('',#7989,(#7993,#8000),.PCURVE_S1.);
#7989 = LINE('',#7990,#7991);
#7990 = CARTESIAN_POINT('',(11.871230674574,1.247716621713,4.));
#7991 = VECTOR('',#7992,1.);
#7992 = DIRECTION('',(5.977641308859E-02,-0.998211791374,0.));
#7993 = PCURVE('',#72,#7994);
#7994 = DEFINITIONAL_REPRESENTATION('',(#7995),#7999);
#7995 = LINE('',#7996,#7997);
#7996 = CARTESIAN_POINT('',(-11.87123067457,1.247716621713));
#7997 = VECTOR('',#7998,1.);
#7998 = DIRECTION('',(-5.977641308859E-02,-0.998211791374));
#7999 = ( GEOMETRIC_REPRESENTATION_CONTEXT(2) 
PARAMETRIC_REPRESENTATION_CONTEXT() REPRESENTATION_CONTEXT('2D SPACE',''
  ) );
#8000 = PCURVE('',#1930,#8001);
#8001 = DEFINITIONAL_REPRESENTATION('',(#8002),#8006);
#8002 = LINE('',#8003,#8004);
#8003 = CARTESIAN_POINT('',(0.,-8.));
#8004 = VECTOR('',#8005,1.);
#8005 = DIRECTION('',(1.,0.));
#8006 = ( GEOMETRIC_REPRESENTATION_CONTEXT(2) 
PARAMETRIC_REPRESENTATION_CONTEXT() REPRESENTATION_CONTEXT('2D SPACE',''
  ) );
#8007 = ORIENTED_EDGE('',*,*,#8008,.T.);
#8008 = EDGE_CURVE('',#7986,#8009,#8011,.T.);
#8009 = VERTEX_POINT('',#8010);
#8010 = CARTESIAN_POINT('',(13.458610312003,0.200607148966,4.));
#8011 = SURFACE_CURVE('',#8012,(#8016,#8023),.PCURVE_S1.);
#8012 = LINE('',#8013,#8014);
#8013 = CARTESIAN_POINT('',(11.93529495204,0.177901390774,4.));
#8014 = VECTOR('',#8015,1.);
#8015 = DIRECTION('',(0.999888931727,1.490383206186E-02,0.));
#8016 = PCURVE('',#72,#8017);
#8017 = DEFINITIONAL_REPRESENTATION('',(#8018),#8022);
#8018 = LINE('',#8019,#8020);
#8019 = CARTESIAN_POINT('',(-11.93529495204,0.177901390774));
#8020 = VECTOR('',#8021,1.);
#8021 = DIRECTION('',(-0.999888931727,1.490383206186E-02));
#8022 = ( GEOMETRIC_REPRESENTATION_CONTEXT(2) 
PARAMETRIC_REPRESENTATION_CONTEXT() REPRESENTATION_CONTEXT('2D SPACE',''
  ) );
#8023 = PCURVE('',#1958,#8024);
#8024 = DEFINITIONAL_REPRESENTATION('',(#8025),#8029);
#8025 = LINE('',#8026,#8027);
#8026 = CARTESIAN_POINT('',(0.,-8.));
#8027 = VECTOR('',#8028,1.);
#8028 = DIRECTION('',(1.,0.));
#8029 = ( GEOMETRIC_REPRESENTATION_CONTEXT(2) 
PARAMETRIC_REPRESENTATION_CONTEXT() REPRESENTATION_CONTEXT('2D SPACE',''
  ) );
#8030 = ORIENTED_EDGE('',*,*,#8031,.T.);
#8031 = EDGE_CURVE('',#8009,#8032,#8034,.T.);
#8032 = VERTEX_POINT('',#8033);
#8033 = CARTESIAN_POINT('',(14.014486008347,0.10032233974,4.));
#8034 = SURFACE_CURVE('',#8035,(#8039,#8046),.PCURVE_S1.);
#8035 = LINE('',#8036,#8037);
#8036 = CARTESIAN_POINT('',(13.458610312003,0.200607148966,4.));
#8037 = VECTOR('',#8038,1.);
#8038 = DIRECTION('',(0.984113122434,-0.177542564622,0.));
#8039 = PCURVE('',#72,#8040);
#8040 = DEFINITIONAL_REPRESENTATION('',(#8041),#8045);
#8041 = LINE('',#8042,#8043);
#8042 = CARTESIAN_POINT('',(-13.458610312,0.200607148966));
#8043 = VECTOR('',#8044,1.);
#8044 = DIRECTION('',(-0.984113122434,-0.177542564622));
#8045 = ( GEOMETRIC_REPRESENTATION_CONTEXT(2) 
PARAMETRIC_REPRESENTATION_CONTEXT() REPRESENTATION_CONTEXT('2D SPACE',''
  ) );
#8046 = PCURVE('',#1986,#8047);
#8047 = DEFINITIONAL_REPRESENTATION('',(#8048),#8052);
#8048 = LINE('',#8049,#8050);
#8049 = CARTESIAN_POINT('',(0.,-8.));
#8050 = VECTOR('',#8051,1.);
#8051 = DIRECTION('',(1.,0.));
#8052 = ( GEOMETRIC_REPRESENTATION_CONTEXT(2) 
PARAMETRIC_REPRESENTATION_CONTEXT() REPRESENTATION_CONTEXT('2D SPACE',''
  ) );
#8053 = ORIENTED_EDGE('',*,*,#8054,.T.);
#8054 = EDGE_CURVE('',#8032,#8055,#8057,.T.);
#8055 = VERTEX_POINT('',#8056);
#8056 = CARTESIAN_POINT('',(14.569265270271,-9.650113843236E-02,4.));
#8057 = SURFACE_CURVE('',#8058,(#8062,#8069),.PCURVE_S1.);
#8058 = LINE('',#8059,#8060);
#8059 = CARTESIAN_POINT('',(14.014486008347,0.10032233974,4.));
#8060 = VECTOR('',#8061,1.);
#8061 = DIRECTION('',(0.942445775374,-0.334359029309,0.));
#8062 = PCURVE('',#72,#8063);
#8063 = DEFINITIONAL_REPRESENTATION('',(#8064),#8068);
#8064 = LINE('',#8065,#8066);
#8065 = CARTESIAN_POINT('',(-14.01448600834,0.10032233974));
#8066 = VECTOR('',#8067,1.);
#8067 = DIRECTION('',(-0.942445775374,-0.334359029309));
#8068 = ( GEOMETRIC_REPRESENTATION_CONTEXT(2) 
PARAMETRIC_REPRESENTATION_CONTEXT() REPRESENTATION_CONTEXT('2D SPACE',''
  ) );
#8069 = PCURVE('',#2014,#8070);
#8070 = DEFINITIONAL_REPRESENTATION('',(#8071),#8075);
#8071 = LINE('',#8072,#8073);
#8072 = CARTESIAN_POINT('',(0.,-8.));
#8073 = VECTOR('',#8074,1.);
#8074 = DIRECTION('',(1.,0.));
#8075 = ( GEOMETRIC_REPRESENTATION_CONTEXT(2) 
PARAMETRIC_REPRESENTATION_CONTEXT() REPRESENTATION_CONTEXT('2D SPACE',''
  ) );
#8076 = ORIENTED_EDGE('',*,*,#8077,.T.);
#8077 = EDGE_CURVE('',#8055,#8078,#8080,.T.);
#8078 = VERTEX_POINT('',#8079);
#8079 = CARTESIAN_POINT('',(15.119976171626,-0.362651807819,4.));
#8080 = SURFACE_CURVE('',#8081,(#8085,#8092),.PCURVE_S1.);
#8081 = LINE('',#8082,#8083);
#8082 = CARTESIAN_POINT('',(14.569265270271,-9.650113843236E-02,4.));
#8083 = VECTOR('',#8084,1.);
#8084 = DIRECTION('',(0.900365777444,-0.435133849302,0.));
#8085 = PCURVE('',#72,#8086);
#8086 = DEFINITIONAL_REPRESENTATION('',(#8087),#8091);
#8087 = LINE('',#8088,#8089);
#8088 = CARTESIAN_POINT('',(-14.56926527027,-9.650113843236E-02));
#8089 = VECTOR('',#8090,1.);
#8090 = DIRECTION('',(-0.900365777444,-0.435133849302));
#8091 = ( GEOMETRIC_REPRESENTATION_CONTEXT(2) 
PARAMETRIC_REPRESENTATION_CONTEXT() REPRESENTATION_CONTEXT('2D SPACE',''
  ) );
#8092 = PCURVE('',#2042,#8093);
#8093 = DEFINITIONAL_REPRESENTATION('',(#8094),#8098);
#8094 = LINE('',#8095,#8096);
#8095 = CARTESIAN_POINT('',(0.,-8.));
#8096 = VECTOR('',#8097,1.);
#8097 = DIRECTION('',(1.,0.));
#8098 = ( GEOMETRIC_REPRESENTATION_CONTEXT(2) 
PARAMETRIC_REPRESENTATION_CONTEXT() REPRESENTATION_CONTEXT('2D SPACE',''
  ) );
#8099 = ORIENTED_EDGE('',*,*,#8100,.T.);
#8100 = EDGE_CURVE('',#8078,#8101,#8103,.T.);
#8101 = VERTEX_POINT('',#8102);
#8102 = CARTESIAN_POINT('',(15.66389648549,-0.689498280589,4.));
#8103 = SURFACE_CURVE('',#8104,(#8108,#8115),.PCURVE_S1.);
#8104 = LINE('',#8105,#8106);
#8105 = CARTESIAN_POINT('',(15.119976171626,-0.362651807819,4.));
#8106 = VECTOR('',#8107,1.);
#8107 = DIRECTION('',(0.85714908916,-0.515068382792,0.));
#8108 = PCURVE('',#72,#8109);
#8109 = DEFINITIONAL_REPRESENTATION('',(#8110),#8114);
#8110 = LINE('',#8111,#8112);
#8111 = CARTESIAN_POINT('',(-15.11997617162,-0.362651807819));
#8112 = VECTOR('',#8113,1.);
#8113 = DIRECTION('',(-0.85714908916,-0.515068382792));
#8114 = ( GEOMETRIC_REPRESENTATION_CONTEXT(2) 
PARAMETRIC_REPRESENTATION_CONTEXT() REPRESENTATION_CONTEXT('2D SPACE',''
  ) );
#8115 = PCURVE('',#2070,#8116);
#8116 = DEFINITIONAL_REPRESENTATION('',(#8117),#8121);
#8117 = LINE('',#8118,#8119);
#8118 = CARTESIAN_POINT('',(0.,-8.));
#8119 = VECTOR('',#8120,1.);
#8120 = DIRECTION('',(1.,0.));
#8121 = ( GEOMETRIC_REPRESENTATION_CONTEXT(2) 
PARAMETRIC_REPRESENTATION_CONTEXT() REPRESENTATION_CONTEXT('2D SPACE',''
  ) );
#8122 = ORIENTED_EDGE('',*,*,#8123,.T.);
#8123 = EDGE_CURVE('',#8101,#8124,#8126,.T.);
#8124 = VERTEX_POINT('',#8125);
#8125 = CARTESIAN_POINT('',(16.198343618537,-1.072409748888,4.));
#8126 = SURFACE_CURVE('',#8127,(#8131,#8138),.PCURVE_S1.);
#8127 = LINE('',#8128,#8129);
#8128 = CARTESIAN_POINT('',(15.66389648549,-0.689498280589,4.));
#8129 = VECTOR('',#8130,1.);
#8130 = DIRECTION('',(0.812895601819,-0.582409426901,0.));
#8131 = PCURVE('',#72,#8132);
#8132 = DEFINITIONAL_REPRESENTATION('',(#8133),#8137);
#8133 = LINE('',#8134,#8135);
#8134 = CARTESIAN_POINT('',(-15.66389648549,-0.689498280589));
#8135 = VECTOR('',#8136,1.);
#8136 = DIRECTION('',(-0.812895601819,-0.582409426901));
#8137 = ( GEOMETRIC_REPRESENTATION_CONTEXT(2) 
PARAMETRIC_REPRESENTATION_CONTEXT() REPRESENTATION_CONTEXT('2D SPACE',''
  ) );
#8138 = PCURVE('',#2098,#8139);
#8139 = DEFINITIONAL_REPRESENTATION('',(#8140),#8144);
#8140 = LINE('',#8141,#8142);
#8141 = CARTESIAN_POINT('',(0.,-8.));
#8142 = VECTOR('',#8143,1.);
#8143 = DIRECTION('',(1.,0.));
#8144 = ( GEOMETRIC_REPRESENTATION_CONTEXT(2) 
PARAMETRIC_REPRESENTATION_CONTEXT() REPRESENTATION_CONTEXT('2D SPACE',''
  ) );
#8145 = ORIENTED_EDGE('',*,*,#8146,.T.);
#8146 = EDGE_CURVE('',#8124,#8147,#8149,.T.);
#8147 = VERTEX_POINT('',#8148);
#8148 = CARTESIAN_POINT('',(16.067337470475,-2.318849987298,4.));
#8149 = SURFACE_CURVE('',#8150,(#8154,#8161),.PCURVE_S1.);
#8150 = LINE('',#8151,#8152);
#8151 = CARTESIAN_POINT('',(16.198343618537,-1.072409748888,4.));
#8152 = VECTOR('',#8153,1.);
#8153 = DIRECTION('',(-0.104528463268,-0.994521895368,0.));
#8154 = PCURVE('',#72,#8155);
#8155 = DEFINITIONAL_REPRESENTATION('',(#8156),#8160);
#8156 = LINE('',#8157,#8158);
#8157 = CARTESIAN_POINT('',(-16.19834361853,-1.072409748888));
#8158 = VECTOR('',#8159,1.);
#8159 = DIRECTION('',(0.104528463268,-0.994521895368));
#8160 = ( GEOMETRIC_REPRESENTATION_CONTEXT(2) 
PARAMETRIC_REPRESENTATION_CONTEXT() REPRESENTATION_CONTEXT('2D SPACE',''
  ) );
#8161 = PCURVE('',#2126,#8162);
#8162 = DEFINITIONAL_REPRESENTATION('',(#8163),#8167);
#8163 = LINE('',#8164,#8165);
#8164 = CARTESIAN_POINT('',(0.,-8.));
#8165 = VECTOR('',#8166,1.);
#8166 = DIRECTION('',(1.,0.));
#8167 = ( GEOMETRIC_REPRESENTATION_CONTEXT(2) 
PARAMETRIC_REPRESENTATION_CONTEXT() REPRESENTATION_CONTEXT('2D SPACE',''
  ) );
#8168 = ORIENTED_EDGE('',*,*,#8169,.T.);
#8169 = EDGE_CURVE('',#8147,#8170,#8172,.T.);
#8170 = VERTEX_POINT('',#8171);
#8171 = CARTESIAN_POINT('',(15.464957518758,-2.582276114225,4.));
#8172 = SURFACE_CURVE('',#8173,(#8177,#8184),.PCURVE_S1.);
#8173 = LINE('',#8174,#8175);
#8174 = CARTESIAN_POINT('',(16.067337470475,-2.318849987298,4.));
#8175 = VECTOR('',#8176,1.);
#8176 = DIRECTION('',(-0.916221611261,-0.400671884536,0.));
#8177 = PCURVE('',#72,#8178);
#8178 = DEFINITIONAL_REPRESENTATION('',(#8179),#8183);
#8179 = LINE('',#8180,#8181);
#8180 = CARTESIAN_POINT('',(-16.06733747047,-2.318849987298));
#8181 = VECTOR('',#8182,1.);
#8182 = DIRECTION('',(0.916221611261,-0.400671884536));
#8183 = ( GEOMETRIC_REPRESENTATION_CONTEXT(2) 
PARAMETRIC_REPRESENTATION_CONTEXT() REPRESENTATION_CONTEXT('2D SPACE',''
  ) );
#8184 = PCURVE('',#2154,#8185);
#8185 = DEFINITIONAL_REPRESENTATION('',(#8186),#8190);
#8186 = LINE('',#8187,#8188);
#8187 = CARTESIAN_POINT('',(0.,-8.));
#8188 = VECTOR('',#8189,1.);
#8189 = DIRECTION('',(1.,0.));
#8190 = ( GEOMETRIC_REPRESENTATION_CONTEXT(2) 
PARAMETRIC_REPRESENTATION_CONTEXT() REPRESENTATION_CONTEXT('2D SPACE',''
  ) );
#8191 = ORIENTED_EDGE('',*,*,#8192,.T.);
#8192 = EDGE_CURVE('',#8170,#8193,#8195,.T.);
#8193 = VERTEX_POINT('',#8194);
#8194 = CARTESIAN_POINT('',(14.86496796597,-2.788892815247,4.));
#8195 = SURFACE_CURVE('',#8196,(#8200,#8207),.PCURVE_S1.);
#8196 = LINE('',#8197,#8198);
#8197 = CARTESIAN_POINT('',(15.464957518758,-2.582276114225,4.));
#8198 = VECTOR('',#8199,1.);
#8199 = DIRECTION('',(-0.945507063386,-0.325601586431,0.));
#8200 = PCURVE('',#72,#8201);
#8201 = DEFINITIONAL_REPRESENTATION('',(#8202),#8206);
#8202 = LINE('',#8203,#8204);
#8203 = CARTESIAN_POINT('',(-15.46495751875,-2.582276114225));
#8204 = VECTOR('',#8205,1.);
#8205 = DIRECTION('',(0.945507063386,-0.325601586431));
#8206 = ( GEOMETRIC_REPRESENTATION_CONTEXT(2) 
PARAMETRIC_REPRESENTATION_CONTEXT() REPRESENTATION_CONTEXT('2D SPACE',''
  ) );
#8207 = PCURVE('',#2182,#8208);
#8208 = DEFINITIONAL_REPRESENTATION('',(#8209),#8213);
#8209 = LINE('',#8210,#8211);
#8210 = CARTESIAN_POINT('',(0.,-8.));
#8211 = VECTOR('',#8212,1.);
#8212 = DIRECTION('',(1.,0.));
#8213 = ( GEOMETRIC_REPRESENTATION_CONTEXT(2) 
PARAMETRIC_REPRESENTATION_CONTEXT() REPRESENTATION_CONTEXT('2D SPACE',''
  ) );
#8214 = ORIENTED_EDGE('',*,*,#8215,.T.);
#8215 = EDGE_CURVE('',#8193,#8216,#8218,.T.);
#8216 = VERTEX_POINT('',#8217);
#8217 = CARTESIAN_POINT('',(14.270955583427,-2.934728219289,4.));
#8218 = SURFACE_CURVE('',#8219,(#8223,#8230),.PCURVE_S1.);
#8219 = LINE('',#8220,#8221);
#8220 = CARTESIAN_POINT('',(14.86496796597,-2.788892815247,4.));
#8221 = VECTOR('',#8222,1.);
#8222 = DIRECTION('',(-0.97116003933,-0.23842855955,0.));
#8223 = PCURVE('',#72,#8224);
#8224 = DEFINITIONAL_REPRESENTATION('',(#8225),#8229);
#8225 = LINE('',#8226,#8227);
#8226 = CARTESIAN_POINT('',(-14.86496796597,-2.788892815247));
#8227 = VECTOR('',#8228,1.);
#8228 = DIRECTION('',(0.97116003933,-0.23842855955));
#8229 = ( GEOMETRIC_REPRESENTATION_CONTEXT(2) 
PARAMETRIC_REPRESENTATION_CONTEXT() REPRESENTATION_CONTEXT('2D SPACE',''
  ) );
#8230 = PCURVE('',#2210,#8231);
#8231 = DEFINITIONAL_REPRESENTATION('',(#8232),#8236);
#8232 = LINE('',#8233,#8234);
#8233 = CARTESIAN_POINT('',(0.,-8.));
#8234 = VECTOR('',#8235,1.);
#8235 = DIRECTION('',(1.,0.));
#8236 = ( GEOMETRIC_REPRESENTATION_CONTEXT(2) 
PARAMETRIC_REPRESENTATION_CONTEXT() REPRESENTATION_CONTEXT('2D SPACE',''
  ) );
#8237 = ORIENTED_EDGE('',*,*,#8238,.T.);
#8238 = EDGE_CURVE('',#8216,#8239,#8241,.T.);
#8239 = VERTEX_POINT('',#8240);
#8240 = CARTESIAN_POINT('',(13.6873776773,-3.011905537853,4.));
#8241 = SURFACE_CURVE('',#8242,(#8246,#8253),.PCURVE_S1.);
#8242 = LINE('',#8243,#8244);
#8243 = CARTESIAN_POINT('',(14.270955583427,-2.934728219289,4.));
#8244 = VECTOR('',#8245,1.);
#8245 = DIRECTION('',(-0.991368225127,-0.13110698764,0.));
#8246 = PCURVE('',#72,#8247);
#8247 = DEFINITIONAL_REPRESENTATION('',(#8248),#8252);
#8248 = LINE('',#8249,#8250);
#8249 = CARTESIAN_POINT('',(-14.27095558342,-2.934728219289));
#8250 = VECTOR('',#8251,1.);
#8251 = DIRECTION('',(0.991368225127,-0.13110698764));
#8252 = ( GEOMETRIC_REPRESENTATION_CONTEXT(2) 
PARAMETRIC_REPRESENTATION_CONTEXT() REPRESENTATION_CONTEXT('2D SPACE',''
  ) );
#8253 = PCURVE('',#2238,#8254);
#8254 = DEFINITIONAL_REPRESENTATION('',(#8255),#8259);
#8255 = LINE('',#8256,#8257);
#8256 = CARTESIAN_POINT('',(0.,-8.));
#8257 = VECTOR('',#8258,1.);
#8258 = DIRECTION('',(1.,0.));
#8259 = ( GEOMETRIC_REPRESENTATION_CONTEXT(2) 
PARAMETRIC_REPRESENTATION_CONTEXT() REPRESENTATION_CONTEXT('2D SPACE',''
  ) );
#8260 = ORIENTED_EDGE('',*,*,#8261,.T.);
#8261 = EDGE_CURVE('',#8239,#8262,#8264,.T.);
#8262 = VERTEX_POINT('',#8263);
#8263 = CARTESIAN_POINT('',(13.122798814365,-2.994425827477,4.));
#8264 = SURFACE_CURVE('',#8265,(#8269,#8276),.PCURVE_S1.);
#8265 = LINE('',#8266,#8267);
#8266 = CARTESIAN_POINT('',(13.6873776773,-3.011905537853,4.));
#8267 = VECTOR('',#8268,1.);
#8268 = DIRECTION('',(-0.999521064362,3.094578962767E-02,0.));
#8269 = PCURVE('',#72,#8270);
#8270 = DEFINITIONAL_REPRESENTATION('',(#8271),#8275);
#8271 = LINE('',#8272,#8273);
#8272 = CARTESIAN_POINT('',(-13.6873776773,-3.011905537853));
#8273 = VECTOR('',#8274,1.);
#8274 = DIRECTION('',(0.999521064362,3.094578962767E-02));
#8275 = ( GEOMETRIC_REPRESENTATION_CONTEXT(2) 
PARAMETRIC_REPRESENTATION_CONTEXT() REPRESENTATION_CONTEXT('2D SPACE',''
  ) );
#8276 = PCURVE('',#2266,#8277);
#8277 = DEFINITIONAL_REPRESENTATION('',(#8278),#8282);
#8278 = LINE('',#8279,#8280);
#8279 = CARTESIAN_POINT('',(0.,-8.));
#8280 = VECTOR('',#8281,1.);
#8281 = DIRECTION('',(1.,0.));
#8282 = ( GEOMETRIC_REPRESENTATION_CONTEXT(2) 
PARAMETRIC_REPRESENTATION_CONTEXT() REPRESENTATION_CONTEXT('2D SPACE',''
  ) );
#8283 = ORIENTED_EDGE('',*,*,#8284,.T.);
#8284 = EDGE_CURVE('',#8262,#8285,#8287,.T.);
#8285 = VERTEX_POINT('',#8286);
#8286 = CARTESIAN_POINT('',(11.637492342434,-2.65550117244,4.));
#8287 = SURFACE_CURVE('',#8288,(#8292,#8299),.PCURVE_S1.);
#8288 = LINE('',#8289,#8290);
#8289 = CARTESIAN_POINT('',(13.122798814365,-2.994425827477,4.));
#8290 = VECTOR('',#8291,1.);
#8291 = DIRECTION('',(-0.974940278645,0.222466745998,0.));
#8292 = PCURVE('',#72,#8293);
#8293 = DEFINITIONAL_REPRESENTATION('',(#8294),#8298);
#8294 = LINE('',#8295,#8296);
#8295 = CARTESIAN_POINT('',(-13.12279881436,-2.994425827477));
#8296 = VECTOR('',#8297,1.);
#8297 = DIRECTION('',(0.974940278645,0.222466745998));
#8298 = ( GEOMETRIC_REPRESENTATION_CONTEXT(2) 
PARAMETRIC_REPRESENTATION_CONTEXT() REPRESENTATION_CONTEXT('2D SPACE',''
  ) );
#8299 = PCURVE('',#2294,#8300);
#8300 = DEFINITIONAL_REPRESENTATION('',(#8301),#8305);
#8301 = LINE('',#8302,#8303);
#8302 = CARTESIAN_POINT('',(0.,-8.));
#8303 = VECTOR('',#8304,1.);
#8304 = DIRECTION('',(1.,0.));
#8305 = ( GEOMETRIC_REPRESENTATION_CONTEXT(2) 
PARAMETRIC_REPRESENTATION_CONTEXT() REPRESENTATION_CONTEXT('2D SPACE',''
  ) );
#8306 = ORIENTED_EDGE('',*,*,#8307,.T.);
#8307 = EDGE_CURVE('',#8285,#8308,#8310,.T.);
#8308 = VERTEX_POINT('',#8309);
#8309 = CARTESIAN_POINT('',(11.35240092961,-3.688618661563,4.));
#8310 = SURFACE_CURVE('',#8311,(#8315,#8322),.PCURVE_S1.);
#8311 = LINE('',#8312,#8313);
#8312 = CARTESIAN_POINT('',(11.637492342434,-2.65550117244,4.));
#8313 = VECTOR('',#8314,1.);
#8314 = DIRECTION('',(-0.266010056382,-0.96397025364,0.));
#8315 = PCURVE('',#72,#8316);
#8316 = DEFINITIONAL_REPRESENTATION('',(#8317),#8321);
#8317 = LINE('',#8318,#8319);
#8318 = CARTESIAN_POINT('',(-11.63749234243,-2.65550117244));
#8319 = VECTOR('',#8320,1.);
#8320 = DIRECTION('',(0.266010056382,-0.96397025364));
#8321 = ( GEOMETRIC_REPRESENTATION_CONTEXT(2) 
PARAMETRIC_REPRESENTATION_CONTEXT() REPRESENTATION_CONTEXT('2D SPACE',''
  ) );
#8322 = PCURVE('',#2322,#8323);
#8323 = DEFINITIONAL_REPRESENTATION('',(#8324),#8328);
#8324 = LINE('',#8325,#8326);
#8325 = CARTESIAN_POINT('',(0.,-8.));
#8326 = VECTOR('',#8327,1.);
#8327 = DIRECTION('',(1.,0.));
#8328 = ( GEOMETRIC_REPRESENTATION_CONTEXT(2) 
PARAMETRIC_REPRESENTATION_CONTEXT() REPRESENTATION_CONTEXT('2D SPACE',''
  ) );
#8329 = ORIENTED_EDGE('',*,*,#8330,.T.);
#8330 = EDGE_CURVE('',#8308,#8331,#8333,.T.);
#8331 = VERTEX_POINT('',#8332);
#8332 = CARTESIAN_POINT('',(10.975793503543,-4.692000795462,4.));
#8333 = SURFACE_CURVE('',#8334,(#8338,#8345),.PCURVE_S1.);
#8334 = LINE('',#8335,#8336);
#8335 = CARTESIAN_POINT('',(11.35240092961,-3.688618661563,4.));
#8336 = VECTOR('',#8337,1.);
#8337 = DIRECTION('',(-0.351400842451,-0.93622510537,0.));
#8338 = PCURVE('',#72,#8339);
#8339 = DEFINITIONAL_REPRESENTATION('',(#8340),#8344);
#8340 = LINE('',#8341,#8342);
#8341 = CARTESIAN_POINT('',(-11.35240092961,-3.688618661563));
#8342 = VECTOR('',#8343,1.);
#8343 = DIRECTION('',(0.351400842451,-0.93622510537));
#8344 = ( GEOMETRIC_REPRESENTATION_CONTEXT(2) 
PARAMETRIC_REPRESENTATION_CONTEXT() REPRESENTATION_CONTEXT('2D SPACE',''
  ) );
#8345 = PCURVE('',#2350,#8346);
#8346 = DEFINITIONAL_REPRESENTATION('',(#8347),#8351);
#8347 = LINE('',#8348,#8349);
#8348 = CARTESIAN_POINT('',(0.,-8.));
#8349 = VECTOR('',#8350,1.);
#8350 = DIRECTION('',(1.,0.));
#8351 = ( GEOMETRIC_REPRESENTATION_CONTEXT(2) 
PARAMETRIC_REPRESENTATION_CONTEXT() REPRESENTATION_CONTEXT('2D SPACE',''
  ) );
#8352 = ORIENTED_EDGE('',*,*,#8353,.T.);
#8353 = EDGE_CURVE('',#8331,#8354,#8356,.T.);
#8354 = VERTEX_POINT('',#8355);
#8355 = CARTESIAN_POINT('',(12.376646595059,-5.290846229061,4.));
#8356 = SURFACE_CURVE('',#8357,(#8361,#8368),.PCURVE_S1.);
#8357 = LINE('',#8358,#8359);
#8358 = CARTESIAN_POINT('',(10.975793503543,-4.692000795462,4.));
#8359 = VECTOR('',#8360,1.);
#8360 = DIRECTION('',(0.919505926348,-0.393076139458,0.));
#8361 = PCURVE('',#72,#8362);
#8362 = DEFINITIONAL_REPRESENTATION('',(#8363),#8367);
#8363 = LINE('',#8364,#8365);
#8364 = CARTESIAN_POINT('',(-10.97579350354,-4.692000795462));
#8365 = VECTOR('',#8366,1.);
#8366 = DIRECTION('',(-0.919505926348,-0.393076139458));
#8367 = ( GEOMETRIC_REPRESENTATION_CONTEXT(2) 
PARAMETRIC_REPRESENTATION_CONTEXT() REPRESENTATION_CONTEXT('2D SPACE',''
  ) );
#8368 = PCURVE('',#2378,#8369);
#8369 = DEFINITIONAL_REPRESENTATION('',(#8370),#8374);
#8370 = LINE('',#8371,#8372);
#8371 = CARTESIAN_POINT('',(0.,-8.));
#8372 = VECTOR('',#8373,1.);
#8373 = DIRECTION('',(1.,0.));
#8374 = ( GEOMETRIC_REPRESENTATION_CONTEXT(2) 
PARAMETRIC_REPRESENTATION_CONTEXT() REPRESENTATION_CONTEXT('2D SPACE',''
  ) );
#8375 = ORIENTED_EDGE('',*,*,#8376,.T.);
#8376 = EDGE_CURVE('',#8354,#8377,#8379,.T.);
#8377 = VERTEX_POINT('',#8378);
#8378 = CARTESIAN_POINT('',(12.843674805812,-5.608555975699,4.));
#8379 = SURFACE_CURVE('',#8380,(#8384,#8391),.PCURVE_S1.);
#8380 = LINE('',#8381,#8382);
#8381 = CARTESIAN_POINT('',(12.376646595059,-5.290846229061,4.));
#8382 = VECTOR('',#8383,1.);
#8383 = DIRECTION('',(0.826819006069,-0.562468071275,0.));
#8384 = PCURVE('',#72,#8385);
#8385 = DEFINITIONAL_REPRESENTATION('',(#8386),#8390);
#8386 = LINE('',#8387,#8388);
#8387 = CARTESIAN_POINT('',(-12.37664659505,-5.290846229061));
#8388 = VECTOR('',#8389,1.);
#8389 = DIRECTION('',(-0.826819006069,-0.562468071275));
#8390 = ( GEOMETRIC_REPRESENTATION_CONTEXT(2) 
PARAMETRIC_REPRESENTATION_CONTEXT() REPRESENTATION_CONTEXT('2D SPACE',''
  ) );
#8391 = PCURVE('',#2406,#8392);
#8392 = DEFINITIONAL_REPRESENTATION('',(#8393),#8397);
#8393 = LINE('',#8394,#8395);
#8394 = CARTESIAN_POINT('',(0.,-8.));
#8395 = VECTOR('',#8396,1.);
#8396 = DIRECTION('',(1.,0.));
#8397 = ( GEOMETRIC_REPRESENTATION_CONTEXT(2) 
PARAMETRIC_REPRESENTATION_CONTEXT() REPRESENTATION_CONTEXT('2D SPACE',''
  ) );
#8398 = ORIENTED_EDGE('',*,*,#8399,.T.);
#8399 = EDGE_CURVE('',#8377,#8400,#8402,.T.);
#8400 = VERTEX_POINT('',#8401);
#8401 = CARTESIAN_POINT('',(13.270435559747,-6.014012224783,4.));
#8402 = SURFACE_CURVE('',#8403,(#8407,#8414),.PCURVE_S1.);
#8403 = LINE('',#8404,#8405);
#8404 = CARTESIAN_POINT('',(12.843674805812,-5.608555975699,4.));
#8405 = VECTOR('',#8406,1.);
#8406 = DIRECTION('',(0.724970988004,-0.688779403403,0.));
#8407 = PCURVE('',#72,#8408);
#8408 = DEFINITIONAL_REPRESENTATION('',(#8409),#8413);
#8409 = LINE('',#8410,#8411);
#8410 = CARTESIAN_POINT('',(-12.84367480581,-5.608555975699));
#8411 = VECTOR('',#8412,1.);
#8412 = DIRECTION('',(-0.724970988004,-0.688779403403));
#8413 = ( GEOMETRIC_REPRESENTATION_CONTEXT(2) 
PARAMETRIC_REPRESENTATION_CONTEXT() REPRESENTATION_CONTEXT('2D SPACE',''
  ) );
#8414 = PCURVE('',#2434,#8415);
#8415 = DEFINITIONAL_REPRESENTATION('',(#8416),#8420);
#8416 = LINE('',#8417,#8418);
#8417 = CARTESIAN_POINT('',(0.,-8.));
#8418 = VECTOR('',#8419,1.);
#8419 = DIRECTION('',(1.,0.));
#8420 = ( GEOMETRIC_REPRESENTATION_CONTEXT(2) 
PARAMETRIC_REPRESENTATION_CONTEXT() REPRESENTATION_CONTEXT('2D SPACE',''
  ) );
#8421 = ORIENTED_EDGE('',*,*,#8422,.T.);
#8422 = EDGE_CURVE('',#8400,#8423,#8425,.T.);
#8423 = VERTEX_POINT('',#8424);
#8424 = CARTESIAN_POINT('',(13.665281772336,-6.481147263173,4.));
#8425 = SURFACE_CURVE('',#8426,(#8430,#8437),.PCURVE_S1.);
#8426 = LINE('',#8427,#8428);
#8427 = CARTESIAN_POINT('',(13.270435559747,-6.014012224783,4.));
#8428 = VECTOR('',#8429,1.);
#8429 = DIRECTION('',(0.645540185047,-0.763726305354,0.));
#8430 = PCURVE('',#72,#8431);
#8431 = DEFINITIONAL_REPRESENTATION('',(#8432),#8436);
#8432 = LINE('',#8433,#8434);
#8433 = CARTESIAN_POINT('',(-13.27043555974,-6.014012224783));
#8434 = VECTOR('',#8435,1.);
#8435 = DIRECTION('',(-0.645540185047,-0.763726305354));
#8436 = ( GEOMETRIC_REPRESENTATION_CONTEXT(2) 
PARAMETRIC_REPRESENTATION_CONTEXT() REPRESENTATION_CONTEXT('2D SPACE',''
  ) );
#8437 = PCURVE('',#2462,#8438);
#8438 = DEFINITIONAL_REPRESENTATION('',(#8439),#8443);
#8439 = LINE('',#8440,#8441);
#8440 = CARTESIAN_POINT('',(0.,-8.));
#8441 = VECTOR('',#8442,1.);
#8442 = DIRECTION('',(1.,0.));
#8443 = ( GEOMETRIC_REPRESENTATION_CONTEXT(2) 
PARAMETRIC_REPRESENTATION_CONTEXT() REPRESENTATION_CONTEXT('2D SPACE',''
  ) );
#8444 = ORIENTED_EDGE('',*,*,#8445,.T.);
#8445 = EDGE_CURVE('',#8423,#8446,#8448,.T.);
#8446 = VERTEX_POINT('',#8447);
#8447 = CARTESIAN_POINT('',(14.029237267251,-7.000968696279,4.));
#8448 = SURFACE_CURVE('',#8449,(#8453,#8460),.PCURVE_S1.);
#8449 = LINE('',#8450,#8451);
#8450 = CARTESIAN_POINT('',(13.665281772336,-6.481147263173,4.));
#8451 = VECTOR('',#8452,1.);
#8452 = DIRECTION('',(0.573547471954,-0.819172324615,0.));
#8453 = PCURVE('',#72,#8454);
#8454 = DEFINITIONAL_REPRESENTATION('',(#8455),#8459);
#8455 = LINE('',#8456,#8457);
#8456 = CARTESIAN_POINT('',(-13.66528177233,-6.481147263173));
#8457 = VECTOR('',#8458,1.);
#8458 = DIRECTION('',(-0.573547471954,-0.819172324615));
#8459 = ( GEOMETRIC_REPRESENTATION_CONTEXT(2) 
PARAMETRIC_REPRESENTATION_CONTEXT() REPRESENTATION_CONTEXT('2D SPACE',''
  ) );
#8460 = PCURVE('',#2490,#8461);
#8461 = DEFINITIONAL_REPRESENTATION('',(#8462),#8466);
#8462 = LINE('',#8463,#8464);
#8463 = CARTESIAN_POINT('',(0.,-8.));
#8464 = VECTOR('',#8465,1.);
#8465 = DIRECTION('',(1.,0.));
#8466 = ( GEOMETRIC_REPRESENTATION_CONTEXT(2) 
PARAMETRIC_REPRESENTATION_CONTEXT() REPRESENTATION_CONTEXT('2D SPACE',''
  ) );
#8467 = ORIENTED_EDGE('',*,*,#8468,.T.);
#8468 = EDGE_CURVE('',#8446,#8469,#8471,.T.);
#8469 = VERTEX_POINT('',#8470);
#8470 = CARTESIAN_POINT('',(14.361734892784,-7.568154961621,4.));
#8471 = SURFACE_CURVE('',#8472,(#8476,#8483),.PCURVE_S1.);
#8472 = LINE('',#8473,#8474);
#8473 = CARTESIAN_POINT('',(14.029237267251,-7.000968696279,4.));
#8474 = VECTOR('',#8475,1.);
#8475 = DIRECTION('',(0.505729829386,-0.862691914689,0.));
#8476 = PCURVE('',#72,#8477);
#8477 = DEFINITIONAL_REPRESENTATION('',(#8478),#8482);
#8478 = LINE('',#8479,#8480);
#8479 = CARTESIAN_POINT('',(-14.02923726725,-7.000968696279));
#8480 = VECTOR('',#8481,1.);
#8481 = DIRECTION('',(-0.505729829386,-0.862691914689));
#8482 = ( GEOMETRIC_REPRESENTATION_CONTEXT(2) 
PARAMETRIC_REPRESENTATION_CONTEXT() REPRESENTATION_CONTEXT('2D SPACE',''
  ) );
#8483 = PCURVE('',#2518,#8484);
#8484 = DEFINITIONAL_REPRESENTATION('',(#8485),#8489);
#8485 = LINE('',#8486,#8487);
#8486 = CARTESIAN_POINT('',(0.,-8.));
#8487 = VECTOR('',#8488,1.);
#8488 = DIRECTION('',(1.,0.));
#8489 = ( GEOMETRIC_REPRESENTATION_CONTEXT(2) 
PARAMETRIC_REPRESENTATION_CONTEXT() REPRESENTATION_CONTEXT('2D SPACE',''
  ) );
#8490 = ORIENTED_EDGE('',*,*,#8491,.T.);
#8491 = EDGE_CURVE('',#8469,#8492,#8494,.T.);
#8492 = VERTEX_POINT('',#8493);
#8493 = CARTESIAN_POINT('',(13.735081902933,-8.653549778758,4.));
#8494 = SURFACE_CURVE('',#8495,(#8499,#8506),.PCURVE_S1.);
#8495 = LINE('',#8496,#8497);
#8496 = CARTESIAN_POINT('',(14.361734892784,-7.568154961621,4.));
#8497 = VECTOR('',#8498,1.);
#8498 = DIRECTION('',(-0.5,-0.866025403784,0.));
#8499 = PCURVE('',#72,#8500);
#8500 = DEFINITIONAL_REPRESENTATION('',(#8501),#8505);
#8501 = LINE('',#8502,#8503);
#8502 = CARTESIAN_POINT('',(-14.36173489278,-7.568154961621));
#8503 = VECTOR('',#8504,1.);
#8504 = DIRECTION('',(0.5,-0.866025403784));
#8505 = ( GEOMETRIC_REPRESENTATION_CONTEXT(2) 
PARAMETRIC_REPRESENTATION_CONTEXT() REPRESENTATION_CONTEXT('2D SPACE',''
  ) );
#8506 = PCURVE('',#2546,#8507);
#8507 = DEFINITIONAL_REPRESENTATION('',(#8508),#8512);
#8508 = LINE('',#8509,#8510);
#8509 = CARTESIAN_POINT('',(0.,-8.));
#8510 = VECTOR('',#8511,1.);
#8511 = DIRECTION('',(1.,0.));
#8512 = ( GEOMETRIC_REPRESENTATION_CONTEXT(2) 
PARAMETRIC_REPRESENTATION_CONTEXT() REPRESENTATION_CONTEXT('2D SPACE',''
  ) );
#8513 = ORIENTED_EDGE('',*,*,#8514,.T.);
#8514 = EDGE_CURVE('',#8492,#8515,#8517,.T.);
#8515 = VERTEX_POINT('',#8516);
#8516 = CARTESIAN_POINT('',(13.077635375703,-8.649191521019,4.));
#8517 = SURFACE_CURVE('',#8518,(#8522,#8529),.PCURVE_S1.);
#8518 = LINE('',#8519,#8520);
#8519 = CARTESIAN_POINT('',(13.735081902933,-8.653549778758,4.));
#8520 = VECTOR('',#8521,1.);
#8521 = DIRECTION('',(-0.999978028453,6.628922355084E-03,0.));
#8522 = PCURVE('',#72,#8523);
#8523 = DEFINITIONAL_REPRESENTATION('',(#8524),#8528);
#8524 = LINE('',#8525,#8526);
#8525 = CARTESIAN_POINT('',(-13.73508190293,-8.653549778758));
#8526 = VECTOR('',#8527,1.);
#8527 = DIRECTION('',(0.999978028453,6.628922355084E-03));
#8528 = ( GEOMETRIC_REPRESENTATION_CONTEXT(2) 
PARAMETRIC_REPRESENTATION_CONTEXT() REPRESENTATION_CONTEXT('2D SPACE',''
  ) );
#8529 = PCURVE('',#2574,#8530);
#8530 = DEFINITIONAL_REPRESENTATION('',(#8531),#8535);
#8531 = LINE('',#8532,#8533);
#8532 = CARTESIAN_POINT('',(0.,-8.));
#8533 = VECTOR('',#8534,1.);
#8534 = DIRECTION('',(1.,0.));
#8535 = ( GEOMETRIC_REPRESENTATION_CONTEXT(2) 
PARAMETRIC_REPRESENTATION_CONTEXT() REPRESENTATION_CONTEXT('2D SPACE',''
  ) );
#8536 = ORIENTED_EDGE('',*,*,#8537,.T.);
#8537 = EDGE_CURVE('',#8515,#8538,#8540,.T.);
#8538 = VERTEX_POINT('',#8539);
#8539 = CARTESIAN_POINT('',(12.445479061743,-8.593907533129,4.));
#8540 = SURFACE_CURVE('',#8541,(#8545,#8552),.PCURVE_S1.);
#8541 = LINE('',#8542,#8543);
#8542 = CARTESIAN_POINT('',(13.077635375703,-8.649191521019,4.));
#8543 = VECTOR('',#8544,1.);
#8544 = DIRECTION('',(-0.996197779171,8.712051868069E-02,0.));
#8545 = PCURVE('',#72,#8546);
#8546 = DEFINITIONAL_REPRESENTATION('',(#8547),#8551);
#8547 = LINE('',#8548,#8549);
#8548 = CARTESIAN_POINT('',(-13.0776353757,-8.649191521019));
#8549 = VECTOR('',#8550,1.);
#8550 = DIRECTION('',(0.996197779171,8.712051868069E-02));
#8551 = ( GEOMETRIC_REPRESENTATION_CONTEXT(2) 
PARAMETRIC_REPRESENTATION_CONTEXT() REPRESENTATION_CONTEXT('2D SPACE',''
  ) );
#8552 = PCURVE('',#2602,#8553);
#8553 = DEFINITIONAL_REPRESENTATION('',(#8554),#8558);
#8554 = LINE('',#8555,#8556);
#8555 = CARTESIAN_POINT('',(0.,-8.));
#8556 = VECTOR('',#8557,1.);
#8557 = DIRECTION('',(1.,0.));
#8558 = ( GEOMETRIC_REPRESENTATION_CONTEXT(2) 
PARAMETRIC_REPRESENTATION_CONTEXT() REPRESENTATION_CONTEXT('2D SPACE',''
  ) );
#8559 = ORIENTED_EDGE('',*,*,#8560,.T.);
#8560 = EDGE_CURVE('',#8538,#8561,#8563,.T.);
#8561 = VERTEX_POINT('',#8562);
#8562 = CARTESIAN_POINT('',(11.843505145206,-8.485528201634,4.));
#8563 = SURFACE_CURVE('',#8564,(#8568,#8575),.PCURVE_S1.);
#8564 = LINE('',#8565,#8566);
#8565 = CARTESIAN_POINT('',(12.445479061743,-8.593907533129,4.));
#8566 = VECTOR('',#8567,1.);
#8567 = DIRECTION('',(-0.984176474498,0.177191046737,0.));
#8568 = PCURVE('',#72,#8569);
#8569 = DEFINITIONAL_REPRESENTATION('',(#8570),#8574);
#8570 = LINE('',#8571,#8572);
#8571 = CARTESIAN_POINT('',(-12.44547906174,-8.593907533129));
#8572 = VECTOR('',#8573,1.);
#8573 = DIRECTION('',(0.984176474498,0.177191046737));
#8574 = ( GEOMETRIC_REPRESENTATION_CONTEXT(2) 
PARAMETRIC_REPRESENTATION_CONTEXT() REPRESENTATION_CONTEXT('2D SPACE',''
  ) );
#8575 = PCURVE('',#2630,#8576);
#8576 = DEFINITIONAL_REPRESENTATION('',(#8577),#8581);
#8577 = LINE('',#8578,#8579);
#8578 = CARTESIAN_POINT('',(0.,-8.));
#8579 = VECTOR('',#8580,1.);
#8580 = DIRECTION('',(1.,0.));
#8581 = ( GEOMETRIC_REPRESENTATION_CONTEXT(2) 
PARAMETRIC_REPRESENTATION_CONTEXT() REPRESENTATION_CONTEXT('2D SPACE',''
  ) );
#8582 = ORIENTED_EDGE('',*,*,#8583,.T.);
#8583 = EDGE_CURVE('',#8561,#8584,#8586,.T.);
#8584 = VERTEX_POINT('',#8585);
#8585 = CARTESIAN_POINT('',(11.278989356408,-8.31867067193,4.));
#8586 = SURFACE_CURVE('',#8587,(#8591,#8598),.PCURVE_S1.);
#8587 = LINE('',#8588,#8589);
#8588 = CARTESIAN_POINT('',(11.843505145206,-8.485528201634,4.));
#8589 = VECTOR('',#8590,1.);
#8590 = DIRECTION('',(-0.958985954953,0.283453590916,0.));
#8591 = PCURVE('',#72,#8592);
#8592 = DEFINITIONAL_REPRESENTATION('',(#8593),#8597);
#8593 = LINE('',#8594,#8595);
#8594 = CARTESIAN_POINT('',(-11.8435051452,-8.485528201634));
#8595 = VECTOR('',#8596,1.);
#8596 = DIRECTION('',(0.958985954953,0.283453590916));
#8597 = ( GEOMETRIC_REPRESENTATION_CONTEXT(2) 
PARAMETRIC_REPRESENTATION_CONTEXT() REPRESENTATION_CONTEXT('2D SPACE',''
  ) );
#8598 = PCURVE('',#2658,#8599);
#8599 = DEFINITIONAL_REPRESENTATION('',(#8600),#8604);
#8600 = LINE('',#8601,#8602);
#8601 = CARTESIAN_POINT('',(0.,-8.));
#8602 = VECTOR('',#8603,1.);
#8603 = DIRECTION('',(1.,0.));
#8604 = ( GEOMETRIC_REPRESENTATION_CONTEXT(2) 
PARAMETRIC_REPRESENTATION_CONTEXT() REPRESENTATION_CONTEXT('2D SPACE',''
  ) );
#8605 = ORIENTED_EDGE('',*,*,#8606,.T.);
#8606 = EDGE_CURVE('',#8584,#8607,#8609,.T.);
#8607 = VERTEX_POINT('',#8608);
#8608 = CARTESIAN_POINT('',(10.770330539414,-8.073067250453,4.));
#8609 = SURFACE_CURVE('',#8610,(#8614,#8621),.PCURVE_S1.);
#8610 = LINE('',#8611,#8612);
#8611 = CARTESIAN_POINT('',(11.278989356408,-8.31867067193,4.));
#8612 = VECTOR('',#8613,1.);
#8613 = DIRECTION('',(-0.900521141576,0.43481222795,0.));
#8614 = PCURVE('',#72,#8615);
#8615 = DEFINITIONAL_REPRESENTATION('',(#8616),#8620);
#8616 = LINE('',#8617,#8618);
#8617 = CARTESIAN_POINT('',(-11.2789893564,-8.31867067193));
#8618 = VECTOR('',#8619,1.);
#8619 = DIRECTION('',(0.900521141576,0.43481222795));
#8620 = ( GEOMETRIC_REPRESENTATION_CONTEXT(2) 
PARAMETRIC_REPRESENTATION_CONTEXT() REPRESENTATION_CONTEXT('2D SPACE',''
  ) );
#8621 = PCURVE('',#2686,#8622);
#8622 = DEFINITIONAL_REPRESENTATION('',(#8623),#8627);
#8623 = LINE('',#8624,#8625);
#8624 = CARTESIAN_POINT('',(0.,-8.));
#8625 = VECTOR('',#8626,1.);
#8626 = DIRECTION('',(1.,0.));
#8627 = ( GEOMETRIC_REPRESENTATION_CONTEXT(2) 
PARAMETRIC_REPRESENTATION_CONTEXT() REPRESENTATION_CONTEXT('2D SPACE',''
  ) );
#8628 = ORIENTED_EDGE('',*,*,#8629,.T.);
#8629 = EDGE_CURVE('',#8607,#8630,#8632,.T.);
#8630 = VERTEX_POINT('',#8631);
#8631 = CARTESIAN_POINT('',(9.551288635219,-7.159315603029,4.));
#8632 = SURFACE_CURVE('',#8633,(#8637,#8644),.PCURVE_S1.);
#8633 = LINE('',#8634,#8635);
#8634 = CARTESIAN_POINT('',(10.770330539414,-8.073067250453,4.));
#8635 = VECTOR('',#8636,1.);
#8636 = DIRECTION('',(-0.800166885566,0.599777421419,0.));
#8637 = PCURVE('',#72,#8638);
#8638 = DEFINITIONAL_REPRESENTATION('',(#8639),#8643);
#8639 = LINE('',#8640,#8641);
#8640 = CARTESIAN_POINT('',(-10.77033053941,-8.073067250453));
#8641 = VECTOR('',#8642,1.);
#8642 = DIRECTION('',(0.800166885566,0.599777421419));
#8643 = ( GEOMETRIC_REPRESENTATION_CONTEXT(2) 
PARAMETRIC_REPRESENTATION_CONTEXT() REPRESENTATION_CONTEXT('2D SPACE',''
  ) );
#8644 = PCURVE('',#2714,#8645);
#8645 = DEFINITIONAL_REPRESENTATION('',(#8646),#8650);
#8646 = LINE('',#8647,#8648);
#8647 = CARTESIAN_POINT('',(0.,-8.));
#8648 = VECTOR('',#8649,1.);
#8649 = DIRECTION('',(1.,0.));
#8650 = ( GEOMETRIC_REPRESENTATION_CONTEXT(2) 
PARAMETRIC_REPRESENTATION_CONTEXT() REPRESENTATION_CONTEXT('2D SPACE',''
  ) );
#8651 = ORIENTED_EDGE('',*,*,#8652,.T.);
#8652 = EDGE_CURVE('',#8630,#8653,#8655,.T.);
#8653 = VERTEX_POINT('',#8654);
#8654 = CARTESIAN_POINT('',(8.870637930592,-7.987158268207,4.));
#8655 = SURFACE_CURVE('',#8656,(#8660,#8667),.PCURVE_S1.);
#8656 = LINE('',#8657,#8658);
#8657 = CARTESIAN_POINT('',(9.551288635219,-7.159315603029,4.));
#8658 = VECTOR('',#8659,1.);
#8659 = DIRECTION('',(-0.635094303686,-0.772434609159,0.));
#8660 = PCURVE('',#72,#8661);
#8661 = DEFINITIONAL_REPRESENTATION('',(#8662),#8666);
#8662 = LINE('',#8663,#8664);
#8663 = CARTESIAN_POINT('',(-9.551288635219,-7.159315603029));
#8664 = VECTOR('',#8665,1.);
#8665 = DIRECTION('',(0.635094303686,-0.772434609159));
#8666 = ( GEOMETRIC_REPRESENTATION_CONTEXT(2) 
PARAMETRIC_REPRESENTATION_CONTEXT() REPRESENTATION_CONTEXT('2D SPACE',''
  ) );
#8667 = PCURVE('',#2742,#8668);
#8668 = DEFINITIONAL_REPRESENTATION('',(#8669),#8673);
#8669 = LINE('',#8670,#8671);
#8670 = CARTESIAN_POINT('',(0.,-8.));
#8671 = VECTOR('',#8672,1.);
#8672 = DIRECTION('',(1.,0.));
#8673 = ( GEOMETRIC_REPRESENTATION_CONTEXT(2) 
PARAMETRIC_REPRESENTATION_CONTEXT() REPRESENTATION_CONTEXT('2D SPACE',''
  ) );
#8674 = ORIENTED_EDGE('',*,*,#8675,.T.);
#8675 = EDGE_CURVE('',#8653,#8676,#8678,.T.);
#8676 = VERTEX_POINT('',#8677);
#8677 = CARTESIAN_POINT('',(8.11847764633,-8.750613418674,4.));
#8678 = SURFACE_CURVE('',#8679,(#8683,#8690),.PCURVE_S1.);
#8679 = LINE('',#8680,#8681);
#8680 = CARTESIAN_POINT('',(8.870637930592,-7.987158268207,4.));
#8681 = VECTOR('',#8682,1.);
#8682 = DIRECTION('',(-0.701817699954,-0.712356593309,0.));
#8683 = PCURVE('',#72,#8684);
#8684 = DEFINITIONAL_REPRESENTATION('',(#8685),#8689);
#8685 = LINE('',#8686,#8687);
#8686 = CARTESIAN_POINT('',(-8.870637930592,-7.987158268207));
#8687 = VECTOR('',#8688,1.);
#8688 = DIRECTION('',(0.701817699954,-0.712356593309));
#8689 = ( GEOMETRIC_REPRESENTATION_CONTEXT(2) 
PARAMETRIC_REPRESENTATION_CONTEXT() REPRESENTATION_CONTEXT('2D SPACE',''
  ) );
#8690 = PCURVE('',#2770,#8691);
#8691 = DEFINITIONAL_REPRESENTATION('',(#8692),#8696);
#8692 = LINE('',#8693,#8694);
#8693 = CARTESIAN_POINT('',(0.,-8.));
#8694 = VECTOR('',#8695,1.);
#8695 = DIRECTION('',(1.,0.));
#8696 = ( GEOMETRIC_REPRESENTATION_CONTEXT(2) 
PARAMETRIC_REPRESENTATION_CONTEXT() REPRESENTATION_CONTEXT('2D SPACE',''
  ) );
#8697 = ORIENTED_EDGE('',*,*,#8698,.T.);
#8698 = EDGE_CURVE('',#8676,#8699,#8701,.T.);
#8699 = VERTEX_POINT('',#8700);
#8700 = CARTESIAN_POINT('',(9.154648243526,-9.867464228254,4.));
#8701 = SURFACE_CURVE('',#8702,(#8706,#8713),.PCURVE_S1.);
#8702 = LINE('',#8703,#8704);
#8703 = CARTESIAN_POINT('',(8.11847764633,-8.750613418674,4.));
#8704 = VECTOR('',#8705,1.);
#8705 = DIRECTION('',(0.680131992854,-0.73308967548,0.));
#8706 = PCURVE('',#72,#8707);
#8707 = DEFINITIONAL_REPRESENTATION('',(#8708),#8712);
#8708 = LINE('',#8709,#8710);
#8709 = CARTESIAN_POINT('',(-8.11847764633,-8.750613418674));
#8710 = VECTOR('',#8711,1.);
#8711 = DIRECTION('',(-0.680131992854,-0.73308967548));
#8712 = ( GEOMETRIC_REPRESENTATION_CONTEXT(2) 
PARAMETRIC_REPRESENTATION_CONTEXT() REPRESENTATION_CONTEXT('2D SPACE',''
  ) );
#8713 = PCURVE('',#2798,#8714);
#8714 = DEFINITIONAL_REPRESENTATION('',(#8715),#8719);
#8715 = LINE('',#8716,#8717);
#8716 = CARTESIAN_POINT('',(0.,-8.));
#8717 = VECTOR('',#8718,1.);
#8718 = DIRECTION('',(1.,0.));
#8719 = ( GEOMETRIC_REPRESENTATION_CONTEXT(2) 
PARAMETRIC_REPRESENTATION_CONTEXT() REPRESENTATION_CONTEXT('2D SPACE',''
  ) );
#8720 = ORIENTED_EDGE('',*,*,#8721,.T.);
#8721 = EDGE_CURVE('',#8699,#8722,#8724,.T.);
#8722 = VERTEX_POINT('',#8723);
#8723 = CARTESIAN_POINT('',(9.45207554823,-10.3476640108,4.));
#8724 = SURFACE_CURVE('',#8725,(#8729,#8736),.PCURVE_S1.);
#8725 = LINE('',#8726,#8727);
#8726 = CARTESIAN_POINT('',(9.154648243526,-9.867464228254,4.));
#8727 = VECTOR('',#8728,1.);
#8728 = DIRECTION('',(0.526560372139,-0.850137738542,0.));
#8729 = PCURVE('',#72,#8730);
#8730 = DEFINITIONAL_REPRESENTATION('',(#8731),#8735);
#8731 = LINE('',#8732,#8733);
#8732 = CARTESIAN_POINT('',(-9.154648243526,-9.867464228254));
#8733 = VECTOR('',#8734,1.);
#8734 = DIRECTION('',(-0.526560372139,-0.850137738542));
#8735 = ( GEOMETRIC_REPRESENTATION_CONTEXT(2) 
PARAMETRIC_REPRESENTATION_CONTEXT() REPRESENTATION_CONTEXT('2D SPACE',''
  ) );
#8736 = PCURVE('',#2826,#8737);
#8737 = DEFINITIONAL_REPRESENTATION('',(#8738),#8742);
#8738 = LINE('',#8739,#8740);
#8739 = CARTESIAN_POINT('',(0.,-8.));
#8740 = VECTOR('',#8741,1.);
#8741 = DIRECTION('',(1.,0.));
#8742 = ( GEOMETRIC_REPRESENTATION_CONTEXT(2) 
PARAMETRIC_REPRESENTATION_CONTEXT() REPRESENTATION_CONTEXT('2D SPACE',''
  ) );
#8743 = ORIENTED_EDGE('',*,*,#8744,.T.);
#8744 = EDGE_CURVE('',#8722,#8745,#8747,.T.);
#8745 = VERTEX_POINT('',#8746);
#8746 = CARTESIAN_POINT('',(9.677026982821,-10.89164596188,4.));
#8747 = SURFACE_CURVE('',#8748,(#8752,#8759),.PCURVE_S1.);
#8748 = LINE('',#8749,#8750);
#8749 = CARTESIAN_POINT('',(9.45207554823,-10.3476640108,4.));
#8750 = VECTOR('',#8751,1.);
#8751 = DIRECTION('',(0.382142130654,-0.924103561285,0.));
#8752 = PCURVE('',#72,#8753);
#8753 = DEFINITIONAL_REPRESENTATION('',(#8754),#8758);
#8754 = LINE('',#8755,#8756);
#8755 = CARTESIAN_POINT('',(-9.45207554823,-10.3476640108));
#8756 = VECTOR('',#8757,1.);
#8757 = DIRECTION('',(-0.382142130654,-0.924103561285));
#8758 = ( GEOMETRIC_REPRESENTATION_CONTEXT(2) 
PARAMETRIC_REPRESENTATION_CONTEXT() REPRESENTATION_CONTEXT('2D SPACE',''
  ) );
#8759 = PCURVE('',#2854,#8760);
#8760 = DEFINITIONAL_REPRESENTATION('',(#8761),#8765);
#8761 = LINE('',#8762,#8763);
#8762 = CARTESIAN_POINT('',(0.,-8.));
#8763 = VECTOR('',#8764,1.);
#8764 = DIRECTION('',(1.,0.));
#8765 = ( GEOMETRIC_REPRESENTATION_CONTEXT(2) 
PARAMETRIC_REPRESENTATION_CONTEXT() REPRESENTATION_CONTEXT('2D SPACE',''
  ) );
#8766 = ORIENTED_EDGE('',*,*,#8767,.T.);
#8767 = EDGE_CURVE('',#8745,#8768,#8770,.T.);
#8768 = VERTEX_POINT('',#8769);
#8769 = CARTESIAN_POINT('',(9.847736009421,-11.47899347734,4.));
#8770 = SURFACE_CURVE('',#8771,(#8775,#8782),.PCURVE_S1.);
#8771 = LINE('',#8772,#8773);
#8772 = CARTESIAN_POINT('',(9.677026982821,-10.89164596188,4.));
#8773 = VECTOR('',#8774,1.);
#8774 = DIRECTION('',(0.279094830107,-0.960263544975,0.));
#8775 = PCURVE('',#72,#8776);
#8776 = DEFINITIONAL_REPRESENTATION('',(#8777),#8781);
#8777 = LINE('',#8778,#8779);
#8778 = CARTESIAN_POINT('',(-9.677026982821,-10.89164596188));
#8779 = VECTOR('',#8780,1.);
#8780 = DIRECTION('',(-0.279094830107,-0.960263544975));
#8781 = ( GEOMETRIC_REPRESENTATION_CONTEXT(2) 
PARAMETRIC_REPRESENTATION_CONTEXT() REPRESENTATION_CONTEXT('2D SPACE',''
  ) );
#8782 = PCURVE('',#2882,#8783);
#8783 = DEFINITIONAL_REPRESENTATION('',(#8784),#8788);
#8784 = LINE('',#8785,#8786);
#8785 = CARTESIAN_POINT('',(0.,-8.));
#8786 = VECTOR('',#8787,1.);
#8787 = DIRECTION('',(1.,0.));
#8788 = ( GEOMETRIC_REPRESENTATION_CONTEXT(2) 
PARAMETRIC_REPRESENTATION_CONTEXT() REPRESENTATION_CONTEXT('2D SPACE',''
  ) );
#8789 = ORIENTED_EDGE('',*,*,#8790,.T.);
#8790 = EDGE_CURVE('',#8768,#8791,#8793,.T.);
#8791 = VERTEX_POINT('',#8792);
#8792 = CARTESIAN_POINT('',(9.968795473884,-12.10190802257,4.));
#8793 = SURFACE_CURVE('',#8794,(#8798,#8805),.PCURVE_S1.);
#8794 = LINE('',#8795,#8796);
#8795 = CARTESIAN_POINT('',(9.847736009421,-11.47899347734,4.));
#8796 = VECTOR('',#8797,1.);
#8797 = DIRECTION('',(0.190774286331,-0.981633929566,0.));
#8798 = PCURVE('',#72,#8799);
#8799 = DEFINITIONAL_REPRESENTATION('',(#8800),#8804);
#8800 = LINE('',#8801,#8802);
#8801 = CARTESIAN_POINT('',(-9.847736009421,-11.47899347734));
#8802 = VECTOR('',#8803,1.);
#8803 = DIRECTION('',(-0.190774286331,-0.981633929566));
#8804 = ( GEOMETRIC_REPRESENTATION_CONTEXT(2) 
PARAMETRIC_REPRESENTATION_CONTEXT() REPRESENTATION_CONTEXT('2D SPACE',''
  ) );
#8805 = PCURVE('',#2910,#8806);
#8806 = DEFINITIONAL_REPRESENTATION('',(#8807),#8811);
#8807 = LINE('',#8808,#8809);
#8808 = CARTESIAN_POINT('',(0.,-8.));
#8809 = VECTOR('',#8810,1.);
#8810 = DIRECTION('',(1.,0.));
#8811 = ( GEOMETRIC_REPRESENTATION_CONTEXT(2) 
PARAMETRIC_REPRESENTATION_CONTEXT() REPRESENTATION_CONTEXT('2D SPACE',''
  ) );
#8812 = ORIENTED_EDGE('',*,*,#8813,.T.);
#8813 = EDGE_CURVE('',#8791,#8814,#8816,.T.);
#8814 = VERTEX_POINT('',#8815);
#8815 = CARTESIAN_POINT('',(10.041851731803,-12.75529742696,4.));
#8816 = SURFACE_CURVE('',#8817,(#8821,#8828),.PCURVE_S1.);
#8817 = LINE('',#8818,#8819);
#8818 = CARTESIAN_POINT('',(9.968795473884,-12.10190802257,4.));
#8819 = VECTOR('',#8820,1.);
#8820 = DIRECTION('',(0.11111877504,-0.993807133117,0.));
#8821 = PCURVE('',#72,#8822);
#8822 = DEFINITIONAL_REPRESENTATION('',(#8823),#8827);
#8823 = LINE('',#8824,#8825);
#8824 = CARTESIAN_POINT('',(-9.968795473884,-12.10190802257));
#8825 = VECTOR('',#8826,1.);
#8826 = DIRECTION('',(-0.11111877504,-0.993807133117));
#8827 = ( GEOMETRIC_REPRESENTATION_CONTEXT(2) 
PARAMETRIC_REPRESENTATION_CONTEXT() REPRESENTATION_CONTEXT('2D SPACE',''
  ) );
#8828 = PCURVE('',#2938,#8829);
#8829 = DEFINITIONAL_REPRESENTATION('',(#8830),#8834);
#8830 = LINE('',#8831,#8832);
#8831 = CARTESIAN_POINT('',(0.,-8.));
#8832 = VECTOR('',#8833,1.);
#8833 = DIRECTION('',(1.,0.));
#8834 = ( GEOMETRIC_REPRESENTATION_CONTEXT(2) 
PARAMETRIC_REPRESENTATION_CONTEXT() REPRESENTATION_CONTEXT('2D SPACE',''
  ) );
#8835 = ORIENTED_EDGE('',*,*,#8836,.T.);
#8836 = EDGE_CURVE('',#8814,#8837,#8839,.T.);
#8837 = VERTEX_POINT('',#8838);
#8838 = CARTESIAN_POINT('',(9.027905895072,-13.49197219843,4.));
#8839 = SURFACE_CURVE('',#8840,(#8844,#8851),.PCURVE_S1.);
#8840 = LINE('',#8841,#8842);
#8841 = CARTESIAN_POINT('',(10.041851731803,-12.75529742696,4.));
#8842 = VECTOR('',#8843,1.);
#8843 = DIRECTION('',(-0.809016994375,-0.587785252292,0.));
#8844 = PCURVE('',#72,#8845);
#8845 = DEFINITIONAL_REPRESENTATION('',(#8846),#8850);
#8846 = LINE('',#8847,#8848);
#8847 = CARTESIAN_POINT('',(-10.0418517318,-12.75529742696));
#8848 = VECTOR('',#8849,1.);
#8849 = DIRECTION('',(0.809016994375,-0.587785252292));
#8850 = ( GEOMETRIC_REPRESENTATION_CONTEXT(2) 
PARAMETRIC_REPRESENTATION_CONTEXT() REPRESENTATION_CONTEXT('2D SPACE',''
  ) );
#8851 = PCURVE('',#2966,#8852);
#8852 = DEFINITIONAL_REPRESENTATION('',(#8853),#8857);
#8853 = LINE('',#8854,#8855);
#8854 = CARTESIAN_POINT('',(0.,-8.));
#8855 = VECTOR('',#8856,1.);
#8856 = DIRECTION('',(1.,0.));
#8857 = ( GEOMETRIC_REPRESENTATION_CONTEXT(2) 
PARAMETRIC_REPRESENTATION_CONTEXT() REPRESENTATION_CONTEXT('2D SPACE',''
  ) );
#8858 = ORIENTED_EDGE('',*,*,#8859,.T.);
#8859 = EDGE_CURVE('',#8837,#8860,#8862,.T.);
#8860 = VERTEX_POINT('',#8861);
#8861 = CARTESIAN_POINT('',(8.429071269601,-13.22058313839,4.));
#8862 = SURFACE_CURVE('',#8863,(#8867,#8874),.PCURVE_S1.);
#8863 = LINE('',#8864,#8865);
#8864 = CARTESIAN_POINT('',(9.027905895072,-13.49197219843,4.));
#8865 = VECTOR('',#8866,1.);
#8866 = DIRECTION('',(-0.91082916001,0.412783528349,0.));
#8867 = PCURVE('',#72,#8868);
#8868 = DEFINITIONAL_REPRESENTATION('',(#8869),#8873);
#8869 = LINE('',#8870,#8871);
#8870 = CARTESIAN_POINT('',(-9.027905895072,-13.49197219843));
#8871 = VECTOR('',#8872,1.);
#8872 = DIRECTION('',(0.91082916001,0.412783528349));
#8873 = ( GEOMETRIC_REPRESENTATION_CONTEXT(2) 
PARAMETRIC_REPRESENTATION_CONTEXT() REPRESENTATION_CONTEXT('2D SPACE',''
  ) );
#8874 = PCURVE('',#2994,#8875);
#8875 = DEFINITIONAL_REPRESENTATION('',(#8876),#8880);
#8876 = LINE('',#8877,#8878);
#8877 = CARTESIAN_POINT('',(0.,-8.));
#8878 = VECTOR('',#8879,1.);
#8879 = DIRECTION('',(1.,0.));
#8880 = ( GEOMETRIC_REPRESENTATION_CONTEXT(2) 
PARAMETRIC_REPRESENTATION_CONTEXT() REPRESENTATION_CONTEXT('2D SPACE',''
  ) );
#8881 = ORIENTED_EDGE('',*,*,#8882,.T.);
#8882 = EDGE_CURVE('',#8860,#8883,#8885,.T.);
#8883 = VERTEX_POINT('',#8884);
#8884 = CARTESIAN_POINT('',(7.874053764113,-12.91295756533,4.));
#8885 = SURFACE_CURVE('',#8886,(#8890,#8897),.PCURVE_S1.);
#8886 = LINE('',#8887,#8888);
#8887 = CARTESIAN_POINT('',(8.429071269601,-13.22058313839,4.));
#8888 = VECTOR('',#8889,1.);
#8889 = DIRECTION('',(-0.874636848764,0.484778694648,0.));
#8890 = PCURVE('',#72,#8891);
#8891 = DEFINITIONAL_REPRESENTATION('',(#8892),#8896);
#8892 = LINE('',#8893,#8894);
#8893 = CARTESIAN_POINT('',(-8.429071269601,-13.22058313839));
#8894 = VECTOR('',#8895,1.);
#8895 = DIRECTION('',(0.874636848764,0.484778694648));
#8896 = ( GEOMETRIC_REPRESENTATION_CONTEXT(2) 
PARAMETRIC_REPRESENTATION_CONTEXT() REPRESENTATION_CONTEXT('2D SPACE',''
  ) );
#8897 = PCURVE('',#3022,#8898);
#8898 = DEFINITIONAL_REPRESENTATION('',(#8899),#8903);
#8899 = LINE('',#8900,#8901);
#8900 = CARTESIAN_POINT('',(0.,-8.));
#8901 = VECTOR('',#8902,1.);
#8902 = DIRECTION('',(1.,0.));
#8903 = ( GEOMETRIC_REPRESENTATION_CONTEXT(2) 
PARAMETRIC_REPRESENTATION_CONTEXT() REPRESENTATION_CONTEXT('2D SPACE',''
  ) );
#8904 = ORIENTED_EDGE('',*,*,#8905,.T.);
#8905 = EDGE_CURVE('',#8883,#8906,#8908,.T.);
#8906 = VERTEX_POINT('',#8907);
#8907 = CARTESIAN_POINT('',(7.368205072512,-12.56910326931,4.));
#8908 = SURFACE_CURVE('',#8909,(#8913,#8920),.PCURVE_S1.);
#8909 = LINE('',#8910,#8911);
#8910 = CARTESIAN_POINT('',(7.874053764113,-12.91295756533,4.));
#8911 = VECTOR('',#8912,1.);
#8912 = DIRECTION('',(-0.827019856264,0.562172711313,0.));
#8913 = PCURVE('',#72,#8914);
#8914 = DEFINITIONAL_REPRESENTATION('',(#8915),#8919);
#8915 = LINE('',#8916,#8917);
#8916 = CARTESIAN_POINT('',(-7.874053764113,-12.91295756533));
#8917 = VECTOR('',#8918,1.);
#8918 = DIRECTION('',(0.827019856264,0.562172711313));
#8919 = ( GEOMETRIC_REPRESENTATION_CONTEXT(2) 
PARAMETRIC_REPRESENTATION_CONTEXT() REPRESENTATION_CONTEXT('2D SPACE',''
  ) );
#8920 = PCURVE('',#3050,#8921);
#8921 = DEFINITIONAL_REPRESENTATION('',(#8922),#8926);
#8922 = LINE('',#8923,#8924);
#8923 = CARTESIAN_POINT('',(0.,-8.));
#8924 = VECTOR('',#8925,1.);
#8925 = DIRECTION('',(1.,0.));
#8926 = ( GEOMETRIC_REPRESENTATION_CONTEXT(2) 
PARAMETRIC_REPRESENTATION_CONTEXT() REPRESENTATION_CONTEXT('2D SPACE',''
  ) );
#8927 = ORIENTED_EDGE('',*,*,#8928,.T.);
#8928 = EDGE_CURVE('',#8906,#8929,#8931,.T.);
#8929 = VERTEX_POINT('',#8930);
#8930 = CARTESIAN_POINT('',(6.920361309392,-12.18706207408,4.));
#8931 = SURFACE_CURVE('',#8932,(#8936,#8943),.PCURVE_S1.);
#8932 = LINE('',#8933,#8934);
#8933 = CARTESIAN_POINT('',(7.368205072512,-12.56910326931,4.));
#8934 = VECTOR('',#8935,1.);
#8935 = DIRECTION('',(-0.760786301053,0.649002468509,0.));
#8936 = PCURVE('',#72,#8937);
#8937 = DEFINITIONAL_REPRESENTATION('',(#8938),#8942);
#8938 = LINE('',#8939,#8940);
#8939 = CARTESIAN_POINT('',(-7.368205072512,-12.56910326931));
#8940 = VECTOR('',#8941,1.);
#8941 = DIRECTION('',(0.760786301053,0.649002468509));
#8942 = ( GEOMETRIC_REPRESENTATION_CONTEXT(2) 
PARAMETRIC_REPRESENTATION_CONTEXT() REPRESENTATION_CONTEXT('2D SPACE',''
  ) );
#8943 = PCURVE('',#3078,#8944);
#8944 = DEFINITIONAL_REPRESENTATION('',(#8945),#8949);
#8945 = LINE('',#8946,#8947);
#8946 = CARTESIAN_POINT('',(0.,-8.));
#8947 = VECTOR('',#8948,1.);
#8948 = DIRECTION('',(1.,0.));
#8949 = ( GEOMETRIC_REPRESENTATION_CONTEXT(2) 
PARAMETRIC_REPRESENTATION_CONTEXT() REPRESENTATION_CONTEXT('2D SPACE',''
  ) );
#8950 = ORIENTED_EDGE('',*,*,#8951,.T.);
#8951 = EDGE_CURVE('',#8929,#8952,#8954,.T.);
#8952 = VERTEX_POINT('',#8953);
#8953 = CARTESIAN_POINT('',(6.555574268816,-11.75580200431,4.));
#8954 = SURFACE_CURVE('',#8955,(#8959,#8966),.PCURVE_S1.);
#8955 = LINE('',#8956,#8957);
#8956 = CARTESIAN_POINT('',(6.920361309392,-12.18706207408,4.));
#8957 = VECTOR('',#8958,1.);
#8958 = DIRECTION('',(-0.645812932433,0.763495681914,0.));
#8959 = PCURVE('',#72,#8960);
#8960 = DEFINITIONAL_REPRESENTATION('',(#8961),#8965);
#8961 = LINE('',#8962,#8963);
#8962 = CARTESIAN_POINT('',(-6.920361309392,-12.18706207408));
#8963 = VECTOR('',#8964,1.);
#8964 = DIRECTION('',(0.645812932433,0.763495681914));
#8965 = ( GEOMETRIC_REPRESENTATION_CONTEXT(2) 
PARAMETRIC_REPRESENTATION_CONTEXT() REPRESENTATION_CONTEXT('2D SPACE',''
  ) );
#8966 = PCURVE('',#3106,#8967);
#8967 = DEFINITIONAL_REPRESENTATION('',(#8968),#8972);
#8968 = LINE('',#8969,#8970);
#8969 = CARTESIAN_POINT('',(0.,-8.));
#8970 = VECTOR('',#8971,1.);
#8971 = DIRECTION('',(1.,0.));
#8972 = ( GEOMETRIC_REPRESENTATION_CONTEXT(2) 
PARAMETRIC_REPRESENTATION_CONTEXT() REPRESENTATION_CONTEXT('2D SPACE',''
  ) );
#8973 = ORIENTED_EDGE('',*,*,#8974,.T.);
#8974 = EDGE_CURVE('',#8952,#8975,#8977,.T.);
#8975 = VERTEX_POINT('',#8976);
#8976 = CARTESIAN_POINT('',(5.813580352241,-10.42521932551,4.));
#8977 = SURFACE_CURVE('',#8978,(#8982,#8989),.PCURVE_S1.);
#8978 = LINE('',#8979,#8980);
#8979 = CARTESIAN_POINT('',(6.555574268816,-11.75580200431,4.));
#8980 = VECTOR('',#8981,1.);
#8981 = DIRECTION('',(-0.487037368684,0.873381131869,0.));
#8982 = PCURVE('',#72,#8983);
#8983 = DEFINITIONAL_REPRESENTATION('',(#8984),#8988);
#8984 = LINE('',#8985,#8986);
#8985 = CARTESIAN_POINT('',(-6.555574268816,-11.75580200431));
#8986 = VECTOR('',#8987,1.);
#8987 = DIRECTION('',(0.487037368684,0.873381131869));
#8988 = ( GEOMETRIC_REPRESENTATION_CONTEXT(2) 
PARAMETRIC_REPRESENTATION_CONTEXT() REPRESENTATION_CONTEXT('2D SPACE',''
  ) );
#8989 = PCURVE('',#3134,#8990);
#8990 = DEFINITIONAL_REPRESENTATION('',(#8991),#8995);
#8991 = LINE('',#8992,#8993);
#8992 = CARTESIAN_POINT('',(0.,-8.));
#8993 = VECTOR('',#8994,1.);
#8994 = DIRECTION('',(1.,0.));
#8995 = ( GEOMETRIC_REPRESENTATION_CONTEXT(2) 
PARAMETRIC_REPRESENTATION_CONTEXT() REPRESENTATION_CONTEXT('2D SPACE',''
  ) );
#8996 = ORIENTED_EDGE('',*,*,#8997,.T.);
#8997 = EDGE_CURVE('',#8975,#8998,#9000,.T.);
#8998 = VERTEX_POINT('',#8999);
#8999 = CARTESIAN_POINT('',(4.855061046159,-10.90464564922,4.));
#9000 = SURFACE_CURVE('',#9001,(#9005,#9012),.PCURVE_S1.);
#9001 = LINE('',#9002,#9003);
#9002 = CARTESIAN_POINT('',(5.813580352241,-10.42521932551,4.));
#9003 = VECTOR('',#9004,1.);
#9004 = DIRECTION('',(-0.894364976231,-0.447338003405,0.));
#9005 = PCURVE('',#72,#9006);
#9006 = DEFINITIONAL_REPRESENTATION('',(#9007),#9011);
#9007 = LINE('',#9008,#9009);
#9008 = CARTESIAN_POINT('',(-5.813580352241,-10.42521932551));
#9009 = VECTOR('',#9010,1.);
#9010 = DIRECTION('',(0.894364976231,-0.447338003405));
#9011 = ( GEOMETRIC_REPRESENTATION_CONTEXT(2) 
PARAMETRIC_REPRESENTATION_CONTEXT() REPRESENTATION_CONTEXT('2D SPACE',''
  ) );
#9012 = PCURVE('',#3162,#9013);
#9013 = DEFINITIONAL_REPRESENTATION('',(#9014),#9018);
#9014 = LINE('',#9015,#9016);
#9015 = CARTESIAN_POINT('',(0.,-8.));
#9016 = VECTOR('',#9017,1.);
#9017 = DIRECTION('',(1.,0.));
#9018 = ( GEOMETRIC_REPRESENTATION_CONTEXT(2) 
PARAMETRIC_REPRESENTATION_CONTEXT() REPRESENTATION_CONTEXT('2D SPACE',''
  ) );
#9019 = ORIENTED_EDGE('',*,*,#9020,.T.);
#9020 = EDGE_CURVE('',#8998,#9021,#9023,.T.);
#9021 = VERTEX_POINT('',#9022);
#9022 = CARTESIAN_POINT('',(3.857403250012,-11.29616548497,4.));
#9023 = SURFACE_CURVE('',#9024,(#9028,#9035),.PCURVE_S1.);
#9024 = LINE('',#9025,#9026);
#9025 = CARTESIAN_POINT('',(4.855061046159,-10.90464564922,4.));
#9026 = VECTOR('',#9027,1.);
#9027 = DIRECTION('',(-0.930883901322,-0.365315154709,0.));
#9028 = PCURVE('',#72,#9029);
#9029 = DEFINITIONAL_REPRESENTATION('',(#9030),#9034);
#9030 = LINE('',#9031,#9032);
#9031 = CARTESIAN_POINT('',(-4.855061046159,-10.90464564922));
#9032 = VECTOR('',#9033,1.);
#9033 = DIRECTION('',(0.930883901322,-0.365315154709));
#9034 = ( GEOMETRIC_REPRESENTATION_CONTEXT(2) 
PARAMETRIC_REPRESENTATION_CONTEXT() REPRESENTATION_CONTEXT('2D SPACE',''
  ) );
#9035 = PCURVE('',#3190,#9036);
#9036 = DEFINITIONAL_REPRESENTATION('',(#9037),#9041);
#9037 = LINE('',#9038,#9039);
#9038 = CARTESIAN_POINT('',(0.,-8.));
#9039 = VECTOR('',#9040,1.);
#9040 = DIRECTION('',(1.,0.));
#9041 = ( GEOMETRIC_REPRESENTATION_CONTEXT(2) 
PARAMETRIC_REPRESENTATION_CONTEXT() REPRESENTATION_CONTEXT('2D SPACE',''
  ) );
#9042 = ORIENTED_EDGE('',*,*,#9043,.T.);
#9043 = EDGE_CURVE('',#9021,#9044,#9046,.T.);
#9044 = VERTEX_POINT('',#9045);
#9045 = CARTESIAN_POINT('',(4.349728043318,-12.73790801928,4.));
#9046 = SURFACE_CURVE('',#9047,(#9051,#9058),.PCURVE_S1.);
#9047 = LINE('',#9048,#9049);
#9048 = CARTESIAN_POINT('',(3.857403250012,-11.29616548497,4.));
#9049 = VECTOR('',#9050,1.);
#9050 = DIRECTION('',(0.323157058991,-0.946345346702,0.));
#9051 = PCURVE('',#72,#9052);
#9052 = DEFINITIONAL_REPRESENTATION('',(#9053),#9057);
#9053 = LINE('',#9054,#9055);
#9054 = CARTESIAN_POINT('',(-3.857403250012,-11.29616548497));
#9055 = VECTOR('',#9056,1.);
#9056 = DIRECTION('',(-0.323157058991,-0.946345346702));
#9057 = ( GEOMETRIC_REPRESENTATION_CONTEXT(2) 
PARAMETRIC_REPRESENTATION_CONTEXT() REPRESENTATION_CONTEXT('2D SPACE',''
  ) );
#9058 = PCURVE('',#3218,#9059);
#9059 = DEFINITIONAL_REPRESENTATION('',(#9060),#9064);
#9060 = LINE('',#9061,#9062);
#9061 = CARTESIAN_POINT('',(0.,-8.));
#9062 = VECTOR('',#9063,1.);
#9063 = DIRECTION('',(1.,0.));
#9064 = ( GEOMETRIC_REPRESENTATION_CONTEXT(2) 
PARAMETRIC_REPRESENTATION_CONTEXT() REPRESENTATION_CONTEXT('2D SPACE',''
  ) );
#9065 = ORIENTED_EDGE('',*,*,#9066,.T.);
#9066 = EDGE_CURVE('',#9044,#9067,#9069,.T.);
#9067 = VERTEX_POINT('',#9068);
#9068 = CARTESIAN_POINT('',(4.426126558948,-13.29756693287,4.));
#9069 = SURFACE_CURVE('',#9070,(#9074,#9081),.PCURVE_S1.);
#9070 = LINE('',#9071,#9072);
#9071 = CARTESIAN_POINT('',(4.349728043318,-12.73790801928,4.));
#9072 = VECTOR('',#9073,1.);
#9073 = DIRECTION('',(0.135254666216,-0.990810867556,0.));
#9074 = PCURVE('',#72,#9075);
#9075 = DEFINITIONAL_REPRESENTATION('',(#9076),#9080);
#9076 = LINE('',#9077,#9078);
#9077 = CARTESIAN_POINT('',(-4.349728043318,-12.73790801928));
#9078 = VECTOR('',#9079,1.);
#9079 = DIRECTION('',(-0.135254666216,-0.990810867556));
#9080 = ( GEOMETRIC_REPRESENTATION_CONTEXT(2) 
PARAMETRIC_REPRESENTATION_CONTEXT() REPRESENTATION_CONTEXT('2D SPACE',''
  ) );
#9081 = PCURVE('',#3246,#9082);
#9082 = DEFINITIONAL_REPRESENTATION('',(#9083),#9087);
#9083 = LINE('',#9084,#9085);
#9084 = CARTESIAN_POINT('',(0.,-8.));
#9085 = VECTOR('',#9086,1.);
#9086 = DIRECTION('',(1.,0.));
#9087 = ( GEOMETRIC_REPRESENTATION_CONTEXT(2) 
PARAMETRIC_REPRESENTATION_CONTEXT() REPRESENTATION_CONTEXT('2D SPACE',''
  ) );
#9088 = ORIENTED_EDGE('',*,*,#9089,.T.);
#9089 = EDGE_CURVE('',#9067,#9090,#9092,.T.);
#9090 = VERTEX_POINT('',#9091);
#9091 = CARTESIAN_POINT('',(4.410372527534,-13.88601516467,4.));
#9092 = SURFACE_CURVE('',#9093,(#9097,#9104),.PCURVE_S1.);
#9093 = LINE('',#9094,#9095);
#9094 = CARTESIAN_POINT('',(4.426126558948,-13.29756693287,4.));
#9095 = VECTOR('',#9096,1.);
#9096 = DIRECTION('',(-2.67625727389E-02,-0.999641818203,0.));
#9097 = PCURVE('',#72,#9098);
#9098 = DEFINITIONAL_REPRESENTATION('',(#9099),#9103);
#9099 = LINE('',#9100,#9101);
#9100 = CARTESIAN_POINT('',(-4.426126558948,-13.29756693287));
#9101 = VECTOR('',#9102,1.);
#9102 = DIRECTION('',(2.67625727389E-02,-0.999641818203));
#9103 = ( GEOMETRIC_REPRESENTATION_CONTEXT(2) 
PARAMETRIC_REPRESENTATION_CONTEXT() REPRESENTATION_CONTEXT('2D SPACE',''
  ) );
#9104 = PCURVE('',#3274,#9105);
#9105 = DEFINITIONAL_REPRESENTATION('',(#9106),#9110);
#9106 = LINE('',#9107,#9108);
#9107 = CARTESIAN_POINT('',(0.,-8.));
#9108 = VECTOR('',#9109,1.);
#9109 = DIRECTION('',(1.,0.));
#9110 = ( GEOMETRIC_REPRESENTATION_CONTEXT(2) 
PARAMETRIC_REPRESENTATION_CONTEXT() REPRESENTATION_CONTEXT('2D SPACE',''
  ) );
#9111 = ORIENTED_EDGE('',*,*,#9112,.T.);
#9112 = EDGE_CURVE('',#9090,#9113,#9115,.T.);
#9113 = VERTEX_POINT('',#9114);
#9114 = CARTESIAN_POINT('',(4.327427226604,-14.49201743591,4.));
#9115 = SURFACE_CURVE('',#9116,(#9120,#9127),.PCURVE_S1.);
#9116 = LINE('',#9117,#9118);
#9117 = CARTESIAN_POINT('',(4.410372527534,-13.88601516467,4.));
#9118 = VECTOR('',#9119,1.);
#9119 = DIRECTION('',(-0.135608556456,-0.990762493949,0.));
#9120 = PCURVE('',#72,#9121);
#9121 = DEFINITIONAL_REPRESENTATION('',(#9122),#9126);
#9122 = LINE('',#9123,#9124);
#9123 = CARTESIAN_POINT('',(-4.410372527534,-13.88601516467));
#9124 = VECTOR('',#9125,1.);
#9125 = DIRECTION('',(0.135608556456,-0.990762493949));
#9126 = ( GEOMETRIC_REPRESENTATION_CONTEXT(2) 
PARAMETRIC_REPRESENTATION_CONTEXT() REPRESENTATION_CONTEXT('2D SPACE',''
  ) );
#9127 = PCURVE('',#3302,#9128);
#9128 = DEFINITIONAL_REPRESENTATION('',(#9129),#9133);
#9129 = LINE('',#9130,#9131);
#9130 = CARTESIAN_POINT('',(0.,-8.));
#9131 = VECTOR('',#9132,1.);
#9132 = DIRECTION('',(1.,0.));
#9133 = ( GEOMETRIC_REPRESENTATION_CONTEXT(2) 
PARAMETRIC_REPRESENTATION_CONTEXT() REPRESENTATION_CONTEXT('2D SPACE',''
  ) );
#9134 = ORIENTED_EDGE('',*,*,#9135,.T.);
#9135 = EDGE_CURVE('',#9113,#9136,#9138,.T.);
#9136 = VERTEX_POINT('',#9137);
#9137 = CARTESIAN_POINT('',(4.184658379419,-15.11031750939,4.));
#9138 = SURFACE_CURVE('',#9139,(#9143,#9150),.PCURVE_S1.);
#9139 = LINE('',#9140,#9141);
#9140 = CARTESIAN_POINT('',(4.327427226604,-14.49201743591,4.));
#9141 = VECTOR('',#9142,1.);
#9142 = DIRECTION('',(-0.224985506528,-0.97436211023,0.));
#9143 = PCURVE('',#72,#9144);
#9144 = DEFINITIONAL_REPRESENTATION('',(#9145),#9149);
#9145 = LINE('',#9146,#9147);
#9146 = CARTESIAN_POINT('',(-4.327427226604,-14.49201743591));
#9147 = VECTOR('',#9148,1.);
#9148 = DIRECTION('',(0.224985506528,-0.97436211023));
#9149 = ( GEOMETRIC_REPRESENTATION_CONTEXT(2) 
PARAMETRIC_REPRESENTATION_CONTEXT() REPRESENTATION_CONTEXT('2D SPACE',''
  ) );
#9150 = PCURVE('',#3330,#9151);
#9151 = DEFINITIONAL_REPRESENTATION('',(#9152),#9156);
#9152 = LINE('',#9153,#9154);
#9153 = CARTESIAN_POINT('',(0.,-8.));
#9154 = VECTOR('',#9155,1.);
#9155 = DIRECTION('',(1.,0.));
#9156 = ( GEOMETRIC_REPRESENTATION_CONTEXT(2) 
PARAMETRIC_REPRESENTATION_CONTEXT() REPRESENTATION_CONTEXT('2D SPACE',''
  ) );
#9157 = ORIENTED_EDGE('',*,*,#9158,.T.);
#9158 = EDGE_CURVE('',#9136,#9159,#9161,.T.);
#9159 = VERTEX_POINT('',#9160);
#9160 = CARTESIAN_POINT('',(3.985641179034,-15.73693308893,4.));
#9161 = SURFACE_CURVE('',#9162,(#9166,#9173),.PCURVE_S1.);
#9162 = LINE('',#9163,#9164);
#9163 = CARTESIAN_POINT('',(4.184658379419,-15.11031750939,4.));
#9164 = VECTOR('',#9165,1.);
#9165 = DIRECTION('',(-0.302705724992,-0.953084069774,0.));
#9166 = PCURVE('',#72,#9167);
#9167 = DEFINITIONAL_REPRESENTATION('',(#9168),#9172);
#9168 = LINE('',#9169,#9170);
#9169 = CARTESIAN_POINT('',(-4.184658379419,-15.11031750939));
#9170 = VECTOR('',#9171,1.);
#9171 = DIRECTION('',(0.302705724992,-0.953084069774));
#9172 = ( GEOMETRIC_REPRESENTATION_CONTEXT(2) 
PARAMETRIC_REPRESENTATION_CONTEXT() REPRESENTATION_CONTEXT('2D SPACE',''
  ) );
#9173 = PCURVE('',#3358,#9174);
#9174 = DEFINITIONAL_REPRESENTATION('',(#9175),#9179);
#9175 = LINE('',#9176,#9177);
#9176 = CARTESIAN_POINT('',(0.,-8.));
#9177 = VECTOR('',#9178,1.);
#9178 = DIRECTION('',(1.,0.));
#9179 = ( GEOMETRIC_REPRESENTATION_CONTEXT(2) 
PARAMETRIC_REPRESENTATION_CONTEXT() REPRESENTATION_CONTEXT('2D SPACE',''
  ) );
#9180 = ORIENTED_EDGE('',*,*,#9181,.T.);
#9181 = EDGE_CURVE('',#9159,#9182,#9184,.T.);
#9182 = VERTEX_POINT('',#9183);
#9183 = CARTESIAN_POINT('',(2.759722942003,-15.99751005429,4.));
#9184 = SURFACE_CURVE('',#9185,(#9189,#9196),.PCURVE_S1.);
#9185 = LINE('',#9186,#9187);
#9186 = CARTESIAN_POINT('',(3.985641179034,-15.73693308893,4.));
#9187 = VECTOR('',#9188,1.);
#9188 = DIRECTION('',(-0.978147600734,-0.207911690818,0.));
#9189 = PCURVE('',#72,#9190);
#9190 = DEFINITIONAL_REPRESENTATION('',(#9191),#9195);
#9191 = LINE('',#9192,#9193);
#9192 = CARTESIAN_POINT('',(-3.985641179034,-15.73693308893));
#9193 = VECTOR('',#9194,1.);
#9194 = DIRECTION('',(0.978147600734,-0.207911690818));
#9195 = ( GEOMETRIC_REPRESENTATION_CONTEXT(2) 
PARAMETRIC_REPRESENTATION_CONTEXT() REPRESENTATION_CONTEXT('2D SPACE',''
  ) );
#9196 = PCURVE('',#3386,#9197);
#9197 = DEFINITIONAL_REPRESENTATION('',(#9198),#9202);
#9198 = LINE('',#9199,#9200);
#9199 = CARTESIAN_POINT('',(0.,-8.));
#9200 = VECTOR('',#9201,1.);
#9201 = DIRECTION('',(1.,0.));
#9202 = ( GEOMETRIC_REPRESENTATION_CONTEXT(2) 
PARAMETRIC_REPRESENTATION_CONTEXT() REPRESENTATION_CONTEXT('2D SPACE',''
  ) );
#9203 = ORIENTED_EDGE('',*,*,#9204,.T.);
#9204 = EDGE_CURVE('',#9182,#9205,#9207,.T.);
#9205 = VERTEX_POINT('',#9206);
#9206 = CARTESIAN_POINT('',(2.323044165276,-15.5060158259,4.));
#9207 = SURFACE_CURVE('',#9208,(#9212,#9219),.PCURVE_S1.);
#9208 = LINE('',#9209,#9210);
#9209 = CARTESIAN_POINT('',(2.759722942003,-15.99751005429,4.));
#9210 = VECTOR('',#9211,1.);
#9211 = DIRECTION('',(-0.664189655178,0.747564112271,0.));
#9212 = PCURVE('',#72,#9213);
#9213 = DEFINITIONAL_REPRESENTATION('',(#9214),#9218);
#9214 = LINE('',#9215,#9216);
#9215 = CARTESIAN_POINT('',(-2.759722942003,-15.99751005429));
#9216 = VECTOR('',#9217,1.);
#9217 = DIRECTION('',(0.664189655178,0.747564112271));
#9218 = ( GEOMETRIC_REPRESENTATION_CONTEXT(2) 
PARAMETRIC_REPRESENTATION_CONTEXT() REPRESENTATION_CONTEXT('2D SPACE',''
  ) );
#9219 = PCURVE('',#3414,#9220);
#9220 = DEFINITIONAL_REPRESENTATION('',(#9221),#9225);
#9221 = LINE('',#9222,#9223);
#9222 = CARTESIAN_POINT('',(0.,-8.));
#9223 = VECTOR('',#9224,1.);
#9224 = DIRECTION('',(1.,0.));
#9225 = ( GEOMETRIC_REPRESENTATION_CONTEXT(2) 
PARAMETRIC_REPRESENTATION_CONTEXT() REPRESENTATION_CONTEXT('2D SPACE',''
  ) );
#9226 = ORIENTED_EDGE('',*,*,#9227,.T.);
#9227 = EDGE_CURVE('',#9205,#9228,#9230,.T.);
#9228 = VERTEX_POINT('',#9229);
#9229 = CARTESIAN_POINT('',(1.941133037135,-14.99923992395,4.));
#9230 = SURFACE_CURVE('',#9231,(#9235,#9242),.PCURVE_S1.);
#9231 = LINE('',#9232,#9233);
#9232 = CARTESIAN_POINT('',(2.323044165276,-15.5060158259,4.));
#9233 = VECTOR('',#9234,1.);
#9234 = DIRECTION('',(-0.601843261379,0.798614230234,0.));
#9235 = PCURVE('',#72,#9236);
#9236 = DEFINITIONAL_REPRESENTATION('',(#9237),#9241);
#9237 = LINE('',#9238,#9239);
#9238 = CARTESIAN_POINT('',(-2.323044165276,-15.5060158259));
#9239 = VECTOR('',#9240,1.);
#9240 = DIRECTION('',(0.601843261379,0.798614230234));
#9241 = ( GEOMETRIC_REPRESENTATION_CONTEXT(2) 
PARAMETRIC_REPRESENTATION_CONTEXT() REPRESENTATION_CONTEXT('2D SPACE',''
  ) );
#9242 = PCURVE('',#3442,#9243);
#9243 = DEFINITIONAL_REPRESENTATION('',(#9244),#9248);
#9244 = LINE('',#9245,#9246);
#9245 = CARTESIAN_POINT('',(0.,-8.));
#9246 = VECTOR('',#9247,1.);
#9247 = DIRECTION('',(1.,0.));
#9248 = ( GEOMETRIC_REPRESENTATION_CONTEXT(2) 
PARAMETRIC_REPRESENTATION_CONTEXT() REPRESENTATION_CONTEXT('2D SPACE',''
  ) );
#9249 = ORIENTED_EDGE('',*,*,#9250,.T.);
#9250 = EDGE_CURVE('',#9228,#9251,#9253,.T.);
#9251 = VERTEX_POINT('',#9252);
#9252 = CARTESIAN_POINT('',(1.618875404739,-14.479366195,4.));
#9253 = SURFACE_CURVE('',#9254,(#9258,#9265),.PCURVE_S1.);
#9254 = LINE('',#9255,#9256);
#9255 = CARTESIAN_POINT('',(1.941133037135,-14.99923992395,4.));
#9256 = VECTOR('',#9257,1.);
#9257 = DIRECTION('',(-0.526863991642,0.849949606925,0.));
#9258 = PCURVE('',#72,#9259);
#9259 = DEFINITIONAL_REPRESENTATION('',(#9260),#9264);
#9260 = LINE('',#9261,#9262);
#9261 = CARTESIAN_POINT('',(-1.941133037135,-14.99923992395));
#9262 = VECTOR('',#9263,1.);
#9263 = DIRECTION('',(0.526863991642,0.849949606925));
#9264 = ( GEOMETRIC_REPRESENTATION_CONTEXT(2) 
PARAMETRIC_REPRESENTATION_CONTEXT() REPRESENTATION_CONTEXT('2D SPACE',''
  ) );
#9265 = PCURVE('',#3470,#9266);
#9266 = DEFINITIONAL_REPRESENTATION('',(#9267),#9271);
#9267 = LINE('',#9268,#9269);
#9268 = CARTESIAN_POINT('',(0.,-8.));
#9269 = VECTOR('',#9270,1.);
#9270 = DIRECTION('',(1.,0.));
#9271 = ( GEOMETRIC_REPRESENTATION_CONTEXT(2) 
PARAMETRIC_REPRESENTATION_CONTEXT() REPRESENTATION_CONTEXT('2D SPACE',''
  ) );
#9272 = ORIENTED_EDGE('',*,*,#9273,.T.);
#9273 = EDGE_CURVE('',#9251,#9274,#9276,.T.);
#9274 = VERTEX_POINT('',#9275);
#9275 = CARTESIAN_POINT('',(1.365139922473,-13.94819972763,4.));
#9276 = SURFACE_CURVE('',#9277,(#9281,#9288),.PCURVE_S1.);
#9277 = LINE('',#9278,#9279);
#9278 = CARTESIAN_POINT('',(1.618875404739,-14.479366195,4.));
#9279 = VECTOR('',#9280,1.);
#9280 = DIRECTION('',(-0.431039784175,0.902332923293,0.));
#9281 = PCURVE('',#72,#9282);
#9282 = DEFINITIONAL_REPRESENTATION('',(#9283),#9287);
#9283 = LINE('',#9284,#9285);
#9284 = CARTESIAN_POINT('',(-1.618875404739,-14.479366195));
#9285 = VECTOR('',#9286,1.);
#9286 = DIRECTION('',(0.431039784175,0.902332923293));
#9287 = ( GEOMETRIC_REPRESENTATION_CONTEXT(2) 
PARAMETRIC_REPRESENTATION_CONTEXT() REPRESENTATION_CONTEXT('2D SPACE',''
  ) );
#9288 = PCURVE('',#3498,#9289);
#9289 = DEFINITIONAL_REPRESENTATION('',(#9290),#9294);
#9290 = LINE('',#9291,#9292);
#9291 = CARTESIAN_POINT('',(0.,-8.));
#9292 = VECTOR('',#9293,1.);
#9293 = DIRECTION('',(1.,0.));
#9294 = ( GEOMETRIC_REPRESENTATION_CONTEXT(2) 
PARAMETRIC_REPRESENTATION_CONTEXT() REPRESENTATION_CONTEXT('2D SPACE',''
  ) );
#9295 = ORIENTED_EDGE('',*,*,#9296,.T.);
#9296 = EDGE_CURVE('',#9274,#9297,#9299,.T.);
#9297 = VERTEX_POINT('',#9298);
#9298 = CARTESIAN_POINT('',(1.207299651618,-13.40585179351,4.));
#9299 = SURFACE_CURVE('',#9300,(#9304,#9311),.PCURVE_S1.);
#9300 = LINE('',#9301,#9302);
#9301 = CARTESIAN_POINT('',(1.365139922473,-13.94819972763,4.));
#9302 = VECTOR('',#9303,1.);
#9303 = DIRECTION('',(-0.279437800246,0.960163796336,0.));
#9304 = PCURVE('',#72,#9305);
#9305 = DEFINITIONAL_REPRESENTATION('',(#9306),#9310);
#9306 = LINE('',#9307,#9308);
#9307 = CARTESIAN_POINT('',(-1.365139922473,-13.94819972763));
#9308 = VECTOR('',#9309,1.);
#9309 = DIRECTION('',(0.279437800246,0.960163796336));
#9310 = ( GEOMETRIC_REPRESENTATION_CONTEXT(2) 
PARAMETRIC_REPRESENTATION_CONTEXT() REPRESENTATION_CONTEXT('2D SPACE',''
  ) );
#9311 = PCURVE('',#3526,#9312);
#9312 = DEFINITIONAL_REPRESENTATION('',(#9313),#9317);
#9313 = LINE('',#9314,#9315);
#9314 = CARTESIAN_POINT('',(0.,-8.));
#9315 = VECTOR('',#9316,1.);
#9316 = DIRECTION('',(1.,0.));
#9317 = ( GEOMETRIC_REPRESENTATION_CONTEXT(2) 
PARAMETRIC_REPRESENTATION_CONTEXT() REPRESENTATION_CONTEXT('2D SPACE',''
  ) );
#9318 = ORIENTED_EDGE('',*,*,#9319,.T.);
#9319 = EDGE_CURVE('',#9297,#9320,#9322,.T.);
#9320 = VERTEX_POINT('',#9321);
#9321 = CARTESIAN_POINT('',(1.070651211642,-11.88850791647,4.));
#9322 = SURFACE_CURVE('',#9323,(#9327,#9334),.PCURVE_S1.);
#9323 = LINE('',#9324,#9325);
#9324 = CARTESIAN_POINT('',(1.207299651618,-13.40585179351,4.));
#9325 = VECTOR('',#9326,1.);
#9326 = DIRECTION('',(-8.969466616133E-02,0.995969310201,0.));
#9327 = PCURVE('',#72,#9328);
#9328 = DEFINITIONAL_REPRESENTATION('',(#9329),#9333);
#9329 = LINE('',#9330,#9331);
#9330 = CARTESIAN_POINT('',(-1.207299651618,-13.40585179351));
#9331 = VECTOR('',#9332,1.);
#9332 = DIRECTION('',(8.969466616133E-02,0.995969310201));
#9333 = ( GEOMETRIC_REPRESENTATION_CONTEXT(2) 
PARAMETRIC_REPRESENTATION_CONTEXT() REPRESENTATION_CONTEXT('2D SPACE',''
  ) );
#9334 = PCURVE('',#3554,#9335);
#9335 = DEFINITIONAL_REPRESENTATION('',(#9336),#9340);
#9336 = LINE('',#9337,#9338);
#9337 = CARTESIAN_POINT('',(0.,-8.));
#9338 = VECTOR('',#9339,1.);
#9339 = DIRECTION('',(1.,0.));
#9340 = ( GEOMETRIC_REPRESENTATION_CONTEXT(2) 
PARAMETRIC_REPRESENTATION_CONTEXT() REPRESENTATION_CONTEXT('2D SPACE',''
  ) );
#9341 = ORIENTED_EDGE('',*,*,#9342,.T.);
#9342 = EDGE_CURVE('',#9320,#9343,#9345,.T.);
#9343 = VERTEX_POINT('',#9344);
#9344 = CARTESIAN_POINT('',(1.461814437195E-15,-11.93662073189,4.));
#9345 = SURFACE_CURVE('',#9346,(#9350,#9357),.PCURVE_S1.);
#9346 = LINE('',#9347,#9348);
#9347 = CARTESIAN_POINT('',(1.070651211642,-11.88850791647,4.));
#9348 = VECTOR('',#9349,1.);
#9349 = DIRECTION('',(-0.998991819336,-4.489259292481E-02,0.));
#9350 = PCURVE('',#72,#9351);
#9351 = DEFINITIONAL_REPRESENTATION('',(#9352),#9356);
#9352 = LINE('',#9353,#9354);
#9353 = CARTESIAN_POINT('',(-1.070651211642,-11.88850791647));
#9354 = VECTOR('',#9355,1.);
#9355 = DIRECTION('',(0.998991819336,-4.489259292481E-02));
#9356 = ( GEOMETRIC_REPRESENTATION_CONTEXT(2) 
PARAMETRIC_REPRESENTATION_CONTEXT() REPRESENTATION_CONTEXT('2D SPACE',''
  ) );
#9357 = PCURVE('',#3582,#9358);
#9358 = DEFINITIONAL_REPRESENTATION('',(#9359),#9363);
#9359 = LINE('',#9360,#9361);
#9360 = CARTESIAN_POINT('',(0.,-8.));
#9361 = VECTOR('',#9362,1.);
#9362 = DIRECTION('',(1.,0.));
#9363 = ( GEOMETRIC_REPRESENTATION_CONTEXT(2) 
PARAMETRIC_REPRESENTATION_CONTEXT() REPRESENTATION_CONTEXT('2D SPACE',''
  ) );
#9364 = ORIENTED_EDGE('',*,*,#9365,.T.);
#9365 = EDGE_CURVE('',#9343,#9366,#9368,.T.);
#9366 = VERTEX_POINT('',#9367);
#9367 = CARTESIAN_POINT('',(-1.070651211642,-11.88850791647,4.));
#9368 = SURFACE_CURVE('',#9369,(#9373,#9380),.PCURVE_S1.);
#9369 = LINE('',#9370,#9371);
#9370 = CARTESIAN_POINT('',(1.461814437195E-15,-11.93662073189,4.));
#9371 = VECTOR('',#9372,1.);
#9372 = DIRECTION('',(-0.998991819336,4.489259292481E-02,0.));
#9373 = PCURVE('',#72,#9374);
#9374 = DEFINITIONAL_REPRESENTATION('',(#9375),#9379);
#9375 = LINE('',#9376,#9377);
#9376 = CARTESIAN_POINT('',(-4.424031039259E-15,-11.93662073189));
#9377 = VECTOR('',#9378,1.);
#9378 = DIRECTION('',(0.998991819336,4.489259292481E-02));
#9379 = ( GEOMETRIC_REPRESENTATION_CONTEXT(2) 
PARAMETRIC_REPRESENTATION_CONTEXT() REPRESENTATION_CONTEXT('2D SPACE',''
  ) );
#9380 = PCURVE('',#3610,#9381);
#9381 = DEFINITIONAL_REPRESENTATION('',(#9382),#9386);
#9382 = LINE('',#9383,#9384);
#9383 = CARTESIAN_POINT('',(0.,-8.));
#9384 = VECTOR('',#9385,1.);
#9385 = DIRECTION('',(1.,0.));
#9386 = ( GEOMETRIC_REPRESENTATION_CONTEXT(2) 
PARAMETRIC_REPRESENTATION_CONTEXT() REPRESENTATION_CONTEXT('2D SPACE',''
  ) );
#9387 = ORIENTED_EDGE('',*,*,#9388,.T.);
#9388 = EDGE_CURVE('',#9366,#9389,#9391,.T.);
#9389 = VERTEX_POINT('',#9390);
#9390 = CARTESIAN_POINT('',(-1.207299651618,-13.40585179351,4.));
#9391 = SURFACE_CURVE('',#9392,(#9396,#9403),.PCURVE_S1.);
#9392 = LINE('',#9393,#9394);
#9393 = CARTESIAN_POINT('',(-1.070651211642,-11.88850791647,4.));
#9394 = VECTOR('',#9395,1.);
#9395 = DIRECTION('',(-8.969466616134E-02,-0.995969310201,0.));
#9396 = PCURVE('',#72,#9397);
#9397 = DEFINITIONAL_REPRESENTATION('',(#9398),#9402);
#9398 = LINE('',#9399,#9400);
#9399 = CARTESIAN_POINT('',(1.070651211642,-11.88850791647));
#9400 = VECTOR('',#9401,1.);
#9401 = DIRECTION('',(8.969466616134E-02,-0.995969310201));
#9402 = ( GEOMETRIC_REPRESENTATION_CONTEXT(2) 
PARAMETRIC_REPRESENTATION_CONTEXT() REPRESENTATION_CONTEXT('2D SPACE',''
  ) );
#9403 = PCURVE('',#3638,#9404);
#9404 = DEFINITIONAL_REPRESENTATION('',(#9405),#9409);
#9405 = LINE('',#9406,#9407);
#9406 = CARTESIAN_POINT('',(0.,-8.));
#9407 = VECTOR('',#9408,1.);
#9408 = DIRECTION('',(1.,0.));
#9409 = ( GEOMETRIC_REPRESENTATION_CONTEXT(2) 
PARAMETRIC_REPRESENTATION_CONTEXT() REPRESENTATION_CONTEXT('2D SPACE',''
  ) );
#9410 = ORIENTED_EDGE('',*,*,#9411,.T.);
#9411 = EDGE_CURVE('',#9389,#9412,#9414,.T.);
#9412 = VERTEX_POINT('',#9413);
#9413 = CARTESIAN_POINT('',(-1.365139922473,-13.94819972763,4.));
#9414 = SURFACE_CURVE('',#9415,(#9419,#9426),.PCURVE_S1.);
#9415 = LINE('',#9416,#9417);
#9416 = CARTESIAN_POINT('',(-1.207299651618,-13.40585179351,4.));
#9417 = VECTOR('',#9418,1.);
#9418 = DIRECTION('',(-0.279437800246,-0.960163796336,0.));
#9419 = PCURVE('',#72,#9420);
#9420 = DEFINITIONAL_REPRESENTATION('',(#9421),#9425);
#9421 = LINE('',#9422,#9423);
#9422 = CARTESIAN_POINT('',(1.207299651618,-13.40585179351));
#9423 = VECTOR('',#9424,1.);
#9424 = DIRECTION('',(0.279437800246,-0.960163796336));
#9425 = ( GEOMETRIC_REPRESENTATION_CONTEXT(2) 
PARAMETRIC_REPRESENTATION_CONTEXT() REPRESENTATION_CONTEXT('2D SPACE',''
  ) );
#9426 = PCURVE('',#3666,#9427);
#9427 = DEFINITIONAL_REPRESENTATION('',(#9428),#9432);
#9428 = LINE('',#9429,#9430);
#9429 = CARTESIAN_POINT('',(0.,-8.));
#9430 = VECTOR('',#9431,1.);
#9431 = DIRECTION('',(1.,0.));
#9432 = ( GEOMETRIC_REPRESENTATION_CONTEXT(2) 
PARAMETRIC_REPRESENTATION_CONTEXT() REPRESENTATION_CONTEXT('2D SPACE',''
  ) );
#9433 = ORIENTED_EDGE('',*,*,#9434,.T.);
#9434 = EDGE_CURVE('',#9412,#9435,#9437,.T.);
#9435 = VERTEX_POINT('',#9436);
#9436 = CARTESIAN_POINT('',(-1.618875404739,-14.479366195,4.));
#9437 = SURFACE_CURVE('',#9438,(#9442,#9449),.PCURVE_S1.);
#9438 = LINE('',#9439,#9440);
#9439 = CARTESIAN_POINT('',(-1.365139922473,-13.94819972763,4.));
#9440 = VECTOR('',#9441,1.);
#9441 = DIRECTION('',(-0.431039784175,-0.902332923293,0.));
#9442 = PCURVE('',#72,#9443);
#9443 = DEFINITIONAL_REPRESENTATION('',(#9444),#9448);
#9444 = LINE('',#9445,#9446);
#9445 = CARTESIAN_POINT('',(1.365139922473,-13.94819972763));
#9446 = VECTOR('',#9447,1.);
#9447 = DIRECTION('',(0.431039784175,-0.902332923293));
#9448 = ( GEOMETRIC_REPRESENTATION_CONTEXT(2) 
PARAMETRIC_REPRESENTATION_CONTEXT() REPRESENTATION_CONTEXT('2D SPACE',''
  ) );
#9449 = PCURVE('',#3694,#9450);
#9450 = DEFINITIONAL_REPRESENTATION('',(#9451),#9455);
#9451 = LINE('',#9452,#9453);
#9452 = CARTESIAN_POINT('',(0.,-8.));
#9453 = VECTOR('',#9454,1.);
#9454 = DIRECTION('',(1.,0.));
#9455 = ( GEOMETRIC_REPRESENTATION_CONTEXT(2) 
PARAMETRIC_REPRESENTATION_CONTEXT() REPRESENTATION_CONTEXT('2D SPACE',''
  ) );
#9456 = ORIENTED_EDGE('',*,*,#9457,.T.);
#9457 = EDGE_CURVE('',#9435,#9458,#9460,.T.);
#9458 = VERTEX_POINT('',#9459);
#9459 = CARTESIAN_POINT('',(-1.941133037135,-14.99923992395,4.));
#9460 = SURFACE_CURVE('',#9461,(#9465,#9472),.PCURVE_S1.);
#9461 = LINE('',#9462,#9463);
#9462 = CARTESIAN_POINT('',(-1.618875404739,-14.479366195,4.));
#9463 = VECTOR('',#9464,1.);
#9464 = DIRECTION('',(-0.526863991642,-0.849949606925,0.));
#9465 = PCURVE('',#72,#9466);
#9466 = DEFINITIONAL_REPRESENTATION('',(#9467),#9471);
#9467 = LINE('',#9468,#9469);
#9468 = CARTESIAN_POINT('',(1.618875404739,-14.479366195));
#9469 = VECTOR('',#9470,1.);
#9470 = DIRECTION('',(0.526863991642,-0.849949606925));
#9471 = ( GEOMETRIC_REPRESENTATION_CONTEXT(2) 
PARAMETRIC_REPRESENTATION_CONTEXT() REPRESENTATION_CONTEXT('2D SPACE',''
  ) );
#9472 = PCURVE('',#3722,#9473);
#9473 = DEFINITIONAL_REPRESENTATION('',(#9474),#9478);
#9474 = LINE('',#9475,#9476);
#9475 = CARTESIAN_POINT('',(0.,-8.));
#9476 = VECTOR('',#9477,1.);
#9477 = DIRECTION('',(1.,0.));
#9478 = ( GEOMETRIC_REPRESENTATION_CONTEXT(2) 
PARAMETRIC_REPRESENTATION_CONTEXT() REPRESENTATION_CONTEXT('2D SPACE',''
  ) );
#9479 = ORIENTED_EDGE('',*,*,#9480,.T.);
#9480 = EDGE_CURVE('',#9458,#9481,#9483,.T.);
#9481 = VERTEX_POINT('',#9482);
#9482 = CARTESIAN_POINT('',(-2.323044165276,-15.5060158259,4.));
#9483 = SURFACE_CURVE('',#9484,(#9488,#9495),.PCURVE_S1.);
#9484 = LINE('',#9485,#9486);
#9485 = CARTESIAN_POINT('',(-1.941133037135,-14.99923992395,4.));
#9486 = VECTOR('',#9487,1.);
#9487 = DIRECTION('',(-0.601843261379,-0.798614230234,0.));
#9488 = PCURVE('',#72,#9489);
#9489 = DEFINITIONAL_REPRESENTATION('',(#9490),#9494);
#9490 = LINE('',#9491,#9492);
#9491 = CARTESIAN_POINT('',(1.941133037135,-14.99923992395));
#9492 = VECTOR('',#9493,1.);
#9493 = DIRECTION('',(0.601843261379,-0.798614230234));
#9494 = ( GEOMETRIC_REPRESENTATION_CONTEXT(2) 
PARAMETRIC_REPRESENTATION_CONTEXT() REPRESENTATION_CONTEXT('2D SPACE',''
  ) );
#9495 = PCURVE('',#3750,#9496);
#9496 = DEFINITIONAL_REPRESENTATION('',(#9497),#9501);
#9497 = LINE('',#9498,#9499);
#9498 = CARTESIAN_POINT('',(0.,-8.));
#9499 = VECTOR('',#9500,1.);
#9500 = DIRECTION('',(1.,0.));
#9501 = ( GEOMETRIC_REPRESENTATION_CONTEXT(2) 
PARAMETRIC_REPRESENTATION_CONTEXT() REPRESENTATION_CONTEXT('2D SPACE',''
  ) );
#9502 = ORIENTED_EDGE('',*,*,#9503,.T.);
#9503 = EDGE_CURVE('',#9481,#9504,#9506,.T.);
#9504 = VERTEX_POINT('',#9505);
#9505 = CARTESIAN_POINT('',(-2.759722942003,-15.99751005429,4.));
#9506 = SURFACE_CURVE('',#9507,(#9511,#9518),.PCURVE_S1.);
#9507 = LINE('',#9508,#9509);
#9508 = CARTESIAN_POINT('',(-2.323044165276,-15.5060158259,4.));
#9509 = VECTOR('',#9510,1.);
#9510 = DIRECTION('',(-0.664189655178,-0.747564112271,0.));
#9511 = PCURVE('',#72,#9512);
#9512 = DEFINITIONAL_REPRESENTATION('',(#9513),#9517);
#9513 = LINE('',#9514,#9515);
#9514 = CARTESIAN_POINT('',(2.323044165276,-15.5060158259));
#9515 = VECTOR('',#9516,1.);
#9516 = DIRECTION('',(0.664189655178,-0.747564112271));
#9517 = ( GEOMETRIC_REPRESENTATION_CONTEXT(2) 
PARAMETRIC_REPRESENTATION_CONTEXT() REPRESENTATION_CONTEXT('2D SPACE',''
  ) );
#9518 = PCURVE('',#3778,#9519);
#9519 = DEFINITIONAL_REPRESENTATION('',(#9520),#9524);
#9520 = LINE('',#9521,#9522);
#9521 = CARTESIAN_POINT('',(0.,-8.));
#9522 = VECTOR('',#9523,1.);
#9523 = DIRECTION('',(1.,0.));
#9524 = ( GEOMETRIC_REPRESENTATION_CONTEXT(2) 
PARAMETRIC_REPRESENTATION_CONTEXT() REPRESENTATION_CONTEXT('2D SPACE',''
  ) );
#9525 = ORIENTED_EDGE('',*,*,#9526,.T.);
#9526 = EDGE_CURVE('',#9504,#9527,#9529,.T.);
#9527 = VERTEX_POINT('',#9528);
#9528 = CARTESIAN_POINT('',(-3.985641179034,-15.73693308893,4.));
#9529 = SURFACE_CURVE('',#9530,(#9534,#9541),.PCURVE_S1.);
#9530 = LINE('',#9531,#9532);
#9531 = CARTESIAN_POINT('',(-2.759722942003,-15.99751005429,4.));
#9532 = VECTOR('',#9533,1.);
#9533 = DIRECTION('',(-0.978147600734,0.207911690818,0.));
#9534 = PCURVE('',#72,#9535);
#9535 = DEFINITIONAL_REPRESENTATION('',(#9536),#9540);
#9536 = LINE('',#9537,#9538);
#9537 = CARTESIAN_POINT('',(2.759722942003,-15.99751005429));
#9538 = VECTOR('',#9539,1.);
#9539 = DIRECTION('',(0.978147600734,0.207911690818));
#9540 = ( GEOMETRIC_REPRESENTATION_CONTEXT(2) 
PARAMETRIC_REPRESENTATION_CONTEXT() REPRESENTATION_CONTEXT('2D SPACE',''
  ) );
#9541 = PCURVE('',#3806,#9542);
#9542 = DEFINITIONAL_REPRESENTATION('',(#9543),#9547);
#9543 = LINE('',#9544,#9545);
#9544 = CARTESIAN_POINT('',(0.,-8.));
#9545 = VECTOR('',#9546,1.);
#9546 = DIRECTION('',(1.,0.));
#9547 = ( GEOMETRIC_REPRESENTATION_CONTEXT(2) 
PARAMETRIC_REPRESENTATION_CONTEXT() REPRESENTATION_CONTEXT('2D SPACE',''
  ) );
#9548 = ORIENTED_EDGE('',*,*,#9549,.T.);
#9549 = EDGE_CURVE('',#9527,#9550,#9552,.T.);
#9550 = VERTEX_POINT('',#9551);
#9551 = CARTESIAN_POINT('',(-4.184658379419,-15.11031750939,4.));
#9552 = SURFACE_CURVE('',#9553,(#9557,#9564),.PCURVE_S1.);
#9553 = LINE('',#9554,#9555);
#9554 = CARTESIAN_POINT('',(-3.985641179034,-15.73693308893,4.));
#9555 = VECTOR('',#9556,1.);
#9556 = DIRECTION('',(-0.302705724992,0.953084069774,0.));
#9557 = PCURVE('',#72,#9558);
#9558 = DEFINITIONAL_REPRESENTATION('',(#9559),#9563);
#9559 = LINE('',#9560,#9561);
#9560 = CARTESIAN_POINT('',(3.985641179034,-15.73693308893));
#9561 = VECTOR('',#9562,1.);
#9562 = DIRECTION('',(0.302705724992,0.953084069774));
#9563 = ( GEOMETRIC_REPRESENTATION_CONTEXT(2) 
PARAMETRIC_REPRESENTATION_CONTEXT() REPRESENTATION_CONTEXT('2D SPACE',''
  ) );
#9564 = PCURVE('',#3834,#9565);
#9565 = DEFINITIONAL_REPRESENTATION('',(#9566),#9570);
#9566 = LINE('',#9567,#9568);
#9567 = CARTESIAN_POINT('',(0.,-8.));
#9568 = VECTOR('',#9569,1.);
#9569 = DIRECTION('',(1.,0.));
#9570 = ( GEOMETRIC_REPRESENTATION_CONTEXT(2) 
PARAMETRIC_REPRESENTATION_CONTEXT() REPRESENTATION_CONTEXT('2D SPACE',''
  ) );
#9571 = ORIENTED_EDGE('',*,*,#9572,.T.);
#9572 = EDGE_CURVE('',#9550,#9573,#9575,.T.);
#9573 = VERTEX_POINT('',#9574);
#9574 = CARTESIAN_POINT('',(-4.327427226604,-14.49201743591,4.));
#9575 = SURFACE_CURVE('',#9576,(#9580,#9587),.PCURVE_S1.);
#9576 = LINE('',#9577,#9578);
#9577 = CARTESIAN_POINT('',(-4.184658379419,-15.11031750939,4.));
#9578 = VECTOR('',#9579,1.);
#9579 = DIRECTION('',(-0.224985506528,0.97436211023,0.));
#9580 = PCURVE('',#72,#9581);
#9581 = DEFINITIONAL_REPRESENTATION('',(#9582),#9586);
#9582 = LINE('',#9583,#9584);
#9583 = CARTESIAN_POINT('',(4.184658379419,-15.11031750939));
#9584 = VECTOR('',#9585,1.);
#9585 = DIRECTION('',(0.224985506528,0.97436211023));
#9586 = ( GEOMETRIC_REPRESENTATION_CONTEXT(2) 
PARAMETRIC_REPRESENTATION_CONTEXT() REPRESENTATION_CONTEXT('2D SPACE',''
  ) );
#9587 = PCURVE('',#3862,#9588);
#9588 = DEFINITIONAL_REPRESENTATION('',(#9589),#9593);
#9589 = LINE('',#9590,#9591);
#9590 = CARTESIAN_POINT('',(0.,-8.));
#9591 = VECTOR('',#9592,1.);
#9592 = DIRECTION('',(1.,0.));
#9593 = ( GEOMETRIC_REPRESENTATION_CONTEXT(2) 
PARAMETRIC_REPRESENTATION_CONTEXT() REPRESENTATION_CONTEXT('2D SPACE',''
  ) );
#9594 = ORIENTED_EDGE('',*,*,#9595,.T.);
#9595 = EDGE_CURVE('',#9573,#9596,#9598,.T.);
#9596 = VERTEX_POINT('',#9597);
#9597 = CARTESIAN_POINT('',(-4.410372527534,-13.88601516467,4.));
#9598 = SURFACE_CURVE('',#9599,(#9603,#9610),.PCURVE_S1.);
#9599 = LINE('',#9600,#9601);
#9600 = CARTESIAN_POINT('',(-4.327427226604,-14.49201743591,4.));
#9601 = VECTOR('',#9602,1.);
#9602 = DIRECTION('',(-0.135608556456,0.990762493949,0.));
#9603 = PCURVE('',#72,#9604);
#9604 = DEFINITIONAL_REPRESENTATION('',(#9605),#9609);
#9605 = LINE('',#9606,#9607);
#9606 = CARTESIAN_POINT('',(4.327427226604,-14.49201743591));
#9607 = VECTOR('',#9608,1.);
#9608 = DIRECTION('',(0.135608556456,0.990762493949));
#9609 = ( GEOMETRIC_REPRESENTATION_CONTEXT(2) 
PARAMETRIC_REPRESENTATION_CONTEXT() REPRESENTATION_CONTEXT('2D SPACE',''
  ) );
#9610 = PCURVE('',#3890,#9611);
#9611 = DEFINITIONAL_REPRESENTATION('',(#9612),#9616);
#9612 = LINE('',#9613,#9614);
#9613 = CARTESIAN_POINT('',(0.,-8.));
#9614 = VECTOR('',#9615,1.);
#9615 = DIRECTION('',(1.,0.));
#9616 = ( GEOMETRIC_REPRESENTATION_CONTEXT(2) 
PARAMETRIC_REPRESENTATION_CONTEXT() REPRESENTATION_CONTEXT('2D SPACE',''
  ) );
#9617 = ORIENTED_EDGE('',*,*,#9618,.T.);
#9618 = EDGE_CURVE('',#9596,#9619,#9621,.T.);
#9619 = VERTEX_POINT('',#9620);
#9620 = CARTESIAN_POINT('',(-4.426126558948,-13.29756693287,4.));
#9621 = SURFACE_CURVE('',#9622,(#9626,#9633),.PCURVE_S1.);
#9622 = LINE('',#9623,#9624);
#9623 = CARTESIAN_POINT('',(-4.410372527534,-13.88601516467,4.));
#9624 = VECTOR('',#9625,1.);
#9625 = DIRECTION('',(-2.67625727389E-02,0.999641818203,0.));
#9626 = PCURVE('',#72,#9627);
#9627 = DEFINITIONAL_REPRESENTATION('',(#9628),#9632);
#9628 = LINE('',#9629,#9630);
#9629 = CARTESIAN_POINT('',(4.410372527534,-13.88601516467));
#9630 = VECTOR('',#9631,1.);
#9631 = DIRECTION('',(2.67625727389E-02,0.999641818203));
#9632 = ( GEOMETRIC_REPRESENTATION_CONTEXT(2) 
PARAMETRIC_REPRESENTATION_CONTEXT() REPRESENTATION_CONTEXT('2D SPACE',''
  ) );
#9633 = PCURVE('',#3918,#9634);
#9634 = DEFINITIONAL_REPRESENTATION('',(#9635),#9639);
#9635 = LINE('',#9636,#9637);
#9636 = CARTESIAN_POINT('',(0.,-8.));
#9637 = VECTOR('',#9638,1.);
#9638 = DIRECTION('',(1.,0.));
#9639 = ( GEOMETRIC_REPRESENTATION_CONTEXT(2) 
PARAMETRIC_REPRESENTATION_CONTEXT() REPRESENTATION_CONTEXT('2D SPACE',''
  ) );
#9640 = ORIENTED_EDGE('',*,*,#9641,.T.);
#9641 = EDGE_CURVE('',#9619,#9642,#9644,.T.);
#9642 = VERTEX_POINT('',#9643);
#9643 = CARTESIAN_POINT('',(-4.349728043318,-12.73790801928,4.));
#9644 = SURFACE_CURVE('',#9645,(#9649,#9656),.PCURVE_S1.);
#9645 = LINE('',#9646,#9647);
#9646 = CARTESIAN_POINT('',(-4.426126558948,-13.29756693287,4.));
#9647 = VECTOR('',#9648,1.);
#9648 = DIRECTION('',(0.135254666216,0.990810867556,0.));
#9649 = PCURVE('',#72,#9650);
#9650 = DEFINITIONAL_REPRESENTATION('',(#9651),#9655);
#9651 = LINE('',#9652,#9653);
#9652 = CARTESIAN_POINT('',(4.426126558948,-13.29756693287));
#9653 = VECTOR('',#9654,1.);
#9654 = DIRECTION('',(-0.135254666216,0.990810867556));
#9655 = ( GEOMETRIC_REPRESENTATION_CONTEXT(2) 
PARAMETRIC_REPRESENTATION_CONTEXT() REPRESENTATION_CONTEXT('2D SPACE',''
  ) );
#9656 = PCURVE('',#3946,#9657);
#9657 = DEFINITIONAL_REPRESENTATION('',(#9658),#9662);
#9658 = LINE('',#9659,#9660);
#9659 = CARTESIAN_POINT('',(0.,-8.));
#9660 = VECTOR('',#9661,1.);
#9661 = DIRECTION('',(1.,0.));
#9662 = ( GEOMETRIC_REPRESENTATION_CONTEXT(2) 
PARAMETRIC_REPRESENTATION_CONTEXT() REPRESENTATION_CONTEXT('2D SPACE',''
  ) );
#9663 = ORIENTED_EDGE('',*,*,#9664,.T.);
#9664 = EDGE_CURVE('',#9642,#9665,#9667,.T.);
#9665 = VERTEX_POINT('',#9666);
#9666 = CARTESIAN_POINT('',(-3.857403250012,-11.29616548497,4.));
#9667 = SURFACE_CURVE('',#9668,(#9672,#9679),.PCURVE_S1.);
#9668 = LINE('',#9669,#9670);
#9669 = CARTESIAN_POINT('',(-4.349728043318,-12.73790801928,4.));
#9670 = VECTOR('',#9671,1.);
#9671 = DIRECTION('',(0.323157058991,0.946345346702,0.));
#9672 = PCURVE('',#72,#9673);
#9673 = DEFINITIONAL_REPRESENTATION('',(#9674),#9678);
#9674 = LINE('',#9675,#9676);
#9675 = CARTESIAN_POINT('',(4.349728043318,-12.73790801928));
#9676 = VECTOR('',#9677,1.);
#9677 = DIRECTION('',(-0.323157058991,0.946345346702));
#9678 = ( GEOMETRIC_REPRESENTATION_CONTEXT(2) 
PARAMETRIC_REPRESENTATION_CONTEXT() REPRESENTATION_CONTEXT('2D SPACE',''
  ) );
#9679 = PCURVE('',#3974,#9680);
#9680 = DEFINITIONAL_REPRESENTATION('',(#9681),#9685);
#9681 = LINE('',#9682,#9683);
#9682 = CARTESIAN_POINT('',(0.,-8.));
#9683 = VECTOR('',#9684,1.);
#9684 = DIRECTION('',(1.,0.));
#9685 = ( GEOMETRIC_REPRESENTATION_CONTEXT(2) 
PARAMETRIC_REPRESENTATION_CONTEXT() REPRESENTATION_CONTEXT('2D SPACE',''
  ) );
#9686 = ORIENTED_EDGE('',*,*,#9687,.T.);
#9687 = EDGE_CURVE('',#9665,#9688,#9690,.T.);
#9688 = VERTEX_POINT('',#9689);
#9689 = CARTESIAN_POINT('',(-4.855061046159,-10.90464564922,4.));
#9690 = SURFACE_CURVE('',#9691,(#9695,#9702),.PCURVE_S1.);
#9691 = LINE('',#9692,#9693);
#9692 = CARTESIAN_POINT('',(-3.857403250012,-11.29616548497,4.));
#9693 = VECTOR('',#9694,1.);
#9694 = DIRECTION('',(-0.930883901322,0.365315154709,0.));
#9695 = PCURVE('',#72,#9696);
#9696 = DEFINITIONAL_REPRESENTATION('',(#9697),#9701);
#9697 = LINE('',#9698,#9699);
#9698 = CARTESIAN_POINT('',(3.857403250012,-11.29616548497));
#9699 = VECTOR('',#9700,1.);
#9700 = DIRECTION('',(0.930883901322,0.365315154709));
#9701 = ( GEOMETRIC_REPRESENTATION_CONTEXT(2) 
PARAMETRIC_REPRESENTATION_CONTEXT() REPRESENTATION_CONTEXT('2D SPACE',''
  ) );
#9702 = PCURVE('',#4002,#9703);
#9703 = DEFINITIONAL_REPRESENTATION('',(#9704),#9708);
#9704 = LINE('',#9705,#9706);
#9705 = CARTESIAN_POINT('',(0.,-8.));
#9706 = VECTOR('',#9707,1.);
#9707 = DIRECTION('',(1.,0.));
#9708 = ( GEOMETRIC_REPRESENTATION_CONTEXT(2) 
PARAMETRIC_REPRESENTATION_CONTEXT() REPRESENTATION_CONTEXT('2D SPACE',''
  ) );
#9709 = ORIENTED_EDGE('',*,*,#9710,.T.);
#9710 = EDGE_CURVE('',#9688,#9711,#9713,.T.);
#9711 = VERTEX_POINT('',#9712);
#9712 = CARTESIAN_POINT('',(-5.813580352241,-10.42521932551,4.));
#9713 = SURFACE_CURVE('',#9714,(#9718,#9725),.PCURVE_S1.);
#9714 = LINE('',#9715,#9716);
#9715 = CARTESIAN_POINT('',(-4.855061046159,-10.90464564922,4.));
#9716 = VECTOR('',#9717,1.);
#9717 = DIRECTION('',(-0.894364976231,0.447338003405,0.));
#9718 = PCURVE('',#72,#9719);
#9719 = DEFINITIONAL_REPRESENTATION('',(#9720),#9724);
#9720 = LINE('',#9721,#9722);
#9721 = CARTESIAN_POINT('',(4.855061046159,-10.90464564922));
#9722 = VECTOR('',#9723,1.);
#9723 = DIRECTION('',(0.894364976231,0.447338003405));
#9724 = ( GEOMETRIC_REPRESENTATION_CONTEXT(2) 
PARAMETRIC_REPRESENTATION_CONTEXT() REPRESENTATION_CONTEXT('2D SPACE',''
  ) );
#9725 = PCURVE('',#4030,#9726);
#9726 = DEFINITIONAL_REPRESENTATION('',(#9727),#9731);
#9727 = LINE('',#9728,#9729);
#9728 = CARTESIAN_POINT('',(0.,-8.));
#9729 = VECTOR('',#9730,1.);
#9730 = DIRECTION('',(1.,0.));
#9731 = ( GEOMETRIC_REPRESENTATION_CONTEXT(2) 
PARAMETRIC_REPRESENTATION_CONTEXT() REPRESENTATION_CONTEXT('2D SPACE',''
  ) );
#9732 = ORIENTED_EDGE('',*,*,#9733,.T.);
#9733 = EDGE_CURVE('',#9711,#9734,#9736,.T.);
#9734 = VERTEX_POINT('',#9735);
#9735 = CARTESIAN_POINT('',(-6.555574268816,-11.75580200431,4.));
#9736 = SURFACE_CURVE('',#9737,(#9741,#9748),.PCURVE_S1.);
#9737 = LINE('',#9738,#9739);
#9738 = CARTESIAN_POINT('',(-5.813580352241,-10.42521932551,4.));
#9739 = VECTOR('',#9740,1.);
#9740 = DIRECTION('',(-0.487037368684,-0.873381131869,0.));
#9741 = PCURVE('',#72,#9742);
#9742 = DEFINITIONAL_REPRESENTATION('',(#9743),#9747);
#9743 = LINE('',#9744,#9745);
#9744 = CARTESIAN_POINT('',(5.813580352241,-10.42521932551));
#9745 = VECTOR('',#9746,1.);
#9746 = DIRECTION('',(0.487037368684,-0.873381131869));
#9747 = ( GEOMETRIC_REPRESENTATION_CONTEXT(2) 
PARAMETRIC_REPRESENTATION_CONTEXT() REPRESENTATION_CONTEXT('2D SPACE',''
  ) );
#9748 = PCURVE('',#4058,#9749);
#9749 = DEFINITIONAL_REPRESENTATION('',(#9750),#9754);
#9750 = LINE('',#9751,#9752);
#9751 = CARTESIAN_POINT('',(0.,-8.));
#9752 = VECTOR('',#9753,1.);
#9753 = DIRECTION('',(1.,0.));
#9754 = ( GEOMETRIC_REPRESENTATION_CONTEXT(2) 
PARAMETRIC_REPRESENTATION_CONTEXT() REPRESENTATION_CONTEXT('2D SPACE',''
  ) );
#9755 = ORIENTED_EDGE('',*,*,#9756,.T.);
#9756 = EDGE_CURVE('',#9734,#9757,#9759,.T.);
#9757 = VERTEX_POINT('',#9758);
#9758 = CARTESIAN_POINT('',(-6.920361309392,-12.18706207408,4.));
#9759 = SURFACE_CURVE('',#9760,(#9764,#9771),.PCURVE_S1.);
#9760 = LINE('',#9761,#9762);
#9761 = CARTESIAN_POINT('',(-6.555574268816,-11.75580200431,4.));
#9762 = VECTOR('',#9763,1.);
#9763 = DIRECTION('',(-0.645812932433,-0.763495681914,0.));
#9764 = PCURVE('',#72,#9765);
#9765 = DEFINITIONAL_REPRESENTATION('',(#9766),#9770);
#9766 = LINE('',#9767,#9768);
#9767 = CARTESIAN_POINT('',(6.555574268816,-11.75580200431));
#9768 = VECTOR('',#9769,1.);
#9769 = DIRECTION('',(0.645812932433,-0.763495681914));
#9770 = ( GEOMETRIC_REPRESENTATION_CONTEXT(2) 
PARAMETRIC_REPRESENTATION_CONTEXT() REPRESENTATION_CONTEXT('2D SPACE',''
  ) );
#9771 = PCURVE('',#4086,#9772);
#9772 = DEFINITIONAL_REPRESENTATION('',(#9773),#9777);
#9773 = LINE('',#9774,#9775);
#9774 = CARTESIAN_POINT('',(0.,-8.));
#9775 = VECTOR('',#9776,1.);
#9776 = DIRECTION('',(1.,0.));
#9777 = ( GEOMETRIC_REPRESENTATION_CONTEXT(2) 
PARAMETRIC_REPRESENTATION_CONTEXT() REPRESENTATION_CONTEXT('2D SPACE',''
  ) );
#9778 = ORIENTED_EDGE('',*,*,#9779,.T.);
#9779 = EDGE_CURVE('',#9757,#9780,#9782,.T.);
#9780 = VERTEX_POINT('',#9781);
#9781 = CARTESIAN_POINT('',(-7.368205072512,-12.56910326931,4.));
#9782 = SURFACE_CURVE('',#9783,(#9787,#9794),.PCURVE_S1.);
#9783 = LINE('',#9784,#9785);
#9784 = CARTESIAN_POINT('',(-6.920361309392,-12.18706207408,4.));
#9785 = VECTOR('',#9786,1.);
#9786 = DIRECTION('',(-0.760786301053,-0.649002468509,0.));
#9787 = PCURVE('',#72,#9788);
#9788 = DEFINITIONAL_REPRESENTATION('',(#9789),#9793);
#9789 = LINE('',#9790,#9791);
#9790 = CARTESIAN_POINT('',(6.920361309392,-12.18706207408));
#9791 = VECTOR('',#9792,1.);
#9792 = DIRECTION('',(0.760786301053,-0.649002468509));
#9793 = ( GEOMETRIC_REPRESENTATION_CONTEXT(2) 
PARAMETRIC_REPRESENTATION_CONTEXT() REPRESENTATION_CONTEXT('2D SPACE',''
  ) );
#9794 = PCURVE('',#4114,#9795);
#9795 = DEFINITIONAL_REPRESENTATION('',(#9796),#9800);
#9796 = LINE('',#9797,#9798);
#9797 = CARTESIAN_POINT('',(0.,-8.));
#9798 = VECTOR('',#9799,1.);
#9799 = DIRECTION('',(1.,0.));
#9800 = ( GEOMETRIC_REPRESENTATION_CONTEXT(2) 
PARAMETRIC_REPRESENTATION_CONTEXT() REPRESENTATION_CONTEXT('2D SPACE',''
  ) );
#9801 = ORIENTED_EDGE('',*,*,#9802,.T.);
#9802 = EDGE_CURVE('',#9780,#9803,#9805,.T.);
#9803 = VERTEX_POINT('',#9804);
#9804 = CARTESIAN_POINT('',(-7.874053764113,-12.91295756533,4.));
#9805 = SURFACE_CURVE('',#9806,(#9810,#9817),.PCURVE_S1.);
#9806 = LINE('',#9807,#9808);
#9807 = CARTESIAN_POINT('',(-7.368205072512,-12.56910326931,4.));
#9808 = VECTOR('',#9809,1.);
#9809 = DIRECTION('',(-0.827019856264,-0.562172711313,0.));
#9810 = PCURVE('',#72,#9811);
#9811 = DEFINITIONAL_REPRESENTATION('',(#9812),#9816);
#9812 = LINE('',#9813,#9814);
#9813 = CARTESIAN_POINT('',(7.368205072512,-12.56910326931));
#9814 = VECTOR('',#9815,1.);
#9815 = DIRECTION('',(0.827019856264,-0.562172711313));
#9816 = ( GEOMETRIC_REPRESENTATION_CONTEXT(2) 
PARAMETRIC_REPRESENTATION_CONTEXT() REPRESENTATION_CONTEXT('2D SPACE',''
  ) );
#9817 = PCURVE('',#4142,#9818);
#9818 = DEFINITIONAL_REPRESENTATION('',(#9819),#9823);
#9819 = LINE('',#9820,#9821);
#9820 = CARTESIAN_POINT('',(0.,-8.));
#9821 = VECTOR('',#9822,1.);
#9822 = DIRECTION('',(1.,0.));
#9823 = ( GEOMETRIC_REPRESENTATION_CONTEXT(2) 
PARAMETRIC_REPRESENTATION_CONTEXT() REPRESENTATION_CONTEXT('2D SPACE',''
  ) );
#9824 = ORIENTED_EDGE('',*,*,#9825,.T.);
#9825 = EDGE_CURVE('',#9803,#9826,#9828,.T.);
#9826 = VERTEX_POINT('',#9827);
#9827 = CARTESIAN_POINT('',(-8.429071269601,-13.22058313839,4.));
#9828 = SURFACE_CURVE('',#9829,(#9833,#9840),.PCURVE_S1.);
#9829 = LINE('',#9830,#9831);
#9830 = CARTESIAN_POINT('',(-7.874053764113,-12.91295756533,4.));
#9831 = VECTOR('',#9832,1.);
#9832 = DIRECTION('',(-0.874636848764,-0.484778694648,0.));
#9833 = PCURVE('',#72,#9834);
#9834 = DEFINITIONAL_REPRESENTATION('',(#9835),#9839);
#9835 = LINE('',#9836,#9837);
#9836 = CARTESIAN_POINT('',(7.874053764113,-12.91295756533));
#9837 = VECTOR('',#9838,1.);
#9838 = DIRECTION('',(0.874636848764,-0.484778694648));
#9839 = ( GEOMETRIC_REPRESENTATION_CONTEXT(2) 
PARAMETRIC_REPRESENTATION_CONTEXT() REPRESENTATION_CONTEXT('2D SPACE',''
  ) );
#9840 = PCURVE('',#4170,#9841);
#9841 = DEFINITIONAL_REPRESENTATION('',(#9842),#9846);
#9842 = LINE('',#9843,#9844);
#9843 = CARTESIAN_POINT('',(0.,-8.));
#9844 = VECTOR('',#9845,1.);
#9845 = DIRECTION('',(1.,0.));
#9846 = ( GEOMETRIC_REPRESENTATION_CONTEXT(2) 
PARAMETRIC_REPRESENTATION_CONTEXT() REPRESENTATION_CONTEXT('2D SPACE',''
  ) );
#9847 = ORIENTED_EDGE('',*,*,#9848,.T.);
#9848 = EDGE_CURVE('',#9826,#9849,#9851,.T.);
#9849 = VERTEX_POINT('',#9850);
#9850 = CARTESIAN_POINT('',(-9.027905895072,-13.49197219843,4.));
#9851 = SURFACE_CURVE('',#9852,(#9856,#9863),.PCURVE_S1.);
#9852 = LINE('',#9853,#9854);
#9853 = CARTESIAN_POINT('',(-8.429071269601,-13.22058313839,4.));
#9854 = VECTOR('',#9855,1.);
#9855 = DIRECTION('',(-0.91082916001,-0.412783528349,0.));
#9856 = PCURVE('',#72,#9857);
#9857 = DEFINITIONAL_REPRESENTATION('',(#9858),#9862);
#9858 = LINE('',#9859,#9860);
#9859 = CARTESIAN_POINT('',(8.429071269601,-13.22058313839));
#9860 = VECTOR('',#9861,1.);
#9861 = DIRECTION('',(0.91082916001,-0.412783528349));
#9862 = ( GEOMETRIC_REPRESENTATION_CONTEXT(2) 
PARAMETRIC_REPRESENTATION_CONTEXT() REPRESENTATION_CONTEXT('2D SPACE',''
  ) );
#9863 = PCURVE('',#4198,#9864);
#9864 = DEFINITIONAL_REPRESENTATION('',(#9865),#9869);
#9865 = LINE('',#9866,#9867);
#9866 = CARTESIAN_POINT('',(0.,-8.));
#9867 = VECTOR('',#9868,1.);
#9868 = DIRECTION('',(1.,0.));
#9869 = ( GEOMETRIC_REPRESENTATION_CONTEXT(2) 
PARAMETRIC_REPRESENTATION_CONTEXT() REPRESENTATION_CONTEXT('2D SPACE',''
  ) );
#9870 = ORIENTED_EDGE('',*,*,#9871,.T.);
#9871 = EDGE_CURVE('',#9849,#9872,#9874,.T.);
#9872 = VERTEX_POINT('',#9873);
#9873 = CARTESIAN_POINT('',(-10.0418517318,-12.75529742696,4.));
#9874 = SURFACE_CURVE('',#9875,(#9879,#9886),.PCURVE_S1.);
#9875 = LINE('',#9876,#9877);
#9876 = CARTESIAN_POINT('',(-9.027905895072,-13.49197219843,4.));
#9877 = VECTOR('',#9878,1.);
#9878 = DIRECTION('',(-0.809016994375,0.587785252292,0.));
#9879 = PCURVE('',#72,#9880);
#9880 = DEFINITIONAL_REPRESENTATION('',(#9881),#9885);
#9881 = LINE('',#9882,#9883);
#9882 = CARTESIAN_POINT('',(9.027905895072,-13.49197219843));
#9883 = VECTOR('',#9884,1.);
#9884 = DIRECTION('',(0.809016994375,0.587785252292));
#9885 = ( GEOMETRIC_REPRESENTATION_CONTEXT(2) 
PARAMETRIC_REPRESENTATION_CONTEXT() REPRESENTATION_CONTEXT('2D SPACE',''
  ) );
#9886 = PCURVE('',#4226,#9887);
#9887 = DEFINITIONAL_REPRESENTATION('',(#9888),#9892);
#9888 = LINE('',#9889,#9890);
#9889 = CARTESIAN_POINT('',(0.,-8.));
#9890 = VECTOR('',#9891,1.);
#9891 = DIRECTION('',(1.,0.));
#9892 = ( GEOMETRIC_REPRESENTATION_CONTEXT(2) 
PARAMETRIC_REPRESENTATION_CONTEXT() REPRESENTATION_CONTEXT('2D SPACE',''
  ) );
#9893 = ORIENTED_EDGE('',*,*,#9894,.T.);
#9894 = EDGE_CURVE('',#9872,#9895,#9897,.T.);
#9895 = VERTEX_POINT('',#9896);
#9896 = CARTESIAN_POINT('',(-9.968795473884,-12.10190802257,4.));
#9897 = SURFACE_CURVE('',#9898,(#9902,#9909),.PCURVE_S1.);
#9898 = LINE('',#9899,#9900);
#9899 = CARTESIAN_POINT('',(-10.0418517318,-12.75529742696,4.));
#9900 = VECTOR('',#9901,1.);
#9901 = DIRECTION('',(0.11111877504,0.993807133117,0.));
#9902 = PCURVE('',#72,#9903);
#9903 = DEFINITIONAL_REPRESENTATION('',(#9904),#9908);
#9904 = LINE('',#9905,#9906);
#9905 = CARTESIAN_POINT('',(10.041851731803,-12.75529742696));
#9906 = VECTOR('',#9907,1.);
#9907 = DIRECTION('',(-0.11111877504,0.993807133117));
#9908 = ( GEOMETRIC_REPRESENTATION_CONTEXT(2) 
PARAMETRIC_REPRESENTATION_CONTEXT() REPRESENTATION_CONTEXT('2D SPACE',''
  ) );
#9909 = PCURVE('',#4254,#9910);
#9910 = DEFINITIONAL_REPRESENTATION('',(#9911),#9915);
#9911 = LINE('',#9912,#9913);
#9912 = CARTESIAN_POINT('',(0.,-8.));
#9913 = VECTOR('',#9914,1.);
#9914 = DIRECTION('',(1.,0.));
#9915 = ( GEOMETRIC_REPRESENTATION_CONTEXT(2) 
PARAMETRIC_REPRESENTATION_CONTEXT() REPRESENTATION_CONTEXT('2D SPACE',''
  ) );
#9916 = ORIENTED_EDGE('',*,*,#9917,.T.);
#9917 = EDGE_CURVE('',#9895,#9918,#9920,.T.);
#9918 = VERTEX_POINT('',#9919);
#9919 = CARTESIAN_POINT('',(-9.847736009421,-11.47899347734,4.));
#9920 = SURFACE_CURVE('',#9921,(#9925,#9932),.PCURVE_S1.);
#9921 = LINE('',#9922,#9923);
#9922 = CARTESIAN_POINT('',(-9.968795473884,-12.10190802257,4.));
#9923 = VECTOR('',#9924,1.);
#9924 = DIRECTION('',(0.190774286331,0.981633929566,0.));
#9925 = PCURVE('',#72,#9926);
#9926 = DEFINITIONAL_REPRESENTATION('',(#9927),#9931);
#9927 = LINE('',#9928,#9929);
#9928 = CARTESIAN_POINT('',(9.968795473884,-12.10190802257));
#9929 = VECTOR('',#9930,1.);
#9930 = DIRECTION('',(-0.190774286331,0.981633929566));
#9931 = ( GEOMETRIC_REPRESENTATION_CONTEXT(2) 
PARAMETRIC_REPRESENTATION_CONTEXT() REPRESENTATION_CONTEXT('2D SPACE',''
  ) );
#9932 = PCURVE('',#4282,#9933);
#9933 = DEFINITIONAL_REPRESENTATION('',(#9934),#9938);
#9934 = LINE('',#9935,#9936);
#9935 = CARTESIAN_POINT('',(0.,-8.));
#9936 = VECTOR('',#9937,1.);
#9937 = DIRECTION('',(1.,0.));
#9938 = ( GEOMETRIC_REPRESENTATION_CONTEXT(2) 
PARAMETRIC_REPRESENTATION_CONTEXT() REPRESENTATION_CONTEXT('2D SPACE',''
  ) );
#9939 = ORIENTED_EDGE('',*,*,#9940,.T.);
#9940 = EDGE_CURVE('',#9918,#9941,#9943,.T.);
#9941 = VERTEX_POINT('',#9942);
#9942 = CARTESIAN_POINT('',(-9.677026982821,-10.89164596188,4.));
#9943 = SURFACE_CURVE('',#9944,(#9948,#9955),.PCURVE_S1.);
#9944 = LINE('',#9945,#9946);
#9945 = CARTESIAN_POINT('',(-9.847736009421,-11.47899347734,4.));
#9946 = VECTOR('',#9947,1.);
#9947 = DIRECTION('',(0.279094830107,0.960263544975,0.));
#9948 = PCURVE('',#72,#9949);
#9949 = DEFINITIONAL_REPRESENTATION('',(#9950),#9954);
#9950 = LINE('',#9951,#9952);
#9951 = CARTESIAN_POINT('',(9.847736009421,-11.47899347734));
#9952 = VECTOR('',#9953,1.);
#9953 = DIRECTION('',(-0.279094830107,0.960263544975));
#9954 = ( GEOMETRIC_REPRESENTATION_CONTEXT(2) 
PARAMETRIC_REPRESENTATION_CONTEXT() REPRESENTATION_CONTEXT('2D SPACE',''
  ) );
#9955 = PCURVE('',#4310,#9956);
#9956 = DEFINITIONAL_REPRESENTATION('',(#9957),#9961);
#9957 = LINE('',#9958,#9959);
#9958 = CARTESIAN_POINT('',(0.,-8.));
#9959 = VECTOR('',#9960,1.);
#9960 = DIRECTION('',(1.,0.));
#9961 = ( GEOMETRIC_REPRESENTATION_CONTEXT(2) 
PARAMETRIC_REPRESENTATION_CONTEXT() REPRESENTATION_CONTEXT('2D SPACE',''
  ) );
#9962 = ORIENTED_EDGE('',*,*,#9963,.T.);
#9963 = EDGE_CURVE('',#9941,#9964,#9966,.T.);
#9964 = VERTEX_POINT('',#9965);
#9965 = CARTESIAN_POINT('',(-9.45207554823,-10.3476640108,4.));
#9966 = SURFACE_CURVE('',#9967,(#9971,#9978),.PCURVE_S1.);
#9967 = LINE('',#9968,#9969);
#9968 = CARTESIAN_POINT('',(-9.677026982821,-10.89164596188,4.));
#9969 = VECTOR('',#9970,1.);
#9970 = DIRECTION('',(0.382142130654,0.924103561285,0.));
#9971 = PCURVE('',#72,#9972);
#9972 = DEFINITIONAL_REPRESENTATION('',(#9973),#9977);
#9973 = LINE('',#9974,#9975);
#9974 = CARTESIAN_POINT('',(9.677026982821,-10.89164596188));
#9975 = VECTOR('',#9976,1.);
#9976 = DIRECTION('',(-0.382142130654,0.924103561285));
#9977 = ( GEOMETRIC_REPRESENTATION_CONTEXT(2) 
PARAMETRIC_REPRESENTATION_CONTEXT() REPRESENTATION_CONTEXT('2D SPACE',''
  ) );
#9978 = PCURVE('',#4338,#9979);
#9979 = DEFINITIONAL_REPRESENTATION('',(#9980),#9984);
#9980 = LINE('',#9981,#9982);
#9981 = CARTESIAN_POINT('',(0.,-8.));
#9982 = VECTOR('',#9983,1.);
#9983 = DIRECTION('',(1.,0.));
#9984 = ( GEOMETRIC_REPRESENTATION_CONTEXT(2) 
PARAMETRIC_REPRESENTATION_CONTEXT() REPRESENTATION_CONTEXT('2D SPACE',''
  ) );
#9985 = ORIENTED_EDGE('',*,*,#9986,.T.);
#9986 = EDGE_CURVE('',#9964,#9987,#9989,.T.);
#9987 = VERTEX_POINT('',#9988);
#9988 = CARTESIAN_POINT('',(-9.154648243526,-9.867464228254,4.));
#9989 = SURFACE_CURVE('',#9990,(#9994,#10001),.PCURVE_S1.);
#9990 = LINE('',#9991,#9992);
#9991 = CARTESIAN_POINT('',(-9.45207554823,-10.3476640108,4.));
#9992 = VECTOR('',#9993,1.);
#9993 = DIRECTION('',(0.526560372139,0.850137738542,0.));
#9994 = PCURVE('',#72,#9995);
#9995 = DEFINITIONAL_REPRESENTATION('',(#9996),#10000);
#9996 = LINE('',#9997,#9998);
#9997 = CARTESIAN_POINT('',(9.45207554823,-10.3476640108));
#9998 = VECTOR('',#9999,1.);
#9999 = DIRECTION('',(-0.526560372139,0.850137738542));
#10000 = ( GEOMETRIC_REPRESENTATION_CONTEXT(2) 
PARAMETRIC_REPRESENTATION_CONTEXT() REPRESENTATION_CONTEXT('2D SPACE',''
  ) );
#10001 = PCURVE('',#4366,#10002);
#10002 = DEFINITIONAL_REPRESENTATION('',(#10003),#10007);
#10003 = LINE('',#10004,#10005);
#10004 = CARTESIAN_POINT('',(0.,-8.));
#10005 = VECTOR('',#10006,1.);
#10006 = DIRECTION('',(1.,0.));
#10007 = ( GEOMETRIC_REPRESENTATION_CONTEXT(2) 
PARAMETRIC_REPRESENTATION_CONTEXT() REPRESENTATION_CONTEXT('2D SPACE',''
  ) );
#10008 = ORIENTED_EDGE('',*,*,#10009,.T.);
#10009 = EDGE_CURVE('',#9987,#10010,#10012,.T.);
#10010 = VERTEX_POINT('',#10011);
#10011 = CARTESIAN_POINT('',(-8.11847764633,-8.750613418674,4.));
#10012 = SURFACE_CURVE('',#10013,(#10017,#10024),.PCURVE_S1.);
#10013 = LINE('',#10014,#10015);
#10014 = CARTESIAN_POINT('',(-9.154648243526,-9.867464228254,4.));
#10015 = VECTOR('',#10016,1.);
#10016 = DIRECTION('',(0.680131992854,0.73308967548,0.));
#10017 = PCURVE('',#72,#10018);
#10018 = DEFINITIONAL_REPRESENTATION('',(#10019),#10023);
#10019 = LINE('',#10020,#10021);
#10020 = CARTESIAN_POINT('',(9.154648243526,-9.867464228254));
#10021 = VECTOR('',#10022,1.);
#10022 = DIRECTION('',(-0.680131992854,0.73308967548));
#10023 = ( GEOMETRIC_REPRESENTATION_CONTEXT(2) 
PARAMETRIC_REPRESENTATION_CONTEXT() REPRESENTATION_CONTEXT('2D SPACE',''
  ) );
#10024 = PCURVE('',#4394,#10025);
#10025 = DEFINITIONAL_REPRESENTATION('',(#10026),#10030);
#10026 = LINE('',#10027,#10028);
#10027 = CARTESIAN_POINT('',(0.,-8.));
#10028 = VECTOR('',#10029,1.);
#10029 = DIRECTION('',(1.,0.));
#10030 = ( GEOMETRIC_REPRESENTATION_CONTEXT(2) 
PARAMETRIC_REPRESENTATION_CONTEXT() REPRESENTATION_CONTEXT('2D SPACE',''
  ) );
#10031 = ORIENTED_EDGE('',*,*,#10032,.T.);
#10032 = EDGE_CURVE('',#10010,#10033,#10035,.T.);
#10033 = VERTEX_POINT('',#10034);
#10034 = CARTESIAN_POINT('',(-8.870637930592,-7.987158268207,4.));
#10035 = SURFACE_CURVE('',#10036,(#10040,#10047),.PCURVE_S1.);
#10036 = LINE('',#10037,#10038);
#10037 = CARTESIAN_POINT('',(-8.11847764633,-8.750613418674,4.));
#10038 = VECTOR('',#10039,1.);
#10039 = DIRECTION('',(-0.701817699954,0.712356593309,0.));
#10040 = PCURVE('',#72,#10041);
#10041 = DEFINITIONAL_REPRESENTATION('',(#10042),#10046);
#10042 = LINE('',#10043,#10044);
#10043 = CARTESIAN_POINT('',(8.11847764633,-8.750613418674));
#10044 = VECTOR('',#10045,1.);
#10045 = DIRECTION('',(0.701817699954,0.712356593309));
#10046 = ( GEOMETRIC_REPRESENTATION_CONTEXT(2) 
PARAMETRIC_REPRESENTATION_CONTEXT() REPRESENTATION_CONTEXT('2D SPACE',''
  ) );
#10047 = PCURVE('',#4422,#10048);
#10048 = DEFINITIONAL_REPRESENTATION('',(#10049),#10053);
#10049 = LINE('',#10050,#10051);
#10050 = CARTESIAN_POINT('',(0.,-8.));
#10051 = VECTOR('',#10052,1.);
#10052 = DIRECTION('',(1.,0.));
#10053 = ( GEOMETRIC_REPRESENTATION_CONTEXT(2) 
PARAMETRIC_REPRESENTATION_CONTEXT() REPRESENTATION_CONTEXT('2D SPACE',''
  ) );
#10054 = ORIENTED_EDGE('',*,*,#10055,.T.);
#10055 = EDGE_CURVE('',#10033,#10056,#10058,.T.);
#10056 = VERTEX_POINT('',#10057);
#10057 = CARTESIAN_POINT('',(-9.551288635219,-7.159315603029,4.));
#10058 = SURFACE_CURVE('',#10059,(#10063,#10070),.PCURVE_S1.);
#10059 = LINE('',#10060,#10061);
#10060 = CARTESIAN_POINT('',(-8.870637930592,-7.987158268207,4.));
#10061 = VECTOR('',#10062,1.);
#10062 = DIRECTION('',(-0.635094303686,0.772434609159,0.));
#10063 = PCURVE('',#72,#10064);
#10064 = DEFINITIONAL_REPRESENTATION('',(#10065),#10069);
#10065 = LINE('',#10066,#10067);
#10066 = CARTESIAN_POINT('',(8.870637930592,-7.987158268207));
#10067 = VECTOR('',#10068,1.);
#10068 = DIRECTION('',(0.635094303686,0.772434609159));
#10069 = ( GEOMETRIC_REPRESENTATION_CONTEXT(2) 
PARAMETRIC_REPRESENTATION_CONTEXT() REPRESENTATION_CONTEXT('2D SPACE',''
  ) );
#10070 = PCURVE('',#4450,#10071);
#10071 = DEFINITIONAL_REPRESENTATION('',(#10072),#10076);
#10072 = LINE('',#10073,#10074);
#10073 = CARTESIAN_POINT('',(0.,-8.));
#10074 = VECTOR('',#10075,1.);
#10075 = DIRECTION('',(1.,0.));
#10076 = ( GEOMETRIC_REPRESENTATION_CONTEXT(2) 
PARAMETRIC_REPRESENTATION_CONTEXT() REPRESENTATION_CONTEXT('2D SPACE',''
  ) );
#10077 = ORIENTED_EDGE('',*,*,#10078,.T.);
#10078 = EDGE_CURVE('',#10056,#10079,#10081,.T.);
#10079 = VERTEX_POINT('',#10080);
#10080 = CARTESIAN_POINT('',(-10.77033053941,-8.073067250453,4.));
#10081 = SURFACE_CURVE('',#10082,(#10086,#10093),.PCURVE_S1.);
#10082 = LINE('',#10083,#10084);
#10083 = CARTESIAN_POINT('',(-9.551288635219,-7.159315603029,4.));
#10084 = VECTOR('',#10085,1.);
#10085 = DIRECTION('',(-0.800166885566,-0.599777421419,0.));
#10086 = PCURVE('',#72,#10087);
#10087 = DEFINITIONAL_REPRESENTATION('',(#10088),#10092);
#10088 = LINE('',#10089,#10090);
#10089 = CARTESIAN_POINT('',(9.551288635219,-7.159315603029));
#10090 = VECTOR('',#10091,1.);
#10091 = DIRECTION('',(0.800166885566,-0.599777421419));
#10092 = ( GEOMETRIC_REPRESENTATION_CONTEXT(2) 
PARAMETRIC_REPRESENTATION_CONTEXT() REPRESENTATION_CONTEXT('2D SPACE',''
  ) );
#10093 = PCURVE('',#4478,#10094);
#10094 = DEFINITIONAL_REPRESENTATION('',(#10095),#10099);
#10095 = LINE('',#10096,#10097);
#10096 = CARTESIAN_POINT('',(0.,-8.));
#10097 = VECTOR('',#10098,1.);
#10098 = DIRECTION('',(1.,0.));
#10099 = ( GEOMETRIC_REPRESENTATION_CONTEXT(2) 
PARAMETRIC_REPRESENTATION_CONTEXT() REPRESENTATION_CONTEXT('2D SPACE',''
  ) );
#10100 = ORIENTED_EDGE('',*,*,#10101,.T.);
#10101 = EDGE_CURVE('',#10079,#10102,#10104,.T.);
#10102 = VERTEX_POINT('',#10103);
#10103 = CARTESIAN_POINT('',(-11.2789893564,-8.31867067193,4.));
#10104 = SURFACE_CURVE('',#10105,(#10109,#10116),.PCURVE_S1.);
#10105 = LINE('',#10106,#10107);
#10106 = CARTESIAN_POINT('',(-10.77033053941,-8.073067250453,4.));
#10107 = VECTOR('',#10108,1.);
#10108 = DIRECTION('',(-0.900521141576,-0.43481222795,0.));
#10109 = PCURVE('',#72,#10110);
#10110 = DEFINITIONAL_REPRESENTATION('',(#10111),#10115);
#10111 = LINE('',#10112,#10113);
#10112 = CARTESIAN_POINT('',(10.770330539414,-8.073067250453));
#10113 = VECTOR('',#10114,1.);
#10114 = DIRECTION('',(0.900521141576,-0.43481222795));
#10115 = ( GEOMETRIC_REPRESENTATION_CONTEXT(2) 
PARAMETRIC_REPRESENTATION_CONTEXT() REPRESENTATION_CONTEXT('2D SPACE',''
  ) );
#10116 = PCURVE('',#4506,#10117);
#10117 = DEFINITIONAL_REPRESENTATION('',(#10118),#10122);
#10118 = LINE('',#10119,#10120);
#10119 = CARTESIAN_POINT('',(0.,-8.));
#10120 = VECTOR('',#10121,1.);
#10121 = DIRECTION('',(1.,0.));
#10122 = ( GEOMETRIC_REPRESENTATION_CONTEXT(2) 
PARAMETRIC_REPRESENTATION_CONTEXT() REPRESENTATION_CONTEXT('2D SPACE',''
  ) );
#10123 = ORIENTED_EDGE('',*,*,#10124,.T.);
#10124 = EDGE_CURVE('',#10102,#10125,#10127,.T.);
#10125 = VERTEX_POINT('',#10126);
#10126 = CARTESIAN_POINT('',(-11.8435051452,-8.485528201634,4.));
#10127 = SURFACE_CURVE('',#10128,(#10132,#10139),.PCURVE_S1.);
#10128 = LINE('',#10129,#10130);
#10129 = CARTESIAN_POINT('',(-11.2789893564,-8.31867067193,4.));
#10130 = VECTOR('',#10131,1.);
#10131 = DIRECTION('',(-0.958985954953,-0.283453590916,0.));
#10132 = PCURVE('',#72,#10133);
#10133 = DEFINITIONAL_REPRESENTATION('',(#10134),#10138);
#10134 = LINE('',#10135,#10136);
#10135 = CARTESIAN_POINT('',(11.278989356408,-8.31867067193));
#10136 = VECTOR('',#10137,1.);
#10137 = DIRECTION('',(0.958985954953,-0.283453590916));
#10138 = ( GEOMETRIC_REPRESENTATION_CONTEXT(2) 
PARAMETRIC_REPRESENTATION_CONTEXT() REPRESENTATION_CONTEXT('2D SPACE',''
  ) );
#10139 = PCURVE('',#4534,#10140);
#10140 = DEFINITIONAL_REPRESENTATION('',(#10141),#10145);
#10141 = LINE('',#10142,#10143);
#10142 = CARTESIAN_POINT('',(0.,-8.));
#10143 = VECTOR('',#10144,1.);
#10144 = DIRECTION('',(1.,0.));
#10145 = ( GEOMETRIC_REPRESENTATION_CONTEXT(2) 
PARAMETRIC_REPRESENTATION_CONTEXT() REPRESENTATION_CONTEXT('2D SPACE',''
  ) );
#10146 = ORIENTED_EDGE('',*,*,#10147,.T.);
#10147 = EDGE_CURVE('',#10125,#10148,#10150,.T.);
#10148 = VERTEX_POINT('',#10149);
#10149 = CARTESIAN_POINT('',(-12.44547906174,-8.593907533129,4.));
#10150 = SURFACE_CURVE('',#10151,(#10155,#10162),.PCURVE_S1.);
#10151 = LINE('',#10152,#10153);
#10152 = CARTESIAN_POINT('',(-11.8435051452,-8.485528201634,4.));
#10153 = VECTOR('',#10154,1.);
#10154 = DIRECTION('',(-0.984176474498,-0.177191046737,0.));
#10155 = PCURVE('',#72,#10156);
#10156 = DEFINITIONAL_REPRESENTATION('',(#10157),#10161);
#10157 = LINE('',#10158,#10159);
#10158 = CARTESIAN_POINT('',(11.843505145206,-8.485528201634));
#10159 = VECTOR('',#10160,1.);
#10160 = DIRECTION('',(0.984176474498,-0.177191046737));
#10161 = ( GEOMETRIC_REPRESENTATION_CONTEXT(2) 
PARAMETRIC_REPRESENTATION_CONTEXT() REPRESENTATION_CONTEXT('2D SPACE',''
  ) );
#10162 = PCURVE('',#4562,#10163);
#10163 = DEFINITIONAL_REPRESENTATION('',(#10164),#10168);
#10164 = LINE('',#10165,#10166);
#10165 = CARTESIAN_POINT('',(0.,-8.));
#10166 = VECTOR('',#10167,1.);
#10167 = DIRECTION('',(1.,0.));
#10168 = ( GEOMETRIC_REPRESENTATION_CONTEXT(2) 
PARAMETRIC_REPRESENTATION_CONTEXT() REPRESENTATION_CONTEXT('2D SPACE',''
  ) );
#10169 = ORIENTED_EDGE('',*,*,#10170,.T.);
#10170 = EDGE_CURVE('',#10148,#10171,#10173,.T.);
#10171 = VERTEX_POINT('',#10172);
#10172 = CARTESIAN_POINT('',(-13.0776353757,-8.649191521019,4.));
#10173 = SURFACE_CURVE('',#10174,(#10178,#10185),.PCURVE_S1.);
#10174 = LINE('',#10175,#10176);
#10175 = CARTESIAN_POINT('',(-12.44547906174,-8.593907533129,4.));
#10176 = VECTOR('',#10177,1.);
#10177 = DIRECTION('',(-0.996197779171,-8.712051868067E-02,0.));
#10178 = PCURVE('',#72,#10179);
#10179 = DEFINITIONAL_REPRESENTATION('',(#10180),#10184);
#10180 = LINE('',#10181,#10182);
#10181 = CARTESIAN_POINT('',(12.445479061743,-8.593907533129));
#10182 = VECTOR('',#10183,1.);
#10183 = DIRECTION('',(0.996197779171,-8.712051868067E-02));
#10184 = ( GEOMETRIC_REPRESENTATION_CONTEXT(2) 
PARAMETRIC_REPRESENTATION_CONTEXT() REPRESENTATION_CONTEXT('2D SPACE',''
  ) );
#10185 = PCURVE('',#4590,#10186);
#10186 = DEFINITIONAL_REPRESENTATION('',(#10187),#10191);
#10187 = LINE('',#10188,#10189);
#10188 = CARTESIAN_POINT('',(0.,-8.));
#10189 = VECTOR('',#10190,1.);
#10190 = DIRECTION('',(1.,0.));
#10191 = ( GEOMETRIC_REPRESENTATION_CONTEXT(2) 
PARAMETRIC_REPRESENTATION_CONTEXT() REPRESENTATION_CONTEXT('2D SPACE',''
  ) );
#10192 = ORIENTED_EDGE('',*,*,#10193,.T.);
#10193 = EDGE_CURVE('',#10171,#10194,#10196,.T.);
#10194 = VERTEX_POINT('',#10195);
#10195 = CARTESIAN_POINT('',(-13.73508190293,-8.653549778758,4.));
#10196 = SURFACE_CURVE('',#10197,(#10201,#10208),.PCURVE_S1.);
#10197 = LINE('',#10198,#10199);
#10198 = CARTESIAN_POINT('',(-13.0776353757,-8.649191521019,4.));
#10199 = VECTOR('',#10200,1.);
#10200 = DIRECTION('',(-0.999978028453,-6.628922355095E-03,0.));
#10201 = PCURVE('',#72,#10202);
#10202 = DEFINITIONAL_REPRESENTATION('',(#10203),#10207);
#10203 = LINE('',#10204,#10205);
#10204 = CARTESIAN_POINT('',(13.077635375703,-8.649191521019));
#10205 = VECTOR('',#10206,1.);
#10206 = DIRECTION('',(0.999978028453,-6.628922355095E-03));
#10207 = ( GEOMETRIC_REPRESENTATION_CONTEXT(2) 
PARAMETRIC_REPRESENTATION_CONTEXT() REPRESENTATION_CONTEXT('2D SPACE',''
  ) );
#10208 = PCURVE('',#4618,#10209);
#10209 = DEFINITIONAL_REPRESENTATION('',(#10210),#10214);
#10210 = LINE('',#10211,#10212);
#10211 = CARTESIAN_POINT('',(0.,-8.));
#10212 = VECTOR('',#10213,1.);
#10213 = DIRECTION('',(1.,0.));
#10214 = ( GEOMETRIC_REPRESENTATION_CONTEXT(2) 
PARAMETRIC_REPRESENTATION_CONTEXT() REPRESENTATION_CONTEXT('2D SPACE',''
  ) );
#10215 = ORIENTED_EDGE('',*,*,#10216,.T.);
#10216 = EDGE_CURVE('',#10194,#10217,#10219,.T.);
#10217 = VERTEX_POINT('',#10218);
#10218 = CARTESIAN_POINT('',(-14.36173489278,-7.568154961621,4.));
#10219 = SURFACE_CURVE('',#10220,(#10224,#10231),.PCURVE_S1.);
#10220 = LINE('',#10221,#10222);
#10221 = CARTESIAN_POINT('',(-13.73508190293,-8.653549778758,4.));
#10222 = VECTOR('',#10223,1.);
#10223 = DIRECTION('',(-0.5,0.866025403784,0.));
#10224 = PCURVE('',#72,#10225);
#10225 = DEFINITIONAL_REPRESENTATION('',(#10226),#10230);
#10226 = LINE('',#10227,#10228);
#10227 = CARTESIAN_POINT('',(13.735081902933,-8.653549778758));
#10228 = VECTOR('',#10229,1.);
#10229 = DIRECTION('',(0.5,0.866025403784));
#10230 = ( GEOMETRIC_REPRESENTATION_CONTEXT(2) 
PARAMETRIC_REPRESENTATION_CONTEXT() REPRESENTATION_CONTEXT('2D SPACE',''
  ) );
#10231 = PCURVE('',#4646,#10232);
#10232 = DEFINITIONAL_REPRESENTATION('',(#10233),#10237);
#10233 = LINE('',#10234,#10235);
#10234 = CARTESIAN_POINT('',(0.,-8.));
#10235 = VECTOR('',#10236,1.);
#10236 = DIRECTION('',(1.,0.));
#10237 = ( GEOMETRIC_REPRESENTATION_CONTEXT(2) 
PARAMETRIC_REPRESENTATION_CONTEXT() REPRESENTATION_CONTEXT('2D SPACE',''
  ) );
#10238 = ORIENTED_EDGE('',*,*,#10239,.T.);
#10239 = EDGE_CURVE('',#10217,#10240,#10242,.T.);
#10240 = VERTEX_POINT('',#10241);
#10241 = CARTESIAN_POINT('',(-14.02923726725,-7.000968696279,4.));
#10242 = SURFACE_CURVE('',#10243,(#10247,#10254),.PCURVE_S1.);
#10243 = LINE('',#10244,#10245);
#10244 = CARTESIAN_POINT('',(-14.36173489278,-7.568154961621,4.));
#10245 = VECTOR('',#10246,1.);
#10246 = DIRECTION('',(0.505729829386,0.862691914689,0.));
#10247 = PCURVE('',#72,#10248);
#10248 = DEFINITIONAL_REPRESENTATION('',(#10249),#10253);
#10249 = LINE('',#10250,#10251);
#10250 = CARTESIAN_POINT('',(14.361734892784,-7.568154961621));
#10251 = VECTOR('',#10252,1.);
#10252 = DIRECTION('',(-0.505729829386,0.862691914689));
#10253 = ( GEOMETRIC_REPRESENTATION_CONTEXT(2) 
PARAMETRIC_REPRESENTATION_CONTEXT() REPRESENTATION_CONTEXT('2D SPACE',''
  ) );
#10254 = PCURVE('',#4674,#10255);
#10255 = DEFINITIONAL_REPRESENTATION('',(#10256),#10260);
#10256 = LINE('',#10257,#10258);
#10257 = CARTESIAN_POINT('',(0.,-8.));
#10258 = VECTOR('',#10259,1.);
#10259 = DIRECTION('',(1.,0.));
#10260 = ( GEOMETRIC_REPRESENTATION_CONTEXT(2) 
PARAMETRIC_REPRESENTATION_CONTEXT() REPRESENTATION_CONTEXT('2D SPACE',''
  ) );
#10261 = ORIENTED_EDGE('',*,*,#10262,.T.);
#10262 = EDGE_CURVE('',#10240,#10263,#10265,.T.);
#10263 = VERTEX_POINT('',#10264);
#10264 = CARTESIAN_POINT('',(-13.66528177233,-6.481147263173,4.));
#10265 = SURFACE_CURVE('',#10266,(#10270,#10277),.PCURVE_S1.);
#10266 = LINE('',#10267,#10268);
#10267 = CARTESIAN_POINT('',(-14.02923726725,-7.000968696279,4.));
#10268 = VECTOR('',#10269,1.);
#10269 = DIRECTION('',(0.573547471954,0.819172324615,0.));
#10270 = PCURVE('',#72,#10271);
#10271 = DEFINITIONAL_REPRESENTATION('',(#10272),#10276);
#10272 = LINE('',#10273,#10274);
#10273 = CARTESIAN_POINT('',(14.029237267251,-7.000968696279));
#10274 = VECTOR('',#10275,1.);
#10275 = DIRECTION('',(-0.573547471954,0.819172324615));
#10276 = ( GEOMETRIC_REPRESENTATION_CONTEXT(2) 
PARAMETRIC_REPRESENTATION_CONTEXT() REPRESENTATION_CONTEXT('2D SPACE',''
  ) );
#10277 = PCURVE('',#4702,#10278);
#10278 = DEFINITIONAL_REPRESENTATION('',(#10279),#10283);
#10279 = LINE('',#10280,#10281);
#10280 = CARTESIAN_POINT('',(0.,-8.));
#10281 = VECTOR('',#10282,1.);
#10282 = DIRECTION('',(1.,0.));
#10283 = ( GEOMETRIC_REPRESENTATION_CONTEXT(2) 
PARAMETRIC_REPRESENTATION_CONTEXT() REPRESENTATION_CONTEXT('2D SPACE',''
  ) );
#10284 = ORIENTED_EDGE('',*,*,#10285,.T.);
#10285 = EDGE_CURVE('',#10263,#10286,#10288,.T.);
#10286 = VERTEX_POINT('',#10287);
#10287 = CARTESIAN_POINT('',(-13.27043555974,-6.014012224783,4.));
#10288 = SURFACE_CURVE('',#10289,(#10293,#10300),.PCURVE_S1.);
#10289 = LINE('',#10290,#10291);
#10290 = CARTESIAN_POINT('',(-13.66528177233,-6.481147263173,4.));
#10291 = VECTOR('',#10292,1.);
#10292 = DIRECTION('',(0.645540185047,0.763726305354,0.));
#10293 = PCURVE('',#72,#10294);
#10294 = DEFINITIONAL_REPRESENTATION('',(#10295),#10299);
#10295 = LINE('',#10296,#10297);
#10296 = CARTESIAN_POINT('',(13.665281772336,-6.481147263173));
#10297 = VECTOR('',#10298,1.);
#10298 = DIRECTION('',(-0.645540185047,0.763726305354));
#10299 = ( GEOMETRIC_REPRESENTATION_CONTEXT(2) 
PARAMETRIC_REPRESENTATION_CONTEXT() REPRESENTATION_CONTEXT('2D SPACE',''
  ) );
#10300 = PCURVE('',#4730,#10301);
#10301 = DEFINITIONAL_REPRESENTATION('',(#10302),#10306);
#10302 = LINE('',#10303,#10304);
#10303 = CARTESIAN_POINT('',(0.,-8.));
#10304 = VECTOR('',#10305,1.);
#10305 = DIRECTION('',(1.,0.));
#10306 = ( GEOMETRIC_REPRESENTATION_CONTEXT(2) 
PARAMETRIC_REPRESENTATION_CONTEXT() REPRESENTATION_CONTEXT('2D SPACE',''
  ) );
#10307 = ORIENTED_EDGE('',*,*,#10308,.T.);
#10308 = EDGE_CURVE('',#10286,#10309,#10311,.T.);
#10309 = VERTEX_POINT('',#10310);
#10310 = CARTESIAN_POINT('',(-12.84367480581,-5.608555975699,4.));
#10311 = SURFACE_CURVE('',#10312,(#10316,#10323),.PCURVE_S1.);
#10312 = LINE('',#10313,#10314);
#10313 = CARTESIAN_POINT('',(-13.27043555974,-6.014012224783,4.));
#10314 = VECTOR('',#10315,1.);
#10315 = DIRECTION('',(0.724970988004,0.688779403403,0.));
#10316 = PCURVE('',#72,#10317);
#10317 = DEFINITIONAL_REPRESENTATION('',(#10318),#10322);
#10318 = LINE('',#10319,#10320);
#10319 = CARTESIAN_POINT('',(13.270435559747,-6.014012224783));
#10320 = VECTOR('',#10321,1.);
#10321 = DIRECTION('',(-0.724970988004,0.688779403403));
#10322 = ( GEOMETRIC_REPRESENTATION_CONTEXT(2) 
PARAMETRIC_REPRESENTATION_CONTEXT() REPRESENTATION_CONTEXT('2D SPACE',''
  ) );
#10323 = PCURVE('',#4758,#10324);
#10324 = DEFINITIONAL_REPRESENTATION('',(#10325),#10329);
#10325 = LINE('',#10326,#10327);
#10326 = CARTESIAN_POINT('',(0.,-8.));
#10327 = VECTOR('',#10328,1.);
#10328 = DIRECTION('',(1.,0.));
#10329 = ( GEOMETRIC_REPRESENTATION_CONTEXT(2) 
PARAMETRIC_REPRESENTATION_CONTEXT() REPRESENTATION_CONTEXT('2D SPACE',''
  ) );
#10330 = ORIENTED_EDGE('',*,*,#10331,.T.);
#10331 = EDGE_CURVE('',#10309,#10332,#10334,.T.);
#10332 = VERTEX_POINT('',#10333);
#10333 = CARTESIAN_POINT('',(-12.37664659505,-5.290846229061,4.));
#10334 = SURFACE_CURVE('',#10335,(#10339,#10346),.PCURVE_S1.);
#10335 = LINE('',#10336,#10337);
#10336 = CARTESIAN_POINT('',(-12.84367480581,-5.608555975699,4.));
#10337 = VECTOR('',#10338,1.);
#10338 = DIRECTION('',(0.826819006069,0.562468071275,0.));
#10339 = PCURVE('',#72,#10340);
#10340 = DEFINITIONAL_REPRESENTATION('',(#10341),#10345);
#10341 = LINE('',#10342,#10343);
#10342 = CARTESIAN_POINT('',(12.843674805812,-5.608555975699));
#10343 = VECTOR('',#10344,1.);
#10344 = DIRECTION('',(-0.826819006069,0.562468071275));
#10345 = ( GEOMETRIC_REPRESENTATION_CONTEXT(2) 
PARAMETRIC_REPRESENTATION_CONTEXT() REPRESENTATION_CONTEXT('2D SPACE',''
  ) );
#10346 = PCURVE('',#4786,#10347);
#10347 = DEFINITIONAL_REPRESENTATION('',(#10348),#10352);
#10348 = LINE('',#10349,#10350);
#10349 = CARTESIAN_POINT('',(0.,-8.));
#10350 = VECTOR('',#10351,1.);
#10351 = DIRECTION('',(1.,0.));
#10352 = ( GEOMETRIC_REPRESENTATION_CONTEXT(2) 
PARAMETRIC_REPRESENTATION_CONTEXT() REPRESENTATION_CONTEXT('2D SPACE',''
  ) );
#10353 = ORIENTED_EDGE('',*,*,#10354,.T.);
#10354 = EDGE_CURVE('',#10332,#10355,#10357,.T.);
#10355 = VERTEX_POINT('',#10356);
#10356 = CARTESIAN_POINT('',(-10.97579350354,-4.692000795462,4.));
#10357 = SURFACE_CURVE('',#10358,(#10362,#10369),.PCURVE_S1.);
#10358 = LINE('',#10359,#10360);
#10359 = CARTESIAN_POINT('',(-12.37664659505,-5.290846229061,4.));
#10360 = VECTOR('',#10361,1.);
#10361 = DIRECTION('',(0.919505926348,0.393076139458,0.));
#10362 = PCURVE('',#72,#10363);
#10363 = DEFINITIONAL_REPRESENTATION('',(#10364),#10368);
#10364 = LINE('',#10365,#10366);
#10365 = CARTESIAN_POINT('',(12.376646595059,-5.290846229061));
#10366 = VECTOR('',#10367,1.);
#10367 = DIRECTION('',(-0.919505926348,0.393076139458));
#10368 = ( GEOMETRIC_REPRESENTATION_CONTEXT(2) 
PARAMETRIC_REPRESENTATION_CONTEXT() REPRESENTATION_CONTEXT('2D SPACE',''
  ) );
#10369 = PCURVE('',#4814,#10370);
#10370 = DEFINITIONAL_REPRESENTATION('',(#10371),#10375);
#10371 = LINE('',#10372,#10373);
#10372 = CARTESIAN_POINT('',(0.,-8.));
#10373 = VECTOR('',#10374,1.);
#10374 = DIRECTION('',(1.,0.));
#10375 = ( GEOMETRIC_REPRESENTATION_CONTEXT(2) 
PARAMETRIC_REPRESENTATION_CONTEXT() REPRESENTATION_CONTEXT('2D SPACE',''
  ) );
#10376 = ORIENTED_EDGE('',*,*,#10377,.T.);
#10377 = EDGE_CURVE('',#10355,#10378,#10380,.T.);
#10378 = VERTEX_POINT('',#10379);
#10379 = CARTESIAN_POINT('',(-11.35240092961,-3.688618661563,4.));
#10380 = SURFACE_CURVE('',#10381,(#10385,#10392),.PCURVE_S1.);
#10381 = LINE('',#10382,#10383);
#10382 = CARTESIAN_POINT('',(-10.97579350354,-4.692000795462,4.));
#10383 = VECTOR('',#10384,1.);
#10384 = DIRECTION('',(-0.351400842451,0.93622510537,0.));
#10385 = PCURVE('',#72,#10386);
#10386 = DEFINITIONAL_REPRESENTATION('',(#10387),#10391);
#10387 = LINE('',#10388,#10389);
#10388 = CARTESIAN_POINT('',(10.975793503543,-4.692000795462));
#10389 = VECTOR('',#10390,1.);
#10390 = DIRECTION('',(0.351400842451,0.93622510537));
#10391 = ( GEOMETRIC_REPRESENTATION_CONTEXT(2) 
PARAMETRIC_REPRESENTATION_CONTEXT() REPRESENTATION_CONTEXT('2D SPACE',''
  ) );
#10392 = PCURVE('',#4842,#10393);
#10393 = DEFINITIONAL_REPRESENTATION('',(#10394),#10398);
#10394 = LINE('',#10395,#10396);
#10395 = CARTESIAN_POINT('',(0.,-8.));
#10396 = VECTOR('',#10397,1.);
#10397 = DIRECTION('',(1.,0.));
#10398 = ( GEOMETRIC_REPRESENTATION_CONTEXT(2) 
PARAMETRIC_REPRESENTATION_CONTEXT() REPRESENTATION_CONTEXT('2D SPACE',''
  ) );
#10399 = ORIENTED_EDGE('',*,*,#10400,.T.);
#10400 = EDGE_CURVE('',#10378,#10401,#10403,.T.);
#10401 = VERTEX_POINT('',#10402);
#10402 = CARTESIAN_POINT('',(-11.63749234243,-2.65550117244,4.));
#10403 = SURFACE_CURVE('',#10404,(#10408,#10415),.PCURVE_S1.);
#10404 = LINE('',#10405,#10406);
#10405 = CARTESIAN_POINT('',(-11.35240092961,-3.688618661563,4.));
#10406 = VECTOR('',#10407,1.);
#10407 = DIRECTION('',(-0.266010056382,0.96397025364,0.));
#10408 = PCURVE('',#72,#10409);
#10409 = DEFINITIONAL_REPRESENTATION('',(#10410),#10414);
#10410 = LINE('',#10411,#10412);
#10411 = CARTESIAN_POINT('',(11.35240092961,-3.688618661563));
#10412 = VECTOR('',#10413,1.);
#10413 = DIRECTION('',(0.266010056382,0.96397025364));
#10414 = ( GEOMETRIC_REPRESENTATION_CONTEXT(2) 
PARAMETRIC_REPRESENTATION_CONTEXT() REPRESENTATION_CONTEXT('2D SPACE',''
  ) );
#10415 = PCURVE('',#4870,#10416);
#10416 = DEFINITIONAL_REPRESENTATION('',(#10417),#10421);
#10417 = LINE('',#10418,#10419);
#10418 = CARTESIAN_POINT('',(0.,-8.));
#10419 = VECTOR('',#10420,1.);
#10420 = DIRECTION('',(1.,0.));
#10421 = ( GEOMETRIC_REPRESENTATION_CONTEXT(2) 
PARAMETRIC_REPRESENTATION_CONTEXT() REPRESENTATION_CONTEXT('2D SPACE',''
  ) );
#10422 = ORIENTED_EDGE('',*,*,#10423,.T.);
#10423 = EDGE_CURVE('',#10401,#10424,#10426,.T.);
#10424 = VERTEX_POINT('',#10425);
#10425 = CARTESIAN_POINT('',(-13.12279881436,-2.994425827477,4.));
#10426 = SURFACE_CURVE('',#10427,(#10431,#10438),.PCURVE_S1.);
#10427 = LINE('',#10428,#10429);
#10428 = CARTESIAN_POINT('',(-11.63749234243,-2.65550117244,4.));
#10429 = VECTOR('',#10430,1.);
#10430 = DIRECTION('',(-0.974940278645,-0.222466745998,0.));
#10431 = PCURVE('',#72,#10432);
#10432 = DEFINITIONAL_REPRESENTATION('',(#10433),#10437);
#10433 = LINE('',#10434,#10435);
#10434 = CARTESIAN_POINT('',(11.637492342434,-2.65550117244));
#10435 = VECTOR('',#10436,1.);
#10436 = DIRECTION('',(0.974940278645,-0.222466745998));
#10437 = ( GEOMETRIC_REPRESENTATION_CONTEXT(2) 
PARAMETRIC_REPRESENTATION_CONTEXT() REPRESENTATION_CONTEXT('2D SPACE',''
  ) );
#10438 = PCURVE('',#4898,#10439);
#10439 = DEFINITIONAL_REPRESENTATION('',(#10440),#10444);
#10440 = LINE('',#10441,#10442);
#10441 = CARTESIAN_POINT('',(0.,-8.));
#10442 = VECTOR('',#10443,1.);
#10443 = DIRECTION('',(1.,0.));
#10444 = ( GEOMETRIC_REPRESENTATION_CONTEXT(2) 
PARAMETRIC_REPRESENTATION_CONTEXT() REPRESENTATION_CONTEXT('2D SPACE',''
  ) );
#10445 = ORIENTED_EDGE('',*,*,#10446,.T.);
#10446 = EDGE_CURVE('',#10424,#10447,#10449,.T.);
#10447 = VERTEX_POINT('',#10448);
#10448 = CARTESIAN_POINT('',(-13.6873776773,-3.011905537853,4.));
#10449 = SURFACE_CURVE('',#10450,(#10454,#10461),.PCURVE_S1.);
#10450 = LINE('',#10451,#10452);
#10451 = CARTESIAN_POINT('',(-13.12279881436,-2.994425827477,4.));
#10452 = VECTOR('',#10453,1.);
#10453 = DIRECTION('',(-0.999521064362,-3.094578962766E-02,0.));
#10454 = PCURVE('',#72,#10455);
#10455 = DEFINITIONAL_REPRESENTATION('',(#10456),#10460);
#10456 = LINE('',#10457,#10458);
#10457 = CARTESIAN_POINT('',(13.122798814365,-2.994425827477));
#10458 = VECTOR('',#10459,1.);
#10459 = DIRECTION('',(0.999521064362,-3.094578962766E-02));
#10460 = ( GEOMETRIC_REPRESENTATION_CONTEXT(2) 
PARAMETRIC_REPRESENTATION_CONTEXT() REPRESENTATION_CONTEXT('2D SPACE',''
  ) );
#10461 = PCURVE('',#4926,#10462);
#10462 = DEFINITIONAL_REPRESENTATION('',(#10463),#10467);
#10463 = LINE('',#10464,#10465);
#10464 = CARTESIAN_POINT('',(0.,-8.));
#10465 = VECTOR('',#10466,1.);
#10466 = DIRECTION('',(1.,0.));
#10467 = ( GEOMETRIC_REPRESENTATION_CONTEXT(2) 
PARAMETRIC_REPRESENTATION_CONTEXT() REPRESENTATION_CONTEXT('2D SPACE',''
  ) );
#10468 = ORIENTED_EDGE('',*,*,#10469,.T.);
#10469 = EDGE_CURVE('',#10447,#10470,#10472,.T.);
#10470 = VERTEX_POINT('',#10471);
#10471 = CARTESIAN_POINT('',(-14.27095558342,-2.934728219289,4.));
#10472 = SURFACE_CURVE('',#10473,(#10477,#10484),.PCURVE_S1.);
#10473 = LINE('',#10474,#10475);
#10474 = CARTESIAN_POINT('',(-13.6873776773,-3.011905537853,4.));
#10475 = VECTOR('',#10476,1.);
#10476 = DIRECTION('',(-0.991368225127,0.13110698764,0.));
#10477 = PCURVE('',#72,#10478);
#10478 = DEFINITIONAL_REPRESENTATION('',(#10479),#10483);
#10479 = LINE('',#10480,#10481);
#10480 = CARTESIAN_POINT('',(13.6873776773,-3.011905537853));
#10481 = VECTOR('',#10482,1.);
#10482 = DIRECTION('',(0.991368225127,0.13110698764));
#10483 = ( GEOMETRIC_REPRESENTATION_CONTEXT(2) 
PARAMETRIC_REPRESENTATION_CONTEXT() REPRESENTATION_CONTEXT('2D SPACE',''
  ) );
#10484 = PCURVE('',#4954,#10485);
#10485 = DEFINITIONAL_REPRESENTATION('',(#10486),#10490);
#10486 = LINE('',#10487,#10488);
#10487 = CARTESIAN_POINT('',(0.,-8.));
#10488 = VECTOR('',#10489,1.);
#10489 = DIRECTION('',(1.,0.));
#10490 = ( GEOMETRIC_REPRESENTATION_CONTEXT(2) 
PARAMETRIC_REPRESENTATION_CONTEXT() REPRESENTATION_CONTEXT('2D SPACE',''
  ) );
#10491 = ORIENTED_EDGE('',*,*,#10492,.T.);
#10492 = EDGE_CURVE('',#10470,#10493,#10495,.T.);
#10493 = VERTEX_POINT('',#10494);
#10494 = CARTESIAN_POINT('',(-14.86496796597,-2.788892815247,4.));
#10495 = SURFACE_CURVE('',#10496,(#10500,#10507),.PCURVE_S1.);
#10496 = LINE('',#10497,#10498);
#10497 = CARTESIAN_POINT('',(-14.27095558342,-2.934728219289,4.));
#10498 = VECTOR('',#10499,1.);
#10499 = DIRECTION('',(-0.97116003933,0.23842855955,0.));
#10500 = PCURVE('',#72,#10501);
#10501 = DEFINITIONAL_REPRESENTATION('',(#10502),#10506);
#10502 = LINE('',#10503,#10504);
#10503 = CARTESIAN_POINT('',(14.270955583427,-2.934728219289));
#10504 = VECTOR('',#10505,1.);
#10505 = DIRECTION('',(0.97116003933,0.23842855955));
#10506 = ( GEOMETRIC_REPRESENTATION_CONTEXT(2) 
PARAMETRIC_REPRESENTATION_CONTEXT() REPRESENTATION_CONTEXT('2D SPACE',''
  ) );
#10507 = PCURVE('',#4982,#10508);
#10508 = DEFINITIONAL_REPRESENTATION('',(#10509),#10513);
#10509 = LINE('',#10510,#10511);
#10510 = CARTESIAN_POINT('',(0.,-8.));
#10511 = VECTOR('',#10512,1.);
#10512 = DIRECTION('',(1.,0.));
#10513 = ( GEOMETRIC_REPRESENTATION_CONTEXT(2) 
PARAMETRIC_REPRESENTATION_CONTEXT() REPRESENTATION_CONTEXT('2D SPACE',''
  ) );
#10514 = ORIENTED_EDGE('',*,*,#10515,.T.);
#10515 = EDGE_CURVE('',#10493,#10516,#10518,.T.);
#10516 = VERTEX_POINT('',#10517);
#10517 = CARTESIAN_POINT('',(-15.46495751875,-2.582276114225,4.));
#10518 = SURFACE_CURVE('',#10519,(#10523,#10530),.PCURVE_S1.);
#10519 = LINE('',#10520,#10521);
#10520 = CARTESIAN_POINT('',(-14.86496796597,-2.788892815247,4.));
#10521 = VECTOR('',#10522,1.);
#10522 = DIRECTION('',(-0.945507063386,0.325601586431,0.));
#10523 = PCURVE('',#72,#10524);
#10524 = DEFINITIONAL_REPRESENTATION('',(#10525),#10529);
#10525 = LINE('',#10526,#10527);
#10526 = CARTESIAN_POINT('',(14.86496796597,-2.788892815247));
#10527 = VECTOR('',#10528,1.);
#10528 = DIRECTION('',(0.945507063386,0.325601586431));
#10529 = ( GEOMETRIC_REPRESENTATION_CONTEXT(2) 
PARAMETRIC_REPRESENTATION_CONTEXT() REPRESENTATION_CONTEXT('2D SPACE',''
  ) );
#10530 = PCURVE('',#5010,#10531);
#10531 = DEFINITIONAL_REPRESENTATION('',(#10532),#10536);
#10532 = LINE('',#10533,#10534);
#10533 = CARTESIAN_POINT('',(0.,-8.));
#10534 = VECTOR('',#10535,1.);
#10535 = DIRECTION('',(1.,0.));
#10536 = ( GEOMETRIC_REPRESENTATION_CONTEXT(2) 
PARAMETRIC_REPRESENTATION_CONTEXT() REPRESENTATION_CONTEXT('2D SPACE',''
  ) );
#10537 = ORIENTED_EDGE('',*,*,#10538,.T.);
#10538 = EDGE_CURVE('',#10516,#10539,#10541,.T.);
#10539 = VERTEX_POINT('',#10540);
#10540 = CARTESIAN_POINT('',(-16.06733747047,-2.318849987298,4.));
#10541 = SURFACE_CURVE('',#10542,(#10546,#10553),.PCURVE_S1.);
#10542 = LINE('',#10543,#10544);
#10543 = CARTESIAN_POINT('',(-15.46495751875,-2.582276114225,4.));
#10544 = VECTOR('',#10545,1.);
#10545 = DIRECTION('',(-0.916221611261,0.400671884536,0.));
#10546 = PCURVE('',#72,#10547);
#10547 = DEFINITIONAL_REPRESENTATION('',(#10548),#10552);
#10548 = LINE('',#10549,#10550);
#10549 = CARTESIAN_POINT('',(15.464957518758,-2.582276114225));
#10550 = VECTOR('',#10551,1.);
#10551 = DIRECTION('',(0.916221611261,0.400671884536));
#10552 = ( GEOMETRIC_REPRESENTATION_CONTEXT(2) 
PARAMETRIC_REPRESENTATION_CONTEXT() REPRESENTATION_CONTEXT('2D SPACE',''
  ) );
#10553 = PCURVE('',#5038,#10554);
#10554 = DEFINITIONAL_REPRESENTATION('',(#10555),#10559);
#10555 = LINE('',#10556,#10557);
#10556 = CARTESIAN_POINT('',(0.,-8.));
#10557 = VECTOR('',#10558,1.);
#10558 = DIRECTION('',(1.,0.));
#10559 = ( GEOMETRIC_REPRESENTATION_CONTEXT(2) 
PARAMETRIC_REPRESENTATION_CONTEXT() REPRESENTATION_CONTEXT('2D SPACE',''
  ) );
#10560 = ORIENTED_EDGE('',*,*,#10561,.T.);
#10561 = EDGE_CURVE('',#10539,#10562,#10564,.T.);
#10562 = VERTEX_POINT('',#10563);
#10563 = CARTESIAN_POINT('',(-16.19834361853,-1.072409748888,4.));
#10564 = SURFACE_CURVE('',#10565,(#10569,#10576),.PCURVE_S1.);
#10565 = LINE('',#10566,#10567);
#10566 = CARTESIAN_POINT('',(-16.06733747047,-2.318849987298,4.));
#10567 = VECTOR('',#10568,1.);
#10568 = DIRECTION('',(-0.104528463268,0.994521895368,0.));
#10569 = PCURVE('',#72,#10570);
#10570 = DEFINITIONAL_REPRESENTATION('',(#10571),#10575);
#10571 = LINE('',#10572,#10573);
#10572 = CARTESIAN_POINT('',(16.067337470475,-2.318849987298));
#10573 = VECTOR('',#10574,1.);
#10574 = DIRECTION('',(0.104528463268,0.994521895368));
#10575 = ( GEOMETRIC_REPRESENTATION_CONTEXT(2) 
PARAMETRIC_REPRESENTATION_CONTEXT() REPRESENTATION_CONTEXT('2D SPACE',''
  ) );
#10576 = PCURVE('',#5066,#10577);
#10577 = DEFINITIONAL_REPRESENTATION('',(#10578),#10582);
#10578 = LINE('',#10579,#10580);
#10579 = CARTESIAN_POINT('',(0.,-8.));
#10580 = VECTOR('',#10581,1.);
#10581 = DIRECTION('',(1.,0.));
#10582 = ( GEOMETRIC_REPRESENTATION_CONTEXT(2) 
PARAMETRIC_REPRESENTATION_CONTEXT() REPRESENTATION_CONTEXT('2D SPACE',''
  ) );
#10583 = ORIENTED_EDGE('',*,*,#10584,.T.);
#10584 = EDGE_CURVE('',#10562,#10585,#10587,.T.);
#10585 = VERTEX_POINT('',#10586);
#10586 = CARTESIAN_POINT('',(-15.66389648549,-0.689498280589,4.));
#10587 = SURFACE_CURVE('',#10588,(#10592,#10599),.PCURVE_S1.);
#10588 = LINE('',#10589,#10590);
#10589 = CARTESIAN_POINT('',(-16.19834361853,-1.072409748888,4.));
#10590 = VECTOR('',#10591,1.);
#10591 = DIRECTION('',(0.812895601819,0.582409426901,0.));
#10592 = PCURVE('',#72,#10593);
#10593 = DEFINITIONAL_REPRESENTATION('',(#10594),#10598);
#10594 = LINE('',#10595,#10596);
#10595 = CARTESIAN_POINT('',(16.198343618537,-1.072409748888));
#10596 = VECTOR('',#10597,1.);
#10597 = DIRECTION('',(-0.812895601819,0.582409426901));
#10598 = ( GEOMETRIC_REPRESENTATION_CONTEXT(2) 
PARAMETRIC_REPRESENTATION_CONTEXT() REPRESENTATION_CONTEXT('2D SPACE',''
  ) );
#10599 = PCURVE('',#5094,#10600);
#10600 = DEFINITIONAL_REPRESENTATION('',(#10601),#10605);
#10601 = LINE('',#10602,#10603);
#10602 = CARTESIAN_POINT('',(0.,-8.));
#10603 = VECTOR('',#10604,1.);
#10604 = DIRECTION('',(1.,0.));
#10605 = ( GEOMETRIC_REPRESENTATION_CONTEXT(2) 
PARAMETRIC_REPRESENTATION_CONTEXT() REPRESENTATION_CONTEXT('2D SPACE',''
  ) );
#10606 = ORIENTED_EDGE('',*,*,#10607,.T.);
#10607 = EDGE_CURVE('',#10585,#10608,#10610,.T.);
#10608 = VERTEX_POINT('',#10609);
#10609 = CARTESIAN_POINT('',(-15.11997617162,-0.362651807819,4.));
#10610 = SURFACE_CURVE('',#10611,(#10615,#10622),.PCURVE_S1.);
#10611 = LINE('',#10612,#10613);
#10612 = CARTESIAN_POINT('',(-15.66389648549,-0.689498280589,4.));
#10613 = VECTOR('',#10614,1.);
#10614 = DIRECTION('',(0.85714908916,0.515068382792,0.));
#10615 = PCURVE('',#72,#10616);
#10616 = DEFINITIONAL_REPRESENTATION('',(#10617),#10621);
#10617 = LINE('',#10618,#10619);
#10618 = CARTESIAN_POINT('',(15.66389648549,-0.689498280589));
#10619 = VECTOR('',#10620,1.);
#10620 = DIRECTION('',(-0.85714908916,0.515068382792));
#10621 = ( GEOMETRIC_REPRESENTATION_CONTEXT(2) 
PARAMETRIC_REPRESENTATION_CONTEXT() REPRESENTATION_CONTEXT('2D SPACE',''
  ) );
#10622 = PCURVE('',#5122,#10623);
#10623 = DEFINITIONAL_REPRESENTATION('',(#10624),#10628);
#10624 = LINE('',#10625,#10626);
#10625 = CARTESIAN_POINT('',(0.,-8.));
#10626 = VECTOR('',#10627,1.);
#10627 = DIRECTION('',(1.,0.));
#10628 = ( GEOMETRIC_REPRESENTATION_CONTEXT(2) 
PARAMETRIC_REPRESENTATION_CONTEXT() REPRESENTATION_CONTEXT('2D SPACE',''
  ) );
#10629 = ORIENTED_EDGE('',*,*,#10630,.T.);
#10630 = EDGE_CURVE('',#10608,#10631,#10633,.T.);
#10631 = VERTEX_POINT('',#10632);
#10632 = CARTESIAN_POINT('',(-14.56926527027,-9.650113843236E-02,4.));
#10633 = SURFACE_CURVE('',#10634,(#10638,#10645),.PCURVE_S1.);
#10634 = LINE('',#10635,#10636);
#10635 = CARTESIAN_POINT('',(-15.11997617162,-0.362651807819,4.));
#10636 = VECTOR('',#10637,1.);
#10637 = DIRECTION('',(0.900365777444,0.435133849302,0.));
#10638 = PCURVE('',#72,#10639);
#10639 = DEFINITIONAL_REPRESENTATION('',(#10640),#10644);
#10640 = LINE('',#10641,#10642);
#10641 = CARTESIAN_POINT('',(15.119976171626,-0.362651807819));
#10642 = VECTOR('',#10643,1.);
#10643 = DIRECTION('',(-0.900365777444,0.435133849302));
#10644 = ( GEOMETRIC_REPRESENTATION_CONTEXT(2) 
PARAMETRIC_REPRESENTATION_CONTEXT() REPRESENTATION_CONTEXT('2D SPACE',''
  ) );
#10645 = PCURVE('',#5150,#10646);
#10646 = DEFINITIONAL_REPRESENTATION('',(#10647),#10651);
#10647 = LINE('',#10648,#10649);
#10648 = CARTESIAN_POINT('',(0.,-8.));
#10649 = VECTOR('',#10650,1.);
#10650 = DIRECTION('',(1.,0.));
#10651 = ( GEOMETRIC_REPRESENTATION_CONTEXT(2) 
PARAMETRIC_REPRESENTATION_CONTEXT() REPRESENTATION_CONTEXT('2D SPACE',''
  ) );
#10652 = ORIENTED_EDGE('',*,*,#10653,.T.);
#10653 = EDGE_CURVE('',#10631,#10654,#10656,.T.);
#10654 = VERTEX_POINT('',#10655);
#10655 = CARTESIAN_POINT('',(-14.01448600834,0.10032233974,4.));
#10656 = SURFACE_CURVE('',#10657,(#10661,#10668),.PCURVE_S1.);
#10657 = LINE('',#10658,#10659);
#10658 = CARTESIAN_POINT('',(-14.56926527027,-9.650113843236E-02,4.));
#10659 = VECTOR('',#10660,1.);
#10660 = DIRECTION('',(0.942445775374,0.334359029309,0.));
#10661 = PCURVE('',#72,#10662);
#10662 = DEFINITIONAL_REPRESENTATION('',(#10663),#10667);
#10663 = LINE('',#10664,#10665);
#10664 = CARTESIAN_POINT('',(14.569265270271,-9.650113843236E-02));
#10665 = VECTOR('',#10666,1.);
#10666 = DIRECTION('',(-0.942445775374,0.334359029309));
#10667 = ( GEOMETRIC_REPRESENTATION_CONTEXT(2) 
PARAMETRIC_REPRESENTATION_CONTEXT() REPRESENTATION_CONTEXT('2D SPACE',''
  ) );
#10668 = PCURVE('',#5178,#10669);
#10669 = DEFINITIONAL_REPRESENTATION('',(#10670),#10674);
#10670 = LINE('',#10671,#10672);
#10671 = CARTESIAN_POINT('',(0.,-8.));
#10672 = VECTOR('',#10673,1.);
#10673 = DIRECTION('',(1.,0.));
#10674 = ( GEOMETRIC_REPRESENTATION_CONTEXT(2) 
PARAMETRIC_REPRESENTATION_CONTEXT() REPRESENTATION_CONTEXT('2D SPACE',''
  ) );
#10675 = ORIENTED_EDGE('',*,*,#10676,.T.);
#10676 = EDGE_CURVE('',#10654,#10677,#10679,.T.);
#10677 = VERTEX_POINT('',#10678);
#10678 = CARTESIAN_POINT('',(-13.458610312,0.200607148966,4.));
#10679 = SURFACE_CURVE('',#10680,(#10684,#10691),.PCURVE_S1.);
#10680 = LINE('',#10681,#10682);
#10681 = CARTESIAN_POINT('',(-14.01448600834,0.10032233974,4.));
#10682 = VECTOR('',#10683,1.);
#10683 = DIRECTION('',(0.984113122434,0.177542564622,0.));
#10684 = PCURVE('',#72,#10685);
#10685 = DEFINITIONAL_REPRESENTATION('',(#10686),#10690);
#10686 = LINE('',#10687,#10688);
#10687 = CARTESIAN_POINT('',(14.014486008347,0.10032233974));
#10688 = VECTOR('',#10689,1.);
#10689 = DIRECTION('',(-0.984113122434,0.177542564622));
#10690 = ( GEOMETRIC_REPRESENTATION_CONTEXT(2) 
PARAMETRIC_REPRESENTATION_CONTEXT() REPRESENTATION_CONTEXT('2D SPACE',''
  ) );
#10691 = PCURVE('',#5206,#10692);
#10692 = DEFINITIONAL_REPRESENTATION('',(#10693),#10697);
#10693 = LINE('',#10694,#10695);
#10694 = CARTESIAN_POINT('',(0.,-8.));
#10695 = VECTOR('',#10696,1.);
#10696 = DIRECTION('',(1.,0.));
#10697 = ( GEOMETRIC_REPRESENTATION_CONTEXT(2) 
PARAMETRIC_REPRESENTATION_CONTEXT() REPRESENTATION_CONTEXT('2D SPACE',''
  ) );
#10698 = ORIENTED_EDGE('',*,*,#10699,.T.);
#10699 = EDGE_CURVE('',#10677,#10700,#10702,.T.);
#10700 = VERTEX_POINT('',#10701);
#10701 = CARTESIAN_POINT('',(-11.93529495204,0.177901390774,4.));
#10702 = SURFACE_CURVE('',#10703,(#10707,#10714),.PCURVE_S1.);
#10703 = LINE('',#10704,#10705);
#10704 = CARTESIAN_POINT('',(-13.458610312,0.200607148966,4.));
#10705 = VECTOR('',#10706,1.);
#10706 = DIRECTION('',(0.999888931727,-1.490383206186E-02,0.));
#10707 = PCURVE('',#72,#10708);
#10708 = DEFINITIONAL_REPRESENTATION('',(#10709),#10713);
#10709 = LINE('',#10710,#10711);
#10710 = CARTESIAN_POINT('',(13.458610312003,0.200607148966));
#10711 = VECTOR('',#10712,1.);
#10712 = DIRECTION('',(-0.999888931727,-1.490383206186E-02));
#10713 = ( GEOMETRIC_REPRESENTATION_CONTEXT(2) 
PARAMETRIC_REPRESENTATION_CONTEXT() REPRESENTATION_CONTEXT('2D SPACE',''
  ) );
#10714 = PCURVE('',#5234,#10715);
#10715 = DEFINITIONAL_REPRESENTATION('',(#10716),#10720);
#10716 = LINE('',#10717,#10718);
#10717 = CARTESIAN_POINT('',(0.,-8.));
#10718 = VECTOR('',#10719,1.);
#10719 = DIRECTION('',(1.,0.));
#10720 = ( GEOMETRIC_REPRESENTATION_CONTEXT(2) 
PARAMETRIC_REPRESENTATION_CONTEXT() REPRESENTATION_CONTEXT('2D SPACE',''
  ) );
#10721 = ORIENTED_EDGE('',*,*,#10722,.T.);
#10722 = EDGE_CURVE('',#10700,#10723,#10725,.T.);
#10723 = VERTEX_POINT('',#10724);
#10724 = CARTESIAN_POINT('',(-11.87123067457,1.247716621713,4.));
#10725 = SURFACE_CURVE('',#10726,(#10730,#10737),.PCURVE_S1.);
#10726 = LINE('',#10727,#10728);
#10727 = CARTESIAN_POINT('',(-11.93529495204,0.177901390774,4.));
#10728 = VECTOR('',#10729,1.);
#10729 = DIRECTION('',(5.977641308859E-02,0.998211791374,0.));
#10730 = PCURVE('',#72,#10731);
#10731 = DEFINITIONAL_REPRESENTATION('',(#10732),#10736);
#10732 = LINE('',#10733,#10734);
#10733 = CARTESIAN_POINT('',(11.93529495204,0.177901390774));
#10734 = VECTOR('',#10735,1.);
#10735 = DIRECTION('',(-5.977641308859E-02,0.998211791374));
#10736 = ( GEOMETRIC_REPRESENTATION_CONTEXT(2) 
PARAMETRIC_REPRESENTATION_CONTEXT() REPRESENTATION_CONTEXT('2D SPACE',''
  ) );
#10737 = PCURVE('',#5262,#10738);
#10738 = DEFINITIONAL_REPRESENTATION('',(#10739),#10743);
#10739 = LINE('',#10740,#10741);
#10740 = CARTESIAN_POINT('',(0.,-8.));
#10741 = VECTOR('',#10742,1.);
#10742 = DIRECTION('',(1.,0.));
#10743 = ( GEOMETRIC_REPRESENTATION_CONTEXT(2) 
PARAMETRIC_REPRESENTATION_CONTEXT() REPRESENTATION_CONTEXT('2D SPACE',''
  ) );
#10744 = ORIENTED_EDGE('',*,*,#10745,.T.);
#10745 = EDGE_CURVE('',#10723,#10746,#10748,.T.);
#10746 = VERTEX_POINT('',#10747);
#10747 = CARTESIAN_POINT('',(-11.71146790034,2.307473535334,4.));
#10748 = SURFACE_CURVE('',#10749,(#10753,#10760),.PCURVE_S1.);
#10749 = LINE('',#10750,#10751);
#10750 = CARTESIAN_POINT('',(-11.87123067457,1.247716621713,4.));
#10751 = VECTOR('',#10752,1.);
#10752 = DIRECTION('',(0.149069746296,0.988826683873,0.));
#10753 = PCURVE('',#72,#10754);
#10754 = DEFINITIONAL_REPRESENTATION('',(#10755),#10759);
#10755 = LINE('',#10756,#10757);
#10756 = CARTESIAN_POINT('',(11.871230674574,1.247716621713));
#10757 = VECTOR('',#10758,1.);
#10758 = DIRECTION('',(-0.149069746296,0.988826683873));
#10759 = ( GEOMETRIC_REPRESENTATION_CONTEXT(2) 
PARAMETRIC_REPRESENTATION_CONTEXT() REPRESENTATION_CONTEXT('2D SPACE',''
  ) );
#10760 = PCURVE('',#5290,#10761);
#10761 = DEFINITIONAL_REPRESENTATION('',(#10762),#10766);
#10762 = LINE('',#10763,#10764);
#10763 = CARTESIAN_POINT('',(0.,-8.));
#10764 = VECTOR('',#10765,1.);
#10765 = DIRECTION('',(1.,0.));
#10766 = ( GEOMETRIC_REPRESENTATION_CONTEXT(2) 
PARAMETRIC_REPRESENTATION_CONTEXT() REPRESENTATION_CONTEXT('2D SPACE',''
  ) );
#10767 = ORIENTED_EDGE('',*,*,#10768,.T.);
#10768 = EDGE_CURVE('',#10746,#10769,#10771,.T.);
#10769 = VERTEX_POINT('',#10770);
#10770 = CARTESIAN_POINT('',(-13.20621595742,2.601979024575,4.));
#10771 = SURFACE_CURVE('',#10772,(#10776,#10783),.PCURVE_S1.);
#10772 = LINE('',#10773,#10774);
#10773 = CARTESIAN_POINT('',(-11.71146790034,2.307473535334,4.));
#10774 = VECTOR('',#10775,1.);
#10775 = DIRECTION('',(-0.981137640493,0.193310450852,0.));
#10776 = PCURVE('',#72,#10777);
#10777 = DEFINITIONAL_REPRESENTATION('',(#10778),#10782);
#10778 = LINE('',#10779,#10780);
#10779 = CARTESIAN_POINT('',(11.711467900343,2.307473535334));
#10780 = VECTOR('',#10781,1.);
#10781 = DIRECTION('',(0.981137640493,0.193310450852));
#10782 = ( GEOMETRIC_REPRESENTATION_CONTEXT(2) 
PARAMETRIC_REPRESENTATION_CONTEXT() REPRESENTATION_CONTEXT('2D SPACE',''
  ) );
#10783 = PCURVE('',#5318,#10784);
#10784 = DEFINITIONAL_REPRESENTATION('',(#10785),#10789);
#10785 = LINE('',#10786,#10787);
#10786 = CARTESIAN_POINT('',(0.,-8.));
#10787 = VECTOR('',#10788,1.);
#10788 = DIRECTION('',(1.,0.));
#10789 = ( GEOMETRIC_REPRESENTATION_CONTEXT(2) 
PARAMETRIC_REPRESENTATION_CONTEXT() REPRESENTATION_CONTEXT('2D SPACE',''
  ) );
#10790 = ORIENTED_EDGE('',*,*,#10791,.T.);
#10791 = EDGE_CURVE('',#10769,#10792,#10794,.T.);
#10792 = VERTEX_POINT('',#10793);
#10793 = CARTESIAN_POINT('',(-13.72909405186,2.815645426021,4.));
#10794 = SURFACE_CURVE('',#10795,(#10799,#10806),.PCURVE_S1.);
#10795 = LINE('',#10796,#10797);
#10796 = CARTESIAN_POINT('',(-13.20621595742,2.601979024575,4.));
#10797 = VECTOR('',#10798,1.);
#10798 = DIRECTION('',(-0.925694714757,0.378271456855,0.));
#10799 = PCURVE('',#72,#10800);
#10800 = DEFINITIONAL_REPRESENTATION('',(#10801),#10805);
#10801 = LINE('',#10802,#10803);
#10802 = CARTESIAN_POINT('',(13.206215957428,2.601979024575));
#10803 = VECTOR('',#10804,1.);
#10804 = DIRECTION('',(0.925694714757,0.378271456855));
#10805 = ( GEOMETRIC_REPRESENTATION_CONTEXT(2) 
PARAMETRIC_REPRESENTATION_CONTEXT() REPRESENTATION_CONTEXT('2D SPACE',''
  ) );
#10806 = PCURVE('',#5346,#10807);
#10807 = DEFINITIONAL_REPRESENTATION('',(#10808),#10812);
#10808 = LINE('',#10809,#10810);
#10809 = CARTESIAN_POINT('',(0.,-8.));
#10810 = VECTOR('',#10811,1.);
#10811 = DIRECTION('',(1.,0.));
#10812 = ( GEOMETRIC_REPRESENTATION_CONTEXT(2) 
PARAMETRIC_REPRESENTATION_CONTEXT() REPRESENTATION_CONTEXT('2D SPACE',''
  ) );
#10813 = ORIENTED_EDGE('',*,*,#10814,.T.);
#10814 = EDGE_CURVE('',#10792,#10815,#10817,.T.);
#10815 = VERTEX_POINT('',#10816);
#10816 = CARTESIAN_POINT('',(-14.23082815371,3.12351293334,4.));
#10817 = SURFACE_CURVE('',#10818,(#10822,#10829),.PCURVE_S1.);
#10818 = LINE('',#10819,#10820);
#10819 = CARTESIAN_POINT('',(-13.72909405186,2.815645426021,4.));
#10820 = VECTOR('',#10821,1.);
#10821 = DIRECTION('',(-0.85233392288,0.522997976964,0.));
#10822 = PCURVE('',#72,#10823);
#10823 = DEFINITIONAL_REPRESENTATION('',(#10824),#10828);
#10824 = LINE('',#10825,#10826);
#10825 = CARTESIAN_POINT('',(13.729094051864,2.815645426021));
#10826 = VECTOR('',#10827,1.);
#10827 = DIRECTION('',(0.85233392288,0.522997976964));
#10828 = ( GEOMETRIC_REPRESENTATION_CONTEXT(2) 
PARAMETRIC_REPRESENTATION_CONTEXT() REPRESENTATION_CONTEXT('2D SPACE',''
  ) );
#10829 = PCURVE('',#5374,#10830);
#10830 = DEFINITIONAL_REPRESENTATION('',(#10831),#10835);
#10831 = LINE('',#10832,#10833);
#10832 = CARTESIAN_POINT('',(0.,-8.));
#10833 = VECTOR('',#10834,1.);
#10834 = DIRECTION('',(1.,0.));
#10835 = ( GEOMETRIC_REPRESENTATION_CONTEXT(2) 
PARAMETRIC_REPRESENTATION_CONTEXT() REPRESENTATION_CONTEXT('2D SPACE',''
  ) );
#10836 = ORIENTED_EDGE('',*,*,#10837,.T.);
#10837 = EDGE_CURVE('',#10815,#10838,#10840,.T.);
#10838 = VERTEX_POINT('',#10839);
#10839 = CARTESIAN_POINT('',(-14.71416886488,3.498346806687,4.));
#10840 = SURFACE_CURVE('',#10841,(#10845,#10852),.PCURVE_S1.);
#10841 = LINE('',#10842,#10843);
#10842 = CARTESIAN_POINT('',(-14.23082815371,3.12351293334,4.));
#10843 = VECTOR('',#10844,1.);
#10844 = DIRECTION('',(-0.790221210649,0.612821701836,0.));
#10845 = PCURVE('',#72,#10846);
#10846 = DEFINITIONAL_REPRESENTATION('',(#10847),#10851);
#10847 = LINE('',#10848,#10849);
#10848 = CARTESIAN_POINT('',(14.230828153712,3.12351293334));
#10849 = VECTOR('',#10850,1.);
#10850 = DIRECTION('',(0.790221210649,0.612821701836));
#10851 = ( GEOMETRIC_REPRESENTATION_CONTEXT(2) 
PARAMETRIC_REPRESENTATION_CONTEXT() REPRESENTATION_CONTEXT('2D SPACE',''
  ) );
#10852 = PCURVE('',#5402,#10853);
#10853 = DEFINITIONAL_REPRESENTATION('',(#10854),#10858);
#10854 = LINE('',#10855,#10856);
#10855 = CARTESIAN_POINT('',(0.,-8.));
#10856 = VECTOR('',#10857,1.);
#10857 = DIRECTION('',(1.,0.));
#10858 = ( GEOMETRIC_REPRESENTATION_CONTEXT(2) 
PARAMETRIC_REPRESENTATION_CONTEXT() REPRESENTATION_CONTEXT('2D SPACE',''
  ) );
#10859 = ORIENTED_EDGE('',*,*,#10860,.T.);
#10860 = EDGE_CURVE('',#10838,#10861,#10863,.T.);
#10861 = VERTEX_POINT('',#10862);
#10862 = CARTESIAN_POINT('',(-15.17824801209,3.93113829196,4.));
#10863 = SURFACE_CURVE('',#10864,(#10868,#10875),.PCURVE_S1.);
#10864 = LINE('',#10865,#10866);
#10865 = CARTESIAN_POINT('',(-14.71416886488,3.498346806687,4.));
#10866 = VECTOR('',#10867,1.);
#10867 = DIRECTION('',(-0.73132958668,0.682024219252,0.));
#10868 = PCURVE('',#72,#10869);
#10869 = DEFINITIONAL_REPRESENTATION('',(#10870),#10874);
#10870 = LINE('',#10871,#10872);
#10871 = CARTESIAN_POINT('',(14.714168864887,3.498346806687));
#10872 = VECTOR('',#10873,1.);
#10873 = DIRECTION('',(0.73132958668,0.682024219252));
#10874 = ( GEOMETRIC_REPRESENTATION_CONTEXT(2) 
PARAMETRIC_REPRESENTATION_CONTEXT() REPRESENTATION_CONTEXT('2D SPACE',''
  ) );
#10875 = PCURVE('',#5430,#10876);
#10876 = DEFINITIONAL_REPRESENTATION('',(#10877),#10881);
#10877 = LINE('',#10878,#10879);
#10878 = CARTESIAN_POINT('',(0.,-8.));
#10879 = VECTOR('',#10880,1.);
#10880 = DIRECTION('',(1.,0.));
#10881 = ( GEOMETRIC_REPRESENTATION_CONTEXT(2) 
PARAMETRIC_REPRESENTATION_CONTEXT() REPRESENTATION_CONTEXT('2D SPACE',''
  ) );
#10882 = ORIENTED_EDGE('',*,*,#10883,.T.);
#10883 = EDGE_CURVE('',#10861,#10884,#10886,.T.);
#10884 = VERTEX_POINT('',#10885);
#10885 = CARTESIAN_POINT('',(-15.62140442219,4.416800033056,4.));
#10886 = SURFACE_CURVE('',#10887,(#10891,#10898),.PCURVE_S1.);
#10887 = LINE('',#10888,#10889);
#10888 = CARTESIAN_POINT('',(-15.17824801209,3.93113829196,4.));
#10889 = VECTOR('',#10890,1.);
#10890 = DIRECTION('',(-0.674042153871,0.738692882601,0.));
#10891 = PCURVE('',#72,#10892);
#10892 = DEFINITIONAL_REPRESENTATION('',(#10893),#10897);
#10893 = LINE('',#10894,#10895);
#10894 = CARTESIAN_POINT('',(15.178248012092,3.93113829196));
#10895 = VECTOR('',#10896,1.);
#10896 = DIRECTION('',(0.674042153871,0.738692882601));
#10897 = ( GEOMETRIC_REPRESENTATION_CONTEXT(2) 
PARAMETRIC_REPRESENTATION_CONTEXT() REPRESENTATION_CONTEXT('2D SPACE',''
  ) );
#10898 = PCURVE('',#5458,#10899);
#10899 = DEFINITIONAL_REPRESENTATION('',(#10900),#10904);
#10900 = LINE('',#10901,#10902);
#10901 = CARTESIAN_POINT('',(0.,-8.));
#10902 = VECTOR('',#10903,1.);
#10903 = DIRECTION('',(1.,0.));
#10904 = ( GEOMETRIC_REPRESENTATION_CONTEXT(2) 
PARAMETRIC_REPRESENTATION_CONTEXT() REPRESENTATION_CONTEXT('2D SPACE',''
  ) );
#10905 = ORIENTED_EDGE('',*,*,#10906,.T.);
#10906 = EDGE_CURVE('',#10884,#10907,#10909,.T.);
#10907 = VERTEX_POINT('',#10908);
#10908 = CARTESIAN_POINT('',(-15.23411157531,5.608764851964,4.));
#10909 = SURFACE_CURVE('',#10910,(#10914,#10921),.PCURVE_S1.);
#10910 = LINE('',#10911,#10912);
#10911 = CARTESIAN_POINT('',(-15.62140442219,4.416800033056,4.));
#10912 = VECTOR('',#10913,1.);
#10913 = DIRECTION('',(0.309016994375,0.951056516295,0.));
#10914 = PCURVE('',#72,#10915);
#10915 = DEFINITIONAL_REPRESENTATION('',(#10916),#10920);
#10916 = LINE('',#10917,#10918);
#10917 = CARTESIAN_POINT('',(15.621404422193,4.416800033056));
#10918 = VECTOR('',#10919,1.);
#10919 = DIRECTION('',(-0.309016994375,0.951056516295));
#10920 = ( GEOMETRIC_REPRESENTATION_CONTEXT(2) 
PARAMETRIC_REPRESENTATION_CONTEXT() REPRESENTATION_CONTEXT('2D SPACE',''
  ) );
#10921 = PCURVE('',#5486,#10922);
#10922 = DEFINITIONAL_REPRESENTATION('',(#10923),#10927);
#10923 = LINE('',#10924,#10925);
#10924 = CARTESIAN_POINT('',(0.,-8.));
#10925 = VECTOR('',#10926,1.);
#10926 = DIRECTION('',(1.,0.));
#10927 = ( GEOMETRIC_REPRESENTATION_CONTEXT(2) 
PARAMETRIC_REPRESENTATION_CONTEXT() REPRESENTATION_CONTEXT('2D SPACE',''
  ) );
#10928 = ORIENTED_EDGE('',*,*,#10929,.T.);
#10929 = EDGE_CURVE('',#10907,#10930,#10932,.T.);
#10930 = VERTEX_POINT('',#10931);
#10931 = CARTESIAN_POINT('',(-14.59012569935,5.741192651711,4.));
#10932 = SURFACE_CURVE('',#10933,(#10937,#10944),.PCURVE_S1.);
#10933 = LINE('',#10934,#10935);
#10934 = CARTESIAN_POINT('',(-15.23411157531,5.608764851964,4.));
#10935 = VECTOR('',#10936,1.);
#10936 = DIRECTION('',(0.979504339773,0.201423058179,0.));
#10937 = PCURVE('',#72,#10938);
#10938 = DEFINITIONAL_REPRESENTATION('',(#10939),#10943);
#10939 = LINE('',#10940,#10941);
#10940 = CARTESIAN_POINT('',(15.234111575313,5.608764851964));
#10941 = VECTOR('',#10942,1.);
#10942 = DIRECTION('',(-0.979504339773,0.201423058179));
#10943 = ( GEOMETRIC_REPRESENTATION_CONTEXT(2) 
PARAMETRIC_REPRESENTATION_CONTEXT() REPRESENTATION_CONTEXT('2D SPACE',''
  ) );
#10944 = PCURVE('',#5514,#10945);
#10945 = DEFINITIONAL_REPRESENTATION('',(#10946),#10950);
#10946 = LINE('',#10947,#10948);
#10947 = CARTESIAN_POINT('',(0.,-8.));
#10948 = VECTOR('',#10949,1.);
#10949 = DIRECTION('',(1.,0.));
#10950 = ( GEOMETRIC_REPRESENTATION_CONTEXT(2) 
PARAMETRIC_REPRESENTATION_CONTEXT() REPRESENTATION_CONTEXT('2D SPACE',''
  ) );
#10951 = ORIENTED_EDGE('',*,*,#10952,.T.);
#10952 = EDGE_CURVE('',#10930,#10953,#10955,.T.);
#10953 = VERTEX_POINT('',#10954);
#10954 = CARTESIAN_POINT('',(-13.96028933017,5.818549439694,4.));
#10955 = SURFACE_CURVE('',#10956,(#10960,#10967),.PCURVE_S1.);
#10956 = LINE('',#10957,#10958);
#10957 = CARTESIAN_POINT('',(-14.59012569935,5.741192651711,4.));
#10958 = VECTOR('',#10959,1.);
#10959 = DIRECTION('',(0.992541841896,0.121904438334,0.));
#10960 = PCURVE('',#72,#10961);
#10961 = DEFINITIONAL_REPRESENTATION('',(#10962),#10966);
#10962 = LINE('',#10963,#10964);
#10963 = CARTESIAN_POINT('',(14.590125699357,5.741192651711));
#10964 = VECTOR('',#10965,1.);
#10965 = DIRECTION('',(-0.992541841896,0.121904438334));
#10966 = ( GEOMETRIC_REPRESENTATION_CONTEXT(2) 
PARAMETRIC_REPRESENTATION_CONTEXT() REPRESENTATION_CONTEXT('2D SPACE',''
  ) );
#10967 = PCURVE('',#5542,#10968);
#10968 = DEFINITIONAL_REPRESENTATION('',(#10969),#10973);
#10969 = LINE('',#10970,#10971);
#10970 = CARTESIAN_POINT('',(0.,-8.));
#10971 = VECTOR('',#10972,1.);
#10972 = DIRECTION('',(1.,0.));
#10973 = ( GEOMETRIC_REPRESENTATION_CONTEXT(2) 
PARAMETRIC_REPRESENTATION_CONTEXT() REPRESENTATION_CONTEXT('2D SPACE',''
  ) );
#10974 = ORIENTED_EDGE('',*,*,#10975,.T.);
#10975 = EDGE_CURVE('',#10953,#10976,#10978,.T.);
#10976 = VERTEX_POINT('',#10977);
#10977 = CARTESIAN_POINT('',(-13.34893665794,5.837695871438,4.));
#10978 = SURFACE_CURVE('',#10979,(#10983,#10990),.PCURVE_S1.);
#10979 = LINE('',#10980,#10981);
#10980 = CARTESIAN_POINT('',(-13.96028933017,5.818549439694,4.));
#10981 = VECTOR('',#10982,1.);
#10982 = DIRECTION('',(0.999509947354,3.130279763883E-02,0.));
#10983 = PCURVE('',#72,#10984);
#10984 = DEFINITIONAL_REPRESENTATION('',(#10985),#10989);
#10985 = LINE('',#10986,#10987);
#10986 = CARTESIAN_POINT('',(13.960289330171,5.818549439694));
#10987 = VECTOR('',#10988,1.);
#10988 = DIRECTION('',(-0.999509947354,3.130279763883E-02));
#10989 = ( GEOMETRIC_REPRESENTATION_CONTEXT(2) 
PARAMETRIC_REPRESENTATION_CONTEXT() REPRESENTATION_CONTEXT('2D SPACE',''
  ) );
#10990 = PCURVE('',#5570,#10991);
#10991 = DEFINITIONAL_REPRESENTATION('',(#10992),#10996);
#10992 = LINE('',#10993,#10994);
#10993 = CARTESIAN_POINT('',(0.,-8.));
#10994 = VECTOR('',#10995,1.);
#10995 = DIRECTION('',(1.,0.));
#10996 = ( GEOMETRIC_REPRESENTATION_CONTEXT(2) 
PARAMETRIC_REPRESENTATION_CONTEXT() REPRESENTATION_CONTEXT('2D SPACE',''
  ) );
#10997 = ORIENTED_EDGE('',*,*,#10998,.T.);
#10998 = EDGE_CURVE('',#10976,#10999,#11001,.T.);
#10999 = VERTEX_POINT('',#11000);
#11000 = CARTESIAN_POINT('',(-12.76206526243,5.791854011237,4.));
#11001 = SURFACE_CURVE('',#11002,(#11006,#11013),.PCURVE_S1.);
#11002 = LINE('',#11003,#11004);
#11003 = CARTESIAN_POINT('',(-13.34893665794,5.837695871438,4.));
#11004 = VECTOR('',#11005,1.);
#11005 = DIRECTION('',(0.99696312633,-7.787505850962E-02,0.));
#11006 = PCURVE('',#72,#11007);
#11007 = DEFINITIONAL_REPRESENTATION('',(#11008),#11012);
#11008 = LINE('',#11009,#11010);
#11009 = CARTESIAN_POINT('',(13.348936657945,5.837695871438));
#11010 = VECTOR('',#11011,1.);
#11011 = DIRECTION('',(-0.99696312633,-7.787505850962E-02));
#11012 = ( GEOMETRIC_REPRESENTATION_CONTEXT(2) 
PARAMETRIC_REPRESENTATION_CONTEXT() REPRESENTATION_CONTEXT('2D SPACE',''
  ) );
#11013 = PCURVE('',#5598,#11014);
#11014 = DEFINITIONAL_REPRESENTATION('',(#11015),#11019);
#11015 = LINE('',#11016,#11017);
#11016 = CARTESIAN_POINT('',(0.,-8.));
#11017 = VECTOR('',#11018,1.);
#11018 = DIRECTION('',(1.,0.));
#11019 = ( GEOMETRIC_REPRESENTATION_CONTEXT(2) 
PARAMETRIC_REPRESENTATION_CONTEXT() REPRESENTATION_CONTEXT('2D SPACE',''
  ) );
#11020 = ORIENTED_EDGE('',*,*,#11021,.T.);
#11021 = EDGE_CURVE('',#10999,#11022,#11024,.T.);
#11022 = VERTEX_POINT('',#11023);
#11023 = CARTESIAN_POINT('',(-12.21345803836,5.657373728478,4.));
#11024 = SURFACE_CURVE('',#11025,(#11029,#11036),.PCURVE_S1.);
#11025 = LINE('',#11026,#11027);
#11026 = CARTESIAN_POINT('',(-12.76206526243,5.791854011237,4.));
#11027 = VECTOR('',#11028,1.);
#11028 = DIRECTION('',(0.971245139544,-0.238081664377,0.));
#11029 = PCURVE('',#72,#11030);
#11030 = DEFINITIONAL_REPRESENTATION('',(#11031),#11035);
#11031 = LINE('',#11032,#11033);
#11032 = CARTESIAN_POINT('',(12.76206526243,5.791854011237));
#11033 = VECTOR('',#11034,1.);
#11034 = DIRECTION('',(-0.971245139544,-0.238081664377));
#11035 = ( GEOMETRIC_REPRESENTATION_CONTEXT(2) 
PARAMETRIC_REPRESENTATION_CONTEXT() REPRESENTATION_CONTEXT('2D SPACE',''
  ) );
#11036 = PCURVE('',#5626,#11037);
#11037 = DEFINITIONAL_REPRESENTATION('',(#11038),#11042);
#11038 = LINE('',#11039,#11040);
#11039 = CARTESIAN_POINT('',(0.,-8.));
#11040 = VECTOR('',#11041,1.);
#11041 = DIRECTION('',(1.,0.));
#11042 = ( GEOMETRIC_REPRESENTATION_CONTEXT(2) 
PARAMETRIC_REPRESENTATION_CONTEXT() REPRESENTATION_CONTEXT('2D SPACE',''
  ) );
#11043 = ORIENTED_EDGE('',*,*,#11044,.T.);
#11044 = EDGE_CURVE('',#11022,#11045,#11047,.T.);
#11045 = VERTEX_POINT('',#11046);
#11046 = CARTESIAN_POINT('',(-10.83107547457,5.017042810362,4.));
#11047 = SURFACE_CURVE('',#11048,(#11052,#11059),.PCURVE_S1.);
#11048 = LINE('',#11049,#11050);
#11049 = CARTESIAN_POINT('',(-12.21345803836,5.657373728478,4.));
#11050 = VECTOR('',#11051,1.);
#11051 = DIRECTION('',(0.907382057104,-0.420306795621,0.));
#11052 = PCURVE('',#72,#11053);
#11053 = DEFINITIONAL_REPRESENTATION('',(#11054),#11058);
#11054 = LINE('',#11055,#11056);
#11055 = CARTESIAN_POINT('',(12.213458038365,5.657373728478));
#11056 = VECTOR('',#11057,1.);
#11057 = DIRECTION('',(-0.907382057104,-0.420306795621));
#11058 = ( GEOMETRIC_REPRESENTATION_CONTEXT(2) 
PARAMETRIC_REPRESENTATION_CONTEXT() REPRESENTATION_CONTEXT('2D SPACE',''
  ) );
#11059 = PCURVE('',#5654,#11060);
#11060 = DEFINITIONAL_REPRESENTATION('',(#11061),#11065);
#11061 = LINE('',#11062,#11063);
#11062 = CARTESIAN_POINT('',(0.,-8.));
#11063 = VECTOR('',#11064,1.);
#11064 = DIRECTION('',(1.,0.));
#11065 = ( GEOMETRIC_REPRESENTATION_CONTEXT(2) 
PARAMETRIC_REPRESENTATION_CONTEXT() REPRESENTATION_CONTEXT('2D SPACE',''
  ) );
#11066 = ORIENTED_EDGE('',*,*,#11067,.T.);
#11067 = EDGE_CURVE('',#11045,#11068,#11070,.T.);
#11068 = VERTEX_POINT('',#11069);
#11069 = CARTESIAN_POINT('',(-10.33741678915,5.968310365946,4.));
#11070 = SURFACE_CURVE('',#11071,(#11075,#11082),.PCURVE_S1.);
#11071 = LINE('',#11072,#11073);
#11072 = CARTESIAN_POINT('',(-10.83107547457,5.017042810362,4.));
#11073 = VECTOR('',#11074,1.);
#11074 = DIRECTION('',(0.460617783753,0.88759859018,0.));
#11075 = PCURVE('',#72,#11076);
#11076 = DEFINITIONAL_REPRESENTATION('',(#11077),#11081);
#11077 = LINE('',#11078,#11079);
#11078 = CARTESIAN_POINT('',(10.831075474579,5.017042810362));
#11079 = VECTOR('',#11080,1.);
#11080 = DIRECTION('',(-0.460617783753,0.88759859018));
#11081 = ( GEOMETRIC_REPRESENTATION_CONTEXT(2) 
PARAMETRIC_REPRESENTATION_CONTEXT() REPRESENTATION_CONTEXT('2D SPACE',''
  ) );
#11082 = PCURVE('',#5682,#11083);
#11083 = DEFINITIONAL_REPRESENTATION('',(#11084),#11088);
#11084 = LINE('',#11085,#11086);
#11085 = CARTESIAN_POINT('',(0.,-8.));
#11086 = VECTOR('',#11087,1.);
#11087 = DIRECTION('',(1.,0.));
#11088 = ( GEOMETRIC_REPRESENTATION_CONTEXT(2) 
PARAMETRIC_REPRESENTATION_CONTEXT() REPRESENTATION_CONTEXT('2D SPACE',''
  ) );
#11089 = ORIENTED_EDGE('',*,*,#11090,.T.);
#11090 = EDGE_CURVE('',#11068,#11091,#11093,.T.);
#11091 = VERTEX_POINT('',#11092);
#11092 = CARTESIAN_POINT('',(-9.760424262938,6.871465106111,4.));
#11093 = SURFACE_CURVE('',#11094,(#11098,#11105),.PCURVE_S1.);
#11094 = LINE('',#11095,#11096);
#11095 = CARTESIAN_POINT('',(-10.33741678915,5.968310365946,4.));
#11096 = VECTOR('',#11097,1.);
#11097 = DIRECTION('',(0.538374035583,0.842705997256,0.));
#11098 = PCURVE('',#72,#11099);
#11099 = DEFINITIONAL_REPRESENTATION('',(#11100),#11104);
#11100 = LINE('',#11101,#11102);
#11101 = CARTESIAN_POINT('',(10.337416789159,5.968310365946));
#11102 = VECTOR('',#11103,1.);
#11103 = DIRECTION('',(-0.538374035583,0.842705997256));
#11104 = ( GEOMETRIC_REPRESENTATION_CONTEXT(2) 
PARAMETRIC_REPRESENTATION_CONTEXT() REPRESENTATION_CONTEXT('2D SPACE',''
  ) );
#11105 = PCURVE('',#5710,#11106);
#11106 = DEFINITIONAL_REPRESENTATION('',(#11107),#11111);
#11107 = LINE('',#11108,#11109);
#11108 = CARTESIAN_POINT('',(0.,-8.));
#11109 = VECTOR('',#11110,1.);
#11110 = DIRECTION('',(1.,0.));
#11111 = ( GEOMETRIC_REPRESENTATION_CONTEXT(2) 
PARAMETRIC_REPRESENTATION_CONTEXT() REPRESENTATION_CONTEXT('2D SPACE',''
  ) );
#11112 = ORIENTED_EDGE('',*,*,#11113,.T.);
#11113 = EDGE_CURVE('',#11091,#11114,#11116,.T.);
#11114 = VERTEX_POINT('',#11115);
#11115 = CARTESIAN_POINT('',(-11.00615838674,7.74847806504,4.));
#11116 = SURFACE_CURVE('',#11117,(#11121,#11128),.PCURVE_S1.);
#11117 = LINE('',#11118,#11119);
#11118 = CARTESIAN_POINT('',(-9.760424262938,6.871465106111,4.));
#11119 = VECTOR('',#11120,1.);
#11120 = DIRECTION('',(-0.817687390943,0.57566251458,0.));
#11121 = PCURVE('',#72,#11122);
#11122 = DEFINITIONAL_REPRESENTATION('',(#11123),#11127);
#11123 = LINE('',#11124,#11125);
#11124 = CARTESIAN_POINT('',(9.760424262938,6.871465106111));
#11125 = VECTOR('',#11126,1.);
#11126 = DIRECTION('',(0.817687390943,0.57566251458));
#11127 = ( GEOMETRIC_REPRESENTATION_CONTEXT(2) 
PARAMETRIC_REPRESENTATION_CONTEXT() REPRESENTATION_CONTEXT('2D SPACE',''
  ) );
#11128 = PCURVE('',#5738,#11129);
#11129 = DEFINITIONAL_REPRESENTATION('',(#11130),#11134);
#11130 = LINE('',#11131,#11132);
#11131 = CARTESIAN_POINT('',(0.,-8.));
#11132 = VECTOR('',#11133,1.);
#11133 = DIRECTION('',(1.,0.));
#11134 = ( GEOMETRIC_REPRESENTATION_CONTEXT(2) 
PARAMETRIC_REPRESENTATION_CONTEXT() REPRESENTATION_CONTEXT('2D SPACE',''
  ) );
#11135 = ORIENTED_EDGE('',*,*,#11136,.T.);
#11136 = EDGE_CURVE('',#11114,#11137,#11139,.T.);
#11137 = VERTEX_POINT('',#11138);
#11138 = CARTESIAN_POINT('',(-11.39692533995,8.156345716401,4.));
#11139 = SURFACE_CURVE('',#11140,(#11144,#11151),.PCURVE_S1.);
#11140 = LINE('',#11141,#11142);
#11141 = CARTESIAN_POINT('',(-11.00615838674,7.74847806504,4.));
#11142 = VECTOR('',#11143,1.);
#11143 = DIRECTION('',(-0.691807339297,0.722082131959,0.));
#11144 = PCURVE('',#72,#11145);
#11145 = DEFINITIONAL_REPRESENTATION('',(#11146),#11150);
#11146 = LINE('',#11147,#11148);
#11147 = CARTESIAN_POINT('',(11.006158386747,7.74847806504));
#11148 = VECTOR('',#11149,1.);
#11149 = DIRECTION('',(0.691807339297,0.722082131959));
#11150 = ( GEOMETRIC_REPRESENTATION_CONTEXT(2) 
PARAMETRIC_REPRESENTATION_CONTEXT() REPRESENTATION_CONTEXT('2D SPACE',''
  ) );
#11151 = PCURVE('',#5766,#11152);
#11152 = DEFINITIONAL_REPRESENTATION('',(#11153),#11157);
#11153 = LINE('',#11154,#11155);
#11154 = CARTESIAN_POINT('',(0.,-8.));
#11155 = VECTOR('',#11156,1.);
#11156 = DIRECTION('',(1.,0.));
#11157 = ( GEOMETRIC_REPRESENTATION_CONTEXT(2) 
PARAMETRIC_REPRESENTATION_CONTEXT() REPRESENTATION_CONTEXT('2D SPACE',''
  ) );
#11158 = ORIENTED_EDGE('',*,*,#11159,.T.);
#11159 = EDGE_CURVE('',#11137,#11160,#11162,.T.);
#11160 = VERTEX_POINT('',#11161);
#11161 = CARTESIAN_POINT('',(-11.7300612532,8.64167032357,4.));
#11162 = SURFACE_CURVE('',#11163,(#11167,#11174),.PCURVE_S1.);
#11163 = LINE('',#11164,#11165);
#11164 = CARTESIAN_POINT('',(-11.39692533995,8.156345716401,4.));
#11165 = VECTOR('',#11166,1.);
#11166 = DIRECTION('',(-0.565923342156,0.824457864784,0.));
#11167 = PCURVE('',#72,#11168);
#11168 = DEFINITIONAL_REPRESENTATION('',(#11169),#11173);
#11169 = LINE('',#11170,#11171);
#11170 = CARTESIAN_POINT('',(11.396925339957,8.156345716401));
#11171 = VECTOR('',#11172,1.);
#11172 = DIRECTION('',(0.565923342156,0.824457864784));
#11173 = ( GEOMETRIC_REPRESENTATION_CONTEXT(2) 
PARAMETRIC_REPRESENTATION_CONTEXT() REPRESENTATION_CONTEXT('2D SPACE',''
  ) );
#11174 = PCURVE('',#5794,#11175);
#11175 = DEFINITIONAL_REPRESENTATION('',(#11176),#11180);
#11176 = LINE('',#11177,#11178);
#11177 = CARTESIAN_POINT('',(0.,-8.));
#11178 = VECTOR('',#11179,1.);
#11179 = DIRECTION('',(1.,0.));
#11180 = ( GEOMETRIC_REPRESENTATION_CONTEXT(2) 
PARAMETRIC_REPRESENTATION_CONTEXT() REPRESENTATION_CONTEXT('2D SPACE',''
  ) );
#11181 = ORIENTED_EDGE('',*,*,#11182,.T.);
#11182 = EDGE_CURVE('',#11160,#11183,#11185,.T.);
#11183 = VERTEX_POINT('',#11184);
#11184 = CARTESIAN_POINT('',(-12.01915629303,9.180690484262,4.));
#11185 = SURFACE_CURVE('',#11186,(#11190,#11197),.PCURVE_S1.);
#11186 = LINE('',#11187,#11188);
#11187 = CARTESIAN_POINT('',(-11.7300612532,8.64167032357,4.));
#11188 = VECTOR('',#11189,1.);
#11189 = DIRECTION('',(-0.472645955712,0.881252404563,0.));
#11190 = PCURVE('',#72,#11191);
#11191 = DEFINITIONAL_REPRESENTATION('',(#11192),#11196);
#11192 = LINE('',#11193,#11194);
#11193 = CARTESIAN_POINT('',(11.730061253206,8.64167032357));
#11194 = VECTOR('',#11195,1.);
#11195 = DIRECTION('',(0.472645955712,0.881252404563));
#11196 = ( GEOMETRIC_REPRESENTATION_CONTEXT(2) 
PARAMETRIC_REPRESENTATION_CONTEXT() REPRESENTATION_CONTEXT('2D SPACE',''
  ) );
#11197 = PCURVE('',#5822,#11198);
#11198 = DEFINITIONAL_REPRESENTATION('',(#11199),#11203);
#11199 = LINE('',#11200,#11201);
#11200 = CARTESIAN_POINT('',(0.,-8.));
#11201 = VECTOR('',#11202,1.);
#11202 = DIRECTION('',(1.,0.));
#11203 = ( GEOMETRIC_REPRESENTATION_CONTEXT(2) 
PARAMETRIC_REPRESENTATION_CONTEXT() REPRESENTATION_CONTEXT('2D SPACE',''
  ) );
#11204 = ORIENTED_EDGE('',*,*,#11205,.T.);
#11205 = EDGE_CURVE('',#11183,#11206,#11208,.T.);
#11206 = VERTEX_POINT('',#11207);
#11207 = CARTESIAN_POINT('',(-12.26708153408,9.764823174196,4.));
#11208 = SURFACE_CURVE('',#11209,(#11213,#11220),.PCURVE_S1.);
#11209 = LINE('',#11210,#11211);
#11210 = CARTESIAN_POINT('',(-12.01915629303,9.180690484262,4.));
#11211 = VECTOR('',#11212,1.);
#11212 = DIRECTION('',(-0.390698580517,0.920518668568,0.));
#11213 = PCURVE('',#72,#11214);
#11214 = DEFINITIONAL_REPRESENTATION('',(#11215),#11219);
#11215 = LINE('',#11216,#11217);
#11216 = CARTESIAN_POINT('',(12.019156293037,9.180690484262));
#11217 = VECTOR('',#11218,1.);
#11218 = DIRECTION('',(0.390698580517,0.920518668568));
#11219 = ( GEOMETRIC_REPRESENTATION_CONTEXT(2) 
PARAMETRIC_REPRESENTATION_CONTEXT() REPRESENTATION_CONTEXT('2D SPACE',''
  ) );
#11220 = PCURVE('',#5850,#11221);
#11221 = DEFINITIONAL_REPRESENTATION('',(#11222),#11226);
#11222 = LINE('',#11223,#11224);
#11223 = CARTESIAN_POINT('',(0.,-8.));
#11224 = VECTOR('',#11225,1.);
#11225 = DIRECTION('',(1.,0.));
#11226 = ( GEOMETRIC_REPRESENTATION_CONTEXT(2) 
PARAMETRIC_REPRESENTATION_CONTEXT() REPRESENTATION_CONTEXT('2D SPACE',''
  ) );
#11227 = ORIENTED_EDGE('',*,*,#11228,.T.);
#11228 = EDGE_CURVE('',#11206,#11229,#11231,.T.);
#11229 = VERTEX_POINT('',#11230);
#11230 = CARTESIAN_POINT('',(-12.47438863331,10.388745202326,4.));
#11231 = SURFACE_CURVE('',#11232,(#11236,#11243),.PCURVE_S1.);
#11232 = LINE('',#11233,#11234);
#11233 = CARTESIAN_POINT('',(-12.26708153408,9.764823174196,4.));
#11234 = VECTOR('',#11235,1.);
#11235 = DIRECTION('',(-0.315314684595,0.94898717045,0.));
#11236 = PCURVE('',#72,#11237);
#11237 = DEFINITIONAL_REPRESENTATION('',(#11238),#11242);
#11238 = LINE('',#11239,#11240);
#11239 = CARTESIAN_POINT('',(12.267081534081,9.764823174196));
#11240 = VECTOR('',#11241,1.);
#11241 = DIRECTION('',(0.315314684595,0.94898717045));
#11242 = ( GEOMETRIC_REPRESENTATION_CONTEXT(2) 
PARAMETRIC_REPRESENTATION_CONTEXT() REPRESENTATION_CONTEXT('2D SPACE',''
  ) );
#11243 = PCURVE('',#5878,#11244);
#11244 = DEFINITIONAL_REPRESENTATION('',(#11245),#11249);
#11245 = LINE('',#11246,#11247);
#11246 = CARTESIAN_POINT('',(0.,-8.));
#11247 = VECTOR('',#11248,1.);
#11248 = DIRECTION('',(1.,0.));
#11249 = ( GEOMETRIC_REPRESENTATION_CONTEXT(2) 
PARAMETRIC_REPRESENTATION_CONTEXT() REPRESENTATION_CONTEXT('2D SPACE',''
  ) );
#11250 = ORIENTED_EDGE('',*,*,#11251,.T.);
#11251 = EDGE_CURVE('',#11229,#11252,#11254,.T.);
#11252 = VERTEX_POINT('',#11253);
#11253 = CARTESIAN_POINT('',(-11.63576324315,11.320133055882,4.));
#11254 = SURFACE_CURVE('',#11255,(#11259,#11266),.PCURVE_S1.);
#11255 = LINE('',#11256,#11257);
#11256 = CARTESIAN_POINT('',(-12.47438863331,10.388745202326,4.));
#11257 = VECTOR('',#11258,1.);
#11258 = DIRECTION('',(0.669130606359,0.743144825477,0.));
#11259 = PCURVE('',#72,#11260);
#11260 = DEFINITIONAL_REPRESENTATION('',(#11261),#11265);
#11261 = LINE('',#11262,#11263);
#11262 = CARTESIAN_POINT('',(12.47438863331,10.388745202326));
#11263 = VECTOR('',#11264,1.);
#11264 = DIRECTION('',(-0.669130606359,0.743144825477));
#11265 = ( GEOMETRIC_REPRESENTATION_CONTEXT(2) 
PARAMETRIC_REPRESENTATION_CONTEXT() REPRESENTATION_CONTEXT('2D SPACE',''
  ) );
#11266 = PCURVE('',#5906,#11267);
#11267 = DEFINITIONAL_REPRESENTATION('',(#11268),#11272);
#11268 = LINE('',#11269,#11270);
#11269 = CARTESIAN_POINT('',(0.,-8.));
#11270 = VECTOR('',#11271,1.);
#11271 = DIRECTION('',(1.,0.));
#11272 = ( GEOMETRIC_REPRESENTATION_CONTEXT(2) 
PARAMETRIC_REPRESENTATION_CONTEXT() REPRESENTATION_CONTEXT('2D SPACE',''
  ) );
#11273 = ORIENTED_EDGE('',*,*,#11274,.T.);
#11274 = EDGE_CURVE('',#11252,#11275,#11277,.T.);
#11275 = VERTEX_POINT('',#11276);
#11276 = CARTESIAN_POINT('',(-10.99358963267,11.179179217432,4.));
#11277 = SURFACE_CURVE('',#11278,(#11282,#11289),.PCURVE_S1.);
#11278 = LINE('',#11279,#11280);
#11279 = CARTESIAN_POINT('',(-11.63576324315,11.320133055882,4.));
#11280 = VECTOR('',#11281,1.);
#11281 = DIRECTION('',(0.976747878863,-0.214391187173,0.));
#11282 = PCURVE('',#72,#11283);
#11283 = DEFINITIONAL_REPRESENTATION('',(#11284),#11288);
#11284 = LINE('',#11285,#11286);
#11285 = CARTESIAN_POINT('',(11.635763243159,11.320133055882));
#11286 = VECTOR('',#11287,1.);
#11287 = DIRECTION('',(-0.976747878863,-0.214391187173));
#11288 = ( GEOMETRIC_REPRESENTATION_CONTEXT(2) 
PARAMETRIC_REPRESENTATION_CONTEXT() REPRESENTATION_CONTEXT('2D SPACE',''
  ) );
#11289 = PCURVE('',#5934,#11290);
#11290 = DEFINITIONAL_REPRESENTATION('',(#11291),#11295);
#11291 = LINE('',#11292,#11293);
#11292 = CARTESIAN_POINT('',(0.,-8.));
#11293 = VECTOR('',#11294,1.);
#11294 = DIRECTION('',(1.,0.));
#11295 = ( GEOMETRIC_REPRESENTATION_CONTEXT(2) 
PARAMETRIC_REPRESENTATION_CONTEXT() REPRESENTATION_CONTEXT('2D SPACE',''
  ) );
#11296 = ORIENTED_EDGE('',*,*,#11297,.T.);
#11297 = EDGE_CURVE('',#11275,#11298,#11300,.T.);
#11298 = VERTEX_POINT('',#11299);
#11299 = CARTESIAN_POINT('',(-10.38674163828,10.993670629222,4.));
#11300 = SURFACE_CURVE('',#11301,(#11305,#11312),.PCURVE_S1.);
#11301 = LINE('',#11302,#11303);
#11302 = CARTESIAN_POINT('',(-10.99358963267,11.179179217432,4.));
#11303 = VECTOR('',#11304,1.);
#11304 = DIRECTION('',(0.956315093208,-0.292337890978,0.));
#11305 = PCURVE('',#72,#11306);
#11306 = DEFINITIONAL_REPRESENTATION('',(#11307),#11311);
#11307 = LINE('',#11308,#11309);
#11308 = CARTESIAN_POINT('',(10.993589632674,11.179179217432));
#11309 = VECTOR('',#11310,1.);
#11310 = DIRECTION('',(-0.956315093208,-0.292337890978));
#11311 = ( GEOMETRIC_REPRESENTATION_CONTEXT(2) 
PARAMETRIC_REPRESENTATION_CONTEXT() REPRESENTATION_CONTEXT('2D SPACE',''
  ) );
#11312 = PCURVE('',#5962,#11313);
#11313 = DEFINITIONAL_REPRESENTATION('',(#11314),#11318);
#11314 = LINE('',#11315,#11316);
#11315 = CARTESIAN_POINT('',(0.,-8.));
#11316 = VECTOR('',#11317,1.);
#11317 = DIRECTION('',(1.,0.));
#11318 = ( GEOMETRIC_REPRESENTATION_CONTEXT(2) 
PARAMETRIC_REPRESENTATION_CONTEXT() REPRESENTATION_CONTEXT('2D SPACE',''
  ) );
#11319 = ORIENTED_EDGE('',*,*,#11320,.T.);
#11320 = EDGE_CURVE('',#11298,#11321,#11323,.T.);
#11321 = VERTEX_POINT('',#11322);
#11322 = CARTESIAN_POINT('',(-9.820455626178,10.762502231336,4.));
#11323 = SURFACE_CURVE('',#11324,(#11328,#11335),.PCURVE_S1.);
#11324 = LINE('',#11325,#11326);
#11325 = CARTESIAN_POINT('',(-10.38674163828,10.993670629222,4.));
#11326 = VECTOR('',#11327,1.);
#11327 = DIRECTION('',(0.925829767105,-0.377940792113,0.));
#11328 = PCURVE('',#72,#11329);
#11329 = DEFINITIONAL_REPRESENTATION('',(#11330),#11334);
#11330 = LINE('',#11331,#11332);
#11331 = CARTESIAN_POINT('',(10.386741638283,10.993670629222));
#11332 = VECTOR('',#11333,1.);
#11333 = DIRECTION('',(-0.925829767105,-0.377940792113));
#11334 = ( GEOMETRIC_REPRESENTATION_CONTEXT(2) 
PARAMETRIC_REPRESENTATION_CONTEXT() REPRESENTATION_CONTEXT('2D SPACE',''
  ) );
#11335 = PCURVE('',#5990,#11336);
#11336 = DEFINITIONAL_REPRESENTATION('',(#11337),#11341);
#11337 = LINE('',#11338,#11339);
#11338 = CARTESIAN_POINT('',(0.,-8.));
#11339 = VECTOR('',#11340,1.);
#11340 = DIRECTION('',(1.,0.));
#11341 = ( GEOMETRIC_REPRESENTATION_CONTEXT(2) 
PARAMETRIC_REPRESENTATION_CONTEXT() REPRESENTATION_CONTEXT('2D SPACE',''
  ) );
#11342 = ORIENTED_EDGE('',*,*,#11343,.T.);
#11343 = EDGE_CURVE('',#11321,#11344,#11346,.T.);
#11344 = VERTEX_POINT('',#11345);
#11345 = CARTESIAN_POINT('',(-9.302967492916,10.48192150685,4.));
#11346 = SURFACE_CURVE('',#11347,(#11351,#11358),.PCURVE_S1.);
#11347 = LINE('',#11348,#11349);
#11348 = CARTESIAN_POINT('',(-9.820455626178,10.762502231336,4.));
#11349 = VECTOR('',#11350,1.);
#11350 = DIRECTION('',(0.879096495619,-0.476643841239,0.));
#11351 = PCURVE('',#72,#11352);
#11352 = DEFINITIONAL_REPRESENTATION('',(#11353),#11357);
#11353 = LINE('',#11354,#11355);
#11354 = CARTESIAN_POINT('',(9.820455626178,10.762502231336));
#11355 = VECTOR('',#11356,1.);
#11356 = DIRECTION('',(-0.879096495619,-0.476643841239));
#11357 = ( GEOMETRIC_REPRESENTATION_CONTEXT(2) 
PARAMETRIC_REPRESENTATION_CONTEXT() REPRESENTATION_CONTEXT('2D SPACE',''
  ) );
#11358 = PCURVE('',#6018,#11359);
#11359 = DEFINITIONAL_REPRESENTATION('',(#11360),#11364);
#11360 = LINE('',#11361,#11362);
#11361 = CARTESIAN_POINT('',(0.,-8.));
#11362 = VECTOR('',#11363,1.);
#11363 = DIRECTION('',(1.,0.));
#11364 = ( GEOMETRIC_REPRESENTATION_CONTEXT(2) 
PARAMETRIC_REPRESENTATION_CONTEXT() REPRESENTATION_CONTEXT('2D SPACE',''
  ) );
#11365 = ORIENTED_EDGE('',*,*,#11366,.T.);
#11366 = EDGE_CURVE('',#11344,#11367,#11369,.T.);
#11367 = VERTEX_POINT('',#11368);
#11368 = CARTESIAN_POINT('',(-8.85648791411,10.135928994709,4.));
#11369 = SURFACE_CURVE('',#11370,(#11374,#11381),.PCURVE_S1.);
#11370 = LINE('',#11371,#11372);
#11371 = CARTESIAN_POINT('',(-9.302967492916,10.48192150685,4.));
#11372 = VECTOR('',#11373,1.);
#11373 = DIRECTION('',(0.790440048541,-0.612539410701,0.));
#11374 = PCURVE('',#72,#11375);
#11375 = DEFINITIONAL_REPRESENTATION('',(#11376),#11380);
#11376 = LINE('',#11377,#11378);
#11377 = CARTESIAN_POINT('',(9.302967492916,10.48192150685));
#11378 = VECTOR('',#11379,1.);
#11379 = DIRECTION('',(-0.790440048541,-0.612539410701));
#11380 = ( GEOMETRIC_REPRESENTATION_CONTEXT(2) 
PARAMETRIC_REPRESENTATION_CONTEXT() REPRESENTATION_CONTEXT('2D SPACE',''
  ) );
#11381 = PCURVE('',#6046,#11382);
#11382 = DEFINITIONAL_REPRESENTATION('',(#11383),#11387);
#11383 = LINE('',#11384,#11385);
#11384 = CARTESIAN_POINT('',(0.,-8.));
#11385 = VECTOR('',#11386,1.);
#11386 = DIRECTION('',(1.,0.));
#11387 = ( GEOMETRIC_REPRESENTATION_CONTEXT(2) 
PARAMETRIC_REPRESENTATION_CONTEXT() REPRESENTATION_CONTEXT('2D SPACE',''
  ) );
#11388 = ORIENTED_EDGE('',*,*,#11389,.T.);
#11389 = EDGE_CURVE('',#11367,#11390,#11392,.T.);
#11390 = VERTEX_POINT('',#11391);
#11391 = CARTESIAN_POINT('',(-7.854064650331,8.988691949636,4.));
#11392 = SURFACE_CURVE('',#11393,(#11397,#11404),.PCURVE_S1.);
#11393 = LINE('',#11394,#11395);
#11394 = CARTESIAN_POINT('',(-8.85648791411,10.135928994709,4.));
#11395 = VECTOR('',#11396,1.);
#11396 = DIRECTION('',(0.657980581501,-0.75303489585,0.));
#11397 = PCURVE('',#72,#11398);
#11398 = DEFINITIONAL_REPRESENTATION('',(#11399),#11403);
#11399 = LINE('',#11400,#11401);
#11400 = CARTESIAN_POINT('',(8.85648791411,10.135928994709));
#11401 = VECTOR('',#11402,1.);
#11402 = DIRECTION('',(-0.657980581501,-0.75303489585));
#11403 = ( GEOMETRIC_REPRESENTATION_CONTEXT(2) 
PARAMETRIC_REPRESENTATION_CONTEXT() REPRESENTATION_CONTEXT('2D SPACE',''
  ) );
#11404 = PCURVE('',#6074,#11405);
#11405 = DEFINITIONAL_REPRESENTATION('',(#11406),#11410);
#11406 = LINE('',#11407,#11408);
#11407 = CARTESIAN_POINT('',(0.,-8.));
#11408 = VECTOR('',#11409,1.);
#11409 = DIRECTION('',(1.,0.));
#11410 = ( GEOMETRIC_REPRESENTATION_CONTEXT(2) 
PARAMETRIC_REPRESENTATION_CONTEXT() REPRESENTATION_CONTEXT('2D SPACE',''
  ) );
#11411 = ORIENTED_EDGE('',*,*,#11412,.T.);
#11412 = EDGE_CURVE('',#11390,#11413,#11415,.T.);
#11413 = VERTEX_POINT('',#11414);
#11414 = CARTESIAN_POINT('',(-7.016169628415,9.656929027509,4.));
#11415 = SURFACE_CURVE('',#11416,(#11420,#11427),.PCURVE_S1.);
#11416 = LINE('',#11417,#11418);
#11417 = CARTESIAN_POINT('',(-7.854064650331,8.988691949636,4.));
#11418 = VECTOR('',#11419,1.);
#11419 = DIRECTION('',(0.781814155026,0.623511529164,0.));
#11420 = PCURVE('',#72,#11421);
#11421 = DEFINITIONAL_REPRESENTATION('',(#11422),#11426);
#11422 = LINE('',#11423,#11424);
#11423 = CARTESIAN_POINT('',(7.854064650331,8.988691949636));
#11424 = VECTOR('',#11425,1.);
#11425 = DIRECTION('',(-0.781814155026,0.623511529164));
#11426 = ( GEOMETRIC_REPRESENTATION_CONTEXT(2) 
PARAMETRIC_REPRESENTATION_CONTEXT() REPRESENTATION_CONTEXT('2D SPACE',''
  ) );
#11427 = PCURVE('',#6102,#11428);
#11428 = DEFINITIONAL_REPRESENTATION('',(#11429),#11433);
#11429 = LINE('',#11430,#11431);
#11430 = CARTESIAN_POINT('',(0.,-8.));
#11431 = VECTOR('',#11432,1.);
#11432 = DIRECTION('',(1.,0.));
#11433 = ( GEOMETRIC_REPRESENTATION_CONTEXT(2) 
PARAMETRIC_REPRESENTATION_CONTEXT() REPRESENTATION_CONTEXT('2D SPACE',''
  ) );
#11434 = ORIENTED_EDGE('',*,*,#11435,.T.);
#11435 = EDGE_CURVE('',#11413,#11436,#11438,.T.);
#11436 = VERTEX_POINT('',#11437);
#11437 = CARTESIAN_POINT('',(-6.121714599799,10.24731793474,4.));
#11438 = SURFACE_CURVE('',#11439,(#11443,#11450),.PCURVE_S1.);
#11439 = LINE('',#11440,#11441);
#11440 = CARTESIAN_POINT('',(-7.016169628415,9.656929027509,4.));
#11441 = VECTOR('',#11442,1.);
#11442 = DIRECTION('',(0.834588563143,0.550873787969,0.));
#11443 = PCURVE('',#72,#11444);
#11444 = DEFINITIONAL_REPRESENTATION('',(#11445),#11449);
#11445 = LINE('',#11446,#11447);
#11446 = CARTESIAN_POINT('',(7.016169628415,9.656929027509));
#11447 = VECTOR('',#11448,1.);
#11448 = DIRECTION('',(-0.834588563143,0.550873787969));
#11449 = ( GEOMETRIC_REPRESENTATION_CONTEXT(2) 
PARAMETRIC_REPRESENTATION_CONTEXT() REPRESENTATION_CONTEXT('2D SPACE',''
  ) );
#11450 = PCURVE('',#6130,#11451);
#11451 = DEFINITIONAL_REPRESENTATION('',(#11452),#11456);
#11452 = LINE('',#11453,#11454);
#11453 = CARTESIAN_POINT('',(0.,-8.));
#11454 = VECTOR('',#11455,1.);
#11455 = DIRECTION('',(1.,0.));
#11456 = ( GEOMETRIC_REPRESENTATION_CONTEXT(2) 
PARAMETRIC_REPRESENTATION_CONTEXT() REPRESENTATION_CONTEXT('2D SPACE',''
  ) );
#11457 = ORIENTED_EDGE('',*,*,#11458,.T.);
#11458 = EDGE_CURVE('',#11436,#11459,#11461,.T.);
#11459 = VERTEX_POINT('',#11460);
#11460 = CARTESIAN_POINT('',(-6.903036043186,11.555194855347,4.));
#11461 = SURFACE_CURVE('',#11462,(#11466,#11473),.PCURVE_S1.);
#11462 = LINE('',#11463,#11464);
#11463 = CARTESIAN_POINT('',(-6.121714599799,10.24731793474,4.));
#11464 = VECTOR('',#11465,1.);
#11465 = DIRECTION('',(-0.512851563043,0.858477299807,0.));
#11466 = PCURVE('',#72,#11467);
#11467 = DEFINITIONAL_REPRESENTATION('',(#11468),#11472);
#11468 = LINE('',#11469,#11470);
#11469 = CARTESIAN_POINT('',(6.121714599799,10.24731793474));
#11470 = VECTOR('',#11471,1.);
#11471 = DIRECTION('',(0.512851563043,0.858477299807));
#11472 = ( GEOMETRIC_REPRESENTATION_CONTEXT(2) 
PARAMETRIC_REPRESENTATION_CONTEXT() REPRESENTATION_CONTEXT('2D SPACE',''
  ) );
#11473 = PCURVE('',#6158,#11474);
#11474 = DEFINITIONAL_REPRESENTATION('',(#11475),#11479);
#11475 = LINE('',#11476,#11477);
#11476 = CARTESIAN_POINT('',(0.,-8.));
#11477 = VECTOR('',#11478,1.);
#11478 = DIRECTION('',(1.,0.));
#11479 = ( GEOMETRIC_REPRESENTATION_CONTEXT(2) 
PARAMETRIC_REPRESENTATION_CONTEXT() REPRESENTATION_CONTEXT('2D SPACE',''
  ) );
#11480 = ORIENTED_EDGE('',*,*,#11481,.T.);
#11481 = EDGE_CURVE('',#11459,#11482,#11484,.T.);
#11482 = VERTEX_POINT('',#11483);
#11483 = CARTESIAN_POINT('',(-7.094124698955,12.08673973434,4.));
#11484 = SURFACE_CURVE('',#11485,(#11489,#11496),.PCURVE_S1.);
#11485 = LINE('',#11486,#11487);
#11486 = CARTESIAN_POINT('',(-6.903036043186,11.555194855347,4.));
#11487 = VECTOR('',#11488,1.);
#11488 = DIRECTION('',(-0.338300190001,0.941038246537,0.));
#11489 = PCURVE('',#72,#11490);
#11490 = DEFINITIONAL_REPRESENTATION('',(#11491),#11495);
#11491 = LINE('',#11492,#11493);
#11492 = CARTESIAN_POINT('',(6.903036043186,11.555194855347));
#11493 = VECTOR('',#11494,1.);
#11494 = DIRECTION('',(0.338300190001,0.941038246537));
#11495 = ( GEOMETRIC_REPRESENTATION_CONTEXT(2) 
PARAMETRIC_REPRESENTATION_CONTEXT() REPRESENTATION_CONTEXT('2D SPACE',''
  ) );
#11496 = PCURVE('',#6186,#11497);
#11497 = DEFINITIONAL_REPRESENTATION('',(#11498),#11502);
#11498 = LINE('',#11499,#11500);
#11499 = CARTESIAN_POINT('',(0.,-8.));
#11500 = VECTOR('',#11501,1.);
#11501 = DIRECTION('',(1.,0.));
#11502 = ( GEOMETRIC_REPRESENTATION_CONTEXT(2) 
PARAMETRIC_REPRESENTATION_CONTEXT() REPRESENTATION_CONTEXT('2D SPACE',''
  ) );
#11503 = ORIENTED_EDGE('',*,*,#11504,.T.);
#11504 = EDGE_CURVE('',#11482,#11505,#11507,.T.);
#11505 = VERTEX_POINT('',#11506);
#11506 = CARTESIAN_POINT('',(-7.201060197759,12.665604407745,4.));
#11507 = SURFACE_CURVE('',#11508,(#11512,#11519),.PCURVE_S1.);
#11508 = LINE('',#11509,#11510);
#11509 = CARTESIAN_POINT('',(-7.094124698955,12.08673973434,4.));
#11510 = VECTOR('',#11511,1.);
#11511 = DIRECTION('',(-0.181659474321,0.983361497817,0.));
#11512 = PCURVE('',#72,#11513);
#11513 = DEFINITIONAL_REPRESENTATION('',(#11514),#11518);
#11514 = LINE('',#11515,#11516);
#11515 = CARTESIAN_POINT('',(7.094124698955,12.08673973434));
#11516 = VECTOR('',#11517,1.);
#11517 = DIRECTION('',(0.181659474321,0.983361497817));
#11518 = ( GEOMETRIC_REPRESENTATION_CONTEXT(2) 
PARAMETRIC_REPRESENTATION_CONTEXT() REPRESENTATION_CONTEXT('2D SPACE',''
  ) );
#11519 = PCURVE('',#6214,#11520);
#11520 = DEFINITIONAL_REPRESENTATION('',(#11521),#11525);
#11521 = LINE('',#11522,#11523);
#11522 = CARTESIAN_POINT('',(0.,-8.));
#11523 = VECTOR('',#11524,1.);
#11524 = DIRECTION('',(1.,0.));
#11525 = ( GEOMETRIC_REPRESENTATION_CONTEXT(2) 
PARAMETRIC_REPRESENTATION_CONTEXT() REPRESENTATION_CONTEXT('2D SPACE',''
  ) );
#11526 = ORIENTED_EDGE('',*,*,#11527,.T.);
#11527 = EDGE_CURVE('',#11505,#11528,#11530,.T.);
#11528 = VERTEX_POINT('',#11529);
#11529 = CARTESIAN_POINT('',(-7.245922407513,13.275609373153,4.));
#11530 = SURFACE_CURVE('',#11531,(#11535,#11542),.PCURVE_S1.);
#11531 = LINE('',#11532,#11533);
#11532 = CARTESIAN_POINT('',(-7.201060197759,12.665604407745,4.));
#11533 = VECTOR('',#11534,1.);
#11534 = DIRECTION('',(-7.334592117955E-02,0.997306560615,0.));
#11535 = PCURVE('',#72,#11536);
#11536 = DEFINITIONAL_REPRESENTATION('',(#11537),#11541);
#11537 = LINE('',#11538,#11539);
#11538 = CARTESIAN_POINT('',(7.201060197759,12.665604407745));
#11539 = VECTOR('',#11540,1.);
#11540 = DIRECTION('',(7.334592117955E-02,0.997306560615));
#11541 = ( GEOMETRIC_REPRESENTATION_CONTEXT(2) 
PARAMETRIC_REPRESENTATION_CONTEXT() REPRESENTATION_CONTEXT('2D SPACE',''
  ) );
#11542 = PCURVE('',#6242,#11543);
#11543 = DEFINITIONAL_REPRESENTATION('',(#11544),#11548);
#11544 = LINE('',#11545,#11546);
#11545 = CARTESIAN_POINT('',(0.,-8.));
#11546 = VECTOR('',#11547,1.);
#11547 = DIRECTION('',(1.,0.));
#11548 = ( GEOMETRIC_REPRESENTATION_CONTEXT(2) 
PARAMETRIC_REPRESENTATION_CONTEXT() REPRESENTATION_CONTEXT('2D SPACE',''
  ) );
#11549 = ORIENTED_EDGE('',*,*,#11550,.T.);
#11550 = EDGE_CURVE('',#11528,#11551,#11553,.T.);
#11551 = VERTEX_POINT('',#11552);
#11552 = CARTESIAN_POINT('',(-7.23482521589,13.910081418979,4.));
#11553 = SURFACE_CURVE('',#11554,(#11558,#11565),.PCURVE_S1.);
#11554 = LINE('',#11555,#11556);
#11555 = CARTESIAN_POINT('',(-7.245922407513,13.275609373153,4.));
#11556 = VECTOR('',#11557,1.);
#11557 = DIRECTION('',(1.74877596036E-02,0.999847077439,0.));
#11558 = PCURVE('',#72,#11559);
#11559 = DEFINITIONAL_REPRESENTATION('',(#11560),#11564);
#11560 = LINE('',#11561,#11562);
#11561 = CARTESIAN_POINT('',(7.245922407513,13.275609373153));
#11562 = VECTOR('',#11563,1.);
#11563 = DIRECTION('',(-1.74877596036E-02,0.999847077439));
#11564 = ( GEOMETRIC_REPRESENTATION_CONTEXT(2) 
PARAMETRIC_REPRESENTATION_CONTEXT() REPRESENTATION_CONTEXT('2D SPACE',''
  ) );
#11565 = PCURVE('',#6270,#11566);
#11566 = DEFINITIONAL_REPRESENTATION('',(#11567),#11571);
#11567 = LINE('',#11568,#11569);
#11568 = CARTESIAN_POINT('',(0.,-8.));
#11569 = VECTOR('',#11570,1.);
#11570 = DIRECTION('',(1.,0.));
#11571 = ( GEOMETRIC_REPRESENTATION_CONTEXT(2) 
PARAMETRIC_REPRESENTATION_CONTEXT() REPRESENTATION_CONTEXT('2D SPACE',''
  ) );
#11572 = ORIENTED_EDGE('',*,*,#11573,.T.);
#11573 = EDGE_CURVE('',#11551,#11574,#11576,.T.);
#11574 = VERTEX_POINT('',#11575);
#11575 = CARTESIAN_POINT('',(-7.170437723465,14.564381947327,4.));
#11576 = SURFACE_CURVE('',#11577,(#11581,#11588),.PCURVE_S1.);
#11577 = LINE('',#11578,#11579);
#11578 = CARTESIAN_POINT('',(-7.23482521589,13.910081418979,4.));
#11579 = VECTOR('',#11580,1.);
#11580 = DIRECTION('',(9.793355819075E-02,0.99519295525,0.));
#11581 = PCURVE('',#72,#11582);
#11582 = DEFINITIONAL_REPRESENTATION('',(#11583),#11587);
#11583 = LINE('',#11584,#11585);
#11584 = CARTESIAN_POINT('',(7.23482521589,13.910081418979));
#11585 = VECTOR('',#11586,1.);
#11586 = DIRECTION('',(-9.793355819075E-02,0.99519295525));
#11587 = ( GEOMETRIC_REPRESENTATION_CONTEXT(2) 
PARAMETRIC_REPRESENTATION_CONTEXT() REPRESENTATION_CONTEXT('2D SPACE',''
  ) );
#11588 = PCURVE('',#6298,#11589);
#11589 = DEFINITIONAL_REPRESENTATION('',(#11590),#11594);
#11590 = LINE('',#11591,#11592);
#11591 = CARTESIAN_POINT('',(0.,-8.));
#11592 = VECTOR('',#11593,1.);
#11593 = DIRECTION('',(1.,0.));
#11594 = ( GEOMETRIC_REPRESENTATION_CONTEXT(2) 
PARAMETRIC_REPRESENTATION_CONTEXT() REPRESENTATION_CONTEXT('2D SPACE',''
  ) );
#11595 = ORIENTED_EDGE('',*,*,#11596,.T.);
#11596 = EDGE_CURVE('',#11574,#11597,#11599,.T.);
#11597 = VERTEX_POINT('',#11598);
#11598 = CARTESIAN_POINT('',(-6.025485738672,15.074147414258,4.));
#11599 = SURFACE_CURVE('',#11600,(#11604,#11611),.PCURVE_S1.);
#11600 = LINE('',#11601,#11602);
#11601 = CARTESIAN_POINT('',(-7.170437723465,14.564381947327,4.));
#11602 = VECTOR('',#11603,1.);
#11603 = DIRECTION('',(0.913545457643,0.406736643076,0.));
#11604 = PCURVE('',#72,#11605);
#11605 = DEFINITIONAL_REPRESENTATION('',(#11606),#11610);
#11606 = LINE('',#11607,#11608);
#11607 = CARTESIAN_POINT('',(7.170437723465,14.564381947327));
#11608 = VECTOR('',#11609,1.);
#11609 = DIRECTION('',(-0.913545457643,0.406736643076));
#11610 = ( GEOMETRIC_REPRESENTATION_CONTEXT(2) 
PARAMETRIC_REPRESENTATION_CONTEXT() REPRESENTATION_CONTEXT('2D SPACE',''
  ) );
#11611 = PCURVE('',#6326,#11612);
#11612 = DEFINITIONAL_REPRESENTATION('',(#11613),#11617);
#11613 = LINE('',#11614,#11615);
#11614 = CARTESIAN_POINT('',(0.,-8.));
#11615 = VECTOR('',#11616,1.);
#11616 = DIRECTION('',(1.,0.));
#11617 = ( GEOMETRIC_REPRESENTATION_CONTEXT(2) 
PARAMETRIC_REPRESENTATION_CONTEXT() REPRESENTATION_CONTEXT('2D SPACE',''
  ) );
#11618 = ORIENTED_EDGE('',*,*,#11619,.T.);
#11619 = EDGE_CURVE('',#11597,#11620,#11622,.T.);
#11620 = VERTEX_POINT('',#11621);
#11621 = CARTESIAN_POINT('',(-5.496162044875,14.684184136804,4.));
#11622 = SURFACE_CURVE('',#11623,(#11627,#11634),.PCURVE_S1.);
#11623 = LINE('',#11624,#11625);
#11624 = CARTESIAN_POINT('',(-6.025485738672,15.074147414258,4.));
#11625 = VECTOR('',#11626,1.);
#11626 = DIRECTION('',(0.805102836221,-0.593135248581,0.));
#11627 = PCURVE('',#72,#11628);
#11628 = DEFINITIONAL_REPRESENTATION('',(#11629),#11633);
#11629 = LINE('',#11630,#11631);
#11630 = CARTESIAN_POINT('',(6.025485738672,15.074147414258));
#11631 = VECTOR('',#11632,1.);
#11632 = DIRECTION('',(-0.805102836221,-0.593135248581));
#11633 = ( GEOMETRIC_REPRESENTATION_CONTEXT(2) 
PARAMETRIC_REPRESENTATION_CONTEXT() REPRESENTATION_CONTEXT('2D SPACE',''
  ) );
#11634 = PCURVE('',#6354,#11635);
#11635 = DEFINITIONAL_REPRESENTATION('',(#11636),#11640);
#11636 = LINE('',#11637,#11638);
#11637 = CARTESIAN_POINT('',(0.,-8.));
#11638 = VECTOR('',#11639,1.);
#11639 = DIRECTION('',(1.,0.));
#11640 = ( GEOMETRIC_REPRESENTATION_CONTEXT(2) 
PARAMETRIC_REPRESENTATION_CONTEXT() REPRESENTATION_CONTEXT('2D SPACE',''
  ) );
#11641 = ORIENTED_EDGE('',*,*,#11642,.T.);
#11642 = EDGE_CURVE('',#11620,#11643,#11645,.T.);
#11643 = VERTEX_POINT('',#11644);
#11644 = CARTESIAN_POINT('',(-5.017231956549,14.267886292596,4.));
#11645 = SURFACE_CURVE('',#11646,(#11650,#11657),.PCURVE_S1.);
#11646 = LINE('',#11647,#11648);
#11647 = CARTESIAN_POINT('',(-5.496162044875,14.684184136804,4.));
#11648 = VECTOR('',#11649,1.);
#11649 = DIRECTION('',(0.754732777055,-0.656032343135,0.));
#11650 = PCURVE('',#72,#11651);
#11651 = DEFINITIONAL_REPRESENTATION('',(#11652),#11656);
#11652 = LINE('',#11653,#11654);
#11653 = CARTESIAN_POINT('',(5.496162044875,14.684184136804));
#11654 = VECTOR('',#11655,1.);
#11655 = DIRECTION('',(-0.754732777055,-0.656032343135));
#11656 = ( GEOMETRIC_REPRESENTATION_CONTEXT(2) 
PARAMETRIC_REPRESENTATION_CONTEXT() REPRESENTATION_CONTEXT('2D SPACE',''
  ) );
#11657 = PCURVE('',#6382,#11658);
#11658 = DEFINITIONAL_REPRESENTATION('',(#11659),#11663);
#11659 = LINE('',#11660,#11661);
#11660 = CARTESIAN_POINT('',(0.,-8.));
#11661 = VECTOR('',#11662,1.);
#11662 = DIRECTION('',(1.,0.));
#11663 = ( GEOMETRIC_REPRESENTATION_CONTEXT(2) 
PARAMETRIC_REPRESENTATION_CONTEXT() REPRESENTATION_CONTEXT('2D SPACE',''
  ) );
#11664 = ORIENTED_EDGE('',*,*,#11665,.T.);
#11665 = EDGE_CURVE('',#11643,#11666,#11668,.T.);
#11666 = VERTEX_POINT('',#11667);
#11667 = CARTESIAN_POINT('',(-4.593928600606,13.826374181171,4.));
#11668 = SURFACE_CURVE('',#11669,(#11673,#11680),.PCURVE_S1.);
#11669 = LINE('',#11670,#11671);
#11670 = CARTESIAN_POINT('',(-5.017231956549,14.267886292596,4.));
#11671 = VECTOR('',#11672,1.);
#11672 = DIRECTION('',(0.692065209223,-0.721834985425,0.));
#11673 = PCURVE('',#72,#11674);
#11674 = DEFINITIONAL_REPRESENTATION('',(#11675),#11679);
#11675 = LINE('',#11676,#11677);
#11676 = CARTESIAN_POINT('',(5.017231956549,14.267886292596));
#11677 = VECTOR('',#11678,1.);
#11678 = DIRECTION('',(-0.692065209223,-0.721834985425));
#11679 = ( GEOMETRIC_REPRESENTATION_CONTEXT(2) 
PARAMETRIC_REPRESENTATION_CONTEXT() REPRESENTATION_CONTEXT('2D SPACE',''
  ) );
#11680 = PCURVE('',#6410,#11681);
#11681 = DEFINITIONAL_REPRESENTATION('',(#11682),#11686);
#11682 = LINE('',#11683,#11684);
#11683 = CARTESIAN_POINT('',(0.,-8.));
#11684 = VECTOR('',#11685,1.);
#11685 = DIRECTION('',(1.,0.));
#11686 = ( GEOMETRIC_REPRESENTATION_CONTEXT(2) 
PARAMETRIC_REPRESENTATION_CONTEXT() REPRESENTATION_CONTEXT('2D SPACE',''
  ) );
#11687 = ORIENTED_EDGE('',*,*,#11688,.T.);
#11688 = EDGE_CURVE('',#11666,#11689,#11691,.T.);
#11689 = VERTEX_POINT('',#11690);
#11690 = CARTESIAN_POINT('',(-4.23530212907,13.35956954866,4.));
#11691 = SURFACE_CURVE('',#11692,(#11696,#11703),.PCURVE_S1.);
#11692 = LINE('',#11693,#11694);
#11693 = CARTESIAN_POINT('',(-4.593928600606,13.826374181171,4.));
#11694 = VECTOR('',#11695,1.);
#11695 = DIRECTION('',(0.609226094474,-0.792996573645,0.));
#11696 = PCURVE('',#72,#11697);
#11697 = DEFINITIONAL_REPRESENTATION('',(#11698),#11702);
#11698 = LINE('',#11699,#11700);
#11699 = CARTESIAN_POINT('',(4.593928600606,13.826374181171));
#11700 = VECTOR('',#11701,1.);
#11701 = DIRECTION('',(-0.609226094474,-0.792996573645));
#11702 = ( GEOMETRIC_REPRESENTATION_CONTEXT(2) 
PARAMETRIC_REPRESENTATION_CONTEXT() REPRESENTATION_CONTEXT('2D SPACE',''
  ) );
#11703 = PCURVE('',#6438,#11704);
#11704 = DEFINITIONAL_REPRESENTATION('',(#11705),#11709);
#11705 = LINE('',#11706,#11707);
#11706 = CARTESIAN_POINT('',(0.,-8.));
#11707 = VECTOR('',#11708,1.);
#11708 = DIRECTION('',(1.,0.));
#11709 = ( GEOMETRIC_REPRESENTATION_CONTEXT(2) 
PARAMETRIC_REPRESENTATION_CONTEXT() REPRESENTATION_CONTEXT('2D SPACE',''
  ) );
#11710 = ORIENTED_EDGE('',*,*,#11711,.T.);
#11711 = EDGE_CURVE('',#11689,#11712,#11714,.T.);
#11712 = VERTEX_POINT('',#11713);
#11713 = CARTESIAN_POINT('',(-3.96815057084,12.861890055731,4.));
#11714 = SURFACE_CURVE('',#11715,(#11719,#11726),.PCURVE_S1.);
#11715 = LINE('',#11716,#11717);
#11716 = CARTESIAN_POINT('',(-4.23530212907,13.35956954866,4.));
#11717 = VECTOR('',#11718,1.);
#11718 = DIRECTION('',(0.472960692224,-0.881083528169,0.));
#11719 = PCURVE('',#72,#11720);
#11720 = DEFINITIONAL_REPRESENTATION('',(#11721),#11725);
#11721 = LINE('',#11722,#11723);
#11722 = CARTESIAN_POINT('',(4.23530212907,13.35956954866));
#11723 = VECTOR('',#11724,1.);
#11724 = DIRECTION('',(-0.472960692224,-0.881083528169));
#11725 = ( GEOMETRIC_REPRESENTATION_CONTEXT(2) 
PARAMETRIC_REPRESENTATION_CONTEXT() REPRESENTATION_CONTEXT('2D SPACE',''
  ) );
#11726 = PCURVE('',#6466,#11727);
#11727 = DEFINITIONAL_REPRESENTATION('',(#11728),#11732);
#11728 = LINE('',#11729,#11730);
#11729 = CARTESIAN_POINT('',(0.,-8.));
#11730 = VECTOR('',#11731,1.);
#11731 = DIRECTION('',(1.,0.));
#11732 = ( GEOMETRIC_REPRESENTATION_CONTEXT(2) 
PARAMETRIC_REPRESENTATION_CONTEXT() REPRESENTATION_CONTEXT('2D SPACE',''
  ) );
#11733 = ORIENTED_EDGE('',*,*,#11734,.T.);
#11734 = EDGE_CURVE('',#11712,#144,#11735,.T.);
#11735 = SURFACE_CURVE('',#11736,(#11740,#11747),.PCURVE_S1.);
#11736 = LINE('',#11737,#11738);
#11737 = CARTESIAN_POINT('',(-3.96815057084,12.861890055731,4.));
#11738 = VECTOR('',#11739,1.);
#11739 = DIRECTION('',(0.294808285791,-0.955556421479,0.));
#11740 = PCURVE('',#72,#11741);
#11741 = DEFINITIONAL_REPRESENTATION('',(#11742),#11746);
#11742 = LINE('',#11743,#11744);
#11743 = CARTESIAN_POINT('',(3.96815057084,12.861890055731));
#11744 = VECTOR('',#11745,1.);
#11745 = DIRECTION('',(-0.294808285791,-0.955556421479));
#11746 = ( GEOMETRIC_REPRESENTATION_CONTEXT(2) 
PARAMETRIC_REPRESENTATION_CONTEXT() REPRESENTATION_CONTEXT('2D SPACE',''
  ) );
#11747 = PCURVE('',#159,#11748);
#11748 = DEFINITIONAL_REPRESENTATION('',(#11749),#11753);
#11749 = LINE('',#11750,#11751);
#11750 = CARTESIAN_POINT('',(0.,-8.));
#11751 = VECTOR('',#11752,1.);
#11752 = DIRECTION('',(1.,0.));
#11753 = ( GEOMETRIC_REPRESENTATION_CONTEXT(2) 
PARAMETRIC_REPRESENTATION_CONTEXT() REPRESENTATION_CONTEXT('2D SPACE',''
  ) );
#11754 = ORIENTED_EDGE('',*,*,#171,.T.);
#11755 = FACE_BOUND('',#11756,.F.);
#11756 = EDGE_LOOP('',(#11757));
#11757 = ORIENTED_EDGE('',*,*,#11758,.T.);
#11758 = EDGE_CURVE('',#11759,#11759,#11761,.T.);
#11759 = VERTEX_POINT('',#11760);
#11760 = CARTESIAN_POINT('',(6.,-1.469576158977E-15,4.));
#11761 = SURFACE_CURVE('',#11762,(#11767,#11778),.PCURVE_S1.);
#11762 = CIRCLE('',#11763,6.);
#11763 = AXIS2_PLACEMENT_3D('',#11764,#11765,#11766);
#11764 = CARTESIAN_POINT('',(0.,0.,4.));
#11765 = DIRECTION('',(0.,0.,1.));
#11766 = DIRECTION('',(1.,0.,-0.));
#11767 = PCURVE('',#72,#11768);
#11768 = DEFINITIONAL_REPRESENTATION('',(#11769),#11777);
#11769 = ( BOUNDED_CURVE() B_SPLINE_CURVE(2,(#11770,#11771,#11772,#11773
    ,#11774,#11775,#11776),.UNSPECIFIED.,.T.,.F.) 
B_SPLINE_CURVE_WITH_KNOTS((1,2,2,2,2,1),(-2.094395102393,0.,
    2.094395102393,4.188790204786,6.28318530718,8.377580409573),
.UNSPECIFIED.) CURVE() GEOMETRIC_REPRESENTATION_ITEM() 
RATIONAL_B_SPLINE_CURVE((1.,0.5,1.,0.5,1.,0.5,1.)) REPRESENTATION_ITEM(
  '') );
#11770 = CARTESIAN_POINT('',(-6.,1.65025994544E-16));
#11771 = CARTESIAN_POINT('',(-6.,10.392304845413));
#11772 = CARTESIAN_POINT('',(3.,5.196152422707));
#11773 = CARTESIAN_POINT('',(12.,1.634602153521E-15));
#11774 = CARTESIAN_POINT('',(3.,-5.196152422707));
#11775 = CARTESIAN_POINT('',(-6.,-10.39230484541));
#11776 = CARTESIAN_POINT('',(-6.,1.65025994544E-16));
#11777 = ( GEOMETRIC_REPRESENTATION_CONTEXT(2) 
PARAMETRIC_REPRESENTATION_CONTEXT() REPRESENTATION_CONTEXT('2D SPACE',''
  ) );
#11778 = PCURVE('',#11779,#11784);
#11779 = CYLINDRICAL_SURFACE('',#11780,6.);
#11780 = AXIS2_PLACEMENT_3D('',#11781,#11782,#11783);
#11781 = CARTESIAN_POINT('',(0.,0.,3.99));
#11782 = DIRECTION('',(0.,0.,1.));
#11783 = DIRECTION('',(1.,0.,-0.));
#11784 = DEFINITIONAL_REPRESENTATION('',(#11785),#11789);
#11785 = LINE('',#11786,#11787);
#11786 = CARTESIAN_POINT('',(0.,1.E-02));
#11787 = VECTOR('',#11788,1.);
#11788 = DIRECTION('',(1.,0.));
#11789 = ( GEOMETRIC_REPRESENTATION_CONTEXT(2) 
PARAMETRIC_REPRESENTATION_CONTEXT() REPRESENTATION_CONTEXT('2D SPACE',''
  ) );
#11790 = ADVANCED_FACE('',(#11791),#159,.T.);
#11791 = FACE_BOUND('',#11792,.T.);
#11792 = EDGE_LOOP('',(#11793,#11814,#11815,#11816));
#11793 = ORIENTED_EDGE('',*,*,#11794,.T.);
#11794 = EDGE_CURVE('',#6451,#11712,#11795,.T.);
#11795 = SURFACE_CURVE('',#11796,(#11800,#11807),.PCURVE_S1.);
#11796 = LINE('',#11797,#11798);
#11797 = CARTESIAN_POINT('',(-3.96815057084,12.861890055731,-4.));
#11798 = VECTOR('',#11799,1.);
#11799 = DIRECTION('',(0.,0.,1.));
#11800 = PCURVE('',#159,#11801);
#11801 = DEFINITIONAL_REPRESENTATION('',(#11802),#11806);
#11802 = LINE('',#11803,#11804);
#11803 = CARTESIAN_POINT('',(0.,0.));
#11804 = VECTOR('',#11805,1.);
#11805 = DIRECTION('',(0.,-1.));
#11806 = ( GEOMETRIC_REPRESENTATION_CONTEXT(2) 
PARAMETRIC_REPRESENTATION_CONTEXT() REPRESENTATION_CONTEXT('2D SPACE',''
  ) );
#11807 = PCURVE('',#6466,#11808);
#11808 = DEFINITIONAL_REPRESENTATION('',(#11809),#11813);
#11809 = LINE('',#11810,#11811);
#11810 = CARTESIAN_POINT('',(0.564849389437,0.));
#11811 = VECTOR('',#11812,1.);
#11812 = DIRECTION('',(0.,-1.));
#11813 = ( GEOMETRIC_REPRESENTATION_CONTEXT(2) 
PARAMETRIC_REPRESENTATION_CONTEXT() REPRESENTATION_CONTEXT('2D SPACE',''
  ) );
#11814 = ORIENTED_EDGE('',*,*,#11734,.T.);
#11815 = ORIENTED_EDGE('',*,*,#141,.F.);
#11816 = ORIENTED_EDGE('',*,*,#6478,.F.);
#11817 = ADVANCED_FACE('',(#11818),#257,.T.);
#11818 = FACE_BOUND('',#11819,.T.);
#11819 = EDGE_LOOP('',(#11820,#11821,#11822,#11843));
#11820 = ORIENTED_EDGE('',*,*,#241,.T.);
#11821 = ORIENTED_EDGE('',*,*,#6651,.T.);
#11822 = ORIENTED_EDGE('',*,*,#11823,.F.);
#11823 = EDGE_CURVE('',#296,#6652,#11824,.T.);
#11824 = SURFACE_CURVE('',#11825,(#11829,#11836),.PCURVE_S1.);
#11825 = LINE('',#11826,#11827);
#11826 = CARTESIAN_POINT('',(-1.564685449404,13.927226647629,-4.));
#11827 = VECTOR('',#11828,1.);
#11828 = DIRECTION('',(0.,0.,1.));
#11829 = PCURVE('',#257,#11830);
#11830 = DEFINITIONAL_REPRESENTATION('',(#11831),#11835);
#11831 = LINE('',#11832,#11833);
#11832 = CARTESIAN_POINT('',(0.564849389437,0.));
#11833 = VECTOR('',#11834,1.);
#11834 = DIRECTION('',(0.,-1.));
#11835 = ( GEOMETRIC_REPRESENTATION_CONTEXT(2) 
PARAMETRIC_REPRESENTATION_CONTEXT() REPRESENTATION_CONTEXT('2D SPACE',''
  ) );
#11836 = PCURVE('',#334,#11837);
#11837 = DEFINITIONAL_REPRESENTATION('',(#11838),#11842);
#11838 = LINE('',#11839,#11840);
#11839 = CARTESIAN_POINT('',(0.,0.));
#11840 = VECTOR('',#11841,1.);
#11841 = DIRECTION('',(0.,-1.));
#11842 = ( GEOMETRIC_REPRESENTATION_CONTEXT(2) 
PARAMETRIC_REPRESENTATION_CONTEXT() REPRESENTATION_CONTEXT('2D SPACE',''
  ) );
#11843 = ORIENTED_EDGE('',*,*,#295,.F.);
#11844 = ADVANCED_FACE('',(#11845),#6466,.T.);
#11845 = FACE_BOUND('',#11846,.T.);
#11846 = EDGE_LOOP('',(#11847,#11868,#11869,#11870));
#11847 = ORIENTED_EDGE('',*,*,#11848,.T.);
#11848 = EDGE_CURVE('',#6423,#11689,#11849,.T.);
#11849 = SURFACE_CURVE('',#11850,(#11854,#11861),.PCURVE_S1.);
#11850 = LINE('',#11851,#11852);
#11851 = CARTESIAN_POINT('',(-4.23530212907,13.35956954866,-4.));
#11852 = VECTOR('',#11853,1.);
#11853 = DIRECTION('',(0.,0.,1.));
#11854 = PCURVE('',#6466,#11855);
#11855 = DEFINITIONAL_REPRESENTATION('',(#11856),#11860);
#11856 = LINE('',#11857,#11858);
#11857 = CARTESIAN_POINT('',(0.,0.));
#11858 = VECTOR('',#11859,1.);
#11859 = DIRECTION('',(0.,-1.));
#11860 = ( GEOMETRIC_REPRESENTATION_CONTEXT(2) 
PARAMETRIC_REPRESENTATION_CONTEXT() REPRESENTATION_CONTEXT('2D SPACE',''
  ) );
#11861 = PCURVE('',#6438,#11862);
#11862 = DEFINITIONAL_REPRESENTATION('',(#11863),#11867);
#11863 = LINE('',#11864,#11865);
#11864 = CARTESIAN_POINT('',(0.588659078772,0.));
#11865 = VECTOR('',#11866,1.);
#11866 = DIRECTION('',(0.,-1.));
#11867 = ( GEOMETRIC_REPRESENTATION_CONTEXT(2) 
PARAMETRIC_REPRESENTATION_CONTEXT() REPRESENTATION_CONTEXT('2D SPACE',''
  ) );
#11868 = ORIENTED_EDGE('',*,*,#11711,.T.);
#11869 = ORIENTED_EDGE('',*,*,#11794,.F.);
#11870 = ORIENTED_EDGE('',*,*,#6450,.F.);
#11871 = ADVANCED_FACE('',(#11872),#334,.T.);
#11872 = FACE_BOUND('',#11873,.T.);
#11873 = EDGE_LOOP('',(#11874,#11875,#11876,#11897));
#11874 = ORIENTED_EDGE('',*,*,#11823,.T.);
#11875 = ORIENTED_EDGE('',*,*,#6674,.T.);
#11876 = ORIENTED_EDGE('',*,*,#11877,.F.);
#11877 = EDGE_CURVE('',#319,#6675,#11878,.T.);
#11878 = SURFACE_CURVE('',#11879,(#11883,#11890),.PCURVE_S1.);
#11879 = LINE('',#11880,#11881);
#11880 = CARTESIAN_POINT('',(-1.426930414541,14.499540426417,-4.));
#11881 = VECTOR('',#11882,1.);
#11882 = DIRECTION('',(0.,0.,1.));
#11883 = PCURVE('',#334,#11884);
#11884 = DEFINITIONAL_REPRESENTATION('',(#11885),#11889);
#11885 = LINE('',#11886,#11887);
#11886 = CARTESIAN_POINT('',(0.588659078772,0.));
#11887 = VECTOR('',#11888,1.);
#11888 = DIRECTION('',(0.,-1.));
#11889 = ( GEOMETRIC_REPRESENTATION_CONTEXT(2) 
PARAMETRIC_REPRESENTATION_CONTEXT() REPRESENTATION_CONTEXT('2D SPACE',''
  ) );
#11890 = PCURVE('',#362,#11891);
#11891 = DEFINITIONAL_REPRESENTATION('',(#11892),#11896);
#11892 = LINE('',#11893,#11894);
#11893 = CARTESIAN_POINT('',(0.,0.));
#11894 = VECTOR('',#11895,1.);
#11895 = DIRECTION('',(0.,-1.));
#11896 = ( GEOMETRIC_REPRESENTATION_CONTEXT(2) 
PARAMETRIC_REPRESENTATION_CONTEXT() REPRESENTATION_CONTEXT('2D SPACE',''
  ) );
#11897 = ORIENTED_EDGE('',*,*,#318,.F.);
#11898 = ADVANCED_FACE('',(#11899),#6438,.T.);
#11899 = FACE_BOUND('',#11900,.T.);
#11900 = EDGE_LOOP('',(#11901,#11922,#11923,#11924));
#11901 = ORIENTED_EDGE('',*,*,#11902,.T.);
#11902 = EDGE_CURVE('',#6395,#11666,#11903,.T.);
#11903 = SURFACE_CURVE('',#11904,(#11908,#11915),.PCURVE_S1.);
#11904 = LINE('',#11905,#11906);
#11905 = CARTESIAN_POINT('',(-4.593928600606,13.826374181171,-4.));
#11906 = VECTOR('',#11907,1.);
#11907 = DIRECTION('',(0.,0.,1.));
#11908 = PCURVE('',#6438,#11909);
#11909 = DEFINITIONAL_REPRESENTATION('',(#11910),#11914);
#11910 = LINE('',#11911,#11912);
#11911 = CARTESIAN_POINT('',(0.,0.));
#11912 = VECTOR('',#11913,1.);
#11913 = DIRECTION('',(0.,-1.));
#11914 = ( GEOMETRIC_REPRESENTATION_CONTEXT(2) 
PARAMETRIC_REPRESENTATION_CONTEXT() REPRESENTATION_CONTEXT('2D SPACE',''
  ) );
#11915 = PCURVE('',#6410,#11916);
#11916 = DEFINITIONAL_REPRESENTATION('',(#11917),#11921);
#11917 = LINE('',#11918,#11919);
#11918 = CARTESIAN_POINT('',(0.61165241411,0.));
#11919 = VECTOR('',#11920,1.);
#11920 = DIRECTION('',(0.,-1.));
#11921 = ( GEOMETRIC_REPRESENTATION_CONTEXT(2) 
PARAMETRIC_REPRESENTATION_CONTEXT() REPRESENTATION_CONTEXT('2D SPACE',''
  ) );
#11922 = ORIENTED_EDGE('',*,*,#11688,.T.);
#11923 = ORIENTED_EDGE('',*,*,#11848,.F.);
#11924 = ORIENTED_EDGE('',*,*,#6422,.F.);
#11925 = ADVANCED_FACE('',(#11926),#362,.T.);
#11926 = FACE_BOUND('',#11927,.T.);
#11927 = EDGE_LOOP('',(#11928,#11929,#11930,#11951));
#11928 = ORIENTED_EDGE('',*,*,#11877,.T.);
#11929 = ORIENTED_EDGE('',*,*,#6697,.T.);
#11930 = ORIENTED_EDGE('',*,*,#11931,.F.);
#11931 = EDGE_CURVE('',#347,#6698,#11932,.T.);
#11932 = SURFACE_CURVE('',#11933,(#11937,#11944),.PCURVE_S1.);
#11933 = LINE('',#11934,#11935);
#11934 = CARTESIAN_POINT('',(-1.219802710593,15.075054796302,-4.));
#11935 = VECTOR('',#11936,1.);
#11936 = DIRECTION('',(0.,0.,1.));
#11937 = PCURVE('',#362,#11938);
#11938 = DEFINITIONAL_REPRESENTATION('',(#11939),#11943);
#11939 = LINE('',#11940,#11941);
#11940 = CARTESIAN_POINT('',(0.61165241411,0.));
#11941 = VECTOR('',#11942,1.);
#11942 = DIRECTION('',(0.,-1.));
#11943 = ( GEOMETRIC_REPRESENTATION_CONTEXT(2) 
PARAMETRIC_REPRESENTATION_CONTEXT() REPRESENTATION_CONTEXT('2D SPACE',''
  ) );
#11944 = PCURVE('',#390,#11945);
#11945 = DEFINITIONAL_REPRESENTATION('',(#11946),#11950);
#11946 = LINE('',#11947,#11948);
#11947 = CARTESIAN_POINT('',(0.,0.));
#11948 = VECTOR('',#11949,1.);
#11949 = DIRECTION('',(0.,-1.));
#11950 = ( GEOMETRIC_REPRESENTATION_CONTEXT(2) 
PARAMETRIC_REPRESENTATION_CONTEXT() REPRESENTATION_CONTEXT('2D SPACE',''
  ) );
#11951 = ORIENTED_EDGE('',*,*,#346,.F.);
#11952 = ADVANCED_FACE('',(#11953),#6410,.T.);
#11953 = FACE_BOUND('',#11954,.T.);
#11954 = EDGE_LOOP('',(#11955,#11976,#11977,#11978));
#11955 = ORIENTED_EDGE('',*,*,#11956,.T.);
#11956 = EDGE_CURVE('',#6367,#11643,#11957,.T.);
#11957 = SURFACE_CURVE('',#11958,(#11962,#11969),.PCURVE_S1.);
#11958 = LINE('',#11959,#11960);
#11959 = CARTESIAN_POINT('',(-5.017231956549,14.267886292596,-4.));
#11960 = VECTOR('',#11961,1.);
#11961 = DIRECTION('',(0.,0.,1.));
#11962 = PCURVE('',#6410,#11963);
#11963 = DEFINITIONAL_REPRESENTATION('',(#11964),#11968);
#11964 = LINE('',#11965,#11966);
#11965 = CARTESIAN_POINT('',(0.,0.));
#11966 = VECTOR('',#11967,1.);
#11967 = DIRECTION('',(0.,-1.));
#11968 = ( GEOMETRIC_REPRESENTATION_CONTEXT(2) 
PARAMETRIC_REPRESENTATION_CONTEXT() REPRESENTATION_CONTEXT('2D SPACE',''
  ) );
#11969 = PCURVE('',#6382,#11970);
#11970 = DEFINITIONAL_REPRESENTATION('',(#11971),#11975);
#11971 = LINE('',#11972,#11973);
#11972 = CARTESIAN_POINT('',(0.634569085755,0.));
#11973 = VECTOR('',#11974,1.);
#11974 = DIRECTION('',(0.,-1.));
#11975 = ( GEOMETRIC_REPRESENTATION_CONTEXT(2) 
PARAMETRIC_REPRESENTATION_CONTEXT() REPRESENTATION_CONTEXT('2D SPACE',''
  ) );
#11976 = ORIENTED_EDGE('',*,*,#11665,.T.);
#11977 = ORIENTED_EDGE('',*,*,#11902,.F.);
#11978 = ORIENTED_EDGE('',*,*,#6394,.F.);
#11979 = ADVANCED_FACE('',(#11980),#390,.T.);
#11980 = FACE_BOUND('',#11981,.T.);
#11981 = EDGE_LOOP('',(#11982,#11983,#11984,#12005));
#11982 = ORIENTED_EDGE('',*,*,#11931,.T.);
#11983 = ORIENTED_EDGE('',*,*,#6720,.T.);
#11984 = ORIENTED_EDGE('',*,*,#11985,.F.);
#11985 = EDGE_CURVE('',#375,#6721,#11986,.T.);
#11986 = SURFACE_CURVE('',#11987,(#11991,#11998),.PCURVE_S1.);
#11987 = LINE('',#11988,#11989);
#11988 = CARTESIAN_POINT('',(-0.951601891548,15.650160217298,-4.));
#11989 = VECTOR('',#11990,1.);
#11990 = DIRECTION('',(0.,0.,1.));
#11991 = PCURVE('',#390,#11992);
#11992 = DEFINITIONAL_REPRESENTATION('',(#11993),#11997);
#11993 = LINE('',#11994,#11995);
#11994 = CARTESIAN_POINT('',(0.634569085755,0.));
#11995 = VECTOR('',#11996,1.);
#11996 = DIRECTION('',(0.,-1.));
#11997 = ( GEOMETRIC_REPRESENTATION_CONTEXT(2) 
PARAMETRIC_REPRESENTATION_CONTEXT() REPRESENTATION_CONTEXT('2D SPACE',''
  ) );
#11998 = PCURVE('',#418,#11999);
#11999 = DEFINITIONAL_REPRESENTATION('',(#12000),#12004);
#12000 = LINE('',#12001,#12002);
#12001 = CARTESIAN_POINT('',(0.,0.));
#12002 = VECTOR('',#12003,1.);
#12003 = DIRECTION('',(0.,-1.));
#12004 = ( GEOMETRIC_REPRESENTATION_CONTEXT(2) 
PARAMETRIC_REPRESENTATION_CONTEXT() REPRESENTATION_CONTEXT('2D SPACE',''
  ) );
#12005 = ORIENTED_EDGE('',*,*,#374,.F.);
#12006 = ADVANCED_FACE('',(#12007),#6382,.T.);
#12007 = FACE_BOUND('',#12008,.T.);
#12008 = EDGE_LOOP('',(#12009,#12030,#12031,#12032));
#12009 = ORIENTED_EDGE('',*,*,#12010,.T.);
#12010 = EDGE_CURVE('',#6339,#11620,#12011,.T.);
#12011 = SURFACE_CURVE('',#12012,(#12016,#12023),.PCURVE_S1.);
#12012 = LINE('',#12013,#12014);
#12013 = CARTESIAN_POINT('',(-5.496162044875,14.684184136804,-4.));
#12014 = VECTOR('',#12015,1.);
#12015 = DIRECTION('',(0.,0.,1.));
#12016 = PCURVE('',#6382,#12017);
#12017 = DEFINITIONAL_REPRESENTATION('',(#12018),#12022);
#12018 = LINE('',#12019,#12020);
#12019 = CARTESIAN_POINT('',(0.,0.));
#12020 = VECTOR('',#12021,1.);
#12021 = DIRECTION('',(0.,-1.));
#12022 = ( GEOMETRIC_REPRESENTATION_CONTEXT(2) 
PARAMETRIC_REPRESENTATION_CONTEXT() REPRESENTATION_CONTEXT('2D SPACE',''
  ) );
#12023 = PCURVE('',#6354,#12024);
#12024 = DEFINITIONAL_REPRESENTATION('',(#12025),#12029);
#12025 = LINE('',#12026,#12027);
#12026 = CARTESIAN_POINT('',(0.657460972665,0.));
#12027 = VECTOR('',#12028,1.);
#12028 = DIRECTION('',(0.,-1.));
#12029 = ( GEOMETRIC_REPRESENTATION_CONTEXT(2) 
PARAMETRIC_REPRESENTATION_CONTEXT() REPRESENTATION_CONTEXT('2D SPACE',''
  ) );
#12030 = ORIENTED_EDGE('',*,*,#11642,.T.);
#12031 = ORIENTED_EDGE('',*,*,#11956,.F.);
#12032 = ORIENTED_EDGE('',*,*,#6366,.F.);
#12033 = ADVANCED_FACE('',(#12034),#418,.T.);
#12034 = FACE_BOUND('',#12035,.T.);
#12035 = EDGE_LOOP('',(#12036,#12037,#12038,#12059));
#12036 = ORIENTED_EDGE('',*,*,#11985,.T.);
#12037 = ORIENTED_EDGE('',*,*,#6743,.T.);
#12038 = ORIENTED_EDGE('',*,*,#12039,.F.);
#12039 = EDGE_CURVE('',#403,#6744,#12040,.T.);
#12040 = SURFACE_CURVE('',#12041,(#12045,#12052),.PCURVE_S1.);
#12041 = LINE('',#12042,#12043);
#12042 = CARTESIAN_POINT('',(-0.626652989851,16.221704740379,-4.));
#12043 = VECTOR('',#12044,1.);
#12044 = DIRECTION('',(0.,0.,1.));
#12045 = PCURVE('',#418,#12046);
#12046 = DEFINITIONAL_REPRESENTATION('',(#12047),#12051);
#12047 = LINE('',#12048,#12049);
#12048 = CARTESIAN_POINT('',(0.657460972665,0.));
#12049 = VECTOR('',#12050,1.);
#12050 = DIRECTION('',(0.,-1.));
#12051 = ( GEOMETRIC_REPRESENTATION_CONTEXT(2) 
PARAMETRIC_REPRESENTATION_CONTEXT() REPRESENTATION_CONTEXT('2D SPACE',''
  ) );
#12052 = PCURVE('',#446,#12053);
#12053 = DEFINITIONAL_REPRESENTATION('',(#12054),#12058);
#12054 = LINE('',#12055,#12056);
#12055 = CARTESIAN_POINT('',(0.,0.));
#12056 = VECTOR('',#12057,1.);
#12057 = DIRECTION('',(0.,-1.));
#12058 = ( GEOMETRIC_REPRESENTATION_CONTEXT(2) 
PARAMETRIC_REPRESENTATION_CONTEXT() REPRESENTATION_CONTEXT('2D SPACE',''
  ) );
#12059 = ORIENTED_EDGE('',*,*,#402,.F.);
#12060 = ADVANCED_FACE('',(#12061),#6354,.T.);
#12061 = FACE_BOUND('',#12062,.T.);
#12062 = EDGE_LOOP('',(#12063,#12084,#12085,#12086));
#12063 = ORIENTED_EDGE('',*,*,#12064,.T.);
#12064 = EDGE_CURVE('',#6311,#11597,#12065,.T.);
#12065 = SURFACE_CURVE('',#12066,(#12070,#12077),.PCURVE_S1.);
#12066 = LINE('',#12067,#12068);
#12067 = CARTESIAN_POINT('',(-6.025485738672,15.074147414258,-4.));
#12068 = VECTOR('',#12069,1.);
#12069 = DIRECTION('',(0.,0.,1.));
#12070 = PCURVE('',#6354,#12071);
#12071 = DEFINITIONAL_REPRESENTATION('',(#12072),#12076);
#12072 = LINE('',#12073,#12074);
#12073 = CARTESIAN_POINT('',(0.,0.));
#12074 = VECTOR('',#12075,1.);
#12075 = DIRECTION('',(0.,-1.));
#12076 = ( GEOMETRIC_REPRESENTATION_CONTEXT(2) 
PARAMETRIC_REPRESENTATION_CONTEXT() REPRESENTATION_CONTEXT('2D SPACE',''
  ) );
#12077 = PCURVE('',#6326,#12078);
#12078 = DEFINITIONAL_REPRESENTATION('',(#12079),#12083);
#12079 = LINE('',#12080,#12081);
#12080 = CARTESIAN_POINT('',(1.253305979702,0.));
#12081 = VECTOR('',#12082,1.);
#12082 = DIRECTION('',(0.,-1.));
#12083 = ( GEOMETRIC_REPRESENTATION_CONTEXT(2) 
PARAMETRIC_REPRESENTATION_CONTEXT() REPRESENTATION_CONTEXT('2D SPACE',''
  ) );
#12084 = ORIENTED_EDGE('',*,*,#11619,.T.);
#12085 = ORIENTED_EDGE('',*,*,#12010,.F.);
#12086 = ORIENTED_EDGE('',*,*,#6338,.F.);
#12087 = ADVANCED_FACE('',(#12088),#446,.T.);
#12088 = FACE_BOUND('',#12089,.T.);
#12089 = EDGE_LOOP('',(#12090,#12091,#12092,#12113));
#12090 = ORIENTED_EDGE('',*,*,#12039,.T.);
#12091 = ORIENTED_EDGE('',*,*,#6766,.T.);
#12092 = ORIENTED_EDGE('',*,*,#12093,.F.);
#12093 = EDGE_CURVE('',#431,#6767,#12094,.T.);
#12094 = SURFACE_CURVE('',#12095,(#12099,#12106),.PCURVE_S1.);
#12095 = LINE('',#12096,#12097);
#12096 = CARTESIAN_POINT('',(0.626652989851,16.221704740379,-4.));
#12097 = VECTOR('',#12098,1.);
#12098 = DIRECTION('',(0.,0.,1.));
#12099 = PCURVE('',#446,#12100);
#12100 = DEFINITIONAL_REPRESENTATION('',(#12101),#12105);
#12101 = LINE('',#12102,#12103);
#12102 = CARTESIAN_POINT('',(1.253305979702,0.));
#12103 = VECTOR('',#12104,1.);
#12104 = DIRECTION('',(0.,-1.));
#12105 = ( GEOMETRIC_REPRESENTATION_CONTEXT(2) 
PARAMETRIC_REPRESENTATION_CONTEXT() REPRESENTATION_CONTEXT('2D SPACE',''
  ) );
#12106 = PCURVE('',#474,#12107);
#12107 = DEFINITIONAL_REPRESENTATION('',(#12108),#12112);
#12108 = LINE('',#12109,#12110);
#12109 = CARTESIAN_POINT('',(0.,0.));
#12110 = VECTOR('',#12111,1.);
#12111 = DIRECTION('',(0.,-1.));
#12112 = ( GEOMETRIC_REPRESENTATION_CONTEXT(2) 
PARAMETRIC_REPRESENTATION_CONTEXT() REPRESENTATION_CONTEXT('2D SPACE',''
  ) );
#12113 = ORIENTED_EDGE('',*,*,#430,.F.);
#12114 = ADVANCED_FACE('',(#12115),#6326,.T.);
#12115 = FACE_BOUND('',#12116,.T.);
#12116 = EDGE_LOOP('',(#12117,#12138,#12139,#12140));
#12117 = ORIENTED_EDGE('',*,*,#12118,.T.);
#12118 = EDGE_CURVE('',#6283,#11574,#12119,.T.);
#12119 = SURFACE_CURVE('',#12120,(#12124,#12131),.PCURVE_S1.);
#12120 = LINE('',#12121,#12122);
#12121 = CARTESIAN_POINT('',(-7.170437723465,14.564381947327,-4.));
#12122 = VECTOR('',#12123,1.);
#12123 = DIRECTION('',(0.,0.,1.));
#12124 = PCURVE('',#6326,#12125);
#12125 = DEFINITIONAL_REPRESENTATION('',(#12126),#12130);
#12126 = LINE('',#12127,#12128);
#12127 = CARTESIAN_POINT('',(0.,0.));
#12128 = VECTOR('',#12129,1.);
#12129 = DIRECTION('',(0.,-1.));
#12130 = ( GEOMETRIC_REPRESENTATION_CONTEXT(2) 
PARAMETRIC_REPRESENTATION_CONTEXT() REPRESENTATION_CONTEXT('2D SPACE',''
  ) );
#12131 = PCURVE('',#6298,#12132);
#12132 = DEFINITIONAL_REPRESENTATION('',(#12133),#12137);
#12133 = LINE('',#12134,#12135);
#12134 = CARTESIAN_POINT('',(0.657460972665,0.));
#12135 = VECTOR('',#12136,1.);
#12136 = DIRECTION('',(0.,-1.));
#12137 = ( GEOMETRIC_REPRESENTATION_CONTEXT(2) 
PARAMETRIC_REPRESENTATION_CONTEXT() REPRESENTATION_CONTEXT('2D SPACE',''
  ) );
#12138 = ORIENTED_EDGE('',*,*,#11596,.T.);
#12139 = ORIENTED_EDGE('',*,*,#12064,.F.);
#12140 = ORIENTED_EDGE('',*,*,#6310,.F.);
#12141 = ADVANCED_FACE('',(#12142),#474,.T.);
#12142 = FACE_BOUND('',#12143,.T.);
#12143 = EDGE_LOOP('',(#12144,#12145,#12146,#12167));
#12144 = ORIENTED_EDGE('',*,*,#12093,.T.);
#12145 = ORIENTED_EDGE('',*,*,#6789,.T.);
#12146 = ORIENTED_EDGE('',*,*,#12147,.F.);
#12147 = EDGE_CURVE('',#459,#6790,#12148,.T.);
#12148 = SURFACE_CURVE('',#12149,(#12153,#12160),.PCURVE_S1.);
#12149 = LINE('',#12150,#12151);
#12150 = CARTESIAN_POINT('',(0.951601891548,15.650160217298,-4.));
#12151 = VECTOR('',#12152,1.);
#12152 = DIRECTION('',(0.,0.,1.));
#12153 = PCURVE('',#474,#12154);
#12154 = DEFINITIONAL_REPRESENTATION('',(#12155),#12159);
#12155 = LINE('',#12156,#12157);
#12156 = CARTESIAN_POINT('',(0.657460972665,0.));
#12157 = VECTOR('',#12158,1.);
#12158 = DIRECTION('',(0.,-1.));
#12159 = ( GEOMETRIC_REPRESENTATION_CONTEXT(2) 
PARAMETRIC_REPRESENTATION_CONTEXT() REPRESENTATION_CONTEXT('2D SPACE',''
  ) );
#12160 = PCURVE('',#502,#12161);
#12161 = DEFINITIONAL_REPRESENTATION('',(#12162),#12166);
#12162 = LINE('',#12163,#12164);
#12163 = CARTESIAN_POINT('',(0.,0.));
#12164 = VECTOR('',#12165,1.);
#12165 = DIRECTION('',(0.,-1.));
#12166 = ( GEOMETRIC_REPRESENTATION_CONTEXT(2) 
PARAMETRIC_REPRESENTATION_CONTEXT() REPRESENTATION_CONTEXT('2D SPACE',''
  ) );
#12167 = ORIENTED_EDGE('',*,*,#458,.F.);
#12168 = ADVANCED_FACE('',(#12169),#6298,.T.);
#12169 = FACE_BOUND('',#12170,.T.);
#12170 = EDGE_LOOP('',(#12171,#12192,#12193,#12194));
#12171 = ORIENTED_EDGE('',*,*,#12172,.T.);
#12172 = EDGE_CURVE('',#6255,#11551,#12173,.T.);
#12173 = SURFACE_CURVE('',#12174,(#12178,#12185),.PCURVE_S1.);
#12174 = LINE('',#12175,#12176);
#12175 = CARTESIAN_POINT('',(-7.23482521589,13.910081418979,-4.));
#12176 = VECTOR('',#12177,1.);
#12177 = DIRECTION('',(0.,0.,1.));
#12178 = PCURVE('',#6298,#12179);
#12179 = DEFINITIONAL_REPRESENTATION('',(#12180),#12184);
#12180 = LINE('',#12181,#12182);
#12181 = CARTESIAN_POINT('',(0.,0.));
#12182 = VECTOR('',#12183,1.);
#12183 = DIRECTION('',(0.,-1.));
#12184 = ( GEOMETRIC_REPRESENTATION_CONTEXT(2) 
PARAMETRIC_REPRESENTATION_CONTEXT() REPRESENTATION_CONTEXT('2D SPACE',''
  ) );
#12185 = PCURVE('',#6270,#12186);
#12186 = DEFINITIONAL_REPRESENTATION('',(#12187),#12191);
#12187 = LINE('',#12188,#12189);
#12188 = CARTESIAN_POINT('',(0.634569085755,0.));
#12189 = VECTOR('',#12190,1.);
#12190 = DIRECTION('',(0.,-1.));
#12191 = ( GEOMETRIC_REPRESENTATION_CONTEXT(2) 
PARAMETRIC_REPRESENTATION_CONTEXT() REPRESENTATION_CONTEXT('2D SPACE',''
  ) );
#12192 = ORIENTED_EDGE('',*,*,#11573,.T.);
#12193 = ORIENTED_EDGE('',*,*,#12118,.F.);
#12194 = ORIENTED_EDGE('',*,*,#6282,.F.);
#12195 = ADVANCED_FACE('',(#12196),#502,.T.);
#12196 = FACE_BOUND('',#12197,.T.);
#12197 = EDGE_LOOP('',(#12198,#12199,#12200,#12221));
#12198 = ORIENTED_EDGE('',*,*,#12147,.T.);
#12199 = ORIENTED_EDGE('',*,*,#6812,.T.);
#12200 = ORIENTED_EDGE('',*,*,#12201,.F.);
#12201 = EDGE_CURVE('',#487,#6813,#12202,.T.);
#12202 = SURFACE_CURVE('',#12203,(#12207,#12214),.PCURVE_S1.);
#12203 = LINE('',#12204,#12205);
#12204 = CARTESIAN_POINT('',(1.219802710593,15.075054796302,-4.));
#12205 = VECTOR('',#12206,1.);
#12206 = DIRECTION('',(0.,0.,1.));
#12207 = PCURVE('',#502,#12208);
#12208 = DEFINITIONAL_REPRESENTATION('',(#12209),#12213);
#12209 = LINE('',#12210,#12211);
#12210 = CARTESIAN_POINT('',(0.634569085755,0.));
#12211 = VECTOR('',#12212,1.);
#12212 = DIRECTION('',(0.,-1.));
#12213 = ( GEOMETRIC_REPRESENTATION_CONTEXT(2) 
PARAMETRIC_REPRESENTATION_CONTEXT() REPRESENTATION_CONTEXT('2D SPACE',''
  ) );
#12214 = PCURVE('',#530,#12215);
#12215 = DEFINITIONAL_REPRESENTATION('',(#12216),#12220);
#12216 = LINE('',#12217,#12218);
#12217 = CARTESIAN_POINT('',(0.,0.));
#12218 = VECTOR('',#12219,1.);
#12219 = DIRECTION('',(0.,-1.));
#12220 = ( GEOMETRIC_REPRESENTATION_CONTEXT(2) 
PARAMETRIC_REPRESENTATION_CONTEXT() REPRESENTATION_CONTEXT('2D SPACE',''
  ) );
#12221 = ORIENTED_EDGE('',*,*,#486,.F.);
#12222 = ADVANCED_FACE('',(#12223),#6270,.T.);
#12223 = FACE_BOUND('',#12224,.T.);
#12224 = EDGE_LOOP('',(#12225,#12246,#12247,#12248));
#12225 = ORIENTED_EDGE('',*,*,#12226,.T.);
#12226 = EDGE_CURVE('',#6227,#11528,#12227,.T.);
#12227 = SURFACE_CURVE('',#12228,(#12232,#12239),.PCURVE_S1.);
#12228 = LINE('',#12229,#12230);
#12229 = CARTESIAN_POINT('',(-7.245922407513,13.275609373153,-4.));
#12230 = VECTOR('',#12231,1.);
#12231 = DIRECTION('',(0.,0.,1.));
#12232 = PCURVE('',#6270,#12233);
#12233 = DEFINITIONAL_REPRESENTATION('',(#12234),#12238);
#12234 = LINE('',#12235,#12236);
#12235 = CARTESIAN_POINT('',(0.,0.));
#12236 = VECTOR('',#12237,1.);
#12237 = DIRECTION('',(0.,-1.));
#12238 = ( GEOMETRIC_REPRESENTATION_CONTEXT(2) 
PARAMETRIC_REPRESENTATION_CONTEXT() REPRESENTATION_CONTEXT('2D SPACE',''
  ) );
#12239 = PCURVE('',#6242,#12240);
#12240 = DEFINITIONAL_REPRESENTATION('',(#12241),#12245);
#12241 = LINE('',#12242,#12243);
#12242 = CARTESIAN_POINT('',(0.61165241411,0.));
#12243 = VECTOR('',#12244,1.);
#12244 = DIRECTION('',(0.,-1.));
#12245 = ( GEOMETRIC_REPRESENTATION_CONTEXT(2) 
PARAMETRIC_REPRESENTATION_CONTEXT() REPRESENTATION_CONTEXT('2D SPACE',''
  ) );
#12246 = ORIENTED_EDGE('',*,*,#11550,.T.);
#12247 = ORIENTED_EDGE('',*,*,#12172,.F.);
#12248 = ORIENTED_EDGE('',*,*,#6254,.F.);
#12249 = ADVANCED_FACE('',(#12250),#530,.T.);
#12250 = FACE_BOUND('',#12251,.T.);
#12251 = EDGE_LOOP('',(#12252,#12253,#12254,#12275));
#12252 = ORIENTED_EDGE('',*,*,#12201,.T.);
#12253 = ORIENTED_EDGE('',*,*,#6835,.T.);
#12254 = ORIENTED_EDGE('',*,*,#12255,.F.);
#12255 = EDGE_CURVE('',#515,#6836,#12256,.T.);
#12256 = SURFACE_CURVE('',#12257,(#12261,#12268),.PCURVE_S1.);
#12257 = LINE('',#12258,#12259);
#12258 = CARTESIAN_POINT('',(1.426930414541,14.499540426417,-4.));
#12259 = VECTOR('',#12260,1.);
#12260 = DIRECTION('',(0.,0.,1.));
#12261 = PCURVE('',#530,#12262);
#12262 = DEFINITIONAL_REPRESENTATION('',(#12263),#12267);
#12263 = LINE('',#12264,#12265);
#12264 = CARTESIAN_POINT('',(0.61165241411,0.));
#12265 = VECTOR('',#12266,1.);
#12266 = DIRECTION('',(0.,-1.));
#12267 = ( GEOMETRIC_REPRESENTATION_CONTEXT(2) 
PARAMETRIC_REPRESENTATION_CONTEXT() REPRESENTATION_CONTEXT('2D SPACE',''
  ) );
#12268 = PCURVE('',#558,#12269);
#12269 = DEFINITIONAL_REPRESENTATION('',(#12270),#12274);
#12270 = LINE('',#12271,#12272);
#12271 = CARTESIAN_POINT('',(0.,0.));
#12272 = VECTOR('',#12273,1.);
#12273 = DIRECTION('',(0.,-1.));
#12274 = ( GEOMETRIC_REPRESENTATION_CONTEXT(2) 
PARAMETRIC_REPRESENTATION_CONTEXT() REPRESENTATION_CONTEXT('2D SPACE',''
  ) );
#12275 = ORIENTED_EDGE('',*,*,#514,.F.);
#12276 = ADVANCED_FACE('',(#12277),#6242,.T.);
#12277 = FACE_BOUND('',#12278,.T.);
#12278 = EDGE_LOOP('',(#12279,#12300,#12301,#12302));
#12279 = ORIENTED_EDGE('',*,*,#12280,.T.);
#12280 = EDGE_CURVE('',#6199,#11505,#12281,.T.);
#12281 = SURFACE_CURVE('',#12282,(#12286,#12293),.PCURVE_S1.);
#12282 = LINE('',#12283,#12284);
#12283 = CARTESIAN_POINT('',(-7.201060197759,12.665604407745,-4.));
#12284 = VECTOR('',#12285,1.);
#12285 = DIRECTION('',(0.,0.,1.));
#12286 = PCURVE('',#6242,#12287);
#12287 = DEFINITIONAL_REPRESENTATION('',(#12288),#12292);
#12288 = LINE('',#12289,#12290);
#12289 = CARTESIAN_POINT('',(0.,0.));
#12290 = VECTOR('',#12291,1.);
#12291 = DIRECTION('',(0.,-1.));
#12292 = ( GEOMETRIC_REPRESENTATION_CONTEXT(2) 
PARAMETRIC_REPRESENTATION_CONTEXT() REPRESENTATION_CONTEXT('2D SPACE',''
  ) );
#12293 = PCURVE('',#6214,#12294);
#12294 = DEFINITIONAL_REPRESENTATION('',(#12295),#12299);
#12295 = LINE('',#12296,#12297);
#12296 = CARTESIAN_POINT('',(0.588659078772,0.));
#12297 = VECTOR('',#12298,1.);
#12298 = DIRECTION('',(0.,-1.));
#12299 = ( GEOMETRIC_REPRESENTATION_CONTEXT(2) 
PARAMETRIC_REPRESENTATION_CONTEXT() REPRESENTATION_CONTEXT('2D SPACE',''
  ) );
#12300 = ORIENTED_EDGE('',*,*,#11527,.T.);
#12301 = ORIENTED_EDGE('',*,*,#12226,.F.);
#12302 = ORIENTED_EDGE('',*,*,#6226,.F.);
#12303 = ADVANCED_FACE('',(#12304),#558,.T.);
#12304 = FACE_BOUND('',#12305,.T.);
#12305 = EDGE_LOOP('',(#12306,#12307,#12308,#12329));
#12306 = ORIENTED_EDGE('',*,*,#12255,.T.);
#12307 = ORIENTED_EDGE('',*,*,#6858,.T.);
#12308 = ORIENTED_EDGE('',*,*,#12309,.F.);
#12309 = EDGE_CURVE('',#543,#6859,#12310,.T.);
#12310 = SURFACE_CURVE('',#12311,(#12315,#12322),.PCURVE_S1.);
#12311 = LINE('',#12312,#12313);
#12312 = CARTESIAN_POINT('',(1.564685449404,13.927226647629,-4.));
#12313 = VECTOR('',#12314,1.);
#12314 = DIRECTION('',(0.,0.,1.));
#12315 = PCURVE('',#558,#12316);
#12316 = DEFINITIONAL_REPRESENTATION('',(#12317),#12321);
#12317 = LINE('',#12318,#12319);
#12318 = CARTESIAN_POINT('',(0.588659078772,0.));
#12319 = VECTOR('',#12320,1.);
#12320 = DIRECTION('',(0.,-1.));
#12321 = ( GEOMETRIC_REPRESENTATION_CONTEXT(2) 
PARAMETRIC_REPRESENTATION_CONTEXT() REPRESENTATION_CONTEXT('2D SPACE',''
  ) );
#12322 = PCURVE('',#586,#12323);
#12323 = DEFINITIONAL_REPRESENTATION('',(#12324),#12328);
#12324 = LINE('',#12325,#12326);
#12325 = CARTESIAN_POINT('',(0.,0.));
#12326 = VECTOR('',#12327,1.);
#12327 = DIRECTION('',(0.,-1.));
#12328 = ( GEOMETRIC_REPRESENTATION_CONTEXT(2) 
PARAMETRIC_REPRESENTATION_CONTEXT() REPRESENTATION_CONTEXT('2D SPACE',''
  ) );
#12329 = ORIENTED_EDGE('',*,*,#542,.F.);
#12330 = ADVANCED_FACE('',(#12331),#6214,.T.);
#12331 = FACE_BOUND('',#12332,.T.);
#12332 = EDGE_LOOP('',(#12333,#12354,#12355,#12356));
#12333 = ORIENTED_EDGE('',*,*,#12334,.T.);
#12334 = EDGE_CURVE('',#6171,#11482,#12335,.T.);
#12335 = SURFACE_CURVE('',#12336,(#12340,#12347),.PCURVE_S1.);
#12336 = LINE('',#12337,#12338);
#12337 = CARTESIAN_POINT('',(-7.094124698955,12.08673973434,-4.));
#12338 = VECTOR('',#12339,1.);
#12339 = DIRECTION('',(0.,0.,1.));
#12340 = PCURVE('',#6214,#12341);
#12341 = DEFINITIONAL_REPRESENTATION('',(#12342),#12346);
#12342 = LINE('',#12343,#12344);
#12343 = CARTESIAN_POINT('',(0.,0.));
#12344 = VECTOR('',#12345,1.);
#12345 = DIRECTION('',(0.,-1.));
#12346 = ( GEOMETRIC_REPRESENTATION_CONTEXT(2) 
PARAMETRIC_REPRESENTATION_CONTEXT() REPRESENTATION_CONTEXT('2D SPACE',''
  ) );
#12347 = PCURVE('',#6186,#12348);
#12348 = DEFINITIONAL_REPRESENTATION('',(#12349),#12353);
#12349 = LINE('',#12350,#12351);
#12350 = CARTESIAN_POINT('',(0.564849389437,0.));
#12351 = VECTOR('',#12352,1.);
#12352 = DIRECTION('',(0.,-1.));
#12353 = ( GEOMETRIC_REPRESENTATION_CONTEXT(2) 
PARAMETRIC_REPRESENTATION_CONTEXT() REPRESENTATION_CONTEXT('2D SPACE',''
  ) );
#12354 = ORIENTED_EDGE('',*,*,#11504,.T.);
#12355 = ORIENTED_EDGE('',*,*,#12280,.F.);
#12356 = ORIENTED_EDGE('',*,*,#6198,.F.);
#12357 = ADVANCED_FACE('',(#12358),#586,.T.);
#12358 = FACE_BOUND('',#12359,.T.);
#12359 = EDGE_LOOP('',(#12360,#12361,#12362,#12383));
#12360 = ORIENTED_EDGE('',*,*,#12309,.T.);
#12361 = ORIENTED_EDGE('',*,*,#6881,.T.);
#12362 = ORIENTED_EDGE('',*,*,#12363,.F.);
#12363 = EDGE_CURVE('',#571,#6882,#12364,.T.);
#12364 = SURFACE_CURVE('',#12365,(#12369,#12376),.PCURVE_S1.);
#12365 = LINE('',#12366,#12367);
#12366 = CARTESIAN_POINT('',(1.606316055646,13.363913479514,-4.));
#12367 = VECTOR('',#12368,1.);
#12368 = DIRECTION('',(0.,0.,1.));
#12369 = PCURVE('',#586,#12370);
#12370 = DEFINITIONAL_REPRESENTATION('',(#12371),#12375);
#12371 = LINE('',#12372,#12373);
#12372 = CARTESIAN_POINT('',(0.564849389437,0.));
#12373 = VECTOR('',#12374,1.);
#12374 = DIRECTION('',(0.,-1.));
#12375 = ( GEOMETRIC_REPRESENTATION_CONTEXT(2) 
PARAMETRIC_REPRESENTATION_CONTEXT() REPRESENTATION_CONTEXT('2D SPACE',''
  ) );
#12376 = PCURVE('',#614,#12377);
#12377 = DEFINITIONAL_REPRESENTATION('',(#12378),#12382);
#12378 = LINE('',#12379,#12380);
#12379 = CARTESIAN_POINT('',(0.,0.));
#12380 = VECTOR('',#12381,1.);
#12381 = DIRECTION('',(0.,-1.));
#12382 = ( GEOMETRIC_REPRESENTATION_CONTEXT(2) 
PARAMETRIC_REPRESENTATION_CONTEXT() REPRESENTATION_CONTEXT('2D SPACE',''
  ) );
#12383 = ORIENTED_EDGE('',*,*,#570,.F.);
#12384 = ADVANCED_FACE('',(#12385),#6186,.T.);
#12385 = FACE_BOUND('',#12386,.T.);
#12386 = EDGE_LOOP('',(#12387,#12408,#12409,#12410));
#12387 = ORIENTED_EDGE('',*,*,#12388,.T.);
#12388 = EDGE_CURVE('',#6143,#11459,#12389,.T.);
#12389 = SURFACE_CURVE('',#12390,(#12394,#12401),.PCURVE_S1.);
#12390 = LINE('',#12391,#12392);
#12391 = CARTESIAN_POINT('',(-6.903036043186,11.555194855347,-4.));
#12392 = VECTOR('',#12393,1.);
#12393 = DIRECTION('',(0.,0.,1.));
#12394 = PCURVE('',#6186,#12395);
#12395 = DEFINITIONAL_REPRESENTATION('',(#12396),#12400);
#12396 = LINE('',#12397,#12398);
#12397 = CARTESIAN_POINT('',(0.,0.));
#12398 = VECTOR('',#12399,1.);
#12399 = DIRECTION('',(0.,-1.));
#12400 = ( GEOMETRIC_REPRESENTATION_CONTEXT(2) 
PARAMETRIC_REPRESENTATION_CONTEXT() REPRESENTATION_CONTEXT('2D SPACE',''
  ) );
#12401 = PCURVE('',#6158,#12402);
#12402 = DEFINITIONAL_REPRESENTATION('',(#12403),#12407);
#12403 = LINE('',#12404,#12405);
#12404 = CARTESIAN_POINT('',(1.523484570763,0.));
#12405 = VECTOR('',#12406,1.);
#12406 = DIRECTION('',(0.,-1.));
#12407 = ( GEOMETRIC_REPRESENTATION_CONTEXT(2) 
PARAMETRIC_REPRESENTATION_CONTEXT() REPRESENTATION_CONTEXT('2D SPACE',''
  ) );
#12408 = ORIENTED_EDGE('',*,*,#11481,.T.);
#12409 = ORIENTED_EDGE('',*,*,#12334,.F.);
#12410 = ORIENTED_EDGE('',*,*,#6170,.F.);
#12411 = ADVANCED_FACE('',(#12412),#614,.T.);
#12412 = FACE_BOUND('',#12413,.T.);
#12413 = EDGE_LOOP('',(#12414,#12415,#12416,#12437));
#12414 = ORIENTED_EDGE('',*,*,#12363,.T.);
#12415 = ORIENTED_EDGE('',*,*,#6904,.T.);
#12416 = ORIENTED_EDGE('',*,*,#12417,.F.);
#12417 = EDGE_CURVE('',#599,#6905,#12418,.T.);
#12418 = SURFACE_CURVE('',#12419,(#12423,#12430),.PCURVE_S1.);
#12419 = LINE('',#12420,#12421);
#12420 = CARTESIAN_POINT('',(1.424504868324,11.851316398492,-4.));
#12421 = VECTOR('',#12422,1.);
#12422 = DIRECTION('',(0.,0.,1.));
#12423 = PCURVE('',#614,#12424);
#12424 = DEFINITIONAL_REPRESENTATION('',(#12425),#12429);
#12425 = LINE('',#12426,#12427);
#12426 = CARTESIAN_POINT('',(1.523484570763,0.));
#12427 = VECTOR('',#12428,1.);
#12428 = DIRECTION('',(0.,-1.));
#12429 = ( GEOMETRIC_REPRESENTATION_CONTEXT(2) 
PARAMETRIC_REPRESENTATION_CONTEXT() REPRESENTATION_CONTEXT('2D SPACE',''
  ) );
#12430 = PCURVE('',#642,#12431);
#12431 = DEFINITIONAL_REPRESENTATION('',(#12432),#12436);
#12432 = LINE('',#12433,#12434);
#12433 = CARTESIAN_POINT('',(0.,0.));
#12434 = VECTOR('',#12435,1.);
#12435 = DIRECTION('',(0.,-1.));
#12436 = ( GEOMETRIC_REPRESENTATION_CONTEXT(2) 
PARAMETRIC_REPRESENTATION_CONTEXT() REPRESENTATION_CONTEXT('2D SPACE',''
  ) );
#12437 = ORIENTED_EDGE('',*,*,#598,.F.);
#12438 = ADVANCED_FACE('',(#12439),#6158,.T.);
#12439 = FACE_BOUND('',#12440,.T.);
#12440 = EDGE_LOOP('',(#12441,#12462,#12463,#12464));
#12441 = ORIENTED_EDGE('',*,*,#12442,.T.);
#12442 = EDGE_CURVE('',#6115,#11436,#12443,.T.);
#12443 = SURFACE_CURVE('',#12444,(#12448,#12455),.PCURVE_S1.);
#12444 = LINE('',#12445,#12446);
#12445 = CARTESIAN_POINT('',(-6.121714599799,10.24731793474,-4.));
#12446 = VECTOR('',#12447,1.);
#12447 = DIRECTION('',(0.,0.,1.));
#12448 = PCURVE('',#6158,#12449);
#12449 = DEFINITIONAL_REPRESENTATION('',(#12450),#12454);
#12450 = LINE('',#12451,#12452);
#12451 = CARTESIAN_POINT('',(0.,0.));
#12452 = VECTOR('',#12453,1.);
#12453 = DIRECTION('',(0.,-1.));
#12454 = ( GEOMETRIC_REPRESENTATION_CONTEXT(2) 
PARAMETRIC_REPRESENTATION_CONTEXT() REPRESENTATION_CONTEXT('2D SPACE',''
  ) );
#12455 = PCURVE('',#6130,#12456);
#12456 = DEFINITIONAL_REPRESENTATION('',(#12457),#12461);
#12457 = LINE('',#12458,#12459);
#12458 = CARTESIAN_POINT('',(1.071731710829,0.));
#12459 = VECTOR('',#12460,1.);
#12460 = DIRECTION('',(0.,-1.));
#12461 = ( GEOMETRIC_REPRESENTATION_CONTEXT(2) 
PARAMETRIC_REPRESENTATION_CONTEXT() REPRESENTATION_CONTEXT('2D SPACE',''
  ) );
#12462 = ORIENTED_EDGE('',*,*,#11458,.T.);
#12463 = ORIENTED_EDGE('',*,*,#12388,.F.);
#12464 = ORIENTED_EDGE('',*,*,#6142,.F.);
#12465 = ADVANCED_FACE('',(#12466),#642,.T.);
#12466 = FACE_BOUND('',#12467,.T.);
#12467 = EDGE_LOOP('',(#12468,#12469,#12470,#12491));
#12468 = ORIENTED_EDGE('',*,*,#12417,.T.);
#12469 = ORIENTED_EDGE('',*,*,#6927,.T.);
#12470 = ORIENTED_EDGE('',*,*,#12471,.F.);
#12471 = EDGE_CURVE('',#627,#6928,#12472,.T.);
#12472 = SURFACE_CURVE('',#12473,(#12477,#12484),.PCURVE_S1.);
#12473 = LINE('',#12474,#12475);
#12474 = CARTESIAN_POINT('',(2.481762999018,11.67577692977,-4.));
#12475 = VECTOR('',#12476,1.);
#12476 = DIRECTION('',(0.,0.,1.));
#12477 = PCURVE('',#642,#12478);
#12478 = DEFINITIONAL_REPRESENTATION('',(#12479),#12483);
#12479 = LINE('',#12480,#12481);
#12480 = CARTESIAN_POINT('',(1.071731710829,0.));
#12481 = VECTOR('',#12482,1.);
#12482 = DIRECTION('',(0.,-1.));
#12483 = ( GEOMETRIC_REPRESENTATION_CONTEXT(2) 
PARAMETRIC_REPRESENTATION_CONTEXT() REPRESENTATION_CONTEXT('2D SPACE',''
  ) );
#12484 = PCURVE('',#670,#12485);
#12485 = DEFINITIONAL_REPRESENTATION('',(#12486),#12490);
#12486 = LINE('',#12487,#12488);
#12487 = CARTESIAN_POINT('',(0.,0.));
#12488 = VECTOR('',#12489,1.);
#12489 = DIRECTION('',(0.,-1.));
#12490 = ( GEOMETRIC_REPRESENTATION_CONTEXT(2) 
PARAMETRIC_REPRESENTATION_CONTEXT() REPRESENTATION_CONTEXT('2D SPACE',''
  ) );
#12491 = ORIENTED_EDGE('',*,*,#626,.F.);
#12492 = ADVANCED_FACE('',(#12493),#6130,.T.);
#12493 = FACE_BOUND('',#12494,.T.);
#12494 = EDGE_LOOP('',(#12495,#12516,#12517,#12518));
#12495 = ORIENTED_EDGE('',*,*,#12496,.T.);
#12496 = EDGE_CURVE('',#6087,#11413,#12497,.T.);
#12497 = SURFACE_CURVE('',#12498,(#12502,#12509),.PCURVE_S1.);
#12498 = LINE('',#12499,#12500);
#12499 = CARTESIAN_POINT('',(-7.016169628415,9.656929027509,-4.));
#12500 = VECTOR('',#12501,1.);
#12501 = DIRECTION('',(0.,0.,1.));
#12502 = PCURVE('',#6130,#12503);
#12503 = DEFINITIONAL_REPRESENTATION('',(#12504),#12508);
#12504 = LINE('',#12505,#12506);
#12505 = CARTESIAN_POINT('',(0.,0.));
#12506 = VECTOR('',#12507,1.);
#12507 = DIRECTION('',(0.,-1.));
#12508 = ( GEOMETRIC_REPRESENTATION_CONTEXT(2) 
PARAMETRIC_REPRESENTATION_CONTEXT() REPRESENTATION_CONTEXT('2D SPACE',''
  ) );
#12509 = PCURVE('',#6102,#12510);
#12510 = DEFINITIONAL_REPRESENTATION('',(#12511),#12515);
#12511 = LINE('',#12512,#12513);
#12512 = CARTESIAN_POINT('',(1.071731710829,0.));
#12513 = VECTOR('',#12514,1.);
#12514 = DIRECTION('',(0.,-1.));
#12515 = ( GEOMETRIC_REPRESENTATION_CONTEXT(2) 
PARAMETRIC_REPRESENTATION_CONTEXT() REPRESENTATION_CONTEXT('2D SPACE',''
  ) );
#12516 = ORIENTED_EDGE('',*,*,#11435,.T.);
#12517 = ORIENTED_EDGE('',*,*,#12442,.F.);
#12518 = ORIENTED_EDGE('',*,*,#6114,.F.);
#12519 = ADVANCED_FACE('',(#12520),#670,.T.);
#12520 = FACE_BOUND('',#12521,.T.);
#12521 = EDGE_LOOP('',(#12522,#12523,#12524,#12545));
#12522 = ORIENTED_EDGE('',*,*,#12471,.T.);
#12523 = ORIENTED_EDGE('',*,*,#6950,.T.);
#12524 = ORIENTED_EDGE('',*,*,#12525,.F.);
#12525 = EDGE_CURVE('',#655,#6951,#12526,.T.);
#12526 = SURFACE_CURVE('',#12527,(#12531,#12538),.PCURVE_S1.);
#12527 = LINE('',#12528,#12529);
#12528 = CARTESIAN_POINT('',(3.519014696104,11.406114591115,-4.));
#12529 = VECTOR('',#12530,1.);
#12530 = DIRECTION('',(0.,0.,1.));
#12531 = PCURVE('',#670,#12532);
#12532 = DEFINITIONAL_REPRESENTATION('',(#12533),#12537);
#12533 = LINE('',#12534,#12535);
#12534 = CARTESIAN_POINT('',(1.071731710829,0.));
#12535 = VECTOR('',#12536,1.);
#12536 = DIRECTION('',(0.,-1.));
#12537 = ( GEOMETRIC_REPRESENTATION_CONTEXT(2) 
PARAMETRIC_REPRESENTATION_CONTEXT() REPRESENTATION_CONTEXT('2D SPACE',''
  ) );
#12538 = PCURVE('',#698,#12539);
#12539 = DEFINITIONAL_REPRESENTATION('',(#12540),#12544);
#12540 = LINE('',#12541,#12542);
#12541 = CARTESIAN_POINT('',(0.,0.));
#12542 = VECTOR('',#12543,1.);
#12543 = DIRECTION('',(0.,-1.));
#12544 = ( GEOMETRIC_REPRESENTATION_CONTEXT(2) 
PARAMETRIC_REPRESENTATION_CONTEXT() REPRESENTATION_CONTEXT('2D SPACE',''
  ) );
#12545 = ORIENTED_EDGE('',*,*,#654,.F.);
#12546 = ADVANCED_FACE('',(#12547),#6102,.T.);
#12547 = FACE_BOUND('',#12548,.T.);
#12548 = EDGE_LOOP('',(#12549,#12570,#12571,#12572));
#12549 = ORIENTED_EDGE('',*,*,#12550,.T.);
#12550 = EDGE_CURVE('',#6059,#11390,#12551,.T.);
#12551 = SURFACE_CURVE('',#12552,(#12556,#12563),.PCURVE_S1.);
#12552 = LINE('',#12553,#12554);
#12553 = CARTESIAN_POINT('',(-7.854064650331,8.988691949636,-4.));
#12554 = VECTOR('',#12555,1.);
#12555 = DIRECTION('',(0.,0.,1.));
#12556 = PCURVE('',#6102,#12557);
#12557 = DEFINITIONAL_REPRESENTATION('',(#12558),#12562);
#12558 = LINE('',#12559,#12560);
#12559 = CARTESIAN_POINT('',(0.,0.));
#12560 = VECTOR('',#12561,1.);
#12561 = DIRECTION('',(0.,-1.));
#12562 = ( GEOMETRIC_REPRESENTATION_CONTEXT(2) 
PARAMETRIC_REPRESENTATION_CONTEXT() REPRESENTATION_CONTEXT('2D SPACE',''
  ) );
#12563 = PCURVE('',#6074,#12564);
#12564 = DEFINITIONAL_REPRESENTATION('',(#12565),#12569);
#12565 = LINE('',#12566,#12567);
#12566 = CARTESIAN_POINT('',(1.523484570763,0.));
#12567 = VECTOR('',#12568,1.);
#12568 = DIRECTION('',(0.,-1.));
#12569 = ( GEOMETRIC_REPRESENTATION_CONTEXT(2) 
PARAMETRIC_REPRESENTATION_CONTEXT() REPRESENTATION_CONTEXT('2D SPACE',''
  ) );
#12570 = ORIENTED_EDGE('',*,*,#11412,.T.);
#12571 = ORIENTED_EDGE('',*,*,#12496,.F.);
#12572 = ORIENTED_EDGE('',*,*,#6086,.F.);
#12573 = ADVANCED_FACE('',(#12574),#698,.T.);
#12574 = FACE_BOUND('',#12575,.T.);
#12575 = EDGE_LOOP('',(#12576,#12577,#12578,#12599));
#12576 = ORIENTED_EDGE('',*,*,#12525,.T.);
#12577 = ORIENTED_EDGE('',*,*,#6973,.T.);
#12578 = ORIENTED_EDGE('',*,*,#12579,.F.);
#12579 = EDGE_CURVE('',#683,#6974,#12580,.T.);
#12580 = SURFACE_CURVE('',#12581,(#12585,#12592),.PCURVE_S1.);
#12581 = LINE('',#12582,#12583);
#12582 = CARTESIAN_POINT('',(3.96815057084,12.861890055731,-4.));
#12583 = VECTOR('',#12584,1.);
#12584 = DIRECTION('',(0.,0.,1.));
#12585 = PCURVE('',#698,#12586);
#12586 = DEFINITIONAL_REPRESENTATION('',(#12587),#12591);
#12587 = LINE('',#12588,#12589);
#12588 = CARTESIAN_POINT('',(1.523484570763,0.));
#12589 = VECTOR('',#12590,1.);
#12590 = DIRECTION('',(0.,-1.));
#12591 = ( GEOMETRIC_REPRESENTATION_CONTEXT(2) 
PARAMETRIC_REPRESENTATION_CONTEXT() REPRESENTATION_CONTEXT('2D SPACE',''
  ) );
#12592 = PCURVE('',#726,#12593);
#12593 = DEFINITIONAL_REPRESENTATION('',(#12594),#12598);
#12594 = LINE('',#12595,#12596);
#12595 = CARTESIAN_POINT('',(0.,0.));
#12596 = VECTOR('',#12597,1.);
#12597 = DIRECTION('',(0.,-1.));
#12598 = ( GEOMETRIC_REPRESENTATION_CONTEXT(2) 
PARAMETRIC_REPRESENTATION_CONTEXT() REPRESENTATION_CONTEXT('2D SPACE',''
  ) );
#12599 = ORIENTED_EDGE('',*,*,#682,.F.);
#12600 = ADVANCED_FACE('',(#12601),#6074,.T.);
#12601 = FACE_BOUND('',#12602,.T.);
#12602 = EDGE_LOOP('',(#12603,#12624,#12625,#12626));
#12603 = ORIENTED_EDGE('',*,*,#12604,.T.);
#12604 = EDGE_CURVE('',#6031,#11367,#12605,.T.);
#12605 = SURFACE_CURVE('',#12606,(#12610,#12617),.PCURVE_S1.);
#12606 = LINE('',#12607,#12608);
#12607 = CARTESIAN_POINT('',(-8.85648791411,10.135928994709,-4.));
#12608 = VECTOR('',#12609,1.);
#12609 = DIRECTION('',(0.,0.,1.));
#12610 = PCURVE('',#6074,#12611);
#12611 = DEFINITIONAL_REPRESENTATION('',(#12612),#12616);
#12612 = LINE('',#12613,#12614);
#12613 = CARTESIAN_POINT('',(0.,0.));
#12614 = VECTOR('',#12615,1.);
#12615 = DIRECTION('',(0.,-1.));
#12616 = ( GEOMETRIC_REPRESENTATION_CONTEXT(2) 
PARAMETRIC_REPRESENTATION_CONTEXT() REPRESENTATION_CONTEXT('2D SPACE',''
  ) );
#12617 = PCURVE('',#6046,#12618);
#12618 = DEFINITIONAL_REPRESENTATION('',(#12619),#12623);
#12619 = LINE('',#12620,#12621);
#12620 = CARTESIAN_POINT('',(0.564849389437,0.));
#12621 = VECTOR('',#12622,1.);
#12622 = DIRECTION('',(0.,-1.));
#12623 = ( GEOMETRIC_REPRESENTATION_CONTEXT(2) 
PARAMETRIC_REPRESENTATION_CONTEXT() REPRESENTATION_CONTEXT('2D SPACE',''
  ) );
#12624 = ORIENTED_EDGE('',*,*,#11389,.T.);
#12625 = ORIENTED_EDGE('',*,*,#12550,.F.);
#12626 = ORIENTED_EDGE('',*,*,#6058,.F.);
#12627 = ADVANCED_FACE('',(#12628),#726,.T.);
#12628 = FACE_BOUND('',#12629,.T.);
#12629 = EDGE_LOOP('',(#12630,#12631,#12632,#12653));
#12630 = ORIENTED_EDGE('',*,*,#12579,.T.);
#12631 = ORIENTED_EDGE('',*,*,#6996,.T.);
#12632 = ORIENTED_EDGE('',*,*,#12633,.F.);
#12633 = EDGE_CURVE('',#711,#6997,#12634,.T.);
#12634 = SURFACE_CURVE('',#12635,(#12639,#12646),.PCURVE_S1.);
#12635 = LINE('',#12636,#12637);
#12636 = CARTESIAN_POINT('',(4.23530212907,13.35956954866,-4.));
#12637 = VECTOR('',#12638,1.);
#12638 = DIRECTION('',(0.,0.,1.));
#12639 = PCURVE('',#726,#12640);
#12640 = DEFINITIONAL_REPRESENTATION('',(#12641),#12645);
#12641 = LINE('',#12642,#12643);
#12642 = CARTESIAN_POINT('',(0.564849389437,0.));
#12643 = VECTOR('',#12644,1.);
#12644 = DIRECTION('',(0.,-1.));
#12645 = ( GEOMETRIC_REPRESENTATION_CONTEXT(2) 
PARAMETRIC_REPRESENTATION_CONTEXT() REPRESENTATION_CONTEXT('2D SPACE',''
  ) );
#12646 = PCURVE('',#754,#12647);
#12647 = DEFINITIONAL_REPRESENTATION('',(#12648),#12652);
#12648 = LINE('',#12649,#12650);
#12649 = CARTESIAN_POINT('',(0.,0.));
#12650 = VECTOR('',#12651,1.);
#12651 = DIRECTION('',(0.,-1.));
#12652 = ( GEOMETRIC_REPRESENTATION_CONTEXT(2) 
PARAMETRIC_REPRESENTATION_CONTEXT() REPRESENTATION_CONTEXT('2D SPACE',''
  ) );
#12653 = ORIENTED_EDGE('',*,*,#710,.F.);
#12654 = ADVANCED_FACE('',(#12655),#6046,.T.);
#12655 = FACE_BOUND('',#12656,.T.);
#12656 = EDGE_LOOP('',(#12657,#12678,#12679,#12680));
#12657 = ORIENTED_EDGE('',*,*,#12658,.T.);
#12658 = EDGE_CURVE('',#6003,#11344,#12659,.T.);
#12659 = SURFACE_CURVE('',#12660,(#12664,#12671),.PCURVE_S1.);
#12660 = LINE('',#12661,#12662);
#12661 = CARTESIAN_POINT('',(-9.302967492916,10.48192150685,-4.));
#12662 = VECTOR('',#12663,1.);
#12663 = DIRECTION('',(0.,0.,1.));
#12664 = PCURVE('',#6046,#12665);
#12665 = DEFINITIONAL_REPRESENTATION('',(#12666),#12670);
#12666 = LINE('',#12667,#12668);
#12667 = CARTESIAN_POINT('',(0.,0.));
#12668 = VECTOR('',#12669,1.);
#12669 = DIRECTION('',(0.,-1.));
#12670 = ( GEOMETRIC_REPRESENTATION_CONTEXT(2) 
PARAMETRIC_REPRESENTATION_CONTEXT() REPRESENTATION_CONTEXT('2D SPACE',''
  ) );
#12671 = PCURVE('',#6018,#12672);
#12672 = DEFINITIONAL_REPRESENTATION('',(#12673),#12677);
#12673 = LINE('',#12674,#12675);
#12674 = CARTESIAN_POINT('',(0.588659078772,0.));
#12675 = VECTOR('',#12676,1.);
#12676 = DIRECTION('',(0.,-1.));
#12677 = ( GEOMETRIC_REPRESENTATION_CONTEXT(2) 
PARAMETRIC_REPRESENTATION_CONTEXT() REPRESENTATION_CONTEXT('2D SPACE',''
  ) );
#12678 = ORIENTED_EDGE('',*,*,#11366,.T.);
#12679 = ORIENTED_EDGE('',*,*,#12604,.F.);
#12680 = ORIENTED_EDGE('',*,*,#6030,.F.);
#12681 = ADVANCED_FACE('',(#12682),#754,.T.);
#12682 = FACE_BOUND('',#12683,.T.);
#12683 = EDGE_LOOP('',(#12684,#12685,#12686,#12707));
#12684 = ORIENTED_EDGE('',*,*,#12633,.T.);
#12685 = ORIENTED_EDGE('',*,*,#7019,.T.);
#12686 = ORIENTED_EDGE('',*,*,#12687,.F.);
#12687 = EDGE_CURVE('',#739,#7020,#12688,.T.);
#12688 = SURFACE_CURVE('',#12689,(#12693,#12700),.PCURVE_S1.);
#12689 = LINE('',#12690,#12691);
#12690 = CARTESIAN_POINT('',(4.593928600606,13.826374181171,-4.));
#12691 = VECTOR('',#12692,1.);
#12692 = DIRECTION('',(0.,0.,1.));
#12693 = PCURVE('',#754,#12694);
#12694 = DEFINITIONAL_REPRESENTATION('',(#12695),#12699);
#12695 = LINE('',#12696,#12697);
#12696 = CARTESIAN_POINT('',(0.588659078772,0.));
#12697 = VECTOR('',#12698,1.);
#12698 = DIRECTION('',(0.,-1.));
#12699 = ( GEOMETRIC_REPRESENTATION_CONTEXT(2) 
PARAMETRIC_REPRESENTATION_CONTEXT() REPRESENTATION_CONTEXT('2D SPACE',''
  ) );
#12700 = PCURVE('',#782,#12701);
#12701 = DEFINITIONAL_REPRESENTATION('',(#12702),#12706);
#12702 = LINE('',#12703,#12704);
#12703 = CARTESIAN_POINT('',(0.,0.));
#12704 = VECTOR('',#12705,1.);
#12705 = DIRECTION('',(0.,-1.));
#12706 = ( GEOMETRIC_REPRESENTATION_CONTEXT(2) 
PARAMETRIC_REPRESENTATION_CONTEXT() REPRESENTATION_CONTEXT('2D SPACE',''
  ) );
#12707 = ORIENTED_EDGE('',*,*,#738,.F.);
#12708 = ADVANCED_FACE('',(#12709),#6018,.T.);
#12709 = FACE_BOUND('',#12710,.T.);
#12710 = EDGE_LOOP('',(#12711,#12732,#12733,#12734));
#12711 = ORIENTED_EDGE('',*,*,#12712,.T.);
#12712 = EDGE_CURVE('',#5975,#11321,#12713,.T.);
#12713 = SURFACE_CURVE('',#12714,(#12718,#12725),.PCURVE_S1.);
#12714 = LINE('',#12715,#12716);
#12715 = CARTESIAN_POINT('',(-9.820455626178,10.762502231336,-4.));
#12716 = VECTOR('',#12717,1.);
#12717 = DIRECTION('',(0.,0.,1.));
#12718 = PCURVE('',#6018,#12719);
#12719 = DEFINITIONAL_REPRESENTATION('',(#12720),#12724);
#12720 = LINE('',#12721,#12722);
#12721 = CARTESIAN_POINT('',(0.,0.));
#12722 = VECTOR('',#12723,1.);
#12723 = DIRECTION('',(0.,-1.));
#12724 = ( GEOMETRIC_REPRESENTATION_CONTEXT(2) 
PARAMETRIC_REPRESENTATION_CONTEXT() REPRESENTATION_CONTEXT('2D SPACE',''
  ) );
#12725 = PCURVE('',#5990,#12726);
#12726 = DEFINITIONAL_REPRESENTATION('',(#12727),#12731);
#12727 = LINE('',#12728,#12729);
#12728 = CARTESIAN_POINT('',(0.61165241411,0.));
#12729 = VECTOR('',#12730,1.);
#12730 = DIRECTION('',(0.,-1.));
#12731 = ( GEOMETRIC_REPRESENTATION_CONTEXT(2) 
PARAMETRIC_REPRESENTATION_CONTEXT() REPRESENTATION_CONTEXT('2D SPACE',''
  ) );
#12732 = ORIENTED_EDGE('',*,*,#11343,.T.);
#12733 = ORIENTED_EDGE('',*,*,#12658,.F.);
#12734 = ORIENTED_EDGE('',*,*,#6002,.F.);
#12735 = ADVANCED_FACE('',(#12736),#782,.T.);
#12736 = FACE_BOUND('',#12737,.T.);
#12737 = EDGE_LOOP('',(#12738,#12739,#12740,#12761));
#12738 = ORIENTED_EDGE('',*,*,#12687,.T.);
#12739 = ORIENTED_EDGE('',*,*,#7042,.T.);
#12740 = ORIENTED_EDGE('',*,*,#12741,.F.);
#12741 = EDGE_CURVE('',#767,#7043,#12742,.T.);
#12742 = SURFACE_CURVE('',#12743,(#12747,#12754),.PCURVE_S1.);
#12743 = LINE('',#12744,#12745);
#12744 = CARTESIAN_POINT('',(5.017231956549,14.267886292596,-4.));
#12745 = VECTOR('',#12746,1.);
#12746 = DIRECTION('',(0.,0.,1.));
#12747 = PCURVE('',#782,#12748);
#12748 = DEFINITIONAL_REPRESENTATION('',(#12749),#12753);
#12749 = LINE('',#12750,#12751);
#12750 = CARTESIAN_POINT('',(0.61165241411,0.));
#12751 = VECTOR('',#12752,1.);
#12752 = DIRECTION('',(0.,-1.));
#12753 = ( GEOMETRIC_REPRESENTATION_CONTEXT(2) 
PARAMETRIC_REPRESENTATION_CONTEXT() REPRESENTATION_CONTEXT('2D SPACE',''
  ) );
#12754 = PCURVE('',#810,#12755);
#12755 = DEFINITIONAL_REPRESENTATION('',(#12756),#12760);
#12756 = LINE('',#12757,#12758);
#12757 = CARTESIAN_POINT('',(0.,0.));
#12758 = VECTOR('',#12759,1.);
#12759 = DIRECTION('',(0.,-1.));
#12760 = ( GEOMETRIC_REPRESENTATION_CONTEXT(2) 
PARAMETRIC_REPRESENTATION_CONTEXT() REPRESENTATION_CONTEXT('2D SPACE',''
  ) );
#12761 = ORIENTED_EDGE('',*,*,#766,.F.);
#12762 = ADVANCED_FACE('',(#12763),#5990,.T.);
#12763 = FACE_BOUND('',#12764,.T.);
#12764 = EDGE_LOOP('',(#12765,#12786,#12787,#12788));
#12765 = ORIENTED_EDGE('',*,*,#12766,.T.);
#12766 = EDGE_CURVE('',#5947,#11298,#12767,.T.);
#12767 = SURFACE_CURVE('',#12768,(#12772,#12779),.PCURVE_S1.);
#12768 = LINE('',#12769,#12770);
#12769 = CARTESIAN_POINT('',(-10.38674163828,10.993670629222,-4.));
#12770 = VECTOR('',#12771,1.);
#12771 = DIRECTION('',(0.,0.,1.));
#12772 = PCURVE('',#5990,#12773);
#12773 = DEFINITIONAL_REPRESENTATION('',(#12774),#12778);
#12774 = LINE('',#12775,#12776);
#12775 = CARTESIAN_POINT('',(0.,0.));
#12776 = VECTOR('',#12777,1.);
#12777 = DIRECTION('',(0.,-1.));
#12778 = ( GEOMETRIC_REPRESENTATION_CONTEXT(2) 
PARAMETRIC_REPRESENTATION_CONTEXT() REPRESENTATION_CONTEXT('2D SPACE',''
  ) );
#12779 = PCURVE('',#5962,#12780);
#12780 = DEFINITIONAL_REPRESENTATION('',(#12781),#12785);
#12781 = LINE('',#12782,#12783);
#12782 = CARTESIAN_POINT('',(0.634569085755,0.));
#12783 = VECTOR('',#12784,1.);
#12784 = DIRECTION('',(0.,-1.));
#12785 = ( GEOMETRIC_REPRESENTATION_CONTEXT(2) 
PARAMETRIC_REPRESENTATION_CONTEXT() REPRESENTATION_CONTEXT('2D SPACE',''
  ) );
#12786 = ORIENTED_EDGE('',*,*,#11320,.T.);
#12787 = ORIENTED_EDGE('',*,*,#12712,.F.);
#12788 = ORIENTED_EDGE('',*,*,#5974,.F.);
#12789 = ADVANCED_FACE('',(#12790),#810,.T.);
#12790 = FACE_BOUND('',#12791,.T.);
#12791 = EDGE_LOOP('',(#12792,#12793,#12794,#12815));
#12792 = ORIENTED_EDGE('',*,*,#12741,.T.);
#12793 = ORIENTED_EDGE('',*,*,#7065,.T.);
#12794 = ORIENTED_EDGE('',*,*,#12795,.F.);
#12795 = EDGE_CURVE('',#795,#7066,#12796,.T.);
#12796 = SURFACE_CURVE('',#12797,(#12801,#12808),.PCURVE_S1.);
#12797 = LINE('',#12798,#12799);
#12798 = CARTESIAN_POINT('',(5.496162044875,14.684184136804,-4.));
#12799 = VECTOR('',#12800,1.);
#12800 = DIRECTION('',(0.,0.,1.));
#12801 = PCURVE('',#810,#12802);
#12802 = DEFINITIONAL_REPRESENTATION('',(#12803),#12807);
#12803 = LINE('',#12804,#12805);
#12804 = CARTESIAN_POINT('',(0.634569085755,0.));
#12805 = VECTOR('',#12806,1.);
#12806 = DIRECTION('',(0.,-1.));
#12807 = ( GEOMETRIC_REPRESENTATION_CONTEXT(2) 
PARAMETRIC_REPRESENTATION_CONTEXT() REPRESENTATION_CONTEXT('2D SPACE',''
  ) );
#12808 = PCURVE('',#838,#12809);
#12809 = DEFINITIONAL_REPRESENTATION('',(#12810),#12814);
#12810 = LINE('',#12811,#12812);
#12811 = CARTESIAN_POINT('',(0.,0.));
#12812 = VECTOR('',#12813,1.);
#12813 = DIRECTION('',(0.,-1.));
#12814 = ( GEOMETRIC_REPRESENTATION_CONTEXT(2) 
PARAMETRIC_REPRESENTATION_CONTEXT() REPRESENTATION_CONTEXT('2D SPACE',''
  ) );
#12815 = ORIENTED_EDGE('',*,*,#794,.F.);
#12816 = ADVANCED_FACE('',(#12817),#5962,.T.);
#12817 = FACE_BOUND('',#12818,.T.);
#12818 = EDGE_LOOP('',(#12819,#12840,#12841,#12842));
#12819 = ORIENTED_EDGE('',*,*,#12820,.T.);
#12820 = EDGE_CURVE('',#5919,#11275,#12821,.T.);
#12821 = SURFACE_CURVE('',#12822,(#12826,#12833),.PCURVE_S1.);
#12822 = LINE('',#12823,#12824);
#12823 = CARTESIAN_POINT('',(-10.99358963267,11.179179217432,-4.));
#12824 = VECTOR('',#12825,1.);
#12825 = DIRECTION('',(0.,0.,1.));
#12826 = PCURVE('',#5962,#12827);
#12827 = DEFINITIONAL_REPRESENTATION('',(#12828),#12832);
#12828 = LINE('',#12829,#12830);
#12829 = CARTESIAN_POINT('',(0.,0.));
#12830 = VECTOR('',#12831,1.);
#12831 = DIRECTION('',(0.,-1.));
#12832 = ( GEOMETRIC_REPRESENTATION_CONTEXT(2) 
PARAMETRIC_REPRESENTATION_CONTEXT() REPRESENTATION_CONTEXT('2D SPACE',''
  ) );
#12833 = PCURVE('',#5934,#12834);
#12834 = DEFINITIONAL_REPRESENTATION('',(#12835),#12839);
#12835 = LINE('',#12836,#12837);
#12836 = CARTESIAN_POINT('',(0.657460972665,0.));
#12837 = VECTOR('',#12838,1.);
#12838 = DIRECTION('',(0.,-1.));
#12839 = ( GEOMETRIC_REPRESENTATION_CONTEXT(2) 
PARAMETRIC_REPRESENTATION_CONTEXT() REPRESENTATION_CONTEXT('2D SPACE',''
  ) );
#12840 = ORIENTED_EDGE('',*,*,#11297,.T.);
#12841 = ORIENTED_EDGE('',*,*,#12766,.F.);
#12842 = ORIENTED_EDGE('',*,*,#5946,.F.);
#12843 = ADVANCED_FACE('',(#12844),#838,.T.);
#12844 = FACE_BOUND('',#12845,.T.);
#12845 = EDGE_LOOP('',(#12846,#12847,#12848,#12869));
#12846 = ORIENTED_EDGE('',*,*,#12795,.T.);
#12847 = ORIENTED_EDGE('',*,*,#7088,.T.);
#12848 = ORIENTED_EDGE('',*,*,#12849,.F.);
#12849 = EDGE_CURVE('',#823,#7089,#12850,.T.);
#12850 = SURFACE_CURVE('',#12851,(#12855,#12862),.PCURVE_S1.);
#12851 = LINE('',#12852,#12853);
#12852 = CARTESIAN_POINT('',(6.025485738672,15.074147414258,-4.));
#12853 = VECTOR('',#12854,1.);
#12854 = DIRECTION('',(0.,0.,1.));
#12855 = PCURVE('',#838,#12856);
#12856 = DEFINITIONAL_REPRESENTATION('',(#12857),#12861);
#12857 = LINE('',#12858,#12859);
#12858 = CARTESIAN_POINT('',(0.657460972665,0.));
#12859 = VECTOR('',#12860,1.);
#12860 = DIRECTION('',(0.,-1.));
#12861 = ( GEOMETRIC_REPRESENTATION_CONTEXT(2) 
PARAMETRIC_REPRESENTATION_CONTEXT() REPRESENTATION_CONTEXT('2D SPACE',''
  ) );
#12862 = PCURVE('',#866,#12863);
#12863 = DEFINITIONAL_REPRESENTATION('',(#12864),#12868);
#12864 = LINE('',#12865,#12866);
#12865 = CARTESIAN_POINT('',(0.,0.));
#12866 = VECTOR('',#12867,1.);
#12867 = DIRECTION('',(0.,-1.));
#12868 = ( GEOMETRIC_REPRESENTATION_CONTEXT(2) 
PARAMETRIC_REPRESENTATION_CONTEXT() REPRESENTATION_CONTEXT('2D SPACE',''
  ) );
#12869 = ORIENTED_EDGE('',*,*,#822,.F.);
#12870 = ADVANCED_FACE('',(#12871),#5934,.T.);
#12871 = FACE_BOUND('',#12872,.T.);
#12872 = EDGE_LOOP('',(#12873,#12894,#12895,#12896));
#12873 = ORIENTED_EDGE('',*,*,#12874,.T.);
#12874 = EDGE_CURVE('',#5891,#11252,#12875,.T.);
#12875 = SURFACE_CURVE('',#12876,(#12880,#12887),.PCURVE_S1.);
#12876 = LINE('',#12877,#12878);
#12877 = CARTESIAN_POINT('',(-11.63576324315,11.320133055882,-4.));
#12878 = VECTOR('',#12879,1.);
#12879 = DIRECTION('',(0.,0.,1.));
#12880 = PCURVE('',#5934,#12881);
#12881 = DEFINITIONAL_REPRESENTATION('',(#12882),#12886);
#12882 = LINE('',#12883,#12884);
#12883 = CARTESIAN_POINT('',(0.,0.));
#12884 = VECTOR('',#12885,1.);
#12885 = DIRECTION('',(0.,-1.));
#12886 = ( GEOMETRIC_REPRESENTATION_CONTEXT(2) 
PARAMETRIC_REPRESENTATION_CONTEXT() REPRESENTATION_CONTEXT('2D SPACE',''
  ) );
#12887 = PCURVE('',#5906,#12888);
#12888 = DEFINITIONAL_REPRESENTATION('',(#12889),#12893);
#12889 = LINE('',#12890,#12891);
#12890 = CARTESIAN_POINT('',(1.253305979702,0.));
#12891 = VECTOR('',#12892,1.);
#12892 = DIRECTION('',(0.,-1.));
#12893 = ( GEOMETRIC_REPRESENTATION_CONTEXT(2) 
PARAMETRIC_REPRESENTATION_CONTEXT() REPRESENTATION_CONTEXT('2D SPACE',''
  ) );
#12894 = ORIENTED_EDGE('',*,*,#11274,.T.);
#12895 = ORIENTED_EDGE('',*,*,#12820,.F.);
#12896 = ORIENTED_EDGE('',*,*,#5918,.F.);
#12897 = ADVANCED_FACE('',(#12898),#866,.T.);
#12898 = FACE_BOUND('',#12899,.T.);
#12899 = EDGE_LOOP('',(#12900,#12901,#12902,#12923));
#12900 = ORIENTED_EDGE('',*,*,#12849,.T.);
#12901 = ORIENTED_EDGE('',*,*,#7111,.T.);
#12902 = ORIENTED_EDGE('',*,*,#12903,.F.);
#12903 = EDGE_CURVE('',#851,#7112,#12904,.T.);
#12904 = SURFACE_CURVE('',#12905,(#12909,#12916),.PCURVE_S1.);
#12905 = LINE('',#12906,#12907);
#12906 = CARTESIAN_POINT('',(7.170437723465,14.564381947327,-4.));
#12907 = VECTOR('',#12908,1.);
#12908 = DIRECTION('',(0.,0.,1.));
#12909 = PCURVE('',#866,#12910);
#12910 = DEFINITIONAL_REPRESENTATION('',(#12911),#12915);
#12911 = LINE('',#12912,#12913);
#12912 = CARTESIAN_POINT('',(1.253305979702,0.));
#12913 = VECTOR('',#12914,1.);
#12914 = DIRECTION('',(0.,-1.));
#12915 = ( GEOMETRIC_REPRESENTATION_CONTEXT(2) 
PARAMETRIC_REPRESENTATION_CONTEXT() REPRESENTATION_CONTEXT('2D SPACE',''
  ) );
#12916 = PCURVE('',#894,#12917);
#12917 = DEFINITIONAL_REPRESENTATION('',(#12918),#12922);
#12918 = LINE('',#12919,#12920);
#12919 = CARTESIAN_POINT('',(0.,0.));
#12920 = VECTOR('',#12921,1.);
#12921 = DIRECTION('',(0.,-1.));
#12922 = ( GEOMETRIC_REPRESENTATION_CONTEXT(2) 
PARAMETRIC_REPRESENTATION_CONTEXT() REPRESENTATION_CONTEXT('2D SPACE',''
  ) );
#12923 = ORIENTED_EDGE('',*,*,#850,.F.);
#12924 = ADVANCED_FACE('',(#12925),#5906,.T.);
#12925 = FACE_BOUND('',#12926,.T.);
#12926 = EDGE_LOOP('',(#12927,#12948,#12949,#12950));
#12927 = ORIENTED_EDGE('',*,*,#12928,.T.);
#12928 = EDGE_CURVE('',#5863,#11229,#12929,.T.);
#12929 = SURFACE_CURVE('',#12930,(#12934,#12941),.PCURVE_S1.);
#12930 = LINE('',#12931,#12932);
#12931 = CARTESIAN_POINT('',(-12.47438863331,10.388745202326,-4.));
#12932 = VECTOR('',#12933,1.);
#12933 = DIRECTION('',(0.,0.,1.));
#12934 = PCURVE('',#5906,#12935);
#12935 = DEFINITIONAL_REPRESENTATION('',(#12936),#12940);
#12936 = LINE('',#12937,#12938);
#12937 = CARTESIAN_POINT('',(0.,0.));
#12938 = VECTOR('',#12939,1.);
#12939 = DIRECTION('',(0.,-1.));
#12940 = ( GEOMETRIC_REPRESENTATION_CONTEXT(2) 
PARAMETRIC_REPRESENTATION_CONTEXT() REPRESENTATION_CONTEXT('2D SPACE',''
  ) );
#12941 = PCURVE('',#5878,#12942);
#12942 = DEFINITIONAL_REPRESENTATION('',(#12943),#12947);
#12943 = LINE('',#12944,#12945);
#12944 = CARTESIAN_POINT('',(0.657460972665,0.));
#12945 = VECTOR('',#12946,1.);
#12946 = DIRECTION('',(0.,-1.));
#12947 = ( GEOMETRIC_REPRESENTATION_CONTEXT(2) 
PARAMETRIC_REPRESENTATION_CONTEXT() REPRESENTATION_CONTEXT('2D SPACE',''
  ) );
#12948 = ORIENTED_EDGE('',*,*,#11251,.T.);
#12949 = ORIENTED_EDGE('',*,*,#12874,.F.);
#12950 = ORIENTED_EDGE('',*,*,#5890,.F.);
#12951 = ADVANCED_FACE('',(#12952),#894,.T.);
#12952 = FACE_BOUND('',#12953,.T.);
#12953 = EDGE_LOOP('',(#12954,#12955,#12956,#12977));
#12954 = ORIENTED_EDGE('',*,*,#12903,.T.);
#12955 = ORIENTED_EDGE('',*,*,#7134,.T.);
#12956 = ORIENTED_EDGE('',*,*,#12957,.F.);
#12957 = EDGE_CURVE('',#879,#7135,#12958,.T.);
#12958 = SURFACE_CURVE('',#12959,(#12963,#12970),.PCURVE_S1.);
#12959 = LINE('',#12960,#12961);
#12960 = CARTESIAN_POINT('',(7.23482521589,13.910081418979,-4.));
#12961 = VECTOR('',#12962,1.);
#12962 = DIRECTION('',(0.,0.,1.));
#12963 = PCURVE('',#894,#12964);
#12964 = DEFINITIONAL_REPRESENTATION('',(#12965),#12969);
#12965 = LINE('',#12966,#12967);
#12966 = CARTESIAN_POINT('',(0.657460972665,0.));
#12967 = VECTOR('',#12968,1.);
#12968 = DIRECTION('',(0.,-1.));
#12969 = ( GEOMETRIC_REPRESENTATION_CONTEXT(2) 
PARAMETRIC_REPRESENTATION_CONTEXT() REPRESENTATION_CONTEXT('2D SPACE',''
  ) );
#12970 = PCURVE('',#922,#12971);
#12971 = DEFINITIONAL_REPRESENTATION('',(#12972),#12976);
#12972 = LINE('',#12973,#12974);
#12973 = CARTESIAN_POINT('',(0.,0.));
#12974 = VECTOR('',#12975,1.);
#12975 = DIRECTION('',(0.,-1.));
#12976 = ( GEOMETRIC_REPRESENTATION_CONTEXT(2) 
PARAMETRIC_REPRESENTATION_CONTEXT() REPRESENTATION_CONTEXT('2D SPACE',''
  ) );
#12977 = ORIENTED_EDGE('',*,*,#878,.F.);
#12978 = ADVANCED_FACE('',(#12979),#5878,.T.);
#12979 = FACE_BOUND('',#12980,.T.);
#12980 = EDGE_LOOP('',(#12981,#13002,#13003,#13004));
#12981 = ORIENTED_EDGE('',*,*,#12982,.T.);
#12982 = EDGE_CURVE('',#5835,#11206,#12983,.T.);
#12983 = SURFACE_CURVE('',#12984,(#12988,#12995),.PCURVE_S1.);
#12984 = LINE('',#12985,#12986);
#12985 = CARTESIAN_POINT('',(-12.26708153408,9.764823174196,-4.));
#12986 = VECTOR('',#12987,1.);
#12987 = DIRECTION('',(0.,0.,1.));
#12988 = PCURVE('',#5878,#12989);
#12989 = DEFINITIONAL_REPRESENTATION('',(#12990),#12994);
#12990 = LINE('',#12991,#12992);
#12991 = CARTESIAN_POINT('',(0.,0.));
#12992 = VECTOR('',#12993,1.);
#12993 = DIRECTION('',(0.,-1.));
#12994 = ( GEOMETRIC_REPRESENTATION_CONTEXT(2) 
PARAMETRIC_REPRESENTATION_CONTEXT() REPRESENTATION_CONTEXT('2D SPACE',''
  ) );
#12995 = PCURVE('',#5850,#12996);
#12996 = DEFINITIONAL_REPRESENTATION('',(#12997),#13001);
#12997 = LINE('',#12998,#12999);
#12998 = CARTESIAN_POINT('',(0.634569085755,0.));
#12999 = VECTOR('',#13000,1.);
#13000 = DIRECTION('',(0.,-1.));
#13001 = ( GEOMETRIC_REPRESENTATION_CONTEXT(2) 
PARAMETRIC_REPRESENTATION_CONTEXT() REPRESENTATION_CONTEXT('2D SPACE',''
  ) );
#13002 = ORIENTED_EDGE('',*,*,#11228,.T.);
#13003 = ORIENTED_EDGE('',*,*,#12928,.F.);
#13004 = ORIENTED_EDGE('',*,*,#5862,.F.);
#13005 = ADVANCED_FACE('',(#13006),#922,.T.);
#13006 = FACE_BOUND('',#13007,.T.);
#13007 = EDGE_LOOP('',(#13008,#13009,#13010,#13031));
#13008 = ORIENTED_EDGE('',*,*,#12957,.T.);
#13009 = ORIENTED_EDGE('',*,*,#7157,.T.);
#13010 = ORIENTED_EDGE('',*,*,#13011,.F.);
#13011 = EDGE_CURVE('',#907,#7158,#13012,.T.);
#13012 = SURFACE_CURVE('',#13013,(#13017,#13024),.PCURVE_S1.);
#13013 = LINE('',#13014,#13015);
#13014 = CARTESIAN_POINT('',(7.245922407513,13.275609373153,-4.));
#13015 = VECTOR('',#13016,1.);
#13016 = DIRECTION('',(0.,0.,1.));
#13017 = PCURVE('',#922,#13018);
#13018 = DEFINITIONAL_REPRESENTATION('',(#13019),#13023);
#13019 = LINE('',#13020,#13021);
#13020 = CARTESIAN_POINT('',(0.634569085755,0.));
#13021 = VECTOR('',#13022,1.);
#13022 = DIRECTION('',(0.,-1.));
#13023 = ( GEOMETRIC_REPRESENTATION_CONTEXT(2) 
PARAMETRIC_REPRESENTATION_CONTEXT() REPRESENTATION_CONTEXT('2D SPACE',''
  ) );
#13024 = PCURVE('',#950,#13025);
#13025 = DEFINITIONAL_REPRESENTATION('',(#13026),#13030);
#13026 = LINE('',#13027,#13028);
#13027 = CARTESIAN_POINT('',(0.,0.));
#13028 = VECTOR('',#13029,1.);
#13029 = DIRECTION('',(0.,-1.));
#13030 = ( GEOMETRIC_REPRESENTATION_CONTEXT(2) 
PARAMETRIC_REPRESENTATION_CONTEXT() REPRESENTATION_CONTEXT('2D SPACE',''
  ) );
#13031 = ORIENTED_EDGE('',*,*,#906,.F.);
#13032 = ADVANCED_FACE('',(#13033),#5850,.T.);
#13033 = FACE_BOUND('',#13034,.T.);
#13034 = EDGE_LOOP('',(#13035,#13056,#13057,#13058));
#13035 = ORIENTED_EDGE('',*,*,#13036,.T.);
#13036 = EDGE_CURVE('',#5807,#11183,#13037,.T.);
#13037 = SURFACE_CURVE('',#13038,(#13042,#13049),.PCURVE_S1.);
#13038 = LINE('',#13039,#13040);
#13039 = CARTESIAN_POINT('',(-12.01915629303,9.180690484262,-4.));
#13040 = VECTOR('',#13041,1.);
#13041 = DIRECTION('',(0.,0.,1.));
#13042 = PCURVE('',#5850,#13043);
#13043 = DEFINITIONAL_REPRESENTATION('',(#13044),#13048);
#13044 = LINE('',#13045,#13046);
#13045 = CARTESIAN_POINT('',(0.,0.));
#13046 = VECTOR('',#13047,1.);
#13047 = DIRECTION('',(0.,-1.));
#13048 = ( GEOMETRIC_REPRESENTATION_CONTEXT(2) 
PARAMETRIC_REPRESENTATION_CONTEXT() REPRESENTATION_CONTEXT('2D SPACE',''
  ) );
#13049 = PCURVE('',#5822,#13050);
#13050 = DEFINITIONAL_REPRESENTATION('',(#13051),#13055);
#13051 = LINE('',#13052,#13053);
#13052 = CARTESIAN_POINT('',(0.61165241411,0.));
#13053 = VECTOR('',#13054,1.);
#13054 = DIRECTION('',(0.,-1.));
#13055 = ( GEOMETRIC_REPRESENTATION_CONTEXT(2) 
PARAMETRIC_REPRESENTATION_CONTEXT() REPRESENTATION_CONTEXT('2D SPACE',''
  ) );
#13056 = ORIENTED_EDGE('',*,*,#11205,.T.);
#13057 = ORIENTED_EDGE('',*,*,#12982,.F.);
#13058 = ORIENTED_EDGE('',*,*,#5834,.F.);
#13059 = ADVANCED_FACE('',(#13060),#950,.T.);
#13060 = FACE_BOUND('',#13061,.T.);
#13061 = EDGE_LOOP('',(#13062,#13063,#13064,#13085));
#13062 = ORIENTED_EDGE('',*,*,#13011,.T.);
#13063 = ORIENTED_EDGE('',*,*,#7180,.T.);
#13064 = ORIENTED_EDGE('',*,*,#13065,.F.);
#13065 = EDGE_CURVE('',#935,#7181,#13066,.T.);
#13066 = SURFACE_CURVE('',#13067,(#13071,#13078),.PCURVE_S1.);
#13067 = LINE('',#13068,#13069);
#13068 = CARTESIAN_POINT('',(7.201060197759,12.665604407745,-4.));
#13069 = VECTOR('',#13070,1.);
#13070 = DIRECTION('',(0.,0.,1.));
#13071 = PCURVE('',#950,#13072);
#13072 = DEFINITIONAL_REPRESENTATION('',(#13073),#13077);
#13073 = LINE('',#13074,#13075);
#13074 = CARTESIAN_POINT('',(0.61165241411,0.));
#13075 = VECTOR('',#13076,1.);
#13076 = DIRECTION('',(0.,-1.));
#13077 = ( GEOMETRIC_REPRESENTATION_CONTEXT(2) 
PARAMETRIC_REPRESENTATION_CONTEXT() REPRESENTATION_CONTEXT('2D SPACE',''
  ) );
#13078 = PCURVE('',#978,#13079);
#13079 = DEFINITIONAL_REPRESENTATION('',(#13080),#13084);
#13080 = LINE('',#13081,#13082);
#13081 = CARTESIAN_POINT('',(0.,0.));
#13082 = VECTOR('',#13083,1.);
#13083 = DIRECTION('',(0.,-1.));
#13084 = ( GEOMETRIC_REPRESENTATION_CONTEXT(2) 
PARAMETRIC_REPRESENTATION_CONTEXT() REPRESENTATION_CONTEXT('2D SPACE',''
  ) );
#13085 = ORIENTED_EDGE('',*,*,#934,.F.);
#13086 = ADVANCED_FACE('',(#13087),#5822,.T.);
#13087 = FACE_BOUND('',#13088,.T.);
#13088 = EDGE_LOOP('',(#13089,#13110,#13111,#13112));
#13089 = ORIENTED_EDGE('',*,*,#13090,.T.);
#13090 = EDGE_CURVE('',#5779,#11160,#13091,.T.);
#13091 = SURFACE_CURVE('',#13092,(#13096,#13103),.PCURVE_S1.);
#13092 = LINE('',#13093,#13094);
#13093 = CARTESIAN_POINT('',(-11.7300612532,8.64167032357,-4.));
#13094 = VECTOR('',#13095,1.);
#13095 = DIRECTION('',(0.,0.,1.));
#13096 = PCURVE('',#5822,#13097);
#13097 = DEFINITIONAL_REPRESENTATION('',(#13098),#13102);
#13098 = LINE('',#13099,#13100);
#13099 = CARTESIAN_POINT('',(0.,0.));
#13100 = VECTOR('',#13101,1.);
#13101 = DIRECTION('',(0.,-1.));
#13102 = ( GEOMETRIC_REPRESENTATION_CONTEXT(2) 
PARAMETRIC_REPRESENTATION_CONTEXT() REPRESENTATION_CONTEXT('2D SPACE',''
  ) );
#13103 = PCURVE('',#5794,#13104);
#13104 = DEFINITIONAL_REPRESENTATION('',(#13105),#13109);
#13105 = LINE('',#13106,#13107);
#13106 = CARTESIAN_POINT('',(0.588659078772,0.));
#13107 = VECTOR('',#13108,1.);
#13108 = DIRECTION('',(0.,-1.));
#13109 = ( GEOMETRIC_REPRESENTATION_CONTEXT(2) 
PARAMETRIC_REPRESENTATION_CONTEXT() REPRESENTATION_CONTEXT('2D SPACE',''
  ) );
#13110 = ORIENTED_EDGE('',*,*,#11182,.T.);
#13111 = ORIENTED_EDGE('',*,*,#13036,.F.);
#13112 = ORIENTED_EDGE('',*,*,#5806,.F.);
#13113 = ADVANCED_FACE('',(#13114),#978,.T.);
#13114 = FACE_BOUND('',#13115,.T.);
#13115 = EDGE_LOOP('',(#13116,#13117,#13118,#13139));
#13116 = ORIENTED_EDGE('',*,*,#13065,.T.);
#13117 = ORIENTED_EDGE('',*,*,#7203,.T.);
#13118 = ORIENTED_EDGE('',*,*,#13119,.F.);
#13119 = EDGE_CURVE('',#963,#7204,#13120,.T.);
#13120 = SURFACE_CURVE('',#13121,(#13125,#13132),.PCURVE_S1.);
#13121 = LINE('',#13122,#13123);
#13122 = CARTESIAN_POINT('',(7.094124698955,12.08673973434,-4.));
#13123 = VECTOR('',#13124,1.);
#13124 = DIRECTION('',(0.,0.,1.));
#13125 = PCURVE('',#978,#13126);
#13126 = DEFINITIONAL_REPRESENTATION('',(#13127),#13131);
#13127 = LINE('',#13128,#13129);
#13128 = CARTESIAN_POINT('',(0.588659078772,0.));
#13129 = VECTOR('',#13130,1.);
#13130 = DIRECTION('',(0.,-1.));
#13131 = ( GEOMETRIC_REPRESENTATION_CONTEXT(2) 
PARAMETRIC_REPRESENTATION_CONTEXT() REPRESENTATION_CONTEXT('2D SPACE',''
  ) );
#13132 = PCURVE('',#1006,#13133);
#13133 = DEFINITIONAL_REPRESENTATION('',(#13134),#13138);
#13134 = LINE('',#13135,#13136);
#13135 = CARTESIAN_POINT('',(0.,0.));
#13136 = VECTOR('',#13137,1.);
#13137 = DIRECTION('',(0.,-1.));
#13138 = ( GEOMETRIC_REPRESENTATION_CONTEXT(2) 
PARAMETRIC_REPRESENTATION_CONTEXT() REPRESENTATION_CONTEXT('2D SPACE',''
  ) );
#13139 = ORIENTED_EDGE('',*,*,#962,.F.);
#13140 = ADVANCED_FACE('',(#13141),#5794,.T.);
#13141 = FACE_BOUND('',#13142,.T.);
#13142 = EDGE_LOOP('',(#13143,#13164,#13165,#13166));
#13143 = ORIENTED_EDGE('',*,*,#13144,.T.);
#13144 = EDGE_CURVE('',#5751,#11137,#13145,.T.);
#13145 = SURFACE_CURVE('',#13146,(#13150,#13157),.PCURVE_S1.);
#13146 = LINE('',#13147,#13148);
#13147 = CARTESIAN_POINT('',(-11.39692533995,8.156345716401,-4.));
#13148 = VECTOR('',#13149,1.);
#13149 = DIRECTION('',(0.,0.,1.));
#13150 = PCURVE('',#5794,#13151);
#13151 = DEFINITIONAL_REPRESENTATION('',(#13152),#13156);
#13152 = LINE('',#13153,#13154);
#13153 = CARTESIAN_POINT('',(0.,0.));
#13154 = VECTOR('',#13155,1.);
#13155 = DIRECTION('',(0.,-1.));
#13156 = ( GEOMETRIC_REPRESENTATION_CONTEXT(2) 
PARAMETRIC_REPRESENTATION_CONTEXT() REPRESENTATION_CONTEXT('2D SPACE',''
  ) );
#13157 = PCURVE('',#5766,#13158);
#13158 = DEFINITIONAL_REPRESENTATION('',(#13159),#13163);
#13159 = LINE('',#13160,#13161);
#13160 = CARTESIAN_POINT('',(0.564849389437,0.));
#13161 = VECTOR('',#13162,1.);
#13162 = DIRECTION('',(0.,-1.));
#13163 = ( GEOMETRIC_REPRESENTATION_CONTEXT(2) 
PARAMETRIC_REPRESENTATION_CONTEXT() REPRESENTATION_CONTEXT('2D SPACE',''
  ) );
#13164 = ORIENTED_EDGE('',*,*,#11159,.T.);
#13165 = ORIENTED_EDGE('',*,*,#13090,.F.);
#13166 = ORIENTED_EDGE('',*,*,#5778,.F.);
#13167 = ADVANCED_FACE('',(#13168),#1006,.T.);
#13168 = FACE_BOUND('',#13169,.T.);
#13169 = EDGE_LOOP('',(#13170,#13171,#13172,#13193));
#13170 = ORIENTED_EDGE('',*,*,#13119,.T.);
#13171 = ORIENTED_EDGE('',*,*,#7226,.T.);
#13172 = ORIENTED_EDGE('',*,*,#13173,.F.);
#13173 = EDGE_CURVE('',#991,#7227,#13174,.T.);
#13174 = SURFACE_CURVE('',#13175,(#13179,#13186),.PCURVE_S1.);
#13175 = LINE('',#13176,#13177);
#13176 = CARTESIAN_POINT('',(6.903036043186,11.555194855347,-4.));
#13177 = VECTOR('',#13178,1.);
#13178 = DIRECTION('',(0.,0.,1.));
#13179 = PCURVE('',#1006,#13180);
#13180 = DEFINITIONAL_REPRESENTATION('',(#13181),#13185);
#13181 = LINE('',#13182,#13183);
#13182 = CARTESIAN_POINT('',(0.564849389437,0.));
#13183 = VECTOR('',#13184,1.);
#13184 = DIRECTION('',(0.,-1.));
#13185 = ( GEOMETRIC_REPRESENTATION_CONTEXT(2) 
PARAMETRIC_REPRESENTATION_CONTEXT() REPRESENTATION_CONTEXT('2D SPACE',''
  ) );
#13186 = PCURVE('',#1034,#13187);
#13187 = DEFINITIONAL_REPRESENTATION('',(#13188),#13192);
#13188 = LINE('',#13189,#13190);
#13189 = CARTESIAN_POINT('',(0.,0.));
#13190 = VECTOR('',#13191,1.);
#13191 = DIRECTION('',(0.,-1.));
#13192 = ( GEOMETRIC_REPRESENTATION_CONTEXT(2) 
PARAMETRIC_REPRESENTATION_CONTEXT() REPRESENTATION_CONTEXT('2D SPACE',''
  ) );
#13193 = ORIENTED_EDGE('',*,*,#990,.F.);
#13194 = ADVANCED_FACE('',(#13195),#5766,.T.);
#13195 = FACE_BOUND('',#13196,.T.);
#13196 = EDGE_LOOP('',(#13197,#13218,#13219,#13220));
#13197 = ORIENTED_EDGE('',*,*,#13198,.T.);
#13198 = EDGE_CURVE('',#5723,#11114,#13199,.T.);
#13199 = SURFACE_CURVE('',#13200,(#13204,#13211),.PCURVE_S1.);
#13200 = LINE('',#13201,#13202);
#13201 = CARTESIAN_POINT('',(-11.00615838674,7.74847806504,-4.));
#13202 = VECTOR('',#13203,1.);
#13203 = DIRECTION('',(0.,0.,1.));
#13204 = PCURVE('',#5766,#13205);
#13205 = DEFINITIONAL_REPRESENTATION('',(#13206),#13210);
#13206 = LINE('',#13207,#13208);
#13207 = CARTESIAN_POINT('',(0.,0.));
#13208 = VECTOR('',#13209,1.);
#13209 = DIRECTION('',(0.,-1.));
#13210 = ( GEOMETRIC_REPRESENTATION_CONTEXT(2) 
PARAMETRIC_REPRESENTATION_CONTEXT() REPRESENTATION_CONTEXT('2D SPACE',''
  ) );
#13211 = PCURVE('',#5738,#13212);
#13212 = DEFINITIONAL_REPRESENTATION('',(#13213),#13217);
#13213 = LINE('',#13214,#13215);
#13214 = CARTESIAN_POINT('',(1.523484570763,0.));
#13215 = VECTOR('',#13216,1.);
#13216 = DIRECTION('',(0.,-1.));
#13217 = ( GEOMETRIC_REPRESENTATION_CONTEXT(2) 
PARAMETRIC_REPRESENTATION_CONTEXT() REPRESENTATION_CONTEXT('2D SPACE',''
  ) );
#13218 = ORIENTED_EDGE('',*,*,#11136,.T.);
#13219 = ORIENTED_EDGE('',*,*,#13144,.F.);
#13220 = ORIENTED_EDGE('',*,*,#5750,.F.);
#13221 = ADVANCED_FACE('',(#13222),#1034,.T.);
#13222 = FACE_BOUND('',#13223,.T.);
#13223 = EDGE_LOOP('',(#13224,#13225,#13226,#13247));
#13224 = ORIENTED_EDGE('',*,*,#13173,.T.);
#13225 = ORIENTED_EDGE('',*,*,#7249,.T.);
#13226 = ORIENTED_EDGE('',*,*,#13227,.F.);
#13227 = EDGE_CURVE('',#1019,#7250,#13228,.T.);
#13228 = SURFACE_CURVE('',#13229,(#13233,#13240),.PCURVE_S1.);
#13229 = LINE('',#13230,#13231);
#13230 = CARTESIAN_POINT('',(6.121714599799,10.24731793474,-4.));
#13231 = VECTOR('',#13232,1.);
#13232 = DIRECTION('',(0.,0.,1.));
#13233 = PCURVE('',#1034,#13234);
#13234 = DEFINITIONAL_REPRESENTATION('',(#13235),#13239);
#13235 = LINE('',#13236,#13237);
#13236 = CARTESIAN_POINT('',(1.523484570763,0.));
#13237 = VECTOR('',#13238,1.);
#13238 = DIRECTION('',(0.,-1.));
#13239 = ( GEOMETRIC_REPRESENTATION_CONTEXT(2) 
PARAMETRIC_REPRESENTATION_CONTEXT() REPRESENTATION_CONTEXT('2D SPACE',''
  ) );
#13240 = PCURVE('',#1062,#13241);
#13241 = DEFINITIONAL_REPRESENTATION('',(#13242),#13246);
#13242 = LINE('',#13243,#13244);
#13243 = CARTESIAN_POINT('',(0.,0.));
#13244 = VECTOR('',#13245,1.);
#13245 = DIRECTION('',(0.,-1.));
#13246 = ( GEOMETRIC_REPRESENTATION_CONTEXT(2) 
PARAMETRIC_REPRESENTATION_CONTEXT() REPRESENTATION_CONTEXT('2D SPACE',''
  ) );
#13247 = ORIENTED_EDGE('',*,*,#1018,.F.);
#13248 = ADVANCED_FACE('',(#13249),#5738,.T.);
#13249 = FACE_BOUND('',#13250,.T.);
#13250 = EDGE_LOOP('',(#13251,#13272,#13273,#13274));
#13251 = ORIENTED_EDGE('',*,*,#13252,.T.);
#13252 = EDGE_CURVE('',#5695,#11091,#13253,.T.);
#13253 = SURFACE_CURVE('',#13254,(#13258,#13265),.PCURVE_S1.);
#13254 = LINE('',#13255,#13256);
#13255 = CARTESIAN_POINT('',(-9.760424262938,6.871465106111,-4.));
#13256 = VECTOR('',#13257,1.);
#13257 = DIRECTION('',(0.,0.,1.));
#13258 = PCURVE('',#5738,#13259);
#13259 = DEFINITIONAL_REPRESENTATION('',(#13260),#13264);
#13260 = LINE('',#13261,#13262);
#13261 = CARTESIAN_POINT('',(0.,0.));
#13262 = VECTOR('',#13263,1.);
#13263 = DIRECTION('',(0.,-1.));
#13264 = ( GEOMETRIC_REPRESENTATION_CONTEXT(2) 
PARAMETRIC_REPRESENTATION_CONTEXT() REPRESENTATION_CONTEXT('2D SPACE',''
  ) );
#13265 = PCURVE('',#5710,#13266);
#13266 = DEFINITIONAL_REPRESENTATION('',(#13267),#13271);
#13267 = LINE('',#13268,#13269);
#13268 = CARTESIAN_POINT('',(1.071731710829,0.));
#13269 = VECTOR('',#13270,1.);
#13270 = DIRECTION('',(0.,-1.));
#13271 = ( GEOMETRIC_REPRESENTATION_CONTEXT(2) 
PARAMETRIC_REPRESENTATION_CONTEXT() REPRESENTATION_CONTEXT('2D SPACE',''
  ) );
#13272 = ORIENTED_EDGE('',*,*,#11113,.T.);
#13273 = ORIENTED_EDGE('',*,*,#13198,.F.);
#13274 = ORIENTED_EDGE('',*,*,#5722,.F.);
#13275 = ADVANCED_FACE('',(#13276),#1062,.T.);
#13276 = FACE_BOUND('',#13277,.T.);
#13277 = EDGE_LOOP('',(#13278,#13279,#13280,#13301));
#13278 = ORIENTED_EDGE('',*,*,#13227,.T.);
#13279 = ORIENTED_EDGE('',*,*,#7272,.T.);
#13280 = ORIENTED_EDGE('',*,*,#13281,.F.);
#13281 = EDGE_CURVE('',#1047,#7273,#13282,.T.);
#13282 = SURFACE_CURVE('',#13283,(#13287,#13294),.PCURVE_S1.);
#13283 = LINE('',#13284,#13285);
#13284 = CARTESIAN_POINT('',(7.016169628415,9.656929027509,-4.));
#13285 = VECTOR('',#13286,1.);
#13286 = DIRECTION('',(0.,0.,1.));
#13287 = PCURVE('',#1062,#13288);
#13288 = DEFINITIONAL_REPRESENTATION('',(#13289),#13293);
#13289 = LINE('',#13290,#13291);
#13290 = CARTESIAN_POINT('',(1.071731710829,0.));
#13291 = VECTOR('',#13292,1.);
#13292 = DIRECTION('',(0.,-1.));
#13293 = ( GEOMETRIC_REPRESENTATION_CONTEXT(2) 
PARAMETRIC_REPRESENTATION_CONTEXT() REPRESENTATION_CONTEXT('2D SPACE',''
  ) );
#13294 = PCURVE('',#1090,#13295);
#13295 = DEFINITIONAL_REPRESENTATION('',(#13296),#13300);
#13296 = LINE('',#13297,#13298);
#13297 = CARTESIAN_POINT('',(0.,0.));
#13298 = VECTOR('',#13299,1.);
#13299 = DIRECTION('',(0.,-1.));
#13300 = ( GEOMETRIC_REPRESENTATION_CONTEXT(2) 
PARAMETRIC_REPRESENTATION_CONTEXT() REPRESENTATION_CONTEXT('2D SPACE',''
  ) );
#13301 = ORIENTED_EDGE('',*,*,#1046,.F.);
#13302 = ADVANCED_FACE('',(#13303),#5710,.T.);
#13303 = FACE_BOUND('',#13304,.T.);
#13304 = EDGE_LOOP('',(#13305,#13326,#13327,#13328));
#13305 = ORIENTED_EDGE('',*,*,#13306,.T.);
#13306 = EDGE_CURVE('',#5667,#11068,#13307,.T.);
#13307 = SURFACE_CURVE('',#13308,(#13312,#13319),.PCURVE_S1.);
#13308 = LINE('',#13309,#13310);
#13309 = CARTESIAN_POINT('',(-10.33741678915,5.968310365946,-4.));
#13310 = VECTOR('',#13311,1.);
#13311 = DIRECTION('',(0.,0.,1.));
#13312 = PCURVE('',#5710,#13313);
#13313 = DEFINITIONAL_REPRESENTATION('',(#13314),#13318);
#13314 = LINE('',#13315,#13316);
#13315 = CARTESIAN_POINT('',(0.,0.));
#13316 = VECTOR('',#13317,1.);
#13317 = DIRECTION('',(0.,-1.));
#13318 = ( GEOMETRIC_REPRESENTATION_CONTEXT(2) 
PARAMETRIC_REPRESENTATION_CONTEXT() REPRESENTATION_CONTEXT('2D SPACE',''
  ) );
#13319 = PCURVE('',#5682,#13320);
#13320 = DEFINITIONAL_REPRESENTATION('',(#13321),#13325);
#13321 = LINE('',#13322,#13323);
#13322 = CARTESIAN_POINT('',(1.071731710829,0.));
#13323 = VECTOR('',#13324,1.);
#13324 = DIRECTION('',(0.,-1.));
#13325 = ( GEOMETRIC_REPRESENTATION_CONTEXT(2) 
PARAMETRIC_REPRESENTATION_CONTEXT() REPRESENTATION_CONTEXT('2D SPACE',''
  ) );
#13326 = ORIENTED_EDGE('',*,*,#11090,.T.);
#13327 = ORIENTED_EDGE('',*,*,#13252,.F.);
#13328 = ORIENTED_EDGE('',*,*,#5694,.F.);
#13329 = ADVANCED_FACE('',(#13330),#1090,.T.);
#13330 = FACE_BOUND('',#13331,.T.);
#13331 = EDGE_LOOP('',(#13332,#13333,#13334,#13355));
#13332 = ORIENTED_EDGE('',*,*,#13281,.T.);
#13333 = ORIENTED_EDGE('',*,*,#7295,.T.);
#13334 = ORIENTED_EDGE('',*,*,#13335,.F.);
#13335 = EDGE_CURVE('',#1075,#7296,#13336,.T.);
#13336 = SURFACE_CURVE('',#13337,(#13341,#13348),.PCURVE_S1.);
#13337 = LINE('',#13338,#13339);
#13338 = CARTESIAN_POINT('',(7.854064650331,8.988691949636,-4.));
#13339 = VECTOR('',#13340,1.);
#13340 = DIRECTION('',(0.,0.,1.));
#13341 = PCURVE('',#1090,#13342);
#13342 = DEFINITIONAL_REPRESENTATION('',(#13343),#13347);
#13343 = LINE('',#13344,#13345);
#13344 = CARTESIAN_POINT('',(1.071731710829,0.));
#13345 = VECTOR('',#13346,1.);
#13346 = DIRECTION('',(0.,-1.));
#13347 = ( GEOMETRIC_REPRESENTATION_CONTEXT(2) 
PARAMETRIC_REPRESENTATION_CONTEXT() REPRESENTATION_CONTEXT('2D SPACE',''
  ) );
#13348 = PCURVE('',#1118,#13349);
#13349 = DEFINITIONAL_REPRESENTATION('',(#13350),#13354);
#13350 = LINE('',#13351,#13352);
#13351 = CARTESIAN_POINT('',(0.,0.));
#13352 = VECTOR('',#13353,1.);
#13353 = DIRECTION('',(0.,-1.));
#13354 = ( GEOMETRIC_REPRESENTATION_CONTEXT(2) 
PARAMETRIC_REPRESENTATION_CONTEXT() REPRESENTATION_CONTEXT('2D SPACE',''
  ) );
#13355 = ORIENTED_EDGE('',*,*,#1074,.F.);
#13356 = ADVANCED_FACE('',(#13357),#5682,.T.);
#13357 = FACE_BOUND('',#13358,.T.);
#13358 = EDGE_LOOP('',(#13359,#13380,#13381,#13382));
#13359 = ORIENTED_EDGE('',*,*,#13360,.T.);
#13360 = EDGE_CURVE('',#5639,#11045,#13361,.T.);
#13361 = SURFACE_CURVE('',#13362,(#13366,#13373),.PCURVE_S1.);
#13362 = LINE('',#13363,#13364);
#13363 = CARTESIAN_POINT('',(-10.83107547457,5.017042810362,-4.));
#13364 = VECTOR('',#13365,1.);
#13365 = DIRECTION('',(0.,0.,1.));
#13366 = PCURVE('',#5682,#13367);
#13367 = DEFINITIONAL_REPRESENTATION('',(#13368),#13372);
#13368 = LINE('',#13369,#13370);
#13369 = CARTESIAN_POINT('',(0.,0.));
#13370 = VECTOR('',#13371,1.);
#13371 = DIRECTION('',(0.,-1.));
#13372 = ( GEOMETRIC_REPRESENTATION_CONTEXT(2) 
PARAMETRIC_REPRESENTATION_CONTEXT() REPRESENTATION_CONTEXT('2D SPACE',''
  ) );
#13373 = PCURVE('',#5654,#13374);
#13374 = DEFINITIONAL_REPRESENTATION('',(#13375),#13379);
#13375 = LINE('',#13376,#13377);
#13376 = CARTESIAN_POINT('',(1.523484570763,0.));
#13377 = VECTOR('',#13378,1.);
#13378 = DIRECTION('',(0.,-1.));
#13379 = ( GEOMETRIC_REPRESENTATION_CONTEXT(2) 
PARAMETRIC_REPRESENTATION_CONTEXT() REPRESENTATION_CONTEXT('2D SPACE',''
  ) );
#13380 = ORIENTED_EDGE('',*,*,#11067,.T.);
#13381 = ORIENTED_EDGE('',*,*,#13306,.F.);
#13382 = ORIENTED_EDGE('',*,*,#5666,.F.);
#13383 = ADVANCED_FACE('',(#13384),#1118,.T.);
#13384 = FACE_BOUND('',#13385,.T.);
#13385 = EDGE_LOOP('',(#13386,#13387,#13388,#13409));
#13386 = ORIENTED_EDGE('',*,*,#13335,.T.);
#13387 = ORIENTED_EDGE('',*,*,#7318,.T.);
#13388 = ORIENTED_EDGE('',*,*,#13389,.F.);
#13389 = EDGE_CURVE('',#1103,#7319,#13390,.T.);
#13390 = SURFACE_CURVE('',#13391,(#13395,#13402),.PCURVE_S1.);
#13391 = LINE('',#13392,#13393);
#13392 = CARTESIAN_POINT('',(8.85648791411,10.135928994709,-4.));
#13393 = VECTOR('',#13394,1.);
#13394 = DIRECTION('',(0.,0.,1.));
#13395 = PCURVE('',#1118,#13396);
#13396 = DEFINITIONAL_REPRESENTATION('',(#13397),#13401);
#13397 = LINE('',#13398,#13399);
#13398 = CARTESIAN_POINT('',(1.523484570763,0.));
#13399 = VECTOR('',#13400,1.);
#13400 = DIRECTION('',(0.,-1.));
#13401 = ( GEOMETRIC_REPRESENTATION_CONTEXT(2) 
PARAMETRIC_REPRESENTATION_CONTEXT() REPRESENTATION_CONTEXT('2D SPACE',''
  ) );
#13402 = PCURVE('',#1146,#13403);
#13403 = DEFINITIONAL_REPRESENTATION('',(#13404),#13408);
#13404 = LINE('',#13405,#13406);
#13405 = CARTESIAN_POINT('',(0.,0.));
#13406 = VECTOR('',#13407,1.);
#13407 = DIRECTION('',(0.,-1.));
#13408 = ( GEOMETRIC_REPRESENTATION_CONTEXT(2) 
PARAMETRIC_REPRESENTATION_CONTEXT() REPRESENTATION_CONTEXT('2D SPACE',''
  ) );
#13409 = ORIENTED_EDGE('',*,*,#1102,.F.);
#13410 = ADVANCED_FACE('',(#13411),#5654,.T.);
#13411 = FACE_BOUND('',#13412,.T.);
#13412 = EDGE_LOOP('',(#13413,#13434,#13435,#13436));
#13413 = ORIENTED_EDGE('',*,*,#13414,.T.);
#13414 = EDGE_CURVE('',#5611,#11022,#13415,.T.);
#13415 = SURFACE_CURVE('',#13416,(#13420,#13427),.PCURVE_S1.);
#13416 = LINE('',#13417,#13418);
#13417 = CARTESIAN_POINT('',(-12.21345803836,5.657373728478,-4.));
#13418 = VECTOR('',#13419,1.);
#13419 = DIRECTION('',(0.,0.,1.));
#13420 = PCURVE('',#5654,#13421);
#13421 = DEFINITIONAL_REPRESENTATION('',(#13422),#13426);
#13422 = LINE('',#13423,#13424);
#13423 = CARTESIAN_POINT('',(0.,0.));
#13424 = VECTOR('',#13425,1.);
#13425 = DIRECTION('',(0.,-1.));
#13426 = ( GEOMETRIC_REPRESENTATION_CONTEXT(2) 
PARAMETRIC_REPRESENTATION_CONTEXT() REPRESENTATION_CONTEXT('2D SPACE',''
  ) );
#13427 = PCURVE('',#5626,#13428);
#13428 = DEFINITIONAL_REPRESENTATION('',(#13429),#13433);
#13429 = LINE('',#13430,#13431);
#13430 = CARTESIAN_POINT('',(0.564849389437,0.));
#13431 = VECTOR('',#13432,1.);
#13432 = DIRECTION('',(0.,-1.));
#13433 = ( GEOMETRIC_REPRESENTATION_CONTEXT(2) 
PARAMETRIC_REPRESENTATION_CONTEXT() REPRESENTATION_CONTEXT('2D SPACE',''
  ) );
#13434 = ORIENTED_EDGE('',*,*,#11044,.T.);
#13435 = ORIENTED_EDGE('',*,*,#13360,.F.);
#13436 = ORIENTED_EDGE('',*,*,#5638,.F.);
#13437 = ADVANCED_FACE('',(#13438),#1146,.T.);
#13438 = FACE_BOUND('',#13439,.T.);
#13439 = EDGE_LOOP('',(#13440,#13441,#13442,#13463));
#13440 = ORIENTED_EDGE('',*,*,#13389,.T.);
#13441 = ORIENTED_EDGE('',*,*,#7341,.T.);
#13442 = ORIENTED_EDGE('',*,*,#13443,.F.);
#13443 = EDGE_CURVE('',#1131,#7342,#13444,.T.);
#13444 = SURFACE_CURVE('',#13445,(#13449,#13456),.PCURVE_S1.);
#13445 = LINE('',#13446,#13447);
#13446 = CARTESIAN_POINT('',(9.302967492916,10.48192150685,-4.));
#13447 = VECTOR('',#13448,1.);
#13448 = DIRECTION('',(0.,0.,1.));
#13449 = PCURVE('',#1146,#13450);
#13450 = DEFINITIONAL_REPRESENTATION('',(#13451),#13455);
#13451 = LINE('',#13452,#13453);
#13452 = CARTESIAN_POINT('',(0.564849389437,0.));
#13453 = VECTOR('',#13454,1.);
#13454 = DIRECTION('',(0.,-1.));
#13455 = ( GEOMETRIC_REPRESENTATION_CONTEXT(2) 
PARAMETRIC_REPRESENTATION_CONTEXT() REPRESENTATION_CONTEXT('2D SPACE',''
  ) );
#13456 = PCURVE('',#1174,#13457);
#13457 = DEFINITIONAL_REPRESENTATION('',(#13458),#13462);
#13458 = LINE('',#13459,#13460);
#13459 = CARTESIAN_POINT('',(0.,0.));
#13460 = VECTOR('',#13461,1.);
#13461 = DIRECTION('',(0.,-1.));
#13462 = ( GEOMETRIC_REPRESENTATION_CONTEXT(2) 
PARAMETRIC_REPRESENTATION_CONTEXT() REPRESENTATION_CONTEXT('2D SPACE',''
  ) );
#13463 = ORIENTED_EDGE('',*,*,#1130,.F.);
#13464 = ADVANCED_FACE('',(#13465),#5626,.T.);
#13465 = FACE_BOUND('',#13466,.T.);
#13466 = EDGE_LOOP('',(#13467,#13488,#13489,#13490));
#13467 = ORIENTED_EDGE('',*,*,#13468,.T.);
#13468 = EDGE_CURVE('',#5583,#10999,#13469,.T.);
#13469 = SURFACE_CURVE('',#13470,(#13474,#13481),.PCURVE_S1.);
#13470 = LINE('',#13471,#13472);
#13471 = CARTESIAN_POINT('',(-12.76206526243,5.791854011237,-4.));
#13472 = VECTOR('',#13473,1.);
#13473 = DIRECTION('',(0.,0.,1.));
#13474 = PCURVE('',#5626,#13475);
#13475 = DEFINITIONAL_REPRESENTATION('',(#13476),#13480);
#13476 = LINE('',#13477,#13478);
#13477 = CARTESIAN_POINT('',(0.,0.));
#13478 = VECTOR('',#13479,1.);
#13479 = DIRECTION('',(0.,-1.));
#13480 = ( GEOMETRIC_REPRESENTATION_CONTEXT(2) 
PARAMETRIC_REPRESENTATION_CONTEXT() REPRESENTATION_CONTEXT('2D SPACE',''
  ) );
#13481 = PCURVE('',#5598,#13482);
#13482 = DEFINITIONAL_REPRESENTATION('',(#13483),#13487);
#13483 = LINE('',#13484,#13485);
#13484 = CARTESIAN_POINT('',(0.588659078772,0.));
#13485 = VECTOR('',#13486,1.);
#13486 = DIRECTION('',(0.,-1.));
#13487 = ( GEOMETRIC_REPRESENTATION_CONTEXT(2) 
PARAMETRIC_REPRESENTATION_CONTEXT() REPRESENTATION_CONTEXT('2D SPACE',''
  ) );
#13488 = ORIENTED_EDGE('',*,*,#11021,.T.);
#13489 = ORIENTED_EDGE('',*,*,#13414,.F.);
#13490 = ORIENTED_EDGE('',*,*,#5610,.F.);
#13491 = ADVANCED_FACE('',(#13492),#1174,.T.);
#13492 = FACE_BOUND('',#13493,.T.);
#13493 = EDGE_LOOP('',(#13494,#13495,#13496,#13517));
#13494 = ORIENTED_EDGE('',*,*,#13443,.T.);
#13495 = ORIENTED_EDGE('',*,*,#7364,.T.);
#13496 = ORIENTED_EDGE('',*,*,#13497,.F.);
#13497 = EDGE_CURVE('',#1159,#7365,#13498,.T.);
#13498 = SURFACE_CURVE('',#13499,(#13503,#13510),.PCURVE_S1.);
#13499 = LINE('',#13500,#13501);
#13500 = CARTESIAN_POINT('',(9.820455626178,10.762502231336,-4.));
#13501 = VECTOR('',#13502,1.);
#13502 = DIRECTION('',(0.,0.,1.));
#13503 = PCURVE('',#1174,#13504);
#13504 = DEFINITIONAL_REPRESENTATION('',(#13505),#13509);
#13505 = LINE('',#13506,#13507);
#13506 = CARTESIAN_POINT('',(0.588659078772,0.));
#13507 = VECTOR('',#13508,1.);
#13508 = DIRECTION('',(0.,-1.));
#13509 = ( GEOMETRIC_REPRESENTATION_CONTEXT(2) 
PARAMETRIC_REPRESENTATION_CONTEXT() REPRESENTATION_CONTEXT('2D SPACE',''
  ) );
#13510 = PCURVE('',#1202,#13511);
#13511 = DEFINITIONAL_REPRESENTATION('',(#13512),#13516);
#13512 = LINE('',#13513,#13514);
#13513 = CARTESIAN_POINT('',(0.,0.));
#13514 = VECTOR('',#13515,1.);
#13515 = DIRECTION('',(0.,-1.));
#13516 = ( GEOMETRIC_REPRESENTATION_CONTEXT(2) 
PARAMETRIC_REPRESENTATION_CONTEXT() REPRESENTATION_CONTEXT('2D SPACE',''
  ) );
#13517 = ORIENTED_EDGE('',*,*,#1158,.F.);
#13518 = ADVANCED_FACE('',(#13519),#5598,.T.);
#13519 = FACE_BOUND('',#13520,.T.);
#13520 = EDGE_LOOP('',(#13521,#13542,#13543,#13544));
#13521 = ORIENTED_EDGE('',*,*,#13522,.T.);
#13522 = EDGE_CURVE('',#5555,#10976,#13523,.T.);
#13523 = SURFACE_CURVE('',#13524,(#13528,#13535),.PCURVE_S1.);
#13524 = LINE('',#13525,#13526);
#13525 = CARTESIAN_POINT('',(-13.34893665794,5.837695871438,-4.));
#13526 = VECTOR('',#13527,1.);
#13527 = DIRECTION('',(0.,0.,1.));
#13528 = PCURVE('',#5598,#13529);
#13529 = DEFINITIONAL_REPRESENTATION('',(#13530),#13534);
#13530 = LINE('',#13531,#13532);
#13531 = CARTESIAN_POINT('',(0.,0.));
#13532 = VECTOR('',#13533,1.);
#13533 = DIRECTION('',(0.,-1.));
#13534 = ( GEOMETRIC_REPRESENTATION_CONTEXT(2) 
PARAMETRIC_REPRESENTATION_CONTEXT() REPRESENTATION_CONTEXT('2D SPACE',''
  ) );
#13535 = PCURVE('',#5570,#13536);
#13536 = DEFINITIONAL_REPRESENTATION('',(#13537),#13541);
#13537 = LINE('',#13538,#13539);
#13538 = CARTESIAN_POINT('',(0.61165241411,0.));
#13539 = VECTOR('',#13540,1.);
#13540 = DIRECTION('',(0.,-1.));
#13541 = ( GEOMETRIC_REPRESENTATION_CONTEXT(2) 
PARAMETRIC_REPRESENTATION_CONTEXT() REPRESENTATION_CONTEXT('2D SPACE',''
  ) );
#13542 = ORIENTED_EDGE('',*,*,#10998,.T.);
#13543 = ORIENTED_EDGE('',*,*,#13468,.F.);
#13544 = ORIENTED_EDGE('',*,*,#5582,.F.);
#13545 = ADVANCED_FACE('',(#13546),#1202,.T.);
#13546 = FACE_BOUND('',#13547,.T.);
#13547 = EDGE_LOOP('',(#13548,#13549,#13550,#13571));
#13548 = ORIENTED_EDGE('',*,*,#13497,.T.);
#13549 = ORIENTED_EDGE('',*,*,#7387,.T.);
#13550 = ORIENTED_EDGE('',*,*,#13551,.F.);
#13551 = EDGE_CURVE('',#1187,#7388,#13552,.T.);
#13552 = SURFACE_CURVE('',#13553,(#13557,#13564),.PCURVE_S1.);
#13553 = LINE('',#13554,#13555);
#13554 = CARTESIAN_POINT('',(10.386741638283,10.993670629222,-4.));
#13555 = VECTOR('',#13556,1.);
#13556 = DIRECTION('',(0.,0.,1.));
#13557 = PCURVE('',#1202,#13558);
#13558 = DEFINITIONAL_REPRESENTATION('',(#13559),#13563);
#13559 = LINE('',#13560,#13561);
#13560 = CARTESIAN_POINT('',(0.61165241411,0.));
#13561 = VECTOR('',#13562,1.);
#13562 = DIRECTION('',(0.,-1.));
#13563 = ( GEOMETRIC_REPRESENTATION_CONTEXT(2) 
PARAMETRIC_REPRESENTATION_CONTEXT() REPRESENTATION_CONTEXT('2D SPACE',''
  ) );
#13564 = PCURVE('',#1230,#13565);
#13565 = DEFINITIONAL_REPRESENTATION('',(#13566),#13570);
#13566 = LINE('',#13567,#13568);
#13567 = CARTESIAN_POINT('',(0.,0.));
#13568 = VECTOR('',#13569,1.);
#13569 = DIRECTION('',(0.,-1.));
#13570 = ( GEOMETRIC_REPRESENTATION_CONTEXT(2) 
PARAMETRIC_REPRESENTATION_CONTEXT() REPRESENTATION_CONTEXT('2D SPACE',''
  ) );
#13571 = ORIENTED_EDGE('',*,*,#1186,.F.);
#13572 = ADVANCED_FACE('',(#13573),#5570,.T.);
#13573 = FACE_BOUND('',#13574,.T.);
#13574 = EDGE_LOOP('',(#13575,#13596,#13597,#13598));
#13575 = ORIENTED_EDGE('',*,*,#13576,.T.);
#13576 = EDGE_CURVE('',#5527,#10953,#13577,.T.);
#13577 = SURFACE_CURVE('',#13578,(#13582,#13589),.PCURVE_S1.);
#13578 = LINE('',#13579,#13580);
#13579 = CARTESIAN_POINT('',(-13.96028933017,5.818549439694,-4.));
#13580 = VECTOR('',#13581,1.);
#13581 = DIRECTION('',(0.,0.,1.));
#13582 = PCURVE('',#5570,#13583);
#13583 = DEFINITIONAL_REPRESENTATION('',(#13584),#13588);
#13584 = LINE('',#13585,#13586);
#13585 = CARTESIAN_POINT('',(0.,0.));
#13586 = VECTOR('',#13587,1.);
#13587 = DIRECTION('',(0.,-1.));
#13588 = ( GEOMETRIC_REPRESENTATION_CONTEXT(2) 
PARAMETRIC_REPRESENTATION_CONTEXT() REPRESENTATION_CONTEXT('2D SPACE',''
  ) );
#13589 = PCURVE('',#5542,#13590);
#13590 = DEFINITIONAL_REPRESENTATION('',(#13591),#13595);
#13591 = LINE('',#13592,#13593);
#13592 = CARTESIAN_POINT('',(0.634569085755,0.));
#13593 = VECTOR('',#13594,1.);
#13594 = DIRECTION('',(0.,-1.));
#13595 = ( GEOMETRIC_REPRESENTATION_CONTEXT(2) 
PARAMETRIC_REPRESENTATION_CONTEXT() REPRESENTATION_CONTEXT('2D SPACE',''
  ) );
#13596 = ORIENTED_EDGE('',*,*,#10975,.T.);
#13597 = ORIENTED_EDGE('',*,*,#13522,.F.);
#13598 = ORIENTED_EDGE('',*,*,#5554,.F.);
#13599 = ADVANCED_FACE('',(#13600),#1230,.T.);
#13600 = FACE_BOUND('',#13601,.T.);
#13601 = EDGE_LOOP('',(#13602,#13603,#13604,#13625));
#13602 = ORIENTED_EDGE('',*,*,#13551,.T.);
#13603 = ORIENTED_EDGE('',*,*,#7410,.T.);
#13604 = ORIENTED_EDGE('',*,*,#13605,.F.);
#13605 = EDGE_CURVE('',#1215,#7411,#13606,.T.);
#13606 = SURFACE_CURVE('',#13607,(#13611,#13618),.PCURVE_S1.);
#13607 = LINE('',#13608,#13609);
#13608 = CARTESIAN_POINT('',(10.993589632674,11.179179217432,-4.));
#13609 = VECTOR('',#13610,1.);
#13610 = DIRECTION('',(0.,0.,1.));
#13611 = PCURVE('',#1230,#13612);
#13612 = DEFINITIONAL_REPRESENTATION('',(#13613),#13617);
#13613 = LINE('',#13614,#13615);
#13614 = CARTESIAN_POINT('',(0.634569085755,0.));
#13615 = VECTOR('',#13616,1.);
#13616 = DIRECTION('',(0.,-1.));
#13617 = ( GEOMETRIC_REPRESENTATION_CONTEXT(2) 
PARAMETRIC_REPRESENTATION_CONTEXT() REPRESENTATION_CONTEXT('2D SPACE',''
  ) );
#13618 = PCURVE('',#1258,#13619);
#13619 = DEFINITIONAL_REPRESENTATION('',(#13620),#13624);
#13620 = LINE('',#13621,#13622);
#13621 = CARTESIAN_POINT('',(0.,0.));
#13622 = VECTOR('',#13623,1.);
#13623 = DIRECTION('',(0.,-1.));
#13624 = ( GEOMETRIC_REPRESENTATION_CONTEXT(2) 
PARAMETRIC_REPRESENTATION_CONTEXT() REPRESENTATION_CONTEXT('2D SPACE',''
  ) );
#13625 = ORIENTED_EDGE('',*,*,#1214,.F.);
#13626 = ADVANCED_FACE('',(#13627),#5542,.T.);
#13627 = FACE_BOUND('',#13628,.T.);
#13628 = EDGE_LOOP('',(#13629,#13650,#13651,#13652));
#13629 = ORIENTED_EDGE('',*,*,#13630,.T.);
#13630 = EDGE_CURVE('',#5499,#10930,#13631,.T.);
#13631 = SURFACE_CURVE('',#13632,(#13636,#13643),.PCURVE_S1.);
#13632 = LINE('',#13633,#13634);
#13633 = CARTESIAN_POINT('',(-14.59012569935,5.741192651711,-4.));
#13634 = VECTOR('',#13635,1.);
#13635 = DIRECTION('',(0.,0.,1.));
#13636 = PCURVE('',#5542,#13637);
#13637 = DEFINITIONAL_REPRESENTATION('',(#13638),#13642);
#13638 = LINE('',#13639,#13640);
#13639 = CARTESIAN_POINT('',(0.,0.));
#13640 = VECTOR('',#13641,1.);
#13641 = DIRECTION('',(0.,-1.));
#13642 = ( GEOMETRIC_REPRESENTATION_CONTEXT(2) 
PARAMETRIC_REPRESENTATION_CONTEXT() REPRESENTATION_CONTEXT('2D SPACE',''
  ) );
#13643 = PCURVE('',#5514,#13644);
#13644 = DEFINITIONAL_REPRESENTATION('',(#13645),#13649);
#13645 = LINE('',#13646,#13647);
#13646 = CARTESIAN_POINT('',(0.657460972665,0.));
#13647 = VECTOR('',#13648,1.);
#13648 = DIRECTION('',(0.,-1.));
#13649 = ( GEOMETRIC_REPRESENTATION_CONTEXT(2) 
PARAMETRIC_REPRESENTATION_CONTEXT() REPRESENTATION_CONTEXT('2D SPACE',''
  ) );
#13650 = ORIENTED_EDGE('',*,*,#10952,.T.);
#13651 = ORIENTED_EDGE('',*,*,#13576,.F.);
#13652 = ORIENTED_EDGE('',*,*,#5526,.F.);
#13653 = ADVANCED_FACE('',(#13654),#1258,.T.);
#13654 = FACE_BOUND('',#13655,.T.);
#13655 = EDGE_LOOP('',(#13656,#13657,#13658,#13679));
#13656 = ORIENTED_EDGE('',*,*,#13605,.T.);
#13657 = ORIENTED_EDGE('',*,*,#7433,.T.);
#13658 = ORIENTED_EDGE('',*,*,#13659,.F.);
#13659 = EDGE_CURVE('',#1243,#7434,#13660,.T.);
#13660 = SURFACE_CURVE('',#13661,(#13665,#13672),.PCURVE_S1.);
#13661 = LINE('',#13662,#13663);
#13662 = CARTESIAN_POINT('',(11.635763243159,11.320133055882,-4.));
#13663 = VECTOR('',#13664,1.);
#13664 = DIRECTION('',(0.,0.,1.));
#13665 = PCURVE('',#1258,#13666);
#13666 = DEFINITIONAL_REPRESENTATION('',(#13667),#13671);
#13667 = LINE('',#13668,#13669);
#13668 = CARTESIAN_POINT('',(0.657460972665,0.));
#13669 = VECTOR('',#13670,1.);
#13670 = DIRECTION('',(0.,-1.));
#13671 = ( GEOMETRIC_REPRESENTATION_CONTEXT(2) 
PARAMETRIC_REPRESENTATION_CONTEXT() REPRESENTATION_CONTEXT('2D SPACE',''
  ) );
#13672 = PCURVE('',#1286,#13673);
#13673 = DEFINITIONAL_REPRESENTATION('',(#13674),#13678);
#13674 = LINE('',#13675,#13676);
#13675 = CARTESIAN_POINT('',(0.,0.));
#13676 = VECTOR('',#13677,1.);
#13677 = DIRECTION('',(0.,-1.));
#13678 = ( GEOMETRIC_REPRESENTATION_CONTEXT(2) 
PARAMETRIC_REPRESENTATION_CONTEXT() REPRESENTATION_CONTEXT('2D SPACE',''
  ) );
#13679 = ORIENTED_EDGE('',*,*,#1242,.F.);
#13680 = ADVANCED_FACE('',(#13681),#5514,.T.);
#13681 = FACE_BOUND('',#13682,.T.);
#13682 = EDGE_LOOP('',(#13683,#13704,#13705,#13706));
#13683 = ORIENTED_EDGE('',*,*,#13684,.T.);
#13684 = EDGE_CURVE('',#5471,#10907,#13685,.T.);
#13685 = SURFACE_CURVE('',#13686,(#13690,#13697),.PCURVE_S1.);
#13686 = LINE('',#13687,#13688);
#13687 = CARTESIAN_POINT('',(-15.23411157531,5.608764851964,-4.));
#13688 = VECTOR('',#13689,1.);
#13689 = DIRECTION('',(0.,0.,1.));
#13690 = PCURVE('',#5514,#13691);
#13691 = DEFINITIONAL_REPRESENTATION('',(#13692),#13696);
#13692 = LINE('',#13693,#13694);
#13693 = CARTESIAN_POINT('',(0.,0.));
#13694 = VECTOR('',#13695,1.);
#13695 = DIRECTION('',(0.,-1.));
#13696 = ( GEOMETRIC_REPRESENTATION_CONTEXT(2) 
PARAMETRIC_REPRESENTATION_CONTEXT() REPRESENTATION_CONTEXT('2D SPACE',''
  ) );
#13697 = PCURVE('',#5486,#13698);
#13698 = DEFINITIONAL_REPRESENTATION('',(#13699),#13703);
#13699 = LINE('',#13700,#13701);
#13700 = CARTESIAN_POINT('',(1.253305979702,0.));
#13701 = VECTOR('',#13702,1.);
#13702 = DIRECTION('',(0.,-1.));
#13703 = ( GEOMETRIC_REPRESENTATION_CONTEXT(2) 
PARAMETRIC_REPRESENTATION_CONTEXT() REPRESENTATION_CONTEXT('2D SPACE',''
  ) );
#13704 = ORIENTED_EDGE('',*,*,#10929,.T.);
#13705 = ORIENTED_EDGE('',*,*,#13630,.F.);
#13706 = ORIENTED_EDGE('',*,*,#5498,.F.);
#13707 = ADVANCED_FACE('',(#13708),#1286,.T.);
#13708 = FACE_BOUND('',#13709,.T.);
#13709 = EDGE_LOOP('',(#13710,#13711,#13712,#13733));
#13710 = ORIENTED_EDGE('',*,*,#13659,.T.);
#13711 = ORIENTED_EDGE('',*,*,#7456,.T.);
#13712 = ORIENTED_EDGE('',*,*,#13713,.F.);
#13713 = EDGE_CURVE('',#1271,#7457,#13714,.T.);
#13714 = SURFACE_CURVE('',#13715,(#13719,#13726),.PCURVE_S1.);
#13715 = LINE('',#13716,#13717);
#13716 = CARTESIAN_POINT('',(12.47438863331,10.388745202326,-4.));
#13717 = VECTOR('',#13718,1.);
#13718 = DIRECTION('',(0.,0.,1.));
#13719 = PCURVE('',#1286,#13720);
#13720 = DEFINITIONAL_REPRESENTATION('',(#13721),#13725);
#13721 = LINE('',#13722,#13723);
#13722 = CARTESIAN_POINT('',(1.253305979702,0.));
#13723 = VECTOR('',#13724,1.);
#13724 = DIRECTION('',(0.,-1.));
#13725 = ( GEOMETRIC_REPRESENTATION_CONTEXT(2) 
PARAMETRIC_REPRESENTATION_CONTEXT() REPRESENTATION_CONTEXT('2D SPACE',''
  ) );
#13726 = PCURVE('',#1314,#13727);
#13727 = DEFINITIONAL_REPRESENTATION('',(#13728),#13732);
#13728 = LINE('',#13729,#13730);
#13729 = CARTESIAN_POINT('',(0.,0.));
#13730 = VECTOR('',#13731,1.);
#13731 = DIRECTION('',(0.,-1.));
#13732 = ( GEOMETRIC_REPRESENTATION_CONTEXT(2) 
PARAMETRIC_REPRESENTATION_CONTEXT() REPRESENTATION_CONTEXT('2D SPACE',''
  ) );
#13733 = ORIENTED_EDGE('',*,*,#1270,.F.);
#13734 = ADVANCED_FACE('',(#13735),#5486,.T.);
#13735 = FACE_BOUND('',#13736,.T.);
#13736 = EDGE_LOOP('',(#13737,#13758,#13759,#13760));
#13737 = ORIENTED_EDGE('',*,*,#13738,.T.);
#13738 = EDGE_CURVE('',#5443,#10884,#13739,.T.);
#13739 = SURFACE_CURVE('',#13740,(#13744,#13751),.PCURVE_S1.);
#13740 = LINE('',#13741,#13742);
#13741 = CARTESIAN_POINT('',(-15.62140442219,4.416800033056,-4.));
#13742 = VECTOR('',#13743,1.);
#13743 = DIRECTION('',(0.,0.,1.));
#13744 = PCURVE('',#5486,#13745);
#13745 = DEFINITIONAL_REPRESENTATION('',(#13746),#13750);
#13746 = LINE('',#13747,#13748);
#13747 = CARTESIAN_POINT('',(0.,0.));
#13748 = VECTOR('',#13749,1.);
#13749 = DIRECTION('',(0.,-1.));
#13750 = ( GEOMETRIC_REPRESENTATION_CONTEXT(2) 
PARAMETRIC_REPRESENTATION_CONTEXT() REPRESENTATION_CONTEXT('2D SPACE',''
  ) );
#13751 = PCURVE('',#5458,#13752);
#13752 = DEFINITIONAL_REPRESENTATION('',(#13753),#13757);
#13753 = LINE('',#13754,#13755);
#13754 = CARTESIAN_POINT('',(0.657460972665,0.));
#13755 = VECTOR('',#13756,1.);
#13756 = DIRECTION('',(0.,-1.));
#13757 = ( GEOMETRIC_REPRESENTATION_CONTEXT(2) 
PARAMETRIC_REPRESENTATION_CONTEXT() REPRESENTATION_CONTEXT('2D SPACE',''
  ) );
#13758 = ORIENTED_EDGE('',*,*,#10906,.T.);
#13759 = ORIENTED_EDGE('',*,*,#13684,.F.);
#13760 = ORIENTED_EDGE('',*,*,#5470,.F.);
#13761 = ADVANCED_FACE('',(#13762),#1314,.T.);
#13762 = FACE_BOUND('',#13763,.T.);
#13763 = EDGE_LOOP('',(#13764,#13765,#13766,#13787));
#13764 = ORIENTED_EDGE('',*,*,#13713,.T.);
#13765 = ORIENTED_EDGE('',*,*,#7479,.T.);
#13766 = ORIENTED_EDGE('',*,*,#13767,.F.);
#13767 = EDGE_CURVE('',#1299,#7480,#13768,.T.);
#13768 = SURFACE_CURVE('',#13769,(#13773,#13780),.PCURVE_S1.);
#13769 = LINE('',#13770,#13771);
#13770 = CARTESIAN_POINT('',(12.267081534081,9.764823174196,-4.));
#13771 = VECTOR('',#13772,1.);
#13772 = DIRECTION('',(0.,0.,1.));
#13773 = PCURVE('',#1314,#13774);
#13774 = DEFINITIONAL_REPRESENTATION('',(#13775),#13779);
#13775 = LINE('',#13776,#13777);
#13776 = CARTESIAN_POINT('',(0.657460972665,0.));
#13777 = VECTOR('',#13778,1.);
#13778 = DIRECTION('',(0.,-1.));
#13779 = ( GEOMETRIC_REPRESENTATION_CONTEXT(2) 
PARAMETRIC_REPRESENTATION_CONTEXT() REPRESENTATION_CONTEXT('2D SPACE',''
  ) );
#13780 = PCURVE('',#1342,#13781);
#13781 = DEFINITIONAL_REPRESENTATION('',(#13782),#13786);
#13782 = LINE('',#13783,#13784);
#13783 = CARTESIAN_POINT('',(0.,0.));
#13784 = VECTOR('',#13785,1.);
#13785 = DIRECTION('',(0.,-1.));
#13786 = ( GEOMETRIC_REPRESENTATION_CONTEXT(2) 
PARAMETRIC_REPRESENTATION_CONTEXT() REPRESENTATION_CONTEXT('2D SPACE',''
  ) );
#13787 = ORIENTED_EDGE('',*,*,#1298,.F.);
#13788 = ADVANCED_FACE('',(#13789),#5458,.T.);
#13789 = FACE_BOUND('',#13790,.T.);
#13790 = EDGE_LOOP('',(#13791,#13812,#13813,#13814));
#13791 = ORIENTED_EDGE('',*,*,#13792,.T.);
#13792 = EDGE_CURVE('',#5415,#10861,#13793,.T.);
#13793 = SURFACE_CURVE('',#13794,(#13798,#13805),.PCURVE_S1.);
#13794 = LINE('',#13795,#13796);
#13795 = CARTESIAN_POINT('',(-15.17824801209,3.93113829196,-4.));
#13796 = VECTOR('',#13797,1.);
#13797 = DIRECTION('',(0.,0.,1.));
#13798 = PCURVE('',#5458,#13799);
#13799 = DEFINITIONAL_REPRESENTATION('',(#13800),#13804);
#13800 = LINE('',#13801,#13802);
#13801 = CARTESIAN_POINT('',(0.,0.));
#13802 = VECTOR('',#13803,1.);
#13803 = DIRECTION('',(0.,-1.));
#13804 = ( GEOMETRIC_REPRESENTATION_CONTEXT(2) 
PARAMETRIC_REPRESENTATION_CONTEXT() REPRESENTATION_CONTEXT('2D SPACE',''
  ) );
#13805 = PCURVE('',#5430,#13806);
#13806 = DEFINITIONAL_REPRESENTATION('',(#13807),#13811);
#13807 = LINE('',#13808,#13809);
#13808 = CARTESIAN_POINT('',(0.634569085755,0.));
#13809 = VECTOR('',#13810,1.);
#13810 = DIRECTION('',(0.,-1.));
#13811 = ( GEOMETRIC_REPRESENTATION_CONTEXT(2) 
PARAMETRIC_REPRESENTATION_CONTEXT() REPRESENTATION_CONTEXT('2D SPACE',''
  ) );
#13812 = ORIENTED_EDGE('',*,*,#10883,.T.);
#13813 = ORIENTED_EDGE('',*,*,#13738,.F.);
#13814 = ORIENTED_EDGE('',*,*,#5442,.F.);
#13815 = ADVANCED_FACE('',(#13816),#1342,.T.);
#13816 = FACE_BOUND('',#13817,.T.);
#13817 = EDGE_LOOP('',(#13818,#13819,#13820,#13841));
#13818 = ORIENTED_EDGE('',*,*,#13767,.T.);
#13819 = ORIENTED_EDGE('',*,*,#7502,.T.);
#13820 = ORIENTED_EDGE('',*,*,#13821,.F.);
#13821 = EDGE_CURVE('',#1327,#7503,#13822,.T.);
#13822 = SURFACE_CURVE('',#13823,(#13827,#13834),.PCURVE_S1.);
#13823 = LINE('',#13824,#13825);
#13824 = CARTESIAN_POINT('',(12.019156293037,9.180690484262,-4.));
#13825 = VECTOR('',#13826,1.);
#13826 = DIRECTION('',(0.,0.,1.));
#13827 = PCURVE('',#1342,#13828);
#13828 = DEFINITIONAL_REPRESENTATION('',(#13829),#13833);
#13829 = LINE('',#13830,#13831);
#13830 = CARTESIAN_POINT('',(0.634569085755,0.));
#13831 = VECTOR('',#13832,1.);
#13832 = DIRECTION('',(0.,-1.));
#13833 = ( GEOMETRIC_REPRESENTATION_CONTEXT(2) 
PARAMETRIC_REPRESENTATION_CONTEXT() REPRESENTATION_CONTEXT('2D SPACE',''
  ) );
#13834 = PCURVE('',#1370,#13835);
#13835 = DEFINITIONAL_REPRESENTATION('',(#13836),#13840);
#13836 = LINE('',#13837,#13838);
#13837 = CARTESIAN_POINT('',(0.,0.));
#13838 = VECTOR('',#13839,1.);
#13839 = DIRECTION('',(0.,-1.));
#13840 = ( GEOMETRIC_REPRESENTATION_CONTEXT(2) 
PARAMETRIC_REPRESENTATION_CONTEXT() REPRESENTATION_CONTEXT('2D SPACE',''
  ) );
#13841 = ORIENTED_EDGE('',*,*,#1326,.F.);
#13842 = ADVANCED_FACE('',(#13843),#5430,.T.);
#13843 = FACE_BOUND('',#13844,.T.);
#13844 = EDGE_LOOP('',(#13845,#13866,#13867,#13868));
#13845 = ORIENTED_EDGE('',*,*,#13846,.T.);
#13846 = EDGE_CURVE('',#5387,#10838,#13847,.T.);
#13847 = SURFACE_CURVE('',#13848,(#13852,#13859),.PCURVE_S1.);
#13848 = LINE('',#13849,#13850);
#13849 = CARTESIAN_POINT('',(-14.71416886488,3.498346806687,-4.));
#13850 = VECTOR('',#13851,1.);
#13851 = DIRECTION('',(0.,0.,1.));
#13852 = PCURVE('',#5430,#13853);
#13853 = DEFINITIONAL_REPRESENTATION('',(#13854),#13858);
#13854 = LINE('',#13855,#13856);
#13855 = CARTESIAN_POINT('',(0.,0.));
#13856 = VECTOR('',#13857,1.);
#13857 = DIRECTION('',(0.,-1.));
#13858 = ( GEOMETRIC_REPRESENTATION_CONTEXT(2) 
PARAMETRIC_REPRESENTATION_CONTEXT() REPRESENTATION_CONTEXT('2D SPACE',''
  ) );
#13859 = PCURVE('',#5402,#13860);
#13860 = DEFINITIONAL_REPRESENTATION('',(#13861),#13865);
#13861 = LINE('',#13862,#13863);
#13862 = CARTESIAN_POINT('',(0.61165241411,0.));
#13863 = VECTOR('',#13864,1.);
#13864 = DIRECTION('',(0.,-1.));
#13865 = ( GEOMETRIC_REPRESENTATION_CONTEXT(2) 
PARAMETRIC_REPRESENTATION_CONTEXT() REPRESENTATION_CONTEXT('2D SPACE',''
  ) );
#13866 = ORIENTED_EDGE('',*,*,#10860,.T.);
#13867 = ORIENTED_EDGE('',*,*,#13792,.F.);
#13868 = ORIENTED_EDGE('',*,*,#5414,.F.);
#13869 = ADVANCED_FACE('',(#13870),#1370,.T.);
#13870 = FACE_BOUND('',#13871,.T.);
#13871 = EDGE_LOOP('',(#13872,#13873,#13874,#13895));
#13872 = ORIENTED_EDGE('',*,*,#13821,.T.);
#13873 = ORIENTED_EDGE('',*,*,#7525,.T.);
#13874 = ORIENTED_EDGE('',*,*,#13875,.F.);
#13875 = EDGE_CURVE('',#1355,#7526,#13876,.T.);
#13876 = SURFACE_CURVE('',#13877,(#13881,#13888),.PCURVE_S1.);
#13877 = LINE('',#13878,#13879);
#13878 = CARTESIAN_POINT('',(11.730061253206,8.64167032357,-4.));
#13879 = VECTOR('',#13880,1.);
#13880 = DIRECTION('',(0.,0.,1.));
#13881 = PCURVE('',#1370,#13882);
#13882 = DEFINITIONAL_REPRESENTATION('',(#13883),#13887);
#13883 = LINE('',#13884,#13885);
#13884 = CARTESIAN_POINT('',(0.61165241411,0.));
#13885 = VECTOR('',#13886,1.);
#13886 = DIRECTION('',(0.,-1.));
#13887 = ( GEOMETRIC_REPRESENTATION_CONTEXT(2) 
PARAMETRIC_REPRESENTATION_CONTEXT() REPRESENTATION_CONTEXT('2D SPACE',''
  ) );
#13888 = PCURVE('',#1398,#13889);
#13889 = DEFINITIONAL_REPRESENTATION('',(#13890),#13894);
#13890 = LINE('',#13891,#13892);
#13891 = CARTESIAN_POINT('',(0.,0.));
#13892 = VECTOR('',#13893,1.);
#13893 = DIRECTION('',(0.,-1.));
#13894 = ( GEOMETRIC_REPRESENTATION_CONTEXT(2) 
PARAMETRIC_REPRESENTATION_CONTEXT() REPRESENTATION_CONTEXT('2D SPACE',''
  ) );
#13895 = ORIENTED_EDGE('',*,*,#1354,.F.);
#13896 = ADVANCED_FACE('',(#13897),#5402,.T.);
#13897 = FACE_BOUND('',#13898,.T.);
#13898 = EDGE_LOOP('',(#13899,#13920,#13921,#13922));
#13899 = ORIENTED_EDGE('',*,*,#13900,.T.);
#13900 = EDGE_CURVE('',#5359,#10815,#13901,.T.);
#13901 = SURFACE_CURVE('',#13902,(#13906,#13913),.PCURVE_S1.);
#13902 = LINE('',#13903,#13904);
#13903 = CARTESIAN_POINT('',(-14.23082815371,3.12351293334,-4.));
#13904 = VECTOR('',#13905,1.);
#13905 = DIRECTION('',(0.,0.,1.));
#13906 = PCURVE('',#5402,#13907);
#13907 = DEFINITIONAL_REPRESENTATION('',(#13908),#13912);
#13908 = LINE('',#13909,#13910);
#13909 = CARTESIAN_POINT('',(0.,0.));
#13910 = VECTOR('',#13911,1.);
#13911 = DIRECTION('',(0.,-1.));
#13912 = ( GEOMETRIC_REPRESENTATION_CONTEXT(2) 
PARAMETRIC_REPRESENTATION_CONTEXT() REPRESENTATION_CONTEXT('2D SPACE',''
  ) );
#13913 = PCURVE('',#5374,#13914);
#13914 = DEFINITIONAL_REPRESENTATION('',(#13915),#13919);
#13915 = LINE('',#13916,#13917);
#13916 = CARTESIAN_POINT('',(0.588659078772,0.));
#13917 = VECTOR('',#13918,1.);
#13918 = DIRECTION('',(0.,-1.));
#13919 = ( GEOMETRIC_REPRESENTATION_CONTEXT(2) 
PARAMETRIC_REPRESENTATION_CONTEXT() REPRESENTATION_CONTEXT('2D SPACE',''
  ) );
#13920 = ORIENTED_EDGE('',*,*,#10837,.T.);
#13921 = ORIENTED_EDGE('',*,*,#13846,.F.);
#13922 = ORIENTED_EDGE('',*,*,#5386,.F.);
#13923 = ADVANCED_FACE('',(#13924),#1398,.T.);
#13924 = FACE_BOUND('',#13925,.T.);
#13925 = EDGE_LOOP('',(#13926,#13927,#13928,#13949));
#13926 = ORIENTED_EDGE('',*,*,#13875,.T.);
#13927 = ORIENTED_EDGE('',*,*,#7548,.T.);
#13928 = ORIENTED_EDGE('',*,*,#13929,.F.);
#13929 = EDGE_CURVE('',#1383,#7549,#13930,.T.);
#13930 = SURFACE_CURVE('',#13931,(#13935,#13942),.PCURVE_S1.);
#13931 = LINE('',#13932,#13933);
#13932 = CARTESIAN_POINT('',(11.396925339957,8.156345716401,-4.));
#13933 = VECTOR('',#13934,1.);
#13934 = DIRECTION('',(0.,0.,1.));
#13935 = PCURVE('',#1398,#13936);
#13936 = DEFINITIONAL_REPRESENTATION('',(#13937),#13941);
#13937 = LINE('',#13938,#13939);
#13938 = CARTESIAN_POINT('',(0.588659078772,0.));
#13939 = VECTOR('',#13940,1.);
#13940 = DIRECTION('',(0.,-1.));
#13941 = ( GEOMETRIC_REPRESENTATION_CONTEXT(2) 
PARAMETRIC_REPRESENTATION_CONTEXT() REPRESENTATION_CONTEXT('2D SPACE',''
  ) );
#13942 = PCURVE('',#1426,#13943);
#13943 = DEFINITIONAL_REPRESENTATION('',(#13944),#13948);
#13944 = LINE('',#13945,#13946);
#13945 = CARTESIAN_POINT('',(0.,0.));
#13946 = VECTOR('',#13947,1.);
#13947 = DIRECTION('',(0.,-1.));
#13948 = ( GEOMETRIC_REPRESENTATION_CONTEXT(2) 
PARAMETRIC_REPRESENTATION_CONTEXT() REPRESENTATION_CONTEXT('2D SPACE',''
  ) );
#13949 = ORIENTED_EDGE('',*,*,#1382,.F.);
#13950 = ADVANCED_FACE('',(#13951),#5374,.T.);
#13951 = FACE_BOUND('',#13952,.T.);
#13952 = EDGE_LOOP('',(#13953,#13974,#13975,#13976));
#13953 = ORIENTED_EDGE('',*,*,#13954,.T.);
#13954 = EDGE_CURVE('',#5331,#10792,#13955,.T.);
#13955 = SURFACE_CURVE('',#13956,(#13960,#13967),.PCURVE_S1.);
#13956 = LINE('',#13957,#13958);
#13957 = CARTESIAN_POINT('',(-13.72909405186,2.815645426021,-4.));
#13958 = VECTOR('',#13959,1.);
#13959 = DIRECTION('',(0.,0.,1.));
#13960 = PCURVE('',#5374,#13961);
#13961 = DEFINITIONAL_REPRESENTATION('',(#13962),#13966);
#13962 = LINE('',#13963,#13964);
#13963 = CARTESIAN_POINT('',(0.,0.));
#13964 = VECTOR('',#13965,1.);
#13965 = DIRECTION('',(0.,-1.));
#13966 = ( GEOMETRIC_REPRESENTATION_CONTEXT(2) 
PARAMETRIC_REPRESENTATION_CONTEXT() REPRESENTATION_CONTEXT('2D SPACE',''
  ) );
#13967 = PCURVE('',#5346,#13968);
#13968 = DEFINITIONAL_REPRESENTATION('',(#13969),#13973);
#13969 = LINE('',#13970,#13971);
#13970 = CARTESIAN_POINT('',(0.564849389437,0.));
#13971 = VECTOR('',#13972,1.);
#13972 = DIRECTION('',(0.,-1.));
#13973 = ( GEOMETRIC_REPRESENTATION_CONTEXT(2) 
PARAMETRIC_REPRESENTATION_CONTEXT() REPRESENTATION_CONTEXT('2D SPACE',''
  ) );
#13974 = ORIENTED_EDGE('',*,*,#10814,.T.);
#13975 = ORIENTED_EDGE('',*,*,#13900,.F.);
#13976 = ORIENTED_EDGE('',*,*,#5358,.F.);
#13977 = ADVANCED_FACE('',(#13978),#1426,.T.);
#13978 = FACE_BOUND('',#13979,.T.);
#13979 = EDGE_LOOP('',(#13980,#13981,#13982,#14003));
#13980 = ORIENTED_EDGE('',*,*,#13929,.T.);
#13981 = ORIENTED_EDGE('',*,*,#7571,.T.);
#13982 = ORIENTED_EDGE('',*,*,#13983,.F.);
#13983 = EDGE_CURVE('',#1411,#7572,#13984,.T.);
#13984 = SURFACE_CURVE('',#13985,(#13989,#13996),.PCURVE_S1.);
#13985 = LINE('',#13986,#13987);
#13986 = CARTESIAN_POINT('',(11.006158386747,7.74847806504,-4.));
#13987 = VECTOR('',#13988,1.);
#13988 = DIRECTION('',(0.,0.,1.));
#13989 = PCURVE('',#1426,#13990);
#13990 = DEFINITIONAL_REPRESENTATION('',(#13991),#13995);
#13991 = LINE('',#13992,#13993);
#13992 = CARTESIAN_POINT('',(0.564849389437,0.));
#13993 = VECTOR('',#13994,1.);
#13994 = DIRECTION('',(0.,-1.));
#13995 = ( GEOMETRIC_REPRESENTATION_CONTEXT(2) 
PARAMETRIC_REPRESENTATION_CONTEXT() REPRESENTATION_CONTEXT('2D SPACE',''
  ) );
#13996 = PCURVE('',#1454,#13997);
#13997 = DEFINITIONAL_REPRESENTATION('',(#13998),#14002);
#13998 = LINE('',#13999,#14000);
#13999 = CARTESIAN_POINT('',(0.,0.));
#14000 = VECTOR('',#14001,1.);
#14001 = DIRECTION('',(0.,-1.));
#14002 = ( GEOMETRIC_REPRESENTATION_CONTEXT(2) 
PARAMETRIC_REPRESENTATION_CONTEXT() REPRESENTATION_CONTEXT('2D SPACE',''
  ) );
#14003 = ORIENTED_EDGE('',*,*,#1410,.F.);
#14004 = ADVANCED_FACE('',(#14005),#5346,.T.);
#14005 = FACE_BOUND('',#14006,.T.);
#14006 = EDGE_LOOP('',(#14007,#14028,#14029,#14030));
#14007 = ORIENTED_EDGE('',*,*,#14008,.T.);
#14008 = EDGE_CURVE('',#5303,#10769,#14009,.T.);
#14009 = SURFACE_CURVE('',#14010,(#14014,#14021),.PCURVE_S1.);
#14010 = LINE('',#14011,#14012);
#14011 = CARTESIAN_POINT('',(-13.20621595742,2.601979024575,-4.));
#14012 = VECTOR('',#14013,1.);
#14013 = DIRECTION('',(0.,0.,1.));
#14014 = PCURVE('',#5346,#14015);
#14015 = DEFINITIONAL_REPRESENTATION('',(#14016),#14020);
#14016 = LINE('',#14017,#14018);
#14017 = CARTESIAN_POINT('',(0.,0.));
#14018 = VECTOR('',#14019,1.);
#14019 = DIRECTION('',(0.,-1.));
#14020 = ( GEOMETRIC_REPRESENTATION_CONTEXT(2) 
PARAMETRIC_REPRESENTATION_CONTEXT() REPRESENTATION_CONTEXT('2D SPACE',''
  ) );
#14021 = PCURVE('',#5318,#14022);
#14022 = DEFINITIONAL_REPRESENTATION('',(#14023),#14027);
#14023 = LINE('',#14024,#14025);
#14024 = CARTESIAN_POINT('',(1.523484570763,0.));
#14025 = VECTOR('',#14026,1.);
#14026 = DIRECTION('',(0.,-1.));
#14027 = ( GEOMETRIC_REPRESENTATION_CONTEXT(2) 
PARAMETRIC_REPRESENTATION_CONTEXT() REPRESENTATION_CONTEXT('2D SPACE',''
  ) );
#14028 = ORIENTED_EDGE('',*,*,#10791,.T.);
#14029 = ORIENTED_EDGE('',*,*,#13954,.F.);
#14030 = ORIENTED_EDGE('',*,*,#5330,.F.);
#14031 = ADVANCED_FACE('',(#14032),#1454,.T.);
#14032 = FACE_BOUND('',#14033,.T.);
#14033 = EDGE_LOOP('',(#14034,#14035,#14036,#14057));
#14034 = ORIENTED_EDGE('',*,*,#13983,.T.);
#14035 = ORIENTED_EDGE('',*,*,#7594,.T.);
#14036 = ORIENTED_EDGE('',*,*,#14037,.F.);
#14037 = EDGE_CURVE('',#1439,#7595,#14038,.T.);
#14038 = SURFACE_CURVE('',#14039,(#14043,#14050),.PCURVE_S1.);
#14039 = LINE('',#14040,#14041);
#14040 = CARTESIAN_POINT('',(9.760424262938,6.871465106111,-4.));
#14041 = VECTOR('',#14042,1.);
#14042 = DIRECTION('',(0.,0.,1.));
#14043 = PCURVE('',#1454,#14044);
#14044 = DEFINITIONAL_REPRESENTATION('',(#14045),#14049);
#14045 = LINE('',#14046,#14047);
#14046 = CARTESIAN_POINT('',(1.523484570763,0.));
#14047 = VECTOR('',#14048,1.);
#14048 = DIRECTION('',(0.,-1.));
#14049 = ( GEOMETRIC_REPRESENTATION_CONTEXT(2) 
PARAMETRIC_REPRESENTATION_CONTEXT() REPRESENTATION_CONTEXT('2D SPACE',''
  ) );
#14050 = PCURVE('',#1482,#14051);
#14051 = DEFINITIONAL_REPRESENTATION('',(#14052),#14056);
#14052 = LINE('',#14053,#14054);
#14053 = CARTESIAN_POINT('',(0.,0.));
#14054 = VECTOR('',#14055,1.);
#14055 = DIRECTION('',(0.,-1.));
#14056 = ( GEOMETRIC_REPRESENTATION_CONTEXT(2) 
PARAMETRIC_REPRESENTATION_CONTEXT() REPRESENTATION_CONTEXT('2D SPACE',''
  ) );
#14057 = ORIENTED_EDGE('',*,*,#1438,.F.);
#14058 = ADVANCED_FACE('',(#14059),#5318,.T.);
#14059 = FACE_BOUND('',#14060,.T.);
#14060 = EDGE_LOOP('',(#14061,#14082,#14083,#14084));
#14061 = ORIENTED_EDGE('',*,*,#14062,.T.);
#14062 = EDGE_CURVE('',#5275,#10746,#14063,.T.);
#14063 = SURFACE_CURVE('',#14064,(#14068,#14075),.PCURVE_S1.);
#14064 = LINE('',#14065,#14066);
#14065 = CARTESIAN_POINT('',(-11.71146790034,2.307473535334,-4.));
#14066 = VECTOR('',#14067,1.);
#14067 = DIRECTION('',(0.,0.,1.));
#14068 = PCURVE('',#5318,#14069);
#14069 = DEFINITIONAL_REPRESENTATION('',(#14070),#14074);
#14070 = LINE('',#14071,#14072);
#14071 = CARTESIAN_POINT('',(0.,0.));
#14072 = VECTOR('',#14073,1.);
#14073 = DIRECTION('',(0.,-1.));
#14074 = ( GEOMETRIC_REPRESENTATION_CONTEXT(2) 
PARAMETRIC_REPRESENTATION_CONTEXT() REPRESENTATION_CONTEXT('2D SPACE',''
  ) );
#14075 = PCURVE('',#5290,#14076);
#14076 = DEFINITIONAL_REPRESENTATION('',(#14077),#14081);
#14077 = LINE('',#14078,#14079);
#14078 = CARTESIAN_POINT('',(1.071731710829,0.));
#14079 = VECTOR('',#14080,1.);
#14080 = DIRECTION('',(0.,-1.));
#14081 = ( GEOMETRIC_REPRESENTATION_CONTEXT(2) 
PARAMETRIC_REPRESENTATION_CONTEXT() REPRESENTATION_CONTEXT('2D SPACE',''
  ) );
#14082 = ORIENTED_EDGE('',*,*,#10768,.T.);
#14083 = ORIENTED_EDGE('',*,*,#14008,.F.);
#14084 = ORIENTED_EDGE('',*,*,#5302,.F.);
#14085 = ADVANCED_FACE('',(#14086),#1482,.T.);
#14086 = FACE_BOUND('',#14087,.T.);
#14087 = EDGE_LOOP('',(#14088,#14089,#14090,#14111));
#14088 = ORIENTED_EDGE('',*,*,#14037,.T.);
#14089 = ORIENTED_EDGE('',*,*,#7617,.T.);
#14090 = ORIENTED_EDGE('',*,*,#14091,.F.);
#14091 = EDGE_CURVE('',#1467,#7618,#14092,.T.);
#14092 = SURFACE_CURVE('',#14093,(#14097,#14104),.PCURVE_S1.);
#14093 = LINE('',#14094,#14095);
#14094 = CARTESIAN_POINT('',(10.337416789159,5.968310365946,-4.));
#14095 = VECTOR('',#14096,1.);
#14096 = DIRECTION('',(0.,0.,1.));
#14097 = PCURVE('',#1482,#14098);
#14098 = DEFINITIONAL_REPRESENTATION('',(#14099),#14103);
#14099 = LINE('',#14100,#14101);
#14100 = CARTESIAN_POINT('',(1.071731710829,0.));
#14101 = VECTOR('',#14102,1.);
#14102 = DIRECTION('',(0.,-1.));
#14103 = ( GEOMETRIC_REPRESENTATION_CONTEXT(2) 
PARAMETRIC_REPRESENTATION_CONTEXT() REPRESENTATION_CONTEXT('2D SPACE',''
  ) );
#14104 = PCURVE('',#1510,#14105);
#14105 = DEFINITIONAL_REPRESENTATION('',(#14106),#14110);
#14106 = LINE('',#14107,#14108);
#14107 = CARTESIAN_POINT('',(0.,0.));
#14108 = VECTOR('',#14109,1.);
#14109 = DIRECTION('',(0.,-1.));
#14110 = ( GEOMETRIC_REPRESENTATION_CONTEXT(2) 
PARAMETRIC_REPRESENTATION_CONTEXT() REPRESENTATION_CONTEXT('2D SPACE',''
  ) );
#14111 = ORIENTED_EDGE('',*,*,#1466,.F.);
#14112 = ADVANCED_FACE('',(#14113),#5290,.T.);
#14113 = FACE_BOUND('',#14114,.T.);
#14114 = EDGE_LOOP('',(#14115,#14136,#14137,#14138));
#14115 = ORIENTED_EDGE('',*,*,#14116,.T.);
#14116 = EDGE_CURVE('',#5247,#10723,#14117,.T.);
#14117 = SURFACE_CURVE('',#14118,(#14122,#14129),.PCURVE_S1.);
#14118 = LINE('',#14119,#14120);
#14119 = CARTESIAN_POINT('',(-11.87123067457,1.247716621713,-4.));
#14120 = VECTOR('',#14121,1.);
#14121 = DIRECTION('',(0.,0.,1.));
#14122 = PCURVE('',#5290,#14123);
#14123 = DEFINITIONAL_REPRESENTATION('',(#14124),#14128);
#14124 = LINE('',#14125,#14126);
#14125 = CARTESIAN_POINT('',(0.,0.));
#14126 = VECTOR('',#14127,1.);
#14127 = DIRECTION('',(0.,-1.));
#14128 = ( GEOMETRIC_REPRESENTATION_CONTEXT(2) 
PARAMETRIC_REPRESENTATION_CONTEXT() REPRESENTATION_CONTEXT('2D SPACE',''
  ) );
#14129 = PCURVE('',#5262,#14130);
#14130 = DEFINITIONAL_REPRESENTATION('',(#14131),#14135);
#14131 = LINE('',#14132,#14133);
#14132 = CARTESIAN_POINT('',(1.071731710829,0.));
#14133 = VECTOR('',#14134,1.);
#14134 = DIRECTION('',(0.,-1.));
#14135 = ( GEOMETRIC_REPRESENTATION_CONTEXT(2) 
PARAMETRIC_REPRESENTATION_CONTEXT() REPRESENTATION_CONTEXT('2D SPACE',''
  ) );
#14136 = ORIENTED_EDGE('',*,*,#10745,.T.);
#14137 = ORIENTED_EDGE('',*,*,#14062,.F.);
#14138 = ORIENTED_EDGE('',*,*,#5274,.F.);
#14139 = ADVANCED_FACE('',(#14140),#1510,.T.);
#14140 = FACE_BOUND('',#14141,.T.);
#14141 = EDGE_LOOP('',(#14142,#14143,#14144,#14165));
#14142 = ORIENTED_EDGE('',*,*,#14091,.T.);
#14143 = ORIENTED_EDGE('',*,*,#7640,.T.);
#14144 = ORIENTED_EDGE('',*,*,#14145,.F.);
#14145 = EDGE_CURVE('',#1495,#7641,#14146,.T.);
#14146 = SURFACE_CURVE('',#14147,(#14151,#14158),.PCURVE_S1.);
#14147 = LINE('',#14148,#14149);
#14148 = CARTESIAN_POINT('',(10.831075474579,5.017042810362,-4.));
#14149 = VECTOR('',#14150,1.);
#14150 = DIRECTION('',(0.,0.,1.));
#14151 = PCURVE('',#1510,#14152);
#14152 = DEFINITIONAL_REPRESENTATION('',(#14153),#14157);
#14153 = LINE('',#14154,#14155);
#14154 = CARTESIAN_POINT('',(1.071731710829,0.));
#14155 = VECTOR('',#14156,1.);
#14156 = DIRECTION('',(0.,-1.));
#14157 = ( GEOMETRIC_REPRESENTATION_CONTEXT(2) 
PARAMETRIC_REPRESENTATION_CONTEXT() REPRESENTATION_CONTEXT('2D SPACE',''
  ) );
#14158 = PCURVE('',#1538,#14159);
#14159 = DEFINITIONAL_REPRESENTATION('',(#14160),#14164);
#14160 = LINE('',#14161,#14162);
#14161 = CARTESIAN_POINT('',(0.,0.));
#14162 = VECTOR('',#14163,1.);
#14163 = DIRECTION('',(0.,-1.));
#14164 = ( GEOMETRIC_REPRESENTATION_CONTEXT(2) 
PARAMETRIC_REPRESENTATION_CONTEXT() REPRESENTATION_CONTEXT('2D SPACE',''
  ) );
#14165 = ORIENTED_EDGE('',*,*,#1494,.F.);
#14166 = ADVANCED_FACE('',(#14167),#5262,.T.);
#14167 = FACE_BOUND('',#14168,.T.);
#14168 = EDGE_LOOP('',(#14169,#14190,#14191,#14192));
#14169 = ORIENTED_EDGE('',*,*,#14170,.T.);
#14170 = EDGE_CURVE('',#5219,#10700,#14171,.T.);
#14171 = SURFACE_CURVE('',#14172,(#14176,#14183),.PCURVE_S1.);
#14172 = LINE('',#14173,#14174);
#14173 = CARTESIAN_POINT('',(-11.93529495204,0.177901390774,-4.));
#14174 = VECTOR('',#14175,1.);
#14175 = DIRECTION('',(0.,0.,1.));
#14176 = PCURVE('',#5262,#14177);
#14177 = DEFINITIONAL_REPRESENTATION('',(#14178),#14182);
#14178 = LINE('',#14179,#14180);
#14179 = CARTESIAN_POINT('',(0.,0.));
#14180 = VECTOR('',#14181,1.);
#14181 = DIRECTION('',(0.,-1.));
#14182 = ( GEOMETRIC_REPRESENTATION_CONTEXT(2) 
PARAMETRIC_REPRESENTATION_CONTEXT() REPRESENTATION_CONTEXT('2D SPACE',''
  ) );
#14183 = PCURVE('',#5234,#14184);
#14184 = DEFINITIONAL_REPRESENTATION('',(#14185),#14189);
#14185 = LINE('',#14186,#14187);
#14186 = CARTESIAN_POINT('',(1.523484570763,0.));
#14187 = VECTOR('',#14188,1.);
#14188 = DIRECTION('',(0.,-1.));
#14189 = ( GEOMETRIC_REPRESENTATION_CONTEXT(2) 
PARAMETRIC_REPRESENTATION_CONTEXT() REPRESENTATION_CONTEXT('2D SPACE',''
  ) );
#14190 = ORIENTED_EDGE('',*,*,#10722,.T.);
#14191 = ORIENTED_EDGE('',*,*,#14116,.F.);
#14192 = ORIENTED_EDGE('',*,*,#5246,.F.);
#14193 = ADVANCED_FACE('',(#14194),#1538,.T.);
#14194 = FACE_BOUND('',#14195,.T.);
#14195 = EDGE_LOOP('',(#14196,#14197,#14198,#14219));
#14196 = ORIENTED_EDGE('',*,*,#14145,.T.);
#14197 = ORIENTED_EDGE('',*,*,#7663,.T.);
#14198 = ORIENTED_EDGE('',*,*,#14199,.F.);
#14199 = EDGE_CURVE('',#1523,#7664,#14200,.T.);
#14200 = SURFACE_CURVE('',#14201,(#14205,#14212),.PCURVE_S1.);
#14201 = LINE('',#14202,#14203);
#14202 = CARTESIAN_POINT('',(12.213458038365,5.657373728478,-4.));
#14203 = VECTOR('',#14204,1.);
#14204 = DIRECTION('',(0.,0.,1.));
#14205 = PCURVE('',#1538,#14206);
#14206 = DEFINITIONAL_REPRESENTATION('',(#14207),#14211);
#14207 = LINE('',#14208,#14209);
#14208 = CARTESIAN_POINT('',(1.523484570763,0.));
#14209 = VECTOR('',#14210,1.);
#14210 = DIRECTION('',(0.,-1.));
#14211 = ( GEOMETRIC_REPRESENTATION_CONTEXT(2) 
PARAMETRIC_REPRESENTATION_CONTEXT() REPRESENTATION_CONTEXT('2D SPACE',''
  ) );
#14212 = PCURVE('',#1566,#14213);
#14213 = DEFINITIONAL_REPRESENTATION('',(#14214),#14218);
#14214 = LINE('',#14215,#14216);
#14215 = CARTESIAN_POINT('',(0.,0.));
#14216 = VECTOR('',#14217,1.);
#14217 = DIRECTION('',(0.,-1.));
#14218 = ( GEOMETRIC_REPRESENTATION_CONTEXT(2) 
PARAMETRIC_REPRESENTATION_CONTEXT() REPRESENTATION_CONTEXT('2D SPACE',''
  ) );
#14219 = ORIENTED_EDGE('',*,*,#1522,.F.);
#14220 = ADVANCED_FACE('',(#14221),#5234,.T.);
#14221 = FACE_BOUND('',#14222,.T.);
#14222 = EDGE_LOOP('',(#14223,#14244,#14245,#14246));
#14223 = ORIENTED_EDGE('',*,*,#14224,.T.);
#14224 = EDGE_CURVE('',#5191,#10677,#14225,.T.);
#14225 = SURFACE_CURVE('',#14226,(#14230,#14237),.PCURVE_S1.);
#14226 = LINE('',#14227,#14228);
#14227 = CARTESIAN_POINT('',(-13.458610312,0.200607148966,-4.));
#14228 = VECTOR('',#14229,1.);
#14229 = DIRECTION('',(0.,0.,1.));
#14230 = PCURVE('',#5234,#14231);
#14231 = DEFINITIONAL_REPRESENTATION('',(#14232),#14236);
#14232 = LINE('',#14233,#14234);
#14233 = CARTESIAN_POINT('',(0.,0.));
#14234 = VECTOR('',#14235,1.);
#14235 = DIRECTION('',(0.,-1.));
#14236 = ( GEOMETRIC_REPRESENTATION_CONTEXT(2) 
PARAMETRIC_REPRESENTATION_CONTEXT() REPRESENTATION_CONTEXT('2D SPACE',''
  ) );
#14237 = PCURVE('',#5206,#14238);
#14238 = DEFINITIONAL_REPRESENTATION('',(#14239),#14243);
#14239 = LINE('',#14240,#14241);
#14240 = CARTESIAN_POINT('',(0.564849389437,0.));
#14241 = VECTOR('',#14242,1.);
#14242 = DIRECTION('',(0.,-1.));
#14243 = ( GEOMETRIC_REPRESENTATION_CONTEXT(2) 
PARAMETRIC_REPRESENTATION_CONTEXT() REPRESENTATION_CONTEXT('2D SPACE',''
  ) );
#14244 = ORIENTED_EDGE('',*,*,#10699,.T.);
#14245 = ORIENTED_EDGE('',*,*,#14170,.F.);
#14246 = ORIENTED_EDGE('',*,*,#5218,.F.);
#14247 = ADVANCED_FACE('',(#14248),#1566,.T.);
#14248 = FACE_BOUND('',#14249,.T.);
#14249 = EDGE_LOOP('',(#14250,#14251,#14252,#14273));
#14250 = ORIENTED_EDGE('',*,*,#14199,.T.);
#14251 = ORIENTED_EDGE('',*,*,#7686,.T.);
#14252 = ORIENTED_EDGE('',*,*,#14253,.F.);
#14253 = EDGE_CURVE('',#1551,#7687,#14254,.T.);
#14254 = SURFACE_CURVE('',#14255,(#14259,#14266),.PCURVE_S1.);
#14255 = LINE('',#14256,#14257);
#14256 = CARTESIAN_POINT('',(12.76206526243,5.791854011237,-4.));
#14257 = VECTOR('',#14258,1.);
#14258 = DIRECTION('',(0.,0.,1.));
#14259 = PCURVE('',#1566,#14260);
#14260 = DEFINITIONAL_REPRESENTATION('',(#14261),#14265);
#14261 = LINE('',#14262,#14263);
#14262 = CARTESIAN_POINT('',(0.564849389437,0.));
#14263 = VECTOR('',#14264,1.);
#14264 = DIRECTION('',(0.,-1.));
#14265 = ( GEOMETRIC_REPRESENTATION_CONTEXT(2) 
PARAMETRIC_REPRESENTATION_CONTEXT() REPRESENTATION_CONTEXT('2D SPACE',''
  ) );
#14266 = PCURVE('',#1594,#14267);
#14267 = DEFINITIONAL_REPRESENTATION('',(#14268),#14272);
#14268 = LINE('',#14269,#14270);
#14269 = CARTESIAN_POINT('',(0.,0.));
#14270 = VECTOR('',#14271,1.);
#14271 = DIRECTION('',(0.,-1.));
#14272 = ( GEOMETRIC_REPRESENTATION_CONTEXT(2) 
PARAMETRIC_REPRESENTATION_CONTEXT() REPRESENTATION_CONTEXT('2D SPACE',''
  ) );
#14273 = ORIENTED_EDGE('',*,*,#1550,.F.);
#14274 = ADVANCED_FACE('',(#14275),#5206,.T.);
#14275 = FACE_BOUND('',#14276,.T.);
#14276 = EDGE_LOOP('',(#14277,#14298,#14299,#14300));
#14277 = ORIENTED_EDGE('',*,*,#14278,.T.);
#14278 = EDGE_CURVE('',#5163,#10654,#14279,.T.);
#14279 = SURFACE_CURVE('',#14280,(#14284,#14291),.PCURVE_S1.);
#14280 = LINE('',#14281,#14282);
#14281 = CARTESIAN_POINT('',(-14.01448600834,0.10032233974,-4.));
#14282 = VECTOR('',#14283,1.);
#14283 = DIRECTION('',(0.,0.,1.));
#14284 = PCURVE('',#5206,#14285);
#14285 = DEFINITIONAL_REPRESENTATION('',(#14286),#14290);
#14286 = LINE('',#14287,#14288);
#14287 = CARTESIAN_POINT('',(0.,0.));
#14288 = VECTOR('',#14289,1.);
#14289 = DIRECTION('',(0.,-1.));
#14290 = ( GEOMETRIC_REPRESENTATION_CONTEXT(2) 
PARAMETRIC_REPRESENTATION_CONTEXT() REPRESENTATION_CONTEXT('2D SPACE',''
  ) );
#14291 = PCURVE('',#5178,#14292);
#14292 = DEFINITIONAL_REPRESENTATION('',(#14293),#14297);
#14293 = LINE('',#14294,#14295);
#14294 = CARTESIAN_POINT('',(0.588659078772,0.));
#14295 = VECTOR('',#14296,1.);
#14296 = DIRECTION('',(0.,-1.));
#14297 = ( GEOMETRIC_REPRESENTATION_CONTEXT(2) 
PARAMETRIC_REPRESENTATION_CONTEXT() REPRESENTATION_CONTEXT('2D SPACE',''
  ) );
#14298 = ORIENTED_EDGE('',*,*,#10676,.T.);
#14299 = ORIENTED_EDGE('',*,*,#14224,.F.);
#14300 = ORIENTED_EDGE('',*,*,#5190,.F.);
#14301 = ADVANCED_FACE('',(#14302),#1594,.T.);
#14302 = FACE_BOUND('',#14303,.T.);
#14303 = EDGE_LOOP('',(#14304,#14305,#14306,#14327));
#14304 = ORIENTED_EDGE('',*,*,#14253,.T.);
#14305 = ORIENTED_EDGE('',*,*,#7709,.T.);
#14306 = ORIENTED_EDGE('',*,*,#14307,.F.);
#14307 = EDGE_CURVE('',#1579,#7710,#14308,.T.);
#14308 = SURFACE_CURVE('',#14309,(#14313,#14320),.PCURVE_S1.);
#14309 = LINE('',#14310,#14311);
#14310 = CARTESIAN_POINT('',(13.348936657945,5.837695871438,-4.));
#14311 = VECTOR('',#14312,1.);
#14312 = DIRECTION('',(0.,0.,1.));
#14313 = PCURVE('',#1594,#14314);
#14314 = DEFINITIONAL_REPRESENTATION('',(#14315),#14319);
#14315 = LINE('',#14316,#14317);
#14316 = CARTESIAN_POINT('',(0.588659078772,0.));
#14317 = VECTOR('',#14318,1.);
#14318 = DIRECTION('',(0.,-1.));
#14319 = ( GEOMETRIC_REPRESENTATION_CONTEXT(2) 
PARAMETRIC_REPRESENTATION_CONTEXT() REPRESENTATION_CONTEXT('2D SPACE',''
  ) );
#14320 = PCURVE('',#1622,#14321);
#14321 = DEFINITIONAL_REPRESENTATION('',(#14322),#14326);
#14322 = LINE('',#14323,#14324);
#14323 = CARTESIAN_POINT('',(0.,0.));
#14324 = VECTOR('',#14325,1.);
#14325 = DIRECTION('',(0.,-1.));
#14326 = ( GEOMETRIC_REPRESENTATION_CONTEXT(2) 
PARAMETRIC_REPRESENTATION_CONTEXT() REPRESENTATION_CONTEXT('2D SPACE',''
  ) );
#14327 = ORIENTED_EDGE('',*,*,#1578,.F.);
#14328 = ADVANCED_FACE('',(#14329),#5178,.T.);
#14329 = FACE_BOUND('',#14330,.T.);
#14330 = EDGE_LOOP('',(#14331,#14352,#14353,#14354));
#14331 = ORIENTED_EDGE('',*,*,#14332,.T.);
#14332 = EDGE_CURVE('',#5135,#10631,#14333,.T.);
#14333 = SURFACE_CURVE('',#14334,(#14338,#14345),.PCURVE_S1.);
#14334 = LINE('',#14335,#14336);
#14335 = CARTESIAN_POINT('',(-14.56926527027,-9.650113843236E-02,-4.));
#14336 = VECTOR('',#14337,1.);
#14337 = DIRECTION('',(0.,0.,1.));
#14338 = PCURVE('',#5178,#14339);
#14339 = DEFINITIONAL_REPRESENTATION('',(#14340),#14344);
#14340 = LINE('',#14341,#14342);
#14341 = CARTESIAN_POINT('',(0.,0.));
#14342 = VECTOR('',#14343,1.);
#14343 = DIRECTION('',(0.,-1.));
#14344 = ( GEOMETRIC_REPRESENTATION_CONTEXT(2) 
PARAMETRIC_REPRESENTATION_CONTEXT() REPRESENTATION_CONTEXT('2D SPACE',''
  ) );
#14345 = PCURVE('',#5150,#14346);
#14346 = DEFINITIONAL_REPRESENTATION('',(#14347),#14351);
#14347 = LINE('',#14348,#14349);
#14348 = CARTESIAN_POINT('',(0.61165241411,0.));
#14349 = VECTOR('',#14350,1.);
#14350 = DIRECTION('',(0.,-1.));
#14351 = ( GEOMETRIC_REPRESENTATION_CONTEXT(2) 
PARAMETRIC_REPRESENTATION_CONTEXT() REPRESENTATION_CONTEXT('2D SPACE',''
  ) );
#14352 = ORIENTED_EDGE('',*,*,#10653,.T.);
#14353 = ORIENTED_EDGE('',*,*,#14278,.F.);
#14354 = ORIENTED_EDGE('',*,*,#5162,.F.);
#14355 = ADVANCED_FACE('',(#14356),#1622,.T.);
#14356 = FACE_BOUND('',#14357,.T.);
#14357 = EDGE_LOOP('',(#14358,#14359,#14360,#14381));
#14358 = ORIENTED_EDGE('',*,*,#14307,.T.);
#14359 = ORIENTED_EDGE('',*,*,#7732,.T.);
#14360 = ORIENTED_EDGE('',*,*,#14361,.F.);
#14361 = EDGE_CURVE('',#1607,#7733,#14362,.T.);
#14362 = SURFACE_CURVE('',#14363,(#14367,#14374),.PCURVE_S1.);
#14363 = LINE('',#14364,#14365);
#14364 = CARTESIAN_POINT('',(13.960289330171,5.818549439694,-4.));
#14365 = VECTOR('',#14366,1.);
#14366 = DIRECTION('',(0.,0.,1.));
#14367 = PCURVE('',#1622,#14368);
#14368 = DEFINITIONAL_REPRESENTATION('',(#14369),#14373);
#14369 = LINE('',#14370,#14371);
#14370 = CARTESIAN_POINT('',(0.61165241411,0.));
#14371 = VECTOR('',#14372,1.);
#14372 = DIRECTION('',(0.,-1.));
#14373 = ( GEOMETRIC_REPRESENTATION_CONTEXT(2) 
PARAMETRIC_REPRESENTATION_CONTEXT() REPRESENTATION_CONTEXT('2D SPACE',''
  ) );
#14374 = PCURVE('',#1650,#14375);
#14375 = DEFINITIONAL_REPRESENTATION('',(#14376),#14380);
#14376 = LINE('',#14377,#14378);
#14377 = CARTESIAN_POINT('',(0.,0.));
#14378 = VECTOR('',#14379,1.);
#14379 = DIRECTION('',(0.,-1.));
#14380 = ( GEOMETRIC_REPRESENTATION_CONTEXT(2) 
PARAMETRIC_REPRESENTATION_CONTEXT() REPRESENTATION_CONTEXT('2D SPACE',''
  ) );
#14381 = ORIENTED_EDGE('',*,*,#1606,.F.);
#14382 = ADVANCED_FACE('',(#14383),#5150,.T.);
#14383 = FACE_BOUND('',#14384,.T.);
#14384 = EDGE_LOOP('',(#14385,#14406,#14407,#14408));
#14385 = ORIENTED_EDGE('',*,*,#14386,.T.);
#14386 = EDGE_CURVE('',#5107,#10608,#14387,.T.);
#14387 = SURFACE_CURVE('',#14388,(#14392,#14399),.PCURVE_S1.);
#14388 = LINE('',#14389,#14390);
#14389 = CARTESIAN_POINT('',(-15.11997617162,-0.362651807819,-4.));
#14390 = VECTOR('',#14391,1.);
#14391 = DIRECTION('',(0.,0.,1.));
#14392 = PCURVE('',#5150,#14393);
#14393 = DEFINITIONAL_REPRESENTATION('',(#14394),#14398);
#14394 = LINE('',#14395,#14396);
#14395 = CARTESIAN_POINT('',(0.,0.));
#14396 = VECTOR('',#14397,1.);
#14397 = DIRECTION('',(0.,-1.));
#14398 = ( GEOMETRIC_REPRESENTATION_CONTEXT(2) 
PARAMETRIC_REPRESENTATION_CONTEXT() REPRESENTATION_CONTEXT('2D SPACE',''
  ) );
#14399 = PCURVE('',#5122,#14400);
#14400 = DEFINITIONAL_REPRESENTATION('',(#14401),#14405);
#14401 = LINE('',#14402,#14403);
#14402 = CARTESIAN_POINT('',(0.634569085755,0.));
#14403 = VECTOR('',#14404,1.);
#14404 = DIRECTION('',(0.,-1.));
#14405 = ( GEOMETRIC_REPRESENTATION_CONTEXT(2) 
PARAMETRIC_REPRESENTATION_CONTEXT() REPRESENTATION_CONTEXT('2D SPACE',''
  ) );
#14406 = ORIENTED_EDGE('',*,*,#10630,.T.);
#14407 = ORIENTED_EDGE('',*,*,#14332,.F.);
#14408 = ORIENTED_EDGE('',*,*,#5134,.F.);
#14409 = ADVANCED_FACE('',(#14410),#1650,.T.);
#14410 = FACE_BOUND('',#14411,.T.);
#14411 = EDGE_LOOP('',(#14412,#14413,#14414,#14435));
#14412 = ORIENTED_EDGE('',*,*,#14361,.T.);
#14413 = ORIENTED_EDGE('',*,*,#7755,.T.);
#14414 = ORIENTED_EDGE('',*,*,#14415,.F.);
#14415 = EDGE_CURVE('',#1635,#7756,#14416,.T.);
#14416 = SURFACE_CURVE('',#14417,(#14421,#14428),.PCURVE_S1.);
#14417 = LINE('',#14418,#14419);
#14418 = CARTESIAN_POINT('',(14.590125699357,5.741192651711,-4.));
#14419 = VECTOR('',#14420,1.);
#14420 = DIRECTION('',(0.,0.,1.));
#14421 = PCURVE('',#1650,#14422);
#14422 = DEFINITIONAL_REPRESENTATION('',(#14423),#14427);
#14423 = LINE('',#14424,#14425);
#14424 = CARTESIAN_POINT('',(0.634569085755,0.));
#14425 = VECTOR('',#14426,1.);
#14426 = DIRECTION('',(0.,-1.));
#14427 = ( GEOMETRIC_REPRESENTATION_CONTEXT(2) 
PARAMETRIC_REPRESENTATION_CONTEXT() REPRESENTATION_CONTEXT('2D SPACE',''
  ) );
#14428 = PCURVE('',#1678,#14429);
#14429 = DEFINITIONAL_REPRESENTATION('',(#14430),#14434);
#14430 = LINE('',#14431,#14432);
#14431 = CARTESIAN_POINT('',(0.,0.));
#14432 = VECTOR('',#14433,1.);
#14433 = DIRECTION('',(0.,-1.));
#14434 = ( GEOMETRIC_REPRESENTATION_CONTEXT(2) 
PARAMETRIC_REPRESENTATION_CONTEXT() REPRESENTATION_CONTEXT('2D SPACE',''
  ) );
#14435 = ORIENTED_EDGE('',*,*,#1634,.F.);
#14436 = ADVANCED_FACE('',(#14437),#5122,.T.);
#14437 = FACE_BOUND('',#14438,.T.);
#14438 = EDGE_LOOP('',(#14439,#14460,#14461,#14462));
#14439 = ORIENTED_EDGE('',*,*,#14440,.T.);
#14440 = EDGE_CURVE('',#5079,#10585,#14441,.T.);
#14441 = SURFACE_CURVE('',#14442,(#14446,#14453),.PCURVE_S1.);
#14442 = LINE('',#14443,#14444);
#14443 = CARTESIAN_POINT('',(-15.66389648549,-0.689498280589,-4.));
#14444 = VECTOR('',#14445,1.);
#14445 = DIRECTION('',(0.,0.,1.));
#14446 = PCURVE('',#5122,#14447);
#14447 = DEFINITIONAL_REPRESENTATION('',(#14448),#14452);
#14448 = LINE('',#14449,#14450);
#14449 = CARTESIAN_POINT('',(0.,0.));
#14450 = VECTOR('',#14451,1.);
#14451 = DIRECTION('',(0.,-1.));
#14452 = ( GEOMETRIC_REPRESENTATION_CONTEXT(2) 
PARAMETRIC_REPRESENTATION_CONTEXT() REPRESENTATION_CONTEXT('2D SPACE',''
  ) );
#14453 = PCURVE('',#5094,#14454);
#14454 = DEFINITIONAL_REPRESENTATION('',(#14455),#14459);
#14455 = LINE('',#14456,#14457);
#14456 = CARTESIAN_POINT('',(0.657460972665,0.));
#14457 = VECTOR('',#14458,1.);
#14458 = DIRECTION('',(0.,-1.));
#14459 = ( GEOMETRIC_REPRESENTATION_CONTEXT(2) 
PARAMETRIC_REPRESENTATION_CONTEXT() REPRESENTATION_CONTEXT('2D SPACE',''
  ) );
#14460 = ORIENTED_EDGE('',*,*,#10607,.T.);
#14461 = ORIENTED_EDGE('',*,*,#14386,.F.);
#14462 = ORIENTED_EDGE('',*,*,#5106,.F.);
#14463 = ADVANCED_FACE('',(#14464),#1678,.T.);
#14464 = FACE_BOUND('',#14465,.T.);
#14465 = EDGE_LOOP('',(#14466,#14467,#14468,#14489));
#14466 = ORIENTED_EDGE('',*,*,#14415,.T.);
#14467 = ORIENTED_EDGE('',*,*,#7778,.T.);
#14468 = ORIENTED_EDGE('',*,*,#14469,.F.);
#14469 = EDGE_CURVE('',#1663,#7779,#14470,.T.);
#14470 = SURFACE_CURVE('',#14471,(#14475,#14482),.PCURVE_S1.);
#14471 = LINE('',#14472,#14473);
#14472 = CARTESIAN_POINT('',(15.234111575313,5.608764851964,-4.));
#14473 = VECTOR('',#14474,1.);
#14474 = DIRECTION('',(0.,0.,1.));
#14475 = PCURVE('',#1678,#14476);
#14476 = DEFINITIONAL_REPRESENTATION('',(#14477),#14481);
#14477 = LINE('',#14478,#14479);
#14478 = CARTESIAN_POINT('',(0.657460972665,0.));
#14479 = VECTOR('',#14480,1.);
#14480 = DIRECTION('',(0.,-1.));
#14481 = ( GEOMETRIC_REPRESENTATION_CONTEXT(2) 
PARAMETRIC_REPRESENTATION_CONTEXT() REPRESENTATION_CONTEXT('2D SPACE',''
  ) );
#14482 = PCURVE('',#1706,#14483);
#14483 = DEFINITIONAL_REPRESENTATION('',(#14484),#14488);
#14484 = LINE('',#14485,#14486);
#14485 = CARTESIAN_POINT('',(0.,0.));
#14486 = VECTOR('',#14487,1.);
#14487 = DIRECTION('',(0.,-1.));
#14488 = ( GEOMETRIC_REPRESENTATION_CONTEXT(2) 
PARAMETRIC_REPRESENTATION_CONTEXT() REPRESENTATION_CONTEXT('2D SPACE',''
  ) );
#14489 = ORIENTED_EDGE('',*,*,#1662,.F.);
#14490 = ADVANCED_FACE('',(#14491),#5094,.T.);
#14491 = FACE_BOUND('',#14492,.T.);
#14492 = EDGE_LOOP('',(#14493,#14514,#14515,#14516));
#14493 = ORIENTED_EDGE('',*,*,#14494,.T.);
#14494 = EDGE_CURVE('',#5051,#10562,#14495,.T.);
#14495 = SURFACE_CURVE('',#14496,(#14500,#14507),.PCURVE_S1.);
#14496 = LINE('',#14497,#14498);
#14497 = CARTESIAN_POINT('',(-16.19834361853,-1.072409748888,-4.));
#14498 = VECTOR('',#14499,1.);
#14499 = DIRECTION('',(0.,0.,1.));
#14500 = PCURVE('',#5094,#14501);
#14501 = DEFINITIONAL_REPRESENTATION('',(#14502),#14506);
#14502 = LINE('',#14503,#14504);
#14503 = CARTESIAN_POINT('',(0.,0.));
#14504 = VECTOR('',#14505,1.);
#14505 = DIRECTION('',(0.,-1.));
#14506 = ( GEOMETRIC_REPRESENTATION_CONTEXT(2) 
PARAMETRIC_REPRESENTATION_CONTEXT() REPRESENTATION_CONTEXT('2D SPACE',''
  ) );
#14507 = PCURVE('',#5066,#14508);
#14508 = DEFINITIONAL_REPRESENTATION('',(#14509),#14513);
#14509 = LINE('',#14510,#14511);
#14510 = CARTESIAN_POINT('',(1.253305979702,0.));
#14511 = VECTOR('',#14512,1.);
#14512 = DIRECTION('',(0.,-1.));
#14513 = ( GEOMETRIC_REPRESENTATION_CONTEXT(2) 
PARAMETRIC_REPRESENTATION_CONTEXT() REPRESENTATION_CONTEXT('2D SPACE',''
  ) );
#14514 = ORIENTED_EDGE('',*,*,#10584,.T.);
#14515 = ORIENTED_EDGE('',*,*,#14440,.F.);
#14516 = ORIENTED_EDGE('',*,*,#5078,.F.);
#14517 = ADVANCED_FACE('',(#14518),#1706,.T.);
#14518 = FACE_BOUND('',#14519,.T.);
#14519 = EDGE_LOOP('',(#14520,#14521,#14522,#14543));
#14520 = ORIENTED_EDGE('',*,*,#14469,.T.);
#14521 = ORIENTED_EDGE('',*,*,#7801,.T.);
#14522 = ORIENTED_EDGE('',*,*,#14523,.F.);
#14523 = EDGE_CURVE('',#1691,#7802,#14524,.T.);
#14524 = SURFACE_CURVE('',#14525,(#14529,#14536),.PCURVE_S1.);
#14525 = LINE('',#14526,#14527);
#14526 = CARTESIAN_POINT('',(15.621404422193,4.416800033056,-4.));
#14527 = VECTOR('',#14528,1.);
#14528 = DIRECTION('',(0.,0.,1.));
#14529 = PCURVE('',#1706,#14530);
#14530 = DEFINITIONAL_REPRESENTATION('',(#14531),#14535);
#14531 = LINE('',#14532,#14533);
#14532 = CARTESIAN_POINT('',(1.253305979702,0.));
#14533 = VECTOR('',#14534,1.);
#14534 = DIRECTION('',(0.,-1.));
#14535 = ( GEOMETRIC_REPRESENTATION_CONTEXT(2) 
PARAMETRIC_REPRESENTATION_CONTEXT() REPRESENTATION_CONTEXT('2D SPACE',''
  ) );
#14536 = PCURVE('',#1734,#14537);
#14537 = DEFINITIONAL_REPRESENTATION('',(#14538),#14542);
#14538 = LINE('',#14539,#14540);
#14539 = CARTESIAN_POINT('',(0.,0.));
#14540 = VECTOR('',#14541,1.);
#14541 = DIRECTION('',(0.,-1.));
#14542 = ( GEOMETRIC_REPRESENTATION_CONTEXT(2) 
PARAMETRIC_REPRESENTATION_CONTEXT() REPRESENTATION_CONTEXT('2D SPACE',''
  ) );
#14543 = ORIENTED_EDGE('',*,*,#1690,.F.);
#14544 = ADVANCED_FACE('',(#14545),#5066,.T.);
#14545 = FACE_BOUND('',#14546,.T.);
#14546 = EDGE_LOOP('',(#14547,#14568,#14569,#14570));
#14547 = ORIENTED_EDGE('',*,*,#14548,.T.);
#14548 = EDGE_CURVE('',#5023,#10539,#14549,.T.);
#14549 = SURFACE_CURVE('',#14550,(#14554,#14561),.PCURVE_S1.);
#14550 = LINE('',#14551,#14552);
#14551 = CARTESIAN_POINT('',(-16.06733747047,-2.318849987298,-4.));
#14552 = VECTOR('',#14553,1.);
#14553 = DIRECTION('',(0.,0.,1.));
#14554 = PCURVE('',#5066,#14555);
#14555 = DEFINITIONAL_REPRESENTATION('',(#14556),#14560);
#14556 = LINE('',#14557,#14558);
#14557 = CARTESIAN_POINT('',(0.,0.));
#14558 = VECTOR('',#14559,1.);
#14559 = DIRECTION('',(0.,-1.));
#14560 = ( GEOMETRIC_REPRESENTATION_CONTEXT(2) 
PARAMETRIC_REPRESENTATION_CONTEXT() REPRESENTATION_CONTEXT('2D SPACE',''
  ) );
#14561 = PCURVE('',#5038,#14562);
#14562 = DEFINITIONAL_REPRESENTATION('',(#14563),#14567);
#14563 = LINE('',#14564,#14565);
#14564 = CARTESIAN_POINT('',(0.657460972665,0.));
#14565 = VECTOR('',#14566,1.);
#14566 = DIRECTION('',(0.,-1.));
#14567 = ( GEOMETRIC_REPRESENTATION_CONTEXT(2) 
PARAMETRIC_REPRESENTATION_CONTEXT() REPRESENTATION_CONTEXT('2D SPACE',''
  ) );
#14568 = ORIENTED_EDGE('',*,*,#10561,.T.);
#14569 = ORIENTED_EDGE('',*,*,#14494,.F.);
#14570 = ORIENTED_EDGE('',*,*,#5050,.F.);
#14571 = ADVANCED_FACE('',(#14572),#1734,.T.);
#14572 = FACE_BOUND('',#14573,.T.);
#14573 = EDGE_LOOP('',(#14574,#14575,#14576,#14597));
#14574 = ORIENTED_EDGE('',*,*,#14523,.T.);
#14575 = ORIENTED_EDGE('',*,*,#7824,.T.);
#14576 = ORIENTED_EDGE('',*,*,#14577,.F.);
#14577 = EDGE_CURVE('',#1719,#7825,#14578,.T.);
#14578 = SURFACE_CURVE('',#14579,(#14583,#14590),.PCURVE_S1.);
#14579 = LINE('',#14580,#14581);
#14580 = CARTESIAN_POINT('',(15.178248012092,3.93113829196,-4.));
#14581 = VECTOR('',#14582,1.);
#14582 = DIRECTION('',(0.,0.,1.));
#14583 = PCURVE('',#1734,#14584);
#14584 = DEFINITIONAL_REPRESENTATION('',(#14585),#14589);
#14585 = LINE('',#14586,#14587);
#14586 = CARTESIAN_POINT('',(0.657460972665,0.));
#14587 = VECTOR('',#14588,1.);
#14588 = DIRECTION('',(0.,-1.));
#14589 = ( GEOMETRIC_REPRESENTATION_CONTEXT(2) 
PARAMETRIC_REPRESENTATION_CONTEXT() REPRESENTATION_CONTEXT('2D SPACE',''
  ) );
#14590 = PCURVE('',#1762,#14591);
#14591 = DEFINITIONAL_REPRESENTATION('',(#14592),#14596);
#14592 = LINE('',#14593,#14594);
#14593 = CARTESIAN_POINT('',(0.,0.));
#14594 = VECTOR('',#14595,1.);
#14595 = DIRECTION('',(0.,-1.));
#14596 = ( GEOMETRIC_REPRESENTATION_CONTEXT(2) 
PARAMETRIC_REPRESENTATION_CONTEXT() REPRESENTATION_CONTEXT('2D SPACE',''
  ) );
#14597 = ORIENTED_EDGE('',*,*,#1718,.F.);
#14598 = ADVANCED_FACE('',(#14599),#5038,.T.);
#14599 = FACE_BOUND('',#14600,.T.);
#14600 = EDGE_LOOP('',(#14601,#14622,#14623,#14624));
#14601 = ORIENTED_EDGE('',*,*,#14602,.T.);
#14602 = EDGE_CURVE('',#4995,#10516,#14603,.T.);
#14603 = SURFACE_CURVE('',#14604,(#14608,#14615),.PCURVE_S1.);
#14604 = LINE('',#14605,#14606);
#14605 = CARTESIAN_POINT('',(-15.46495751875,-2.582276114225,-4.));
#14606 = VECTOR('',#14607,1.);
#14607 = DIRECTION('',(0.,0.,1.));
#14608 = PCURVE('',#5038,#14609);
#14609 = DEFINITIONAL_REPRESENTATION('',(#14610),#14614);
#14610 = LINE('',#14611,#14612);
#14611 = CARTESIAN_POINT('',(0.,0.));
#14612 = VECTOR('',#14613,1.);
#14613 = DIRECTION('',(0.,-1.));
#14614 = ( GEOMETRIC_REPRESENTATION_CONTEXT(2) 
PARAMETRIC_REPRESENTATION_CONTEXT() REPRESENTATION_CONTEXT('2D SPACE',''
  ) );
#14615 = PCURVE('',#5010,#14616);
#14616 = DEFINITIONAL_REPRESENTATION('',(#14617),#14621);
#14617 = LINE('',#14618,#14619);
#14618 = CARTESIAN_POINT('',(0.634569085755,0.));
#14619 = VECTOR('',#14620,1.);
#14620 = DIRECTION('',(0.,-1.));
#14621 = ( GEOMETRIC_REPRESENTATION_CONTEXT(2) 
PARAMETRIC_REPRESENTATION_CONTEXT() REPRESENTATION_CONTEXT('2D SPACE',''
  ) );
#14622 = ORIENTED_EDGE('',*,*,#10538,.T.);
#14623 = ORIENTED_EDGE('',*,*,#14548,.F.);
#14624 = ORIENTED_EDGE('',*,*,#5022,.F.);
#14625 = ADVANCED_FACE('',(#14626),#1762,.T.);
#14626 = FACE_BOUND('',#14627,.T.);
#14627 = EDGE_LOOP('',(#14628,#14629,#14630,#14651));
#14628 = ORIENTED_EDGE('',*,*,#14577,.T.);
#14629 = ORIENTED_EDGE('',*,*,#7847,.T.);
#14630 = ORIENTED_EDGE('',*,*,#14631,.F.);
#14631 = EDGE_CURVE('',#1747,#7848,#14632,.T.);
#14632 = SURFACE_CURVE('',#14633,(#14637,#14644),.PCURVE_S1.);
#14633 = LINE('',#14634,#14635);
#14634 = CARTESIAN_POINT('',(14.714168864887,3.498346806687,-4.));
#14635 = VECTOR('',#14636,1.);
#14636 = DIRECTION('',(0.,0.,1.));
#14637 = PCURVE('',#1762,#14638);
#14638 = DEFINITIONAL_REPRESENTATION('',(#14639),#14643);
#14639 = LINE('',#14640,#14641);
#14640 = CARTESIAN_POINT('',(0.634569085755,0.));
#14641 = VECTOR('',#14642,1.);
#14642 = DIRECTION('',(0.,-1.));
#14643 = ( GEOMETRIC_REPRESENTATION_CONTEXT(2) 
PARAMETRIC_REPRESENTATION_CONTEXT() REPRESENTATION_CONTEXT('2D SPACE',''
  ) );
#14644 = PCURVE('',#1790,#14645);
#14645 = DEFINITIONAL_REPRESENTATION('',(#14646),#14650);
#14646 = LINE('',#14647,#14648);
#14647 = CARTESIAN_POINT('',(0.,0.));
#14648 = VECTOR('',#14649,1.);
#14649 = DIRECTION('',(0.,-1.));
#14650 = ( GEOMETRIC_REPRESENTATION_CONTEXT(2) 
PARAMETRIC_REPRESENTATION_CONTEXT() REPRESENTATION_CONTEXT('2D SPACE',''
  ) );
#14651 = ORIENTED_EDGE('',*,*,#1746,.F.);
#14652 = ADVANCED_FACE('',(#14653),#5010,.T.);
#14653 = FACE_BOUND('',#14654,.T.);
#14654 = EDGE_LOOP('',(#14655,#14676,#14677,#14678));
#14655 = ORIENTED_EDGE('',*,*,#14656,.T.);
#14656 = EDGE_CURVE('',#4967,#10493,#14657,.T.);
#14657 = SURFACE_CURVE('',#14658,(#14662,#14669),.PCURVE_S1.);
#14658 = LINE('',#14659,#14660);
#14659 = CARTESIAN_POINT('',(-14.86496796597,-2.788892815247,-4.));
#14660 = VECTOR('',#14661,1.);
#14661 = DIRECTION('',(0.,0.,1.));
#14662 = PCURVE('',#5010,#14663);
#14663 = DEFINITIONAL_REPRESENTATION('',(#14664),#14668);
#14664 = LINE('',#14665,#14666);
#14665 = CARTESIAN_POINT('',(0.,0.));
#14666 = VECTOR('',#14667,1.);
#14667 = DIRECTION('',(0.,-1.));
#14668 = ( GEOMETRIC_REPRESENTATION_CONTEXT(2) 
PARAMETRIC_REPRESENTATION_CONTEXT() REPRESENTATION_CONTEXT('2D SPACE',''
  ) );
#14669 = PCURVE('',#4982,#14670);
#14670 = DEFINITIONAL_REPRESENTATION('',(#14671),#14675);
#14671 = LINE('',#14672,#14673);
#14672 = CARTESIAN_POINT('',(0.61165241411,0.));
#14673 = VECTOR('',#14674,1.);
#14674 = DIRECTION('',(0.,-1.));
#14675 = ( GEOMETRIC_REPRESENTATION_CONTEXT(2) 
PARAMETRIC_REPRESENTATION_CONTEXT() REPRESENTATION_CONTEXT('2D SPACE',''
  ) );
#14676 = ORIENTED_EDGE('',*,*,#10515,.T.);
#14677 = ORIENTED_EDGE('',*,*,#14602,.F.);
#14678 = ORIENTED_EDGE('',*,*,#4994,.F.);
#14679 = ADVANCED_FACE('',(#14680),#1790,.T.);
#14680 = FACE_BOUND('',#14681,.T.);
#14681 = EDGE_LOOP('',(#14682,#14683,#14684,#14705));
#14682 = ORIENTED_EDGE('',*,*,#14631,.T.);
#14683 = ORIENTED_EDGE('',*,*,#7870,.T.);
#14684 = ORIENTED_EDGE('',*,*,#14685,.F.);
#14685 = EDGE_CURVE('',#1775,#7871,#14686,.T.);
#14686 = SURFACE_CURVE('',#14687,(#14691,#14698),.PCURVE_S1.);
#14687 = LINE('',#14688,#14689);
#14688 = CARTESIAN_POINT('',(14.230828153712,3.12351293334,-4.));
#14689 = VECTOR('',#14690,1.);
#14690 = DIRECTION('',(0.,0.,1.));
#14691 = PCURVE('',#1790,#14692);
#14692 = DEFINITIONAL_REPRESENTATION('',(#14693),#14697);
#14693 = LINE('',#14694,#14695);
#14694 = CARTESIAN_POINT('',(0.61165241411,0.));
#14695 = VECTOR('',#14696,1.);
#14696 = DIRECTION('',(0.,-1.));
#14697 = ( GEOMETRIC_REPRESENTATION_CONTEXT(2) 
PARAMETRIC_REPRESENTATION_CONTEXT() REPRESENTATION_CONTEXT('2D SPACE',''
  ) );
#14698 = PCURVE('',#1818,#14699);
#14699 = DEFINITIONAL_REPRESENTATION('',(#14700),#14704);
#14700 = LINE('',#14701,#14702);
#14701 = CARTESIAN_POINT('',(0.,0.));
#14702 = VECTOR('',#14703,1.);
#14703 = DIRECTION('',(0.,-1.));
#14704 = ( GEOMETRIC_REPRESENTATION_CONTEXT(2) 
PARAMETRIC_REPRESENTATION_CONTEXT() REPRESENTATION_CONTEXT('2D SPACE',''
  ) );
#14705 = ORIENTED_EDGE('',*,*,#1774,.F.);
#14706 = ADVANCED_FACE('',(#14707),#4982,.T.);
#14707 = FACE_BOUND('',#14708,.T.);
#14708 = EDGE_LOOP('',(#14709,#14730,#14731,#14732));
#14709 = ORIENTED_EDGE('',*,*,#14710,.T.);
#14710 = EDGE_CURVE('',#4939,#10470,#14711,.T.);
#14711 = SURFACE_CURVE('',#14712,(#14716,#14723),.PCURVE_S1.);
#14712 = LINE('',#14713,#14714);
#14713 = CARTESIAN_POINT('',(-14.27095558342,-2.934728219289,-4.));
#14714 = VECTOR('',#14715,1.);
#14715 = DIRECTION('',(0.,0.,1.));
#14716 = PCURVE('',#4982,#14717);
#14717 = DEFINITIONAL_REPRESENTATION('',(#14718),#14722);
#14718 = LINE('',#14719,#14720);
#14719 = CARTESIAN_POINT('',(0.,0.));
#14720 = VECTOR('',#14721,1.);
#14721 = DIRECTION('',(0.,-1.));
#14722 = ( GEOMETRIC_REPRESENTATION_CONTEXT(2) 
PARAMETRIC_REPRESENTATION_CONTEXT() REPRESENTATION_CONTEXT('2D SPACE',''
  ) );
#14723 = PCURVE('',#4954,#14724);
#14724 = DEFINITIONAL_REPRESENTATION('',(#14725),#14729);
#14725 = LINE('',#14726,#14727);
#14726 = CARTESIAN_POINT('',(0.588659078772,0.));
#14727 = VECTOR('',#14728,1.);
#14728 = DIRECTION('',(0.,-1.));
#14729 = ( GEOMETRIC_REPRESENTATION_CONTEXT(2) 
PARAMETRIC_REPRESENTATION_CONTEXT() REPRESENTATION_CONTEXT('2D SPACE',''
  ) );
#14730 = ORIENTED_EDGE('',*,*,#10492,.T.);
#14731 = ORIENTED_EDGE('',*,*,#14656,.F.);
#14732 = ORIENTED_EDGE('',*,*,#4966,.F.);
#14733 = ADVANCED_FACE('',(#14734),#1818,.T.);
#14734 = FACE_BOUND('',#14735,.T.);
#14735 = EDGE_LOOP('',(#14736,#14737,#14738,#14759));
#14736 = ORIENTED_EDGE('',*,*,#14685,.T.);
#14737 = ORIENTED_EDGE('',*,*,#7893,.T.);
#14738 = ORIENTED_EDGE('',*,*,#14739,.F.);
#14739 = EDGE_CURVE('',#1803,#7894,#14740,.T.);
#14740 = SURFACE_CURVE('',#14741,(#14745,#14752),.PCURVE_S1.);
#14741 = LINE('',#14742,#14743);
#14742 = CARTESIAN_POINT('',(13.729094051864,2.815645426021,-4.));
#14743 = VECTOR('',#14744,1.);
#14744 = DIRECTION('',(0.,0.,1.));
#14745 = PCURVE('',#1818,#14746);
#14746 = DEFINITIONAL_REPRESENTATION('',(#14747),#14751);
#14747 = LINE('',#14748,#14749);
#14748 = CARTESIAN_POINT('',(0.588659078772,0.));
#14749 = VECTOR('',#14750,1.);
#14750 = DIRECTION('',(0.,-1.));
#14751 = ( GEOMETRIC_REPRESENTATION_CONTEXT(2) 
PARAMETRIC_REPRESENTATION_CONTEXT() REPRESENTATION_CONTEXT('2D SPACE',''
  ) );
#14752 = PCURVE('',#1846,#14753);
#14753 = DEFINITIONAL_REPRESENTATION('',(#14754),#14758);
#14754 = LINE('',#14755,#14756);
#14755 = CARTESIAN_POINT('',(0.,0.));
#14756 = VECTOR('',#14757,1.);
#14757 = DIRECTION('',(0.,-1.));
#14758 = ( GEOMETRIC_REPRESENTATION_CONTEXT(2) 
PARAMETRIC_REPRESENTATION_CONTEXT() REPRESENTATION_CONTEXT('2D SPACE',''
  ) );
#14759 = ORIENTED_EDGE('',*,*,#1802,.F.);
#14760 = ADVANCED_FACE('',(#14761),#4954,.T.);
#14761 = FACE_BOUND('',#14762,.T.);
#14762 = EDGE_LOOP('',(#14763,#14784,#14785,#14786));
#14763 = ORIENTED_EDGE('',*,*,#14764,.T.);
#14764 = EDGE_CURVE('',#4911,#10447,#14765,.T.);
#14765 = SURFACE_CURVE('',#14766,(#14770,#14777),.PCURVE_S1.);
#14766 = LINE('',#14767,#14768);
#14767 = CARTESIAN_POINT('',(-13.6873776773,-3.011905537853,-4.));
#14768 = VECTOR('',#14769,1.);
#14769 = DIRECTION('',(0.,0.,1.));
#14770 = PCURVE('',#4954,#14771);
#14771 = DEFINITIONAL_REPRESENTATION('',(#14772),#14776);
#14772 = LINE('',#14773,#14774);
#14773 = CARTESIAN_POINT('',(0.,0.));
#14774 = VECTOR('',#14775,1.);
#14775 = DIRECTION('',(0.,-1.));
#14776 = ( GEOMETRIC_REPRESENTATION_CONTEXT(2) 
PARAMETRIC_REPRESENTATION_CONTEXT() REPRESENTATION_CONTEXT('2D SPACE',''
  ) );
#14777 = PCURVE('',#4926,#14778);
#14778 = DEFINITIONAL_REPRESENTATION('',(#14779),#14783);
#14779 = LINE('',#14780,#14781);
#14780 = CARTESIAN_POINT('',(0.564849389437,0.));
#14781 = VECTOR('',#14782,1.);
#14782 = DIRECTION('',(0.,-1.));
#14783 = ( GEOMETRIC_REPRESENTATION_CONTEXT(2) 
PARAMETRIC_REPRESENTATION_CONTEXT() REPRESENTATION_CONTEXT('2D SPACE',''
  ) );
#14784 = ORIENTED_EDGE('',*,*,#10469,.T.);
#14785 = ORIENTED_EDGE('',*,*,#14710,.F.);
#14786 = ORIENTED_EDGE('',*,*,#4938,.F.);
#14787 = ADVANCED_FACE('',(#14788),#1846,.T.);
#14788 = FACE_BOUND('',#14789,.T.);
#14789 = EDGE_LOOP('',(#14790,#14791,#14792,#14813));
#14790 = ORIENTED_EDGE('',*,*,#14739,.T.);
#14791 = ORIENTED_EDGE('',*,*,#7916,.T.);
#14792 = ORIENTED_EDGE('',*,*,#14793,.F.);
#14793 = EDGE_CURVE('',#1831,#7917,#14794,.T.);
#14794 = SURFACE_CURVE('',#14795,(#14799,#14806),.PCURVE_S1.);
#14795 = LINE('',#14796,#14797);
#14796 = CARTESIAN_POINT('',(13.206215957428,2.601979024575,-4.));
#14797 = VECTOR('',#14798,1.);
#14798 = DIRECTION('',(0.,0.,1.));
#14799 = PCURVE('',#1846,#14800);
#14800 = DEFINITIONAL_REPRESENTATION('',(#14801),#14805);
#14801 = LINE('',#14802,#14803);
#14802 = CARTESIAN_POINT('',(0.564849389437,0.));
#14803 = VECTOR('',#14804,1.);
#14804 = DIRECTION('',(0.,-1.));
#14805 = ( GEOMETRIC_REPRESENTATION_CONTEXT(2) 
PARAMETRIC_REPRESENTATION_CONTEXT() REPRESENTATION_CONTEXT('2D SPACE',''
  ) );
#14806 = PCURVE('',#1874,#14807);
#14807 = DEFINITIONAL_REPRESENTATION('',(#14808),#14812);
#14808 = LINE('',#14809,#14810);
#14809 = CARTESIAN_POINT('',(0.,0.));
#14810 = VECTOR('',#14811,1.);
#14811 = DIRECTION('',(0.,-1.));
#14812 = ( GEOMETRIC_REPRESENTATION_CONTEXT(2) 
PARAMETRIC_REPRESENTATION_CONTEXT() REPRESENTATION_CONTEXT('2D SPACE',''
  ) );
#14813 = ORIENTED_EDGE('',*,*,#1830,.F.);
#14814 = ADVANCED_FACE('',(#14815),#4926,.T.);
#14815 = FACE_BOUND('',#14816,.T.);
#14816 = EDGE_LOOP('',(#14817,#14838,#14839,#14840));
#14817 = ORIENTED_EDGE('',*,*,#14818,.T.);
#14818 = EDGE_CURVE('',#4883,#10424,#14819,.T.);
#14819 = SURFACE_CURVE('',#14820,(#14824,#14831),.PCURVE_S1.);
#14820 = LINE('',#14821,#14822);
#14821 = CARTESIAN_POINT('',(-13.12279881436,-2.994425827477,-4.));
#14822 = VECTOR('',#14823,1.);
#14823 = DIRECTION('',(0.,0.,1.));
#14824 = PCURVE('',#4926,#14825);
#14825 = DEFINITIONAL_REPRESENTATION('',(#14826),#14830);
#14826 = LINE('',#14827,#14828);
#14827 = CARTESIAN_POINT('',(0.,0.));
#14828 = VECTOR('',#14829,1.);
#14829 = DIRECTION('',(0.,-1.));
#14830 = ( GEOMETRIC_REPRESENTATION_CONTEXT(2) 
PARAMETRIC_REPRESENTATION_CONTEXT() REPRESENTATION_CONTEXT('2D SPACE',''
  ) );
#14831 = PCURVE('',#4898,#14832);
#14832 = DEFINITIONAL_REPRESENTATION('',(#14833),#14837);
#14833 = LINE('',#14834,#14835);
#14834 = CARTESIAN_POINT('',(1.523484570763,0.));
#14835 = VECTOR('',#14836,1.);
#14836 = DIRECTION('',(0.,-1.));
#14837 = ( GEOMETRIC_REPRESENTATION_CONTEXT(2) 
PARAMETRIC_REPRESENTATION_CONTEXT() REPRESENTATION_CONTEXT('2D SPACE',''
  ) );
#14838 = ORIENTED_EDGE('',*,*,#10446,.T.);
#14839 = ORIENTED_EDGE('',*,*,#14764,.F.);
#14840 = ORIENTED_EDGE('',*,*,#4910,.F.);
#14841 = ADVANCED_FACE('',(#14842),#1874,.T.);
#14842 = FACE_BOUND('',#14843,.T.);
#14843 = EDGE_LOOP('',(#14844,#14845,#14846,#14867));
#14844 = ORIENTED_EDGE('',*,*,#14793,.T.);
#14845 = ORIENTED_EDGE('',*,*,#7939,.T.);
#14846 = ORIENTED_EDGE('',*,*,#14847,.F.);
#14847 = EDGE_CURVE('',#1859,#7940,#14848,.T.);
#14848 = SURFACE_CURVE('',#14849,(#14853,#14860),.PCURVE_S1.);
#14849 = LINE('',#14850,#14851);
#14850 = CARTESIAN_POINT('',(11.711467900343,2.307473535334,-4.));
#14851 = VECTOR('',#14852,1.);
#14852 = DIRECTION('',(0.,0.,1.));
#14853 = PCURVE('',#1874,#14854);
#14854 = DEFINITIONAL_REPRESENTATION('',(#14855),#14859);
#14855 = LINE('',#14856,#14857);
#14856 = CARTESIAN_POINT('',(1.523484570763,0.));
#14857 = VECTOR('',#14858,1.);
#14858 = DIRECTION('',(0.,-1.));
#14859 = ( GEOMETRIC_REPRESENTATION_CONTEXT(2) 
PARAMETRIC_REPRESENTATION_CONTEXT() REPRESENTATION_CONTEXT('2D SPACE',''
  ) );
#14860 = PCURVE('',#1902,#14861);
#14861 = DEFINITIONAL_REPRESENTATION('',(#14862),#14866);
#14862 = LINE('',#14863,#14864);
#14863 = CARTESIAN_POINT('',(0.,0.));
#14864 = VECTOR('',#14865,1.);
#14865 = DIRECTION('',(0.,-1.));
#14866 = ( GEOMETRIC_REPRESENTATION_CONTEXT(2) 
PARAMETRIC_REPRESENTATION_CONTEXT() REPRESENTATION_CONTEXT('2D SPACE',''
  ) );
#14867 = ORIENTED_EDGE('',*,*,#1858,.F.);
#14868 = ADVANCED_FACE('',(#14869),#4898,.T.);
#14869 = FACE_BOUND('',#14870,.T.);
#14870 = EDGE_LOOP('',(#14871,#14892,#14893,#14894));
#14871 = ORIENTED_EDGE('',*,*,#14872,.T.);
#14872 = EDGE_CURVE('',#4855,#10401,#14873,.T.);
#14873 = SURFACE_CURVE('',#14874,(#14878,#14885),.PCURVE_S1.);
#14874 = LINE('',#14875,#14876);
#14875 = CARTESIAN_POINT('',(-11.63749234243,-2.65550117244,-4.));
#14876 = VECTOR('',#14877,1.);
#14877 = DIRECTION('',(0.,0.,1.));
#14878 = PCURVE('',#4898,#14879);
#14879 = DEFINITIONAL_REPRESENTATION('',(#14880),#14884);
#14880 = LINE('',#14881,#14882);
#14881 = CARTESIAN_POINT('',(0.,0.));
#14882 = VECTOR('',#14883,1.);
#14883 = DIRECTION('',(0.,-1.));
#14884 = ( GEOMETRIC_REPRESENTATION_CONTEXT(2) 
PARAMETRIC_REPRESENTATION_CONTEXT() REPRESENTATION_CONTEXT('2D SPACE',''
  ) );
#14885 = PCURVE('',#4870,#14886);
#14886 = DEFINITIONAL_REPRESENTATION('',(#14887),#14891);
#14887 = LINE('',#14888,#14889);
#14888 = CARTESIAN_POINT('',(1.071731710829,0.));
#14889 = VECTOR('',#14890,1.);
#14890 = DIRECTION('',(0.,-1.));
#14891 = ( GEOMETRIC_REPRESENTATION_CONTEXT(2) 
PARAMETRIC_REPRESENTATION_CONTEXT() REPRESENTATION_CONTEXT('2D SPACE',''
  ) );
#14892 = ORIENTED_EDGE('',*,*,#10423,.T.);
#14893 = ORIENTED_EDGE('',*,*,#14818,.F.);
#14894 = ORIENTED_EDGE('',*,*,#4882,.F.);
#14895 = ADVANCED_FACE('',(#14896),#1902,.T.);
#14896 = FACE_BOUND('',#14897,.T.);
#14897 = EDGE_LOOP('',(#14898,#14899,#14900,#14921));
#14898 = ORIENTED_EDGE('',*,*,#14847,.T.);
#14899 = ORIENTED_EDGE('',*,*,#7962,.T.);
#14900 = ORIENTED_EDGE('',*,*,#14901,.F.);
#14901 = EDGE_CURVE('',#1887,#7963,#14902,.T.);
#14902 = SURFACE_CURVE('',#14903,(#14907,#14914),.PCURVE_S1.);
#14903 = LINE('',#14904,#14905);
#14904 = CARTESIAN_POINT('',(11.871230674574,1.247716621713,-4.));
#14905 = VECTOR('',#14906,1.);
#14906 = DIRECTION('',(0.,0.,1.));
#14907 = PCURVE('',#1902,#14908);
#14908 = DEFINITIONAL_REPRESENTATION('',(#14909),#14913);
#14909 = LINE('',#14910,#14911);
#14910 = CARTESIAN_POINT('',(1.071731710829,0.));
#14911 = VECTOR('',#14912,1.);
#14912 = DIRECTION('',(0.,-1.));
#14913 = ( GEOMETRIC_REPRESENTATION_CONTEXT(2) 
PARAMETRIC_REPRESENTATION_CONTEXT() REPRESENTATION_CONTEXT('2D SPACE',''
  ) );
#14914 = PCURVE('',#1930,#14915);
#14915 = DEFINITIONAL_REPRESENTATION('',(#14916),#14920);
#14916 = LINE('',#14917,#14918);
#14917 = CARTESIAN_POINT('',(0.,0.));
#14918 = VECTOR('',#14919,1.);
#14919 = DIRECTION('',(0.,-1.));
#14920 = ( GEOMETRIC_REPRESENTATION_CONTEXT(2) 
PARAMETRIC_REPRESENTATION_CONTEXT() REPRESENTATION_CONTEXT('2D SPACE',''
  ) );
#14921 = ORIENTED_EDGE('',*,*,#1886,.F.);
#14922 = ADVANCED_FACE('',(#14923),#4870,.T.);
#14923 = FACE_BOUND('',#14924,.T.);
#14924 = EDGE_LOOP('',(#14925,#14946,#14947,#14948));
#14925 = ORIENTED_EDGE('',*,*,#14926,.T.);
#14926 = EDGE_CURVE('',#4827,#10378,#14927,.T.);
#14927 = SURFACE_CURVE('',#14928,(#14932,#14939),.PCURVE_S1.);
#14928 = LINE('',#14929,#14930);
#14929 = CARTESIAN_POINT('',(-11.35240092961,-3.688618661563,-4.));
#14930 = VECTOR('',#14931,1.);
#14931 = DIRECTION('',(0.,0.,1.));
#14932 = PCURVE('',#4870,#14933);
#14933 = DEFINITIONAL_REPRESENTATION('',(#14934),#14938);
#14934 = LINE('',#14935,#14936);
#14935 = CARTESIAN_POINT('',(0.,0.));
#14936 = VECTOR('',#14937,1.);
#14937 = DIRECTION('',(0.,-1.));
#14938 = ( GEOMETRIC_REPRESENTATION_CONTEXT(2) 
PARAMETRIC_REPRESENTATION_CONTEXT() REPRESENTATION_CONTEXT('2D SPACE',''
  ) );
#14939 = PCURVE('',#4842,#14940);
#14940 = DEFINITIONAL_REPRESENTATION('',(#14941),#14945);
#14941 = LINE('',#14942,#14943);
#14942 = CARTESIAN_POINT('',(1.071731710829,0.));
#14943 = VECTOR('',#14944,1.);
#14944 = DIRECTION('',(0.,-1.));
#14945 = ( GEOMETRIC_REPRESENTATION_CONTEXT(2) 
PARAMETRIC_REPRESENTATION_CONTEXT() REPRESENTATION_CONTEXT('2D SPACE',''
  ) );
#14946 = ORIENTED_EDGE('',*,*,#10400,.T.);
#14947 = ORIENTED_EDGE('',*,*,#14872,.F.);
#14948 = ORIENTED_EDGE('',*,*,#4854,.F.);
#14949 = ADVANCED_FACE('',(#14950),#1930,.T.);
#14950 = FACE_BOUND('',#14951,.T.);
#14951 = EDGE_LOOP('',(#14952,#14953,#14954,#14975));
#14952 = ORIENTED_EDGE('',*,*,#14901,.T.);
#14953 = ORIENTED_EDGE('',*,*,#7985,.T.);
#14954 = ORIENTED_EDGE('',*,*,#14955,.F.);
#14955 = EDGE_CURVE('',#1915,#7986,#14956,.T.);
#14956 = SURFACE_CURVE('',#14957,(#14961,#14968),.PCURVE_S1.);
#14957 = LINE('',#14958,#14959);
#14958 = CARTESIAN_POINT('',(11.93529495204,0.177901390774,-4.));
#14959 = VECTOR('',#14960,1.);
#14960 = DIRECTION('',(0.,0.,1.));
#14961 = PCURVE('',#1930,#14962);
#14962 = DEFINITIONAL_REPRESENTATION('',(#14963),#14967);
#14963 = LINE('',#14964,#14965);
#14964 = CARTESIAN_POINT('',(1.071731710829,0.));
#14965 = VECTOR('',#14966,1.);
#14966 = DIRECTION('',(0.,-1.));
#14967 = ( GEOMETRIC_REPRESENTATION_CONTEXT(2) 
PARAMETRIC_REPRESENTATION_CONTEXT() REPRESENTATION_CONTEXT('2D SPACE',''
  ) );
#14968 = PCURVE('',#1958,#14969);
#14969 = DEFINITIONAL_REPRESENTATION('',(#14970),#14974);
#14970 = LINE('',#14971,#14972);
#14971 = CARTESIAN_POINT('',(0.,0.));
#14972 = VECTOR('',#14973,1.);
#14973 = DIRECTION('',(0.,-1.));
#14974 = ( GEOMETRIC_REPRESENTATION_CONTEXT(2) 
PARAMETRIC_REPRESENTATION_CONTEXT() REPRESENTATION_CONTEXT('2D SPACE',''
  ) );
#14975 = ORIENTED_EDGE('',*,*,#1914,.F.);
#14976 = ADVANCED_FACE('',(#14977),#4842,.T.);
#14977 = FACE_BOUND('',#14978,.T.);
#14978 = EDGE_LOOP('',(#14979,#15000,#15001,#15002));
#14979 = ORIENTED_EDGE('',*,*,#14980,.T.);
#14980 = EDGE_CURVE('',#4799,#10355,#14981,.T.);
#14981 = SURFACE_CURVE('',#14982,(#14986,#14993),.PCURVE_S1.);
#14982 = LINE('',#14983,#14984);
#14983 = CARTESIAN_POINT('',(-10.97579350354,-4.692000795462,-4.));
#14984 = VECTOR('',#14985,1.);
#14985 = DIRECTION('',(0.,0.,1.));
#14986 = PCURVE('',#4842,#14987);
#14987 = DEFINITIONAL_REPRESENTATION('',(#14988),#14992);
#14988 = LINE('',#14989,#14990);
#14989 = CARTESIAN_POINT('',(0.,0.));
#14990 = VECTOR('',#14991,1.);
#14991 = DIRECTION('',(0.,-1.));
#14992 = ( GEOMETRIC_REPRESENTATION_CONTEXT(2) 
PARAMETRIC_REPRESENTATION_CONTEXT() REPRESENTATION_CONTEXT('2D SPACE',''
  ) );
#14993 = PCURVE('',#4814,#14994);
#14994 = DEFINITIONAL_REPRESENTATION('',(#14995),#14999);
#14995 = LINE('',#14996,#14997);
#14996 = CARTESIAN_POINT('',(1.523484570763,0.));
#14997 = VECTOR('',#14998,1.);
#14998 = DIRECTION('',(0.,-1.));
#14999 = ( GEOMETRIC_REPRESENTATION_CONTEXT(2) 
PARAMETRIC_REPRESENTATION_CONTEXT() REPRESENTATION_CONTEXT('2D SPACE',''
  ) );
#15000 = ORIENTED_EDGE('',*,*,#10377,.T.);
#15001 = ORIENTED_EDGE('',*,*,#14926,.F.);
#15002 = ORIENTED_EDGE('',*,*,#4826,.F.);
#15003 = ADVANCED_FACE('',(#15004),#1958,.T.);
#15004 = FACE_BOUND('',#15005,.T.);
#15005 = EDGE_LOOP('',(#15006,#15007,#15008,#15029));
#15006 = ORIENTED_EDGE('',*,*,#14955,.T.);
#15007 = ORIENTED_EDGE('',*,*,#8008,.T.);
#15008 = ORIENTED_EDGE('',*,*,#15009,.F.);
#15009 = EDGE_CURVE('',#1943,#8009,#15010,.T.);
#15010 = SURFACE_CURVE('',#15011,(#15015,#15022),.PCURVE_S1.);
#15011 = LINE('',#15012,#15013);
#15012 = CARTESIAN_POINT('',(13.458610312003,0.200607148966,-4.));
#15013 = VECTOR('',#15014,1.);
#15014 = DIRECTION('',(0.,0.,1.));
#15015 = PCURVE('',#1958,#15016);
#15016 = DEFINITIONAL_REPRESENTATION('',(#15017),#15021);
#15017 = LINE('',#15018,#15019);
#15018 = CARTESIAN_POINT('',(1.523484570763,0.));
#15019 = VECTOR('',#15020,1.);
#15020 = DIRECTION('',(0.,-1.));
#15021 = ( GEOMETRIC_REPRESENTATION_CONTEXT(2) 
PARAMETRIC_REPRESENTATION_CONTEXT() REPRESENTATION_CONTEXT('2D SPACE',''
  ) );
#15022 = PCURVE('',#1986,#15023);
#15023 = DEFINITIONAL_REPRESENTATION('',(#15024),#15028);
#15024 = LINE('',#15025,#15026);
#15025 = CARTESIAN_POINT('',(0.,0.));
#15026 = VECTOR('',#15027,1.);
#15027 = DIRECTION('',(0.,-1.));
#15028 = ( GEOMETRIC_REPRESENTATION_CONTEXT(2) 
PARAMETRIC_REPRESENTATION_CONTEXT() REPRESENTATION_CONTEXT('2D SPACE',''
  ) );
#15029 = ORIENTED_EDGE('',*,*,#1942,.F.);
#15030 = ADVANCED_FACE('',(#15031),#4814,.T.);
#15031 = FACE_BOUND('',#15032,.T.);
#15032 = EDGE_LOOP('',(#15033,#15054,#15055,#15056));
#15033 = ORIENTED_EDGE('',*,*,#15034,.T.);
#15034 = EDGE_CURVE('',#4771,#10332,#15035,.T.);
#15035 = SURFACE_CURVE('',#15036,(#15040,#15047),.PCURVE_S1.);
#15036 = LINE('',#15037,#15038);
#15037 = CARTESIAN_POINT('',(-12.37664659505,-5.290846229061,-4.));
#15038 = VECTOR('',#15039,1.);
#15039 = DIRECTION('',(0.,0.,1.));
#15040 = PCURVE('',#4814,#15041);
#15041 = DEFINITIONAL_REPRESENTATION('',(#15042),#15046);
#15042 = LINE('',#15043,#15044);
#15043 = CARTESIAN_POINT('',(0.,0.));
#15044 = VECTOR('',#15045,1.);
#15045 = DIRECTION('',(0.,-1.));
#15046 = ( GEOMETRIC_REPRESENTATION_CONTEXT(2) 
PARAMETRIC_REPRESENTATION_CONTEXT() REPRESENTATION_CONTEXT('2D SPACE',''
  ) );
#15047 = PCURVE('',#4786,#15048);
#15048 = DEFINITIONAL_REPRESENTATION('',(#15049),#15053);
#15049 = LINE('',#15050,#15051);
#15050 = CARTESIAN_POINT('',(0.564849389437,0.));
#15051 = VECTOR('',#15052,1.);
#15052 = DIRECTION('',(0.,-1.));
#15053 = ( GEOMETRIC_REPRESENTATION_CONTEXT(2) 
PARAMETRIC_REPRESENTATION_CONTEXT() REPRESENTATION_CONTEXT('2D SPACE',''
  ) );
#15054 = ORIENTED_EDGE('',*,*,#10354,.T.);
#15055 = ORIENTED_EDGE('',*,*,#14980,.F.);
#15056 = ORIENTED_EDGE('',*,*,#4798,.F.);
#15057 = ADVANCED_FACE('',(#15058),#1986,.T.);
#15058 = FACE_BOUND('',#15059,.T.);
#15059 = EDGE_LOOP('',(#15060,#15061,#15062,#15083));
#15060 = ORIENTED_EDGE('',*,*,#15009,.T.);
#15061 = ORIENTED_EDGE('',*,*,#8031,.T.);
#15062 = ORIENTED_EDGE('',*,*,#15063,.F.);
#15063 = EDGE_CURVE('',#1971,#8032,#15064,.T.);
#15064 = SURFACE_CURVE('',#15065,(#15069,#15076),.PCURVE_S1.);
#15065 = LINE('',#15066,#15067);
#15066 = CARTESIAN_POINT('',(14.014486008347,0.10032233974,-4.));
#15067 = VECTOR('',#15068,1.);
#15068 = DIRECTION('',(0.,0.,1.));
#15069 = PCURVE('',#1986,#15070);
#15070 = DEFINITIONAL_REPRESENTATION('',(#15071),#15075);
#15071 = LINE('',#15072,#15073);
#15072 = CARTESIAN_POINT('',(0.564849389437,0.));
#15073 = VECTOR('',#15074,1.);
#15074 = DIRECTION('',(0.,-1.));
#15075 = ( GEOMETRIC_REPRESENTATION_CONTEXT(2) 
PARAMETRIC_REPRESENTATION_CONTEXT() REPRESENTATION_CONTEXT('2D SPACE',''
  ) );
#15076 = PCURVE('',#2014,#15077);
#15077 = DEFINITIONAL_REPRESENTATION('',(#15078),#15082);
#15078 = LINE('',#15079,#15080);
#15079 = CARTESIAN_POINT('',(0.,0.));
#15080 = VECTOR('',#15081,1.);
#15081 = DIRECTION('',(0.,-1.));
#15082 = ( GEOMETRIC_REPRESENTATION_CONTEXT(2) 
PARAMETRIC_REPRESENTATION_CONTEXT() REPRESENTATION_CONTEXT('2D SPACE',''
  ) );
#15083 = ORIENTED_EDGE('',*,*,#1970,.F.);
#15084 = ADVANCED_FACE('',(#15085),#4786,.T.);
#15085 = FACE_BOUND('',#15086,.T.);
#15086 = EDGE_LOOP('',(#15087,#15108,#15109,#15110));
#15087 = ORIENTED_EDGE('',*,*,#15088,.T.);
#15088 = EDGE_CURVE('',#4743,#10309,#15089,.T.);
#15089 = SURFACE_CURVE('',#15090,(#15094,#15101),.PCURVE_S1.);
#15090 = LINE('',#15091,#15092);
#15091 = CARTESIAN_POINT('',(-12.84367480581,-5.608555975699,-4.));
#15092 = VECTOR('',#15093,1.);
#15093 = DIRECTION('',(0.,0.,1.));
#15094 = PCURVE('',#4786,#15095);
#15095 = DEFINITIONAL_REPRESENTATION('',(#15096),#15100);
#15096 = LINE('',#15097,#15098);
#15097 = CARTESIAN_POINT('',(0.,0.));
#15098 = VECTOR('',#15099,1.);
#15099 = DIRECTION('',(0.,-1.));
#15100 = ( GEOMETRIC_REPRESENTATION_CONTEXT(2) 
PARAMETRIC_REPRESENTATION_CONTEXT() REPRESENTATION_CONTEXT('2D SPACE',''
  ) );
#15101 = PCURVE('',#4758,#15102);
#15102 = DEFINITIONAL_REPRESENTATION('',(#15103),#15107);
#15103 = LINE('',#15104,#15105);
#15104 = CARTESIAN_POINT('',(0.588659078772,0.));
#15105 = VECTOR('',#15106,1.);
#15106 = DIRECTION('',(0.,-1.));
#15107 = ( GEOMETRIC_REPRESENTATION_CONTEXT(2) 
PARAMETRIC_REPRESENTATION_CONTEXT() REPRESENTATION_CONTEXT('2D SPACE',''
  ) );
#15108 = ORIENTED_EDGE('',*,*,#10331,.T.);
#15109 = ORIENTED_EDGE('',*,*,#15034,.F.);
#15110 = ORIENTED_EDGE('',*,*,#4770,.F.);
#15111 = ADVANCED_FACE('',(#15112),#2014,.T.);
#15112 = FACE_BOUND('',#15113,.T.);
#15113 = EDGE_LOOP('',(#15114,#15115,#15116,#15137));
#15114 = ORIENTED_EDGE('',*,*,#15063,.T.);
#15115 = ORIENTED_EDGE('',*,*,#8054,.T.);
#15116 = ORIENTED_EDGE('',*,*,#15117,.F.);
#15117 = EDGE_CURVE('',#1999,#8055,#15118,.T.);
#15118 = SURFACE_CURVE('',#15119,(#15123,#15130),.PCURVE_S1.);
#15119 = LINE('',#15120,#15121);
#15120 = CARTESIAN_POINT('',(14.569265270271,-9.650113843236E-02,-4.));
#15121 = VECTOR('',#15122,1.);
#15122 = DIRECTION('',(0.,0.,1.));
#15123 = PCURVE('',#2014,#15124);
#15124 = DEFINITIONAL_REPRESENTATION('',(#15125),#15129);
#15125 = LINE('',#15126,#15127);
#15126 = CARTESIAN_POINT('',(0.588659078772,0.));
#15127 = VECTOR('',#15128,1.);
#15128 = DIRECTION('',(0.,-1.));
#15129 = ( GEOMETRIC_REPRESENTATION_CONTEXT(2) 
PARAMETRIC_REPRESENTATION_CONTEXT() REPRESENTATION_CONTEXT('2D SPACE',''
  ) );
#15130 = PCURVE('',#2042,#15131);
#15131 = DEFINITIONAL_REPRESENTATION('',(#15132),#15136);
#15132 = LINE('',#15133,#15134);
#15133 = CARTESIAN_POINT('',(0.,0.));
#15134 = VECTOR('',#15135,1.);
#15135 = DIRECTION('',(0.,-1.));
#15136 = ( GEOMETRIC_REPRESENTATION_CONTEXT(2) 
PARAMETRIC_REPRESENTATION_CONTEXT() REPRESENTATION_CONTEXT('2D SPACE',''
  ) );
#15137 = ORIENTED_EDGE('',*,*,#1998,.F.);
#15138 = ADVANCED_FACE('',(#15139),#4758,.T.);
#15139 = FACE_BOUND('',#15140,.T.);
#15140 = EDGE_LOOP('',(#15141,#15162,#15163,#15164));
#15141 = ORIENTED_EDGE('',*,*,#15142,.T.);
#15142 = EDGE_CURVE('',#4715,#10286,#15143,.T.);
#15143 = SURFACE_CURVE('',#15144,(#15148,#15155),.PCURVE_S1.);
#15144 = LINE('',#15145,#15146);
#15145 = CARTESIAN_POINT('',(-13.27043555974,-6.014012224783,-4.));
#15146 = VECTOR('',#15147,1.);
#15147 = DIRECTION('',(0.,0.,1.));
#15148 = PCURVE('',#4758,#15149);
#15149 = DEFINITIONAL_REPRESENTATION('',(#15150),#15154);
#15150 = LINE('',#15151,#15152);
#15151 = CARTESIAN_POINT('',(0.,0.));
#15152 = VECTOR('',#15153,1.);
#15153 = DIRECTION('',(0.,-1.));
#15154 = ( GEOMETRIC_REPRESENTATION_CONTEXT(2) 
PARAMETRIC_REPRESENTATION_CONTEXT() REPRESENTATION_CONTEXT('2D SPACE',''
  ) );
#15155 = PCURVE('',#4730,#15156);
#15156 = DEFINITIONAL_REPRESENTATION('',(#15157),#15161);
#15157 = LINE('',#15158,#15159);
#15158 = CARTESIAN_POINT('',(0.61165241411,0.));
#15159 = VECTOR('',#15160,1.);
#15160 = DIRECTION('',(0.,-1.));
#15161 = ( GEOMETRIC_REPRESENTATION_CONTEXT(2) 
PARAMETRIC_REPRESENTATION_CONTEXT() REPRESENTATION_CONTEXT('2D SPACE',''
  ) );
#15162 = ORIENTED_EDGE('',*,*,#10308,.T.);
#15163 = ORIENTED_EDGE('',*,*,#15088,.F.);
#15164 = ORIENTED_EDGE('',*,*,#4742,.F.);
#15165 = ADVANCED_FACE('',(#15166),#2042,.T.);
#15166 = FACE_BOUND('',#15167,.T.);
#15167 = EDGE_LOOP('',(#15168,#15169,#15170,#15191));
#15168 = ORIENTED_EDGE('',*,*,#15117,.T.);
#15169 = ORIENTED_EDGE('',*,*,#8077,.T.);
#15170 = ORIENTED_EDGE('',*,*,#15171,.F.);
#15171 = EDGE_CURVE('',#2027,#8078,#15172,.T.);
#15172 = SURFACE_CURVE('',#15173,(#15177,#15184),.PCURVE_S1.);
#15173 = LINE('',#15174,#15175);
#15174 = CARTESIAN_POINT('',(15.119976171626,-0.362651807819,-4.));
#15175 = VECTOR('',#15176,1.);
#15176 = DIRECTION('',(0.,0.,1.));
#15177 = PCURVE('',#2042,#15178);
#15178 = DEFINITIONAL_REPRESENTATION('',(#15179),#15183);
#15179 = LINE('',#15180,#15181);
#15180 = CARTESIAN_POINT('',(0.61165241411,0.));
#15181 = VECTOR('',#15182,1.);
#15182 = DIRECTION('',(0.,-1.));
#15183 = ( GEOMETRIC_REPRESENTATION_CONTEXT(2) 
PARAMETRIC_REPRESENTATION_CONTEXT() REPRESENTATION_CONTEXT('2D SPACE',''
  ) );
#15184 = PCURVE('',#2070,#15185);
#15185 = DEFINITIONAL_REPRESENTATION('',(#15186),#15190);
#15186 = LINE('',#15187,#15188);
#15187 = CARTESIAN_POINT('',(0.,0.));
#15188 = VECTOR('',#15189,1.);
#15189 = DIRECTION('',(0.,-1.));
#15190 = ( GEOMETRIC_REPRESENTATION_CONTEXT(2) 
PARAMETRIC_REPRESENTATION_CONTEXT() REPRESENTATION_CONTEXT('2D SPACE',''
  ) );
#15191 = ORIENTED_EDGE('',*,*,#2026,.F.);
#15192 = ADVANCED_FACE('',(#15193),#4730,.T.);
#15193 = FACE_BOUND('',#15194,.T.);
#15194 = EDGE_LOOP('',(#15195,#15216,#15217,#15218));
#15195 = ORIENTED_EDGE('',*,*,#15196,.T.);
#15196 = EDGE_CURVE('',#4687,#10263,#15197,.T.);
#15197 = SURFACE_CURVE('',#15198,(#15202,#15209),.PCURVE_S1.);
#15198 = LINE('',#15199,#15200);
#15199 = CARTESIAN_POINT('',(-13.66528177233,-6.481147263173,-4.));
#15200 = VECTOR('',#15201,1.);
#15201 = DIRECTION('',(0.,0.,1.));
#15202 = PCURVE('',#4730,#15203);
#15203 = DEFINITIONAL_REPRESENTATION('',(#15204),#15208);
#15204 = LINE('',#15205,#15206);
#15205 = CARTESIAN_POINT('',(0.,0.));
#15206 = VECTOR('',#15207,1.);
#15207 = DIRECTION('',(0.,-1.));
#15208 = ( GEOMETRIC_REPRESENTATION_CONTEXT(2) 
PARAMETRIC_REPRESENTATION_CONTEXT() REPRESENTATION_CONTEXT('2D SPACE',''
  ) );
#15209 = PCURVE('',#4702,#15210);
#15210 = DEFINITIONAL_REPRESENTATION('',(#15211),#15215);
#15211 = LINE('',#15212,#15213);
#15212 = CARTESIAN_POINT('',(0.634569085755,0.));
#15213 = VECTOR('',#15214,1.);
#15214 = DIRECTION('',(0.,-1.));
#15215 = ( GEOMETRIC_REPRESENTATION_CONTEXT(2) 
PARAMETRIC_REPRESENTATION_CONTEXT() REPRESENTATION_CONTEXT('2D SPACE',''
  ) );
#15216 = ORIENTED_EDGE('',*,*,#10285,.T.);
#15217 = ORIENTED_EDGE('',*,*,#15142,.F.);
#15218 = ORIENTED_EDGE('',*,*,#4714,.F.);
#15219 = ADVANCED_FACE('',(#15220),#2070,.T.);
#15220 = FACE_BOUND('',#15221,.T.);
#15221 = EDGE_LOOP('',(#15222,#15223,#15224,#15245));
#15222 = ORIENTED_EDGE('',*,*,#15171,.T.);
#15223 = ORIENTED_EDGE('',*,*,#8100,.T.);
#15224 = ORIENTED_EDGE('',*,*,#15225,.F.);
#15225 = EDGE_CURVE('',#2055,#8101,#15226,.T.);
#15226 = SURFACE_CURVE('',#15227,(#15231,#15238),.PCURVE_S1.);
#15227 = LINE('',#15228,#15229);
#15228 = CARTESIAN_POINT('',(15.66389648549,-0.689498280589,-4.));
#15229 = VECTOR('',#15230,1.);
#15230 = DIRECTION('',(0.,0.,1.));
#15231 = PCURVE('',#2070,#15232);
#15232 = DEFINITIONAL_REPRESENTATION('',(#15233),#15237);
#15233 = LINE('',#15234,#15235);
#15234 = CARTESIAN_POINT('',(0.634569085755,0.));
#15235 = VECTOR('',#15236,1.);
#15236 = DIRECTION('',(0.,-1.));
#15237 = ( GEOMETRIC_REPRESENTATION_CONTEXT(2) 
PARAMETRIC_REPRESENTATION_CONTEXT() REPRESENTATION_CONTEXT('2D SPACE',''
  ) );
#15238 = PCURVE('',#2098,#15239);
#15239 = DEFINITIONAL_REPRESENTATION('',(#15240),#15244);
#15240 = LINE('',#15241,#15242);
#15241 = CARTESIAN_POINT('',(0.,0.));
#15242 = VECTOR('',#15243,1.);
#15243 = DIRECTION('',(0.,-1.));
#15244 = ( GEOMETRIC_REPRESENTATION_CONTEXT(2) 
PARAMETRIC_REPRESENTATION_CONTEXT() REPRESENTATION_CONTEXT('2D SPACE',''
  ) );
#15245 = ORIENTED_EDGE('',*,*,#2054,.F.);
#15246 = ADVANCED_FACE('',(#15247),#4702,.T.);
#15247 = FACE_BOUND('',#15248,.T.);
#15248 = EDGE_LOOP('',(#15249,#15270,#15271,#15272));
#15249 = ORIENTED_EDGE('',*,*,#15250,.T.);
#15250 = EDGE_CURVE('',#4659,#10240,#15251,.T.);
#15251 = SURFACE_CURVE('',#15252,(#15256,#15263),.PCURVE_S1.);
#15252 = LINE('',#15253,#15254);
#15253 = CARTESIAN_POINT('',(-14.02923726725,-7.000968696279,-4.));
#15254 = VECTOR('',#15255,1.);
#15255 = DIRECTION('',(0.,0.,1.));
#15256 = PCURVE('',#4702,#15257);
#15257 = DEFINITIONAL_REPRESENTATION('',(#15258),#15262);
#15258 = LINE('',#15259,#15260);
#15259 = CARTESIAN_POINT('',(0.,0.));
#15260 = VECTOR('',#15261,1.);
#15261 = DIRECTION('',(0.,-1.));
#15262 = ( GEOMETRIC_REPRESENTATION_CONTEXT(2) 
PARAMETRIC_REPRESENTATION_CONTEXT() REPRESENTATION_CONTEXT('2D SPACE',''
  ) );
#15263 = PCURVE('',#4674,#15264);
#15264 = DEFINITIONAL_REPRESENTATION('',(#15265),#15269);
#15265 = LINE('',#15266,#15267);
#15266 = CARTESIAN_POINT('',(0.657460972665,0.));
#15267 = VECTOR('',#15268,1.);
#15268 = DIRECTION('',(0.,-1.));
#15269 = ( GEOMETRIC_REPRESENTATION_CONTEXT(2) 
PARAMETRIC_REPRESENTATION_CONTEXT() REPRESENTATION_CONTEXT('2D SPACE',''
  ) );
#15270 = ORIENTED_EDGE('',*,*,#10262,.T.);
#15271 = ORIENTED_EDGE('',*,*,#15196,.F.);
#15272 = ORIENTED_EDGE('',*,*,#4686,.F.);
#15273 = ADVANCED_FACE('',(#15274),#2098,.T.);
#15274 = FACE_BOUND('',#15275,.T.);
#15275 = EDGE_LOOP('',(#15276,#15277,#15278,#15299));
#15276 = ORIENTED_EDGE('',*,*,#15225,.T.);
#15277 = ORIENTED_EDGE('',*,*,#8123,.T.);
#15278 = ORIENTED_EDGE('',*,*,#15279,.F.);
#15279 = EDGE_CURVE('',#2083,#8124,#15280,.T.);
#15280 = SURFACE_CURVE('',#15281,(#15285,#15292),.PCURVE_S1.);
#15281 = LINE('',#15282,#15283);
#15282 = CARTESIAN_POINT('',(16.198343618537,-1.072409748888,-4.));
#15283 = VECTOR('',#15284,1.);
#15284 = DIRECTION('',(0.,0.,1.));
#15285 = PCURVE('',#2098,#15286);
#15286 = DEFINITIONAL_REPRESENTATION('',(#15287),#15291);
#15287 = LINE('',#15288,#15289);
#15288 = CARTESIAN_POINT('',(0.657460972665,0.));
#15289 = VECTOR('',#15290,1.);
#15290 = DIRECTION('',(0.,-1.));
#15291 = ( GEOMETRIC_REPRESENTATION_CONTEXT(2) 
PARAMETRIC_REPRESENTATION_CONTEXT() REPRESENTATION_CONTEXT('2D SPACE',''
  ) );
#15292 = PCURVE('',#2126,#15293);
#15293 = DEFINITIONAL_REPRESENTATION('',(#15294),#15298);
#15294 = LINE('',#15295,#15296);
#15295 = CARTESIAN_POINT('',(0.,0.));
#15296 = VECTOR('',#15297,1.);
#15297 = DIRECTION('',(0.,-1.));
#15298 = ( GEOMETRIC_REPRESENTATION_CONTEXT(2) 
PARAMETRIC_REPRESENTATION_CONTEXT() REPRESENTATION_CONTEXT('2D SPACE',''
  ) );
#15299 = ORIENTED_EDGE('',*,*,#2082,.F.);
#15300 = ADVANCED_FACE('',(#15301),#4674,.T.);
#15301 = FACE_BOUND('',#15302,.T.);
#15302 = EDGE_LOOP('',(#15303,#15324,#15325,#15326));
#15303 = ORIENTED_EDGE('',*,*,#15304,.T.);
#15304 = EDGE_CURVE('',#4631,#10217,#15305,.T.);
#15305 = SURFACE_CURVE('',#15306,(#15310,#15317),.PCURVE_S1.);
#15306 = LINE('',#15307,#15308);
#15307 = CARTESIAN_POINT('',(-14.36173489278,-7.568154961621,-4.));
#15308 = VECTOR('',#15309,1.);
#15309 = DIRECTION('',(0.,0.,1.));
#15310 = PCURVE('',#4674,#15311);
#15311 = DEFINITIONAL_REPRESENTATION('',(#15312),#15316);
#15312 = LINE('',#15313,#15314);
#15313 = CARTESIAN_POINT('',(0.,0.));
#15314 = VECTOR('',#15315,1.);
#15315 = DIRECTION('',(0.,-1.));
#15316 = ( GEOMETRIC_REPRESENTATION_CONTEXT(2) 
PARAMETRIC_REPRESENTATION_CONTEXT() REPRESENTATION_CONTEXT('2D SPACE',''
  ) );
#15317 = PCURVE('',#4646,#15318);
#15318 = DEFINITIONAL_REPRESENTATION('',(#15319),#15323);
#15319 = LINE('',#15320,#15321);
#15320 = CARTESIAN_POINT('',(1.253305979702,0.));
#15321 = VECTOR('',#15322,1.);
#15322 = DIRECTION('',(0.,-1.));
#15323 = ( GEOMETRIC_REPRESENTATION_CONTEXT(2) 
PARAMETRIC_REPRESENTATION_CONTEXT() REPRESENTATION_CONTEXT('2D SPACE',''
  ) );
#15324 = ORIENTED_EDGE('',*,*,#10239,.T.);
#15325 = ORIENTED_EDGE('',*,*,#15250,.F.);
#15326 = ORIENTED_EDGE('',*,*,#4658,.F.);
#15327 = ADVANCED_FACE('',(#15328),#2126,.T.);
#15328 = FACE_BOUND('',#15329,.T.);
#15329 = EDGE_LOOP('',(#15330,#15331,#15332,#15353));
#15330 = ORIENTED_EDGE('',*,*,#15279,.T.);
#15331 = ORIENTED_EDGE('',*,*,#8146,.T.);
#15332 = ORIENTED_EDGE('',*,*,#15333,.F.);
#15333 = EDGE_CURVE('',#2111,#8147,#15334,.T.);
#15334 = SURFACE_CURVE('',#15335,(#15339,#15346),.PCURVE_S1.);
#15335 = LINE('',#15336,#15337);
#15336 = CARTESIAN_POINT('',(16.067337470475,-2.318849987298,-4.));
#15337 = VECTOR('',#15338,1.);
#15338 = DIRECTION('',(0.,0.,1.));
#15339 = PCURVE('',#2126,#15340);
#15340 = DEFINITIONAL_REPRESENTATION('',(#15341),#15345);
#15341 = LINE('',#15342,#15343);
#15342 = CARTESIAN_POINT('',(1.253305979702,0.));
#15343 = VECTOR('',#15344,1.);
#15344 = DIRECTION('',(0.,-1.));
#15345 = ( GEOMETRIC_REPRESENTATION_CONTEXT(2) 
PARAMETRIC_REPRESENTATION_CONTEXT() REPRESENTATION_CONTEXT('2D SPACE',''
  ) );
#15346 = PCURVE('',#2154,#15347);
#15347 = DEFINITIONAL_REPRESENTATION('',(#15348),#15352);
#15348 = LINE('',#15349,#15350);
#15349 = CARTESIAN_POINT('',(0.,0.));
#15350 = VECTOR('',#15351,1.);
#15351 = DIRECTION('',(0.,-1.));
#15352 = ( GEOMETRIC_REPRESENTATION_CONTEXT(2) 
PARAMETRIC_REPRESENTATION_CONTEXT() REPRESENTATION_CONTEXT('2D SPACE',''
  ) );
#15353 = ORIENTED_EDGE('',*,*,#2110,.F.);
#15354 = ADVANCED_FACE('',(#15355),#4646,.T.);
#15355 = FACE_BOUND('',#15356,.T.);
#15356 = EDGE_LOOP('',(#15357,#15378,#15379,#15380));
#15357 = ORIENTED_EDGE('',*,*,#15358,.T.);
#15358 = EDGE_CURVE('',#4603,#10194,#15359,.T.);
#15359 = SURFACE_CURVE('',#15360,(#15364,#15371),.PCURVE_S1.);
#15360 = LINE('',#15361,#15362);
#15361 = CARTESIAN_POINT('',(-13.73508190293,-8.653549778758,-4.));
#15362 = VECTOR('',#15363,1.);
#15363 = DIRECTION('',(0.,0.,1.));
#15364 = PCURVE('',#4646,#15365);
#15365 = DEFINITIONAL_REPRESENTATION('',(#15366),#15370);
#15366 = LINE('',#15367,#15368);
#15367 = CARTESIAN_POINT('',(0.,0.));
#15368 = VECTOR('',#15369,1.);
#15369 = DIRECTION('',(0.,-1.));
#15370 = ( GEOMETRIC_REPRESENTATION_CONTEXT(2) 
PARAMETRIC_REPRESENTATION_CONTEXT() REPRESENTATION_CONTEXT('2D SPACE',''
  ) );
#15371 = PCURVE('',#4618,#15372);
#15372 = DEFINITIONAL_REPRESENTATION('',(#15373),#15377);
#15373 = LINE('',#15374,#15375);
#15374 = CARTESIAN_POINT('',(0.657460972665,0.));
#15375 = VECTOR('',#15376,1.);
#15376 = DIRECTION('',(0.,-1.));
#15377 = ( GEOMETRIC_REPRESENTATION_CONTEXT(2) 
PARAMETRIC_REPRESENTATION_CONTEXT() REPRESENTATION_CONTEXT('2D SPACE',''
  ) );
#15378 = ORIENTED_EDGE('',*,*,#10216,.T.);
#15379 = ORIENTED_EDGE('',*,*,#15304,.F.);
#15380 = ORIENTED_EDGE('',*,*,#4630,.F.);
#15381 = ADVANCED_FACE('',(#15382),#2154,.T.);
#15382 = FACE_BOUND('',#15383,.T.);
#15383 = EDGE_LOOP('',(#15384,#15385,#15386,#15407));
#15384 = ORIENTED_EDGE('',*,*,#15333,.T.);
#15385 = ORIENTED_EDGE('',*,*,#8169,.T.);
#15386 = ORIENTED_EDGE('',*,*,#15387,.F.);
#15387 = EDGE_CURVE('',#2139,#8170,#15388,.T.);
#15388 = SURFACE_CURVE('',#15389,(#15393,#15400),.PCURVE_S1.);
#15389 = LINE('',#15390,#15391);
#15390 = CARTESIAN_POINT('',(15.464957518758,-2.582276114225,-4.));
#15391 = VECTOR('',#15392,1.);
#15392 = DIRECTION('',(0.,0.,1.));
#15393 = PCURVE('',#2154,#15394);
#15394 = DEFINITIONAL_REPRESENTATION('',(#15395),#15399);
#15395 = LINE('',#15396,#15397);
#15396 = CARTESIAN_POINT('',(0.657460972665,0.));
#15397 = VECTOR('',#15398,1.);
#15398 = DIRECTION('',(0.,-1.));
#15399 = ( GEOMETRIC_REPRESENTATION_CONTEXT(2) 
PARAMETRIC_REPRESENTATION_CONTEXT() REPRESENTATION_CONTEXT('2D SPACE',''
  ) );
#15400 = PCURVE('',#2182,#15401);
#15401 = DEFINITIONAL_REPRESENTATION('',(#15402),#15406);
#15402 = LINE('',#15403,#15404);
#15403 = CARTESIAN_POINT('',(0.,0.));
#15404 = VECTOR('',#15405,1.);
#15405 = DIRECTION('',(0.,-1.));
#15406 = ( GEOMETRIC_REPRESENTATION_CONTEXT(2) 
PARAMETRIC_REPRESENTATION_CONTEXT() REPRESENTATION_CONTEXT('2D SPACE',''
  ) );
#15407 = ORIENTED_EDGE('',*,*,#2138,.F.);
#15408 = ADVANCED_FACE('',(#15409),#4618,.T.);
#15409 = FACE_BOUND('',#15410,.T.);
#15410 = EDGE_LOOP('',(#15411,#15432,#15433,#15434));
#15411 = ORIENTED_EDGE('',*,*,#15412,.T.);
#15412 = EDGE_CURVE('',#4575,#10171,#15413,.T.);
#15413 = SURFACE_CURVE('',#15414,(#15418,#15425),.PCURVE_S1.);
#15414 = LINE('',#15415,#15416);
#15415 = CARTESIAN_POINT('',(-13.0776353757,-8.649191521019,-4.));
#15416 = VECTOR('',#15417,1.);
#15417 = DIRECTION('',(0.,0.,1.));
#15418 = PCURVE('',#4618,#15419);
#15419 = DEFINITIONAL_REPRESENTATION('',(#15420),#15424);
#15420 = LINE('',#15421,#15422);
#15421 = CARTESIAN_POINT('',(0.,0.));
#15422 = VECTOR('',#15423,1.);
#15423 = DIRECTION('',(0.,-1.));
#15424 = ( GEOMETRIC_REPRESENTATION_CONTEXT(2) 
PARAMETRIC_REPRESENTATION_CONTEXT() REPRESENTATION_CONTEXT('2D SPACE',''
  ) );
#15425 = PCURVE('',#4590,#15426);
#15426 = DEFINITIONAL_REPRESENTATION('',(#15427),#15431);
#15427 = LINE('',#15428,#15429);
#15428 = CARTESIAN_POINT('',(0.634569085755,0.));
#15429 = VECTOR('',#15430,1.);
#15430 = DIRECTION('',(0.,-1.));
#15431 = ( GEOMETRIC_REPRESENTATION_CONTEXT(2) 
PARAMETRIC_REPRESENTATION_CONTEXT() REPRESENTATION_CONTEXT('2D SPACE',''
  ) );
#15432 = ORIENTED_EDGE('',*,*,#10193,.T.);
#15433 = ORIENTED_EDGE('',*,*,#15358,.F.);
#15434 = ORIENTED_EDGE('',*,*,#4602,.F.);
#15435 = ADVANCED_FACE('',(#15436),#2182,.T.);
#15436 = FACE_BOUND('',#15437,.T.);
#15437 = EDGE_LOOP('',(#15438,#15439,#15440,#15461));
#15438 = ORIENTED_EDGE('',*,*,#15387,.T.);
#15439 = ORIENTED_EDGE('',*,*,#8192,.T.);
#15440 = ORIENTED_EDGE('',*,*,#15441,.F.);
#15441 = EDGE_CURVE('',#2167,#8193,#15442,.T.);
#15442 = SURFACE_CURVE('',#15443,(#15447,#15454),.PCURVE_S1.);
#15443 = LINE('',#15444,#15445);
#15444 = CARTESIAN_POINT('',(14.86496796597,-2.788892815247,-4.));
#15445 = VECTOR('',#15446,1.);
#15446 = DIRECTION('',(0.,0.,1.));
#15447 = PCURVE('',#2182,#15448);
#15448 = DEFINITIONAL_REPRESENTATION('',(#15449),#15453);
#15449 = LINE('',#15450,#15451);
#15450 = CARTESIAN_POINT('',(0.634569085755,0.));
#15451 = VECTOR('',#15452,1.);
#15452 = DIRECTION('',(0.,-1.));
#15453 = ( GEOMETRIC_REPRESENTATION_CONTEXT(2) 
PARAMETRIC_REPRESENTATION_CONTEXT() REPRESENTATION_CONTEXT('2D SPACE',''
  ) );
#15454 = PCURVE('',#2210,#15455);
#15455 = DEFINITIONAL_REPRESENTATION('',(#15456),#15460);
#15456 = LINE('',#15457,#15458);
#15457 = CARTESIAN_POINT('',(0.,0.));
#15458 = VECTOR('',#15459,1.);
#15459 = DIRECTION('',(0.,-1.));
#15460 = ( GEOMETRIC_REPRESENTATION_CONTEXT(2) 
PARAMETRIC_REPRESENTATION_CONTEXT() REPRESENTATION_CONTEXT('2D SPACE',''
  ) );
#15461 = ORIENTED_EDGE('',*,*,#2166,.F.);
#15462 = ADVANCED_FACE('',(#15463),#4590,.T.);
#15463 = FACE_BOUND('',#15464,.T.);
#15464 = EDGE_LOOP('',(#15465,#15486,#15487,#15488));
#15465 = ORIENTED_EDGE('',*,*,#15466,.T.);
#15466 = EDGE_CURVE('',#4547,#10148,#15467,.T.);
#15467 = SURFACE_CURVE('',#15468,(#15472,#15479),.PCURVE_S1.);
#15468 = LINE('',#15469,#15470);
#15469 = CARTESIAN_POINT('',(-12.44547906174,-8.593907533129,-4.));
#15470 = VECTOR('',#15471,1.);
#15471 = DIRECTION('',(0.,0.,1.));
#15472 = PCURVE('',#4590,#15473);
#15473 = DEFINITIONAL_REPRESENTATION('',(#15474),#15478);
#15474 = LINE('',#15475,#15476);
#15475 = CARTESIAN_POINT('',(0.,0.));
#15476 = VECTOR('',#15477,1.);
#15477 = DIRECTION('',(0.,-1.));
#15478 = ( GEOMETRIC_REPRESENTATION_CONTEXT(2) 
PARAMETRIC_REPRESENTATION_CONTEXT() REPRESENTATION_CONTEXT('2D SPACE',''
  ) );
#15479 = PCURVE('',#4562,#15480);
#15480 = DEFINITIONAL_REPRESENTATION('',(#15481),#15485);
#15481 = LINE('',#15482,#15483);
#15482 = CARTESIAN_POINT('',(0.61165241411,0.));
#15483 = VECTOR('',#15484,1.);
#15484 = DIRECTION('',(0.,-1.));
#15485 = ( GEOMETRIC_REPRESENTATION_CONTEXT(2) 
PARAMETRIC_REPRESENTATION_CONTEXT() REPRESENTATION_CONTEXT('2D SPACE',''
  ) );
#15486 = ORIENTED_EDGE('',*,*,#10170,.T.);
#15487 = ORIENTED_EDGE('',*,*,#15412,.F.);
#15488 = ORIENTED_EDGE('',*,*,#4574,.F.);
#15489 = ADVANCED_FACE('',(#15490),#2210,.T.);
#15490 = FACE_BOUND('',#15491,.T.);
#15491 = EDGE_LOOP('',(#15492,#15493,#15494,#15515));
#15492 = ORIENTED_EDGE('',*,*,#15441,.T.);
#15493 = ORIENTED_EDGE('',*,*,#8215,.T.);
#15494 = ORIENTED_EDGE('',*,*,#15495,.F.);
#15495 = EDGE_CURVE('',#2195,#8216,#15496,.T.);
#15496 = SURFACE_CURVE('',#15497,(#15501,#15508),.PCURVE_S1.);
#15497 = LINE('',#15498,#15499);
#15498 = CARTESIAN_POINT('',(14.270955583427,-2.934728219289,-4.));
#15499 = VECTOR('',#15500,1.);
#15500 = DIRECTION('',(0.,0.,1.));
#15501 = PCURVE('',#2210,#15502);
#15502 = DEFINITIONAL_REPRESENTATION('',(#15503),#15507);
#15503 = LINE('',#15504,#15505);
#15504 = CARTESIAN_POINT('',(0.61165241411,0.));
#15505 = VECTOR('',#15506,1.);
#15506 = DIRECTION('',(0.,-1.));
#15507 = ( GEOMETRIC_REPRESENTATION_CONTEXT(2) 
PARAMETRIC_REPRESENTATION_CONTEXT() REPRESENTATION_CONTEXT('2D SPACE',''
  ) );
#15508 = PCURVE('',#2238,#15509);
#15509 = DEFINITIONAL_REPRESENTATION('',(#15510),#15514);
#15510 = LINE('',#15511,#15512);
#15511 = CARTESIAN_POINT('',(0.,0.));
#15512 = VECTOR('',#15513,1.);
#15513 = DIRECTION('',(0.,-1.));
#15514 = ( GEOMETRIC_REPRESENTATION_CONTEXT(2) 
PARAMETRIC_REPRESENTATION_CONTEXT() REPRESENTATION_CONTEXT('2D SPACE',''
  ) );
#15515 = ORIENTED_EDGE('',*,*,#2194,.F.);
#15516 = ADVANCED_FACE('',(#15517),#4562,.T.);
#15517 = FACE_BOUND('',#15518,.T.);
#15518 = EDGE_LOOP('',(#15519,#15540,#15541,#15542));
#15519 = ORIENTED_EDGE('',*,*,#15520,.T.);
#15520 = EDGE_CURVE('',#4519,#10125,#15521,.T.);
#15521 = SURFACE_CURVE('',#15522,(#15526,#15533),.PCURVE_S1.);
#15522 = LINE('',#15523,#15524);
#15523 = CARTESIAN_POINT('',(-11.8435051452,-8.485528201634,-4.));
#15524 = VECTOR('',#15525,1.);
#15525 = DIRECTION('',(0.,0.,1.));
#15526 = PCURVE('',#4562,#15527);
#15527 = DEFINITIONAL_REPRESENTATION('',(#15528),#15532);
#15528 = LINE('',#15529,#15530);
#15529 = CARTESIAN_POINT('',(0.,0.));
#15530 = VECTOR('',#15531,1.);
#15531 = DIRECTION('',(0.,-1.));
#15532 = ( GEOMETRIC_REPRESENTATION_CONTEXT(2) 
PARAMETRIC_REPRESENTATION_CONTEXT() REPRESENTATION_CONTEXT('2D SPACE',''
  ) );
#15533 = PCURVE('',#4534,#15534);
#15534 = DEFINITIONAL_REPRESENTATION('',(#15535),#15539);
#15535 = LINE('',#15536,#15537);
#15536 = CARTESIAN_POINT('',(0.588659078772,0.));
#15537 = VECTOR('',#15538,1.);
#15538 = DIRECTION('',(0.,-1.));
#15539 = ( GEOMETRIC_REPRESENTATION_CONTEXT(2) 
PARAMETRIC_REPRESENTATION_CONTEXT() REPRESENTATION_CONTEXT('2D SPACE',''
  ) );
#15540 = ORIENTED_EDGE('',*,*,#10147,.T.);
#15541 = ORIENTED_EDGE('',*,*,#15466,.F.);
#15542 = ORIENTED_EDGE('',*,*,#4546,.F.);
#15543 = ADVANCED_FACE('',(#15544),#2238,.T.);
#15544 = FACE_BOUND('',#15545,.T.);
#15545 = EDGE_LOOP('',(#15546,#15547,#15548,#15569));
#15546 = ORIENTED_EDGE('',*,*,#15495,.T.);
#15547 = ORIENTED_EDGE('',*,*,#8238,.T.);
#15548 = ORIENTED_EDGE('',*,*,#15549,.F.);
#15549 = EDGE_CURVE('',#2223,#8239,#15550,.T.);
#15550 = SURFACE_CURVE('',#15551,(#15555,#15562),.PCURVE_S1.);
#15551 = LINE('',#15552,#15553);
#15552 = CARTESIAN_POINT('',(13.6873776773,-3.011905537853,-4.));
#15553 = VECTOR('',#15554,1.);
#15554 = DIRECTION('',(0.,0.,1.));
#15555 = PCURVE('',#2238,#15556);
#15556 = DEFINITIONAL_REPRESENTATION('',(#15557),#15561);
#15557 = LINE('',#15558,#15559);
#15558 = CARTESIAN_POINT('',(0.588659078772,0.));
#15559 = VECTOR('',#15560,1.);
#15560 = DIRECTION('',(0.,-1.));
#15561 = ( GEOMETRIC_REPRESENTATION_CONTEXT(2) 
PARAMETRIC_REPRESENTATION_CONTEXT() REPRESENTATION_CONTEXT('2D SPACE',''
  ) );
#15562 = PCURVE('',#2266,#15563);
#15563 = DEFINITIONAL_REPRESENTATION('',(#15564),#15568);
#15564 = LINE('',#15565,#15566);
#15565 = CARTESIAN_POINT('',(0.,0.));
#15566 = VECTOR('',#15567,1.);
#15567 = DIRECTION('',(0.,-1.));
#15568 = ( GEOMETRIC_REPRESENTATION_CONTEXT(2) 
PARAMETRIC_REPRESENTATION_CONTEXT() REPRESENTATION_CONTEXT('2D SPACE',''
  ) );
#15569 = ORIENTED_EDGE('',*,*,#2222,.F.);
#15570 = ADVANCED_FACE('',(#15571),#4534,.T.);
#15571 = FACE_BOUND('',#15572,.T.);
#15572 = EDGE_LOOP('',(#15573,#15594,#15595,#15596));
#15573 = ORIENTED_EDGE('',*,*,#15574,.T.);
#15574 = EDGE_CURVE('',#4491,#10102,#15575,.T.);
#15575 = SURFACE_CURVE('',#15576,(#15580,#15587),.PCURVE_S1.);
#15576 = LINE('',#15577,#15578);
#15577 = CARTESIAN_POINT('',(-11.2789893564,-8.31867067193,-4.));
#15578 = VECTOR('',#15579,1.);
#15579 = DIRECTION('',(0.,0.,1.));
#15580 = PCURVE('',#4534,#15581);
#15581 = DEFINITIONAL_REPRESENTATION('',(#15582),#15586);
#15582 = LINE('',#15583,#15584);
#15583 = CARTESIAN_POINT('',(0.,0.));
#15584 = VECTOR('',#15585,1.);
#15585 = DIRECTION('',(0.,-1.));
#15586 = ( GEOMETRIC_REPRESENTATION_CONTEXT(2) 
PARAMETRIC_REPRESENTATION_CONTEXT() REPRESENTATION_CONTEXT('2D SPACE',''
  ) );
#15587 = PCURVE('',#4506,#15588);
#15588 = DEFINITIONAL_REPRESENTATION('',(#15589),#15593);
#15589 = LINE('',#15590,#15591);
#15590 = CARTESIAN_POINT('',(0.564849389437,0.));
#15591 = VECTOR('',#15592,1.);
#15592 = DIRECTION('',(0.,-1.));
#15593 = ( GEOMETRIC_REPRESENTATION_CONTEXT(2) 
PARAMETRIC_REPRESENTATION_CONTEXT() REPRESENTATION_CONTEXT('2D SPACE',''
  ) );
#15594 = ORIENTED_EDGE('',*,*,#10124,.T.);
#15595 = ORIENTED_EDGE('',*,*,#15520,.F.);
#15596 = ORIENTED_EDGE('',*,*,#4518,.F.);
#15597 = ADVANCED_FACE('',(#15598),#2266,.T.);
#15598 = FACE_BOUND('',#15599,.T.);
#15599 = EDGE_LOOP('',(#15600,#15601,#15602,#15623));
#15600 = ORIENTED_EDGE('',*,*,#15549,.T.);
#15601 = ORIENTED_EDGE('',*,*,#8261,.T.);
#15602 = ORIENTED_EDGE('',*,*,#15603,.F.);
#15603 = EDGE_CURVE('',#2251,#8262,#15604,.T.);
#15604 = SURFACE_CURVE('',#15605,(#15609,#15616),.PCURVE_S1.);
#15605 = LINE('',#15606,#15607);
#15606 = CARTESIAN_POINT('',(13.122798814365,-2.994425827477,-4.));
#15607 = VECTOR('',#15608,1.);
#15608 = DIRECTION('',(0.,0.,1.));
#15609 = PCURVE('',#2266,#15610);
#15610 = DEFINITIONAL_REPRESENTATION('',(#15611),#15615);
#15611 = LINE('',#15612,#15613);
#15612 = CARTESIAN_POINT('',(0.564849389437,0.));
#15613 = VECTOR('',#15614,1.);
#15614 = DIRECTION('',(0.,-1.));
#15615 = ( GEOMETRIC_REPRESENTATION_CONTEXT(2) 
PARAMETRIC_REPRESENTATION_CONTEXT() REPRESENTATION_CONTEXT('2D SPACE',''
  ) );
#15616 = PCURVE('',#2294,#15617);
#15617 = DEFINITIONAL_REPRESENTATION('',(#15618),#15622);
#15618 = LINE('',#15619,#15620);
#15619 = CARTESIAN_POINT('',(0.,0.));
#15620 = VECTOR('',#15621,1.);
#15621 = DIRECTION('',(0.,-1.));
#15622 = ( GEOMETRIC_REPRESENTATION_CONTEXT(2) 
PARAMETRIC_REPRESENTATION_CONTEXT() REPRESENTATION_CONTEXT('2D SPACE',''
  ) );
#15623 = ORIENTED_EDGE('',*,*,#2250,.F.);
#15624 = ADVANCED_FACE('',(#15625),#4506,.T.);
#15625 = FACE_BOUND('',#15626,.T.);
#15626 = EDGE_LOOP('',(#15627,#15648,#15649,#15650));
#15627 = ORIENTED_EDGE('',*,*,#15628,.T.);
#15628 = EDGE_CURVE('',#4463,#10079,#15629,.T.);
#15629 = SURFACE_CURVE('',#15630,(#15634,#15641),.PCURVE_S1.);
#15630 = LINE('',#15631,#15632);
#15631 = CARTESIAN_POINT('',(-10.77033053941,-8.073067250453,-4.));
#15632 = VECTOR('',#15633,1.);
#15633 = DIRECTION('',(0.,0.,1.));
#15634 = PCURVE('',#4506,#15635);
#15635 = DEFINITIONAL_REPRESENTATION('',(#15636),#15640);
#15636 = LINE('',#15637,#15638);
#15637 = CARTESIAN_POINT('',(0.,0.));
#15638 = VECTOR('',#15639,1.);
#15639 = DIRECTION('',(0.,-1.));
#15640 = ( GEOMETRIC_REPRESENTATION_CONTEXT(2) 
PARAMETRIC_REPRESENTATION_CONTEXT() REPRESENTATION_CONTEXT('2D SPACE',''
  ) );
#15641 = PCURVE('',#4478,#15642);
#15642 = DEFINITIONAL_REPRESENTATION('',(#15643),#15647);
#15643 = LINE('',#15644,#15645);
#15644 = CARTESIAN_POINT('',(1.523484570763,0.));
#15645 = VECTOR('',#15646,1.);
#15646 = DIRECTION('',(0.,-1.));
#15647 = ( GEOMETRIC_REPRESENTATION_CONTEXT(2) 
PARAMETRIC_REPRESENTATION_CONTEXT() REPRESENTATION_CONTEXT('2D SPACE',''
  ) );
#15648 = ORIENTED_EDGE('',*,*,#10101,.T.);
#15649 = ORIENTED_EDGE('',*,*,#15574,.F.);
#15650 = ORIENTED_EDGE('',*,*,#4490,.F.);
#15651 = ADVANCED_FACE('',(#15652),#2294,.T.);
#15652 = FACE_BOUND('',#15653,.T.);
#15653 = EDGE_LOOP('',(#15654,#15655,#15656,#15677));
#15654 = ORIENTED_EDGE('',*,*,#15603,.T.);
#15655 = ORIENTED_EDGE('',*,*,#8284,.T.);
#15656 = ORIENTED_EDGE('',*,*,#15657,.F.);
#15657 = EDGE_CURVE('',#2279,#8285,#15658,.T.);
#15658 = SURFACE_CURVE('',#15659,(#15663,#15670),.PCURVE_S1.);
#15659 = LINE('',#15660,#15661);
#15660 = CARTESIAN_POINT('',(11.637492342434,-2.65550117244,-4.));
#15661 = VECTOR('',#15662,1.);
#15662 = DIRECTION('',(0.,0.,1.));
#15663 = PCURVE('',#2294,#15664);
#15664 = DEFINITIONAL_REPRESENTATION('',(#15665),#15669);
#15665 = LINE('',#15666,#15667);
#15666 = CARTESIAN_POINT('',(1.523484570763,0.));
#15667 = VECTOR('',#15668,1.);
#15668 = DIRECTION('',(0.,-1.));
#15669 = ( GEOMETRIC_REPRESENTATION_CONTEXT(2) 
PARAMETRIC_REPRESENTATION_CONTEXT() REPRESENTATION_CONTEXT('2D SPACE',''
  ) );
#15670 = PCURVE('',#2322,#15671);
#15671 = DEFINITIONAL_REPRESENTATION('',(#15672),#15676);
#15672 = LINE('',#15673,#15674);
#15673 = CARTESIAN_POINT('',(0.,0.));
#15674 = VECTOR('',#15675,1.);
#15675 = DIRECTION('',(0.,-1.));
#15676 = ( GEOMETRIC_REPRESENTATION_CONTEXT(2) 
PARAMETRIC_REPRESENTATION_CONTEXT() REPRESENTATION_CONTEXT('2D SPACE',''
  ) );
#15677 = ORIENTED_EDGE('',*,*,#2278,.F.);
#15678 = ADVANCED_FACE('',(#15679),#4478,.T.);
#15679 = FACE_BOUND('',#15680,.T.);
#15680 = EDGE_LOOP('',(#15681,#15702,#15703,#15704));
#15681 = ORIENTED_EDGE('',*,*,#15682,.T.);
#15682 = EDGE_CURVE('',#4435,#10056,#15683,.T.);
#15683 = SURFACE_CURVE('',#15684,(#15688,#15695),.PCURVE_S1.);
#15684 = LINE('',#15685,#15686);
#15685 = CARTESIAN_POINT('',(-9.551288635219,-7.159315603029,-4.));
#15686 = VECTOR('',#15687,1.);
#15687 = DIRECTION('',(0.,0.,1.));
#15688 = PCURVE('',#4478,#15689);
#15689 = DEFINITIONAL_REPRESENTATION('',(#15690),#15694);
#15690 = LINE('',#15691,#15692);
#15691 = CARTESIAN_POINT('',(0.,0.));
#15692 = VECTOR('',#15693,1.);
#15693 = DIRECTION('',(0.,-1.));
#15694 = ( GEOMETRIC_REPRESENTATION_CONTEXT(2) 
PARAMETRIC_REPRESENTATION_CONTEXT() REPRESENTATION_CONTEXT('2D SPACE',''
  ) );
#15695 = PCURVE('',#4450,#15696);
#15696 = DEFINITIONAL_REPRESENTATION('',(#15697),#15701);
#15697 = LINE('',#15698,#15699);
#15698 = CARTESIAN_POINT('',(1.071731710829,0.));
#15699 = VECTOR('',#15700,1.);
#15700 = DIRECTION('',(0.,-1.));
#15701 = ( GEOMETRIC_REPRESENTATION_CONTEXT(2) 
PARAMETRIC_REPRESENTATION_CONTEXT() REPRESENTATION_CONTEXT('2D SPACE',''
  ) );
#15702 = ORIENTED_EDGE('',*,*,#10078,.T.);
#15703 = ORIENTED_EDGE('',*,*,#15628,.F.);
#15704 = ORIENTED_EDGE('',*,*,#4462,.F.);
#15705 = ADVANCED_FACE('',(#15706),#2322,.T.);
#15706 = FACE_BOUND('',#15707,.T.);
#15707 = EDGE_LOOP('',(#15708,#15709,#15710,#15731));
#15708 = ORIENTED_EDGE('',*,*,#15657,.T.);
#15709 = ORIENTED_EDGE('',*,*,#8307,.T.);
#15710 = ORIENTED_EDGE('',*,*,#15711,.F.);
#15711 = EDGE_CURVE('',#2307,#8308,#15712,.T.);
#15712 = SURFACE_CURVE('',#15713,(#15717,#15724),.PCURVE_S1.);
#15713 = LINE('',#15714,#15715);
#15714 = CARTESIAN_POINT('',(11.35240092961,-3.688618661563,-4.));
#15715 = VECTOR('',#15716,1.);
#15716 = DIRECTION('',(0.,0.,1.));
#15717 = PCURVE('',#2322,#15718);
#15718 = DEFINITIONAL_REPRESENTATION('',(#15719),#15723);
#15719 = LINE('',#15720,#15721);
#15720 = CARTESIAN_POINT('',(1.071731710829,0.));
#15721 = VECTOR('',#15722,1.);
#15722 = DIRECTION('',(0.,-1.));
#15723 = ( GEOMETRIC_REPRESENTATION_CONTEXT(2) 
PARAMETRIC_REPRESENTATION_CONTEXT() REPRESENTATION_CONTEXT('2D SPACE',''
  ) );
#15724 = PCURVE('',#2350,#15725);
#15725 = DEFINITIONAL_REPRESENTATION('',(#15726),#15730);
#15726 = LINE('',#15727,#15728);
#15727 = CARTESIAN_POINT('',(0.,0.));
#15728 = VECTOR('',#15729,1.);
#15729 = DIRECTION('',(0.,-1.));
#15730 = ( GEOMETRIC_REPRESENTATION_CONTEXT(2) 
PARAMETRIC_REPRESENTATION_CONTEXT() REPRESENTATION_CONTEXT('2D SPACE',''
  ) );
#15731 = ORIENTED_EDGE('',*,*,#2306,.F.);
#15732 = ADVANCED_FACE('',(#15733),#4450,.T.);
#15733 = FACE_BOUND('',#15734,.T.);
#15734 = EDGE_LOOP('',(#15735,#15756,#15757,#15758));
#15735 = ORIENTED_EDGE('',*,*,#15736,.T.);
#15736 = EDGE_CURVE('',#4407,#10033,#15737,.T.);
#15737 = SURFACE_CURVE('',#15738,(#15742,#15749),.PCURVE_S1.);
#15738 = LINE('',#15739,#15740);
#15739 = CARTESIAN_POINT('',(-8.870637930592,-7.987158268207,-4.));
#15740 = VECTOR('',#15741,1.);
#15741 = DIRECTION('',(0.,0.,1.));
#15742 = PCURVE('',#4450,#15743);
#15743 = DEFINITIONAL_REPRESENTATION('',(#15744),#15748);
#15744 = LINE('',#15745,#15746);
#15745 = CARTESIAN_POINT('',(0.,0.));
#15746 = VECTOR('',#15747,1.);
#15747 = DIRECTION('',(0.,-1.));
#15748 = ( GEOMETRIC_REPRESENTATION_CONTEXT(2) 
PARAMETRIC_REPRESENTATION_CONTEXT() REPRESENTATION_CONTEXT('2D SPACE',''
  ) );
#15749 = PCURVE('',#4422,#15750);
#15750 = DEFINITIONAL_REPRESENTATION('',(#15751),#15755);
#15751 = LINE('',#15752,#15753);
#15752 = CARTESIAN_POINT('',(1.071731710829,0.));
#15753 = VECTOR('',#15754,1.);
#15754 = DIRECTION('',(0.,-1.));
#15755 = ( GEOMETRIC_REPRESENTATION_CONTEXT(2) 
PARAMETRIC_REPRESENTATION_CONTEXT() REPRESENTATION_CONTEXT('2D SPACE',''
  ) );
#15756 = ORIENTED_EDGE('',*,*,#10055,.T.);
#15757 = ORIENTED_EDGE('',*,*,#15682,.F.);
#15758 = ORIENTED_EDGE('',*,*,#4434,.F.);
#15759 = ADVANCED_FACE('',(#15760),#2350,.T.);
#15760 = FACE_BOUND('',#15761,.T.);
#15761 = EDGE_LOOP('',(#15762,#15763,#15764,#15785));
#15762 = ORIENTED_EDGE('',*,*,#15711,.T.);
#15763 = ORIENTED_EDGE('',*,*,#8330,.T.);
#15764 = ORIENTED_EDGE('',*,*,#15765,.F.);
#15765 = EDGE_CURVE('',#2335,#8331,#15766,.T.);
#15766 = SURFACE_CURVE('',#15767,(#15771,#15778),.PCURVE_S1.);
#15767 = LINE('',#15768,#15769);
#15768 = CARTESIAN_POINT('',(10.975793503543,-4.692000795462,-4.));
#15769 = VECTOR('',#15770,1.);
#15770 = DIRECTION('',(0.,0.,1.));
#15771 = PCURVE('',#2350,#15772);
#15772 = DEFINITIONAL_REPRESENTATION('',(#15773),#15777);
#15773 = LINE('',#15774,#15775);
#15774 = CARTESIAN_POINT('',(1.071731710829,0.));
#15775 = VECTOR('',#15776,1.);
#15776 = DIRECTION('',(0.,-1.));
#15777 = ( GEOMETRIC_REPRESENTATION_CONTEXT(2) 
PARAMETRIC_REPRESENTATION_CONTEXT() REPRESENTATION_CONTEXT('2D SPACE',''
  ) );
#15778 = PCURVE('',#2378,#15779);
#15779 = DEFINITIONAL_REPRESENTATION('',(#15780),#15784);
#15780 = LINE('',#15781,#15782);
#15781 = CARTESIAN_POINT('',(0.,0.));
#15782 = VECTOR('',#15783,1.);
#15783 = DIRECTION('',(0.,-1.));
#15784 = ( GEOMETRIC_REPRESENTATION_CONTEXT(2) 
PARAMETRIC_REPRESENTATION_CONTEXT() REPRESENTATION_CONTEXT('2D SPACE',''
  ) );
#15785 = ORIENTED_EDGE('',*,*,#2334,.F.);
#15786 = ADVANCED_FACE('',(#15787),#4422,.T.);
#15787 = FACE_BOUND('',#15788,.T.);
#15788 = EDGE_LOOP('',(#15789,#15810,#15811,#15812));
#15789 = ORIENTED_EDGE('',*,*,#15790,.T.);
#15790 = EDGE_CURVE('',#4379,#10010,#15791,.T.);
#15791 = SURFACE_CURVE('',#15792,(#15796,#15803),.PCURVE_S1.);
#15792 = LINE('',#15793,#15794);
#15793 = CARTESIAN_POINT('',(-8.11847764633,-8.750613418674,-4.));
#15794 = VECTOR('',#15795,1.);
#15795 = DIRECTION('',(0.,0.,1.));
#15796 = PCURVE('',#4422,#15797);
#15797 = DEFINITIONAL_REPRESENTATION('',(#15798),#15802);
#15798 = LINE('',#15799,#15800);
#15799 = CARTESIAN_POINT('',(0.,0.));
#15800 = VECTOR('',#15801,1.);
#15801 = DIRECTION('',(0.,-1.));
#15802 = ( GEOMETRIC_REPRESENTATION_CONTEXT(2) 
PARAMETRIC_REPRESENTATION_CONTEXT() REPRESENTATION_CONTEXT('2D SPACE',''
  ) );
#15803 = PCURVE('',#4394,#15804);
#15804 = DEFINITIONAL_REPRESENTATION('',(#15805),#15809);
#15805 = LINE('',#15806,#15807);
#15806 = CARTESIAN_POINT('',(1.523484570763,0.));
#15807 = VECTOR('',#15808,1.);
#15808 = DIRECTION('',(0.,-1.));
#15809 = ( GEOMETRIC_REPRESENTATION_CONTEXT(2) 
PARAMETRIC_REPRESENTATION_CONTEXT() REPRESENTATION_CONTEXT('2D SPACE',''
  ) );
#15810 = ORIENTED_EDGE('',*,*,#10032,.T.);
#15811 = ORIENTED_EDGE('',*,*,#15736,.F.);
#15812 = ORIENTED_EDGE('',*,*,#4406,.F.);
#15813 = ADVANCED_FACE('',(#15814),#2378,.T.);
#15814 = FACE_BOUND('',#15815,.T.);
#15815 = EDGE_LOOP('',(#15816,#15817,#15818,#15839));
#15816 = ORIENTED_EDGE('',*,*,#15765,.T.);
#15817 = ORIENTED_EDGE('',*,*,#8353,.T.);
#15818 = ORIENTED_EDGE('',*,*,#15819,.F.);
#15819 = EDGE_CURVE('',#2363,#8354,#15820,.T.);
#15820 = SURFACE_CURVE('',#15821,(#15825,#15832),.PCURVE_S1.);
#15821 = LINE('',#15822,#15823);
#15822 = CARTESIAN_POINT('',(12.376646595059,-5.290846229061,-4.));
#15823 = VECTOR('',#15824,1.);
#15824 = DIRECTION('',(0.,0.,1.));
#15825 = PCURVE('',#2378,#15826);
#15826 = DEFINITIONAL_REPRESENTATION('',(#15827),#15831);
#15827 = LINE('',#15828,#15829);
#15828 = CARTESIAN_POINT('',(1.523484570763,0.));
#15829 = VECTOR('',#15830,1.);
#15830 = DIRECTION('',(0.,-1.));
#15831 = ( GEOMETRIC_REPRESENTATION_CONTEXT(2) 
PARAMETRIC_REPRESENTATION_CONTEXT() REPRESENTATION_CONTEXT('2D SPACE',''
  ) );
#15832 = PCURVE('',#2406,#15833);
#15833 = DEFINITIONAL_REPRESENTATION('',(#15834),#15838);
#15834 = LINE('',#15835,#15836);
#15835 = CARTESIAN_POINT('',(0.,0.));
#15836 = VECTOR('',#15837,1.);
#15837 = DIRECTION('',(0.,-1.));
#15838 = ( GEOMETRIC_REPRESENTATION_CONTEXT(2) 
PARAMETRIC_REPRESENTATION_CONTEXT() REPRESENTATION_CONTEXT('2D SPACE',''
  ) );
#15839 = ORIENTED_EDGE('',*,*,#2362,.F.);
#15840 = ADVANCED_FACE('',(#15841),#4394,.T.);
#15841 = FACE_BOUND('',#15842,.T.);
#15842 = EDGE_LOOP('',(#15843,#15864,#15865,#15866));
#15843 = ORIENTED_EDGE('',*,*,#15844,.T.);
#15844 = EDGE_CURVE('',#4351,#9987,#15845,.T.);
#15845 = SURFACE_CURVE('',#15846,(#15850,#15857),.PCURVE_S1.);
#15846 = LINE('',#15847,#15848);
#15847 = CARTESIAN_POINT('',(-9.154648243526,-9.867464228254,-4.));
#15848 = VECTOR('',#15849,1.);
#15849 = DIRECTION('',(0.,0.,1.));
#15850 = PCURVE('',#4394,#15851);
#15851 = DEFINITIONAL_REPRESENTATION('',(#15852),#15856);
#15852 = LINE('',#15853,#15854);
#15853 = CARTESIAN_POINT('',(0.,0.));
#15854 = VECTOR('',#15855,1.);
#15855 = DIRECTION('',(0.,-1.));
#15856 = ( GEOMETRIC_REPRESENTATION_CONTEXT(2) 
PARAMETRIC_REPRESENTATION_CONTEXT() REPRESENTATION_CONTEXT('2D SPACE',''
  ) );
#15857 = PCURVE('',#4366,#15858);
#15858 = DEFINITIONAL_REPRESENTATION('',(#15859),#15863);
#15859 = LINE('',#15860,#15861);
#15860 = CARTESIAN_POINT('',(0.564849389437,0.));
#15861 = VECTOR('',#15862,1.);
#15862 = DIRECTION('',(0.,-1.));
#15863 = ( GEOMETRIC_REPRESENTATION_CONTEXT(2) 
PARAMETRIC_REPRESENTATION_CONTEXT() REPRESENTATION_CONTEXT('2D SPACE',''
  ) );
#15864 = ORIENTED_EDGE('',*,*,#10009,.T.);
#15865 = ORIENTED_EDGE('',*,*,#15790,.F.);
#15866 = ORIENTED_EDGE('',*,*,#4378,.F.);
#15867 = ADVANCED_FACE('',(#15868),#2406,.T.);
#15868 = FACE_BOUND('',#15869,.T.);
#15869 = EDGE_LOOP('',(#15870,#15871,#15872,#15893));
#15870 = ORIENTED_EDGE('',*,*,#15819,.T.);
#15871 = ORIENTED_EDGE('',*,*,#8376,.T.);
#15872 = ORIENTED_EDGE('',*,*,#15873,.F.);
#15873 = EDGE_CURVE('',#2391,#8377,#15874,.T.);
#15874 = SURFACE_CURVE('',#15875,(#15879,#15886),.PCURVE_S1.);
#15875 = LINE('',#15876,#15877);
#15876 = CARTESIAN_POINT('',(12.843674805812,-5.608555975699,-4.));
#15877 = VECTOR('',#15878,1.);
#15878 = DIRECTION('',(0.,0.,1.));
#15879 = PCURVE('',#2406,#15880);
#15880 = DEFINITIONAL_REPRESENTATION('',(#15881),#15885);
#15881 = LINE('',#15882,#15883);
#15882 = CARTESIAN_POINT('',(0.564849389437,0.));
#15883 = VECTOR('',#15884,1.);
#15884 = DIRECTION('',(0.,-1.));
#15885 = ( GEOMETRIC_REPRESENTATION_CONTEXT(2) 
PARAMETRIC_REPRESENTATION_CONTEXT() REPRESENTATION_CONTEXT('2D SPACE',''
  ) );
#15886 = PCURVE('',#2434,#15887);
#15887 = DEFINITIONAL_REPRESENTATION('',(#15888),#15892);
#15888 = LINE('',#15889,#15890);
#15889 = CARTESIAN_POINT('',(0.,0.));
#15890 = VECTOR('',#15891,1.);
#15891 = DIRECTION('',(0.,-1.));
#15892 = ( GEOMETRIC_REPRESENTATION_CONTEXT(2) 
PARAMETRIC_REPRESENTATION_CONTEXT() REPRESENTATION_CONTEXT('2D SPACE',''
  ) );
#15893 = ORIENTED_EDGE('',*,*,#2390,.F.);
#15894 = ADVANCED_FACE('',(#15895),#4366,.T.);
#15895 = FACE_BOUND('',#15896,.T.);
#15896 = EDGE_LOOP('',(#15897,#15918,#15919,#15920));
#15897 = ORIENTED_EDGE('',*,*,#15898,.T.);
#15898 = EDGE_CURVE('',#4323,#9964,#15899,.T.);
#15899 = SURFACE_CURVE('',#15900,(#15904,#15911),.PCURVE_S1.);
#15900 = LINE('',#15901,#15902);
#15901 = CARTESIAN_POINT('',(-9.45207554823,-10.3476640108,-4.));
#15902 = VECTOR('',#15903,1.);
#15903 = DIRECTION('',(0.,0.,1.));
#15904 = PCURVE('',#4366,#15905);
#15905 = DEFINITIONAL_REPRESENTATION('',(#15906),#15910);
#15906 = LINE('',#15907,#15908);
#15907 = CARTESIAN_POINT('',(0.,0.));
#15908 = VECTOR('',#15909,1.);
#15909 = DIRECTION('',(0.,-1.));
#15910 = ( GEOMETRIC_REPRESENTATION_CONTEXT(2) 
PARAMETRIC_REPRESENTATION_CONTEXT() REPRESENTATION_CONTEXT('2D SPACE',''
  ) );
#15911 = PCURVE('',#4338,#15912);
#15912 = DEFINITIONAL_REPRESENTATION('',(#15913),#15917);
#15913 = LINE('',#15914,#15915);
#15914 = CARTESIAN_POINT('',(0.588659078772,0.));
#15915 = VECTOR('',#15916,1.);
#15916 = DIRECTION('',(0.,-1.));
#15917 = ( GEOMETRIC_REPRESENTATION_CONTEXT(2) 
PARAMETRIC_REPRESENTATION_CONTEXT() REPRESENTATION_CONTEXT('2D SPACE',''
  ) );
#15918 = ORIENTED_EDGE('',*,*,#9986,.T.);
#15919 = ORIENTED_EDGE('',*,*,#15844,.F.);
#15920 = ORIENTED_EDGE('',*,*,#4350,.F.);
#15921 = ADVANCED_FACE('',(#15922),#2434,.T.);
#15922 = FACE_BOUND('',#15923,.T.);
#15923 = EDGE_LOOP('',(#15924,#15925,#15926,#15947));
#15924 = ORIENTED_EDGE('',*,*,#15873,.T.);
#15925 = ORIENTED_EDGE('',*,*,#8399,.T.);
#15926 = ORIENTED_EDGE('',*,*,#15927,.F.);
#15927 = EDGE_CURVE('',#2419,#8400,#15928,.T.);
#15928 = SURFACE_CURVE('',#15929,(#15933,#15940),.PCURVE_S1.);
#15929 = LINE('',#15930,#15931);
#15930 = CARTESIAN_POINT('',(13.270435559747,-6.014012224783,-4.));
#15931 = VECTOR('',#15932,1.);
#15932 = DIRECTION('',(0.,0.,1.));
#15933 = PCURVE('',#2434,#15934);
#15934 = DEFINITIONAL_REPRESENTATION('',(#15935),#15939);
#15935 = LINE('',#15936,#15937);
#15936 = CARTESIAN_POINT('',(0.588659078772,0.));
#15937 = VECTOR('',#15938,1.);
#15938 = DIRECTION('',(0.,-1.));
#15939 = ( GEOMETRIC_REPRESENTATION_CONTEXT(2) 
PARAMETRIC_REPRESENTATION_CONTEXT() REPRESENTATION_CONTEXT('2D SPACE',''
  ) );
#15940 = PCURVE('',#2462,#15941);
#15941 = DEFINITIONAL_REPRESENTATION('',(#15942),#15946);
#15942 = LINE('',#15943,#15944);
#15943 = CARTESIAN_POINT('',(0.,0.));
#15944 = VECTOR('',#15945,1.);
#15945 = DIRECTION('',(0.,-1.));
#15946 = ( GEOMETRIC_REPRESENTATION_CONTEXT(2) 
PARAMETRIC_REPRESENTATION_CONTEXT() REPRESENTATION_CONTEXT('2D SPACE',''
  ) );
#15947 = ORIENTED_EDGE('',*,*,#2418,.F.);
#15948 = ADVANCED_FACE('',(#15949),#4338,.T.);
#15949 = FACE_BOUND('',#15950,.T.);
#15950 = EDGE_LOOP('',(#15951,#15972,#15973,#15974));
#15951 = ORIENTED_EDGE('',*,*,#15952,.T.);
#15952 = EDGE_CURVE('',#4295,#9941,#15953,.T.);
#15953 = SURFACE_CURVE('',#15954,(#15958,#15965),.PCURVE_S1.);
#15954 = LINE('',#15955,#15956);
#15955 = CARTESIAN_POINT('',(-9.677026982821,-10.89164596188,-4.));
#15956 = VECTOR('',#15957,1.);
#15957 = DIRECTION('',(0.,0.,1.));
#15958 = PCURVE('',#4338,#15959);
#15959 = DEFINITIONAL_REPRESENTATION('',(#15960),#15964);
#15960 = LINE('',#15961,#15962);
#15961 = CARTESIAN_POINT('',(0.,0.));
#15962 = VECTOR('',#15963,1.);
#15963 = DIRECTION('',(0.,-1.));
#15964 = ( GEOMETRIC_REPRESENTATION_CONTEXT(2) 
PARAMETRIC_REPRESENTATION_CONTEXT() REPRESENTATION_CONTEXT('2D SPACE',''
  ) );
#15965 = PCURVE('',#4310,#15966);
#15966 = DEFINITIONAL_REPRESENTATION('',(#15967),#15971);
#15967 = LINE('',#15968,#15969);
#15968 = CARTESIAN_POINT('',(0.61165241411,0.));
#15969 = VECTOR('',#15970,1.);
#15970 = DIRECTION('',(0.,-1.));
#15971 = ( GEOMETRIC_REPRESENTATION_CONTEXT(2) 
PARAMETRIC_REPRESENTATION_CONTEXT() REPRESENTATION_CONTEXT('2D SPACE',''
  ) );
#15972 = ORIENTED_EDGE('',*,*,#9963,.T.);
#15973 = ORIENTED_EDGE('',*,*,#15898,.F.);
#15974 = ORIENTED_EDGE('',*,*,#4322,.F.);
#15975 = ADVANCED_FACE('',(#15976),#2462,.T.);
#15976 = FACE_BOUND('',#15977,.T.);
#15977 = EDGE_LOOP('',(#15978,#15979,#15980,#16001));
#15978 = ORIENTED_EDGE('',*,*,#15927,.T.);
#15979 = ORIENTED_EDGE('',*,*,#8422,.T.);
#15980 = ORIENTED_EDGE('',*,*,#15981,.F.);
#15981 = EDGE_CURVE('',#2447,#8423,#15982,.T.);
#15982 = SURFACE_CURVE('',#15983,(#15987,#15994),.PCURVE_S1.);
#15983 = LINE('',#15984,#15985);
#15984 = CARTESIAN_POINT('',(13.665281772336,-6.481147263173,-4.));
#15985 = VECTOR('',#15986,1.);
#15986 = DIRECTION('',(0.,0.,1.));
#15987 = PCURVE('',#2462,#15988);
#15988 = DEFINITIONAL_REPRESENTATION('',(#15989),#15993);
#15989 = LINE('',#15990,#15991);
#15990 = CARTESIAN_POINT('',(0.61165241411,0.));
#15991 = VECTOR('',#15992,1.);
#15992 = DIRECTION('',(0.,-1.));
#15993 = ( GEOMETRIC_REPRESENTATION_CONTEXT(2) 
PARAMETRIC_REPRESENTATION_CONTEXT() REPRESENTATION_CONTEXT('2D SPACE',''
  ) );
#15994 = PCURVE('',#2490,#15995);
#15995 = DEFINITIONAL_REPRESENTATION('',(#15996),#16000);
#15996 = LINE('',#15997,#15998);
#15997 = CARTESIAN_POINT('',(0.,0.));
#15998 = VECTOR('',#15999,1.);
#15999 = DIRECTION('',(0.,-1.));
#16000 = ( GEOMETRIC_REPRESENTATION_CONTEXT(2) 
PARAMETRIC_REPRESENTATION_CONTEXT() REPRESENTATION_CONTEXT('2D SPACE',''
  ) );
#16001 = ORIENTED_EDGE('',*,*,#2446,.F.);
#16002 = ADVANCED_FACE('',(#16003),#4310,.T.);
#16003 = FACE_BOUND('',#16004,.T.);
#16004 = EDGE_LOOP('',(#16005,#16026,#16027,#16028));
#16005 = ORIENTED_EDGE('',*,*,#16006,.T.);
#16006 = EDGE_CURVE('',#4267,#9918,#16007,.T.);
#16007 = SURFACE_CURVE('',#16008,(#16012,#16019),.PCURVE_S1.);
#16008 = LINE('',#16009,#16010);
#16009 = CARTESIAN_POINT('',(-9.847736009421,-11.47899347734,-4.));
#16010 = VECTOR('',#16011,1.);
#16011 = DIRECTION('',(0.,0.,1.));
#16012 = PCURVE('',#4310,#16013);
#16013 = DEFINITIONAL_REPRESENTATION('',(#16014),#16018);
#16014 = LINE('',#16015,#16016);
#16015 = CARTESIAN_POINT('',(0.,0.));
#16016 = VECTOR('',#16017,1.);
#16017 = DIRECTION('',(0.,-1.));
#16018 = ( GEOMETRIC_REPRESENTATION_CONTEXT(2) 
PARAMETRIC_REPRESENTATION_CONTEXT() REPRESENTATION_CONTEXT('2D SPACE',''
  ) );
#16019 = PCURVE('',#4282,#16020);
#16020 = DEFINITIONAL_REPRESENTATION('',(#16021),#16025);
#16021 = LINE('',#16022,#16023);
#16022 = CARTESIAN_POINT('',(0.634569085755,0.));
#16023 = VECTOR('',#16024,1.);
#16024 = DIRECTION('',(0.,-1.));
#16025 = ( GEOMETRIC_REPRESENTATION_CONTEXT(2) 
PARAMETRIC_REPRESENTATION_CONTEXT() REPRESENTATION_CONTEXT('2D SPACE',''
  ) );
#16026 = ORIENTED_EDGE('',*,*,#9940,.T.);
#16027 = ORIENTED_EDGE('',*,*,#15952,.F.);
#16028 = ORIENTED_EDGE('',*,*,#4294,.F.);
#16029 = ADVANCED_FACE('',(#16030),#2490,.T.);
#16030 = FACE_BOUND('',#16031,.T.);
#16031 = EDGE_LOOP('',(#16032,#16033,#16034,#16055));
#16032 = ORIENTED_EDGE('',*,*,#15981,.T.);
#16033 = ORIENTED_EDGE('',*,*,#8445,.T.);
#16034 = ORIENTED_EDGE('',*,*,#16035,.F.);
#16035 = EDGE_CURVE('',#2475,#8446,#16036,.T.);
#16036 = SURFACE_CURVE('',#16037,(#16041,#16048),.PCURVE_S1.);
#16037 = LINE('',#16038,#16039);
#16038 = CARTESIAN_POINT('',(14.029237267251,-7.000968696279,-4.));
#16039 = VECTOR('',#16040,1.);
#16040 = DIRECTION('',(0.,0.,1.));
#16041 = PCURVE('',#2490,#16042);
#16042 = DEFINITIONAL_REPRESENTATION('',(#16043),#16047);
#16043 = LINE('',#16044,#16045);
#16044 = CARTESIAN_POINT('',(0.634569085755,0.));
#16045 = VECTOR('',#16046,1.);
#16046 = DIRECTION('',(0.,-1.));
#16047 = ( GEOMETRIC_REPRESENTATION_CONTEXT(2) 
PARAMETRIC_REPRESENTATION_CONTEXT() REPRESENTATION_CONTEXT('2D SPACE',''
  ) );
#16048 = PCURVE('',#2518,#16049);
#16049 = DEFINITIONAL_REPRESENTATION('',(#16050),#16054);
#16050 = LINE('',#16051,#16052);
#16051 = CARTESIAN_POINT('',(0.,0.));
#16052 = VECTOR('',#16053,1.);
#16053 = DIRECTION('',(0.,-1.));
#16054 = ( GEOMETRIC_REPRESENTATION_CONTEXT(2) 
PARAMETRIC_REPRESENTATION_CONTEXT() REPRESENTATION_CONTEXT('2D SPACE',''
  ) );
#16055 = ORIENTED_EDGE('',*,*,#2474,.F.);
#16056 = ADVANCED_FACE('',(#16057),#4282,.T.);
#16057 = FACE_BOUND('',#16058,.T.);
#16058 = EDGE_LOOP('',(#16059,#16080,#16081,#16082));
#16059 = ORIENTED_EDGE('',*,*,#16060,.T.);
#16060 = EDGE_CURVE('',#4239,#9895,#16061,.T.);
#16061 = SURFACE_CURVE('',#16062,(#16066,#16073),.PCURVE_S1.);
#16062 = LINE('',#16063,#16064);
#16063 = CARTESIAN_POINT('',(-9.968795473884,-12.10190802257,-4.));
#16064 = VECTOR('',#16065,1.);
#16065 = DIRECTION('',(0.,0.,1.));
#16066 = PCURVE('',#4282,#16067);
#16067 = DEFINITIONAL_REPRESENTATION('',(#16068),#16072);
#16068 = LINE('',#16069,#16070);
#16069 = CARTESIAN_POINT('',(0.,0.));
#16070 = VECTOR('',#16071,1.);
#16071 = DIRECTION('',(0.,-1.));
#16072 = ( GEOMETRIC_REPRESENTATION_CONTEXT(2) 
PARAMETRIC_REPRESENTATION_CONTEXT() REPRESENTATION_CONTEXT('2D SPACE',''
  ) );
#16073 = PCURVE('',#4254,#16074);
#16074 = DEFINITIONAL_REPRESENTATION('',(#16075),#16079);
#16075 = LINE('',#16076,#16077);
#16076 = CARTESIAN_POINT('',(0.657460972665,0.));
#16077 = VECTOR('',#16078,1.);
#16078 = DIRECTION('',(0.,-1.));
#16079 = ( GEOMETRIC_REPRESENTATION_CONTEXT(2) 
PARAMETRIC_REPRESENTATION_CONTEXT() REPRESENTATION_CONTEXT('2D SPACE',''
  ) );
#16080 = ORIENTED_EDGE('',*,*,#9917,.T.);
#16081 = ORIENTED_EDGE('',*,*,#16006,.F.);
#16082 = ORIENTED_EDGE('',*,*,#4266,.F.);
#16083 = ADVANCED_FACE('',(#16084),#2518,.T.);
#16084 = FACE_BOUND('',#16085,.T.);
#16085 = EDGE_LOOP('',(#16086,#16087,#16088,#16109));
#16086 = ORIENTED_EDGE('',*,*,#16035,.T.);
#16087 = ORIENTED_EDGE('',*,*,#8468,.T.);
#16088 = ORIENTED_EDGE('',*,*,#16089,.F.);
#16089 = EDGE_CURVE('',#2503,#8469,#16090,.T.);
#16090 = SURFACE_CURVE('',#16091,(#16095,#16102),.PCURVE_S1.);
#16091 = LINE('',#16092,#16093);
#16092 = CARTESIAN_POINT('',(14.361734892784,-7.568154961621,-4.));
#16093 = VECTOR('',#16094,1.);
#16094 = DIRECTION('',(0.,0.,1.));
#16095 = PCURVE('',#2518,#16096);
#16096 = DEFINITIONAL_REPRESENTATION('',(#16097),#16101);
#16097 = LINE('',#16098,#16099);
#16098 = CARTESIAN_POINT('',(0.657460972665,0.));
#16099 = VECTOR('',#16100,1.);
#16100 = DIRECTION('',(0.,-1.));
#16101 = ( GEOMETRIC_REPRESENTATION_CONTEXT(2) 
PARAMETRIC_REPRESENTATION_CONTEXT() REPRESENTATION_CONTEXT('2D SPACE',''
  ) );
#16102 = PCURVE('',#2546,#16103);
#16103 = DEFINITIONAL_REPRESENTATION('',(#16104),#16108);
#16104 = LINE('',#16105,#16106);
#16105 = CARTESIAN_POINT('',(0.,0.));
#16106 = VECTOR('',#16107,1.);
#16107 = DIRECTION('',(0.,-1.));
#16108 = ( GEOMETRIC_REPRESENTATION_CONTEXT(2) 
PARAMETRIC_REPRESENTATION_CONTEXT() REPRESENTATION_CONTEXT('2D SPACE',''
  ) );
#16109 = ORIENTED_EDGE('',*,*,#2502,.F.);
#16110 = ADVANCED_FACE('',(#16111),#4254,.T.);
#16111 = FACE_BOUND('',#16112,.T.);
#16112 = EDGE_LOOP('',(#16113,#16134,#16135,#16136));
#16113 = ORIENTED_EDGE('',*,*,#16114,.T.);
#16114 = EDGE_CURVE('',#4211,#9872,#16115,.T.);
#16115 = SURFACE_CURVE('',#16116,(#16120,#16127),.PCURVE_S1.);
#16116 = LINE('',#16117,#16118);
#16117 = CARTESIAN_POINT('',(-10.0418517318,-12.75529742696,-4.));
#16118 = VECTOR('',#16119,1.);
#16119 = DIRECTION('',(0.,0.,1.));
#16120 = PCURVE('',#4254,#16121);
#16121 = DEFINITIONAL_REPRESENTATION('',(#16122),#16126);
#16122 = LINE('',#16123,#16124);
#16123 = CARTESIAN_POINT('',(0.,0.));
#16124 = VECTOR('',#16125,1.);
#16125 = DIRECTION('',(0.,-1.));
#16126 = ( GEOMETRIC_REPRESENTATION_CONTEXT(2) 
PARAMETRIC_REPRESENTATION_CONTEXT() REPRESENTATION_CONTEXT('2D SPACE',''
  ) );
#16127 = PCURVE('',#4226,#16128);
#16128 = DEFINITIONAL_REPRESENTATION('',(#16129),#16133);
#16129 = LINE('',#16130,#16131);
#16130 = CARTESIAN_POINT('',(1.253305979702,0.));
#16131 = VECTOR('',#16132,1.);
#16132 = DIRECTION('',(0.,-1.));
#16133 = ( GEOMETRIC_REPRESENTATION_CONTEXT(2) 
PARAMETRIC_REPRESENTATION_CONTEXT() REPRESENTATION_CONTEXT('2D SPACE',''
  ) );
#16134 = ORIENTED_EDGE('',*,*,#9894,.T.);
#16135 = ORIENTED_EDGE('',*,*,#16060,.F.);
#16136 = ORIENTED_EDGE('',*,*,#4238,.F.);
#16137 = ADVANCED_FACE('',(#16138),#2546,.T.);
#16138 = FACE_BOUND('',#16139,.T.);
#16139 = EDGE_LOOP('',(#16140,#16141,#16142,#16163));
#16140 = ORIENTED_EDGE('',*,*,#16089,.T.);
#16141 = ORIENTED_EDGE('',*,*,#8491,.T.);
#16142 = ORIENTED_EDGE('',*,*,#16143,.F.);
#16143 = EDGE_CURVE('',#2531,#8492,#16144,.T.);
#16144 = SURFACE_CURVE('',#16145,(#16149,#16156),.PCURVE_S1.);
#16145 = LINE('',#16146,#16147);
#16146 = CARTESIAN_POINT('',(13.735081902933,-8.653549778758,-4.));
#16147 = VECTOR('',#16148,1.);
#16148 = DIRECTION('',(0.,0.,1.));
#16149 = PCURVE('',#2546,#16150);
#16150 = DEFINITIONAL_REPRESENTATION('',(#16151),#16155);
#16151 = LINE('',#16152,#16153);
#16152 = CARTESIAN_POINT('',(1.253305979702,0.));
#16153 = VECTOR('',#16154,1.);
#16154 = DIRECTION('',(0.,-1.));
#16155 = ( GEOMETRIC_REPRESENTATION_CONTEXT(2) 
PARAMETRIC_REPRESENTATION_CONTEXT() REPRESENTATION_CONTEXT('2D SPACE',''
  ) );
#16156 = PCURVE('',#2574,#16157);
#16157 = DEFINITIONAL_REPRESENTATION('',(#16158),#16162);
#16158 = LINE('',#16159,#16160);
#16159 = CARTESIAN_POINT('',(0.,0.));
#16160 = VECTOR('',#16161,1.);
#16161 = DIRECTION('',(0.,-1.));
#16162 = ( GEOMETRIC_REPRESENTATION_CONTEXT(2) 
PARAMETRIC_REPRESENTATION_CONTEXT() REPRESENTATION_CONTEXT('2D SPACE',''
  ) );
#16163 = ORIENTED_EDGE('',*,*,#2530,.F.);
#16164 = ADVANCED_FACE('',(#16165),#4226,.T.);
#16165 = FACE_BOUND('',#16166,.T.);
#16166 = EDGE_LOOP('',(#16167,#16188,#16189,#16190));
#16167 = ORIENTED_EDGE('',*,*,#16168,.T.);
#16168 = EDGE_CURVE('',#4183,#9849,#16169,.T.);
#16169 = SURFACE_CURVE('',#16170,(#16174,#16181),.PCURVE_S1.);
#16170 = LINE('',#16171,#16172);
#16171 = CARTESIAN_POINT('',(-9.027905895072,-13.49197219843,-4.));
#16172 = VECTOR('',#16173,1.);
#16173 = DIRECTION('',(0.,0.,1.));
#16174 = PCURVE('',#4226,#16175);
#16175 = DEFINITIONAL_REPRESENTATION('',(#16176),#16180);
#16176 = LINE('',#16177,#16178);
#16177 = CARTESIAN_POINT('',(0.,0.));
#16178 = VECTOR('',#16179,1.);
#16179 = DIRECTION('',(0.,-1.));
#16180 = ( GEOMETRIC_REPRESENTATION_CONTEXT(2) 
PARAMETRIC_REPRESENTATION_CONTEXT() REPRESENTATION_CONTEXT('2D SPACE',''
  ) );
#16181 = PCURVE('',#4198,#16182);
#16182 = DEFINITIONAL_REPRESENTATION('',(#16183),#16187);
#16183 = LINE('',#16184,#16185);
#16184 = CARTESIAN_POINT('',(0.657460972665,0.));
#16185 = VECTOR('',#16186,1.);
#16186 = DIRECTION('',(0.,-1.));
#16187 = ( GEOMETRIC_REPRESENTATION_CONTEXT(2) 
PARAMETRIC_REPRESENTATION_CONTEXT() REPRESENTATION_CONTEXT('2D SPACE',''
  ) );
#16188 = ORIENTED_EDGE('',*,*,#9871,.T.);
#16189 = ORIENTED_EDGE('',*,*,#16114,.F.);
#16190 = ORIENTED_EDGE('',*,*,#4210,.F.);
#16191 = ADVANCED_FACE('',(#16192),#2574,.T.);
#16192 = FACE_BOUND('',#16193,.T.);
#16193 = EDGE_LOOP('',(#16194,#16195,#16196,#16217));
#16194 = ORIENTED_EDGE('',*,*,#16143,.T.);
#16195 = ORIENTED_EDGE('',*,*,#8514,.T.);
#16196 = ORIENTED_EDGE('',*,*,#16197,.F.);
#16197 = EDGE_CURVE('',#2559,#8515,#16198,.T.);
#16198 = SURFACE_CURVE('',#16199,(#16203,#16210),.PCURVE_S1.);
#16199 = LINE('',#16200,#16201);
#16200 = CARTESIAN_POINT('',(13.077635375703,-8.649191521019,-4.));
#16201 = VECTOR('',#16202,1.);
#16202 = DIRECTION('',(0.,0.,1.));
#16203 = PCURVE('',#2574,#16204);
#16204 = DEFINITIONAL_REPRESENTATION('',(#16205),#16209);
#16205 = LINE('',#16206,#16207);
#16206 = CARTESIAN_POINT('',(0.657460972665,0.));
#16207 = VECTOR('',#16208,1.);
#16208 = DIRECTION('',(0.,-1.));
#16209 = ( GEOMETRIC_REPRESENTATION_CONTEXT(2) 
PARAMETRIC_REPRESENTATION_CONTEXT() REPRESENTATION_CONTEXT('2D SPACE',''
  ) );
#16210 = PCURVE('',#2602,#16211);
#16211 = DEFINITIONAL_REPRESENTATION('',(#16212),#16216);
#16212 = LINE('',#16213,#16214);
#16213 = CARTESIAN_POINT('',(0.,0.));
#16214 = VECTOR('',#16215,1.);
#16215 = DIRECTION('',(0.,-1.));
#16216 = ( GEOMETRIC_REPRESENTATION_CONTEXT(2) 
PARAMETRIC_REPRESENTATION_CONTEXT() REPRESENTATION_CONTEXT('2D SPACE',''
  ) );
#16217 = ORIENTED_EDGE('',*,*,#2558,.F.);
#16218 = ADVANCED_FACE('',(#16219),#4198,.T.);
#16219 = FACE_BOUND('',#16220,.T.);
#16220 = EDGE_LOOP('',(#16221,#16242,#16243,#16244));
#16221 = ORIENTED_EDGE('',*,*,#16222,.T.);
#16222 = EDGE_CURVE('',#4155,#9826,#16223,.T.);
#16223 = SURFACE_CURVE('',#16224,(#16228,#16235),.PCURVE_S1.);
#16224 = LINE('',#16225,#16226);
#16225 = CARTESIAN_POINT('',(-8.429071269601,-13.22058313839,-4.));
#16226 = VECTOR('',#16227,1.);
#16227 = DIRECTION('',(0.,0.,1.));
#16228 = PCURVE('',#4198,#16229);
#16229 = DEFINITIONAL_REPRESENTATION('',(#16230),#16234);
#16230 = LINE('',#16231,#16232);
#16231 = CARTESIAN_POINT('',(0.,0.));
#16232 = VECTOR('',#16233,1.);
#16233 = DIRECTION('',(0.,-1.));
#16234 = ( GEOMETRIC_REPRESENTATION_CONTEXT(2) 
PARAMETRIC_REPRESENTATION_CONTEXT() REPRESENTATION_CONTEXT('2D SPACE',''
  ) );
#16235 = PCURVE('',#4170,#16236);
#16236 = DEFINITIONAL_REPRESENTATION('',(#16237),#16241);
#16237 = LINE('',#16238,#16239);
#16238 = CARTESIAN_POINT('',(0.634569085755,0.));
#16239 = VECTOR('',#16240,1.);
#16240 = DIRECTION('',(0.,-1.));
#16241 = ( GEOMETRIC_REPRESENTATION_CONTEXT(2) 
PARAMETRIC_REPRESENTATION_CONTEXT() REPRESENTATION_CONTEXT('2D SPACE',''
  ) );
#16242 = ORIENTED_EDGE('',*,*,#9848,.T.);
#16243 = ORIENTED_EDGE('',*,*,#16168,.F.);
#16244 = ORIENTED_EDGE('',*,*,#4182,.F.);
#16245 = ADVANCED_FACE('',(#16246),#2602,.T.);
#16246 = FACE_BOUND('',#16247,.T.);
#16247 = EDGE_LOOP('',(#16248,#16249,#16250,#16271));
#16248 = ORIENTED_EDGE('',*,*,#16197,.T.);
#16249 = ORIENTED_EDGE('',*,*,#8537,.T.);
#16250 = ORIENTED_EDGE('',*,*,#16251,.F.);
#16251 = EDGE_CURVE('',#2587,#8538,#16252,.T.);
#16252 = SURFACE_CURVE('',#16253,(#16257,#16264),.PCURVE_S1.);
#16253 = LINE('',#16254,#16255);
#16254 = CARTESIAN_POINT('',(12.445479061743,-8.593907533129,-4.));
#16255 = VECTOR('',#16256,1.);
#16256 = DIRECTION('',(0.,0.,1.));
#16257 = PCURVE('',#2602,#16258);
#16258 = DEFINITIONAL_REPRESENTATION('',(#16259),#16263);
#16259 = LINE('',#16260,#16261);
#16260 = CARTESIAN_POINT('',(0.634569085755,0.));
#16261 = VECTOR('',#16262,1.);
#16262 = DIRECTION('',(0.,-1.));
#16263 = ( GEOMETRIC_REPRESENTATION_CONTEXT(2) 
PARAMETRIC_REPRESENTATION_CONTEXT() REPRESENTATION_CONTEXT('2D SPACE',''
  ) );
#16264 = PCURVE('',#2630,#16265);
#16265 = DEFINITIONAL_REPRESENTATION('',(#16266),#16270);
#16266 = LINE('',#16267,#16268);
#16267 = CARTESIAN_POINT('',(0.,0.));
#16268 = VECTOR('',#16269,1.);
#16269 = DIRECTION('',(0.,-1.));
#16270 = ( GEOMETRIC_REPRESENTATION_CONTEXT(2) 
PARAMETRIC_REPRESENTATION_CONTEXT() REPRESENTATION_CONTEXT('2D SPACE',''
  ) );
#16271 = ORIENTED_EDGE('',*,*,#2586,.F.);
#16272 = ADVANCED_FACE('',(#16273),#4170,.T.);
#16273 = FACE_BOUND('',#16274,.T.);
#16274 = EDGE_LOOP('',(#16275,#16296,#16297,#16298));
#16275 = ORIENTED_EDGE('',*,*,#16276,.T.);
#16276 = EDGE_CURVE('',#4127,#9803,#16277,.T.);
#16277 = SURFACE_CURVE('',#16278,(#16282,#16289),.PCURVE_S1.);
#16278 = LINE('',#16279,#16280);
#16279 = CARTESIAN_POINT('',(-7.874053764113,-12.91295756533,-4.));
#16280 = VECTOR('',#16281,1.);
#16281 = DIRECTION('',(0.,0.,1.));
#16282 = PCURVE('',#4170,#16283);
#16283 = DEFINITIONAL_REPRESENTATION('',(#16284),#16288);
#16284 = LINE('',#16285,#16286);
#16285 = CARTESIAN_POINT('',(0.,0.));
#16286 = VECTOR('',#16287,1.);
#16287 = DIRECTION('',(0.,-1.));
#16288 = ( GEOMETRIC_REPRESENTATION_CONTEXT(2) 
PARAMETRIC_REPRESENTATION_CONTEXT() REPRESENTATION_CONTEXT('2D SPACE',''
  ) );
#16289 = PCURVE('',#4142,#16290);
#16290 = DEFINITIONAL_REPRESENTATION('',(#16291),#16295);
#16291 = LINE('',#16292,#16293);
#16292 = CARTESIAN_POINT('',(0.61165241411,0.));
#16293 = VECTOR('',#16294,1.);
#16294 = DIRECTION('',(0.,-1.));
#16295 = ( GEOMETRIC_REPRESENTATION_CONTEXT(2) 
PARAMETRIC_REPRESENTATION_CONTEXT() REPRESENTATION_CONTEXT('2D SPACE',''
  ) );
#16296 = ORIENTED_EDGE('',*,*,#9825,.T.);
#16297 = ORIENTED_EDGE('',*,*,#16222,.F.);
#16298 = ORIENTED_EDGE('',*,*,#4154,.F.);
#16299 = ADVANCED_FACE('',(#16300),#2630,.T.);
#16300 = FACE_BOUND('',#16301,.T.);
#16301 = EDGE_LOOP('',(#16302,#16303,#16304,#16325));
#16302 = ORIENTED_EDGE('',*,*,#16251,.T.);
#16303 = ORIENTED_EDGE('',*,*,#8560,.T.);
#16304 = ORIENTED_EDGE('',*,*,#16305,.F.);
#16305 = EDGE_CURVE('',#2615,#8561,#16306,.T.);
#16306 = SURFACE_CURVE('',#16307,(#16311,#16318),.PCURVE_S1.);
#16307 = LINE('',#16308,#16309);
#16308 = CARTESIAN_POINT('',(11.843505145206,-8.485528201634,-4.));
#16309 = VECTOR('',#16310,1.);
#16310 = DIRECTION('',(0.,0.,1.));
#16311 = PCURVE('',#2630,#16312);
#16312 = DEFINITIONAL_REPRESENTATION('',(#16313),#16317);
#16313 = LINE('',#16314,#16315);
#16314 = CARTESIAN_POINT('',(0.61165241411,0.));
#16315 = VECTOR('',#16316,1.);
#16316 = DIRECTION('',(0.,-1.));
#16317 = ( GEOMETRIC_REPRESENTATION_CONTEXT(2) 
PARAMETRIC_REPRESENTATION_CONTEXT() REPRESENTATION_CONTEXT('2D SPACE',''
  ) );
#16318 = PCURVE('',#2658,#16319);
#16319 = DEFINITIONAL_REPRESENTATION('',(#16320),#16324);
#16320 = LINE('',#16321,#16322);
#16321 = CARTESIAN_POINT('',(0.,0.));
#16322 = VECTOR('',#16323,1.);
#16323 = DIRECTION('',(0.,-1.));
#16324 = ( GEOMETRIC_REPRESENTATION_CONTEXT(2) 
PARAMETRIC_REPRESENTATION_CONTEXT() REPRESENTATION_CONTEXT('2D SPACE',''
  ) );
#16325 = ORIENTED_EDGE('',*,*,#2614,.F.);
#16326 = ADVANCED_FACE('',(#16327),#4142,.T.);
#16327 = FACE_BOUND('',#16328,.T.);
#16328 = EDGE_LOOP('',(#16329,#16350,#16351,#16352));
#16329 = ORIENTED_EDGE('',*,*,#16330,.T.);
#16330 = EDGE_CURVE('',#4099,#9780,#16331,.T.);
#16331 = SURFACE_CURVE('',#16332,(#16336,#16343),.PCURVE_S1.);
#16332 = LINE('',#16333,#16334);
#16333 = CARTESIAN_POINT('',(-7.368205072512,-12.56910326931,-4.));
#16334 = VECTOR('',#16335,1.);
#16335 = DIRECTION('',(0.,0.,1.));
#16336 = PCURVE('',#4142,#16337);
#16337 = DEFINITIONAL_REPRESENTATION('',(#16338),#16342);
#16338 = LINE('',#16339,#16340);
#16339 = CARTESIAN_POINT('',(0.,0.));
#16340 = VECTOR('',#16341,1.);
#16341 = DIRECTION('',(0.,-1.));
#16342 = ( GEOMETRIC_REPRESENTATION_CONTEXT(2) 
PARAMETRIC_REPRESENTATION_CONTEXT() REPRESENTATION_CONTEXT('2D SPACE',''
  ) );
#16343 = PCURVE('',#4114,#16344);
#16344 = DEFINITIONAL_REPRESENTATION('',(#16345),#16349);
#16345 = LINE('',#16346,#16347);
#16346 = CARTESIAN_POINT('',(0.588659078772,0.));
#16347 = VECTOR('',#16348,1.);
#16348 = DIRECTION('',(0.,-1.));
#16349 = ( GEOMETRIC_REPRESENTATION_CONTEXT(2) 
PARAMETRIC_REPRESENTATION_CONTEXT() REPRESENTATION_CONTEXT('2D SPACE',''
  ) );
#16350 = ORIENTED_EDGE('',*,*,#9802,.T.);
#16351 = ORIENTED_EDGE('',*,*,#16276,.F.);
#16352 = ORIENTED_EDGE('',*,*,#4126,.F.);
#16353 = ADVANCED_FACE('',(#16354),#2658,.T.);
#16354 = FACE_BOUND('',#16355,.T.);
#16355 = EDGE_LOOP('',(#16356,#16357,#16358,#16379));
#16356 = ORIENTED_EDGE('',*,*,#16305,.T.);
#16357 = ORIENTED_EDGE('',*,*,#8583,.T.);
#16358 = ORIENTED_EDGE('',*,*,#16359,.F.);
#16359 = EDGE_CURVE('',#2643,#8584,#16360,.T.);
#16360 = SURFACE_CURVE('',#16361,(#16365,#16372),.PCURVE_S1.);
#16361 = LINE('',#16362,#16363);
#16362 = CARTESIAN_POINT('',(11.278989356408,-8.31867067193,-4.));
#16363 = VECTOR('',#16364,1.);
#16364 = DIRECTION('',(0.,0.,1.));
#16365 = PCURVE('',#2658,#16366);
#16366 = DEFINITIONAL_REPRESENTATION('',(#16367),#16371);
#16367 = LINE('',#16368,#16369);
#16368 = CARTESIAN_POINT('',(0.588659078772,0.));
#16369 = VECTOR('',#16370,1.);
#16370 = DIRECTION('',(0.,-1.));
#16371 = ( GEOMETRIC_REPRESENTATION_CONTEXT(2) 
PARAMETRIC_REPRESENTATION_CONTEXT() REPRESENTATION_CONTEXT('2D SPACE',''
  ) );
#16372 = PCURVE('',#2686,#16373);
#16373 = DEFINITIONAL_REPRESENTATION('',(#16374),#16378);
#16374 = LINE('',#16375,#16376);
#16375 = CARTESIAN_POINT('',(0.,0.));
#16376 = VECTOR('',#16377,1.);
#16377 = DIRECTION('',(0.,-1.));
#16378 = ( GEOMETRIC_REPRESENTATION_CONTEXT(2) 
PARAMETRIC_REPRESENTATION_CONTEXT() REPRESENTATION_CONTEXT('2D SPACE',''
  ) );
#16379 = ORIENTED_EDGE('',*,*,#2642,.F.);
#16380 = ADVANCED_FACE('',(#16381),#4114,.T.);
#16381 = FACE_BOUND('',#16382,.T.);
#16382 = EDGE_LOOP('',(#16383,#16404,#16405,#16406));
#16383 = ORIENTED_EDGE('',*,*,#16384,.T.);
#16384 = EDGE_CURVE('',#4071,#9757,#16385,.T.);
#16385 = SURFACE_CURVE('',#16386,(#16390,#16397),.PCURVE_S1.);
#16386 = LINE('',#16387,#16388);
#16387 = CARTESIAN_POINT('',(-6.920361309392,-12.18706207408,-4.));
#16388 = VECTOR('',#16389,1.);
#16389 = DIRECTION('',(0.,0.,1.));
#16390 = PCURVE('',#4114,#16391);
#16391 = DEFINITIONAL_REPRESENTATION('',(#16392),#16396);
#16392 = LINE('',#16393,#16394);
#16393 = CARTESIAN_POINT('',(0.,0.));
#16394 = VECTOR('',#16395,1.);
#16395 = DIRECTION('',(0.,-1.));
#16396 = ( GEOMETRIC_REPRESENTATION_CONTEXT(2) 
PARAMETRIC_REPRESENTATION_CONTEXT() REPRESENTATION_CONTEXT('2D SPACE',''
  ) );
#16397 = PCURVE('',#4086,#16398);
#16398 = DEFINITIONAL_REPRESENTATION('',(#16399),#16403);
#16399 = LINE('',#16400,#16401);
#16400 = CARTESIAN_POINT('',(0.564849389437,0.));
#16401 = VECTOR('',#16402,1.);
#16402 = DIRECTION('',(0.,-1.));
#16403 = ( GEOMETRIC_REPRESENTATION_CONTEXT(2) 
PARAMETRIC_REPRESENTATION_CONTEXT() REPRESENTATION_CONTEXT('2D SPACE',''
  ) );
#16404 = ORIENTED_EDGE('',*,*,#9779,.T.);
#16405 = ORIENTED_EDGE('',*,*,#16330,.F.);
#16406 = ORIENTED_EDGE('',*,*,#4098,.F.);
#16407 = ADVANCED_FACE('',(#16408),#2686,.T.);
#16408 = FACE_BOUND('',#16409,.T.);
#16409 = EDGE_LOOP('',(#16410,#16411,#16412,#16433));
#16410 = ORIENTED_EDGE('',*,*,#16359,.T.);
#16411 = ORIENTED_EDGE('',*,*,#8606,.T.);
#16412 = ORIENTED_EDGE('',*,*,#16413,.F.);
#16413 = EDGE_CURVE('',#2671,#8607,#16414,.T.);
#16414 = SURFACE_CURVE('',#16415,(#16419,#16426),.PCURVE_S1.);
#16415 = LINE('',#16416,#16417);
#16416 = CARTESIAN_POINT('',(10.770330539414,-8.073067250453,-4.));
#16417 = VECTOR('',#16418,1.);
#16418 = DIRECTION('',(0.,0.,1.));
#16419 = PCURVE('',#2686,#16420);
#16420 = DEFINITIONAL_REPRESENTATION('',(#16421),#16425);
#16421 = LINE('',#16422,#16423);
#16422 = CARTESIAN_POINT('',(0.564849389437,0.));
#16423 = VECTOR('',#16424,1.);
#16424 = DIRECTION('',(0.,-1.));
#16425 = ( GEOMETRIC_REPRESENTATION_CONTEXT(2) 
PARAMETRIC_REPRESENTATION_CONTEXT() REPRESENTATION_CONTEXT('2D SPACE',''
  ) );
#16426 = PCURVE('',#2714,#16427);
#16427 = DEFINITIONAL_REPRESENTATION('',(#16428),#16432);
#16428 = LINE('',#16429,#16430);
#16429 = CARTESIAN_POINT('',(0.,0.));
#16430 = VECTOR('',#16431,1.);
#16431 = DIRECTION('',(0.,-1.));
#16432 = ( GEOMETRIC_REPRESENTATION_CONTEXT(2) 
PARAMETRIC_REPRESENTATION_CONTEXT() REPRESENTATION_CONTEXT('2D SPACE',''
  ) );
#16433 = ORIENTED_EDGE('',*,*,#2670,.F.);
#16434 = ADVANCED_FACE('',(#16435),#4086,.T.);
#16435 = FACE_BOUND('',#16436,.T.);
#16436 = EDGE_LOOP('',(#16437,#16458,#16459,#16460));
#16437 = ORIENTED_EDGE('',*,*,#16438,.T.);
#16438 = EDGE_CURVE('',#4043,#9734,#16439,.T.);
#16439 = SURFACE_CURVE('',#16440,(#16444,#16451),.PCURVE_S1.);
#16440 = LINE('',#16441,#16442);
#16441 = CARTESIAN_POINT('',(-6.555574268816,-11.75580200431,-4.));
#16442 = VECTOR('',#16443,1.);
#16443 = DIRECTION('',(0.,0.,1.));
#16444 = PCURVE('',#4086,#16445);
#16445 = DEFINITIONAL_REPRESENTATION('',(#16446),#16450);
#16446 = LINE('',#16447,#16448);
#16447 = CARTESIAN_POINT('',(0.,0.));
#16448 = VECTOR('',#16449,1.);
#16449 = DIRECTION('',(0.,-1.));
#16450 = ( GEOMETRIC_REPRESENTATION_CONTEXT(2) 
PARAMETRIC_REPRESENTATION_CONTEXT() REPRESENTATION_CONTEXT('2D SPACE',''
  ) );
#16451 = PCURVE('',#4058,#16452);
#16452 = DEFINITIONAL_REPRESENTATION('',(#16453),#16457);
#16453 = LINE('',#16454,#16455);
#16454 = CARTESIAN_POINT('',(1.523484570763,0.));
#16455 = VECTOR('',#16456,1.);
#16456 = DIRECTION('',(0.,-1.));
#16457 = ( GEOMETRIC_REPRESENTATION_CONTEXT(2) 
PARAMETRIC_REPRESENTATION_CONTEXT() REPRESENTATION_CONTEXT('2D SPACE',''
  ) );
#16458 = ORIENTED_EDGE('',*,*,#9756,.T.);
#16459 = ORIENTED_EDGE('',*,*,#16384,.F.);
#16460 = ORIENTED_EDGE('',*,*,#4070,.F.);
#16461 = ADVANCED_FACE('',(#16462),#2714,.T.);
#16462 = FACE_BOUND('',#16463,.T.);
#16463 = EDGE_LOOP('',(#16464,#16465,#16466,#16487));
#16464 = ORIENTED_EDGE('',*,*,#16413,.T.);
#16465 = ORIENTED_EDGE('',*,*,#8629,.T.);
#16466 = ORIENTED_EDGE('',*,*,#16467,.F.);
#16467 = EDGE_CURVE('',#2699,#8630,#16468,.T.);
#16468 = SURFACE_CURVE('',#16469,(#16473,#16480),.PCURVE_S1.);
#16469 = LINE('',#16470,#16471);
#16470 = CARTESIAN_POINT('',(9.551288635219,-7.159315603029,-4.));
#16471 = VECTOR('',#16472,1.);
#16472 = DIRECTION('',(0.,0.,1.));
#16473 = PCURVE('',#2714,#16474);
#16474 = DEFINITIONAL_REPRESENTATION('',(#16475),#16479);
#16475 = LINE('',#16476,#16477);
#16476 = CARTESIAN_POINT('',(1.523484570763,0.));
#16477 = VECTOR('',#16478,1.);
#16478 = DIRECTION('',(0.,-1.));
#16479 = ( GEOMETRIC_REPRESENTATION_CONTEXT(2) 
PARAMETRIC_REPRESENTATION_CONTEXT() REPRESENTATION_CONTEXT('2D SPACE',''
  ) );
#16480 = PCURVE('',#2742,#16481);
#16481 = DEFINITIONAL_REPRESENTATION('',(#16482),#16486);
#16482 = LINE('',#16483,#16484);
#16483 = CARTESIAN_POINT('',(0.,0.));
#16484 = VECTOR('',#16485,1.);
#16485 = DIRECTION('',(0.,-1.));
#16486 = ( GEOMETRIC_REPRESENTATION_CONTEXT(2) 
PARAMETRIC_REPRESENTATION_CONTEXT() REPRESENTATION_CONTEXT('2D SPACE',''
  ) );
#16487 = ORIENTED_EDGE('',*,*,#2698,.F.);
#16488 = ADVANCED_FACE('',(#16489),#4058,.T.);
#16489 = FACE_BOUND('',#16490,.T.);
#16490 = EDGE_LOOP('',(#16491,#16512,#16513,#16514));
#16491 = ORIENTED_EDGE('',*,*,#16492,.T.);
#16492 = EDGE_CURVE('',#4015,#9711,#16493,.T.);
#16493 = SURFACE_CURVE('',#16494,(#16498,#16505),.PCURVE_S1.);
#16494 = LINE('',#16495,#16496);
#16495 = CARTESIAN_POINT('',(-5.813580352241,-10.42521932551,-4.));
#16496 = VECTOR('',#16497,1.);
#16497 = DIRECTION('',(0.,0.,1.));
#16498 = PCURVE('',#4058,#16499);
#16499 = DEFINITIONAL_REPRESENTATION('',(#16500),#16504);
#16500 = LINE('',#16501,#16502);
#16501 = CARTESIAN_POINT('',(0.,0.));
#16502 = VECTOR('',#16503,1.);
#16503 = DIRECTION('',(0.,-1.));
#16504 = ( GEOMETRIC_REPRESENTATION_CONTEXT(2) 
PARAMETRIC_REPRESENTATION_CONTEXT() REPRESENTATION_CONTEXT('2D SPACE',''
  ) );
#16505 = PCURVE('',#4030,#16506);
#16506 = DEFINITIONAL_REPRESENTATION('',(#16507),#16511);
#16507 = LINE('',#16508,#16509);
#16508 = CARTESIAN_POINT('',(1.071731710829,0.));
#16509 = VECTOR('',#16510,1.);
#16510 = DIRECTION('',(0.,-1.));
#16511 = ( GEOMETRIC_REPRESENTATION_CONTEXT(2) 
PARAMETRIC_REPRESENTATION_CONTEXT() REPRESENTATION_CONTEXT('2D SPACE',''
  ) );
#16512 = ORIENTED_EDGE('',*,*,#9733,.T.);
#16513 = ORIENTED_EDGE('',*,*,#16438,.F.);
#16514 = ORIENTED_EDGE('',*,*,#4042,.F.);
#16515 = ADVANCED_FACE('',(#16516),#2742,.T.);
#16516 = FACE_BOUND('',#16517,.T.);
#16517 = EDGE_LOOP('',(#16518,#16519,#16520,#16541));
#16518 = ORIENTED_EDGE('',*,*,#16467,.T.);
#16519 = ORIENTED_EDGE('',*,*,#8652,.T.);
#16520 = ORIENTED_EDGE('',*,*,#16521,.F.);
#16521 = EDGE_CURVE('',#2727,#8653,#16522,.T.);
#16522 = SURFACE_CURVE('',#16523,(#16527,#16534),.PCURVE_S1.);
#16523 = LINE('',#16524,#16525);
#16524 = CARTESIAN_POINT('',(8.870637930592,-7.987158268207,-4.));
#16525 = VECTOR('',#16526,1.);
#16526 = DIRECTION('',(0.,0.,1.));
#16527 = PCURVE('',#2742,#16528);
#16528 = DEFINITIONAL_REPRESENTATION('',(#16529),#16533);
#16529 = LINE('',#16530,#16531);
#16530 = CARTESIAN_POINT('',(1.071731710829,0.));
#16531 = VECTOR('',#16532,1.);
#16532 = DIRECTION('',(0.,-1.));
#16533 = ( GEOMETRIC_REPRESENTATION_CONTEXT(2) 
PARAMETRIC_REPRESENTATION_CONTEXT() REPRESENTATION_CONTEXT('2D SPACE',''
  ) );
#16534 = PCURVE('',#2770,#16535);
#16535 = DEFINITIONAL_REPRESENTATION('',(#16536),#16540);
#16536 = LINE('',#16537,#16538);
#16537 = CARTESIAN_POINT('',(0.,0.));
#16538 = VECTOR('',#16539,1.);
#16539 = DIRECTION('',(0.,-1.));
#16540 = ( GEOMETRIC_REPRESENTATION_CONTEXT(2) 
PARAMETRIC_REPRESENTATION_CONTEXT() REPRESENTATION_CONTEXT('2D SPACE',''
  ) );
#16541 = ORIENTED_EDGE('',*,*,#2726,.F.);
#16542 = ADVANCED_FACE('',(#16543),#4030,.T.);
#16543 = FACE_BOUND('',#16544,.T.);
#16544 = EDGE_LOOP('',(#16545,#16566,#16567,#16568));
#16545 = ORIENTED_EDGE('',*,*,#16546,.T.);
#16546 = EDGE_CURVE('',#3987,#9688,#16547,.T.);
#16547 = SURFACE_CURVE('',#16548,(#16552,#16559),.PCURVE_S1.);
#16548 = LINE('',#16549,#16550);
#16549 = CARTESIAN_POINT('',(-4.855061046159,-10.90464564922,-4.));
#16550 = VECTOR('',#16551,1.);
#16551 = DIRECTION('',(0.,0.,1.));
#16552 = PCURVE('',#4030,#16553);
#16553 = DEFINITIONAL_REPRESENTATION('',(#16554),#16558);
#16554 = LINE('',#16555,#16556);
#16555 = CARTESIAN_POINT('',(0.,0.));
#16556 = VECTOR('',#16557,1.);
#16557 = DIRECTION('',(0.,-1.));
#16558 = ( GEOMETRIC_REPRESENTATION_CONTEXT(2) 
PARAMETRIC_REPRESENTATION_CONTEXT() REPRESENTATION_CONTEXT('2D SPACE',''
  ) );
#16559 = PCURVE('',#4002,#16560);
#16560 = DEFINITIONAL_REPRESENTATION('',(#16561),#16565);
#16561 = LINE('',#16562,#16563);
#16562 = CARTESIAN_POINT('',(1.071731710829,0.));
#16563 = VECTOR('',#16564,1.);
#16564 = DIRECTION('',(0.,-1.));
#16565 = ( GEOMETRIC_REPRESENTATION_CONTEXT(2) 
PARAMETRIC_REPRESENTATION_CONTEXT() REPRESENTATION_CONTEXT('2D SPACE',''
  ) );
#16566 = ORIENTED_EDGE('',*,*,#9710,.T.);
#16567 = ORIENTED_EDGE('',*,*,#16492,.F.);
#16568 = ORIENTED_EDGE('',*,*,#4014,.F.);
#16569 = ADVANCED_FACE('',(#16570),#2770,.T.);
#16570 = FACE_BOUND('',#16571,.T.);
#16571 = EDGE_LOOP('',(#16572,#16573,#16574,#16595));
#16572 = ORIENTED_EDGE('',*,*,#16521,.T.);
#16573 = ORIENTED_EDGE('',*,*,#8675,.T.);
#16574 = ORIENTED_EDGE('',*,*,#16575,.F.);
#16575 = EDGE_CURVE('',#2755,#8676,#16576,.T.);
#16576 = SURFACE_CURVE('',#16577,(#16581,#16588),.PCURVE_S1.);
#16577 = LINE('',#16578,#16579);
#16578 = CARTESIAN_POINT('',(8.11847764633,-8.750613418674,-4.));
#16579 = VECTOR('',#16580,1.);
#16580 = DIRECTION('',(0.,0.,1.));
#16581 = PCURVE('',#2770,#16582);
#16582 = DEFINITIONAL_REPRESENTATION('',(#16583),#16587);
#16583 = LINE('',#16584,#16585);
#16584 = CARTESIAN_POINT('',(1.071731710829,0.));
#16585 = VECTOR('',#16586,1.);
#16586 = DIRECTION('',(0.,-1.));
#16587 = ( GEOMETRIC_REPRESENTATION_CONTEXT(2) 
PARAMETRIC_REPRESENTATION_CONTEXT() REPRESENTATION_CONTEXT('2D SPACE',''
  ) );
#16588 = PCURVE('',#2798,#16589);
#16589 = DEFINITIONAL_REPRESENTATION('',(#16590),#16594);
#16590 = LINE('',#16591,#16592);
#16591 = CARTESIAN_POINT('',(0.,0.));
#16592 = VECTOR('',#16593,1.);
#16593 = DIRECTION('',(0.,-1.));
#16594 = ( GEOMETRIC_REPRESENTATION_CONTEXT(2) 
PARAMETRIC_REPRESENTATION_CONTEXT() REPRESENTATION_CONTEXT('2D SPACE',''
  ) );
#16595 = ORIENTED_EDGE('',*,*,#2754,.F.);
#16596 = ADVANCED_FACE('',(#16597),#4002,.T.);
#16597 = FACE_BOUND('',#16598,.T.);
#16598 = EDGE_LOOP('',(#16599,#16620,#16621,#16622));
#16599 = ORIENTED_EDGE('',*,*,#16600,.T.);
#16600 = EDGE_CURVE('',#3959,#9665,#16601,.T.);
#16601 = SURFACE_CURVE('',#16602,(#16606,#16613),.PCURVE_S1.);
#16602 = LINE('',#16603,#16604);
#16603 = CARTESIAN_POINT('',(-3.857403250012,-11.29616548497,-4.));
#16604 = VECTOR('',#16605,1.);
#16605 = DIRECTION('',(0.,0.,1.));
#16606 = PCURVE('',#4002,#16607);
#16607 = DEFINITIONAL_REPRESENTATION('',(#16608),#16612);
#16608 = LINE('',#16609,#16610);
#16609 = CARTESIAN_POINT('',(0.,0.));
#16610 = VECTOR('',#16611,1.);
#16611 = DIRECTION('',(0.,-1.));
#16612 = ( GEOMETRIC_REPRESENTATION_CONTEXT(2) 
PARAMETRIC_REPRESENTATION_CONTEXT() REPRESENTATION_CONTEXT('2D SPACE',''
  ) );
#16613 = PCURVE('',#3974,#16614);
#16614 = DEFINITIONAL_REPRESENTATION('',(#16615),#16619);
#16615 = LINE('',#16616,#16617);
#16616 = CARTESIAN_POINT('',(1.523484570763,0.));
#16617 = VECTOR('',#16618,1.);
#16618 = DIRECTION('',(0.,-1.));
#16619 = ( GEOMETRIC_REPRESENTATION_CONTEXT(2) 
PARAMETRIC_REPRESENTATION_CONTEXT() REPRESENTATION_CONTEXT('2D SPACE',''
  ) );
#16620 = ORIENTED_EDGE('',*,*,#9687,.T.);
#16621 = ORIENTED_EDGE('',*,*,#16546,.F.);
#16622 = ORIENTED_EDGE('',*,*,#3986,.F.);
#16623 = ADVANCED_FACE('',(#16624),#2798,.T.);
#16624 = FACE_BOUND('',#16625,.T.);
#16625 = EDGE_LOOP('',(#16626,#16627,#16628,#16649));
#16626 = ORIENTED_EDGE('',*,*,#16575,.T.);
#16627 = ORIENTED_EDGE('',*,*,#8698,.T.);
#16628 = ORIENTED_EDGE('',*,*,#16629,.F.);
#16629 = EDGE_CURVE('',#2783,#8699,#16630,.T.);
#16630 = SURFACE_CURVE('',#16631,(#16635,#16642),.PCURVE_S1.);
#16631 = LINE('',#16632,#16633);
#16632 = CARTESIAN_POINT('',(9.154648243526,-9.867464228254,-4.));
#16633 = VECTOR('',#16634,1.);
#16634 = DIRECTION('',(0.,0.,1.));
#16635 = PCURVE('',#2798,#16636);
#16636 = DEFINITIONAL_REPRESENTATION('',(#16637),#16641);
#16637 = LINE('',#16638,#16639);
#16638 = CARTESIAN_POINT('',(1.523484570763,0.));
#16639 = VECTOR('',#16640,1.);
#16640 = DIRECTION('',(0.,-1.));
#16641 = ( GEOMETRIC_REPRESENTATION_CONTEXT(2) 
PARAMETRIC_REPRESENTATION_CONTEXT() REPRESENTATION_CONTEXT('2D SPACE',''
  ) );
#16642 = PCURVE('',#2826,#16643);
#16643 = DEFINITIONAL_REPRESENTATION('',(#16644),#16648);
#16644 = LINE('',#16645,#16646);
#16645 = CARTESIAN_POINT('',(0.,0.));
#16646 = VECTOR('',#16647,1.);
#16647 = DIRECTION('',(0.,-1.));
#16648 = ( GEOMETRIC_REPRESENTATION_CONTEXT(2) 
PARAMETRIC_REPRESENTATION_CONTEXT() REPRESENTATION_CONTEXT('2D SPACE',''
  ) );
#16649 = ORIENTED_EDGE('',*,*,#2782,.F.);
#16650 = ADVANCED_FACE('',(#16651),#3974,.T.);
#16651 = FACE_BOUND('',#16652,.T.);
#16652 = EDGE_LOOP('',(#16653,#16674,#16675,#16676));
#16653 = ORIENTED_EDGE('',*,*,#16654,.T.);
#16654 = EDGE_CURVE('',#3931,#9642,#16655,.T.);
#16655 = SURFACE_CURVE('',#16656,(#16660,#16667),.PCURVE_S1.);
#16656 = LINE('',#16657,#16658);
#16657 = CARTESIAN_POINT('',(-4.349728043318,-12.73790801928,-4.));
#16658 = VECTOR('',#16659,1.);
#16659 = DIRECTION('',(0.,0.,1.));
#16660 = PCURVE('',#3974,#16661);
#16661 = DEFINITIONAL_REPRESENTATION('',(#16662),#16666);
#16662 = LINE('',#16663,#16664);
#16663 = CARTESIAN_POINT('',(0.,0.));
#16664 = VECTOR('',#16665,1.);
#16665 = DIRECTION('',(0.,-1.));
#16666 = ( GEOMETRIC_REPRESENTATION_CONTEXT(2) 
PARAMETRIC_REPRESENTATION_CONTEXT() REPRESENTATION_CONTEXT('2D SPACE',''
  ) );
#16667 = PCURVE('',#3946,#16668);
#16668 = DEFINITIONAL_REPRESENTATION('',(#16669),#16673);
#16669 = LINE('',#16670,#16671);
#16670 = CARTESIAN_POINT('',(0.564849389437,0.));
#16671 = VECTOR('',#16672,1.);
#16672 = DIRECTION('',(0.,-1.));
#16673 = ( GEOMETRIC_REPRESENTATION_CONTEXT(2) 
PARAMETRIC_REPRESENTATION_CONTEXT() REPRESENTATION_CONTEXT('2D SPACE',''
  ) );
#16674 = ORIENTED_EDGE('',*,*,#9664,.T.);
#16675 = ORIENTED_EDGE('',*,*,#16600,.F.);
#16676 = ORIENTED_EDGE('',*,*,#3958,.F.);
#16677 = ADVANCED_FACE('',(#16678),#2826,.T.);
#16678 = FACE_BOUND('',#16679,.T.);
#16679 = EDGE_LOOP('',(#16680,#16681,#16682,#16703));
#16680 = ORIENTED_EDGE('',*,*,#16629,.T.);
#16681 = ORIENTED_EDGE('',*,*,#8721,.T.);
#16682 = ORIENTED_EDGE('',*,*,#16683,.F.);
#16683 = EDGE_CURVE('',#2811,#8722,#16684,.T.);
#16684 = SURFACE_CURVE('',#16685,(#16689,#16696),.PCURVE_S1.);
#16685 = LINE('',#16686,#16687);
#16686 = CARTESIAN_POINT('',(9.45207554823,-10.3476640108,-4.));
#16687 = VECTOR('',#16688,1.);
#16688 = DIRECTION('',(0.,0.,1.));
#16689 = PCURVE('',#2826,#16690);
#16690 = DEFINITIONAL_REPRESENTATION('',(#16691),#16695);
#16691 = LINE('',#16692,#16693);
#16692 = CARTESIAN_POINT('',(0.564849389437,0.));
#16693 = VECTOR('',#16694,1.);
#16694 = DIRECTION('',(0.,-1.));
#16695 = ( GEOMETRIC_REPRESENTATION_CONTEXT(2) 
PARAMETRIC_REPRESENTATION_CONTEXT() REPRESENTATION_CONTEXT('2D SPACE',''
  ) );
#16696 = PCURVE('',#2854,#16697);
#16697 = DEFINITIONAL_REPRESENTATION('',(#16698),#16702);
#16698 = LINE('',#16699,#16700);
#16699 = CARTESIAN_POINT('',(0.,0.));
#16700 = VECTOR('',#16701,1.);
#16701 = DIRECTION('',(0.,-1.));
#16702 = ( GEOMETRIC_REPRESENTATION_CONTEXT(2) 
PARAMETRIC_REPRESENTATION_CONTEXT() REPRESENTATION_CONTEXT('2D SPACE',''
  ) );
#16703 = ORIENTED_EDGE('',*,*,#2810,.F.);
#16704 = ADVANCED_FACE('',(#16705),#3946,.T.);
#16705 = FACE_BOUND('',#16706,.T.);
#16706 = EDGE_LOOP('',(#16707,#16728,#16729,#16730));
#16707 = ORIENTED_EDGE('',*,*,#16708,.T.);
#16708 = EDGE_CURVE('',#3903,#9619,#16709,.T.);
#16709 = SURFACE_CURVE('',#16710,(#16714,#16721),.PCURVE_S1.);
#16710 = LINE('',#16711,#16712);
#16711 = CARTESIAN_POINT('',(-4.426126558948,-13.29756693287,-4.));
#16712 = VECTOR('',#16713,1.);
#16713 = DIRECTION('',(0.,0.,1.));
#16714 = PCURVE('',#3946,#16715);
#16715 = DEFINITIONAL_REPRESENTATION('',(#16716),#16720);
#16716 = LINE('',#16717,#16718);
#16717 = CARTESIAN_POINT('',(0.,0.));
#16718 = VECTOR('',#16719,1.);
#16719 = DIRECTION('',(0.,-1.));
#16720 = ( GEOMETRIC_REPRESENTATION_CONTEXT(2) 
PARAMETRIC_REPRESENTATION_CONTEXT() REPRESENTATION_CONTEXT('2D SPACE',''
  ) );
#16721 = PCURVE('',#3918,#16722);
#16722 = DEFINITIONAL_REPRESENTATION('',(#16723),#16727);
#16723 = LINE('',#16724,#16725);
#16724 = CARTESIAN_POINT('',(0.588659078772,0.));
#16725 = VECTOR('',#16726,1.);
#16726 = DIRECTION('',(0.,-1.));
#16727 = ( GEOMETRIC_REPRESENTATION_CONTEXT(2) 
PARAMETRIC_REPRESENTATION_CONTEXT() REPRESENTATION_CONTEXT('2D SPACE',''
  ) );
#16728 = ORIENTED_EDGE('',*,*,#9641,.T.);
#16729 = ORIENTED_EDGE('',*,*,#16654,.F.);
#16730 = ORIENTED_EDGE('',*,*,#3930,.F.);
#16731 = ADVANCED_FACE('',(#16732),#2854,.T.);
#16732 = FACE_BOUND('',#16733,.T.);
#16733 = EDGE_LOOP('',(#16734,#16735,#16736,#16757));
#16734 = ORIENTED_EDGE('',*,*,#16683,.T.);
#16735 = ORIENTED_EDGE('',*,*,#8744,.T.);
#16736 = ORIENTED_EDGE('',*,*,#16737,.F.);
#16737 = EDGE_CURVE('',#2839,#8745,#16738,.T.);
#16738 = SURFACE_CURVE('',#16739,(#16743,#16750),.PCURVE_S1.);
#16739 = LINE('',#16740,#16741);
#16740 = CARTESIAN_POINT('',(9.677026982821,-10.89164596188,-4.));
#16741 = VECTOR('',#16742,1.);
#16742 = DIRECTION('',(0.,0.,1.));
#16743 = PCURVE('',#2854,#16744);
#16744 = DEFINITIONAL_REPRESENTATION('',(#16745),#16749);
#16745 = LINE('',#16746,#16747);
#16746 = CARTESIAN_POINT('',(0.588659078772,0.));
#16747 = VECTOR('',#16748,1.);
#16748 = DIRECTION('',(0.,-1.));
#16749 = ( GEOMETRIC_REPRESENTATION_CONTEXT(2) 
PARAMETRIC_REPRESENTATION_CONTEXT() REPRESENTATION_CONTEXT('2D SPACE',''
  ) );
#16750 = PCURVE('',#2882,#16751);
#16751 = DEFINITIONAL_REPRESENTATION('',(#16752),#16756);
#16752 = LINE('',#16753,#16754);
#16753 = CARTESIAN_POINT('',(0.,0.));
#16754 = VECTOR('',#16755,1.);
#16755 = DIRECTION('',(0.,-1.));
#16756 = ( GEOMETRIC_REPRESENTATION_CONTEXT(2) 
PARAMETRIC_REPRESENTATION_CONTEXT() REPRESENTATION_CONTEXT('2D SPACE',''
  ) );
#16757 = ORIENTED_EDGE('',*,*,#2838,.F.);
#16758 = ADVANCED_FACE('',(#16759),#3918,.T.);
#16759 = FACE_BOUND('',#16760,.T.);
#16760 = EDGE_LOOP('',(#16761,#16782,#16783,#16784));
#16761 = ORIENTED_EDGE('',*,*,#16762,.T.);
#16762 = EDGE_CURVE('',#3875,#9596,#16763,.T.);
#16763 = SURFACE_CURVE('',#16764,(#16768,#16775),.PCURVE_S1.);
#16764 = LINE('',#16765,#16766);
#16765 = CARTESIAN_POINT('',(-4.410372527534,-13.88601516467,-4.));
#16766 = VECTOR('',#16767,1.);
#16767 = DIRECTION('',(0.,0.,1.));
#16768 = PCURVE('',#3918,#16769);
#16769 = DEFINITIONAL_REPRESENTATION('',(#16770),#16774);
#16770 = LINE('',#16771,#16772);
#16771 = CARTESIAN_POINT('',(0.,0.));
#16772 = VECTOR('',#16773,1.);
#16773 = DIRECTION('',(0.,-1.));
#16774 = ( GEOMETRIC_REPRESENTATION_CONTEXT(2) 
PARAMETRIC_REPRESENTATION_CONTEXT() REPRESENTATION_CONTEXT('2D SPACE',''
  ) );
#16775 = PCURVE('',#3890,#16776);
#16776 = DEFINITIONAL_REPRESENTATION('',(#16777),#16781);
#16777 = LINE('',#16778,#16779);
#16778 = CARTESIAN_POINT('',(0.61165241411,0.));
#16779 = VECTOR('',#16780,1.);
#16780 = DIRECTION('',(0.,-1.));
#16781 = ( GEOMETRIC_REPRESENTATION_CONTEXT(2) 
PARAMETRIC_REPRESENTATION_CONTEXT() REPRESENTATION_CONTEXT('2D SPACE',''
  ) );
#16782 = ORIENTED_EDGE('',*,*,#9618,.T.);
#16783 = ORIENTED_EDGE('',*,*,#16708,.F.);
#16784 = ORIENTED_EDGE('',*,*,#3902,.F.);
#16785 = ADVANCED_FACE('',(#16786),#2882,.T.);
#16786 = FACE_BOUND('',#16787,.T.);
#16787 = EDGE_LOOP('',(#16788,#16789,#16790,#16811));
#16788 = ORIENTED_EDGE('',*,*,#16737,.T.);
#16789 = ORIENTED_EDGE('',*,*,#8767,.T.);
#16790 = ORIENTED_EDGE('',*,*,#16791,.F.);
#16791 = EDGE_CURVE('',#2867,#8768,#16792,.T.);
#16792 = SURFACE_CURVE('',#16793,(#16797,#16804),.PCURVE_S1.);
#16793 = LINE('',#16794,#16795);
#16794 = CARTESIAN_POINT('',(9.847736009421,-11.47899347734,-4.));
#16795 = VECTOR('',#16796,1.);
#16796 = DIRECTION('',(0.,0.,1.));
#16797 = PCURVE('',#2882,#16798);
#16798 = DEFINITIONAL_REPRESENTATION('',(#16799),#16803);
#16799 = LINE('',#16800,#16801);
#16800 = CARTESIAN_POINT('',(0.61165241411,0.));
#16801 = VECTOR('',#16802,1.);
#16802 = DIRECTION('',(0.,-1.));
#16803 = ( GEOMETRIC_REPRESENTATION_CONTEXT(2) 
PARAMETRIC_REPRESENTATION_CONTEXT() REPRESENTATION_CONTEXT('2D SPACE',''
  ) );
#16804 = PCURVE('',#2910,#16805);
#16805 = DEFINITIONAL_REPRESENTATION('',(#16806),#16810);
#16806 = LINE('',#16807,#16808);
#16807 = CARTESIAN_POINT('',(0.,0.));
#16808 = VECTOR('',#16809,1.);
#16809 = DIRECTION('',(0.,-1.));
#16810 = ( GEOMETRIC_REPRESENTATION_CONTEXT(2) 
PARAMETRIC_REPRESENTATION_CONTEXT() REPRESENTATION_CONTEXT('2D SPACE',''
  ) );
#16811 = ORIENTED_EDGE('',*,*,#2866,.F.);
#16812 = ADVANCED_FACE('',(#16813),#3890,.T.);
#16813 = FACE_BOUND('',#16814,.T.);
#16814 = EDGE_LOOP('',(#16815,#16836,#16837,#16838));
#16815 = ORIENTED_EDGE('',*,*,#16816,.T.);
#16816 = EDGE_CURVE('',#3847,#9573,#16817,.T.);
#16817 = SURFACE_CURVE('',#16818,(#16822,#16829),.PCURVE_S1.);
#16818 = LINE('',#16819,#16820);
#16819 = CARTESIAN_POINT('',(-4.327427226604,-14.49201743591,-4.));
#16820 = VECTOR('',#16821,1.);
#16821 = DIRECTION('',(0.,0.,1.));
#16822 = PCURVE('',#3890,#16823);
#16823 = DEFINITIONAL_REPRESENTATION('',(#16824),#16828);
#16824 = LINE('',#16825,#16826);
#16825 = CARTESIAN_POINT('',(0.,0.));
#16826 = VECTOR('',#16827,1.);
#16827 = DIRECTION('',(0.,-1.));
#16828 = ( GEOMETRIC_REPRESENTATION_CONTEXT(2) 
PARAMETRIC_REPRESENTATION_CONTEXT() REPRESENTATION_CONTEXT('2D SPACE',''
  ) );
#16829 = PCURVE('',#3862,#16830);
#16830 = DEFINITIONAL_REPRESENTATION('',(#16831),#16835);
#16831 = LINE('',#16832,#16833);
#16832 = CARTESIAN_POINT('',(0.634569085755,0.));
#16833 = VECTOR('',#16834,1.);
#16834 = DIRECTION('',(0.,-1.));
#16835 = ( GEOMETRIC_REPRESENTATION_CONTEXT(2) 
PARAMETRIC_REPRESENTATION_CONTEXT() REPRESENTATION_CONTEXT('2D SPACE',''
  ) );
#16836 = ORIENTED_EDGE('',*,*,#9595,.T.);
#16837 = ORIENTED_EDGE('',*,*,#16762,.F.);
#16838 = ORIENTED_EDGE('',*,*,#3874,.F.);
#16839 = ADVANCED_FACE('',(#16840),#2910,.T.);
#16840 = FACE_BOUND('',#16841,.T.);
#16841 = EDGE_LOOP('',(#16842,#16843,#16844,#16865));
#16842 = ORIENTED_EDGE('',*,*,#16791,.T.);
#16843 = ORIENTED_EDGE('',*,*,#8790,.T.);
#16844 = ORIENTED_EDGE('',*,*,#16845,.F.);
#16845 = EDGE_CURVE('',#2895,#8791,#16846,.T.);
#16846 = SURFACE_CURVE('',#16847,(#16851,#16858),.PCURVE_S1.);
#16847 = LINE('',#16848,#16849);
#16848 = CARTESIAN_POINT('',(9.968795473884,-12.10190802257,-4.));
#16849 = VECTOR('',#16850,1.);
#16850 = DIRECTION('',(0.,0.,1.));
#16851 = PCURVE('',#2910,#16852);
#16852 = DEFINITIONAL_REPRESENTATION('',(#16853),#16857);
#16853 = LINE('',#16854,#16855);
#16854 = CARTESIAN_POINT('',(0.634569085755,0.));
#16855 = VECTOR('',#16856,1.);
#16856 = DIRECTION('',(0.,-1.));
#16857 = ( GEOMETRIC_REPRESENTATION_CONTEXT(2) 
PARAMETRIC_REPRESENTATION_CONTEXT() REPRESENTATION_CONTEXT('2D SPACE',''
  ) );
#16858 = PCURVE('',#2938,#16859);
#16859 = DEFINITIONAL_REPRESENTATION('',(#16860),#16864);
#16860 = LINE('',#16861,#16862);
#16861 = CARTESIAN_POINT('',(0.,0.));
#16862 = VECTOR('',#16863,1.);
#16863 = DIRECTION('',(0.,-1.));
#16864 = ( GEOMETRIC_REPRESENTATION_CONTEXT(2) 
PARAMETRIC_REPRESENTATION_CONTEXT() REPRESENTATION_CONTEXT('2D SPACE',''
  ) );
#16865 = ORIENTED_EDGE('',*,*,#2894,.F.);
#16866 = ADVANCED_FACE('',(#16867),#3862,.T.);
#16867 = FACE_BOUND('',#16868,.T.);
#16868 = EDGE_LOOP('',(#16869,#16890,#16891,#16892));
#16869 = ORIENTED_EDGE('',*,*,#16870,.T.);
#16870 = EDGE_CURVE('',#3819,#9550,#16871,.T.);
#16871 = SURFACE_CURVE('',#16872,(#16876,#16883),.PCURVE_S1.);
#16872 = LINE('',#16873,#16874);
#16873 = CARTESIAN_POINT('',(-4.184658379419,-15.11031750939,-4.));
#16874 = VECTOR('',#16875,1.);
#16875 = DIRECTION('',(0.,0.,1.));
#16876 = PCURVE('',#3862,#16877);
#16877 = DEFINITIONAL_REPRESENTATION('',(#16878),#16882);
#16878 = LINE('',#16879,#16880);
#16879 = CARTESIAN_POINT('',(0.,0.));
#16880 = VECTOR('',#16881,1.);
#16881 = DIRECTION('',(0.,-1.));
#16882 = ( GEOMETRIC_REPRESENTATION_CONTEXT(2) 
PARAMETRIC_REPRESENTATION_CONTEXT() REPRESENTATION_CONTEXT('2D SPACE',''
  ) );
#16883 = PCURVE('',#3834,#16884);
#16884 = DEFINITIONAL_REPRESENTATION('',(#16885),#16889);
#16885 = LINE('',#16886,#16887);
#16886 = CARTESIAN_POINT('',(0.657460972665,0.));
#16887 = VECTOR('',#16888,1.);
#16888 = DIRECTION('',(0.,-1.));
#16889 = ( GEOMETRIC_REPRESENTATION_CONTEXT(2) 
PARAMETRIC_REPRESENTATION_CONTEXT() REPRESENTATION_CONTEXT('2D SPACE',''
  ) );
#16890 = ORIENTED_EDGE('',*,*,#9572,.T.);
#16891 = ORIENTED_EDGE('',*,*,#16816,.F.);
#16892 = ORIENTED_EDGE('',*,*,#3846,.F.);
#16893 = ADVANCED_FACE('',(#16894),#2938,.T.);
#16894 = FACE_BOUND('',#16895,.T.);
#16895 = EDGE_LOOP('',(#16896,#16897,#16898,#16919));
#16896 = ORIENTED_EDGE('',*,*,#16845,.T.);
#16897 = ORIENTED_EDGE('',*,*,#8813,.T.);
#16898 = ORIENTED_EDGE('',*,*,#16899,.F.);
#16899 = EDGE_CURVE('',#2923,#8814,#16900,.T.);
#16900 = SURFACE_CURVE('',#16901,(#16905,#16912),.PCURVE_S1.);
#16901 = LINE('',#16902,#16903);
#16902 = CARTESIAN_POINT('',(10.041851731803,-12.75529742696,-4.));
#16903 = VECTOR('',#16904,1.);
#16904 = DIRECTION('',(0.,0.,1.));
#16905 = PCURVE('',#2938,#16906);
#16906 = DEFINITIONAL_REPRESENTATION('',(#16907),#16911);
#16907 = LINE('',#16908,#16909);
#16908 = CARTESIAN_POINT('',(0.657460972665,0.));
#16909 = VECTOR('',#16910,1.);
#16910 = DIRECTION('',(0.,-1.));
#16911 = ( GEOMETRIC_REPRESENTATION_CONTEXT(2) 
PARAMETRIC_REPRESENTATION_CONTEXT() REPRESENTATION_CONTEXT('2D SPACE',''
  ) );
#16912 = PCURVE('',#2966,#16913);
#16913 = DEFINITIONAL_REPRESENTATION('',(#16914),#16918);
#16914 = LINE('',#16915,#16916);
#16915 = CARTESIAN_POINT('',(0.,0.));
#16916 = VECTOR('',#16917,1.);
#16917 = DIRECTION('',(0.,-1.));
#16918 = ( GEOMETRIC_REPRESENTATION_CONTEXT(2) 
PARAMETRIC_REPRESENTATION_CONTEXT() REPRESENTATION_CONTEXT('2D SPACE',''
  ) );
#16919 = ORIENTED_EDGE('',*,*,#2922,.F.);
#16920 = ADVANCED_FACE('',(#16921),#3834,.T.);
#16921 = FACE_BOUND('',#16922,.T.);
#16922 = EDGE_LOOP('',(#16923,#16944,#16945,#16946));
#16923 = ORIENTED_EDGE('',*,*,#16924,.T.);
#16924 = EDGE_CURVE('',#3791,#9527,#16925,.T.);
#16925 = SURFACE_CURVE('',#16926,(#16930,#16937),.PCURVE_S1.);
#16926 = LINE('',#16927,#16928);
#16927 = CARTESIAN_POINT('',(-3.985641179034,-15.73693308893,-4.));
#16928 = VECTOR('',#16929,1.);
#16929 = DIRECTION('',(0.,0.,1.));
#16930 = PCURVE('',#3834,#16931);
#16931 = DEFINITIONAL_REPRESENTATION('',(#16932),#16936);
#16932 = LINE('',#16933,#16934);
#16933 = CARTESIAN_POINT('',(0.,0.));
#16934 = VECTOR('',#16935,1.);
#16935 = DIRECTION('',(0.,-1.));
#16936 = ( GEOMETRIC_REPRESENTATION_CONTEXT(2) 
PARAMETRIC_REPRESENTATION_CONTEXT() REPRESENTATION_CONTEXT('2D SPACE',''
  ) );
#16937 = PCURVE('',#3806,#16938);
#16938 = DEFINITIONAL_REPRESENTATION('',(#16939),#16943);
#16939 = LINE('',#16940,#16941);
#16940 = CARTESIAN_POINT('',(1.253305979702,0.));
#16941 = VECTOR('',#16942,1.);
#16942 = DIRECTION('',(0.,-1.));
#16943 = ( GEOMETRIC_REPRESENTATION_CONTEXT(2) 
PARAMETRIC_REPRESENTATION_CONTEXT() REPRESENTATION_CONTEXT('2D SPACE',''
  ) );
#16944 = ORIENTED_EDGE('',*,*,#9549,.T.);
#16945 = ORIENTED_EDGE('',*,*,#16870,.F.);
#16946 = ORIENTED_EDGE('',*,*,#3818,.F.);
#16947 = ADVANCED_FACE('',(#16948),#2966,.T.);
#16948 = FACE_BOUND('',#16949,.T.);
#16949 = EDGE_LOOP('',(#16950,#16951,#16952,#16973));
#16950 = ORIENTED_EDGE('',*,*,#16899,.T.);
#16951 = ORIENTED_EDGE('',*,*,#8836,.T.);
#16952 = ORIENTED_EDGE('',*,*,#16953,.F.);
#16953 = EDGE_CURVE('',#2951,#8837,#16954,.T.);
#16954 = SURFACE_CURVE('',#16955,(#16959,#16966),.PCURVE_S1.);
#16955 = LINE('',#16956,#16957);
#16956 = CARTESIAN_POINT('',(9.027905895072,-13.49197219843,-4.));
#16957 = VECTOR('',#16958,1.);
#16958 = DIRECTION('',(0.,0.,1.));
#16959 = PCURVE('',#2966,#16960);
#16960 = DEFINITIONAL_REPRESENTATION('',(#16961),#16965);
#16961 = LINE('',#16962,#16963);
#16962 = CARTESIAN_POINT('',(1.253305979702,0.));
#16963 = VECTOR('',#16964,1.);
#16964 = DIRECTION('',(0.,-1.));
#16965 = ( GEOMETRIC_REPRESENTATION_CONTEXT(2) 
PARAMETRIC_REPRESENTATION_CONTEXT() REPRESENTATION_CONTEXT('2D SPACE',''
  ) );
#16966 = PCURVE('',#2994,#16967);
#16967 = DEFINITIONAL_REPRESENTATION('',(#16968),#16972);
#16968 = LINE('',#16969,#16970);
#16969 = CARTESIAN_POINT('',(0.,0.));
#16970 = VECTOR('',#16971,1.);
#16971 = DIRECTION('',(0.,-1.));
#16972 = ( GEOMETRIC_REPRESENTATION_CONTEXT(2) 
PARAMETRIC_REPRESENTATION_CONTEXT() REPRESENTATION_CONTEXT('2D SPACE',''
  ) );
#16973 = ORIENTED_EDGE('',*,*,#2950,.F.);
#16974 = ADVANCED_FACE('',(#16975),#3806,.T.);
#16975 = FACE_BOUND('',#16976,.T.);
#16976 = EDGE_LOOP('',(#16977,#16998,#16999,#17000));
#16977 = ORIENTED_EDGE('',*,*,#16978,.T.);
#16978 = EDGE_CURVE('',#3763,#9504,#16979,.T.);
#16979 = SURFACE_CURVE('',#16980,(#16984,#16991),.PCURVE_S1.);
#16980 = LINE('',#16981,#16982);
#16981 = CARTESIAN_POINT('',(-2.759722942003,-15.99751005429,-4.));
#16982 = VECTOR('',#16983,1.);
#16983 = DIRECTION('',(0.,0.,1.));
#16984 = PCURVE('',#3806,#16985);
#16985 = DEFINITIONAL_REPRESENTATION('',(#16986),#16990);
#16986 = LINE('',#16987,#16988);
#16987 = CARTESIAN_POINT('',(0.,0.));
#16988 = VECTOR('',#16989,1.);
#16989 = DIRECTION('',(0.,-1.));
#16990 = ( GEOMETRIC_REPRESENTATION_CONTEXT(2) 
PARAMETRIC_REPRESENTATION_CONTEXT() REPRESENTATION_CONTEXT('2D SPACE',''
  ) );
#16991 = PCURVE('',#3778,#16992);
#16992 = DEFINITIONAL_REPRESENTATION('',(#16993),#16997);
#16993 = LINE('',#16994,#16995);
#16994 = CARTESIAN_POINT('',(0.657460972665,0.));
#16995 = VECTOR('',#16996,1.);
#16996 = DIRECTION('',(0.,-1.));
#16997 = ( GEOMETRIC_REPRESENTATION_CONTEXT(2) 
PARAMETRIC_REPRESENTATION_CONTEXT() REPRESENTATION_CONTEXT('2D SPACE',''
  ) );
#16998 = ORIENTED_EDGE('',*,*,#9526,.T.);
#16999 = ORIENTED_EDGE('',*,*,#16924,.F.);
#17000 = ORIENTED_EDGE('',*,*,#3790,.F.);
#17001 = ADVANCED_FACE('',(#17002),#2994,.T.);
#17002 = FACE_BOUND('',#17003,.T.);
#17003 = EDGE_LOOP('',(#17004,#17005,#17006,#17027));
#17004 = ORIENTED_EDGE('',*,*,#16953,.T.);
#17005 = ORIENTED_EDGE('',*,*,#8859,.T.);
#17006 = ORIENTED_EDGE('',*,*,#17007,.F.);
#17007 = EDGE_CURVE('',#2979,#8860,#17008,.T.);
#17008 = SURFACE_CURVE('',#17009,(#17013,#17020),.PCURVE_S1.);
#17009 = LINE('',#17010,#17011);
#17010 = CARTESIAN_POINT('',(8.429071269601,-13.22058313839,-4.));
#17011 = VECTOR('',#17012,1.);
#17012 = DIRECTION('',(0.,0.,1.));
#17013 = PCURVE('',#2994,#17014);
#17014 = DEFINITIONAL_REPRESENTATION('',(#17015),#17019);
#17015 = LINE('',#17016,#17017);
#17016 = CARTESIAN_POINT('',(0.657460972665,0.));
#17017 = VECTOR('',#17018,1.);
#17018 = DIRECTION('',(0.,-1.));
#17019 = ( GEOMETRIC_REPRESENTATION_CONTEXT(2) 
PARAMETRIC_REPRESENTATION_CONTEXT() REPRESENTATION_CONTEXT('2D SPACE',''
  ) );
#17020 = PCURVE('',#3022,#17021);
#17021 = DEFINITIONAL_REPRESENTATION('',(#17022),#17026);
#17022 = LINE('',#17023,#17024);
#17023 = CARTESIAN_POINT('',(0.,0.));
#17024 = VECTOR('',#17025,1.);
#17025 = DIRECTION('',(0.,-1.));
#17026 = ( GEOMETRIC_REPRESENTATION_CONTEXT(2) 
PARAMETRIC_REPRESENTATION_CONTEXT() REPRESENTATION_CONTEXT('2D SPACE',''
  ) );
#17027 = ORIENTED_EDGE('',*,*,#2978,.F.);
#17028 = ADVANCED_FACE('',(#17029),#3778,.T.);
#17029 = FACE_BOUND('',#17030,.T.);
#17030 = EDGE_LOOP('',(#17031,#17052,#17053,#17054));
#17031 = ORIENTED_EDGE('',*,*,#17032,.T.);
#17032 = EDGE_CURVE('',#3735,#9481,#17033,.T.);
#17033 = SURFACE_CURVE('',#17034,(#17038,#17045),.PCURVE_S1.);
#17034 = LINE('',#17035,#17036);
#17035 = CARTESIAN_POINT('',(-2.323044165276,-15.5060158259,-4.));
#17036 = VECTOR('',#17037,1.);
#17037 = DIRECTION('',(0.,0.,1.));
#17038 = PCURVE('',#3778,#17039);
#17039 = DEFINITIONAL_REPRESENTATION('',(#17040),#17044);
#17040 = LINE('',#17041,#17042);
#17041 = CARTESIAN_POINT('',(0.,0.));
#17042 = VECTOR('',#17043,1.);
#17043 = DIRECTION('',(0.,-1.));
#17044 = ( GEOMETRIC_REPRESENTATION_CONTEXT(2) 
PARAMETRIC_REPRESENTATION_CONTEXT() REPRESENTATION_CONTEXT('2D SPACE',''
  ) );
#17045 = PCURVE('',#3750,#17046);
#17046 = DEFINITIONAL_REPRESENTATION('',(#17047),#17051);
#17047 = LINE('',#17048,#17049);
#17048 = CARTESIAN_POINT('',(0.634569085755,0.));
#17049 = VECTOR('',#17050,1.);
#17050 = DIRECTION('',(0.,-1.));
#17051 = ( GEOMETRIC_REPRESENTATION_CONTEXT(2) 
PARAMETRIC_REPRESENTATION_CONTEXT() REPRESENTATION_CONTEXT('2D SPACE',''
  ) );
#17052 = ORIENTED_EDGE('',*,*,#9503,.T.);
#17053 = ORIENTED_EDGE('',*,*,#16978,.F.);
#17054 = ORIENTED_EDGE('',*,*,#3762,.F.);
#17055 = ADVANCED_FACE('',(#17056),#3022,.T.);
#17056 = FACE_BOUND('',#17057,.T.);
#17057 = EDGE_LOOP('',(#17058,#17059,#17060,#17081));
#17058 = ORIENTED_EDGE('',*,*,#17007,.T.);
#17059 = ORIENTED_EDGE('',*,*,#8882,.T.);
#17060 = ORIENTED_EDGE('',*,*,#17061,.F.);
#17061 = EDGE_CURVE('',#3007,#8883,#17062,.T.);
#17062 = SURFACE_CURVE('',#17063,(#17067,#17074),.PCURVE_S1.);
#17063 = LINE('',#17064,#17065);
#17064 = CARTESIAN_POINT('',(7.874053764113,-12.91295756533,-4.));
#17065 = VECTOR('',#17066,1.);
#17066 = DIRECTION('',(0.,0.,1.));
#17067 = PCURVE('',#3022,#17068);
#17068 = DEFINITIONAL_REPRESENTATION('',(#17069),#17073);
#17069 = LINE('',#17070,#17071);
#17070 = CARTESIAN_POINT('',(0.634569085755,0.));
#17071 = VECTOR('',#17072,1.);
#17072 = DIRECTION('',(0.,-1.));
#17073 = ( GEOMETRIC_REPRESENTATION_CONTEXT(2) 
PARAMETRIC_REPRESENTATION_CONTEXT() REPRESENTATION_CONTEXT('2D SPACE',''
  ) );
#17074 = PCURVE('',#3050,#17075);
#17075 = DEFINITIONAL_REPRESENTATION('',(#17076),#17080);
#17076 = LINE('',#17077,#17078);
#17077 = CARTESIAN_POINT('',(0.,0.));
#17078 = VECTOR('',#17079,1.);
#17079 = DIRECTION('',(0.,-1.));
#17080 = ( GEOMETRIC_REPRESENTATION_CONTEXT(2) 
PARAMETRIC_REPRESENTATION_CONTEXT() REPRESENTATION_CONTEXT('2D SPACE',''
  ) );
#17081 = ORIENTED_EDGE('',*,*,#3006,.F.);
#17082 = ADVANCED_FACE('',(#17083),#3750,.T.);
#17083 = FACE_BOUND('',#17084,.T.);
#17084 = EDGE_LOOP('',(#17085,#17106,#17107,#17108));
#17085 = ORIENTED_EDGE('',*,*,#17086,.T.);
#17086 = EDGE_CURVE('',#3707,#9458,#17087,.T.);
#17087 = SURFACE_CURVE('',#17088,(#17092,#17099),.PCURVE_S1.);
#17088 = LINE('',#17089,#17090);
#17089 = CARTESIAN_POINT('',(-1.941133037135,-14.99923992395,-4.));
#17090 = VECTOR('',#17091,1.);
#17091 = DIRECTION('',(0.,0.,1.));
#17092 = PCURVE('',#3750,#17093);
#17093 = DEFINITIONAL_REPRESENTATION('',(#17094),#17098);
#17094 = LINE('',#17095,#17096);
#17095 = CARTESIAN_POINT('',(0.,0.));
#17096 = VECTOR('',#17097,1.);
#17097 = DIRECTION('',(0.,-1.));
#17098 = ( GEOMETRIC_REPRESENTATION_CONTEXT(2) 
PARAMETRIC_REPRESENTATION_CONTEXT() REPRESENTATION_CONTEXT('2D SPACE',''
  ) );
#17099 = PCURVE('',#3722,#17100);
#17100 = DEFINITIONAL_REPRESENTATION('',(#17101),#17105);
#17101 = LINE('',#17102,#17103);
#17102 = CARTESIAN_POINT('',(0.61165241411,0.));
#17103 = VECTOR('',#17104,1.);
#17104 = DIRECTION('',(0.,-1.));
#17105 = ( GEOMETRIC_REPRESENTATION_CONTEXT(2) 
PARAMETRIC_REPRESENTATION_CONTEXT() REPRESENTATION_CONTEXT('2D SPACE',''
  ) );
#17106 = ORIENTED_EDGE('',*,*,#9480,.T.);
#17107 = ORIENTED_EDGE('',*,*,#17032,.F.);
#17108 = ORIENTED_EDGE('',*,*,#3734,.F.);
#17109 = ADVANCED_FACE('',(#17110),#3050,.T.);
#17110 = FACE_BOUND('',#17111,.T.);
#17111 = EDGE_LOOP('',(#17112,#17113,#17114,#17135));
#17112 = ORIENTED_EDGE('',*,*,#17061,.T.);
#17113 = ORIENTED_EDGE('',*,*,#8905,.T.);
#17114 = ORIENTED_EDGE('',*,*,#17115,.F.);
#17115 = EDGE_CURVE('',#3035,#8906,#17116,.T.);
#17116 = SURFACE_CURVE('',#17117,(#17121,#17128),.PCURVE_S1.);
#17117 = LINE('',#17118,#17119);
#17118 = CARTESIAN_POINT('',(7.368205072512,-12.56910326931,-4.));
#17119 = VECTOR('',#17120,1.);
#17120 = DIRECTION('',(0.,0.,1.));
#17121 = PCURVE('',#3050,#17122);
#17122 = DEFINITIONAL_REPRESENTATION('',(#17123),#17127);
#17123 = LINE('',#17124,#17125);
#17124 = CARTESIAN_POINT('',(0.61165241411,0.));
#17125 = VECTOR('',#17126,1.);
#17126 = DIRECTION('',(0.,-1.));
#17127 = ( GEOMETRIC_REPRESENTATION_CONTEXT(2) 
PARAMETRIC_REPRESENTATION_CONTEXT() REPRESENTATION_CONTEXT('2D SPACE',''
  ) );
#17128 = PCURVE('',#3078,#17129);
#17129 = DEFINITIONAL_REPRESENTATION('',(#17130),#17134);
#17130 = LINE('',#17131,#17132);
#17131 = CARTESIAN_POINT('',(0.,0.));
#17132 = VECTOR('',#17133,1.);
#17133 = DIRECTION('',(0.,-1.));
#17134 = ( GEOMETRIC_REPRESENTATION_CONTEXT(2) 
PARAMETRIC_REPRESENTATION_CONTEXT() REPRESENTATION_CONTEXT('2D SPACE',''
  ) );
#17135 = ORIENTED_EDGE('',*,*,#3034,.F.);
#17136 = ADVANCED_FACE('',(#17137),#3722,.T.);
#17137 = FACE_BOUND('',#17138,.T.);
#17138 = EDGE_LOOP('',(#17139,#17160,#17161,#17162));
#17139 = ORIENTED_EDGE('',*,*,#17140,.T.);
#17140 = EDGE_CURVE('',#3679,#9435,#17141,.T.);
#17141 = SURFACE_CURVE('',#17142,(#17146,#17153),.PCURVE_S1.);
#17142 = LINE('',#17143,#17144);
#17143 = CARTESIAN_POINT('',(-1.618875404739,-14.479366195,-4.));
#17144 = VECTOR('',#17145,1.);
#17145 = DIRECTION('',(0.,0.,1.));
#17146 = PCURVE('',#3722,#17147);
#17147 = DEFINITIONAL_REPRESENTATION('',(#17148),#17152);
#17148 = LINE('',#17149,#17150);
#17149 = CARTESIAN_POINT('',(0.,0.));
#17150 = VECTOR('',#17151,1.);
#17151 = DIRECTION('',(0.,-1.));
#17152 = ( GEOMETRIC_REPRESENTATION_CONTEXT(2) 
PARAMETRIC_REPRESENTATION_CONTEXT() REPRESENTATION_CONTEXT('2D SPACE',''
  ) );
#17153 = PCURVE('',#3694,#17154);
#17154 = DEFINITIONAL_REPRESENTATION('',(#17155),#17159);
#17155 = LINE('',#17156,#17157);
#17156 = CARTESIAN_POINT('',(0.588659078772,0.));
#17157 = VECTOR('',#17158,1.);
#17158 = DIRECTION('',(0.,-1.));
#17159 = ( GEOMETRIC_REPRESENTATION_CONTEXT(2) 
PARAMETRIC_REPRESENTATION_CONTEXT() REPRESENTATION_CONTEXT('2D SPACE',''
  ) );
#17160 = ORIENTED_EDGE('',*,*,#9457,.T.);
#17161 = ORIENTED_EDGE('',*,*,#17086,.F.);
#17162 = ORIENTED_EDGE('',*,*,#3706,.F.);
#17163 = ADVANCED_FACE('',(#17164),#3078,.T.);
#17164 = FACE_BOUND('',#17165,.T.);
#17165 = EDGE_LOOP('',(#17166,#17167,#17168,#17189));
#17166 = ORIENTED_EDGE('',*,*,#17115,.T.);
#17167 = ORIENTED_EDGE('',*,*,#8928,.T.);
#17168 = ORIENTED_EDGE('',*,*,#17169,.F.);
#17169 = EDGE_CURVE('',#3063,#8929,#17170,.T.);
#17170 = SURFACE_CURVE('',#17171,(#17175,#17182),.PCURVE_S1.);
#17171 = LINE('',#17172,#17173);
#17172 = CARTESIAN_POINT('',(6.920361309392,-12.18706207408,-4.));
#17173 = VECTOR('',#17174,1.);
#17174 = DIRECTION('',(0.,0.,1.));
#17175 = PCURVE('',#3078,#17176);
#17176 = DEFINITIONAL_REPRESENTATION('',(#17177),#17181);
#17177 = LINE('',#17178,#17179);
#17178 = CARTESIAN_POINT('',(0.588659078772,0.));
#17179 = VECTOR('',#17180,1.);
#17180 = DIRECTION('',(0.,-1.));
#17181 = ( GEOMETRIC_REPRESENTATION_CONTEXT(2) 
PARAMETRIC_REPRESENTATION_CONTEXT() REPRESENTATION_CONTEXT('2D SPACE',''
  ) );
#17182 = PCURVE('',#3106,#17183);
#17183 = DEFINITIONAL_REPRESENTATION('',(#17184),#17188);
#17184 = LINE('',#17185,#17186);
#17185 = CARTESIAN_POINT('',(0.,0.));
#17186 = VECTOR('',#17187,1.);
#17187 = DIRECTION('',(0.,-1.));
#17188 = ( GEOMETRIC_REPRESENTATION_CONTEXT(2) 
PARAMETRIC_REPRESENTATION_CONTEXT() REPRESENTATION_CONTEXT('2D SPACE',''
  ) );
#17189 = ORIENTED_EDGE('',*,*,#3062,.F.);
#17190 = ADVANCED_FACE('',(#17191),#3694,.T.);
#17191 = FACE_BOUND('',#17192,.T.);
#17192 = EDGE_LOOP('',(#17193,#17214,#17215,#17216));
#17193 = ORIENTED_EDGE('',*,*,#17194,.T.);
#17194 = EDGE_CURVE('',#3651,#9412,#17195,.T.);
#17195 = SURFACE_CURVE('',#17196,(#17200,#17207),.PCURVE_S1.);
#17196 = LINE('',#17197,#17198);
#17197 = CARTESIAN_POINT('',(-1.365139922473,-13.94819972763,-4.));
#17198 = VECTOR('',#17199,1.);
#17199 = DIRECTION('',(0.,0.,1.));
#17200 = PCURVE('',#3694,#17201);
#17201 = DEFINITIONAL_REPRESENTATION('',(#17202),#17206);
#17202 = LINE('',#17203,#17204);
#17203 = CARTESIAN_POINT('',(0.,0.));
#17204 = VECTOR('',#17205,1.);
#17205 = DIRECTION('',(0.,-1.));
#17206 = ( GEOMETRIC_REPRESENTATION_CONTEXT(2) 
PARAMETRIC_REPRESENTATION_CONTEXT() REPRESENTATION_CONTEXT('2D SPACE',''
  ) );
#17207 = PCURVE('',#3666,#17208);
#17208 = DEFINITIONAL_REPRESENTATION('',(#17209),#17213);
#17209 = LINE('',#17210,#17211);
#17210 = CARTESIAN_POINT('',(0.564849389437,0.));
#17211 = VECTOR('',#17212,1.);
#17212 = DIRECTION('',(0.,-1.));
#17213 = ( GEOMETRIC_REPRESENTATION_CONTEXT(2) 
PARAMETRIC_REPRESENTATION_CONTEXT() REPRESENTATION_CONTEXT('2D SPACE',''
  ) );
#17214 = ORIENTED_EDGE('',*,*,#9434,.T.);
#17215 = ORIENTED_EDGE('',*,*,#17140,.F.);
#17216 = ORIENTED_EDGE('',*,*,#3678,.F.);
#17217 = ADVANCED_FACE('',(#17218),#3106,.T.);
#17218 = FACE_BOUND('',#17219,.T.);
#17219 = EDGE_LOOP('',(#17220,#17221,#17222,#17243));
#17220 = ORIENTED_EDGE('',*,*,#17169,.T.);
#17221 = ORIENTED_EDGE('',*,*,#8951,.T.);
#17222 = ORIENTED_EDGE('',*,*,#17223,.F.);
#17223 = EDGE_CURVE('',#3091,#8952,#17224,.T.);
#17224 = SURFACE_CURVE('',#17225,(#17229,#17236),.PCURVE_S1.);
#17225 = LINE('',#17226,#17227);
#17226 = CARTESIAN_POINT('',(6.555574268816,-11.75580200431,-4.));
#17227 = VECTOR('',#17228,1.);
#17228 = DIRECTION('',(0.,0.,1.));
#17229 = PCURVE('',#3106,#17230);
#17230 = DEFINITIONAL_REPRESENTATION('',(#17231),#17235);
#17231 = LINE('',#17232,#17233);
#17232 = CARTESIAN_POINT('',(0.564849389437,0.));
#17233 = VECTOR('',#17234,1.);
#17234 = DIRECTION('',(0.,-1.));
#17235 = ( GEOMETRIC_REPRESENTATION_CONTEXT(2) 
PARAMETRIC_REPRESENTATION_CONTEXT() REPRESENTATION_CONTEXT('2D SPACE',''
  ) );
#17236 = PCURVE('',#3134,#17237);
#17237 = DEFINITIONAL_REPRESENTATION('',(#17238),#17242);
#17238 = LINE('',#17239,#17240);
#17239 = CARTESIAN_POINT('',(0.,0.));
#17240 = VECTOR('',#17241,1.);
#17241 = DIRECTION('',(0.,-1.));
#17242 = ( GEOMETRIC_REPRESENTATION_CONTEXT(2) 
PARAMETRIC_REPRESENTATION_CONTEXT() REPRESENTATION_CONTEXT('2D SPACE',''
  ) );
#17243 = ORIENTED_EDGE('',*,*,#3090,.F.);
#17244 = ADVANCED_FACE('',(#17245),#3666,.T.);
#17245 = FACE_BOUND('',#17246,.T.);
#17246 = EDGE_LOOP('',(#17247,#17268,#17269,#17270));
#17247 = ORIENTED_EDGE('',*,*,#17248,.T.);
#17248 = EDGE_CURVE('',#3623,#9389,#17249,.T.);
#17249 = SURFACE_CURVE('',#17250,(#17254,#17261),.PCURVE_S1.);
#17250 = LINE('',#17251,#17252);
#17251 = CARTESIAN_POINT('',(-1.207299651618,-13.40585179351,-4.));
#17252 = VECTOR('',#17253,1.);
#17253 = DIRECTION('',(0.,0.,1.));
#17254 = PCURVE('',#3666,#17255);
#17255 = DEFINITIONAL_REPRESENTATION('',(#17256),#17260);
#17256 = LINE('',#17257,#17258);
#17257 = CARTESIAN_POINT('',(0.,0.));
#17258 = VECTOR('',#17259,1.);
#17259 = DIRECTION('',(0.,-1.));
#17260 = ( GEOMETRIC_REPRESENTATION_CONTEXT(2) 
PARAMETRIC_REPRESENTATION_CONTEXT() REPRESENTATION_CONTEXT('2D SPACE',''
  ) );
#17261 = PCURVE('',#3638,#17262);
#17262 = DEFINITIONAL_REPRESENTATION('',(#17263),#17267);
#17263 = LINE('',#17264,#17265);
#17264 = CARTESIAN_POINT('',(1.523484570763,0.));
#17265 = VECTOR('',#17266,1.);
#17266 = DIRECTION('',(0.,-1.));
#17267 = ( GEOMETRIC_REPRESENTATION_CONTEXT(2) 
PARAMETRIC_REPRESENTATION_CONTEXT() REPRESENTATION_CONTEXT('2D SPACE',''
  ) );
#17268 = ORIENTED_EDGE('',*,*,#9411,.T.);
#17269 = ORIENTED_EDGE('',*,*,#17194,.F.);
#17270 = ORIENTED_EDGE('',*,*,#3650,.F.);
#17271 = ADVANCED_FACE('',(#17272),#3134,.T.);
#17272 = FACE_BOUND('',#17273,.T.);
#17273 = EDGE_LOOP('',(#17274,#17275,#17276,#17297));
#17274 = ORIENTED_EDGE('',*,*,#17223,.T.);
#17275 = ORIENTED_EDGE('',*,*,#8974,.T.);
#17276 = ORIENTED_EDGE('',*,*,#17277,.F.);
#17277 = EDGE_CURVE('',#3119,#8975,#17278,.T.);
#17278 = SURFACE_CURVE('',#17279,(#17283,#17290),.PCURVE_S1.);
#17279 = LINE('',#17280,#17281);
#17280 = CARTESIAN_POINT('',(5.813580352241,-10.42521932551,-4.));
#17281 = VECTOR('',#17282,1.);
#17282 = DIRECTION('',(0.,0.,1.));
#17283 = PCURVE('',#3134,#17284);
#17284 = DEFINITIONAL_REPRESENTATION('',(#17285),#17289);
#17285 = LINE('',#17286,#17287);
#17286 = CARTESIAN_POINT('',(1.523484570763,0.));
#17287 = VECTOR('',#17288,1.);
#17288 = DIRECTION('',(0.,-1.));
#17289 = ( GEOMETRIC_REPRESENTATION_CONTEXT(2) 
PARAMETRIC_REPRESENTATION_CONTEXT() REPRESENTATION_CONTEXT('2D SPACE',''
  ) );
#17290 = PCURVE('',#3162,#17291);
#17291 = DEFINITIONAL_REPRESENTATION('',(#17292),#17296);
#17292 = LINE('',#17293,#17294);
#17293 = CARTESIAN_POINT('',(0.,0.));
#17294 = VECTOR('',#17295,1.);
#17295 = DIRECTION('',(0.,-1.));
#17296 = ( GEOMETRIC_REPRESENTATION_CONTEXT(2) 
PARAMETRIC_REPRESENTATION_CONTEXT() REPRESENTATION_CONTEXT('2D SPACE',''
  ) );
#17297 = ORIENTED_EDGE('',*,*,#3118,.F.);
#17298 = ADVANCED_FACE('',(#17299),#3638,.T.);
#17299 = FACE_BOUND('',#17300,.T.);
#17300 = EDGE_LOOP('',(#17301,#17322,#17323,#17324));
#17301 = ORIENTED_EDGE('',*,*,#17302,.T.);
#17302 = EDGE_CURVE('',#3595,#9366,#17303,.T.);
#17303 = SURFACE_CURVE('',#17304,(#17308,#17315),.PCURVE_S1.);
#17304 = LINE('',#17305,#17306);
#17305 = CARTESIAN_POINT('',(-1.070651211642,-11.88850791647,-4.));
#17306 = VECTOR('',#17307,1.);
#17307 = DIRECTION('',(0.,0.,1.));
#17308 = PCURVE('',#3638,#17309);
#17309 = DEFINITIONAL_REPRESENTATION('',(#17310),#17314);
#17310 = LINE('',#17311,#17312);
#17311 = CARTESIAN_POINT('',(0.,0.));
#17312 = VECTOR('',#17313,1.);
#17313 = DIRECTION('',(0.,-1.));
#17314 = ( GEOMETRIC_REPRESENTATION_CONTEXT(2) 
PARAMETRIC_REPRESENTATION_CONTEXT() REPRESENTATION_CONTEXT('2D SPACE',''
  ) );
#17315 = PCURVE('',#3610,#17316);
#17316 = DEFINITIONAL_REPRESENTATION('',(#17317),#17321);
#17317 = LINE('',#17318,#17319);
#17318 = CARTESIAN_POINT('',(1.071731710829,0.));
#17319 = VECTOR('',#17320,1.);
#17320 = DIRECTION('',(0.,-1.));
#17321 = ( GEOMETRIC_REPRESENTATION_CONTEXT(2) 
PARAMETRIC_REPRESENTATION_CONTEXT() REPRESENTATION_CONTEXT('2D SPACE',''
  ) );
#17322 = ORIENTED_EDGE('',*,*,#9388,.T.);
#17323 = ORIENTED_EDGE('',*,*,#17248,.F.);
#17324 = ORIENTED_EDGE('',*,*,#3622,.F.);
#17325 = ADVANCED_FACE('',(#17326),#3162,.T.);
#17326 = FACE_BOUND('',#17327,.T.);
#17327 = EDGE_LOOP('',(#17328,#17329,#17330,#17351));
#17328 = ORIENTED_EDGE('',*,*,#17277,.T.);
#17329 = ORIENTED_EDGE('',*,*,#8997,.T.);
#17330 = ORIENTED_EDGE('',*,*,#17331,.F.);
#17331 = EDGE_CURVE('',#3147,#8998,#17332,.T.);
#17332 = SURFACE_CURVE('',#17333,(#17337,#17344),.PCURVE_S1.);
#17333 = LINE('',#17334,#17335);
#17334 = CARTESIAN_POINT('',(4.855061046159,-10.90464564922,-4.));
#17335 = VECTOR('',#17336,1.);
#17336 = DIRECTION('',(0.,0.,1.));
#17337 = PCURVE('',#3162,#17338);
#17338 = DEFINITIONAL_REPRESENTATION('',(#17339),#17343);
#17339 = LINE('',#17340,#17341);
#17340 = CARTESIAN_POINT('',(1.071731710829,0.));
#17341 = VECTOR('',#17342,1.);
#17342 = DIRECTION('',(0.,-1.));
#17343 = ( GEOMETRIC_REPRESENTATION_CONTEXT(2) 
PARAMETRIC_REPRESENTATION_CONTEXT() REPRESENTATION_CONTEXT('2D SPACE',''
  ) );
#17344 = PCURVE('',#3190,#17345);
#17345 = DEFINITIONAL_REPRESENTATION('',(#17346),#17350);
#17346 = LINE('',#17347,#17348);
#17347 = CARTESIAN_POINT('',(0.,0.));
#17348 = VECTOR('',#17349,1.);
#17349 = DIRECTION('',(0.,-1.));
#17350 = ( GEOMETRIC_REPRESENTATION_CONTEXT(2) 
PARAMETRIC_REPRESENTATION_CONTEXT() REPRESENTATION_CONTEXT('2D SPACE',''
  ) );
#17351 = ORIENTED_EDGE('',*,*,#3146,.F.);
#17352 = ADVANCED_FACE('',(#17353),#3610,.T.);
#17353 = FACE_BOUND('',#17354,.T.);
#17354 = EDGE_LOOP('',(#17355,#17376,#17377,#17378));
#17355 = ORIENTED_EDGE('',*,*,#17356,.T.);
#17356 = EDGE_CURVE('',#3567,#9343,#17357,.T.);
#17357 = SURFACE_CURVE('',#17358,(#17362,#17369),.PCURVE_S1.);
#17358 = LINE('',#17359,#17360);
#17359 = CARTESIAN_POINT('',(1.461814437195E-15,-11.93662073189,-4.));
#17360 = VECTOR('',#17361,1.);
#17361 = DIRECTION('',(0.,0.,1.));
#17362 = PCURVE('',#3610,#17363);
#17363 = DEFINITIONAL_REPRESENTATION('',(#17364),#17368);
#17364 = LINE('',#17365,#17366);
#17365 = CARTESIAN_POINT('',(0.,0.));
#17366 = VECTOR('',#17367,1.);
#17367 = DIRECTION('',(0.,-1.));
#17368 = ( GEOMETRIC_REPRESENTATION_CONTEXT(2) 
PARAMETRIC_REPRESENTATION_CONTEXT() REPRESENTATION_CONTEXT('2D SPACE',''
  ) );
#17369 = PCURVE('',#3582,#17370);
#17370 = DEFINITIONAL_REPRESENTATION('',(#17371),#17375);
#17371 = LINE('',#17372,#17373);
#17372 = CARTESIAN_POINT('',(1.071731710829,0.));
#17373 = VECTOR('',#17374,1.);
#17374 = DIRECTION('',(0.,-1.));
#17375 = ( GEOMETRIC_REPRESENTATION_CONTEXT(2) 
PARAMETRIC_REPRESENTATION_CONTEXT() REPRESENTATION_CONTEXT('2D SPACE',''
  ) );
#17376 = ORIENTED_EDGE('',*,*,#9365,.T.);
#17377 = ORIENTED_EDGE('',*,*,#17302,.F.);
#17378 = ORIENTED_EDGE('',*,*,#3594,.F.);
#17379 = ADVANCED_FACE('',(#17380),#3190,.T.);
#17380 = FACE_BOUND('',#17381,.T.);
#17381 = EDGE_LOOP('',(#17382,#17383,#17384,#17405));
#17382 = ORIENTED_EDGE('',*,*,#17331,.T.);
#17383 = ORIENTED_EDGE('',*,*,#9020,.T.);
#17384 = ORIENTED_EDGE('',*,*,#17385,.F.);
#17385 = EDGE_CURVE('',#3175,#9021,#17386,.T.);
#17386 = SURFACE_CURVE('',#17387,(#17391,#17398),.PCURVE_S1.);
#17387 = LINE('',#17388,#17389);
#17388 = CARTESIAN_POINT('',(3.857403250012,-11.29616548497,-4.));
#17389 = VECTOR('',#17390,1.);
#17390 = DIRECTION('',(0.,0.,1.));
#17391 = PCURVE('',#3190,#17392);
#17392 = DEFINITIONAL_REPRESENTATION('',(#17393),#17397);
#17393 = LINE('',#17394,#17395);
#17394 = CARTESIAN_POINT('',(1.071731710829,0.));
#17395 = VECTOR('',#17396,1.);
#17396 = DIRECTION('',(0.,-1.));
#17397 = ( GEOMETRIC_REPRESENTATION_CONTEXT(2) 
PARAMETRIC_REPRESENTATION_CONTEXT() REPRESENTATION_CONTEXT('2D SPACE',''
  ) );
#17398 = PCURVE('',#3218,#17399);
#17399 = DEFINITIONAL_REPRESENTATION('',(#17400),#17404);
#17400 = LINE('',#17401,#17402);
#17401 = CARTESIAN_POINT('',(0.,0.));
#17402 = VECTOR('',#17403,1.);
#17403 = DIRECTION('',(0.,-1.));
#17404 = ( GEOMETRIC_REPRESENTATION_CONTEXT(2) 
PARAMETRIC_REPRESENTATION_CONTEXT() REPRESENTATION_CONTEXT('2D SPACE',''
  ) );
#17405 = ORIENTED_EDGE('',*,*,#3174,.F.);
#17406 = ADVANCED_FACE('',(#17407),#3582,.T.);
#17407 = FACE_BOUND('',#17408,.T.);
#17408 = EDGE_LOOP('',(#17409,#17430,#17431,#17432));
#17409 = ORIENTED_EDGE('',*,*,#17410,.T.);
#17410 = EDGE_CURVE('',#3539,#9320,#17411,.T.);
#17411 = SURFACE_CURVE('',#17412,(#17416,#17423),.PCURVE_S1.);
#17412 = LINE('',#17413,#17414);
#17413 = CARTESIAN_POINT('',(1.070651211642,-11.88850791647,-4.));
#17414 = VECTOR('',#17415,1.);
#17415 = DIRECTION('',(0.,0.,1.));
#17416 = PCURVE('',#3582,#17417);
#17417 = DEFINITIONAL_REPRESENTATION('',(#17418),#17422);
#17418 = LINE('',#17419,#17420);
#17419 = CARTESIAN_POINT('',(0.,0.));
#17420 = VECTOR('',#17421,1.);
#17421 = DIRECTION('',(0.,-1.));
#17422 = ( GEOMETRIC_REPRESENTATION_CONTEXT(2) 
PARAMETRIC_REPRESENTATION_CONTEXT() REPRESENTATION_CONTEXT('2D SPACE',''
  ) );
#17423 = PCURVE('',#3554,#17424);
#17424 = DEFINITIONAL_REPRESENTATION('',(#17425),#17429);
#17425 = LINE('',#17426,#17427);
#17426 = CARTESIAN_POINT('',(1.523484570763,0.));
#17427 = VECTOR('',#17428,1.);
#17428 = DIRECTION('',(0.,-1.));
#17429 = ( GEOMETRIC_REPRESENTATION_CONTEXT(2) 
PARAMETRIC_REPRESENTATION_CONTEXT() REPRESENTATION_CONTEXT('2D SPACE',''
  ) );
#17430 = ORIENTED_EDGE('',*,*,#9342,.T.);
#17431 = ORIENTED_EDGE('',*,*,#17356,.F.);
#17432 = ORIENTED_EDGE('',*,*,#3566,.F.);
#17433 = ADVANCED_FACE('',(#17434),#3218,.T.);
#17434 = FACE_BOUND('',#17435,.T.);
#17435 = EDGE_LOOP('',(#17436,#17437,#17438,#17459));
#17436 = ORIENTED_EDGE('',*,*,#17385,.T.);
#17437 = ORIENTED_EDGE('',*,*,#9043,.T.);
#17438 = ORIENTED_EDGE('',*,*,#17439,.F.);
#17439 = EDGE_CURVE('',#3203,#9044,#17440,.T.);
#17440 = SURFACE_CURVE('',#17441,(#17445,#17452),.PCURVE_S1.);
#17441 = LINE('',#17442,#17443);
#17442 = CARTESIAN_POINT('',(4.349728043318,-12.73790801928,-4.));
#17443 = VECTOR('',#17444,1.);
#17444 = DIRECTION('',(0.,0.,1.));
#17445 = PCURVE('',#3218,#17446);
#17446 = DEFINITIONAL_REPRESENTATION('',(#17447),#17451);
#17447 = LINE('',#17448,#17449);
#17448 = CARTESIAN_POINT('',(1.523484570763,0.));
#17449 = VECTOR('',#17450,1.);
#17450 = DIRECTION('',(0.,-1.));
#17451 = ( GEOMETRIC_REPRESENTATION_CONTEXT(2) 
PARAMETRIC_REPRESENTATION_CONTEXT() REPRESENTATION_CONTEXT('2D SPACE',''
  ) );
#17452 = PCURVE('',#3246,#17453);
#17453 = DEFINITIONAL_REPRESENTATION('',(#17454),#17458);
#17454 = LINE('',#17455,#17456);
#17455 = CARTESIAN_POINT('',(0.,0.));
#17456 = VECTOR('',#17457,1.);
#17457 = DIRECTION('',(0.,-1.));
#17458 = ( GEOMETRIC_REPRESENTATION_CONTEXT(2) 
PARAMETRIC_REPRESENTATION_CONTEXT() REPRESENTATION_CONTEXT('2D SPACE',''
  ) );
#17459 = ORIENTED_EDGE('',*,*,#3202,.F.);
#17460 = ADVANCED_FACE('',(#17461),#3554,.T.);
#17461 = FACE_BOUND('',#17462,.T.);
#17462 = EDGE_LOOP('',(#17463,#17484,#17485,#17486));
#17463 = ORIENTED_EDGE('',*,*,#17464,.T.);
#17464 = EDGE_CURVE('',#3511,#9297,#17465,.T.);
#17465 = SURFACE_CURVE('',#17466,(#17470,#17477),.PCURVE_S1.);
#17466 = LINE('',#17467,#17468);
#17467 = CARTESIAN_POINT('',(1.207299651618,-13.40585179351,-4.));
#17468 = VECTOR('',#17469,1.);
#17469 = DIRECTION('',(0.,0.,1.));
#17470 = PCURVE('',#3554,#17471);
#17471 = DEFINITIONAL_REPRESENTATION('',(#17472),#17476);
#17472 = LINE('',#17473,#17474);
#17473 = CARTESIAN_POINT('',(0.,0.));
#17474 = VECTOR('',#17475,1.);
#17475 = DIRECTION('',(0.,-1.));
#17476 = ( GEOMETRIC_REPRESENTATION_CONTEXT(2) 
PARAMETRIC_REPRESENTATION_CONTEXT() REPRESENTATION_CONTEXT('2D SPACE',''
  ) );
#17477 = PCURVE('',#3526,#17478);
#17478 = DEFINITIONAL_REPRESENTATION('',(#17479),#17483);
#17479 = LINE('',#17480,#17481);
#17480 = CARTESIAN_POINT('',(0.564849389437,0.));
#17481 = VECTOR('',#17482,1.);
#17482 = DIRECTION('',(0.,-1.));
#17483 = ( GEOMETRIC_REPRESENTATION_CONTEXT(2) 
PARAMETRIC_REPRESENTATION_CONTEXT() REPRESENTATION_CONTEXT('2D SPACE',''
  ) );
#17484 = ORIENTED_EDGE('',*,*,#9319,.T.);
#17485 = ORIENTED_EDGE('',*,*,#17410,.F.);
#17486 = ORIENTED_EDGE('',*,*,#3538,.F.);
#17487 = ADVANCED_FACE('',(#17488),#3246,.T.);
#17488 = FACE_BOUND('',#17489,.T.);
#17489 = EDGE_LOOP('',(#17490,#17491,#17492,#17513));
#17490 = ORIENTED_EDGE('',*,*,#17439,.T.);
#17491 = ORIENTED_EDGE('',*,*,#9066,.T.);
#17492 = ORIENTED_EDGE('',*,*,#17493,.F.);
#17493 = EDGE_CURVE('',#3231,#9067,#17494,.T.);
#17494 = SURFACE_CURVE('',#17495,(#17499,#17506),.PCURVE_S1.);
#17495 = LINE('',#17496,#17497);
#17496 = CARTESIAN_POINT('',(4.426126558948,-13.29756693287,-4.));
#17497 = VECTOR('',#17498,1.);
#17498 = DIRECTION('',(0.,0.,1.));
#17499 = PCURVE('',#3246,#17500);
#17500 = DEFINITIONAL_REPRESENTATION('',(#17501),#17505);
#17501 = LINE('',#17502,#17503);
#17502 = CARTESIAN_POINT('',(0.564849389437,0.));
#17503 = VECTOR('',#17504,1.);
#17504 = DIRECTION('',(0.,-1.));
#17505 = ( GEOMETRIC_REPRESENTATION_CONTEXT(2) 
PARAMETRIC_REPRESENTATION_CONTEXT() REPRESENTATION_CONTEXT('2D SPACE',''
  ) );
#17506 = PCURVE('',#3274,#17507);
#17507 = DEFINITIONAL_REPRESENTATION('',(#17508),#17512);
#17508 = LINE('',#17509,#17510);
#17509 = CARTESIAN_POINT('',(0.,0.));
#17510 = VECTOR('',#17511,1.);
#17511 = DIRECTION('',(0.,-1.));
#17512 = ( GEOMETRIC_REPRESENTATION_CONTEXT(2) 
PARAMETRIC_REPRESENTATION_CONTEXT() REPRESENTATION_CONTEXT('2D SPACE',''
  ) );
#17513 = ORIENTED_EDGE('',*,*,#3230,.F.);
#17514 = ADVANCED_FACE('',(#17515),#3526,.T.);
#17515 = FACE_BOUND('',#17516,.T.);
#17516 = EDGE_LOOP('',(#17517,#17538,#17539,#17540));
#17517 = ORIENTED_EDGE('',*,*,#17518,.T.);
#17518 = EDGE_CURVE('',#3483,#9274,#17519,.T.);
#17519 = SURFACE_CURVE('',#17520,(#17524,#17531),.PCURVE_S1.);
#17520 = LINE('',#17521,#17522);
#17521 = CARTESIAN_POINT('',(1.365139922473,-13.94819972763,-4.));
#17522 = VECTOR('',#17523,1.);
#17523 = DIRECTION('',(0.,0.,1.));
#17524 = PCURVE('',#3526,#17525);
#17525 = DEFINITIONAL_REPRESENTATION('',(#17526),#17530);
#17526 = LINE('',#17527,#17528);
#17527 = CARTESIAN_POINT('',(0.,0.));
#17528 = VECTOR('',#17529,1.);
#17529 = DIRECTION('',(0.,-1.));
#17530 = ( GEOMETRIC_REPRESENTATION_CONTEXT(2) 
PARAMETRIC_REPRESENTATION_CONTEXT() REPRESENTATION_CONTEXT('2D SPACE',''
  ) );
#17531 = PCURVE('',#3498,#17532);
#17532 = DEFINITIONAL_REPRESENTATION('',(#17533),#17537);
#17533 = LINE('',#17534,#17535);
#17534 = CARTESIAN_POINT('',(0.588659078772,0.));
#17535 = VECTOR('',#17536,1.);
#17536 = DIRECTION('',(0.,-1.));
#17537 = ( GEOMETRIC_REPRESENTATION_CONTEXT(2) 
PARAMETRIC_REPRESENTATION_CONTEXT() REPRESENTATION_CONTEXT('2D SPACE',''
  ) );
#17538 = ORIENTED_EDGE('',*,*,#9296,.T.);
#17539 = ORIENTED_EDGE('',*,*,#17464,.F.);
#17540 = ORIENTED_EDGE('',*,*,#3510,.F.);
#17541 = ADVANCED_FACE('',(#17542),#3274,.T.);
#17542 = FACE_BOUND('',#17543,.T.);
#17543 = EDGE_LOOP('',(#17544,#17545,#17546,#17567));
#17544 = ORIENTED_EDGE('',*,*,#17493,.T.);
#17545 = ORIENTED_EDGE('',*,*,#9089,.T.);
#17546 = ORIENTED_EDGE('',*,*,#17547,.F.);
#17547 = EDGE_CURVE('',#3259,#9090,#17548,.T.);
#17548 = SURFACE_CURVE('',#17549,(#17553,#17560),.PCURVE_S1.);
#17549 = LINE('',#17550,#17551);
#17550 = CARTESIAN_POINT('',(4.410372527534,-13.88601516467,-4.));
#17551 = VECTOR('',#17552,1.);
#17552 = DIRECTION('',(0.,0.,1.));
#17553 = PCURVE('',#3274,#17554);
#17554 = DEFINITIONAL_REPRESENTATION('',(#17555),#17559);
#17555 = LINE('',#17556,#17557);
#17556 = CARTESIAN_POINT('',(0.588659078772,0.));
#17557 = VECTOR('',#17558,1.);
#17558 = DIRECTION('',(0.,-1.));
#17559 = ( GEOMETRIC_REPRESENTATION_CONTEXT(2) 
PARAMETRIC_REPRESENTATION_CONTEXT() REPRESENTATION_CONTEXT('2D SPACE',''
  ) );
#17560 = PCURVE('',#3302,#17561);
#17561 = DEFINITIONAL_REPRESENTATION('',(#17562),#17566);
#17562 = LINE('',#17563,#17564);
#17563 = CARTESIAN_POINT('',(0.,0.));
#17564 = VECTOR('',#17565,1.);
#17565 = DIRECTION('',(0.,-1.));
#17566 = ( GEOMETRIC_REPRESENTATION_CONTEXT(2) 
PARAMETRIC_REPRESENTATION_CONTEXT() REPRESENTATION_CONTEXT('2D SPACE',''
  ) );
#17567 = ORIENTED_EDGE('',*,*,#3258,.F.);
#17568 = ADVANCED_FACE('',(#17569),#3498,.T.);
#17569 = FACE_BOUND('',#17570,.T.);
#17570 = EDGE_LOOP('',(#17571,#17592,#17593,#17594));
#17571 = ORIENTED_EDGE('',*,*,#17572,.T.);
#17572 = EDGE_CURVE('',#3455,#9251,#17573,.T.);
#17573 = SURFACE_CURVE('',#17574,(#17578,#17585),.PCURVE_S1.);
#17574 = LINE('',#17575,#17576);
#17575 = CARTESIAN_POINT('',(1.618875404739,-14.479366195,-4.));
#17576 = VECTOR('',#17577,1.);
#17577 = DIRECTION('',(0.,0.,1.));
#17578 = PCURVE('',#3498,#17579);
#17579 = DEFINITIONAL_REPRESENTATION('',(#17580),#17584);
#17580 = LINE('',#17581,#17582);
#17581 = CARTESIAN_POINT('',(0.,0.));
#17582 = VECTOR('',#17583,1.);
#17583 = DIRECTION('',(0.,-1.));
#17584 = ( GEOMETRIC_REPRESENTATION_CONTEXT(2) 
PARAMETRIC_REPRESENTATION_CONTEXT() REPRESENTATION_CONTEXT('2D SPACE',''
  ) );
#17585 = PCURVE('',#3470,#17586);
#17586 = DEFINITIONAL_REPRESENTATION('',(#17587),#17591);
#17587 = LINE('',#17588,#17589);
#17588 = CARTESIAN_POINT('',(0.61165241411,0.));
#17589 = VECTOR('',#17590,1.);
#17590 = DIRECTION('',(0.,-1.));
#17591 = ( GEOMETRIC_REPRESENTATION_CONTEXT(2) 
PARAMETRIC_REPRESENTATION_CONTEXT() REPRESENTATION_CONTEXT('2D SPACE',''
  ) );
#17592 = ORIENTED_EDGE('',*,*,#9273,.T.);
#17593 = ORIENTED_EDGE('',*,*,#17518,.F.);
#17594 = ORIENTED_EDGE('',*,*,#3482,.F.);
#17595 = ADVANCED_FACE('',(#17596),#3302,.T.);
#17596 = FACE_BOUND('',#17597,.T.);
#17597 = EDGE_LOOP('',(#17598,#17599,#17600,#17621));
#17598 = ORIENTED_EDGE('',*,*,#17547,.T.);
#17599 = ORIENTED_EDGE('',*,*,#9112,.T.);
#17600 = ORIENTED_EDGE('',*,*,#17601,.F.);
#17601 = EDGE_CURVE('',#3287,#9113,#17602,.T.);
#17602 = SURFACE_CURVE('',#17603,(#17607,#17614),.PCURVE_S1.);
#17603 = LINE('',#17604,#17605);
#17604 = CARTESIAN_POINT('',(4.327427226604,-14.49201743591,-4.));
#17605 = VECTOR('',#17606,1.);
#17606 = DIRECTION('',(0.,0.,1.));
#17607 = PCURVE('',#3302,#17608);
#17608 = DEFINITIONAL_REPRESENTATION('',(#17609),#17613);
#17609 = LINE('',#17610,#17611);
#17610 = CARTESIAN_POINT('',(0.61165241411,0.));
#17611 = VECTOR('',#17612,1.);
#17612 = DIRECTION('',(0.,-1.));
#17613 = ( GEOMETRIC_REPRESENTATION_CONTEXT(2) 
PARAMETRIC_REPRESENTATION_CONTEXT() REPRESENTATION_CONTEXT('2D SPACE',''
  ) );
#17614 = PCURVE('',#3330,#17615);
#17615 = DEFINITIONAL_REPRESENTATION('',(#17616),#17620);
#17616 = LINE('',#17617,#17618);
#17617 = CARTESIAN_POINT('',(0.,0.));
#17618 = VECTOR('',#17619,1.);
#17619 = DIRECTION('',(0.,-1.));
#17620 = ( GEOMETRIC_REPRESENTATION_CONTEXT(2) 
PARAMETRIC_REPRESENTATION_CONTEXT() REPRESENTATION_CONTEXT('2D SPACE',''
  ) );
#17621 = ORIENTED_EDGE('',*,*,#3286,.F.);
#17622 = ADVANCED_FACE('',(#17623),#3470,.T.);
#17623 = FACE_BOUND('',#17624,.T.);
#17624 = EDGE_LOOP('',(#17625,#17646,#17647,#17648));
#17625 = ORIENTED_EDGE('',*,*,#17626,.T.);
#17626 = EDGE_CURVE('',#3427,#9228,#17627,.T.);
#17627 = SURFACE_CURVE('',#17628,(#17632,#17639),.PCURVE_S1.);
#17628 = LINE('',#17629,#17630);
#17629 = CARTESIAN_POINT('',(1.941133037135,-14.99923992395,-4.));
#17630 = VECTOR('',#17631,1.);
#17631 = DIRECTION('',(0.,0.,1.));
#17632 = PCURVE('',#3470,#17633);
#17633 = DEFINITIONAL_REPRESENTATION('',(#17634),#17638);
#17634 = LINE('',#17635,#17636);
#17635 = CARTESIAN_POINT('',(0.,0.));
#17636 = VECTOR('',#17637,1.);
#17637 = DIRECTION('',(0.,-1.));
#17638 = ( GEOMETRIC_REPRESENTATION_CONTEXT(2) 
PARAMETRIC_REPRESENTATION_CONTEXT() REPRESENTATION_CONTEXT('2D SPACE',''
  ) );
#17639 = PCURVE('',#3442,#17640);
#17640 = DEFINITIONAL_REPRESENTATION('',(#17641),#17645);
#17641 = LINE('',#17642,#17643);
#17642 = CARTESIAN_POINT('',(0.634569085755,0.));
#17643 = VECTOR('',#17644,1.);
#17644 = DIRECTION('',(0.,-1.));
#17645 = ( GEOMETRIC_REPRESENTATION_CONTEXT(2) 
PARAMETRIC_REPRESENTATION_CONTEXT() REPRESENTATION_CONTEXT('2D SPACE',''
  ) );
#17646 = ORIENTED_EDGE('',*,*,#9250,.T.);
#17647 = ORIENTED_EDGE('',*,*,#17572,.F.);
#17648 = ORIENTED_EDGE('',*,*,#3454,.F.);
#17649 = ADVANCED_FACE('',(#17650),#3330,.T.);
#17650 = FACE_BOUND('',#17651,.T.);
#17651 = EDGE_LOOP('',(#17652,#17653,#17654,#17675));
#17652 = ORIENTED_EDGE('',*,*,#17601,.T.);
#17653 = ORIENTED_EDGE('',*,*,#9135,.T.);
#17654 = ORIENTED_EDGE('',*,*,#17655,.F.);
#17655 = EDGE_CURVE('',#3315,#9136,#17656,.T.);
#17656 = SURFACE_CURVE('',#17657,(#17661,#17668),.PCURVE_S1.);
#17657 = LINE('',#17658,#17659);
#17658 = CARTESIAN_POINT('',(4.184658379419,-15.11031750939,-4.));
#17659 = VECTOR('',#17660,1.);
#17660 = DIRECTION('',(0.,0.,1.));
#17661 = PCURVE('',#3330,#17662);
#17662 = DEFINITIONAL_REPRESENTATION('',(#17663),#17667);
#17663 = LINE('',#17664,#17665);
#17664 = CARTESIAN_POINT('',(0.634569085755,0.));
#17665 = VECTOR('',#17666,1.);
#17666 = DIRECTION('',(0.,-1.));
#17667 = ( GEOMETRIC_REPRESENTATION_CONTEXT(2) 
PARAMETRIC_REPRESENTATION_CONTEXT() REPRESENTATION_CONTEXT('2D SPACE',''
  ) );
#17668 = PCURVE('',#3358,#17669);
#17669 = DEFINITIONAL_REPRESENTATION('',(#17670),#17674);
#17670 = LINE('',#17671,#17672);
#17671 = CARTESIAN_POINT('',(0.,0.));
#17672 = VECTOR('',#17673,1.);
#17673 = DIRECTION('',(0.,-1.));
#17674 = ( GEOMETRIC_REPRESENTATION_CONTEXT(2) 
PARAMETRIC_REPRESENTATION_CONTEXT() REPRESENTATION_CONTEXT('2D SPACE',''
  ) );
#17675 = ORIENTED_EDGE('',*,*,#3314,.F.);
#17676 = ADVANCED_FACE('',(#17677),#3442,.T.);
#17677 = FACE_BOUND('',#17678,.T.);
#17678 = EDGE_LOOP('',(#17679,#17700,#17701,#17702));
#17679 = ORIENTED_EDGE('',*,*,#17680,.T.);
#17680 = EDGE_CURVE('',#3399,#9205,#17681,.T.);
#17681 = SURFACE_CURVE('',#17682,(#17686,#17693),.PCURVE_S1.);
#17682 = LINE('',#17683,#17684);
#17683 = CARTESIAN_POINT('',(2.323044165276,-15.5060158259,-4.));
#17684 = VECTOR('',#17685,1.);
#17685 = DIRECTION('',(0.,0.,1.));
#17686 = PCURVE('',#3442,#17687);
#17687 = DEFINITIONAL_REPRESENTATION('',(#17688),#17692);
#17688 = LINE('',#17689,#17690);
#17689 = CARTESIAN_POINT('',(0.,0.));
#17690 = VECTOR('',#17691,1.);
#17691 = DIRECTION('',(0.,-1.));
#17692 = ( GEOMETRIC_REPRESENTATION_CONTEXT(2) 
PARAMETRIC_REPRESENTATION_CONTEXT() REPRESENTATION_CONTEXT('2D SPACE',''
  ) );
#17693 = PCURVE('',#3414,#17694);
#17694 = DEFINITIONAL_REPRESENTATION('',(#17695),#17699);
#17695 = LINE('',#17696,#17697);
#17696 = CARTESIAN_POINT('',(0.657460972665,0.));
#17697 = VECTOR('',#17698,1.);
#17698 = DIRECTION('',(0.,-1.));
#17699 = ( GEOMETRIC_REPRESENTATION_CONTEXT(2) 
PARAMETRIC_REPRESENTATION_CONTEXT() REPRESENTATION_CONTEXT('2D SPACE',''
  ) );
#17700 = ORIENTED_EDGE('',*,*,#9227,.T.);
#17701 = ORIENTED_EDGE('',*,*,#17626,.F.);
#17702 = ORIENTED_EDGE('',*,*,#3426,.F.);
#17703 = ADVANCED_FACE('',(#17704),#3358,.T.);
#17704 = FACE_BOUND('',#17705,.T.);
#17705 = EDGE_LOOP('',(#17706,#17707,#17708,#17729));
#17706 = ORIENTED_EDGE('',*,*,#17655,.T.);
#17707 = ORIENTED_EDGE('',*,*,#9158,.T.);
#17708 = ORIENTED_EDGE('',*,*,#17709,.F.);
#17709 = EDGE_CURVE('',#3343,#9159,#17710,.T.);
#17710 = SURFACE_CURVE('',#17711,(#17715,#17722),.PCURVE_S1.);
#17711 = LINE('',#17712,#17713);
#17712 = CARTESIAN_POINT('',(3.985641179034,-15.73693308893,-4.));
#17713 = VECTOR('',#17714,1.);
#17714 = DIRECTION('',(0.,0.,1.));
#17715 = PCURVE('',#3358,#17716);
#17716 = DEFINITIONAL_REPRESENTATION('',(#17717),#17721);
#17717 = LINE('',#17718,#17719);
#17718 = CARTESIAN_POINT('',(0.657460972665,0.));
#17719 = VECTOR('',#17720,1.);
#17720 = DIRECTION('',(0.,-1.));
#17721 = ( GEOMETRIC_REPRESENTATION_CONTEXT(2) 
PARAMETRIC_REPRESENTATION_CONTEXT() REPRESENTATION_CONTEXT('2D SPACE',''
  ) );
#17722 = PCURVE('',#3386,#17723);
#17723 = DEFINITIONAL_REPRESENTATION('',(#17724),#17728);
#17724 = LINE('',#17725,#17726);
#17725 = CARTESIAN_POINT('',(0.,0.));
#17726 = VECTOR('',#17727,1.);
#17727 = DIRECTION('',(0.,-1.));
#17728 = ( GEOMETRIC_REPRESENTATION_CONTEXT(2) 
PARAMETRIC_REPRESENTATION_CONTEXT() REPRESENTATION_CONTEXT('2D SPACE',''
  ) );
#17729 = ORIENTED_EDGE('',*,*,#3342,.F.);
#17730 = ADVANCED_FACE('',(#17731),#3414,.T.);
#17731 = FACE_BOUND('',#17732,.T.);
#17732 = EDGE_LOOP('',(#17733,#17754,#17755,#17756));
#17733 = ORIENTED_EDGE('',*,*,#17734,.T.);
#17734 = EDGE_CURVE('',#3371,#9182,#17735,.T.);
#17735 = SURFACE_CURVE('',#17736,(#17740,#17747),.PCURVE_S1.);
#17736 = LINE('',#17737,#17738);
#17737 = CARTESIAN_POINT('',(2.759722942003,-15.99751005429,-4.));
#17738 = VECTOR('',#17739,1.);
#17739 = DIRECTION('',(0.,0.,1.));
#17740 = PCURVE('',#3414,#17741);
#17741 = DEFINITIONAL_REPRESENTATION('',(#17742),#17746);
#17742 = LINE('',#17743,#17744);
#17743 = CARTESIAN_POINT('',(0.,0.));
#17744 = VECTOR('',#17745,1.);
#17745 = DIRECTION('',(0.,-1.));
#17746 = ( GEOMETRIC_REPRESENTATION_CONTEXT(2) 
PARAMETRIC_REPRESENTATION_CONTEXT() REPRESENTATION_CONTEXT('2D SPACE',''
  ) );
#17747 = PCURVE('',#3386,#17748);
#17748 = DEFINITIONAL_REPRESENTATION('',(#17749),#17753);
#17749 = LINE('',#17750,#17751);
#17750 = CARTESIAN_POINT('',(1.253305979702,0.));
#17751 = VECTOR('',#17752,1.);
#17752 = DIRECTION('',(0.,-1.));
#17753 = ( GEOMETRIC_REPRESENTATION_CONTEXT(2) 
PARAMETRIC_REPRESENTATION_CONTEXT() REPRESENTATION_CONTEXT('2D SPACE',''
  ) );
#17754 = ORIENTED_EDGE('',*,*,#9204,.T.);
#17755 = ORIENTED_EDGE('',*,*,#17680,.F.);
#17756 = ORIENTED_EDGE('',*,*,#3398,.F.);
#17757 = ADVANCED_FACE('',(#17758),#3386,.T.);
#17758 = FACE_BOUND('',#17759,.T.);
#17759 = EDGE_LOOP('',(#17760,#17761,#17762,#17763));
#17760 = ORIENTED_EDGE('',*,*,#17709,.T.);
#17761 = ORIENTED_EDGE('',*,*,#9181,.T.);
#17762 = ORIENTED_EDGE('',*,*,#17734,.F.);
#17763 = ORIENTED_EDGE('',*,*,#3370,.F.);
#17764 = ADVANCED_FACE('',(#17765),#6519,.T.);
#17765 = FACE_BOUND('',#17766,.T.);
#17766 = EDGE_LOOP('',(#17767,#17797,#17818,#17819));
#17767 = ORIENTED_EDGE('',*,*,#17768,.F.);
#17768 = EDGE_CURVE('',#17769,#17771,#17773,.T.);
#17769 = VERTEX_POINT('',#17770);
#17770 = CARTESIAN_POINT('',(-1.,2.828427124746,5.));
#17771 = VERTEX_POINT('',#17772);
#17772 = CARTESIAN_POINT('',(-1.,4.,5.));
#17773 = SURFACE_CURVE('',#17774,(#17778,#17785),.PCURVE_S1.);
#17774 = LINE('',#17775,#17776);
#17775 = CARTESIAN_POINT('',(-1.,0.,5.));
#17776 = VECTOR('',#17777,1.);
#17777 = DIRECTION('',(-0.,1.,0.));
#17778 = PCURVE('',#6519,#17779);
#17779 = DEFINITIONAL_REPRESENTATION('',(#17780),#17784);
#17780 = LINE('',#17781,#17782);
#17781 = CARTESIAN_POINT('',(15.,0.));
#17782 = VECTOR('',#17783,1.);
#17783 = DIRECTION('',(0.,-1.));
#17784 = ( GEOMETRIC_REPRESENTATION_CONTEXT(2) 
PARAMETRIC_REPRESENTATION_CONTEXT() REPRESENTATION_CONTEXT('2D SPACE',''
  ) );
#17785 = PCURVE('',#17786,#17791);
#17786 = PLANE('',#17787);
#17787 = AXIS2_PLACEMENT_3D('',#17788,#17789,#17790);
#17788 = CARTESIAN_POINT('',(-1.,0.,5.));
#17789 = DIRECTION('',(0.,0.,1.));
#17790 = DIRECTION('',(1.,0.,-0.));
#17791 = DEFINITIONAL_REPRESENTATION('',(#17792),#17796);
#17792 = LINE('',#17793,#17794);
#17793 = CARTESIAN_POINT('',(0.,0.));
#17794 = VECTOR('',#17795,1.);
#17795 = DIRECTION('',(0.,1.));
#17796 = ( GEOMETRIC_REPRESENTATION_CONTEXT(2) 
PARAMETRIC_REPRESENTATION_CONTEXT() REPRESENTATION_CONTEXT('2D SPACE',''
  ) );
#17797 = ORIENTED_EDGE('',*,*,#17798,.F.);
#17798 = EDGE_CURVE('',#6505,#17769,#17799,.T.);
#17799 = SURFACE_CURVE('',#17800,(#17804,#17811),.PCURVE_S1.);
#17800 = LINE('',#17801,#17802);
#17801 = CARTESIAN_POINT('',(-1.,2.828427124746,-10.));
#17802 = VECTOR('',#17803,1.);
#17803 = DIRECTION('',(0.,0.,1.));
#17804 = PCURVE('',#6519,#17805);
#17805 = DEFINITIONAL_REPRESENTATION('',(#17806),#17810);
#17806 = LINE('',#17807,#17808);
#17807 = CARTESIAN_POINT('',(0.,-2.828427124746));
#17808 = VECTOR('',#17809,1.);
#17809 = DIRECTION('',(1.,0.));
#17810 = ( GEOMETRIC_REPRESENTATION_CONTEXT(2) 
PARAMETRIC_REPRESENTATION_CONTEXT() REPRESENTATION_CONTEXT('2D SPACE',''
  ) );
#17811 = PCURVE('',#6551,#17812);
#17812 = DEFINITIONAL_REPRESENTATION('',(#17813),#17817);
#17813 = LINE('',#17814,#17815);
#17814 = CARTESIAN_POINT('',(1.910633236249,0.));
#17815 = VECTOR('',#17816,1.);
#17816 = DIRECTION('',(0.,1.));
#17817 = ( GEOMETRIC_REPRESENTATION_CONTEXT(2) 
PARAMETRIC_REPRESENTATION_CONTEXT() REPRESENTATION_CONTEXT('2D SPACE',''
  ) );
#17818 = ORIENTED_EDGE('',*,*,#6502,.F.);
#17819 = ORIENTED_EDGE('',*,*,#17820,.T.);
#17820 = EDGE_CURVE('',#6503,#17771,#17821,.T.);
#17821 = SURFACE_CURVE('',#17822,(#17826,#17833),.PCURVE_S1.);
#17822 = LINE('',#17823,#17824);
#17823 = CARTESIAN_POINT('',(-1.,4.,-10.));
#17824 = VECTOR('',#17825,1.);
#17825 = DIRECTION('',(0.,0.,1.));
#17826 = PCURVE('',#6519,#17827);
#17827 = DEFINITIONAL_REPRESENTATION('',(#17828),#17832);
#17828 = LINE('',#17829,#17830);
#17829 = CARTESIAN_POINT('',(0.,-4.));
#17830 = VECTOR('',#17831,1.);
#17831 = DIRECTION('',(1.,0.));
#17832 = ( GEOMETRIC_REPRESENTATION_CONTEXT(2) 
PARAMETRIC_REPRESENTATION_CONTEXT() REPRESENTATION_CONTEXT('2D SPACE',''
  ) );
#17833 = PCURVE('',#6635,#17834);
#17834 = DEFINITIONAL_REPRESENTATION('',(#17835),#17839);
#17835 = LINE('',#17836,#17837);
#17836 = CARTESIAN_POINT('',(0.,0.));
#17837 = VECTOR('',#17838,1.);
#17838 = DIRECTION('',(1.,0.));
#17839 = ( GEOMETRIC_REPRESENTATION_CONTEXT(2) 
PARAMETRIC_REPRESENTATION_CONTEXT() REPRESENTATION_CONTEXT('2D SPACE',''
  ) );
#17840 = ADVANCED_FACE('',(#17841),#6635,.F.);
#17841 = FACE_BOUND('',#17842,.F.);
#17842 = EDGE_LOOP('',(#17843,#17866,#17867,#17868));
#17843 = ORIENTED_EDGE('',*,*,#17844,.F.);
#17844 = EDGE_CURVE('',#6597,#17845,#17847,.T.);
#17845 = VERTEX_POINT('',#17846);
#17846 = CARTESIAN_POINT('',(1.,4.,5.));
#17847 = SURFACE_CURVE('',#17848,(#17852,#17859),.PCURVE_S1.);
#17848 = LINE('',#17849,#17850);
#17849 = CARTESIAN_POINT('',(1.,4.,-10.));
#17850 = VECTOR('',#17851,1.);
#17851 = DIRECTION('',(0.,0.,1.));
#17852 = PCURVE('',#6635,#17853);
#17853 = DEFINITIONAL_REPRESENTATION('',(#17854),#17858);
#17854 = LINE('',#17855,#17856);
#17855 = CARTESIAN_POINT('',(0.,2.));
#17856 = VECTOR('',#17857,1.);
#17857 = DIRECTION('',(1.,0.));
#17858 = ( GEOMETRIC_REPRESENTATION_CONTEXT(2) 
PARAMETRIC_REPRESENTATION_CONTEXT() REPRESENTATION_CONTEXT('2D SPACE',''
  ) );
#17859 = PCURVE('',#6611,#17860);
#17860 = DEFINITIONAL_REPRESENTATION('',(#17861),#17865);
#17861 = LINE('',#17862,#17863);
#17862 = CARTESIAN_POINT('',(0.,-4.));
#17863 = VECTOR('',#17864,1.);
#17864 = DIRECTION('',(1.,0.));
#17865 = ( GEOMETRIC_REPRESENTATION_CONTEXT(2) 
PARAMETRIC_REPRESENTATION_CONTEXT() REPRESENTATION_CONTEXT('2D SPACE',''
  ) );
#17866 = ORIENTED_EDGE('',*,*,#6622,.F.);
#17867 = ORIENTED_EDGE('',*,*,#17820,.T.);
#17868 = ORIENTED_EDGE('',*,*,#17869,.T.);
#17869 = EDGE_CURVE('',#17771,#17845,#17870,.T.);
#17870 = SURFACE_CURVE('',#17871,(#17875,#17882),.PCURVE_S1.);
#17871 = LINE('',#17872,#17873);
#17872 = CARTESIAN_POINT('',(-1.,4.,5.));
#17873 = VECTOR('',#17874,1.);
#17874 = DIRECTION('',(1.,0.,-0.));
#17875 = PCURVE('',#6635,#17876);
#17876 = DEFINITIONAL_REPRESENTATION('',(#17877),#17881);
#17877 = LINE('',#17878,#17879);
#17878 = CARTESIAN_POINT('',(15.,0.));
#17879 = VECTOR('',#17880,1.);
#17880 = DIRECTION('',(0.,1.));
#17881 = ( GEOMETRIC_REPRESENTATION_CONTEXT(2) 
PARAMETRIC_REPRESENTATION_CONTEXT() REPRESENTATION_CONTEXT('2D SPACE',''
  ) );
#17882 = PCURVE('',#17786,#17883);
#17883 = DEFINITIONAL_REPRESENTATION('',(#17884),#17888);
#17884 = LINE('',#17885,#17886);
#17885 = CARTESIAN_POINT('',(0.,4.));
#17886 = VECTOR('',#17887,1.);
#17887 = DIRECTION('',(1.,0.));
#17888 = ( GEOMETRIC_REPRESENTATION_CONTEXT(2) 
PARAMETRIC_REPRESENTATION_CONTEXT() REPRESENTATION_CONTEXT('2D SPACE',''
  ) );
#17889 = ADVANCED_FACE('',(#17890),#6611,.F.);
#17890 = FACE_BOUND('',#17891,.F.);
#17891 = EDGE_LOOP('',(#17892,#17915,#17936,#17937));
#17892 = ORIENTED_EDGE('',*,*,#17893,.F.);
#17893 = EDGE_CURVE('',#17894,#17845,#17896,.T.);
#17894 = VERTEX_POINT('',#17895);
#17895 = CARTESIAN_POINT('',(1.,2.828427124746,5.));
#17896 = SURFACE_CURVE('',#17897,(#17901,#17908),.PCURVE_S1.);
#17897 = LINE('',#17898,#17899);
#17898 = CARTESIAN_POINT('',(1.,0.,5.));
#17899 = VECTOR('',#17900,1.);
#17900 = DIRECTION('',(-0.,1.,0.));
#17901 = PCURVE('',#6611,#17902);
#17902 = DEFINITIONAL_REPRESENTATION('',(#17903),#17907);
#17903 = LINE('',#17904,#17905);
#17904 = CARTESIAN_POINT('',(15.,0.));
#17905 = VECTOR('',#17906,1.);
#17906 = DIRECTION('',(0.,-1.));
#17907 = ( GEOMETRIC_REPRESENTATION_CONTEXT(2) 
PARAMETRIC_REPRESENTATION_CONTEXT() REPRESENTATION_CONTEXT('2D SPACE',''
  ) );
#17908 = PCURVE('',#17786,#17909);
#17909 = DEFINITIONAL_REPRESENTATION('',(#17910),#17914);
#17910 = LINE('',#17911,#17912);
#17911 = CARTESIAN_POINT('',(2.,0.));
#17912 = VECTOR('',#17913,1.);
#17913 = DIRECTION('',(0.,1.));
#17914 = ( GEOMETRIC_REPRESENTATION_CONTEXT(2) 
PARAMETRIC_REPRESENTATION_CONTEXT() REPRESENTATION_CONTEXT('2D SPACE',''
  ) );
#17915 = ORIENTED_EDGE('',*,*,#17916,.F.);
#17916 = EDGE_CURVE('',#6564,#17894,#17917,.T.);
#17917 = SURFACE_CURVE('',#17918,(#17922,#17929),.PCURVE_S1.);
#17918 = LINE('',#17919,#17920);
#17919 = CARTESIAN_POINT('',(1.,2.828427124746,-10.));
#17920 = VECTOR('',#17921,1.);
#17921 = DIRECTION('',(0.,0.,1.));
#17922 = PCURVE('',#6611,#17923);
#17923 = DEFINITIONAL_REPRESENTATION('',(#17924),#17928);
#17924 = LINE('',#17925,#17926);
#17925 = CARTESIAN_POINT('',(0.,-2.828427124746));
#17926 = VECTOR('',#17927,1.);
#17927 = DIRECTION('',(1.,0.));
#17928 = ( GEOMETRIC_REPRESENTATION_CONTEXT(2) 
PARAMETRIC_REPRESENTATION_CONTEXT() REPRESENTATION_CONTEXT('2D SPACE',''
  ) );
#17929 = PCURVE('',#6584,#17930);
#17930 = DEFINITIONAL_REPRESENTATION('',(#17931),#17935);
#17931 = LINE('',#17932,#17933);
#17932 = CARTESIAN_POINT('',(1.230959417341,0.));
#17933 = VECTOR('',#17934,1.);
#17934 = DIRECTION('',(0.,1.));
#17935 = ( GEOMETRIC_REPRESENTATION_CONTEXT(2) 
PARAMETRIC_REPRESENTATION_CONTEXT() REPRESENTATION_CONTEXT('2D SPACE',''
  ) );
#17936 = ORIENTED_EDGE('',*,*,#6596,.F.);
#17937 = ORIENTED_EDGE('',*,*,#17844,.T.);
#17938 = ADVANCED_FACE('',(#17939),#6584,.F.);
#17939 = FACE_BOUND('',#17940,.F.);
#17940 = EDGE_LOOP('',(#17941,#17970,#17991,#17992));
#17941 = ORIENTED_EDGE('',*,*,#17942,.F.);
#17942 = EDGE_CURVE('',#17943,#17894,#17945,.T.);
#17943 = VERTEX_POINT('',#17944);
#17944 = CARTESIAN_POINT('',(3.,-7.347880794884E-16,5.));
#17945 = SURFACE_CURVE('',#17946,(#17951,#17958),.PCURVE_S1.);
#17946 = CIRCLE('',#17947,3.);
#17947 = AXIS2_PLACEMENT_3D('',#17948,#17949,#17950);
#17948 = CARTESIAN_POINT('',(0.,0.,5.));
#17949 = DIRECTION('',(0.,0.,1.));
#17950 = DIRECTION('',(1.,0.,-0.));
#17951 = PCURVE('',#6584,#17952);
#17952 = DEFINITIONAL_REPRESENTATION('',(#17953),#17957);
#17953 = LINE('',#17954,#17955);
#17954 = CARTESIAN_POINT('',(0.,15.));
#17955 = VECTOR('',#17956,1.);
#17956 = DIRECTION('',(1.,0.));
#17957 = ( GEOMETRIC_REPRESENTATION_CONTEXT(2) 
PARAMETRIC_REPRESENTATION_CONTEXT() REPRESENTATION_CONTEXT('2D SPACE',''
  ) );
#17958 = PCURVE('',#17959,#17964);
#17959 = PLANE('',#17960);
#17960 = AXIS2_PLACEMENT_3D('',#17961,#17962,#17963);
#17961 = CARTESIAN_POINT('',(0.,0.,5.));
#17962 = DIRECTION('',(0.,0.,1.));
#17963 = DIRECTION('',(1.,0.,-0.));
#17964 = DEFINITIONAL_REPRESENTATION('',(#17965),#17969);
#17965 = CIRCLE('',#17966,3.);
#17966 = AXIS2_PLACEMENT_2D('',#17967,#17968);
#17967 = CARTESIAN_POINT('',(0.,0.));
#17968 = DIRECTION('',(1.,0.));
#17969 = ( GEOMETRIC_REPRESENTATION_CONTEXT(2) 
PARAMETRIC_REPRESENTATION_CONTEXT() REPRESENTATION_CONTEXT('2D SPACE',''
  ) );
#17970 = ORIENTED_EDGE('',*,*,#17971,.F.);
#17971 = EDGE_CURVE('',#6531,#17943,#17972,.T.);
#17972 = SURFACE_CURVE('',#17973,(#17977,#17984),.PCURVE_S1.);
#17973 = LINE('',#17974,#17975);
#17974 = CARTESIAN_POINT('',(3.,-7.347880794884E-16,-10.));
#17975 = VECTOR('',#17976,1.);
#17976 = DIRECTION('',(0.,0.,1.));
#17977 = PCURVE('',#6584,#17978);
#17978 = DEFINITIONAL_REPRESENTATION('',(#17979),#17983);
#17979 = LINE('',#17980,#17981);
#17980 = CARTESIAN_POINT('',(0.,-0.));
#17981 = VECTOR('',#17982,1.);
#17982 = DIRECTION('',(0.,1.));
#17983 = ( GEOMETRIC_REPRESENTATION_CONTEXT(2) 
PARAMETRIC_REPRESENTATION_CONTEXT() REPRESENTATION_CONTEXT('2D SPACE',''
  ) );
#17984 = PCURVE('',#6551,#17985);
#17985 = DEFINITIONAL_REPRESENTATION('',(#17986),#17990);
#17986 = LINE('',#17987,#17988);
#17987 = CARTESIAN_POINT('',(6.28318530718,-0.));
#17988 = VECTOR('',#17989,1.);
#17989 = DIRECTION('',(0.,1.));
#17990 = ( GEOMETRIC_REPRESENTATION_CONTEXT(2) 
PARAMETRIC_REPRESENTATION_CONTEXT() REPRESENTATION_CONTEXT('2D SPACE',''
  ) );
#17991 = ORIENTED_EDGE('',*,*,#6563,.T.);
#17992 = ORIENTED_EDGE('',*,*,#17916,.T.);
#17993 = ADVANCED_FACE('',(#17994),#6551,.F.);
#17994 = FACE_BOUND('',#17995,.F.);
#17995 = EDGE_LOOP('',(#17996,#17997,#17998,#18020));
#17996 = ORIENTED_EDGE('',*,*,#6530,.T.);
#17997 = ORIENTED_EDGE('',*,*,#17971,.T.);
#17998 = ORIENTED_EDGE('',*,*,#17999,.F.);
#17999 = EDGE_CURVE('',#17769,#17943,#18000,.T.);
#18000 = SURFACE_CURVE('',#18001,(#18006,#18013),.PCURVE_S1.);
#18001 = CIRCLE('',#18002,3.);
#18002 = AXIS2_PLACEMENT_3D('',#18003,#18004,#18005);
#18003 = CARTESIAN_POINT('',(0.,0.,5.));
#18004 = DIRECTION('',(0.,0.,1.));
#18005 = DIRECTION('',(1.,0.,-0.));
#18006 = PCURVE('',#6551,#18007);
#18007 = DEFINITIONAL_REPRESENTATION('',(#18008),#18012);
#18008 = LINE('',#18009,#18010);
#18009 = CARTESIAN_POINT('',(0.,15.));
#18010 = VECTOR('',#18011,1.);
#18011 = DIRECTION('',(1.,0.));
#18012 = ( GEOMETRIC_REPRESENTATION_CONTEXT(2) 
PARAMETRIC_REPRESENTATION_CONTEXT() REPRESENTATION_CONTEXT('2D SPACE',''
  ) );
#18013 = PCURVE('',#17959,#18014);
#18014 = DEFINITIONAL_REPRESENTATION('',(#18015),#18019);
#18015 = CIRCLE('',#18016,3.);
#18016 = AXIS2_PLACEMENT_2D('',#18017,#18018);
#18017 = CARTESIAN_POINT('',(0.,0.));
#18018 = DIRECTION('',(1.,0.));
#18019 = ( GEOMETRIC_REPRESENTATION_CONTEXT(2) 
PARAMETRIC_REPRESENTATION_CONTEXT() REPRESENTATION_CONTEXT('2D SPACE',''
  ) );
#18020 = ORIENTED_EDGE('',*,*,#17798,.F.);
#18021 = ADVANCED_FACE('',(#18022),#11779,.T.);
#18022 = FACE_BOUND('',#18023,.T.);
#18023 = EDGE_LOOP('',(#18024,#18047,#18074,#18075));
#18024 = ORIENTED_EDGE('',*,*,#18025,.T.);
#18025 = EDGE_CURVE('',#11759,#18026,#18028,.T.);
#18026 = VERTEX_POINT('',#18027);
#18027 = CARTESIAN_POINT('',(6.,-1.469576158977E-15,9.01));
#18028 = SEAM_CURVE('',#18029,(#18033,#18040),.PCURVE_S1.);
#18029 = LINE('',#18030,#18031);
#18030 = CARTESIAN_POINT('',(6.,-1.469576158977E-15,3.99));
#18031 = VECTOR('',#18032,1.);
#18032 = DIRECTION('',(0.,0.,1.));
#18033 = PCURVE('',#11779,#18034);
#18034 = DEFINITIONAL_REPRESENTATION('',(#18035),#18039);
#18035 = LINE('',#18036,#18037);
#18036 = CARTESIAN_POINT('',(6.28318530718,-0.));
#18037 = VECTOR('',#18038,1.);
#18038 = DIRECTION('',(0.,1.));
#18039 = ( GEOMETRIC_REPRESENTATION_CONTEXT(2) 
PARAMETRIC_REPRESENTATION_CONTEXT() REPRESENTATION_CONTEXT('2D SPACE',''
  ) );
#18040 = PCURVE('',#11779,#18041);
#18041 = DEFINITIONAL_REPRESENTATION('',(#18042),#18046);
#18042 = LINE('',#18043,#18044);
#18043 = CARTESIAN_POINT('',(0.,-0.));
#18044 = VECTOR('',#18045,1.);
#18045 = DIRECTION('',(0.,1.));
#18046 = ( GEOMETRIC_REPRESENTATION_CONTEXT(2) 
PARAMETRIC_REPRESENTATION_CONTEXT() REPRESENTATION_CONTEXT('2D SPACE',''
  ) );
#18047 = ORIENTED_EDGE('',*,*,#18048,.F.);
#18048 = EDGE_CURVE('',#18026,#18026,#18049,.T.);
#18049 = SURFACE_CURVE('',#18050,(#18055,#18062),.PCURVE_S1.);
#18050 = CIRCLE('',#18051,6.);
#18051 = AXIS2_PLACEMENT_3D('',#18052,#18053,#18054);
#18052 = CARTESIAN_POINT('',(0.,0.,9.01));
#18053 = DIRECTION('',(0.,0.,1.));
#18054 = DIRECTION('',(1.,0.,-0.));
#18055 = PCURVE('',#11779,#18056);
#18056 = DEFINITIONAL_REPRESENTATION('',(#18057),#18061);
#18057 = LINE('',#18058,#18059);
#18058 = CARTESIAN_POINT('',(0.,5.02));
#18059 = VECTOR('',#18060,1.);
#18060 = DIRECTION('',(1.,0.));
#18061 = ( GEOMETRIC_REPRESENTATION_CONTEXT(2) 
PARAMETRIC_REPRESENTATION_CONTEXT() REPRESENTATION_CONTEXT('2D SPACE',''
  ) );
#18062 = PCURVE('',#18063,#18068);
#18063 = PLANE('',#18064);
#18064 = AXIS2_PLACEMENT_3D('',#18065,#18066,#18067);
#18065 = CARTESIAN_POINT('',(0.,0.,9.01));
#18066 = DIRECTION('',(0.,0.,1.));
#18067 = DIRECTION('',(1.,0.,-0.));
#18068 = DEFINITIONAL_REPRESENTATION('',(#18069),#18073);
#18069 = CIRCLE('',#18070,6.);
#18070 = AXIS2_PLACEMENT_2D('',#18071,#18072);
#18071 = CARTESIAN_POINT('',(0.,0.));
#18072 = DIRECTION('',(1.,0.));
#18073 = ( GEOMETRIC_REPRESENTATION_CONTEXT(2) 
PARAMETRIC_REPRESENTATION_CONTEXT() REPRESENTATION_CONTEXT('2D SPACE',''
  ) );
#18074 = ORIENTED_EDGE('',*,*,#18025,.F.);
#18075 = ORIENTED_EDGE('',*,*,#11758,.T.);
#18076 = ADVANCED_FACE('',(#18077),#17786,.F.);
#18077 = FACE_BOUND('',#18078,.F.);
#18078 = EDGE_LOOP('',(#18079,#18080,#18107,#18108));
#18079 = ORIENTED_EDGE('',*,*,#17768,.F.);
#18080 = ORIENTED_EDGE('',*,*,#18081,.F.);
#18081 = EDGE_CURVE('',#17894,#17769,#18082,.T.);
#18082 = SURFACE_CURVE('',#18083,(#18088,#18095),.PCURVE_S1.);
#18083 = CIRCLE('',#18084,3.);
#18084 = AXIS2_PLACEMENT_3D('',#18085,#18086,#18087);
#18085 = CARTESIAN_POINT('',(0.,0.,5.));
#18086 = DIRECTION('',(0.,0.,1.));
#18087 = DIRECTION('',(1.,0.,-0.));
#18088 = PCURVE('',#17786,#18089);
#18089 = DEFINITIONAL_REPRESENTATION('',(#18090),#18094);
#18090 = CIRCLE('',#18091,3.);
#18091 = AXIS2_PLACEMENT_2D('',#18092,#18093);
#18092 = CARTESIAN_POINT('',(1.,0.));
#18093 = DIRECTION('',(1.,0.));
#18094 = ( GEOMETRIC_REPRESENTATION_CONTEXT(2) 
PARAMETRIC_REPRESENTATION_CONTEXT() REPRESENTATION_CONTEXT('2D SPACE',''
  ) );
#18095 = PCURVE('',#18096,#18101);
#18096 = PLANE('',#18097);
#18097 = AXIS2_PLACEMENT_3D('',#18098,#18099,#18100);
#18098 = CARTESIAN_POINT('',(0.,0.,5.));
#18099 = DIRECTION('',(0.,0.,1.));
#18100 = DIRECTION('',(1.,0.,-0.));
#18101 = DEFINITIONAL_REPRESENTATION('',(#18102),#18106);
#18102 = CIRCLE('',#18103,3.);
#18103 = AXIS2_PLACEMENT_2D('',#18104,#18105);
#18104 = CARTESIAN_POINT('',(0.,0.));
#18105 = DIRECTION('',(1.,0.));
#18106 = ( GEOMETRIC_REPRESENTATION_CONTEXT(2) 
PARAMETRIC_REPRESENTATION_CONTEXT() REPRESENTATION_CONTEXT('2D SPACE',''
  ) );
#18107 = ORIENTED_EDGE('',*,*,#17893,.T.);
#18108 = ORIENTED_EDGE('',*,*,#17869,.F.);
#18109 = ADVANCED_FACE('',(#18110),#17959,.F.);
#18110 = FACE_BOUND('',#18111,.F.);
#18111 = EDGE_LOOP('',(#18112,#18113,#18114,#18137,#18160));
#18112 = ORIENTED_EDGE('',*,*,#17999,.T.);
#18113 = ORIENTED_EDGE('',*,*,#17942,.T.);
#18114 = ORIENTED_EDGE('',*,*,#18115,.F.);
#18115 = EDGE_CURVE('',#18116,#17894,#18118,.T.);
#18116 = VERTEX_POINT('',#18117);
#18117 = CARTESIAN_POINT('',(1.,0.,5.));
#18118 = SURFACE_CURVE('',#18119,(#18123,#18130),.PCURVE_S1.);
#18119 = LINE('',#18120,#18121);
#18120 = CARTESIAN_POINT('',(1.,0.,5.));
#18121 = VECTOR('',#18122,1.);
#18122 = DIRECTION('',(-0.,1.,0.));
#18123 = PCURVE('',#17959,#18124);
#18124 = DEFINITIONAL_REPRESENTATION('',(#18125),#18129);
#18125 = LINE('',#18126,#18127);
#18126 = CARTESIAN_POINT('',(1.,0.));
#18127 = VECTOR('',#18128,1.);
#18128 = DIRECTION('',(0.,1.));
#18129 = ( GEOMETRIC_REPRESENTATION_CONTEXT(2) 
PARAMETRIC_REPRESENTATION_CONTEXT() REPRESENTATION_CONTEXT('2D SPACE',''
  ) );
#18130 = PCURVE('',#18096,#18131);
#18131 = DEFINITIONAL_REPRESENTATION('',(#18132),#18136);
#18132 = LINE('',#18133,#18134);
#18133 = CARTESIAN_POINT('',(1.,0.));
#18134 = VECTOR('',#18135,1.);
#18135 = DIRECTION('',(0.,1.));
#18136 = ( GEOMETRIC_REPRESENTATION_CONTEXT(2) 
PARAMETRIC_REPRESENTATION_CONTEXT() REPRESENTATION_CONTEXT('2D SPACE',''
  ) );
#18137 = ORIENTED_EDGE('',*,*,#18138,.F.);
#18138 = EDGE_CURVE('',#18139,#18116,#18141,.T.);
#18139 = VERTEX_POINT('',#18140);
#18140 = CARTESIAN_POINT('',(-1.,0.,5.));
#18141 = SURFACE_CURVE('',#18142,(#18146,#18153),.PCURVE_S1.);
#18142 = LINE('',#18143,#18144);
#18143 = CARTESIAN_POINT('',(-1.,0.,5.));
#18144 = VECTOR('',#18145,1.);
#18145 = DIRECTION('',(1.,0.,-0.));
#18146 = PCURVE('',#17959,#18147);
#18147 = DEFINITIONAL_REPRESENTATION('',(#18148),#18152);
#18148 = LINE('',#18149,#18150);
#18149 = CARTESIAN_POINT('',(-1.,0.));
#18150 = VECTOR('',#18151,1.);
#18151 = DIRECTION('',(1.,0.));
#18152 = ( GEOMETRIC_REPRESENTATION_CONTEXT(2) 
PARAMETRIC_REPRESENTATION_CONTEXT() REPRESENTATION_CONTEXT('2D SPACE',''
  ) );
#18153 = PCURVE('',#18096,#18154);
#18154 = DEFINITIONAL_REPRESENTATION('',(#18155),#18159);
#18155 = LINE('',#18156,#18157);
#18156 = CARTESIAN_POINT('',(-1.,0.));
#18157 = VECTOR('',#18158,1.);
#18158 = DIRECTION('',(1.,0.));
#18159 = ( GEOMETRIC_REPRESENTATION_CONTEXT(2) 
PARAMETRIC_REPRESENTATION_CONTEXT() REPRESENTATION_CONTEXT('2D SPACE',''
  ) );
#18160 = ORIENTED_EDGE('',*,*,#18161,.T.);
#18161 = EDGE_CURVE('',#18139,#17769,#18162,.T.);
#18162 = SURFACE_CURVE('',#18163,(#18167,#18174),.PCURVE_S1.);
#18163 = LINE('',#18164,#18165);
#18164 = CARTESIAN_POINT('',(-1.,0.,5.));
#18165 = VECTOR('',#18166,1.);
#18166 = DIRECTION('',(-0.,1.,0.));
#18167 = PCURVE('',#17959,#18168);
#18168 = DEFINITIONAL_REPRESENTATION('',(#18169),#18173);
#18169 = LINE('',#18170,#18171);
#18170 = CARTESIAN_POINT('',(-1.,0.));
#18171 = VECTOR('',#18172,1.);
#18172 = DIRECTION('',(0.,1.));
#18173 = ( GEOMETRIC_REPRESENTATION_CONTEXT(2) 
PARAMETRIC_REPRESENTATION_CONTEXT() REPRESENTATION_CONTEXT('2D SPACE',''
  ) );
#18174 = PCURVE('',#18096,#18175);
#18175 = DEFINITIONAL_REPRESENTATION('',(#18176),#18180);
#18176 = LINE('',#18177,#18178);
#18177 = CARTESIAN_POINT('',(-1.,0.));
#18178 = VECTOR('',#18179,1.);
#18179 = DIRECTION('',(0.,1.));
#18180 = ( GEOMETRIC_REPRESENTATION_CONTEXT(2) 
PARAMETRIC_REPRESENTATION_CONTEXT() REPRESENTATION_CONTEXT('2D SPACE',''
  ) );
#18181 = ADVANCED_FACE('',(#18182),#18063,.T.);
#18182 = FACE_BOUND('',#18183,.T.);
#18183 = EDGE_LOOP('',(#18184));
#18184 = ORIENTED_EDGE('',*,*,#18048,.T.);
#18185 = ADVANCED_FACE('',(#18186),#18096,.F.);
#18186 = FACE_BOUND('',#18187,.F.);
#18187 = EDGE_LOOP('',(#18188,#18189,#18190,#18191));
#18188 = ORIENTED_EDGE('',*,*,#18115,.T.);
#18189 = ORIENTED_EDGE('',*,*,#18081,.T.);
#18190 = ORIENTED_EDGE('',*,*,#18161,.F.);
#18191 = ORIENTED_EDGE('',*,*,#18138,.T.);
#18192 = ( GEOMETRIC_REPRESENTATION_CONTEXT(3) 
GLOBAL_UNCERTAINTY_ASSIGNED_CONTEXT((#18196)) 
GLOBAL_UNIT_ASSIGNED_CONTEXT((#18193,#18194,#18195)) 
REPRESENTATION_CONTEXT('Context #1',
  '3D Context with UNIT and UNCERTAINTY') );
#18193 = ( LENGTH_UNIT() NAMED_UNIT(*) SI_UNIT(.MILLI.,.METRE.) );
#18194 = ( NAMED_UNIT(*) PLANE_ANGLE_UNIT() SI_UNIT($,.RADIAN.) );
#18195 = ( NAMED_UNIT(*) SI_UNIT($,.STERADIAN.) SOLID_ANGLE_UNIT() );
#18196 = UNCERTAINTY_MEASURE_WITH_UNIT(LENGTH_MEASURE(1.E-07),#18193,
  'distance_accuracy_value','confusion accuracy');
#18197 = PRODUCT_RELATED_PRODUCT_CATEGORY('part',$,(#7));
ENDSEC;
END-ISO-10303-21;
