ISO-10303-21;
HEADER;
FILE_DESCRIPTION(('Open CASCADE Model'),'2;1');
FILE_NAME('Open CASCADE Shape Model','2026-05-19T03:55:22',('Author'),(
    'Open CASCADE'),'Open CASCADE STEP processor 7.4','Open CASCADE 7.4'
  ,'Unknown');
FILE_SCHEMA(('AUTOMOTIVE_DESIGN { 1 0 10303 214 1 1 1 1 }'));
ENDSEC;
DATA;
#1 = APPLICATION_PROTOCOL_DEFINITION('international standard',
  'automotive_design',2000,#2);
#2 = APPLICATION_CONTEXT(
  'core data for automotive mechanical design processes');
#3 = SHAPE_DEFINITION_REPRESENTATION(#4,#10);
#4 = PRODUCT_DEFINITION_SHAPE('','',#5);
#5 = PRODUCT_DEFINITION('design','',#6,#9);
#6 = PRODUCT_DEFINITION_FORMATION('','',#7);
#7 = PRODUCT('Open CASCADE STEP translator 7.4 39',
  'Open CASCADE STEP translator 7.4 39','',(#8));
#8 = PRODUCT_CONTEXT('',#2,'mechanical');
#9 = PRODUCT_DEFINITION_CONTEXT('part definition',#2,'design');
#10 = ADVANCED_BREP_SHAPE_REPRESENTATION('',(#11,#15),#2205);
#11 = AXIS2_PLACEMENT_3D('',#12,#13,#14);
#12 = CARTESIAN_POINT('',(0.,0.,0.));
#13 = DIRECTION('',(0.,0.,1.));
#14 = DIRECTION('',(1.,0.,-0.));
#15 = MANIFOLD_SOLID_BREP('',#16);
#16 = CLOSED_SHELL('',(#17,#109,#167,#225,#317,#375,#426,#452,#510,#563,
    #594,#647,#678,#731,#762,#815,#846,#897,#903,#961,#1014,#1094,#1125,
    #1183,#1275,#1333,#1384,#1410,#1468,#1521,#1552,#1605,#1636,#1689,
    #1720,#1773,#1804,#1855,#1861,#1887,#1913,#1939,#1965,#1991,#2017,
    #2043,#2069,#2095,#2121,#2147,#2173,#2199));
#17 = ADVANCED_FACE('',(#18),#32,.T.);
#18 = FACE_BOUND('',#19,.T.);
#19 = EDGE_LOOP('',(#20,#55,#83));
#20 = ORIENTED_EDGE('',*,*,#21,.T.);
#21 = EDGE_CURVE('',#22,#24,#26,.T.);
#22 = VERTEX_POINT('',#23);
#23 = CARTESIAN_POINT('',(3.18258447827,50.,9.));
#24 = VERTEX_POINT('',#25);
#25 = CARTESIAN_POINT('',(4.18258447827,48.267949192431,8.84594979969));
#26 = SURFACE_CURVE('',#27,(#31,#43),.PCURVE_S1.);
#27 = LINE('',#28,#29);
#28 = CARTESIAN_POINT('',(3.18258447827,50.,9.));
#29 = VECTOR('',#30,1.);
#30 = DIRECTION('',(0.498523350819,-0.863467772378,-7.67976220527E-02));
#31 = PCURVE('',#32,#37);
#32 = PLANE('',#33);
#33 = AXIS2_PLACEMENT_3D('',#34,#35,#36);
#34 = CARTESIAN_POINT('',(3.617691408749,48.923481815781,9.264742840884)
  );
#35 = DIRECTION('',(-0.803279912329,-0.426827549606,-0.415402967425));
#36 = DIRECTION('',(0.469228183037,-0.883076957147,-2.775557561563E-17)
  );
#37 = DEFINITIONAL_REPRESENTATION('',(#38),#42);
#38 = LINE('',#39,#40);
#39 = CARTESIAN_POINT('',(-1.154812836849,-0.291042137075));
#40 = VECTOR('',#41,1.);
#41 = DIRECTION('',(0.996429699132,-8.442662309549E-02));
#42 = ( GEOMETRIC_REPRESENTATION_CONTEXT(2) 
PARAMETRIC_REPRESENTATION_CONTEXT() REPRESENTATION_CONTEXT('2D SPACE',''
  ) );
#43 = PCURVE('',#44,#49);
#44 = PLANE('',#45);
#45 = AXIS2_PLACEMENT_3D('',#46,#47,#48);
#46 = CARTESIAN_POINT('',(2.631473938893,49.466599552881,7.294591595974)
  );
#47 = DIRECTION('',(-0.77681853396,-0.484295606875,0.402505565748));
#48 = DIRECTION('',(0.529043399956,-0.848594768404,-2.775557561563E-17)
  );
#49 = DEFINITIONAL_REPRESENTATION('',(#50),#54);
#50 = LINE('',#51,#52);
#51 = CARTESIAN_POINT('',(-0.161079435386,1.862984193067));
#52 = VECTOR('',#53,1.);
#53 = DIRECTION('',(0.9964747228,-8.389354456772E-02));
#54 = ( GEOMETRIC_REPRESENTATION_CONTEXT(2) 
PARAMETRIC_REPRESENTATION_CONTEXT() REPRESENTATION_CONTEXT('2D SPACE',''
  ) );
#55 = ORIENTED_EDGE('',*,*,#56,.T.);
#56 = EDGE_CURVE('',#24,#57,#59,.T.);
#57 = VERTEX_POINT('',#58);
#58 = CARTESIAN_POINT('',(3.585786437627,48.267949192431,10.));
#59 = SURFACE_CURVE('',#60,(#64,#71),.PCURVE_S1.);
#60 = LINE('',#61,#62);
#61 = CARTESIAN_POINT('',(4.18258447827,48.267949192431,8.84594979969));
#62 = VECTOR('',#63,1.);
#63 = DIRECTION('',(-0.459347331296,-1.232595164408E-32,0.888256736102)
  );
#64 = PCURVE('',#32,#65);
#65 = DEFINITIONAL_REPRESENTATION('',(#66),#70);
#66 = LINE('',#67,#68);
#67 = CARTESIAN_POINT('',(0.84394950296,-0.460395534377));
#68 = VECTOR('',#69,1.);
#69 = DIRECTION('',(-0.215538713647,0.976495295902));
#70 = ( GEOMETRIC_REPRESENTATION_CONTEXT(2) 
PARAMETRIC_REPRESENTATION_CONTEXT() REPRESENTATION_CONTEXT('2D SPACE',''
  ) );
#71 = PCURVE('',#72,#77);
#72 = PLANE('',#73);
#73 = AXIS2_PLACEMENT_3D('',#74,#75,#76);
#74 = CARTESIAN_POINT('',(3.735989904726,0.322621996746,9.70954606167));
#75 = DIRECTION('',(-0.888256736102,-1.59050070138E-18,-0.459347331296)
  );
#76 = DIRECTION('',(0.459347331296,0.,-0.888256736102));
#77 = DEFINITIONAL_REPRESENTATION('',(#78),#82);
#78 = LINE('',#79,#80);
#79 = CARTESIAN_POINT('',(0.972237222505,-47.94532719568));
#80 = VECTOR('',#81,1.);
#81 = DIRECTION('',(-1.,7.800016274768E-33));
#82 = ( GEOMETRIC_REPRESENTATION_CONTEXT(2) 
PARAMETRIC_REPRESENTATION_CONTEXT() REPRESENTATION_CONTEXT('2D SPACE',''
  ) );
#83 = ORIENTED_EDGE('',*,*,#84,.T.);
#84 = EDGE_CURVE('',#57,#22,#85,.T.);
#85 = SURFACE_CURVE('',#86,(#90,#97),.PCURVE_S1.);
#86 = LINE('',#87,#88);
#87 = CARTESIAN_POINT('',(3.585786437627,48.267949192431,10.));
#88 = VECTOR('',#89,1.);
#89 = DIRECTION('',(-0.197624945875,0.84894539611,-0.490138852971));
#90 = PCURVE('',#32,#91);
#91 = DEFINITIONAL_REPRESENTATION('',(#92),#96);
#92 = LINE('',#93,#94);
#93 = CARTESIAN_POINT('',(0.563915042709,0.808296889823));
#94 = VECTOR('',#95,1.);
#95 = DIRECTION('',(-0.842415311456,-0.53882876967));
#96 = ( GEOMETRIC_REPRESENTATION_CONTEXT(2) 
PARAMETRIC_REPRESENTATION_CONTEXT() REPRESENTATION_CONTEXT('2D SPACE',''
  ) );
#97 = PCURVE('',#98,#103);
#98 = PLANE('',#99);
#99 = AXIS2_PLACEMENT_3D('',#100,#101,#102);
#100 = CARTESIAN_POINT('',(0.336931821131,48.752231594389,9.720399424866
    ));
#101 = DIRECTION('',(1.797329078791E-17,-0.5,-0.866025403784));
#102 = DIRECTION('',(0.,-0.866025403784,0.5));
#103 = DEFINITIONAL_REPRESENTATION('',(#104),#108);
#104 = LINE('',#105,#106);
#105 = CARTESIAN_POINT('',(0.559201150268,-3.248854616496));
#106 = VECTOR('',#107,1.);
#107 = DIRECTION('',(-0.980277705943,0.197624945875));
#108 = ( GEOMETRIC_REPRESENTATION_CONTEXT(2) 
PARAMETRIC_REPRESENTATION_CONTEXT() REPRESENTATION_CONTEXT('2D SPACE',''
  ) );
#109 = ADVANCED_FACE('',(#110),#98,.T.);
#110 = FACE_BOUND('',#111,.T.);
#111 = EDGE_LOOP('',(#112,#113,#141));
#112 = ORIENTED_EDGE('',*,*,#84,.F.);
#113 = ORIENTED_EDGE('',*,*,#114,.T.);
#114 = EDGE_CURVE('',#57,#115,#117,.T.);
#115 = VERTEX_POINT('',#116);
#116 = CARTESIAN_POINT('',(-3.585786437627,48.267949192431,10.));
#117 = SURFACE_CURVE('',#118,(#122,#129),.PCURVE_S1.);
#118 = LINE('',#119,#120);
#119 = CARTESIAN_POINT('',(3.585786437627,48.267949192431,10.));
#120 = VECTOR('',#121,1.);
#121 = DIRECTION('',(-1.,0.,0.));
#122 = PCURVE('',#98,#123);
#123 = DEFINITIONAL_REPRESENTATION('',(#124),#128);
#124 = LINE('',#125,#126);
#125 = CARTESIAN_POINT('',(0.559201150268,-3.248854616496));
#126 = VECTOR('',#127,1.);
#127 = DIRECTION('',(-1.54074395551E-33,1.));
#128 = ( GEOMETRIC_REPRESENTATION_CONTEXT(2) 
PARAMETRIC_REPRESENTATION_CONTEXT() REPRESENTATION_CONTEXT('2D SPACE',''
  ) );
#129 = PCURVE('',#130,#135);
#130 = PLANE('',#131);
#131 = AXIS2_PLACEMENT_3D('',#132,#133,#134);
#132 = CARTESIAN_POINT('',(-1.726388565542,1.726388565542,10.));
#133 = DIRECTION('',(0.,0.,-1.));
#134 = DIRECTION('',(-1.,0.,0.));
#135 = DEFINITIONAL_REPRESENTATION('',(#136),#140);
#136 = LINE('',#137,#138);
#137 = CARTESIAN_POINT('',(-5.312175003169,46.541560626889));
#138 = VECTOR('',#139,1.);
#139 = DIRECTION('',(1.,0.));
#140 = ( GEOMETRIC_REPRESENTATION_CONTEXT(2) 
PARAMETRIC_REPRESENTATION_CONTEXT() REPRESENTATION_CONTEXT('2D SPACE',''
  ) );
#141 = ORIENTED_EDGE('',*,*,#142,.T.);
#142 = EDGE_CURVE('',#115,#22,#143,.T.);
#143 = SURFACE_CURVE('',#144,(#148,#155),.PCURVE_S1.);
#144 = LINE('',#145,#146);
#145 = CARTESIAN_POINT('',(-3.585786437627,48.267949192431,10.));
#146 = VECTOR('',#147,1.);
#147 = DIRECTION('',(0.959007926177,0.245413626653,-0.141689623411));
#148 = PCURVE('',#98,#149);
#149 = DEFINITIONAL_REPRESENTATION('',(#150),#154);
#150 = LINE('',#151,#152);
#151 = CARTESIAN_POINT('',(0.559201150268,3.922718258758));
#152 = VECTOR('',#153,1.);
#153 = DIRECTION('',(-0.283379246821,-0.959007926177));
#154 = ( GEOMETRIC_REPRESENTATION_CONTEXT(2) 
PARAMETRIC_REPRESENTATION_CONTEXT() REPRESENTATION_CONTEXT('2D SPACE',''
  ) );
#155 = PCURVE('',#156,#161);
#156 = PLANE('',#157);
#157 = AXIS2_PLACEMENT_3D('',#158,#159,#160);
#158 = CARTESIAN_POINT('',(-0.538532800809,49.490462147619,
    9.294181816235));
#159 = DIRECTION('',(-1.912163214902E-17,-0.5,-0.866025403784));
#160 = DIRECTION('',(0.,-0.866025403784,0.5));
#161 = DEFINITIONAL_REPRESENTATION('',(#162),#166);
#162 = LINE('',#163,#164);
#163 = CARTESIAN_POINT('',(1.411636367531,3.047253636818));
#164 = VECTOR('',#165,1.);
#165 = DIRECTION('',(-0.283379246821,-0.959007926177));
#166 = ( GEOMETRIC_REPRESENTATION_CONTEXT(2) 
PARAMETRIC_REPRESENTATION_CONTEXT() REPRESENTATION_CONTEXT('2D SPACE',''
  ) );
#167 = ADVANCED_FACE('',(#168),#156,.T.);
#168 = FACE_BOUND('',#169,.T.);
#169 = EDGE_LOOP('',(#170,#171,#199));
#170 = ORIENTED_EDGE('',*,*,#142,.F.);
#171 = ORIENTED_EDGE('',*,*,#172,.T.);
#172 = EDGE_CURVE('',#115,#173,#175,.T.);
#173 = VERTEX_POINT('',#174);
#174 = CARTESIAN_POINT('',(-3.18258447827,50.,9.));
#175 = SURFACE_CURVE('',#176,(#180,#187),.PCURVE_S1.);
#176 = LINE('',#177,#178);
#177 = CARTESIAN_POINT('',(-3.585786437627,48.267949192431,10.));
#178 = VECTOR('',#179,1.);
#179 = DIRECTION('',(0.197624945875,0.84894539611,-0.490138852971));
#180 = PCURVE('',#156,#181);
#181 = DEFINITIONAL_REPRESENTATION('',(#182),#186);
#182 = LINE('',#183,#184);
#183 = CARTESIAN_POINT('',(1.411636367531,3.047253636818));
#184 = VECTOR('',#185,1.);
#185 = DIRECTION('',(-0.980277705943,-0.197624945875));
#186 = ( GEOMETRIC_REPRESENTATION_CONTEXT(2) 
PARAMETRIC_REPRESENTATION_CONTEXT() REPRESENTATION_CONTEXT('2D SPACE',''
  ) );
#187 = PCURVE('',#188,#193);
#188 = PLANE('',#189);
#189 = AXIS2_PLACEMENT_3D('',#190,#191,#192);
#190 = CARTESIAN_POINT('',(-3.617691408749,48.923481815781,
    9.264742840884));
#191 = DIRECTION('',(0.803279912329,-0.426827549606,-0.415402967425));
#192 = DIRECTION('',(0.469228183037,0.883076957147,2.775557561563E-17));
#193 = DEFINITIONAL_REPRESENTATION('',(#194),#198);
#194 = LINE('',#195,#196);
#195 = CARTESIAN_POINT('',(-0.563915042709,0.808296889823));
#196 = VECTOR('',#197,1.);
#197 = DIRECTION('',(0.842415311456,-0.53882876967));
#198 = ( GEOMETRIC_REPRESENTATION_CONTEXT(2) 
PARAMETRIC_REPRESENTATION_CONTEXT() REPRESENTATION_CONTEXT('2D SPACE',''
  ) );
#199 = ORIENTED_EDGE('',*,*,#200,.F.);
#200 = EDGE_CURVE('',#22,#173,#201,.T.);
#201 = SURFACE_CURVE('',#202,(#206,#213),.PCURVE_S1.);
#202 = LINE('',#203,#204);
#203 = CARTESIAN_POINT('',(3.18258447827,50.,9.));
#204 = VECTOR('',#205,1.);
#205 = DIRECTION('',(-1.,0.,0.));
#206 = PCURVE('',#156,#207);
#207 = DEFINITIONAL_REPRESENTATION('',(#208),#212);
#208 = LINE('',#209,#210);
#209 = CARTESIAN_POINT('',(-0.588363632469,-3.721117279079));
#210 = VECTOR('',#211,1.);
#211 = DIRECTION('',(0.,1.));
#212 = ( GEOMETRIC_REPRESENTATION_CONTEXT(2) 
PARAMETRIC_REPRESENTATION_CONTEXT() REPRESENTATION_CONTEXT('2D SPACE',''
  ) );
#213 = PCURVE('',#214,#219);
#214 = PLANE('',#215);
#215 = AXIS2_PLACEMENT_3D('',#216,#217,#218);
#216 = CARTESIAN_POINT('',(-0.214418230625,50.,7.760582106579));
#217 = DIRECTION('',(-9.860761315263E-32,-1.,6.409494854921E-31));
#218 = DIRECTION('',(0.,-6.409494854921E-31,-1.));
#219 = DEFINITIONAL_REPRESENTATION('',(#220),#224);
#220 = LINE('',#221,#222);
#221 = CARTESIAN_POINT('',(-1.239417893421,3.397002708895));
#222 = VECTOR('',#223,1.);
#223 = DIRECTION('',(0.,-1.));
#224 = ( GEOMETRIC_REPRESENTATION_CONTEXT(2) 
PARAMETRIC_REPRESENTATION_CONTEXT() REPRESENTATION_CONTEXT('2D SPACE',''
  ) );
#225 = ADVANCED_FACE('',(#226),#240,.T.);
#226 = FACE_BOUND('',#227,.T.);
#227 = EDGE_LOOP('',(#228,#263,#291));
#228 = ORIENTED_EDGE('',*,*,#229,.T.);
#229 = EDGE_CURVE('',#230,#232,#234,.T.);
#230 = VERTEX_POINT('',#231);
#231 = CARTESIAN_POINT('',(-1.109999707688,50.,5.));
#232 = VERTEX_POINT('',#233);
#233 = CARTESIAN_POINT('',(-4.,50.,-5.E-02));
#234 = SURFACE_CURVE('',#235,(#239,#251),.PCURVE_S1.);
#235 = LINE('',#236,#237);
#236 = CARTESIAN_POINT('',(-1.109999707688,50.,5.));
#237 = VECTOR('',#238,1.);
#238 = DIRECTION('',(-0.496694135646,0.,-0.867925650972));
#239 = PCURVE('',#240,#245);
#240 = PLANE('',#241);
#241 = AXIS2_PLACEMENT_3D('',#242,#243,#244);
#242 = CARTESIAN_POINT('',(-0.213535046829,50.,1.513223506896));
#243 = DIRECTION('',(-1.725633230171E-31,-1.,-5.916456789158E-31));
#244 = DIRECTION('',(-2.736911063134E-48,5.916456789158E-31,-1.));
#245 = DEFINITIONAL_REPRESENTATION('',(#246),#250);
#246 = LINE('',#247,#248);
#247 = CARTESIAN_POINT('',(-3.486776493104,-0.896464660859));
#248 = VECTOR('',#249,1.);
#249 = DIRECTION('',(0.867925650972,-0.496694135646));
#250 = ( GEOMETRIC_REPRESENTATION_CONTEXT(2) 
PARAMETRIC_REPRESENTATION_CONTEXT() REPRESENTATION_CONTEXT('2D SPACE',''
  ) );
#251 = PCURVE('',#252,#257);
#252 = PLANE('',#253);
#253 = AXIS2_PLACEMENT_3D('',#254,#255,#256);
#254 = CARTESIAN_POINT('',(-3.053666318419,49.483316078805,
    2.124891986583));
#255 = DIRECTION('',(0.775955480398,-0.447998105487,-0.444061696074));
#256 = DIRECTION('',(0.5,0.866025403784,0.));
#257 = DEFINITIONAL_REPRESENTATION('',(#258),#262);
#258 = LINE('',#259,#260);
#259 = CARTESIAN_POINT('',(1.419294706848,3.208839477447));
#260 = VECTOR('',#261,1.);
#261 = DIRECTION('',(-0.248347067823,-0.968671117513));
#262 = ( GEOMETRIC_REPRESENTATION_CONTEXT(2) 
PARAMETRIC_REPRESENTATION_CONTEXT() REPRESENTATION_CONTEXT('2D SPACE',''
  ) );
#263 = ORIENTED_EDGE('',*,*,#264,.T.);
#264 = EDGE_CURVE('',#232,#265,#267,.T.);
#265 = VERTEX_POINT('',#266);
#266 = CARTESIAN_POINT('',(4.,50.,-5.E-02));
#267 = SURFACE_CURVE('',#268,(#272,#279),.PCURVE_S1.);
#268 = LINE('',#269,#270);
#269 = CARTESIAN_POINT('',(-4.,50.,-5.E-02));
#270 = VECTOR('',#271,1.);
#271 = DIRECTION('',(1.,0.,0.));
#272 = PCURVE('',#240,#273);
#273 = DEFINITIONAL_REPRESENTATION('',(#274),#278);
#274 = LINE('',#275,#276);
#275 = CARTESIAN_POINT('',(1.563223506896,-3.786464953171));
#276 = VECTOR('',#277,1.);
#277 = DIRECTION('',(-2.736911063134E-48,1.));
#278 = ( GEOMETRIC_REPRESENTATION_CONTEXT(2) 
PARAMETRIC_REPRESENTATION_CONTEXT() REPRESENTATION_CONTEXT('2D SPACE',''
  ) );
#279 = PCURVE('',#280,#285);
#280 = PLANE('',#281);
#281 = AXIS2_PLACEMENT_3D('',#282,#283,#284);
#282 = CARTESIAN_POINT('',(0.708712152522,49.495474648541,-5.E-02));
#283 = DIRECTION('',(3.281262968618E-31,2.736361264985E-30,1.));
#284 = DIRECTION('',(0.,1.,-2.736361264985E-30));
#285 = DEFINITIONAL_REPRESENTATION('',(#286),#290);
#286 = LINE('',#287,#288);
#287 = CARTESIAN_POINT('',(0.504525351459,4.708712152522));
#288 = VECTOR('',#289,1.);
#289 = DIRECTION('',(0.,-1.));
#290 = ( GEOMETRIC_REPRESENTATION_CONTEXT(2) 
PARAMETRIC_REPRESENTATION_CONTEXT() REPRESENTATION_CONTEXT('2D SPACE',''
  ) );
#291 = ORIENTED_EDGE('',*,*,#292,.T.);
#292 = EDGE_CURVE('',#265,#230,#293,.T.);
#293 = SURFACE_CURVE('',#294,(#298,#305),.PCURVE_S1.);
#294 = LINE('',#295,#296);
#295 = CARTESIAN_POINT('',(4.,50.,-5.E-02));
#296 = VECTOR('',#297,1.);
#297 = DIRECTION('',(-0.71127018584,0.,0.702918717018));
#298 = PCURVE('',#240,#299);
#299 = DEFINITIONAL_REPRESENTATION('',(#300),#304);
#300 = LINE('',#301,#302);
#301 = CARTESIAN_POINT('',(1.563223506896,4.213535046829));
#302 = VECTOR('',#303,1.);
#303 = DIRECTION('',(-0.702918717018,-0.71127018584));
#304 = ( GEOMETRIC_REPRESENTATION_CONTEXT(2) 
PARAMETRIC_REPRESENTATION_CONTEXT() REPRESENTATION_CONTEXT('2D SPACE',''
  ) );
#305 = PCURVE('',#306,#311);
#306 = PLANE('',#307);
#307 = AXIS2_PLACEMENT_3D('',#308,#309,#310);
#308 = CARTESIAN_POINT('',(1.658535192985,50.,2.843230449217));
#309 = DIRECTION('',(0.,-1.,0.));
#310 = DIRECTION('',(0.,0.,-1.));
#311 = DEFINITIONAL_REPRESENTATION('',(#312),#316);
#312 = LINE('',#313,#314);
#313 = CARTESIAN_POINT('',(2.893230449217,2.341464807015));
#314 = VECTOR('',#315,1.);
#315 = DIRECTION('',(-0.702918717018,-0.71127018584));
#316 = ( GEOMETRIC_REPRESENTATION_CONTEXT(2) 
PARAMETRIC_REPRESENTATION_CONTEXT() REPRESENTATION_CONTEXT('2D SPACE',''
  ) );
#317 = ADVANCED_FACE('',(#318),#306,.T.);
#318 = FACE_BOUND('',#319,.T.);
#319 = EDGE_LOOP('',(#320,#321,#349));
#320 = ORIENTED_EDGE('',*,*,#292,.F.);
#321 = ORIENTED_EDGE('',*,*,#322,.T.);
#322 = EDGE_CURVE('',#265,#323,#325,.T.);
#323 = VERTEX_POINT('',#324);
#324 = CARTESIAN_POINT('',(1.109999707688,50.,5.));
#325 = SURFACE_CURVE('',#326,(#330,#337),.PCURVE_S1.);
#326 = LINE('',#327,#328);
#327 = CARTESIAN_POINT('',(4.,50.,-5.E-02));
#328 = VECTOR('',#329,1.);
#329 = DIRECTION('',(-0.496694135646,0.,0.867925650972));
#330 = PCURVE('',#306,#331);
#331 = DEFINITIONAL_REPRESENTATION('',(#332),#336);
#332 = LINE('',#333,#334);
#333 = CARTESIAN_POINT('',(2.893230449217,2.341464807015));
#334 = VECTOR('',#335,1.);
#335 = DIRECTION('',(-0.867925650972,-0.496694135646));
#336 = ( GEOMETRIC_REPRESENTATION_CONTEXT(2) 
PARAMETRIC_REPRESENTATION_CONTEXT() REPRESENTATION_CONTEXT('2D SPACE',''
  ) );
#337 = PCURVE('',#338,#343);
#338 = PLANE('',#339);
#339 = AXIS2_PLACEMENT_3D('',#340,#341,#342);
#340 = CARTESIAN_POINT('',(2.624850601781,49.507730361783,2.849575866617
    ));
#341 = DIRECTION('',(-0.775955480398,-0.447998105487,-0.444061696074));
#342 = DIRECTION('',(0.5,-0.866025403784,2.775557561563E-17));
#343 = DEFINITIONAL_REPRESENTATION('',(#344),#348);
#344 = LINE('',#345,#346);
#345 = CARTESIAN_POINT('',(0.261256686902,-3.236147464803));
#346 = VECTOR('',#347,1.);
#347 = DIRECTION('',(-0.248347067823,0.968671117513));
#348 = ( GEOMETRIC_REPRESENTATION_CONTEXT(2) 
PARAMETRIC_REPRESENTATION_CONTEXT() REPRESENTATION_CONTEXT('2D SPACE',''
  ) );
#349 = ORIENTED_EDGE('',*,*,#350,.F.);
#350 = EDGE_CURVE('',#230,#323,#351,.T.);
#351 = SURFACE_CURVE('',#352,(#356,#363),.PCURVE_S1.);
#352 = LINE('',#353,#354);
#353 = CARTESIAN_POINT('',(-1.109999707688,50.,5.));
#354 = VECTOR('',#355,1.);
#355 = DIRECTION('',(1.,0.,0.));
#356 = PCURVE('',#306,#357);
#357 = DEFINITIONAL_REPRESENTATION('',(#358),#362);
#358 = LINE('',#359,#360);
#359 = CARTESIAN_POINT('',(-2.156769550783,-2.768534900673));
#360 = VECTOR('',#361,1.);
#361 = DIRECTION('',(0.,1.));
#362 = ( GEOMETRIC_REPRESENTATION_CONTEXT(2) 
PARAMETRIC_REPRESENTATION_CONTEXT() REPRESENTATION_CONTEXT('2D SPACE',''
  ) );
#363 = PCURVE('',#364,#369);
#364 = PLANE('',#365);
#365 = AXIS2_PLACEMENT_3D('',#366,#367,#368);
#366 = CARTESIAN_POINT('',(1.250710615916,50.,6.647408011615));
#367 = DIRECTION('',(2.465190328816E-30,-1.,-2.120063682781E-30));
#368 = DIRECTION('',(-1.,-2.465190328816E-30,0.));
#369 = DEFINITIONAL_REPRESENTATION('',(#370),#374);
#370 = LINE('',#371,#372);
#371 = CARTESIAN_POINT('',(2.360710323604,1.647408011615));
#372 = VECTOR('',#373,1.);
#373 = DIRECTION('',(-1.,0.));
#374 = ( GEOMETRIC_REPRESENTATION_CONTEXT(2) 
PARAMETRIC_REPRESENTATION_CONTEXT() REPRESENTATION_CONTEXT('2D SPACE',''
  ) );
#375 = ADVANCED_FACE('',(#376),#214,.T.);
#376 = FACE_BOUND('',#377,.T.);
#377 = EDGE_LOOP('',(#378,#379,#405));
#378 = ORIENTED_EDGE('',*,*,#200,.T.);
#379 = ORIENTED_EDGE('',*,*,#380,.T.);
#380 = EDGE_CURVE('',#173,#230,#381,.T.);
#381 = SURFACE_CURVE('',#382,(#386,#393),.PCURVE_S1.);
#382 = LINE('',#383,#384);
#383 = CARTESIAN_POINT('',(-3.18258447827,50.,9.));
#384 = VECTOR('',#385,1.);
#385 = DIRECTION('',(0.460056608492,0.,-0.887889586031));
#386 = PCURVE('',#214,#387);
#387 = DEFINITIONAL_REPRESENTATION('',(#388),#392);
#388 = LINE('',#389,#390);
#389 = CARTESIAN_POINT('',(-1.239417893421,-2.968166247645));
#390 = VECTOR('',#391,1.);
#391 = DIRECTION('',(0.887889586031,0.460056608492));
#392 = ( GEOMETRIC_REPRESENTATION_CONTEXT(2) 
PARAMETRIC_REPRESENTATION_CONTEXT() REPRESENTATION_CONTEXT('2D SPACE',''
  ) );
#393 = PCURVE('',#394,#399);
#394 = PLANE('',#395);
#395 = AXIS2_PLACEMENT_3D('',#396,#397,#398);
#396 = CARTESIAN_POINT('',(-2.252884635452,49.488850391292,
    6.636164803704));
#397 = DIRECTION('',(0.790122921676,-0.456177681523,0.409399183588));
#398 = DIRECTION('',(0.5,0.866025403784,-2.775557561563E-17));
#399 = DEFINITIONAL_REPRESENTATION('',(#400),#404);
#400 = LINE('',#401,#402);
#401 = CARTESIAN_POINT('',(-2.218137513347E-02,2.590915000933));
#402 = VECTOR('',#403,1.);
#403 = DIRECTION('',(0.230028304246,-0.973183939061));
#404 = ( GEOMETRIC_REPRESENTATION_CONTEXT(2) 
PARAMETRIC_REPRESENTATION_CONTEXT() REPRESENTATION_CONTEXT('2D SPACE',''
  ) );
#405 = ORIENTED_EDGE('',*,*,#406,.T.);
#406 = EDGE_CURVE('',#230,#22,#407,.T.);
#407 = SURFACE_CURVE('',#408,(#412,#419),.PCURVE_S1.);
#408 = LINE('',#409,#410);
#409 = CARTESIAN_POINT('',(-1.109999707688,50.,5.));
#410 = VECTOR('',#411,1.);
#411 = DIRECTION('',(0.731600138942,0.,0.681733992624));
#412 = PCURVE('',#214,#413);
#413 = DEFINITIONAL_REPRESENTATION('',(#414),#418);
#414 = LINE('',#415,#416);
#415 = CARTESIAN_POINT('',(2.760582106579,-0.895581477062));
#416 = VECTOR('',#417,1.);
#417 = DIRECTION('',(-0.681733992624,0.731600138942));
#418 = ( GEOMETRIC_REPRESENTATION_CONTEXT(2) 
PARAMETRIC_REPRESENTATION_CONTEXT() REPRESENTATION_CONTEXT('2D SPACE',''
  ) );
#419 = PCURVE('',#364,#420);
#420 = DEFINITIONAL_REPRESENTATION('',(#421),#425);
#421 = LINE('',#422,#423);
#422 = CARTESIAN_POINT('',(2.360710323604,1.647408011615));
#423 = VECTOR('',#424,1.);
#424 = DIRECTION('',(-0.731600138942,-0.681733992624));
#425 = ( GEOMETRIC_REPRESENTATION_CONTEXT(2) 
PARAMETRIC_REPRESENTATION_CONTEXT() REPRESENTATION_CONTEXT('2D SPACE',''
  ) );
#426 = ADVANCED_FACE('',(#427),#364,.T.);
#427 = FACE_BOUND('',#428,.T.);
#428 = EDGE_LOOP('',(#429,#430,#431));
#429 = ORIENTED_EDGE('',*,*,#406,.F.);
#430 = ORIENTED_EDGE('',*,*,#350,.T.);
#431 = ORIENTED_EDGE('',*,*,#432,.T.);
#432 = EDGE_CURVE('',#323,#22,#433,.T.);
#433 = SURFACE_CURVE('',#434,(#438,#445),.PCURVE_S1.);
#434 = LINE('',#435,#436);
#435 = CARTESIAN_POINT('',(1.109999707688,50.,5.));
#436 = VECTOR('',#437,1.);
#437 = DIRECTION('',(0.460056608492,0.,0.887889586031));
#438 = PCURVE('',#364,#439);
#439 = DEFINITIONAL_REPRESENTATION('',(#440),#444);
#440 = LINE('',#441,#442);
#441 = CARTESIAN_POINT('',(0.140710908229,1.647408011615));
#442 = VECTOR('',#443,1.);
#443 = DIRECTION('',(-0.460056608492,-0.887889586031));
#444 = ( GEOMETRIC_REPRESENTATION_CONTEXT(2) 
PARAMETRIC_REPRESENTATION_CONTEXT() REPRESENTATION_CONTEXT('2D SPACE',''
  ) );
#445 = PCURVE('',#44,#446);
#446 = DEFINITIONAL_REPRESENTATION('',(#447),#451);
#447 = LINE('',#448,#449);
#448 = CARTESIAN_POINT('',(-1.257566729111,-2.506606548175));
#449 = VECTOR('',#450,1.);
#450 = DIRECTION('',(0.243389912329,0.969928528592));
#451 = ( GEOMETRIC_REPRESENTATION_CONTEXT(2) 
PARAMETRIC_REPRESENTATION_CONTEXT() REPRESENTATION_CONTEXT('2D SPACE',''
  ) );
#452 = ADVANCED_FACE('',(#453),#188,.T.);
#453 = FACE_BOUND('',#454,.T.);
#454 = EDGE_LOOP('',(#455,#456,#484));
#455 = ORIENTED_EDGE('',*,*,#172,.F.);
#456 = ORIENTED_EDGE('',*,*,#457,.T.);
#457 = EDGE_CURVE('',#115,#458,#460,.T.);
#458 = VERTEX_POINT('',#459);
#459 = CARTESIAN_POINT('',(-4.18258447827,48.267949192431,8.84594979969)
  );
#460 = SURFACE_CURVE('',#461,(#465,#472),.PCURVE_S1.);
#461 = LINE('',#462,#463);
#462 = CARTESIAN_POINT('',(-3.585786437627,48.267949192431,10.));
#463 = VECTOR('',#464,1.);
#464 = DIRECTION('',(-0.459347331296,0.,-0.888256736102));
#465 = PCURVE('',#188,#466);
#466 = DEFINITIONAL_REPRESENTATION('',(#467),#471);
#467 = LINE('',#468,#469);
#468 = CARTESIAN_POINT('',(-0.563915042709,0.808296889823));
#469 = VECTOR('',#470,1.);
#470 = DIRECTION('',(-0.215538713647,-0.976495295902));
#471 = ( GEOMETRIC_REPRESENTATION_CONTEXT(2) 
PARAMETRIC_REPRESENTATION_CONTEXT() REPRESENTATION_CONTEXT('2D SPACE',''
  ) );
#472 = PCURVE('',#473,#478);
#473 = PLANE('',#474);
#474 = AXIS2_PLACEMENT_3D('',#475,#476,#477);
#475 = CARTESIAN_POINT('',(-4.032381011171,0.322621996746,9.136403738021
    ));
#476 = DIRECTION('',(0.888256736102,1.59050070138E-18,-0.459347331296));
#477 = DIRECTION('',(0.459347331296,0.,0.888256736102));
#478 = DEFINITIONAL_REPRESENTATION('',(#479),#483);
#479 = LINE('',#480,#481);
#480 = CARTESIAN_POINT('',(0.972237222505,-47.94532719568));
#481 = VECTOR('',#482,1.);
#482 = DIRECTION('',(-1.,-4.52593536931E-33));
#483 = ( GEOMETRIC_REPRESENTATION_CONTEXT(2) 
PARAMETRIC_REPRESENTATION_CONTEXT() REPRESENTATION_CONTEXT('2D SPACE',''
  ) );
#484 = ORIENTED_EDGE('',*,*,#485,.T.);
#485 = EDGE_CURVE('',#458,#173,#486,.T.);
#486 = SURFACE_CURVE('',#487,(#491,#498),.PCURVE_S1.);
#487 = LINE('',#488,#489);
#488 = CARTESIAN_POINT('',(-4.18258447827,48.267949192431,8.84594979969)
  );
#489 = VECTOR('',#490,1.);
#490 = DIRECTION('',(0.498523350819,0.863467772378,7.67976220527E-02));
#491 = PCURVE('',#188,#492);
#492 = DEFINITIONAL_REPRESENTATION('',(#493),#497);
#493 = LINE('',#494,#495);
#494 = CARTESIAN_POINT('',(-0.84394950296,-0.460395534377));
#495 = VECTOR('',#496,1.);
#496 = DIRECTION('',(0.996429699132,8.442662309549E-02));
#497 = ( GEOMETRIC_REPRESENTATION_CONTEXT(2) 
PARAMETRIC_REPRESENTATION_CONTEXT() REPRESENTATION_CONTEXT('2D SPACE',''
  ) );
#498 = PCURVE('',#499,#504);
#499 = PLANE('',#500);
#500 = AXIS2_PLACEMENT_3D('',#501,#502,#503);
#501 = CARTESIAN_POINT('',(-3.038713708993,48.785700901454,
    7.324090982772));
#502 = DIRECTION('',(0.771197846298,-0.482215043964,0.415599005341));
#503 = DIRECTION('',(0.530170010151,0.847891361164,0.));
#504 = DEFINITIONAL_REPRESENTATION('',(#505),#509);
#505 = LINE('',#506,#507);
#506 = CARTESIAN_POINT('',(-1.045443178667,1.673203510578));
#507 = VECTOR('',#508,1.);
#508 = DIRECTION('',(0.996428994807,8.443493535285E-02));
#509 = ( GEOMETRIC_REPRESENTATION_CONTEXT(2) 
PARAMETRIC_REPRESENTATION_CONTEXT() REPRESENTATION_CONTEXT('2D SPACE',''
  ) );
#510 = ADVANCED_FACE('',(#511),#499,.T.);
#511 = FACE_BOUND('',#512,.T.);
#512 = EDGE_LOOP('',(#513,#514,#542));
#513 = ORIENTED_EDGE('',*,*,#485,.F.);
#514 = ORIENTED_EDGE('',*,*,#515,.T.);
#515 = EDGE_CURVE('',#458,#516,#518,.T.);
#516 = VERTEX_POINT('',#517);
#517 = CARTESIAN_POINT('',(-2.109999707688,48.267949192431,5.));
#518 = SURFACE_CURVE('',#519,(#523,#530),.PCURVE_S1.);
#519 = LINE('',#520,#521);
#520 = CARTESIAN_POINT('',(-4.18258447827,48.267949192431,8.84594979969)
  );
#521 = VECTOR('',#522,1.);
#522 = DIRECTION('',(0.474399450154,0.,-0.880309696467));
#523 = PCURVE('',#499,#524);
#524 = DEFINITIONAL_REPRESENTATION('',(#525),#529);
#525 = LINE('',#526,#527);
#526 = CARTESIAN_POINT('',(-1.045443178667,1.673203510578));
#527 = VECTOR('',#528,1.);
#528 = DIRECTION('',(0.251512361304,-0.967854086168));
#529 = ( GEOMETRIC_REPRESENTATION_CONTEXT(2) 
PARAMETRIC_REPRESENTATION_CONTEXT() REPRESENTATION_CONTEXT('2D SPACE',''
  ) );
#530 = PCURVE('',#531,#536);
#531 = PLANE('',#532);
#532 = AXIS2_PLACEMENT_3D('',#533,#534,#535);
#533 = CARTESIAN_POINT('',(-2.639864599239,1.067512817681,5.983233015338
    ));
#534 = DIRECTION('',(0.880309696467,3.604601129612E-18,0.474399450154));
#535 = DIRECTION('',(-0.474399450154,0.,0.880309696467));
#536 = DEFINITIONAL_REPRESENTATION('',(#537),#541);
#537 = LINE('',#538,#539);
#538 = CARTESIAN_POINT('',(3.251942805858,-47.20043637475));
#539 = VECTOR('',#540,1.);
#540 = DIRECTION('',(-1.,-3.851859888774E-34));
#541 = ( GEOMETRIC_REPRESENTATION_CONTEXT(2) 
PARAMETRIC_REPRESENTATION_CONTEXT() REPRESENTATION_CONTEXT('2D SPACE',''
  ) );
#542 = ORIENTED_EDGE('',*,*,#543,.T.);
#543 = EDGE_CURVE('',#516,#173,#544,.T.);
#544 = SURFACE_CURVE('',#545,(#549,#556),.PCURVE_S1.);
#545 = LINE('',#546,#547);
#546 = CARTESIAN_POINT('',(-2.109999707688,48.267949192431,5.));
#547 = VECTOR('',#548,1.);
#548 = DIRECTION('',(-0.238940286408,0.385849890269,0.891082152055));
#549 = PCURVE('',#499,#550);
#550 = DEFINITIONAL_REPRESENTATION('',(#551),#555);
#551 = LINE('',#552,#553);
#552 = CARTESIAN_POINT('',(5.337911019143E-02,-2.55521546943));
#553 = VECTOR('',#554,1.);
#554 = DIRECTION('',(0.200479814595,0.979697832977));
#555 = ( GEOMETRIC_REPRESENTATION_CONTEXT(2) 
PARAMETRIC_REPRESENTATION_CONTEXT() REPRESENTATION_CONTEXT('2D SPACE',''
  ) );
#556 = PCURVE('',#394,#557);
#557 = DEFINITIONAL_REPRESENTATION('',(#558),#562);
#558 = LINE('',#559,#560);
#559 = CARTESIAN_POINT('',(-0.985888989842,-1.79334157498));
#560 = VECTOR('',#561,1.);
#561 = DIRECTION('',(0.214685663817,0.976683196206));
#562 = ( GEOMETRIC_REPRESENTATION_CONTEXT(2) 
PARAMETRIC_REPRESENTATION_CONTEXT() REPRESENTATION_CONTEXT('2D SPACE',''
  ) );
#563 = ADVANCED_FACE('',(#564),#394,.T.);
#564 = FACE_BOUND('',#565,.T.);
#565 = EDGE_LOOP('',(#566,#567,#593));
#566 = ORIENTED_EDGE('',*,*,#543,.F.);
#567 = ORIENTED_EDGE('',*,*,#568,.T.);
#568 = EDGE_CURVE('',#516,#230,#569,.T.);
#569 = SURFACE_CURVE('',#570,(#574,#581),.PCURVE_S1.);
#570 = LINE('',#571,#572);
#571 = CARTESIAN_POINT('',(-2.109999707688,48.267949192431,5.));
#572 = VECTOR('',#573,1.);
#573 = DIRECTION('',(0.5,0.866025403784,0.));
#574 = PCURVE('',#394,#575);
#575 = DEFINITIONAL_REPRESENTATION('',(#576),#580);
#576 = LINE('',#577,#578);
#577 = CARTESIAN_POINT('',(-0.985888989842,-1.79334157498));
#578 = VECTOR('',#579,1.);
#579 = DIRECTION('',(1.,-1.371320177115E-17));
#580 = ( GEOMETRIC_REPRESENTATION_CONTEXT(2) 
PARAMETRIC_REPRESENTATION_CONTEXT() REPRESENTATION_CONTEXT('2D SPACE',''
  ) );
#581 = PCURVE('',#582,#587);
#582 = PLANE('',#583);
#583 = AXIS2_PLACEMENT_3D('',#584,#585,#586);
#584 = CARTESIAN_POINT('',(-3.056333389268,48.784633113626,
    2.825108013417));
#585 = DIRECTION('',(0.775955480398,-0.447998105487,-0.444061696074));
#586 = DIRECTION('',(0.5,0.866025403784,-2.775557561563E-17));
#587 = DEFINITIONAL_REPRESENTATION('',(#588),#592);
#588 = LINE('',#589,#590);
#589 = CARTESIAN_POINT('',(2.570543930857E-02,2.427345071268));
#590 = VECTOR('',#591,1.);
#591 = DIRECTION('',(1.,-2.265353668034E-16));
#592 = ( GEOMETRIC_REPRESENTATION_CONTEXT(2) 
PARAMETRIC_REPRESENTATION_CONTEXT() REPRESENTATION_CONTEXT('2D SPACE',''
  ) );
#593 = ORIENTED_EDGE('',*,*,#380,.F.);
#594 = ADVANCED_FACE('',(#595),#582,.T.);
#595 = FACE_BOUND('',#596,.T.);
#596 = EDGE_LOOP('',(#597,#598,#626));
#597 = ORIENTED_EDGE('',*,*,#568,.F.);
#598 = ORIENTED_EDGE('',*,*,#599,.T.);
#599 = EDGE_CURVE('',#516,#600,#602,.T.);
#600 = VERTEX_POINT('',#601);
#601 = CARTESIAN_POINT('',(-5.,48.267949192431,-5.E-02));
#602 = SURFACE_CURVE('',#603,(#607,#614),.PCURVE_S1.);
#603 = LINE('',#604,#605);
#604 = CARTESIAN_POINT('',(-2.109999707688,48.267949192431,5.));
#605 = VECTOR('',#606,1.);
#606 = DIRECTION('',(-0.496694135646,0.,-0.867925650972));
#607 = PCURVE('',#582,#608);
#608 = DEFINITIONAL_REPRESENTATION('',(#609),#613);
#609 = LINE('',#610,#611);
#610 = CARTESIAN_POINT('',(2.570543930857E-02,2.427345071268));
#611 = VECTOR('',#612,1.);
#612 = DIRECTION('',(-0.248347067823,-0.968671117513));
#613 = ( GEOMETRIC_REPRESENTATION_CONTEXT(2) 
PARAMETRIC_REPRESENTATION_CONTEXT() REPRESENTATION_CONTEXT('2D SPACE',''
  ) );
#614 = PCURVE('',#615,#620);
#615 = PLANE('',#616);
#616 = AXIS2_PLACEMENT_3D('',#617,#618,#619);
#617 = CARTESIAN_POINT('',(-4.255746182456,1.410820620422,1.250512594616
    ));
#618 = DIRECTION('',(0.867925650972,-1.066629366109E-18,-0.496694135646)
  );
#619 = DIRECTION('',(0.496694135646,0.,0.867925650972));
#620 = DEFINITIONAL_REPRESENTATION('',(#621),#625);
#621 = LINE('',#622,#623);
#622 = CARTESIAN_POINT('',(4.320055987729,-46.857128572));
#623 = VECTOR('',#624,1.);
#624 = DIRECTION('',(-1.,-6.933347799794E-33));
#625 = ( GEOMETRIC_REPRESENTATION_CONTEXT(2) 
PARAMETRIC_REPRESENTATION_CONTEXT() REPRESENTATION_CONTEXT('2D SPACE',''
  ) );
#626 = ORIENTED_EDGE('',*,*,#627,.T.);
#627 = EDGE_CURVE('',#600,#230,#628,.T.);
#628 = SURFACE_CURVE('',#629,(#633,#640),.PCURVE_S1.);
#629 = LINE('',#630,#631);
#630 = CARTESIAN_POINT('',(-5.,48.267949192431,-5.E-02));
#631 = VECTOR('',#632,1.);
#632 = DIRECTION('',(0.588889923381,0.26220750404,0.764497143857));
#633 = PCURVE('',#582,#634);
#634 = DEFINITIONAL_REPRESENTATION('',(#635),#639);
#635 = LINE('',#636,#637);
#636 = CARTESIAN_POINT('',(-1.419294706848,-3.208839477447));
#637 = VECTOR('',#638,1.);
#638 = DIRECTION('',(0.521523321252,0.853237027672));
#639 = ( GEOMETRIC_REPRESENTATION_CONTEXT(2) 
PARAMETRIC_REPRESENTATION_CONTEXT() REPRESENTATION_CONTEXT('2D SPACE',''
  ) );
#640 = PCURVE('',#252,#641);
#641 = DEFINITIONAL_REPRESENTATION('',(#642),#646);
#642 = LINE('',#643,#644);
#643 = CARTESIAN_POINT('',(-2.025705439309,-2.427345071268));
#644 = VECTOR('',#645,1.);
#645 = DIRECTION('',(0.521523321252,0.853237027672));
#646 = ( GEOMETRIC_REPRESENTATION_CONTEXT(2) 
PARAMETRIC_REPRESENTATION_CONTEXT() REPRESENTATION_CONTEXT('2D SPACE',''
  ) );
#647 = ADVANCED_FACE('',(#648),#252,.T.);
#648 = FACE_BOUND('',#649,.T.);
#649 = EDGE_LOOP('',(#650,#651,#677));
#650 = ORIENTED_EDGE('',*,*,#627,.F.);
#651 = ORIENTED_EDGE('',*,*,#652,.T.);
#652 = EDGE_CURVE('',#600,#232,#653,.T.);
#653 = SURFACE_CURVE('',#654,(#658,#665),.PCURVE_S1.);
#654 = LINE('',#655,#656);
#655 = CARTESIAN_POINT('',(-5.,48.267949192431,-5.E-02));
#656 = VECTOR('',#657,1.);
#657 = DIRECTION('',(0.5,0.866025403784,0.));
#658 = PCURVE('',#252,#659);
#659 = DEFINITIONAL_REPRESENTATION('',(#660),#664);
#660 = LINE('',#661,#662);
#661 = CARTESIAN_POINT('',(-2.025705439309,-2.427345071268));
#662 = VECTOR('',#663,1.);
#663 = DIRECTION('',(1.,3.981486675115E-16));
#664 = ( GEOMETRIC_REPRESENTATION_CONTEXT(2) 
PARAMETRIC_REPRESENTATION_CONTEXT() REPRESENTATION_CONTEXT('2D SPACE',''
  ) );
#665 = PCURVE('',#666,#671);
#666 = PLANE('',#667);
#667 = AXIS2_PLACEMENT_3D('',#668,#669,#670);
#668 = CARTESIAN_POINT('',(-0.208712152522,48.724799444179,-5.E-02));
#669 = DIRECTION('',(0.,0.,1.));
#670 = DIRECTION('',(1.,0.,0.));
#671 = DEFINITIONAL_REPRESENTATION('',(#672),#676);
#672 = LINE('',#673,#674);
#673 = CARTESIAN_POINT('',(-4.791287847478,-0.456850251748));
#674 = VECTOR('',#675,1.);
#675 = DIRECTION('',(0.5,0.866025403784));
#676 = ( GEOMETRIC_REPRESENTATION_CONTEXT(2) 
PARAMETRIC_REPRESENTATION_CONTEXT() REPRESENTATION_CONTEXT('2D SPACE',''
  ) );
#677 = ORIENTED_EDGE('',*,*,#229,.F.);
#678 = ADVANCED_FACE('',(#679),#666,.T.);
#679 = FACE_BOUND('',#680,.T.);
#680 = EDGE_LOOP('',(#681,#682,#710));
#681 = ORIENTED_EDGE('',*,*,#652,.F.);
#682 = ORIENTED_EDGE('',*,*,#683,.T.);
#683 = EDGE_CURVE('',#600,#684,#686,.T.);
#684 = VERTEX_POINT('',#685);
#685 = CARTESIAN_POINT('',(5.,48.267949192431,-5.E-02));
#686 = SURFACE_CURVE('',#687,(#691,#698),.PCURVE_S1.);
#687 = LINE('',#688,#689);
#688 = CARTESIAN_POINT('',(-5.,48.267949192431,-5.E-02));
#689 = VECTOR('',#690,1.);
#690 = DIRECTION('',(1.,0.,0.));
#691 = PCURVE('',#666,#692);
#692 = DEFINITIONAL_REPRESENTATION('',(#693),#697);
#693 = LINE('',#694,#695);
#694 = CARTESIAN_POINT('',(-4.791287847478,-0.456850251748));
#695 = VECTOR('',#696,1.);
#696 = DIRECTION('',(1.,0.));
#697 = ( GEOMETRIC_REPRESENTATION_CONTEXT(2) 
PARAMETRIC_REPRESENTATION_CONTEXT() REPRESENTATION_CONTEXT('2D SPACE',''
  ) );
#698 = PCURVE('',#699,#704);
#699 = PLANE('',#700);
#700 = AXIS2_PLACEMENT_3D('',#701,#702,#703);
#701 = CARTESIAN_POINT('',(2.370860002026,2.370860002026,-5.E-02));
#702 = DIRECTION('',(0.,0.,1.));
#703 = DIRECTION('',(1.,0.,0.));
#704 = DEFINITIONAL_REPRESENTATION('',(#705),#709);
#705 = LINE('',#706,#707);
#706 = CARTESIAN_POINT('',(-7.370860002026,45.897089190405));
#707 = VECTOR('',#708,1.);
#708 = DIRECTION('',(1.,0.));
#709 = ( GEOMETRIC_REPRESENTATION_CONTEXT(2) 
PARAMETRIC_REPRESENTATION_CONTEXT() REPRESENTATION_CONTEXT('2D SPACE',''
  ) );
#710 = ORIENTED_EDGE('',*,*,#711,.T.);
#711 = EDGE_CURVE('',#684,#232,#712,.T.);
#712 = SURFACE_CURVE('',#713,(#717,#724),.PCURVE_S1.);
#713 = LINE('',#714,#715);
#714 = CARTESIAN_POINT('',(5.,48.267949192431,-5.E-02));
#715 = VECTOR('',#716,1.);
#716 = DIRECTION('',(-0.981980506062,0.188982236505,0.));
#717 = PCURVE('',#666,#718);
#718 = DEFINITIONAL_REPRESENTATION('',(#719),#723);
#719 = LINE('',#720,#721);
#720 = CARTESIAN_POINT('',(5.208712152522,-0.456850251748));
#721 = VECTOR('',#722,1.);
#722 = DIRECTION('',(-0.981980506062,0.188982236505));
#723 = ( GEOMETRIC_REPRESENTATION_CONTEXT(2) 
PARAMETRIC_REPRESENTATION_CONTEXT() REPRESENTATION_CONTEXT('2D SPACE',''
  ) );
#724 = PCURVE('',#280,#725);
#725 = DEFINITIONAL_REPRESENTATION('',(#726),#730);
#726 = LINE('',#727,#728);
#727 = CARTESIAN_POINT('',(-1.22752545611,-4.291287847478));
#728 = VECTOR('',#729,1.);
#729 = DIRECTION('',(0.188982236505,0.981980506062));
#730 = ( GEOMETRIC_REPRESENTATION_CONTEXT(2) 
PARAMETRIC_REPRESENTATION_CONTEXT() REPRESENTATION_CONTEXT('2D SPACE',''
  ) );
#731 = ADVANCED_FACE('',(#732),#280,.T.);
#732 = FACE_BOUND('',#733,.T.);
#733 = EDGE_LOOP('',(#734,#735,#761));
#734 = ORIENTED_EDGE('',*,*,#711,.F.);
#735 = ORIENTED_EDGE('',*,*,#736,.T.);
#736 = EDGE_CURVE('',#684,#265,#737,.T.);
#737 = SURFACE_CURVE('',#738,(#742,#749),.PCURVE_S1.);
#738 = LINE('',#739,#740);
#739 = CARTESIAN_POINT('',(5.,48.267949192431,-5.E-02));
#740 = VECTOR('',#741,1.);
#741 = DIRECTION('',(-0.5,0.866025403784,0.));
#742 = PCURVE('',#280,#743);
#743 = DEFINITIONAL_REPRESENTATION('',(#744),#748);
#744 = LINE('',#745,#746);
#745 = CARTESIAN_POINT('',(-1.22752545611,-4.291287847478));
#746 = VECTOR('',#747,1.);
#747 = DIRECTION('',(0.866025403784,0.5));
#748 = ( GEOMETRIC_REPRESENTATION_CONTEXT(2) 
PARAMETRIC_REPRESENTATION_CONTEXT() REPRESENTATION_CONTEXT('2D SPACE',''
  ) );
#749 = PCURVE('',#750,#755);
#750 = PLANE('',#751);
#751 = AXIS2_PLACEMENT_3D('',#752,#753,#754);
#752 = CARTESIAN_POINT('',(3.485149105907,48.760218830648,2.100424133383
    ));
#753 = DIRECTION('',(-0.775955480398,-0.447998105487,-0.444061696074));
#754 = DIRECTION('',(0.5,-0.866025403784,2.775557561563E-17));
#755 = DEFINITIONAL_REPRESENTATION('',(#756),#760);
#756 = LINE('',#757,#758);
#757 = CARTESIAN_POINT('',(1.183743459254,-2.400037083912));
#758 = VECTOR('',#759,1.);
#759 = DIRECTION('',(-1.,1.053533703122E-16));
#760 = ( GEOMETRIC_REPRESENTATION_CONTEXT(2) 
PARAMETRIC_REPRESENTATION_CONTEXT() REPRESENTATION_CONTEXT('2D SPACE',''
  ) );
#761 = ORIENTED_EDGE('',*,*,#264,.F.);
#762 = ADVANCED_FACE('',(#763),#750,.T.);
#763 = FACE_BOUND('',#764,.T.);
#764 = EDGE_LOOP('',(#765,#766,#794));
#765 = ORIENTED_EDGE('',*,*,#736,.F.);
#766 = ORIENTED_EDGE('',*,*,#767,.T.);
#767 = EDGE_CURVE('',#684,#768,#770,.T.);
#768 = VERTEX_POINT('',#769);
#769 = CARTESIAN_POINT('',(2.109999707688,48.267949192431,5.));
#770 = SURFACE_CURVE('',#771,(#775,#782),.PCURVE_S1.);
#771 = LINE('',#772,#773);
#772 = CARTESIAN_POINT('',(5.,48.267949192431,-5.E-02));
#773 = VECTOR('',#774,1.);
#774 = DIRECTION('',(-0.496694135646,0.,0.867925650972));
#775 = PCURVE('',#750,#776);
#776 = DEFINITIONAL_REPRESENTATION('',(#777),#781);
#777 = LINE('',#778,#779);
#778 = CARTESIAN_POINT('',(1.183743459254,-2.400037083912));
#779 = VECTOR('',#780,1.);
#780 = DIRECTION('',(-0.248347067823,0.968671117513));
#781 = ( GEOMETRIC_REPRESENTATION_CONTEXT(2) 
PARAMETRIC_REPRESENTATION_CONTEXT() REPRESENTATION_CONTEXT('2D SPACE',''
  ) );
#782 = PCURVE('',#783,#788);
#783 = PLANE('',#784);
#784 = AXIS2_PLACEMENT_3D('',#785,#786,#787);
#785 = CARTESIAN_POINT('',(2.854253525232,1.410820620422,3.699487405384)
  );
#786 = DIRECTION('',(-0.867925650972,1.066629366109E-18,-0.496694135646)
  );
#787 = DIRECTION('',(0.496694135646,0.,-0.867925650972));
#788 = DEFINITIONAL_REPRESENTATION('',(#789),#793);
#789 = LINE('',#790,#791);
#790 = CARTESIAN_POINT('',(4.320055987729,-46.857128572));
#791 = VECTOR('',#792,1.);
#792 = DIRECTION('',(-1.,3.755563391555E-33));
#793 = ( GEOMETRIC_REPRESENTATION_CONTEXT(2) 
PARAMETRIC_REPRESENTATION_CONTEXT() REPRESENTATION_CONTEXT('2D SPACE',''
  ) );
#794 = ORIENTED_EDGE('',*,*,#795,.T.);
#795 = EDGE_CURVE('',#768,#265,#796,.T.);
#796 = SURFACE_CURVE('',#797,(#801,#808),.PCURVE_S1.);
#797 = LINE('',#798,#799);
#798 = CARTESIAN_POINT('',(2.109999707688,48.267949192431,5.));
#799 = VECTOR('',#800,1.);
#800 = DIRECTION('',(0.333719234992,0.305829937075,-0.891683532306));
#801 = PCURVE('',#750,#802);
#802 = DEFINITIONAL_REPRESENTATION('',(#803),#807);
#803 = LINE('',#804,#805);
#804 = CARTESIAN_POINT('',(-0.261256686902,3.236147464803));
#805 = VECTOR('',#806,1.);
#806 = DIRECTION('',(-9.799687724846E-02,-0.995186722203));
#807 = ( GEOMETRIC_REPRESENTATION_CONTEXT(2) 
PARAMETRIC_REPRESENTATION_CONTEXT() REPRESENTATION_CONTEXT('2D SPACE',''
  ) );
#808 = PCURVE('',#338,#809);
#809 = DEFINITIONAL_REPRESENTATION('',(#810),#814);
#810 = LINE('',#811,#812);
#811 = CARTESIAN_POINT('',(0.816256540746,2.400037083912));
#812 = VECTOR('',#813,1.);
#813 = DIRECTION('',(-9.799687724846E-02,-0.995186722203));
#814 = ( GEOMETRIC_REPRESENTATION_CONTEXT(2) 
PARAMETRIC_REPRESENTATION_CONTEXT() REPRESENTATION_CONTEXT('2D SPACE',''
  ) );
#815 = ADVANCED_FACE('',(#816),#338,.T.);
#816 = FACE_BOUND('',#817,.T.);
#817 = EDGE_LOOP('',(#818,#819,#845));
#818 = ORIENTED_EDGE('',*,*,#795,.F.);
#819 = ORIENTED_EDGE('',*,*,#820,.T.);
#820 = EDGE_CURVE('',#768,#323,#821,.T.);
#821 = SURFACE_CURVE('',#822,(#826,#833),.PCURVE_S1.);
#822 = LINE('',#823,#824);
#823 = CARTESIAN_POINT('',(2.109999707688,48.267949192431,5.));
#824 = VECTOR('',#825,1.);
#825 = DIRECTION('',(-0.5,0.866025403784,0.));
#826 = PCURVE('',#338,#827);
#827 = DEFINITIONAL_REPRESENTATION('',(#828),#832);
#828 = LINE('',#829,#830);
#829 = CARTESIAN_POINT('',(0.816256540746,2.400037083912));
#830 = VECTOR('',#831,1.);
#831 = DIRECTION('',(-1.,1.053533703122E-16));
#832 = ( GEOMETRIC_REPRESENTATION_CONTEXT(2) 
PARAMETRIC_REPRESENTATION_CONTEXT() REPRESENTATION_CONTEXT('2D SPACE',''
  ) );
#833 = PCURVE('',#834,#839);
#834 = PLANE('',#835);
#835 = AXIS2_PLACEMENT_3D('',#836,#837,#838);
#836 = CARTESIAN_POINT('',(2.65594449053,48.807449520109,6.591064092864)
  );
#837 = DIRECTION('',(-0.784767103051,-0.453085498198,0.422911486356));
#838 = DIRECTION('',(0.5,-0.866025403784,-2.775557561563E-17));
#839 = DEFINITIONAL_REPRESENTATION('',(#840),#844);
#840 = LINE('',#841,#842);
#841 = CARTESIAN_POINT('',(0.194248597697,-1.755809995236));
#842 = VECTOR('',#843,1.);
#843 = DIRECTION('',(-1.,-4.939461180969E-16));
#844 = ( GEOMETRIC_REPRESENTATION_CONTEXT(2) 
PARAMETRIC_REPRESENTATION_CONTEXT() REPRESENTATION_CONTEXT('2D SPACE',''
  ) );
#845 = ORIENTED_EDGE('',*,*,#322,.F.);
#846 = ADVANCED_FACE('',(#847),#834,.T.);
#847 = FACE_BOUND('',#848,.T.);
#848 = EDGE_LOOP('',(#849,#850,#876));
#849 = ORIENTED_EDGE('',*,*,#820,.F.);
#850 = ORIENTED_EDGE('',*,*,#851,.T.);
#851 = EDGE_CURVE('',#768,#24,#852,.T.);
#852 = SURFACE_CURVE('',#853,(#857,#864),.PCURVE_S1.);
#853 = LINE('',#854,#855);
#854 = CARTESIAN_POINT('',(2.109999707688,48.267949192431,5.));
#855 = VECTOR('',#856,1.);
#856 = DIRECTION('',(0.474399450154,0.,0.880309696467));
#857 = PCURVE('',#834,#858);
#858 = DEFINITIONAL_REPRESENTATION('',(#859),#863);
#859 = LINE('',#860,#861);
#860 = CARTESIAN_POINT('',(0.194248597697,-1.755809995236));
#861 = VECTOR('',#862,1.);
#862 = DIRECTION('',(0.237199725077,0.971460905247));
#863 = ( GEOMETRIC_REPRESENTATION_CONTEXT(2) 
PARAMETRIC_REPRESENTATION_CONTEXT() REPRESENTATION_CONTEXT('2D SPACE',''
  ) );
#864 = PCURVE('',#865,#870);
#865 = PLANE('',#866);
#866 = AXIS2_PLACEMENT_3D('',#867,#868,#869);
#867 = CARTESIAN_POINT('',(3.652719586719,1.067512817681,7.862716784352)
  );
#868 = DIRECTION('',(-0.880309696467,-3.602906753525E-18,0.474399450154)
  );
#869 = DIRECTION('',(-0.474399450154,0.,-0.880309696467));
#870 = DEFINITIONAL_REPRESENTATION('',(#871),#875);
#871 = LINE('',#872,#873);
#872 = CARTESIAN_POINT('',(3.251942805858,-47.20043637475));
#873 = VECTOR('',#874,1.);
#874 = DIRECTION('',(-1.,3.466673899897E-33));
#875 = ( GEOMETRIC_REPRESENTATION_CONTEXT(2) 
PARAMETRIC_REPRESENTATION_CONTEXT() REPRESENTATION_CONTEXT('2D SPACE',''
  ) );
#876 = ORIENTED_EDGE('',*,*,#877,.T.);
#877 = EDGE_CURVE('',#24,#323,#878,.T.);
#878 = SURFACE_CURVE('',#879,(#883,#890),.PCURVE_S1.);
#879 = LINE('',#880,#881);
#880 = CARTESIAN_POINT('',(4.18258447827,48.267949192431,8.84594979969)
  );
#881 = VECTOR('',#882,1.);
#882 = DIRECTION('',(-0.588793830778,0.33190974578,-0.736992364611));
#883 = PCURVE('',#834,#884);
#884 = DEFINITIONAL_REPRESENTATION('',(#885),#889);
#885 = LINE('',#886,#887);
#886 = CARTESIAN_POINT('',(1.230540982989,2.488366672291));
#887 = VECTOR('',#888,1.);
#888 = DIRECTION('',(-0.581839186998,-0.813303854948));
#889 = ( GEOMETRIC_REPRESENTATION_CONTEXT(2) 
PARAMETRIC_REPRESENTATION_CONTEXT() REPRESENTATION_CONTEXT('2D SPACE',''
  ) );
#890 = PCURVE('',#44,#891);
#891 = DEFINITIONAL_REPRESENTATION('',(#892),#896);
#892 = LINE('',#893,#894);
#893 = CARTESIAN_POINT('',(1.837773218484,1.694700110827));
#894 = VECTOR('',#895,1.);
#895 = DIRECTION('',(-0.593154363959,-0.805088753192));
#896 = ( GEOMETRIC_REPRESENTATION_CONTEXT(2) 
PARAMETRIC_REPRESENTATION_CONTEXT() REPRESENTATION_CONTEXT('2D SPACE',''
  ) );
#897 = ADVANCED_FACE('',(#898),#44,.T.);
#898 = FACE_BOUND('',#899,.T.);
#899 = EDGE_LOOP('',(#900,#901,#902));
#900 = ORIENTED_EDGE('',*,*,#877,.F.);
#901 = ORIENTED_EDGE('',*,*,#21,.F.);
#902 = ORIENTED_EDGE('',*,*,#432,.F.);
#903 = ADVANCED_FACE('',(#904),#130,.T.);
#904 = FACE_BOUND('',#905,.T.);
#905 = EDGE_LOOP('',(#906,#934,#935));
#906 = ORIENTED_EDGE('',*,*,#907,.T.);
#907 = EDGE_CURVE('',#908,#115,#910,.T.);
#908 = VERTEX_POINT('',#909);
#909 = CARTESIAN_POINT('',(-3.585786437627,-48.26794919243,10.));
#910 = SURFACE_CURVE('',#911,(#915,#922),.PCURVE_S1.);
#911 = LINE('',#912,#913);
#912 = CARTESIAN_POINT('',(-3.585786437627,-48.26794919243,10.));
#913 = VECTOR('',#914,1.);
#914 = DIRECTION('',(0.,1.,0.));
#915 = PCURVE('',#130,#916);
#916 = DEFINITIONAL_REPRESENTATION('',(#917),#921);
#917 = LINE('',#918,#919);
#918 = CARTESIAN_POINT('',(1.859397872085,-49.99433775797));
#919 = VECTOR('',#920,1.);
#920 = DIRECTION('',(0.,1.));
#921 = ( GEOMETRIC_REPRESENTATION_CONTEXT(2) 
PARAMETRIC_REPRESENTATION_CONTEXT() REPRESENTATION_CONTEXT('2D SPACE',''
  ) );
#922 = PCURVE('',#923,#928);
#923 = PLANE('',#924);
#924 = AXIS2_PLACEMENT_3D('',#925,#926,#927);
#925 = CARTESIAN_POINT('',(-3.735989904726,-0.322621996746,9.70954606167
    ));
#926 = DIRECTION('',(0.888256736102,7.231389644015E-19,-0.459347331296)
  );
#927 = DIRECTION('',(0.459347331296,0.,0.888256736102));
#928 = DEFINITIONAL_REPRESENTATION('',(#929),#933);
#929 = LINE('',#930,#931);
#930 = CARTESIAN_POINT('',(0.326993229012,47.945327195685));
#931 = VECTOR('',#932,1.);
#932 = DIRECTION('',(0.,-1.));
#933 = ( GEOMETRIC_REPRESENTATION_CONTEXT(2) 
PARAMETRIC_REPRESENTATION_CONTEXT() REPRESENTATION_CONTEXT('2D SPACE',''
  ) );
#934 = ORIENTED_EDGE('',*,*,#114,.F.);
#935 = ORIENTED_EDGE('',*,*,#936,.T.);
#936 = EDGE_CURVE('',#57,#908,#937,.T.);
#937 = SURFACE_CURVE('',#938,(#942,#949),.PCURVE_S1.);
#938 = LINE('',#939,#940);
#939 = CARTESIAN_POINT('',(3.585786437627,48.267949192431,10.));
#940 = VECTOR('',#941,1.);
#941 = DIRECTION('',(-7.408502948765E-02,-0.997251928254,0.));
#942 = PCURVE('',#130,#943);
#943 = DEFINITIONAL_REPRESENTATION('',(#944),#948);
#944 = LINE('',#945,#946);
#945 = CARTESIAN_POINT('',(-5.312175003169,46.541560626889));
#946 = VECTOR('',#947,1.);
#947 = DIRECTION('',(7.408502948765E-02,-0.997251928254));
#948 = ( GEOMETRIC_REPRESENTATION_CONTEXT(2) 
PARAMETRIC_REPRESENTATION_CONTEXT() REPRESENTATION_CONTEXT('2D SPACE',''
  ) );
#949 = PCURVE('',#950,#955);
#950 = PLANE('',#951);
#951 = AXIS2_PLACEMENT_3D('',#952,#953,#954);
#952 = CARTESIAN_POINT('',(1.726388565542,-1.726388565542,10.));
#953 = DIRECTION('',(0.,0.,-1.));
#954 = DIRECTION('',(-1.,0.,0.));
#955 = DEFINITIONAL_REPRESENTATION('',(#956),#960);
#956 = LINE('',#957,#958);
#957 = CARTESIAN_POINT('',(-1.859397872085,49.994337757973));
#958 = VECTOR('',#959,1.);
#959 = DIRECTION('',(7.408502948765E-02,-0.997251928254));
#960 = ( GEOMETRIC_REPRESENTATION_CONTEXT(2) 
PARAMETRIC_REPRESENTATION_CONTEXT() REPRESENTATION_CONTEXT('2D SPACE',''
  ) );
#961 = ADVANCED_FACE('',(#962),#950,.T.);
#962 = FACE_BOUND('',#963,.T.);
#963 = EDGE_LOOP('',(#964,#965,#988));
#964 = ORIENTED_EDGE('',*,*,#936,.F.);
#965 = ORIENTED_EDGE('',*,*,#966,.T.);
#966 = EDGE_CURVE('',#57,#967,#969,.T.);
#967 = VERTEX_POINT('',#968);
#968 = CARTESIAN_POINT('',(3.585786437627,-48.26794919243,10.));
#969 = SURFACE_CURVE('',#970,(#974,#981),.PCURVE_S1.);
#970 = LINE('',#971,#972);
#971 = CARTESIAN_POINT('',(3.585786437627,48.267949192431,10.));
#972 = VECTOR('',#973,1.);
#973 = DIRECTION('',(0.,-1.,0.));
#974 = PCURVE('',#950,#975);
#975 = DEFINITIONAL_REPRESENTATION('',(#976),#980);
#976 = LINE('',#977,#978);
#977 = CARTESIAN_POINT('',(-1.859397872085,49.994337757973));
#978 = VECTOR('',#979,1.);
#979 = DIRECTION('',(0.,-1.));
#980 = ( GEOMETRIC_REPRESENTATION_CONTEXT(2) 
PARAMETRIC_REPRESENTATION_CONTEXT() REPRESENTATION_CONTEXT('2D SPACE',''
  ) );
#981 = PCURVE('',#72,#982);
#982 = DEFINITIONAL_REPRESENTATION('',(#983),#987);
#983 = LINE('',#984,#985);
#984 = CARTESIAN_POINT('',(-0.326993229012,-47.94532719568));
#985 = VECTOR('',#986,1.);
#986 = DIRECTION('',(0.,1.));
#987 = ( GEOMETRIC_REPRESENTATION_CONTEXT(2) 
PARAMETRIC_REPRESENTATION_CONTEXT() REPRESENTATION_CONTEXT('2D SPACE',''
  ) );
#988 = ORIENTED_EDGE('',*,*,#989,.F.);
#989 = EDGE_CURVE('',#908,#967,#990,.T.);
#990 = SURFACE_CURVE('',#991,(#995,#1002),.PCURVE_S1.);
#991 = LINE('',#992,#993);
#992 = CARTESIAN_POINT('',(-3.585786437627,-48.26794919243,10.));
#993 = VECTOR('',#994,1.);
#994 = DIRECTION('',(1.,0.,0.));
#995 = PCURVE('',#950,#996);
#996 = DEFINITIONAL_REPRESENTATION('',(#997),#1001);
#997 = LINE('',#998,#999);
#998 = CARTESIAN_POINT('',(5.312175003169,-46.54156062688));
#999 = VECTOR('',#1000,1.);
#1000 = DIRECTION('',(-1.,0.));
#1001 = ( GEOMETRIC_REPRESENTATION_CONTEXT(2) 
PARAMETRIC_REPRESENTATION_CONTEXT() REPRESENTATION_CONTEXT('2D SPACE',''
  ) );
#1002 = PCURVE('',#1003,#1008);
#1003 = PLANE('',#1004);
#1004 = AXIS2_PLACEMENT_3D('',#1005,#1006,#1007);
#1005 = CARTESIAN_POINT('',(-0.336931821131,-48.75223159438,
    9.720399424866));
#1006 = DIRECTION('',(-1.797329078791E-17,0.5,-0.866025403784));
#1007 = DIRECTION('',(0.,-0.866025403784,-0.5));
#1008 = DEFINITIONAL_REPRESENTATION('',(#1009),#1013);
#1009 = LINE('',#1010,#1011);
#1010 = CARTESIAN_POINT('',(-0.559201150268,3.248854616496));
#1011 = VECTOR('',#1012,1.);
#1012 = DIRECTION('',(0.,-1.));
#1013 = ( GEOMETRIC_REPRESENTATION_CONTEXT(2) 
PARAMETRIC_REPRESENTATION_CONTEXT() REPRESENTATION_CONTEXT('2D SPACE',''
  ) );
#1014 = ADVANCED_FACE('',(#1015),#1029,.T.);
#1015 = FACE_BOUND('',#1016,.T.);
#1016 = EDGE_LOOP('',(#1017,#1052,#1073));
#1017 = ORIENTED_EDGE('',*,*,#1018,.T.);
#1018 = EDGE_CURVE('',#1019,#1021,#1023,.T.);
#1019 = VERTEX_POINT('',#1020);
#1020 = CARTESIAN_POINT('',(-3.18258447827,-50.,9.));
#1021 = VERTEX_POINT('',#1022);
#1022 = CARTESIAN_POINT('',(-4.18258447827,-48.26794919243,8.84594979969
    ));
#1023 = SURFACE_CURVE('',#1024,(#1028,#1040),.PCURVE_S1.);
#1024 = LINE('',#1025,#1026);
#1025 = CARTESIAN_POINT('',(-3.18258447827,-50.,9.));
#1026 = VECTOR('',#1027,1.);
#1027 = DIRECTION('',(-0.498523350819,0.863467772378,-7.67976220527E-02)
  );
#1028 = PCURVE('',#1029,#1034);
#1029 = PLANE('',#1030);
#1030 = AXIS2_PLACEMENT_3D('',#1031,#1032,#1033);
#1031 = CARTESIAN_POINT('',(-3.617691408749,-48.92348181578,
    9.264742840884));
#1032 = DIRECTION('',(0.803279912329,0.426827549606,-0.415402967425));
#1033 = DIRECTION('',(-0.469228183037,0.883076957147,-2.775557561563E-17
    ));
#1034 = DEFINITIONAL_REPRESENTATION('',(#1035),#1039);
#1035 = LINE('',#1036,#1037);
#1036 = CARTESIAN_POINT('',(-1.154812836849,-0.291042137075));
#1037 = VECTOR('',#1038,1.);
#1038 = DIRECTION('',(0.996429699132,-8.442662309549E-02));
#1039 = ( GEOMETRIC_REPRESENTATION_CONTEXT(2) 
PARAMETRIC_REPRESENTATION_CONTEXT() REPRESENTATION_CONTEXT('2D SPACE',''
  ) );
#1040 = PCURVE('',#1041,#1046);
#1041 = PLANE('',#1042);
#1042 = AXIS2_PLACEMENT_3D('',#1043,#1044,#1045);
#1043 = CARTESIAN_POINT('',(-2.631473938893,-49.46659955288,
    7.294591595974));
#1044 = DIRECTION('',(0.77681853396,0.484295606875,0.402505565748));
#1045 = DIRECTION('',(-0.529043399956,0.848594768404,-2.775557561563E-17
    ));
#1046 = DEFINITIONAL_REPRESENTATION('',(#1047),#1051);
#1047 = LINE('',#1048,#1049);
#1048 = CARTESIAN_POINT('',(-0.161079435386,1.862984193067));
#1049 = VECTOR('',#1050,1.);
#1050 = DIRECTION('',(0.9964747228,-8.389354456772E-02));
#1051 = ( GEOMETRIC_REPRESENTATION_CONTEXT(2) 
PARAMETRIC_REPRESENTATION_CONTEXT() REPRESENTATION_CONTEXT('2D SPACE',''
  ) );
#1052 = ORIENTED_EDGE('',*,*,#1053,.T.);
#1053 = EDGE_CURVE('',#1021,#908,#1054,.T.);
#1054 = SURFACE_CURVE('',#1055,(#1059,#1066),.PCURVE_S1.);
#1055 = LINE('',#1056,#1057);
#1056 = CARTESIAN_POINT('',(-4.18258447827,-48.26794919243,8.84594979969
    ));
#1057 = VECTOR('',#1058,1.);
#1058 = DIRECTION('',(0.459347331296,0.,0.888256736102));
#1059 = PCURVE('',#1029,#1060);
#1060 = DEFINITIONAL_REPRESENTATION('',(#1061),#1065);
#1061 = LINE('',#1062,#1063);
#1062 = CARTESIAN_POINT('',(0.84394950296,-0.460395534377));
#1063 = VECTOR('',#1064,1.);
#1064 = DIRECTION('',(-0.215538713647,0.976495295902));
#1065 = ( GEOMETRIC_REPRESENTATION_CONTEXT(2) 
PARAMETRIC_REPRESENTATION_CONTEXT() REPRESENTATION_CONTEXT('2D SPACE',''
  ) );
#1066 = PCURVE('',#923,#1067);
#1067 = DEFINITIONAL_REPRESENTATION('',(#1068),#1072);
#1068 = LINE('',#1069,#1070);
#1069 = CARTESIAN_POINT('',(-0.972237222505,47.945327195685));
#1070 = VECTOR('',#1071,1.);
#1071 = DIRECTION('',(1.,-1.925929944387E-33));
#1072 = ( GEOMETRIC_REPRESENTATION_CONTEXT(2) 
PARAMETRIC_REPRESENTATION_CONTEXT() REPRESENTATION_CONTEXT('2D SPACE',''
  ) );
#1073 = ORIENTED_EDGE('',*,*,#1074,.T.);
#1074 = EDGE_CURVE('',#908,#1019,#1075,.T.);
#1075 = SURFACE_CURVE('',#1076,(#1080,#1087),.PCURVE_S1.);
#1076 = LINE('',#1077,#1078);
#1077 = CARTESIAN_POINT('',(-3.585786437627,-48.26794919243,10.));
#1078 = VECTOR('',#1079,1.);
#1079 = DIRECTION('',(0.197624945875,-0.84894539611,-0.490138852971));
#1080 = PCURVE('',#1029,#1081);
#1081 = DEFINITIONAL_REPRESENTATION('',(#1082),#1086);
#1082 = LINE('',#1083,#1084);
#1083 = CARTESIAN_POINT('',(0.563915042709,0.808296889823));
#1084 = VECTOR('',#1085,1.);
#1085 = DIRECTION('',(-0.842415311456,-0.53882876967));
#1086 = ( GEOMETRIC_REPRESENTATION_CONTEXT(2) 
PARAMETRIC_REPRESENTATION_CONTEXT() REPRESENTATION_CONTEXT('2D SPACE',''
  ) );
#1087 = PCURVE('',#1003,#1088);
#1088 = DEFINITIONAL_REPRESENTATION('',(#1089),#1093);
#1089 = LINE('',#1090,#1091);
#1090 = CARTESIAN_POINT('',(-0.559201150268,3.248854616496));
#1091 = VECTOR('',#1092,1.);
#1092 = DIRECTION('',(0.980277705943,-0.197624945875));
#1093 = ( GEOMETRIC_REPRESENTATION_CONTEXT(2) 
PARAMETRIC_REPRESENTATION_CONTEXT() REPRESENTATION_CONTEXT('2D SPACE',''
  ) );
#1094 = ADVANCED_FACE('',(#1095),#1003,.T.);
#1095 = FACE_BOUND('',#1096,.T.);
#1096 = EDGE_LOOP('',(#1097,#1098,#1099));
#1097 = ORIENTED_EDGE('',*,*,#1074,.F.);
#1098 = ORIENTED_EDGE('',*,*,#989,.T.);
#1099 = ORIENTED_EDGE('',*,*,#1100,.T.);
#1100 = EDGE_CURVE('',#967,#1019,#1101,.T.);
#1101 = SURFACE_CURVE('',#1102,(#1106,#1113),.PCURVE_S1.);
#1102 = LINE('',#1103,#1104);
#1103 = CARTESIAN_POINT('',(3.585786437627,-48.26794919243,10.));
#1104 = VECTOR('',#1105,1.);
#1105 = DIRECTION('',(-0.959007926177,-0.245413626653,-0.141689623411));
#1106 = PCURVE('',#1003,#1107);
#1107 = DEFINITIONAL_REPRESENTATION('',(#1108),#1112);
#1108 = LINE('',#1109,#1110);
#1109 = CARTESIAN_POINT('',(-0.559201150268,-3.922718258758));
#1110 = VECTOR('',#1111,1.);
#1111 = DIRECTION('',(0.283379246821,0.959007926177));
#1112 = ( GEOMETRIC_REPRESENTATION_CONTEXT(2) 
PARAMETRIC_REPRESENTATION_CONTEXT() REPRESENTATION_CONTEXT('2D SPACE',''
  ) );
#1113 = PCURVE('',#1114,#1119);
#1114 = PLANE('',#1115);
#1115 = AXIS2_PLACEMENT_3D('',#1116,#1117,#1118);
#1116 = CARTESIAN_POINT('',(0.538532800809,-49.49046214761,
    9.294181816235));
#1117 = DIRECTION('',(1.912163214902E-17,0.5,-0.866025403784));
#1118 = DIRECTION('',(0.,-0.866025403784,-0.5));
#1119 = DEFINITIONAL_REPRESENTATION('',(#1120),#1124);
#1120 = LINE('',#1121,#1122);
#1121 = CARTESIAN_POINT('',(-1.411636367531,-3.047253636818));
#1122 = VECTOR('',#1123,1.);
#1123 = DIRECTION('',(0.283379246821,0.959007926177));
#1124 = ( GEOMETRIC_REPRESENTATION_CONTEXT(2) 
PARAMETRIC_REPRESENTATION_CONTEXT() REPRESENTATION_CONTEXT('2D SPACE',''
  ) );
#1125 = ADVANCED_FACE('',(#1126),#1114,.T.);
#1126 = FACE_BOUND('',#1127,.T.);
#1127 = EDGE_LOOP('',(#1128,#1129,#1157));
#1128 = ORIENTED_EDGE('',*,*,#1100,.F.);
#1129 = ORIENTED_EDGE('',*,*,#1130,.T.);
#1130 = EDGE_CURVE('',#967,#1131,#1133,.T.);
#1131 = VERTEX_POINT('',#1132);
#1132 = CARTESIAN_POINT('',(3.18258447827,-50.,9.));
#1133 = SURFACE_CURVE('',#1134,(#1138,#1145),.PCURVE_S1.);
#1134 = LINE('',#1135,#1136);
#1135 = CARTESIAN_POINT('',(3.585786437627,-48.26794919243,10.));
#1136 = VECTOR('',#1137,1.);
#1137 = DIRECTION('',(-0.197624945875,-0.84894539611,-0.490138852971));
#1138 = PCURVE('',#1114,#1139);
#1139 = DEFINITIONAL_REPRESENTATION('',(#1140),#1144);
#1140 = LINE('',#1141,#1142);
#1141 = CARTESIAN_POINT('',(-1.411636367531,-3.047253636818));
#1142 = VECTOR('',#1143,1.);
#1143 = DIRECTION('',(0.980277705943,0.197624945875));
#1144 = ( GEOMETRIC_REPRESENTATION_CONTEXT(2) 
PARAMETRIC_REPRESENTATION_CONTEXT() REPRESENTATION_CONTEXT('2D SPACE',''
  ) );
#1145 = PCURVE('',#1146,#1151);
#1146 = PLANE('',#1147);
#1147 = AXIS2_PLACEMENT_3D('',#1148,#1149,#1150);
#1148 = CARTESIAN_POINT('',(3.617691408749,-48.92348181578,
    9.264742840884));
#1149 = DIRECTION('',(-0.803279912329,0.426827549606,-0.415402967425));
#1150 = DIRECTION('',(-0.469228183037,-0.883076957147,2.775557561563E-17
    ));
#1151 = DEFINITIONAL_REPRESENTATION('',(#1152),#1156);
#1152 = LINE('',#1153,#1154);
#1153 = CARTESIAN_POINT('',(-0.563915042709,0.808296889823));
#1154 = VECTOR('',#1155,1.);
#1155 = DIRECTION('',(0.842415311456,-0.53882876967));
#1156 = ( GEOMETRIC_REPRESENTATION_CONTEXT(2) 
PARAMETRIC_REPRESENTATION_CONTEXT() REPRESENTATION_CONTEXT('2D SPACE',''
  ) );
#1157 = ORIENTED_EDGE('',*,*,#1158,.F.);
#1158 = EDGE_CURVE('',#1019,#1131,#1159,.T.);
#1159 = SURFACE_CURVE('',#1160,(#1164,#1171),.PCURVE_S1.);
#1160 = LINE('',#1161,#1162);
#1161 = CARTESIAN_POINT('',(-3.18258447827,-50.,9.));
#1162 = VECTOR('',#1163,1.);
#1163 = DIRECTION('',(1.,0.,0.));
#1164 = PCURVE('',#1114,#1165);
#1165 = DEFINITIONAL_REPRESENTATION('',(#1166),#1170);
#1166 = LINE('',#1167,#1168);
#1167 = CARTESIAN_POINT('',(0.588363632469,3.721117279079));
#1168 = VECTOR('',#1169,1.);
#1169 = DIRECTION('',(0.,-1.));
#1170 = ( GEOMETRIC_REPRESENTATION_CONTEXT(2) 
PARAMETRIC_REPRESENTATION_CONTEXT() REPRESENTATION_CONTEXT('2D SPACE',''
  ) );
#1171 = PCURVE('',#1172,#1177);
#1172 = PLANE('',#1173);
#1173 = AXIS2_PLACEMENT_3D('',#1174,#1175,#1176);
#1174 = CARTESIAN_POINT('',(0.214418230625,-50.,7.760582106579));
#1175 = DIRECTION('',(9.860761315263E-32,1.,6.409494854921E-31));
#1176 = DIRECTION('',(0.,-6.409494854921E-31,1.));
#1177 = DEFINITIONAL_REPRESENTATION('',(#1178),#1182);
#1178 = LINE('',#1179,#1180);
#1179 = CARTESIAN_POINT('',(1.239417893421,-3.397002708895));
#1180 = VECTOR('',#1181,1.);
#1181 = DIRECTION('',(0.,1.));
#1182 = ( GEOMETRIC_REPRESENTATION_CONTEXT(2) 
PARAMETRIC_REPRESENTATION_CONTEXT() REPRESENTATION_CONTEXT('2D SPACE',''
  ) );
#1183 = ADVANCED_FACE('',(#1184),#1198,.T.);
#1184 = FACE_BOUND('',#1185,.T.);
#1185 = EDGE_LOOP('',(#1186,#1221,#1249));
#1186 = ORIENTED_EDGE('',*,*,#1187,.T.);
#1187 = EDGE_CURVE('',#1188,#1190,#1192,.T.);
#1188 = VERTEX_POINT('',#1189);
#1189 = CARTESIAN_POINT('',(1.109999707688,-50.,5.));
#1190 = VERTEX_POINT('',#1191);
#1191 = CARTESIAN_POINT('',(4.,-50.,-5.E-02));
#1192 = SURFACE_CURVE('',#1193,(#1197,#1209),.PCURVE_S1.);
#1193 = LINE('',#1194,#1195);
#1194 = CARTESIAN_POINT('',(1.109999707688,-50.,5.));
#1195 = VECTOR('',#1196,1.);
#1196 = DIRECTION('',(0.496694135646,0.,-0.867925650972));
#1197 = PCURVE('',#1198,#1203);
#1198 = PLANE('',#1199);
#1199 = AXIS2_PLACEMENT_3D('',#1200,#1201,#1202);
#1200 = CARTESIAN_POINT('',(0.213535046829,-50.,1.513223506896));
#1201 = DIRECTION('',(1.725633230171E-31,1.,-5.916456789158E-31));
#1202 = DIRECTION('',(-2.736911063134E-48,5.916456789158E-31,1.));
#1203 = DEFINITIONAL_REPRESENTATION('',(#1204),#1208);
#1204 = LINE('',#1205,#1206);
#1205 = CARTESIAN_POINT('',(3.486776493104,0.896464660859));
#1206 = VECTOR('',#1207,1.);
#1207 = DIRECTION('',(-0.867925650972,0.496694135646));
#1208 = ( GEOMETRIC_REPRESENTATION_CONTEXT(2) 
PARAMETRIC_REPRESENTATION_CONTEXT() REPRESENTATION_CONTEXT('2D SPACE',''
  ) );
#1209 = PCURVE('',#1210,#1215);
#1210 = PLANE('',#1211);
#1211 = AXIS2_PLACEMENT_3D('',#1212,#1213,#1214);
#1212 = CARTESIAN_POINT('',(3.053666318419,-49.4833160788,2.124891986583
    ));
#1213 = DIRECTION('',(-0.775955480398,0.447998105487,-0.444061696074));
#1214 = DIRECTION('',(-0.5,-0.866025403784,0.));
#1215 = DEFINITIONAL_REPRESENTATION('',(#1216),#1220);
#1216 = LINE('',#1217,#1218);
#1217 = CARTESIAN_POINT('',(1.419294706848,3.208839477447));
#1218 = VECTOR('',#1219,1.);
#1219 = DIRECTION('',(-0.248347067823,-0.968671117513));
#1220 = ( GEOMETRIC_REPRESENTATION_CONTEXT(2) 
PARAMETRIC_REPRESENTATION_CONTEXT() REPRESENTATION_CONTEXT('2D SPACE',''
  ) );
#1221 = ORIENTED_EDGE('',*,*,#1222,.T.);
#1222 = EDGE_CURVE('',#1190,#1223,#1225,.T.);
#1223 = VERTEX_POINT('',#1224);
#1224 = CARTESIAN_POINT('',(-4.,-50.,-5.E-02));
#1225 = SURFACE_CURVE('',#1226,(#1230,#1237),.PCURVE_S1.);
#1226 = LINE('',#1227,#1228);
#1227 = CARTESIAN_POINT('',(4.,-50.,-5.E-02));
#1228 = VECTOR('',#1229,1.);
#1229 = DIRECTION('',(-1.,0.,0.));
#1230 = PCURVE('',#1198,#1231);
#1231 = DEFINITIONAL_REPRESENTATION('',(#1232),#1236);
#1232 = LINE('',#1233,#1234);
#1233 = CARTESIAN_POINT('',(-1.563223506896,3.786464953171));
#1234 = VECTOR('',#1235,1.);
#1235 = DIRECTION('',(2.736911063134E-48,-1.));
#1236 = ( GEOMETRIC_REPRESENTATION_CONTEXT(2) 
PARAMETRIC_REPRESENTATION_CONTEXT() REPRESENTATION_CONTEXT('2D SPACE',''
  ) );
#1237 = PCURVE('',#1238,#1243);
#1238 = PLANE('',#1239);
#1239 = AXIS2_PLACEMENT_3D('',#1240,#1241,#1242);
#1240 = CARTESIAN_POINT('',(-0.708712152522,-49.49547464854,-5.E-02));
#1241 = DIRECTION('',(-3.281262968618E-31,-2.748687216629E-30,1.));
#1242 = DIRECTION('',(0.,1.,2.748687216629E-30));
#1243 = DEFINITIONAL_REPRESENTATION('',(#1244),#1248);
#1244 = LINE('',#1245,#1246);
#1245 = CARTESIAN_POINT('',(-0.504525351459,-4.708712152522));
#1246 = VECTOR('',#1247,1.);
#1247 = DIRECTION('',(0.,1.));
#1248 = ( GEOMETRIC_REPRESENTATION_CONTEXT(2) 
PARAMETRIC_REPRESENTATION_CONTEXT() REPRESENTATION_CONTEXT('2D SPACE',''
  ) );
#1249 = ORIENTED_EDGE('',*,*,#1250,.T.);
#1250 = EDGE_CURVE('',#1223,#1188,#1251,.T.);
#1251 = SURFACE_CURVE('',#1252,(#1256,#1263),.PCURVE_S1.);
#1252 = LINE('',#1253,#1254);
#1253 = CARTESIAN_POINT('',(-4.,-50.,-5.E-02));
#1254 = VECTOR('',#1255,1.);
#1255 = DIRECTION('',(0.71127018584,0.,0.702918717018));
#1256 = PCURVE('',#1198,#1257);
#1257 = DEFINITIONAL_REPRESENTATION('',(#1258),#1262);
#1258 = LINE('',#1259,#1260);
#1259 = CARTESIAN_POINT('',(-1.563223506896,-4.213535046829));
#1260 = VECTOR('',#1261,1.);
#1261 = DIRECTION('',(0.702918717018,0.71127018584));
#1262 = ( GEOMETRIC_REPRESENTATION_CONTEXT(2) 
PARAMETRIC_REPRESENTATION_CONTEXT() REPRESENTATION_CONTEXT('2D SPACE',''
  ) );
#1263 = PCURVE('',#1264,#1269);
#1264 = PLANE('',#1265);
#1265 = AXIS2_PLACEMENT_3D('',#1266,#1267,#1268);
#1266 = CARTESIAN_POINT('',(-1.658535192985,-50.,2.843230449217));
#1267 = DIRECTION('',(0.,1.,0.));
#1268 = DIRECTION('',(0.,0.,1.));
#1269 = DEFINITIONAL_REPRESENTATION('',(#1270),#1274);
#1270 = LINE('',#1271,#1272);
#1271 = CARTESIAN_POINT('',(-2.893230449217,-2.341464807015));
#1272 = VECTOR('',#1273,1.);
#1273 = DIRECTION('',(0.702918717018,0.71127018584));
#1274 = ( GEOMETRIC_REPRESENTATION_CONTEXT(2) 
PARAMETRIC_REPRESENTATION_CONTEXT() REPRESENTATION_CONTEXT('2D SPACE',''
  ) );
#1275 = ADVANCED_FACE('',(#1276),#1264,.T.);
#1276 = FACE_BOUND('',#1277,.T.);
#1277 = EDGE_LOOP('',(#1278,#1279,#1307));
#1278 = ORIENTED_EDGE('',*,*,#1250,.F.);
#1279 = ORIENTED_EDGE('',*,*,#1280,.T.);
#1280 = EDGE_CURVE('',#1223,#1281,#1283,.T.);
#1281 = VERTEX_POINT('',#1282);
#1282 = CARTESIAN_POINT('',(-1.109999707688,-50.,5.));
#1283 = SURFACE_CURVE('',#1284,(#1288,#1295),.PCURVE_S1.);
#1284 = LINE('',#1285,#1286);
#1285 = CARTESIAN_POINT('',(-4.,-50.,-5.E-02));
#1286 = VECTOR('',#1287,1.);
#1287 = DIRECTION('',(0.496694135646,0.,0.867925650972));
#1288 = PCURVE('',#1264,#1289);
#1289 = DEFINITIONAL_REPRESENTATION('',(#1290),#1294);
#1290 = LINE('',#1291,#1292);
#1291 = CARTESIAN_POINT('',(-2.893230449217,-2.341464807015));
#1292 = VECTOR('',#1293,1.);
#1293 = DIRECTION('',(0.867925650972,0.496694135646));
#1294 = ( GEOMETRIC_REPRESENTATION_CONTEXT(2) 
PARAMETRIC_REPRESENTATION_CONTEXT() REPRESENTATION_CONTEXT('2D SPACE',''
  ) );
#1295 = PCURVE('',#1296,#1301);
#1296 = PLANE('',#1297);
#1297 = AXIS2_PLACEMENT_3D('',#1298,#1299,#1300);
#1298 = CARTESIAN_POINT('',(-2.624850601781,-49.50773036178,
    2.849575866617));
#1299 = DIRECTION('',(0.775955480398,0.447998105487,-0.444061696074));
#1300 = DIRECTION('',(-0.5,0.866025403784,2.775557561563E-17));
#1301 = DEFINITIONAL_REPRESENTATION('',(#1302),#1306);
#1302 = LINE('',#1303,#1304);
#1303 = CARTESIAN_POINT('',(0.261256686902,-3.236147464803));
#1304 = VECTOR('',#1305,1.);
#1305 = DIRECTION('',(-0.248347067823,0.968671117513));
#1306 = ( GEOMETRIC_REPRESENTATION_CONTEXT(2) 
PARAMETRIC_REPRESENTATION_CONTEXT() REPRESENTATION_CONTEXT('2D SPACE',''
  ) );
#1307 = ORIENTED_EDGE('',*,*,#1308,.F.);
#1308 = EDGE_CURVE('',#1188,#1281,#1309,.T.);
#1309 = SURFACE_CURVE('',#1310,(#1314,#1321),.PCURVE_S1.);
#1310 = LINE('',#1311,#1312);
#1311 = CARTESIAN_POINT('',(1.109999707688,-50.,5.));
#1312 = VECTOR('',#1313,1.);
#1313 = DIRECTION('',(-1.,0.,0.));
#1314 = PCURVE('',#1264,#1315);
#1315 = DEFINITIONAL_REPRESENTATION('',(#1316),#1320);
#1316 = LINE('',#1317,#1318);
#1317 = CARTESIAN_POINT('',(2.156769550783,2.768534900673));
#1318 = VECTOR('',#1319,1.);
#1319 = DIRECTION('',(0.,-1.));
#1320 = ( GEOMETRIC_REPRESENTATION_CONTEXT(2) 
PARAMETRIC_REPRESENTATION_CONTEXT() REPRESENTATION_CONTEXT('2D SPACE',''
  ) );
#1321 = PCURVE('',#1322,#1327);
#1322 = PLANE('',#1323);
#1323 = AXIS2_PLACEMENT_3D('',#1324,#1325,#1326);
#1324 = CARTESIAN_POINT('',(-1.250710615916,-50.,6.647408011615));
#1325 = DIRECTION('',(-2.465190328816E-30,1.,-2.120063682781E-30));
#1326 = DIRECTION('',(1.,2.465190328816E-30,0.));
#1327 = DEFINITIONAL_REPRESENTATION('',(#1328),#1332);
#1328 = LINE('',#1329,#1330);
#1329 = CARTESIAN_POINT('',(2.360710323604,1.647408011615));
#1330 = VECTOR('',#1331,1.);
#1331 = DIRECTION('',(-1.,0.));
#1332 = ( GEOMETRIC_REPRESENTATION_CONTEXT(2) 
PARAMETRIC_REPRESENTATION_CONTEXT() REPRESENTATION_CONTEXT('2D SPACE',''
  ) );
#1333 = ADVANCED_FACE('',(#1334),#1172,.T.);
#1334 = FACE_BOUND('',#1335,.T.);
#1335 = EDGE_LOOP('',(#1336,#1337,#1363));
#1336 = ORIENTED_EDGE('',*,*,#1158,.T.);
#1337 = ORIENTED_EDGE('',*,*,#1338,.T.);
#1338 = EDGE_CURVE('',#1131,#1188,#1339,.T.);
#1339 = SURFACE_CURVE('',#1340,(#1344,#1351),.PCURVE_S1.);
#1340 = LINE('',#1341,#1342);
#1341 = CARTESIAN_POINT('',(3.18258447827,-50.,9.));
#1342 = VECTOR('',#1343,1.);
#1343 = DIRECTION('',(-0.460056608492,0.,-0.887889586031));
#1344 = PCURVE('',#1172,#1345);
#1345 = DEFINITIONAL_REPRESENTATION('',(#1346),#1350);
#1346 = LINE('',#1347,#1348);
#1347 = CARTESIAN_POINT('',(1.239417893421,2.968166247645));
#1348 = VECTOR('',#1349,1.);
#1349 = DIRECTION('',(-0.887889586031,-0.460056608492));
#1350 = ( GEOMETRIC_REPRESENTATION_CONTEXT(2) 
PARAMETRIC_REPRESENTATION_CONTEXT() REPRESENTATION_CONTEXT('2D SPACE',''
  ) );
#1351 = PCURVE('',#1352,#1357);
#1352 = PLANE('',#1353);
#1353 = AXIS2_PLACEMENT_3D('',#1354,#1355,#1356);
#1354 = CARTESIAN_POINT('',(2.252884635452,-49.48885039129,
    6.636164803704));
#1355 = DIRECTION('',(-0.790122921676,0.456177681523,0.409399183588));
#1356 = DIRECTION('',(-0.5,-0.866025403784,-2.775557561563E-17));
#1357 = DEFINITIONAL_REPRESENTATION('',(#1358),#1362);
#1358 = LINE('',#1359,#1360);
#1359 = CARTESIAN_POINT('',(-2.218137513347E-02,2.590915000933));
#1360 = VECTOR('',#1361,1.);
#1361 = DIRECTION('',(0.230028304246,-0.973183939061));
#1362 = ( GEOMETRIC_REPRESENTATION_CONTEXT(2) 
PARAMETRIC_REPRESENTATION_CONTEXT() REPRESENTATION_CONTEXT('2D SPACE',''
  ) );
#1363 = ORIENTED_EDGE('',*,*,#1364,.T.);
#1364 = EDGE_CURVE('',#1188,#1019,#1365,.T.);
#1365 = SURFACE_CURVE('',#1366,(#1370,#1377),.PCURVE_S1.);
#1366 = LINE('',#1367,#1368);
#1367 = CARTESIAN_POINT('',(1.109999707688,-50.,5.));
#1368 = VECTOR('',#1369,1.);
#1369 = DIRECTION('',(-0.731600138942,0.,0.681733992624));
#1370 = PCURVE('',#1172,#1371);
#1371 = DEFINITIONAL_REPRESENTATION('',(#1372),#1376);
#1372 = LINE('',#1373,#1374);
#1373 = CARTESIAN_POINT('',(-2.760582106579,0.895581477062));
#1374 = VECTOR('',#1375,1.);
#1375 = DIRECTION('',(0.681733992624,-0.731600138942));
#1376 = ( GEOMETRIC_REPRESENTATION_CONTEXT(2) 
PARAMETRIC_REPRESENTATION_CONTEXT() REPRESENTATION_CONTEXT('2D SPACE',''
  ) );
#1377 = PCURVE('',#1322,#1378);
#1378 = DEFINITIONAL_REPRESENTATION('',(#1379),#1383);
#1379 = LINE('',#1380,#1381);
#1380 = CARTESIAN_POINT('',(2.360710323604,1.647408011615));
#1381 = VECTOR('',#1382,1.);
#1382 = DIRECTION('',(-0.731600138942,-0.681733992624));
#1383 = ( GEOMETRIC_REPRESENTATION_CONTEXT(2) 
PARAMETRIC_REPRESENTATION_CONTEXT() REPRESENTATION_CONTEXT('2D SPACE',''
  ) );
#1384 = ADVANCED_FACE('',(#1385),#1322,.T.);
#1385 = FACE_BOUND('',#1386,.T.);
#1386 = EDGE_LOOP('',(#1387,#1388,#1389));
#1387 = ORIENTED_EDGE('',*,*,#1364,.F.);
#1388 = ORIENTED_EDGE('',*,*,#1308,.T.);
#1389 = ORIENTED_EDGE('',*,*,#1390,.T.);
#1390 = EDGE_CURVE('',#1281,#1019,#1391,.T.);
#1391 = SURFACE_CURVE('',#1392,(#1396,#1403),.PCURVE_S1.);
#1392 = LINE('',#1393,#1394);
#1393 = CARTESIAN_POINT('',(-1.109999707688,-50.,5.));
#1394 = VECTOR('',#1395,1.);
#1395 = DIRECTION('',(-0.460056608492,0.,0.887889586031));
#1396 = PCURVE('',#1322,#1397);
#1397 = DEFINITIONAL_REPRESENTATION('',(#1398),#1402);
#1398 = LINE('',#1399,#1400);
#1399 = CARTESIAN_POINT('',(0.140710908229,1.647408011615));
#1400 = VECTOR('',#1401,1.);
#1401 = DIRECTION('',(-0.460056608492,-0.887889586031));
#1402 = ( GEOMETRIC_REPRESENTATION_CONTEXT(2) 
PARAMETRIC_REPRESENTATION_CONTEXT() REPRESENTATION_CONTEXT('2D SPACE',''
  ) );
#1403 = PCURVE('',#1041,#1404);
#1404 = DEFINITIONAL_REPRESENTATION('',(#1405),#1409);
#1405 = LINE('',#1406,#1407);
#1406 = CARTESIAN_POINT('',(-1.257566729111,-2.506606548175));
#1407 = VECTOR('',#1408,1.);
#1408 = DIRECTION('',(0.243389912329,0.969928528592));
#1409 = ( GEOMETRIC_REPRESENTATION_CONTEXT(2) 
PARAMETRIC_REPRESENTATION_CONTEXT() REPRESENTATION_CONTEXT('2D SPACE',''
  ) );
#1410 = ADVANCED_FACE('',(#1411),#1146,.T.);
#1411 = FACE_BOUND('',#1412,.T.);
#1412 = EDGE_LOOP('',(#1413,#1414,#1442));
#1413 = ORIENTED_EDGE('',*,*,#1130,.F.);
#1414 = ORIENTED_EDGE('',*,*,#1415,.T.);
#1415 = EDGE_CURVE('',#967,#1416,#1418,.T.);
#1416 = VERTEX_POINT('',#1417);
#1417 = CARTESIAN_POINT('',(4.18258447827,-48.26794919243,8.84594979969)
  );
#1418 = SURFACE_CURVE('',#1419,(#1423,#1430),.PCURVE_S1.);
#1419 = LINE('',#1420,#1421);
#1420 = CARTESIAN_POINT('',(3.585786437627,-48.26794919243,10.));
#1421 = VECTOR('',#1422,1.);
#1422 = DIRECTION('',(0.459347331296,1.232595164408E-32,-0.888256736102)
  );
#1423 = PCURVE('',#1146,#1424);
#1424 = DEFINITIONAL_REPRESENTATION('',(#1425),#1429);
#1425 = LINE('',#1426,#1427);
#1426 = CARTESIAN_POINT('',(-0.563915042709,0.808296889823));
#1427 = VECTOR('',#1428,1.);
#1428 = DIRECTION('',(-0.215538713647,-0.976495295902));
#1429 = ( GEOMETRIC_REPRESENTATION_CONTEXT(2) 
PARAMETRIC_REPRESENTATION_CONTEXT() REPRESENTATION_CONTEXT('2D SPACE',''
  ) );
#1430 = PCURVE('',#1431,#1436);
#1431 = PLANE('',#1432);
#1432 = AXIS2_PLACEMENT_3D('',#1433,#1434,#1435);
#1433 = CARTESIAN_POINT('',(4.032381011171,-0.322621996746,
    9.136403738021));
#1434 = DIRECTION('',(-0.888256736102,-2.024181569769E-18,
    -0.459347331296));
#1435 = DIRECTION('',(0.459347331296,0.,-0.888256736102));
#1436 = DEFINITIONAL_REPRESENTATION('',(#1437),#1441);
#1437 = LINE('',#1438,#1439);
#1438 = CARTESIAN_POINT('',(-0.972237222505,47.945327195685));
#1439 = VECTOR('',#1440,1.);
#1440 = DIRECTION('',(1.,-7.029644297013E-33));
#1441 = ( GEOMETRIC_REPRESENTATION_CONTEXT(2) 
PARAMETRIC_REPRESENTATION_CONTEXT() REPRESENTATION_CONTEXT('2D SPACE',''
  ) );
#1442 = ORIENTED_EDGE('',*,*,#1443,.T.);
#1443 = EDGE_CURVE('',#1416,#1131,#1444,.T.);
#1444 = SURFACE_CURVE('',#1445,(#1449,#1456),.PCURVE_S1.);
#1445 = LINE('',#1446,#1447);
#1446 = CARTESIAN_POINT('',(4.18258447827,-48.26794919243,8.84594979969)
  );
#1447 = VECTOR('',#1448,1.);
#1448 = DIRECTION('',(-0.498523350819,-0.863467772378,7.67976220527E-02)
  );
#1449 = PCURVE('',#1146,#1450);
#1450 = DEFINITIONAL_REPRESENTATION('',(#1451),#1455);
#1451 = LINE('',#1452,#1453);
#1452 = CARTESIAN_POINT('',(-0.84394950296,-0.460395534377));
#1453 = VECTOR('',#1454,1.);
#1454 = DIRECTION('',(0.996429699132,8.442662309549E-02));
#1455 = ( GEOMETRIC_REPRESENTATION_CONTEXT(2) 
PARAMETRIC_REPRESENTATION_CONTEXT() REPRESENTATION_CONTEXT('2D SPACE',''
  ) );
#1456 = PCURVE('',#1457,#1462);
#1457 = PLANE('',#1458);
#1458 = AXIS2_PLACEMENT_3D('',#1459,#1460,#1461);
#1459 = CARTESIAN_POINT('',(3.038713708993,-48.78570090145,
    7.324090982772));
#1460 = DIRECTION('',(-0.771197846298,0.482215043964,0.415599005341));
#1461 = DIRECTION('',(-0.530170010151,-0.847891361164,0.));
#1462 = DEFINITIONAL_REPRESENTATION('',(#1463),#1467);
#1463 = LINE('',#1464,#1465);
#1464 = CARTESIAN_POINT('',(-1.045443178667,1.673203510578));
#1465 = VECTOR('',#1466,1.);
#1466 = DIRECTION('',(0.996428994807,8.443493535285E-02));
#1467 = ( GEOMETRIC_REPRESENTATION_CONTEXT(2) 
PARAMETRIC_REPRESENTATION_CONTEXT() REPRESENTATION_CONTEXT('2D SPACE',''
  ) );
#1468 = ADVANCED_FACE('',(#1469),#1457,.T.);
#1469 = FACE_BOUND('',#1470,.T.);
#1470 = EDGE_LOOP('',(#1471,#1472,#1500));
#1471 = ORIENTED_EDGE('',*,*,#1443,.F.);
#1472 = ORIENTED_EDGE('',*,*,#1473,.T.);
#1473 = EDGE_CURVE('',#1416,#1474,#1476,.T.);
#1474 = VERTEX_POINT('',#1475);
#1475 = CARTESIAN_POINT('',(2.109999707688,-48.26794919243,5.));
#1476 = SURFACE_CURVE('',#1477,(#1481,#1488),.PCURVE_S1.);
#1477 = LINE('',#1478,#1479);
#1478 = CARTESIAN_POINT('',(4.18258447827,-48.26794919243,8.84594979969)
  );
#1479 = VECTOR('',#1480,1.);
#1480 = DIRECTION('',(-0.474399450154,0.,-0.880309696467));
#1481 = PCURVE('',#1457,#1482);
#1482 = DEFINITIONAL_REPRESENTATION('',(#1483),#1487);
#1483 = LINE('',#1484,#1485);
#1484 = CARTESIAN_POINT('',(-1.045443178667,1.673203510578));
#1485 = VECTOR('',#1486,1.);
#1486 = DIRECTION('',(0.251512361304,-0.967854086168));
#1487 = ( GEOMETRIC_REPRESENTATION_CONTEXT(2) 
PARAMETRIC_REPRESENTATION_CONTEXT() REPRESENTATION_CONTEXT('2D SPACE',''
  ) );
#1488 = PCURVE('',#1489,#1494);
#1489 = PLANE('',#1490);
#1490 = AXIS2_PLACEMENT_3D('',#1491,#1492,#1493);
#1491 = CARTESIAN_POINT('',(2.639864599239,-1.067512817681,
    5.983233015338));
#1492 = DIRECTION('',(-0.880309696467,-1.368492775287E-19,0.474399450154
    ));
#1493 = DIRECTION('',(-0.474399450154,0.,-0.880309696467));
#1494 = DEFINITIONAL_REPRESENTATION('',(#1495),#1499);
#1495 = LINE('',#1496,#1497);
#1496 = CARTESIAN_POINT('',(-3.251942805858,47.20043637475));
#1497 = VECTOR('',#1498,1.);
#1498 = DIRECTION('',(1.,-2.142597063131E-33));
#1499 = ( GEOMETRIC_REPRESENTATION_CONTEXT(2) 
PARAMETRIC_REPRESENTATION_CONTEXT() REPRESENTATION_CONTEXT('2D SPACE',''
  ) );
#1500 = ORIENTED_EDGE('',*,*,#1501,.T.);
#1501 = EDGE_CURVE('',#1474,#1131,#1502,.T.);
#1502 = SURFACE_CURVE('',#1503,(#1507,#1514),.PCURVE_S1.);
#1503 = LINE('',#1504,#1505);
#1504 = CARTESIAN_POINT('',(2.109999707688,-48.26794919243,5.));
#1505 = VECTOR('',#1506,1.);
#1506 = DIRECTION('',(0.238940286408,-0.385849890269,0.891082152055));
#1507 = PCURVE('',#1457,#1508);
#1508 = DEFINITIONAL_REPRESENTATION('',(#1509),#1513);
#1509 = LINE('',#1510,#1511);
#1510 = CARTESIAN_POINT('',(5.337911019143E-02,-2.55521546943));
#1511 = VECTOR('',#1512,1.);
#1512 = DIRECTION('',(0.200479814595,0.979697832977));
#1513 = ( GEOMETRIC_REPRESENTATION_CONTEXT(2) 
PARAMETRIC_REPRESENTATION_CONTEXT() REPRESENTATION_CONTEXT('2D SPACE',''
  ) );
#1514 = PCURVE('',#1352,#1515);
#1515 = DEFINITIONAL_REPRESENTATION('',(#1516),#1520);
#1516 = LINE('',#1517,#1518);
#1517 = CARTESIAN_POINT('',(-0.985888989842,-1.79334157498));
#1518 = VECTOR('',#1519,1.);
#1519 = DIRECTION('',(0.214685663817,0.976683196206));
#1520 = ( GEOMETRIC_REPRESENTATION_CONTEXT(2) 
PARAMETRIC_REPRESENTATION_CONTEXT() REPRESENTATION_CONTEXT('2D SPACE',''
  ) );
#1521 = ADVANCED_FACE('',(#1522),#1352,.T.);
#1522 = FACE_BOUND('',#1523,.T.);
#1523 = EDGE_LOOP('',(#1524,#1525,#1551));
#1524 = ORIENTED_EDGE('',*,*,#1501,.F.);
#1525 = ORIENTED_EDGE('',*,*,#1526,.T.);
#1526 = EDGE_CURVE('',#1474,#1188,#1527,.T.);
#1527 = SURFACE_CURVE('',#1528,(#1532,#1539),.PCURVE_S1.);
#1528 = LINE('',#1529,#1530);
#1529 = CARTESIAN_POINT('',(2.109999707688,-48.26794919243,5.));
#1530 = VECTOR('',#1531,1.);
#1531 = DIRECTION('',(-0.5,-0.866025403784,0.));
#1532 = PCURVE('',#1352,#1533);
#1533 = DEFINITIONAL_REPRESENTATION('',(#1534),#1538);
#1534 = LINE('',#1535,#1536);
#1535 = CARTESIAN_POINT('',(-0.985888989842,-1.79334157498));
#1536 = VECTOR('',#1537,1.);
#1537 = DIRECTION('',(1.,-4.146877738677E-17));
#1538 = ( GEOMETRIC_REPRESENTATION_CONTEXT(2) 
PARAMETRIC_REPRESENTATION_CONTEXT() REPRESENTATION_CONTEXT('2D SPACE',''
  ) );
#1539 = PCURVE('',#1540,#1545);
#1540 = PLANE('',#1541);
#1541 = AXIS2_PLACEMENT_3D('',#1542,#1543,#1544);
#1542 = CARTESIAN_POINT('',(3.056333389268,-48.78463311362,
    2.825108013417));
#1543 = DIRECTION('',(-0.775955480398,0.447998105487,-0.444061696074));
#1544 = DIRECTION('',(-0.5,-0.866025403784,-2.775557561563E-17));
#1545 = DEFINITIONAL_REPRESENTATION('',(#1546),#1550);
#1546 = LINE('',#1547,#1548);
#1547 = CARTESIAN_POINT('',(2.570543930857E-02,2.427345071268));
#1548 = VECTOR('',#1549,1.);
#1549 = DIRECTION('',(1.,-2.54290942419E-16));
#1550 = ( GEOMETRIC_REPRESENTATION_CONTEXT(2) 
PARAMETRIC_REPRESENTATION_CONTEXT() REPRESENTATION_CONTEXT('2D SPACE',''
  ) );
#1551 = ORIENTED_EDGE('',*,*,#1338,.F.);
#1552 = ADVANCED_FACE('',(#1553),#1540,.T.);
#1553 = FACE_BOUND('',#1554,.T.);
#1554 = EDGE_LOOP('',(#1555,#1556,#1584));
#1555 = ORIENTED_EDGE('',*,*,#1526,.F.);
#1556 = ORIENTED_EDGE('',*,*,#1557,.T.);
#1557 = EDGE_CURVE('',#1474,#1558,#1560,.T.);
#1558 = VERTEX_POINT('',#1559);
#1559 = CARTESIAN_POINT('',(5.,-48.26794919243,-5.E-02));
#1560 = SURFACE_CURVE('',#1561,(#1565,#1572),.PCURVE_S1.);
#1561 = LINE('',#1562,#1563);
#1562 = CARTESIAN_POINT('',(2.109999707688,-48.26794919243,5.));
#1563 = VECTOR('',#1564,1.);
#1564 = DIRECTION('',(0.496694135646,0.,-0.867925650972));
#1565 = PCURVE('',#1540,#1566);
#1566 = DEFINITIONAL_REPRESENTATION('',(#1567),#1571);
#1567 = LINE('',#1568,#1569);
#1568 = CARTESIAN_POINT('',(2.570543930857E-02,2.427345071268));
#1569 = VECTOR('',#1570,1.);
#1570 = DIRECTION('',(-0.248347067823,-0.968671117513));
#1571 = ( GEOMETRIC_REPRESENTATION_CONTEXT(2) 
PARAMETRIC_REPRESENTATION_CONTEXT() REPRESENTATION_CONTEXT('2D SPACE',''
  ) );
#1572 = PCURVE('',#1573,#1578);
#1573 = PLANE('',#1574);
#1574 = AXIS2_PLACEMENT_3D('',#1575,#1576,#1577);
#1575 = CARTESIAN_POINT('',(4.255746182456,-1.410820620422,
    1.250512594616));
#1576 = DIRECTION('',(-0.867925650972,-5.87226619216E-18,-0.496694135646
    ));
#1577 = DIRECTION('',(0.496694135646,0.,-0.867925650972));
#1578 = DEFINITIONAL_REPRESENTATION('',(#1579),#1583);
#1579 = LINE('',#1580,#1581);
#1580 = CARTESIAN_POINT('',(-4.320055987729,46.857128572009));
#1581 = VECTOR('',#1582,1.);
#1582 = DIRECTION('',(1.,-1.925929944387E-33));
#1583 = ( GEOMETRIC_REPRESENTATION_CONTEXT(2) 
PARAMETRIC_REPRESENTATION_CONTEXT() REPRESENTATION_CONTEXT('2D SPACE',''
  ) );
#1584 = ORIENTED_EDGE('',*,*,#1585,.T.);
#1585 = EDGE_CURVE('',#1558,#1188,#1586,.T.);
#1586 = SURFACE_CURVE('',#1587,(#1591,#1598),.PCURVE_S1.);
#1587 = LINE('',#1588,#1589);
#1588 = CARTESIAN_POINT('',(5.,-48.26794919243,-5.E-02));
#1589 = VECTOR('',#1590,1.);
#1590 = DIRECTION('',(-0.588889923381,-0.26220750404,0.764497143857));
#1591 = PCURVE('',#1540,#1592);
#1592 = DEFINITIONAL_REPRESENTATION('',(#1593),#1597);
#1593 = LINE('',#1594,#1595);
#1594 = CARTESIAN_POINT('',(-1.419294706848,-3.208839477447));
#1595 = VECTOR('',#1596,1.);
#1596 = DIRECTION('',(0.521523321252,0.853237027672));
#1597 = ( GEOMETRIC_REPRESENTATION_CONTEXT(2) 
PARAMETRIC_REPRESENTATION_CONTEXT() REPRESENTATION_CONTEXT('2D SPACE',''
  ) );
#1598 = PCURVE('',#1210,#1599);
#1599 = DEFINITIONAL_REPRESENTATION('',(#1600),#1604);
#1600 = LINE('',#1601,#1602);
#1601 = CARTESIAN_POINT('',(-2.025705439309,-2.427345071268));
#1602 = VECTOR('',#1603,1.);
#1603 = DIRECTION('',(0.521523321252,0.853237027672));
#1604 = ( GEOMETRIC_REPRESENTATION_CONTEXT(2) 
PARAMETRIC_REPRESENTATION_CONTEXT() REPRESENTATION_CONTEXT('2D SPACE',''
  ) );
#1605 = ADVANCED_FACE('',(#1606),#1210,.T.);
#1606 = FACE_BOUND('',#1607,.T.);
#1607 = EDGE_LOOP('',(#1608,#1609,#1635));
#1608 = ORIENTED_EDGE('',*,*,#1585,.F.);
#1609 = ORIENTED_EDGE('',*,*,#1610,.T.);
#1610 = EDGE_CURVE('',#1558,#1190,#1611,.T.);
#1611 = SURFACE_CURVE('',#1612,(#1616,#1623),.PCURVE_S1.);
#1612 = LINE('',#1613,#1614);
#1613 = CARTESIAN_POINT('',(5.,-48.26794919243,-5.E-02));
#1614 = VECTOR('',#1615,1.);
#1615 = DIRECTION('',(-0.5,-0.866025403784,0.));
#1616 = PCURVE('',#1210,#1617);
#1617 = DEFINITIONAL_REPRESENTATION('',(#1618),#1622);
#1618 = LINE('',#1619,#1620);
#1619 = CARTESIAN_POINT('',(-2.025705439309,-2.427345071268));
#1620 = VECTOR('',#1621,1.);
#1621 = DIRECTION('',(1.,3.703930918958E-16));
#1622 = ( GEOMETRIC_REPRESENTATION_CONTEXT(2) 
PARAMETRIC_REPRESENTATION_CONTEXT() REPRESENTATION_CONTEXT('2D SPACE',''
  ) );
#1623 = PCURVE('',#1624,#1629);
#1624 = PLANE('',#1625);
#1625 = AXIS2_PLACEMENT_3D('',#1626,#1627,#1628);
#1626 = CARTESIAN_POINT('',(0.208712152522,-48.72479944417,-5.E-02));
#1627 = DIRECTION('',(0.,0.,1.));
#1628 = DIRECTION('',(1.,0.,0.));
#1629 = DEFINITIONAL_REPRESENTATION('',(#1630),#1634);
#1630 = LINE('',#1631,#1632);
#1631 = CARTESIAN_POINT('',(4.791287847478,0.456850251748));
#1632 = VECTOR('',#1633,1.);
#1633 = DIRECTION('',(-0.5,-0.866025403784));
#1634 = ( GEOMETRIC_REPRESENTATION_CONTEXT(2) 
PARAMETRIC_REPRESENTATION_CONTEXT() REPRESENTATION_CONTEXT('2D SPACE',''
  ) );
#1635 = ORIENTED_EDGE('',*,*,#1187,.F.);
#1636 = ADVANCED_FACE('',(#1637),#1624,.T.);
#1637 = FACE_BOUND('',#1638,.T.);
#1638 = EDGE_LOOP('',(#1639,#1640,#1668));
#1639 = ORIENTED_EDGE('',*,*,#1610,.F.);
#1640 = ORIENTED_EDGE('',*,*,#1641,.T.);
#1641 = EDGE_CURVE('',#1558,#1642,#1644,.T.);
#1642 = VERTEX_POINT('',#1643);
#1643 = CARTESIAN_POINT('',(-5.,-48.26794919243,-5.E-02));
#1644 = SURFACE_CURVE('',#1645,(#1649,#1656),.PCURVE_S1.);
#1645 = LINE('',#1646,#1647);
#1646 = CARTESIAN_POINT('',(5.,-48.26794919243,-5.E-02));
#1647 = VECTOR('',#1648,1.);
#1648 = DIRECTION('',(-1.,0.,0.));
#1649 = PCURVE('',#1624,#1650);
#1650 = DEFINITIONAL_REPRESENTATION('',(#1651),#1655);
#1651 = LINE('',#1652,#1653);
#1652 = CARTESIAN_POINT('',(4.791287847478,0.456850251748));
#1653 = VECTOR('',#1654,1.);
#1654 = DIRECTION('',(-1.,0.));
#1655 = ( GEOMETRIC_REPRESENTATION_CONTEXT(2) 
PARAMETRIC_REPRESENTATION_CONTEXT() REPRESENTATION_CONTEXT('2D SPACE',''
  ) );
#1656 = PCURVE('',#1657,#1662);
#1657 = PLANE('',#1658);
#1658 = AXIS2_PLACEMENT_3D('',#1659,#1660,#1661);
#1659 = CARTESIAN_POINT('',(-2.370860002026,-2.370860002026,-5.E-02));
#1660 = DIRECTION('',(0.,0.,1.));
#1661 = DIRECTION('',(1.,0.,0.));
#1662 = DEFINITIONAL_REPRESENTATION('',(#1663),#1667);
#1663 = LINE('',#1664,#1665);
#1664 = CARTESIAN_POINT('',(7.370860002026,-45.8970891904));
#1665 = VECTOR('',#1666,1.);
#1666 = DIRECTION('',(-1.,0.));
#1667 = ( GEOMETRIC_REPRESENTATION_CONTEXT(2) 
PARAMETRIC_REPRESENTATION_CONTEXT() REPRESENTATION_CONTEXT('2D SPACE',''
  ) );
#1668 = ORIENTED_EDGE('',*,*,#1669,.T.);
#1669 = EDGE_CURVE('',#1642,#1190,#1670,.T.);
#1670 = SURFACE_CURVE('',#1671,(#1675,#1682),.PCURVE_S1.);
#1671 = LINE('',#1672,#1673);
#1672 = CARTESIAN_POINT('',(-5.,-48.26794919243,-5.E-02));
#1673 = VECTOR('',#1674,1.);
#1674 = DIRECTION('',(0.981980506062,-0.188982236505,0.));
#1675 = PCURVE('',#1624,#1676);
#1676 = DEFINITIONAL_REPRESENTATION('',(#1677),#1681);
#1677 = LINE('',#1678,#1679);
#1678 = CARTESIAN_POINT('',(-5.208712152522,0.456850251748));
#1679 = VECTOR('',#1680,1.);
#1680 = DIRECTION('',(0.981980506062,-0.188982236505));
#1681 = ( GEOMETRIC_REPRESENTATION_CONTEXT(2) 
PARAMETRIC_REPRESENTATION_CONTEXT() REPRESENTATION_CONTEXT('2D SPACE',''
  ) );
#1682 = PCURVE('',#1238,#1683);
#1683 = DEFINITIONAL_REPRESENTATION('',(#1684),#1688);
#1684 = LINE('',#1685,#1686);
#1685 = CARTESIAN_POINT('',(1.22752545611,4.291287847478));
#1686 = VECTOR('',#1687,1.);
#1687 = DIRECTION('',(-0.188982236505,-0.981980506062));
#1688 = ( GEOMETRIC_REPRESENTATION_CONTEXT(2) 
PARAMETRIC_REPRESENTATION_CONTEXT() REPRESENTATION_CONTEXT('2D SPACE',''
  ) );
#1689 = ADVANCED_FACE('',(#1690),#1238,.T.);
#1690 = FACE_BOUND('',#1691,.T.);
#1691 = EDGE_LOOP('',(#1692,#1693,#1719));
#1692 = ORIENTED_EDGE('',*,*,#1669,.F.);
#1693 = ORIENTED_EDGE('',*,*,#1694,.T.);
#1694 = EDGE_CURVE('',#1642,#1223,#1695,.T.);
#1695 = SURFACE_CURVE('',#1696,(#1700,#1707),.PCURVE_S1.);
#1696 = LINE('',#1697,#1698);
#1697 = CARTESIAN_POINT('',(-5.,-48.26794919243,-5.E-02));
#1698 = VECTOR('',#1699,1.);
#1699 = DIRECTION('',(0.5,-0.866025403784,0.));
#1700 = PCURVE('',#1238,#1701);
#1701 = DEFINITIONAL_REPRESENTATION('',(#1702),#1706);
#1702 = LINE('',#1703,#1704);
#1703 = CARTESIAN_POINT('',(1.22752545611,4.291287847478));
#1704 = VECTOR('',#1705,1.);
#1705 = DIRECTION('',(-0.866025403784,-0.5));
#1706 = ( GEOMETRIC_REPRESENTATION_CONTEXT(2) 
PARAMETRIC_REPRESENTATION_CONTEXT() REPRESENTATION_CONTEXT('2D SPACE',''
  ) );
#1707 = PCURVE('',#1708,#1713);
#1708 = PLANE('',#1709);
#1709 = AXIS2_PLACEMENT_3D('',#1710,#1711,#1712);
#1710 = CARTESIAN_POINT('',(-3.485149105907,-48.76021883064,
    2.100424133383));
#1711 = DIRECTION('',(0.775955480398,0.447998105487,-0.444061696074));
#1712 = DIRECTION('',(-0.5,0.866025403784,2.775557561563E-17));
#1713 = DEFINITIONAL_REPRESENTATION('',(#1714),#1718);
#1714 = LINE('',#1715,#1716);
#1715 = CARTESIAN_POINT('',(1.183743459254,-2.400037083912));
#1716 = VECTOR('',#1717,1.);
#1717 = DIRECTION('',(-1.,7.759779469656E-17));
#1718 = ( GEOMETRIC_REPRESENTATION_CONTEXT(2) 
PARAMETRIC_REPRESENTATION_CONTEXT() REPRESENTATION_CONTEXT('2D SPACE',''
  ) );
#1719 = ORIENTED_EDGE('',*,*,#1222,.F.);
#1720 = ADVANCED_FACE('',(#1721),#1708,.T.);
#1721 = FACE_BOUND('',#1722,.T.);
#1722 = EDGE_LOOP('',(#1723,#1724,#1752));
#1723 = ORIENTED_EDGE('',*,*,#1694,.F.);
#1724 = ORIENTED_EDGE('',*,*,#1725,.T.);
#1725 = EDGE_CURVE('',#1642,#1726,#1728,.T.);
#1726 = VERTEX_POINT('',#1727);
#1727 = CARTESIAN_POINT('',(-2.109999707688,-48.26794919243,5.));
#1728 = SURFACE_CURVE('',#1729,(#1733,#1740),.PCURVE_S1.);
#1729 = LINE('',#1730,#1731);
#1730 = CARTESIAN_POINT('',(-5.,-48.26794919243,-5.E-02));
#1731 = VECTOR('',#1732,1.);
#1732 = DIRECTION('',(0.496694135646,0.,0.867925650972));
#1733 = PCURVE('',#1708,#1734);
#1734 = DEFINITIONAL_REPRESENTATION('',(#1735),#1739);
#1735 = LINE('',#1736,#1737);
#1736 = CARTESIAN_POINT('',(1.183743459254,-2.400037083912));
#1737 = VECTOR('',#1738,1.);
#1738 = DIRECTION('',(-0.248347067823,0.968671117513));
#1739 = ( GEOMETRIC_REPRESENTATION_CONTEXT(2) 
PARAMETRIC_REPRESENTATION_CONTEXT() REPRESENTATION_CONTEXT('2D SPACE',''
  ) );
#1740 = PCURVE('',#1741,#1746);
#1741 = PLANE('',#1742);
#1742 = AXIS2_PLACEMENT_3D('',#1743,#1744,#1745);
#1743 = CARTESIAN_POINT('',(-2.854253525232,-1.410820620422,
    3.699487405384));
#1744 = DIRECTION('',(0.867925650972,5.87226619216E-18,-0.496694135646)
  );
#1745 = DIRECTION('',(0.496694135646,0.,0.867925650972));
#1746 = DEFINITIONAL_REPRESENTATION('',(#1747),#1751);
#1747 = LINE('',#1748,#1749);
#1748 = CARTESIAN_POINT('',(-4.320055987729,46.857128572009));
#1749 = VECTOR('',#1750,1.);
#1750 = DIRECTION('',(1.,-1.925929944387E-33));
#1751 = ( GEOMETRIC_REPRESENTATION_CONTEXT(2) 
PARAMETRIC_REPRESENTATION_CONTEXT() REPRESENTATION_CONTEXT('2D SPACE',''
  ) );
#1752 = ORIENTED_EDGE('',*,*,#1753,.T.);
#1753 = EDGE_CURVE('',#1726,#1223,#1754,.T.);
#1754 = SURFACE_CURVE('',#1755,(#1759,#1766),.PCURVE_S1.);
#1755 = LINE('',#1756,#1757);
#1756 = CARTESIAN_POINT('',(-2.109999707688,-48.26794919243,5.));
#1757 = VECTOR('',#1758,1.);
#1758 = DIRECTION('',(-0.333719234992,-0.305829937075,-0.891683532306));
#1759 = PCURVE('',#1708,#1760);
#1760 = DEFINITIONAL_REPRESENTATION('',(#1761),#1765);
#1761 = LINE('',#1762,#1763);
#1762 = CARTESIAN_POINT('',(-0.261256686902,3.236147464803));
#1763 = VECTOR('',#1764,1.);
#1764 = DIRECTION('',(-9.799687724846E-02,-0.995186722203));
#1765 = ( GEOMETRIC_REPRESENTATION_CONTEXT(2) 
PARAMETRIC_REPRESENTATION_CONTEXT() REPRESENTATION_CONTEXT('2D SPACE',''
  ) );
#1766 = PCURVE('',#1296,#1767);
#1767 = DEFINITIONAL_REPRESENTATION('',(#1768),#1772);
#1768 = LINE('',#1769,#1770);
#1769 = CARTESIAN_POINT('',(0.816256540746,2.400037083912));
#1770 = VECTOR('',#1771,1.);
#1771 = DIRECTION('',(-9.799687724846E-02,-0.995186722203));
#1772 = ( GEOMETRIC_REPRESENTATION_CONTEXT(2) 
PARAMETRIC_REPRESENTATION_CONTEXT() REPRESENTATION_CONTEXT('2D SPACE',''
  ) );
#1773 = ADVANCED_FACE('',(#1774),#1296,.T.);
#1774 = FACE_BOUND('',#1775,.T.);
#1775 = EDGE_LOOP('',(#1776,#1777,#1803));
#1776 = ORIENTED_EDGE('',*,*,#1753,.F.);
#1777 = ORIENTED_EDGE('',*,*,#1778,.T.);
#1778 = EDGE_CURVE('',#1726,#1281,#1779,.T.);
#1779 = SURFACE_CURVE('',#1780,(#1784,#1791),.PCURVE_S1.);
#1780 = LINE('',#1781,#1782);
#1781 = CARTESIAN_POINT('',(-2.109999707688,-48.26794919243,5.));
#1782 = VECTOR('',#1783,1.);
#1783 = DIRECTION('',(0.5,-0.866025403784,0.));
#1784 = PCURVE('',#1296,#1785);
#1785 = DEFINITIONAL_REPRESENTATION('',(#1786),#1790);
#1786 = LINE('',#1787,#1788);
#1787 = CARTESIAN_POINT('',(0.816256540746,2.400037083912));
#1788 = VECTOR('',#1789,1.);
#1789 = DIRECTION('',(-1.,7.759779469656E-17));
#1790 = ( GEOMETRIC_REPRESENTATION_CONTEXT(2) 
PARAMETRIC_REPRESENTATION_CONTEXT() REPRESENTATION_CONTEXT('2D SPACE',''
  ) );
#1791 = PCURVE('',#1792,#1797);
#1792 = PLANE('',#1793);
#1793 = AXIS2_PLACEMENT_3D('',#1794,#1795,#1796);
#1794 = CARTESIAN_POINT('',(-2.65594449053,-48.8074495201,6.591064092864
    ));
#1795 = DIRECTION('',(0.784767103051,0.453085498198,0.422911486356));
#1796 = DIRECTION('',(-0.5,0.866025403784,-2.775557561563E-17));
#1797 = DEFINITIONAL_REPRESENTATION('',(#1798),#1802);
#1798 = LINE('',#1799,#1800);
#1799 = CARTESIAN_POINT('',(0.194248597697,-1.755809995236));
#1800 = VECTOR('',#1801,1.);
#1801 = DIRECTION('',(-1.,-4.939461180969E-16));
#1802 = ( GEOMETRIC_REPRESENTATION_CONTEXT(2) 
PARAMETRIC_REPRESENTATION_CONTEXT() REPRESENTATION_CONTEXT('2D SPACE',''
  ) );
#1803 = ORIENTED_EDGE('',*,*,#1280,.F.);
#1804 = ADVANCED_FACE('',(#1805),#1792,.T.);
#1805 = FACE_BOUND('',#1806,.T.);
#1806 = EDGE_LOOP('',(#1807,#1808,#1834));
#1807 = ORIENTED_EDGE('',*,*,#1778,.F.);
#1808 = ORIENTED_EDGE('',*,*,#1809,.T.);
#1809 = EDGE_CURVE('',#1726,#1021,#1810,.T.);
#1810 = SURFACE_CURVE('',#1811,(#1815,#1822),.PCURVE_S1.);
#1811 = LINE('',#1812,#1813);
#1812 = CARTESIAN_POINT('',(-2.109999707688,-48.26794919243,5.));
#1813 = VECTOR('',#1814,1.);
#1814 = DIRECTION('',(-0.474399450154,0.,0.880309696467));
#1815 = PCURVE('',#1792,#1816);
#1816 = DEFINITIONAL_REPRESENTATION('',(#1817),#1821);
#1817 = LINE('',#1818,#1819);
#1818 = CARTESIAN_POINT('',(0.194248597697,-1.755809995236));
#1819 = VECTOR('',#1820,1.);
#1820 = DIRECTION('',(0.237199725077,0.971460905247));
#1821 = ( GEOMETRIC_REPRESENTATION_CONTEXT(2) 
PARAMETRIC_REPRESENTATION_CONTEXT() REPRESENTATION_CONTEXT('2D SPACE',''
  ) );
#1822 = PCURVE('',#1823,#1828);
#1823 = PLANE('',#1824);
#1824 = AXIS2_PLACEMENT_3D('',#1825,#1826,#1827);
#1825 = CARTESIAN_POINT('',(-3.652719586719,-1.067512817681,
    7.862716784352));
#1826 = DIRECTION('',(0.880309696467,1.368491741311E-19,0.474399450154)
  );
#1827 = DIRECTION('',(-0.474399450154,0.,0.880309696467));
#1828 = DEFINITIONAL_REPRESENTATION('',(#1829),#1833);
#1829 = LINE('',#1830,#1831);
#1830 = CARTESIAN_POINT('',(-3.251942805858,47.20043637475));
#1831 = VECTOR('',#1832,1.);
#1832 = DIRECTION('',(1.,-7.523163845263E-33));
#1833 = ( GEOMETRIC_REPRESENTATION_CONTEXT(2) 
PARAMETRIC_REPRESENTATION_CONTEXT() REPRESENTATION_CONTEXT('2D SPACE',''
  ) );
#1834 = ORIENTED_EDGE('',*,*,#1835,.T.);
#1835 = EDGE_CURVE('',#1021,#1281,#1836,.T.);
#1836 = SURFACE_CURVE('',#1837,(#1841,#1848),.PCURVE_S1.);
#1837 = LINE('',#1838,#1839);
#1838 = CARTESIAN_POINT('',(-4.18258447827,-48.26794919243,8.84594979969
    ));
#1839 = VECTOR('',#1840,1.);
#1840 = DIRECTION('',(0.588793830778,-0.33190974578,-0.736992364611));
#1841 = PCURVE('',#1792,#1842);
#1842 = DEFINITIONAL_REPRESENTATION('',(#1843),#1847);
#1843 = LINE('',#1844,#1845);
#1844 = CARTESIAN_POINT('',(1.230540982989,2.488366672291));
#1845 = VECTOR('',#1846,1.);
#1846 = DIRECTION('',(-0.581839186998,-0.813303854948));
#1847 = ( GEOMETRIC_REPRESENTATION_CONTEXT(2) 
PARAMETRIC_REPRESENTATION_CONTEXT() REPRESENTATION_CONTEXT('2D SPACE',''
  ) );
#1848 = PCURVE('',#1041,#1849);
#1849 = DEFINITIONAL_REPRESENTATION('',(#1850),#1854);
#1850 = LINE('',#1851,#1852);
#1851 = CARTESIAN_POINT('',(1.837773218484,1.694700110827));
#1852 = VECTOR('',#1853,1.);
#1853 = DIRECTION('',(-0.593154363959,-0.805088753192));
#1854 = ( GEOMETRIC_REPRESENTATION_CONTEXT(2) 
PARAMETRIC_REPRESENTATION_CONTEXT() REPRESENTATION_CONTEXT('2D SPACE',''
  ) );
#1855 = ADVANCED_FACE('',(#1856),#1041,.T.);
#1856 = FACE_BOUND('',#1857,.T.);
#1857 = EDGE_LOOP('',(#1858,#1859,#1860));
#1858 = ORIENTED_EDGE('',*,*,#1835,.F.);
#1859 = ORIENTED_EDGE('',*,*,#1018,.F.);
#1860 = ORIENTED_EDGE('',*,*,#1390,.F.);
#1861 = ADVANCED_FACE('',(#1862),#72,.T.);
#1862 = FACE_BOUND('',#1863,.T.);
#1863 = EDGE_LOOP('',(#1864,#1865,#1866));
#1864 = ORIENTED_EDGE('',*,*,#966,.F.);
#1865 = ORIENTED_EDGE('',*,*,#56,.F.);
#1866 = ORIENTED_EDGE('',*,*,#1867,.T.);
#1867 = EDGE_CURVE('',#24,#967,#1868,.T.);
#1868 = SURFACE_CURVE('',#1869,(#1873,#1880),.PCURVE_S1.);
#1869 = LINE('',#1870,#1871);
#1870 = CARTESIAN_POINT('',(4.18258447827,48.267949192431,8.84594979969)
  );
#1871 = VECTOR('',#1872,1.);
#1872 = DIRECTION('',(-6.181576060488E-03,-0.999909446403,
    1.195353973205E-02));
#1873 = PCURVE('',#72,#1874);
#1874 = DEFINITIONAL_REPRESENTATION('',(#1875),#1879);
#1875 = LINE('',#1876,#1877);
#1876 = CARTESIAN_POINT('',(0.972237222505,-47.94532719568));
#1877 = VECTOR('',#1878,1.);
#1878 = DIRECTION('',(-1.345730265385E-02,0.999909446403));
#1879 = ( GEOMETRIC_REPRESENTATION_CONTEXT(2) 
PARAMETRIC_REPRESENTATION_CONTEXT() REPRESENTATION_CONTEXT('2D SPACE',''
  ) );
#1880 = PCURVE('',#1431,#1881);
#1881 = DEFINITIONAL_REPRESENTATION('',(#1882),#1886);
#1882 = LINE('',#1883,#1884);
#1883 = CARTESIAN_POINT('',(0.326993229012,-48.59057118917));
#1884 = VECTOR('',#1885,1.);
#1885 = DIRECTION('',(-1.345730265385E-02,0.999909446403));
#1886 = ( GEOMETRIC_REPRESENTATION_CONTEXT(2) 
PARAMETRIC_REPRESENTATION_CONTEXT() REPRESENTATION_CONTEXT('2D SPACE',''
  ) );
#1887 = ADVANCED_FACE('',(#1888),#1431,.T.);
#1888 = FACE_BOUND('',#1889,.T.);
#1889 = EDGE_LOOP('',(#1890,#1891,#1912));
#1890 = ORIENTED_EDGE('',*,*,#1867,.F.);
#1891 = ORIENTED_EDGE('',*,*,#1892,.T.);
#1892 = EDGE_CURVE('',#24,#1416,#1893,.T.);
#1893 = SURFACE_CURVE('',#1894,(#1898,#1905),.PCURVE_S1.);
#1894 = LINE('',#1895,#1896);
#1895 = CARTESIAN_POINT('',(4.18258447827,48.267949192431,8.84594979969)
  );
#1896 = VECTOR('',#1897,1.);
#1897 = DIRECTION('',(0.,-1.,0.));
#1898 = PCURVE('',#1431,#1899);
#1899 = DEFINITIONAL_REPRESENTATION('',(#1900),#1904);
#1900 = LINE('',#1901,#1902);
#1901 = CARTESIAN_POINT('',(0.326993229012,-48.59057118917));
#1902 = VECTOR('',#1903,1.);
#1903 = DIRECTION('',(0.,1.));
#1904 = ( GEOMETRIC_REPRESENTATION_CONTEXT(2) 
PARAMETRIC_REPRESENTATION_CONTEXT() REPRESENTATION_CONTEXT('2D SPACE',''
  ) );
#1905 = PCURVE('',#865,#1906);
#1906 = DEFINITIONAL_REPRESENTATION('',(#1907),#1911);
#1907 = LINE('',#1908,#1909);
#1908 = CARTESIAN_POINT('',(-1.116917170496,-47.20043637475));
#1909 = VECTOR('',#1910,1.);
#1910 = DIRECTION('',(1.925929944387E-34,1.));
#1911 = ( GEOMETRIC_REPRESENTATION_CONTEXT(2) 
PARAMETRIC_REPRESENTATION_CONTEXT() REPRESENTATION_CONTEXT('2D SPACE',''
  ) );
#1912 = ORIENTED_EDGE('',*,*,#1415,.F.);
#1913 = ADVANCED_FACE('',(#1914),#865,.T.);
#1914 = FACE_BOUND('',#1915,.T.);
#1915 = EDGE_LOOP('',(#1916,#1917,#1918));
#1916 = ORIENTED_EDGE('',*,*,#1892,.F.);
#1917 = ORIENTED_EDGE('',*,*,#851,.F.);
#1918 = ORIENTED_EDGE('',*,*,#1919,.T.);
#1919 = EDGE_CURVE('',#768,#1416,#1920,.T.);
#1920 = SURFACE_CURVE('',#1921,(#1925,#1932),.PCURVE_S1.);
#1921 = LINE('',#1922,#1923);
#1922 = CARTESIAN_POINT('',(2.109999707688,48.267949192431,5.));
#1923 = VECTOR('',#1924,1.);
#1924 = DIRECTION('',(2.144762304336E-02,-0.998977502922,
    3.979884573033E-02));
#1925 = PCURVE('',#865,#1926);
#1926 = DEFINITIONAL_REPRESENTATION('',(#1927),#1931);
#1927 = LINE('',#1928,#1929);
#1928 = CARTESIAN_POINT('',(3.251942805858,-47.20043637475));
#1929 = VECTOR('',#1930,1.);
#1930 = DIRECTION('',(-4.521005038348E-02,0.998977502922));
#1931 = ( GEOMETRIC_REPRESENTATION_CONTEXT(2) 
PARAMETRIC_REPRESENTATION_CONTEXT() REPRESENTATION_CONTEXT('2D SPACE',''
  ) );
#1932 = PCURVE('',#1489,#1933);
#1933 = DEFINITIONAL_REPRESENTATION('',(#1934),#1938);
#1934 = LINE('',#1935,#1936);
#1935 = CARTESIAN_POINT('',(1.116917170496,-49.33546201011));
#1936 = VECTOR('',#1937,1.);
#1937 = DIRECTION('',(-4.521005038348E-02,0.998977502922));
#1938 = ( GEOMETRIC_REPRESENTATION_CONTEXT(2) 
PARAMETRIC_REPRESENTATION_CONTEXT() REPRESENTATION_CONTEXT('2D SPACE',''
  ) );
#1939 = ADVANCED_FACE('',(#1940),#1489,.T.);
#1940 = FACE_BOUND('',#1941,.T.);
#1941 = EDGE_LOOP('',(#1942,#1943,#1964));
#1942 = ORIENTED_EDGE('',*,*,#1919,.F.);
#1943 = ORIENTED_EDGE('',*,*,#1944,.T.);
#1944 = EDGE_CURVE('',#768,#1474,#1945,.T.);
#1945 = SURFACE_CURVE('',#1946,(#1950,#1957),.PCURVE_S1.);
#1946 = LINE('',#1947,#1948);
#1947 = CARTESIAN_POINT('',(2.109999707688,48.267949192431,5.));
#1948 = VECTOR('',#1949,1.);
#1949 = DIRECTION('',(0.,-1.,0.));
#1950 = PCURVE('',#1489,#1951);
#1951 = DEFINITIONAL_REPRESENTATION('',(#1952),#1956);
#1952 = LINE('',#1953,#1954);
#1953 = CARTESIAN_POINT('',(1.116917170496,-49.33546201011));
#1954 = VECTOR('',#1955,1.);
#1955 = DIRECTION('',(-1.203706215242E-35,1.));
#1956 = ( GEOMETRIC_REPRESENTATION_CONTEXT(2) 
PARAMETRIC_REPRESENTATION_CONTEXT() REPRESENTATION_CONTEXT('2D SPACE',''
  ) );
#1957 = PCURVE('',#783,#1958);
#1958 = DEFINITIONAL_REPRESENTATION('',(#1959),#1963);
#1959 = LINE('',#1960,#1961);
#1960 = CARTESIAN_POINT('',(-1.498414746885,-46.857128572));
#1961 = VECTOR('',#1962,1.);
#1962 = DIRECTION('',(9.629649721936E-35,1.));
#1963 = ( GEOMETRIC_REPRESENTATION_CONTEXT(2) 
PARAMETRIC_REPRESENTATION_CONTEXT() REPRESENTATION_CONTEXT('2D SPACE',''
  ) );
#1964 = ORIENTED_EDGE('',*,*,#1473,.F.);
#1965 = ADVANCED_FACE('',(#1966),#783,.T.);
#1966 = FACE_BOUND('',#1967,.T.);
#1967 = EDGE_LOOP('',(#1968,#1969,#1970));
#1968 = ORIENTED_EDGE('',*,*,#1944,.F.);
#1969 = ORIENTED_EDGE('',*,*,#767,.F.);
#1970 = ORIENTED_EDGE('',*,*,#1971,.T.);
#1971 = EDGE_CURVE('',#684,#1474,#1972,.T.);
#1972 = SURFACE_CURVE('',#1973,(#1977,#1984),.PCURVE_S1.);
#1973 = LINE('',#1974,#1975);
#1974 = CARTESIAN_POINT('',(5.,48.267949192431,-5.E-02));
#1975 = VECTOR('',#1976,1.);
#1976 = DIRECTION('',(-2.988282308456E-02,-0.998188540125,
    5.221738453745E-02));
#1977 = PCURVE('',#783,#1978);
#1978 = DEFINITIONAL_REPRESENTATION('',(#1979),#1983);
#1979 = LINE('',#1980,#1981);
#1980 = CARTESIAN_POINT('',(4.320055987729,-46.857128572));
#1981 = VECTOR('',#1982,1.);
#1982 = DIRECTION('',(-6.016343044936E-02,0.998188540125));
#1983 = ( GEOMETRIC_REPRESENTATION_CONTEXT(2) 
PARAMETRIC_REPRESENTATION_CONTEXT() REPRESENTATION_CONTEXT('2D SPACE',''
  ) );
#1984 = PCURVE('',#1573,#1985);
#1985 = DEFINITIONAL_REPRESENTATION('',(#1986),#1990);
#1986 = LINE('',#1987,#1988);
#1987 = CARTESIAN_POINT('',(1.498414746885,-49.67876981285));
#1988 = VECTOR('',#1989,1.);
#1989 = DIRECTION('',(-6.016343044936E-02,0.998188540125));
#1990 = ( GEOMETRIC_REPRESENTATION_CONTEXT(2) 
PARAMETRIC_REPRESENTATION_CONTEXT() REPRESENTATION_CONTEXT('2D SPACE',''
  ) );
#1991 = ADVANCED_FACE('',(#1992),#1573,.T.);
#1992 = FACE_BOUND('',#1993,.T.);
#1993 = EDGE_LOOP('',(#1994,#1995,#2016));
#1994 = ORIENTED_EDGE('',*,*,#1971,.F.);
#1995 = ORIENTED_EDGE('',*,*,#1996,.T.);
#1996 = EDGE_CURVE('',#684,#1558,#1997,.T.);
#1997 = SURFACE_CURVE('',#1998,(#2002,#2009),.PCURVE_S1.);
#1998 = LINE('',#1999,#2000);
#1999 = CARTESIAN_POINT('',(5.,48.267949192431,-5.E-02));
#2000 = VECTOR('',#2001,1.);
#2001 = DIRECTION('',(0.,-1.,0.));
#2002 = PCURVE('',#1573,#2003);
#2003 = DEFINITIONAL_REPRESENTATION('',(#2004),#2008);
#2004 = LINE('',#2005,#2006);
#2005 = CARTESIAN_POINT('',(1.498414746885,-49.67876981285));
#2006 = VECTOR('',#2007,1.);
#2007 = DIRECTION('',(-3.851859888774E-34,1.));
#2008 = ( GEOMETRIC_REPRESENTATION_CONTEXT(2) 
PARAMETRIC_REPRESENTATION_CONTEXT() REPRESENTATION_CONTEXT('2D SPACE',''
  ) );
#2009 = PCURVE('',#699,#2010);
#2010 = DEFINITIONAL_REPRESENTATION('',(#2011),#2015);
#2011 = LINE('',#2012,#2013);
#2012 = CARTESIAN_POINT('',(2.629139997974,45.897089190405));
#2013 = VECTOR('',#2014,1.);
#2014 = DIRECTION('',(0.,-1.));
#2015 = ( GEOMETRIC_REPRESENTATION_CONTEXT(2) 
PARAMETRIC_REPRESENTATION_CONTEXT() REPRESENTATION_CONTEXT('2D SPACE',''
  ) );
#2016 = ORIENTED_EDGE('',*,*,#1557,.F.);
#2017 = ADVANCED_FACE('',(#2018),#699,.T.);
#2018 = FACE_BOUND('',#2019,.T.);
#2019 = EDGE_LOOP('',(#2020,#2021,#2022));
#2020 = ORIENTED_EDGE('',*,*,#1996,.F.);
#2021 = ORIENTED_EDGE('',*,*,#683,.F.);
#2022 = ORIENTED_EDGE('',*,*,#2023,.T.);
#2023 = EDGE_CURVE('',#600,#1558,#2024,.T.);
#2024 = SURFACE_CURVE('',#2025,(#2029,#2036),.PCURVE_S1.);
#2025 = LINE('',#2026,#2027);
#2026 = CARTESIAN_POINT('',(-5.,48.267949192431,-5.E-02));
#2027 = VECTOR('',#2028,1.);
#2028 = DIRECTION('',(0.103037060238,-0.9946775177,0.));
#2029 = PCURVE('',#699,#2030);
#2030 = DEFINITIONAL_REPRESENTATION('',(#2031),#2035);
#2031 = LINE('',#2032,#2033);
#2032 = CARTESIAN_POINT('',(-7.370860002026,45.897089190405));
#2033 = VECTOR('',#2034,1.);
#2034 = DIRECTION('',(0.103037060238,-0.9946775177));
#2035 = ( GEOMETRIC_REPRESENTATION_CONTEXT(2) 
PARAMETRIC_REPRESENTATION_CONTEXT() REPRESENTATION_CONTEXT('2D SPACE',''
  ) );
#2036 = PCURVE('',#1657,#2037);
#2037 = DEFINITIONAL_REPRESENTATION('',(#2038),#2042);
#2038 = LINE('',#2039,#2040);
#2039 = CARTESIAN_POINT('',(-2.629139997974,50.638809194457));
#2040 = VECTOR('',#2041,1.);
#2041 = DIRECTION('',(0.103037060238,-0.9946775177));
#2042 = ( GEOMETRIC_REPRESENTATION_CONTEXT(2) 
PARAMETRIC_REPRESENTATION_CONTEXT() REPRESENTATION_CONTEXT('2D SPACE',''
  ) );
#2043 = ADVANCED_FACE('',(#2044),#1657,.T.);
#2044 = FACE_BOUND('',#2045,.T.);
#2045 = EDGE_LOOP('',(#2046,#2047,#2068));
#2046 = ORIENTED_EDGE('',*,*,#2023,.F.);
#2047 = ORIENTED_EDGE('',*,*,#2048,.T.);
#2048 = EDGE_CURVE('',#600,#1642,#2049,.T.);
#2049 = SURFACE_CURVE('',#2050,(#2054,#2061),.PCURVE_S1.);
#2050 = LINE('',#2051,#2052);
#2051 = CARTESIAN_POINT('',(-5.,48.267949192431,-5.E-02));
#2052 = VECTOR('',#2053,1.);
#2053 = DIRECTION('',(0.,-1.,0.));
#2054 = PCURVE('',#1657,#2055);
#2055 = DEFINITIONAL_REPRESENTATION('',(#2056),#2060);
#2056 = LINE('',#2057,#2058);
#2057 = CARTESIAN_POINT('',(-2.629139997974,50.638809194457));
#2058 = VECTOR('',#2059,1.);
#2059 = DIRECTION('',(0.,-1.));
#2060 = ( GEOMETRIC_REPRESENTATION_CONTEXT(2) 
PARAMETRIC_REPRESENTATION_CONTEXT() REPRESENTATION_CONTEXT('2D SPACE',''
  ) );
#2061 = PCURVE('',#615,#2062);
#2062 = DEFINITIONAL_REPRESENTATION('',(#2063),#2067);
#2063 = LINE('',#2064,#2065);
#2064 = CARTESIAN_POINT('',(-1.498414746885,-46.857128572));
#2065 = VECTOR('',#2066,1.);
#2066 = DIRECTION('',(9.629649721936E-35,1.));
#2067 = ( GEOMETRIC_REPRESENTATION_CONTEXT(2) 
PARAMETRIC_REPRESENTATION_CONTEXT() REPRESENTATION_CONTEXT('2D SPACE',''
  ) );
#2068 = ORIENTED_EDGE('',*,*,#1641,.F.);
#2069 = ADVANCED_FACE('',(#2070),#615,.T.);
#2070 = FACE_BOUND('',#2071,.T.);
#2071 = EDGE_LOOP('',(#2072,#2073,#2074));
#2072 = ORIENTED_EDGE('',*,*,#2048,.F.);
#2073 = ORIENTED_EDGE('',*,*,#599,.F.);
#2074 = ORIENTED_EDGE('',*,*,#2075,.T.);
#2075 = EDGE_CURVE('',#516,#1642,#2076,.T.);
#2076 = SURFACE_CURVE('',#2077,(#2081,#2088),.PCURVE_S1.);
#2077 = LINE('',#2078,#2079);
#2078 = CARTESIAN_POINT('',(-2.109999707688,48.267949192431,5.));
#2079 = VECTOR('',#2080,1.);
#2080 = DIRECTION('',(-2.988282308456E-02,-0.998188540125,
    -5.221738453745E-02));
#2081 = PCURVE('',#615,#2082);
#2082 = DEFINITIONAL_REPRESENTATION('',(#2083),#2087);
#2083 = LINE('',#2084,#2085);
#2084 = CARTESIAN_POINT('',(4.320055987729,-46.857128572));
#2085 = VECTOR('',#2086,1.);
#2086 = DIRECTION('',(-6.016343044936E-02,0.998188540125));
#2087 = ( GEOMETRIC_REPRESENTATION_CONTEXT(2) 
PARAMETRIC_REPRESENTATION_CONTEXT() REPRESENTATION_CONTEXT('2D SPACE',''
  ) );
#2088 = PCURVE('',#1741,#2089);
#2089 = DEFINITIONAL_REPRESENTATION('',(#2090),#2094);
#2090 = LINE('',#2091,#2092);
#2091 = CARTESIAN_POINT('',(1.498414746885,-49.67876981285));
#2092 = VECTOR('',#2093,1.);
#2093 = DIRECTION('',(-6.016343044936E-02,0.998188540125));
#2094 = ( GEOMETRIC_REPRESENTATION_CONTEXT(2) 
PARAMETRIC_REPRESENTATION_CONTEXT() REPRESENTATION_CONTEXT('2D SPACE',''
  ) );
#2095 = ADVANCED_FACE('',(#2096),#1741,.T.);
#2096 = FACE_BOUND('',#2097,.T.);
#2097 = EDGE_LOOP('',(#2098,#2099,#2120));
#2098 = ORIENTED_EDGE('',*,*,#2075,.F.);
#2099 = ORIENTED_EDGE('',*,*,#2100,.T.);
#2100 = EDGE_CURVE('',#516,#1726,#2101,.T.);
#2101 = SURFACE_CURVE('',#2102,(#2106,#2113),.PCURVE_S1.);
#2102 = LINE('',#2103,#2104);
#2103 = CARTESIAN_POINT('',(-2.109999707688,48.267949192431,5.));
#2104 = VECTOR('',#2105,1.);
#2105 = DIRECTION('',(0.,-1.,0.));
#2106 = PCURVE('',#1741,#2107);
#2107 = DEFINITIONAL_REPRESENTATION('',(#2108),#2112);
#2108 = LINE('',#2109,#2110);
#2109 = CARTESIAN_POINT('',(1.498414746885,-49.67876981285));
#2110 = VECTOR('',#2111,1.);
#2111 = DIRECTION('',(0.,1.));
#2112 = ( GEOMETRIC_REPRESENTATION_CONTEXT(2) 
PARAMETRIC_REPRESENTATION_CONTEXT() REPRESENTATION_CONTEXT('2D SPACE',''
  ) );
#2113 = PCURVE('',#531,#2114);
#2114 = DEFINITIONAL_REPRESENTATION('',(#2115),#2119);
#2115 = LINE('',#2116,#2117);
#2116 = CARTESIAN_POINT('',(-1.116917170496,-47.20043637475));
#2117 = VECTOR('',#2118,1.);
#2118 = DIRECTION('',(0.,1.));
#2119 = ( GEOMETRIC_REPRESENTATION_CONTEXT(2) 
PARAMETRIC_REPRESENTATION_CONTEXT() REPRESENTATION_CONTEXT('2D SPACE',''
  ) );
#2120 = ORIENTED_EDGE('',*,*,#1725,.F.);
#2121 = ADVANCED_FACE('',(#2122),#531,.T.);
#2122 = FACE_BOUND('',#2123,.T.);
#2123 = EDGE_LOOP('',(#2124,#2125,#2126));
#2124 = ORIENTED_EDGE('',*,*,#2100,.F.);
#2125 = ORIENTED_EDGE('',*,*,#515,.F.);
#2126 = ORIENTED_EDGE('',*,*,#2127,.T.);
#2127 = EDGE_CURVE('',#458,#1726,#2128,.T.);
#2128 = SURFACE_CURVE('',#2129,(#2133,#2140),.PCURVE_S1.);
#2129 = LINE('',#2130,#2131);
#2130 = CARTESIAN_POINT('',(-4.18258447827,48.267949192431,8.84594979969
    ));
#2131 = VECTOR('',#2132,1.);
#2132 = DIRECTION('',(2.144762304336E-02,-0.998977502922,
    -3.979884573033E-02));
#2133 = PCURVE('',#531,#2134);
#2134 = DEFINITIONAL_REPRESENTATION('',(#2135),#2139);
#2135 = LINE('',#2136,#2137);
#2136 = CARTESIAN_POINT('',(3.251942805858,-47.20043637475));
#2137 = VECTOR('',#2138,1.);
#2138 = DIRECTION('',(-4.521005038348E-02,0.998977502922));
#2139 = ( GEOMETRIC_REPRESENTATION_CONTEXT(2) 
PARAMETRIC_REPRESENTATION_CONTEXT() REPRESENTATION_CONTEXT('2D SPACE',''
  ) );
#2140 = PCURVE('',#1823,#2141);
#2141 = DEFINITIONAL_REPRESENTATION('',(#2142),#2146);
#2142 = LINE('',#2143,#2144);
#2143 = CARTESIAN_POINT('',(1.116917170496,-49.33546201011));
#2144 = VECTOR('',#2145,1.);
#2145 = DIRECTION('',(-4.521005038348E-02,0.998977502922));
#2146 = ( GEOMETRIC_REPRESENTATION_CONTEXT(2) 
PARAMETRIC_REPRESENTATION_CONTEXT() REPRESENTATION_CONTEXT('2D SPACE',''
  ) );
#2147 = ADVANCED_FACE('',(#2148),#1823,.T.);
#2148 = FACE_BOUND('',#2149,.T.);
#2149 = EDGE_LOOP('',(#2150,#2151,#2172));
#2150 = ORIENTED_EDGE('',*,*,#2127,.F.);
#2151 = ORIENTED_EDGE('',*,*,#2152,.T.);
#2152 = EDGE_CURVE('',#458,#1021,#2153,.T.);
#2153 = SURFACE_CURVE('',#2154,(#2158,#2165),.PCURVE_S1.);
#2154 = LINE('',#2155,#2156);
#2155 = CARTESIAN_POINT('',(-4.18258447827,48.267949192431,8.84594979969
    ));
#2156 = VECTOR('',#2157,1.);
#2157 = DIRECTION('',(0.,-1.,0.));
#2158 = PCURVE('',#1823,#2159);
#2159 = DEFINITIONAL_REPRESENTATION('',(#2160),#2164);
#2160 = LINE('',#2161,#2162);
#2161 = CARTESIAN_POINT('',(1.116917170496,-49.33546201011));
#2162 = VECTOR('',#2163,1.);
#2163 = DIRECTION('',(0.,1.));
#2164 = ( GEOMETRIC_REPRESENTATION_CONTEXT(2) 
PARAMETRIC_REPRESENTATION_CONTEXT() REPRESENTATION_CONTEXT('2D SPACE',''
  ) );
#2165 = PCURVE('',#473,#2166);
#2166 = DEFINITIONAL_REPRESENTATION('',(#2167),#2171);
#2167 = LINE('',#2168,#2169);
#2168 = CARTESIAN_POINT('',(-0.326993229012,-47.94532719568));
#2169 = VECTOR('',#2170,1.);
#2170 = DIRECTION('',(0.,1.));
#2171 = ( GEOMETRIC_REPRESENTATION_CONTEXT(2) 
PARAMETRIC_REPRESENTATION_CONTEXT() REPRESENTATION_CONTEXT('2D SPACE',''
  ) );
#2172 = ORIENTED_EDGE('',*,*,#1809,.F.);
#2173 = ADVANCED_FACE('',(#2174),#473,.T.);
#2174 = FACE_BOUND('',#2175,.T.);
#2175 = EDGE_LOOP('',(#2176,#2177,#2178));
#2176 = ORIENTED_EDGE('',*,*,#2152,.F.);
#2177 = ORIENTED_EDGE('',*,*,#457,.F.);
#2178 = ORIENTED_EDGE('',*,*,#2179,.T.);
#2179 = EDGE_CURVE('',#115,#1021,#2180,.T.);
#2180 = SURFACE_CURVE('',#2181,(#2185,#2192),.PCURVE_S1.);
#2181 = LINE('',#2182,#2183);
#2182 = CARTESIAN_POINT('',(-3.585786437627,48.267949192431,10.));
#2183 = VECTOR('',#2184,1.);
#2184 = DIRECTION('',(-6.181576060488E-03,-0.999909446403,
    -1.195353973205E-02));
#2185 = PCURVE('',#473,#2186);
#2186 = DEFINITIONAL_REPRESENTATION('',(#2187),#2191);
#2187 = LINE('',#2188,#2189);
#2188 = CARTESIAN_POINT('',(0.972237222505,-47.94532719568));
#2189 = VECTOR('',#2190,1.);
#2190 = DIRECTION('',(-1.345730265385E-02,0.999909446403));
#2191 = ( GEOMETRIC_REPRESENTATION_CONTEXT(2) 
PARAMETRIC_REPRESENTATION_CONTEXT() REPRESENTATION_CONTEXT('2D SPACE',''
  ) );
#2192 = PCURVE('',#923,#2193);
#2193 = DEFINITIONAL_REPRESENTATION('',(#2194),#2198);
#2194 = LINE('',#2195,#2196);
#2195 = CARTESIAN_POINT('',(0.326993229012,-48.59057118917));
#2196 = VECTOR('',#2197,1.);
#2197 = DIRECTION('',(-1.345730265385E-02,0.999909446403));
#2198 = ( GEOMETRIC_REPRESENTATION_CONTEXT(2) 
PARAMETRIC_REPRESENTATION_CONTEXT() REPRESENTATION_CONTEXT('2D SPACE',''
  ) );
#2199 = ADVANCED_FACE('',(#2200),#923,.T.);
#2200 = FACE_BOUND('',#2201,.T.);
#2201 = EDGE_LOOP('',(#2202,#2203,#2204));
#2202 = ORIENTED_EDGE('',*,*,#2179,.F.);
#2203 = ORIENTED_EDGE('',*,*,#907,.F.);
#2204 = ORIENTED_EDGE('',*,*,#1053,.F.);
#2205 = ( GEOMETRIC_REPRESENTATION_CONTEXT(3) 
GLOBAL_UNCERTAINTY_ASSIGNED_CONTEXT((#2209)) 
GLOBAL_UNIT_ASSIGNED_CONTEXT((#2206,#2207,#2208)) REPRESENTATION_CONTEXT
('Context #1','3D Context with UNIT and UNCERTAINTY') );
#2206 = ( LENGTH_UNIT() NAMED_UNIT(*) SI_UNIT(.MILLI.,.METRE.) );
#2207 = ( NAMED_UNIT(*) PLANE_ANGLE_UNIT() SI_UNIT($,.RADIAN.) );
#2208 = ( NAMED_UNIT(*) SI_UNIT($,.STERADIAN.) SOLID_ANGLE_UNIT() );
#2209 = UNCERTAINTY_MEASURE_WITH_UNIT(LENGTH_MEASURE(1.E-07),#2206,
  'distance_accuracy_value','confusion accuracy');
#2210 = PRODUCT_RELATED_PRODUCT_CATEGORY('part',$,(#7));
ENDSEC;
END-ISO-10303-21;
