ISO-10303-21;
HEADER;
FILE_DESCRIPTION(('Open CASCADE Model'),'2;1');
FILE_NAME('Open CASCADE Shape Model','2026-05-20T17:24:48',('Author'),(
    'Open CASCADE'),'Open CASCADE STEP processor 7.4','Open CASCADE 7.4'
  ,'Unknown');
FILE_SCHEMA(('AUTOMOTIVE_DESIGN { 1 0 10303 214 1 1 1 1 }'));
ENDSEC;
DATA;
#1 = APPLICATION_PROTOCOL_DEFINITION('international standard',
  'automotive_design',2000,#2);
#2 = APPLICATION_CONTEXT(
  'core data for automotive mechanical design processes');
#3 = SHAPE_DEFINITION_REPRESENTATION(#4,#10);
#4 = PRODUCT_DEFINITION_SHAPE('','',#5);
#5 = PRODUCT_DEFINITION('design','',#6,#9);
#6 = PRODUCT_DEFINITION_FORMATION('','',#7);
#7 = PRODUCT('Open CASCADE STEP translator 7.4 95',
  'Open CASCADE STEP translator 7.4 95','',(#8));
#8 = PRODUCT_CONTEXT('',#2,'mechanical');
#9 = PRODUCT_DEFINITION_CONTEXT('part definition',#2,'design');
#10 = ADVANCED_BREP_SHAPE_REPRESENTATION('',(#11,#15),#5553);
#11 = AXIS2_PLACEMENT_3D('',#12,#13,#14);
#12 = CARTESIAN_POINT('',(0.,0.,0.));
#13 = DIRECTION('',(0.,0.,1.));
#14 = DIRECTION('',(1.,0.,-0.));
#15 = MANIFOLD_SOLID_BREP('',#16);
#16 = CLOSED_SHELL('',(#17,#137,#2015,#2091,#2140,#2189,#2243,#2292,
    #2341,#2390,#2439,#2488,#2537,#2586,#2635,#2684,#2733,#2782,#2831,
    #2880,#2929,#2978,#3027,#3076,#3125,#3174,#3223,#3272,#3321,#3370,
    #3419,#3468,#3517,#3566,#3615,#3664,#3713,#3762,#3811,#3860,#3909,
    #3958,#4007,#4056,#4105,#4154,#4203,#4252,#4301,#4350,#4399,#4448,
    #4497,#4546,#4595,#4644,#4693,#4742,#4791,#4840,#4889,#4938,#4987,
    #5036,#5085,#5134,#5183,#5232,#5281,#5330,#5379,#5428,#5455,#5482));
#17 = ADVANCED_FACE('',(#18),#32,.T.);
#18 = FACE_BOUND('',#19,.T.);
#19 = EDGE_LOOP('',(#20,#55,#83,#111));
#20 = ORIENTED_EDGE('',*,*,#21,.T.);
#21 = EDGE_CURVE('',#22,#24,#26,.T.);
#22 = VERTEX_POINT('',#23);
#23 = CARTESIAN_POINT('',(60.,40.,3.219646771413E-15));
#24 = VERTEX_POINT('',#25);
#25 = CARTESIAN_POINT('',(60.,40.,2.));
#26 = SURFACE_CURVE('',#27,(#31,#43),.PCURVE_S1.);
#27 = LINE('',#28,#29);
#28 = CARTESIAN_POINT('',(60.,40.,0.));
#29 = VECTOR('',#30,1.);
#30 = DIRECTION('',(0.,0.,1.));
#31 = PCURVE('',#32,#37);
#32 = PLANE('',#33);
#33 = AXIS2_PLACEMENT_3D('',#34,#35,#36);
#34 = CARTESIAN_POINT('',(60.,40.,0.));
#35 = DIRECTION('',(0.832050294338,0.554700196225,-0.));
#36 = DIRECTION('',(0.554700196225,-0.832050294338,0.));
#37 = DEFINITIONAL_REPRESENTATION('',(#38),#42);
#38 = LINE('',#39,#40);
#39 = CARTESIAN_POINT('',(0.,0.));
#40 = VECTOR('',#41,1.);
#41 = DIRECTION('',(0.,-1.));
#42 = ( GEOMETRIC_REPRESENTATION_CONTEXT(2) 
PARAMETRIC_REPRESENTATION_CONTEXT() REPRESENTATION_CONTEXT('2D SPACE',''
  ) );
#43 = PCURVE('',#44,#49);
#44 = PLANE('',#45);
#45 = AXIS2_PLACEMENT_3D('',#46,#47,#48);
#46 = CARTESIAN_POINT('',(58.210182567134,42.983029054776,9.574460249782
    ));
#47 = DIRECTION('',(-0.857492925713,-0.514495755428,-1.110223024625E-16)
  );
#48 = DIRECTION('',(0.514495755428,-0.857492925713,1.110223024625E-16));
#49 = DEFINITIONAL_REPRESENTATION('',(#50),#54);
#50 = LINE('',#51,#52);
#51 = CARTESIAN_POINT('',(3.478779783865,-9.574460249782));
#52 = VECTOR('',#53,1.);
#53 = DIRECTION('',(1.110223024625E-16,1.));
#54 = ( GEOMETRIC_REPRESENTATION_CONTEXT(2) 
PARAMETRIC_REPRESENTATION_CONTEXT() REPRESENTATION_CONTEXT('2D SPACE',''
  ) );
#55 = ORIENTED_EDGE('',*,*,#56,.T.);
#56 = EDGE_CURVE('',#24,#57,#59,.T.);
#57 = VERTEX_POINT('',#58);
#58 = CARTESIAN_POINT('',(80.,10.,2.));
#59 = SURFACE_CURVE('',#60,(#64,#71),.PCURVE_S1.);
#60 = LINE('',#61,#62);
#61 = CARTESIAN_POINT('',(60.,40.,2.));
#62 = VECTOR('',#63,1.);
#63 = DIRECTION('',(0.554700196225,-0.832050294338,0.));
#64 = PCURVE('',#32,#65);
#65 = DEFINITIONAL_REPRESENTATION('',(#66),#70);
#66 = LINE('',#67,#68);
#67 = CARTESIAN_POINT('',(0.,-2.));
#68 = VECTOR('',#69,1.);
#69 = DIRECTION('',(1.,0.));
#70 = ( GEOMETRIC_REPRESENTATION_CONTEXT(2) 
PARAMETRIC_REPRESENTATION_CONTEXT() REPRESENTATION_CONTEXT('2D SPACE',''
  ) );
#71 = PCURVE('',#72,#77);
#72 = PLANE('',#73);
#73 = AXIS2_PLACEMENT_3D('',#74,#75,#76);
#74 = CARTESIAN_POINT('',(46.530203574393,13.469796425607,2.));
#75 = DIRECTION('',(-0.,-0.,-1.));
#76 = DIRECTION('',(-1.,0.,0.));
#77 = DEFINITIONAL_REPRESENTATION('',(#78),#82);
#78 = LINE('',#79,#80);
#79 = CARTESIAN_POINT('',(-13.4697964256,26.530203574393));
#80 = VECTOR('',#81,1.);
#81 = DIRECTION('',(-0.554700196225,-0.832050294338));
#82 = ( GEOMETRIC_REPRESENTATION_CONTEXT(2) 
PARAMETRIC_REPRESENTATION_CONTEXT() REPRESENTATION_CONTEXT('2D SPACE',''
  ) );
#83 = ORIENTED_EDGE('',*,*,#84,.F.);
#84 = EDGE_CURVE('',#85,#57,#87,.T.);
#85 = VERTEX_POINT('',#86);
#86 = CARTESIAN_POINT('',(80.,10.,0.));
#87 = SURFACE_CURVE('',#88,(#92,#99),.PCURVE_S1.);
#88 = LINE('',#89,#90);
#89 = CARTESIAN_POINT('',(80.,10.,0.));
#90 = VECTOR('',#91,1.);
#91 = DIRECTION('',(0.,0.,1.));
#92 = PCURVE('',#32,#93);
#93 = DEFINITIONAL_REPRESENTATION('',(#94),#98);
#94 = LINE('',#95,#96);
#95 = CARTESIAN_POINT('',(36.05551275464,0.));
#96 = VECTOR('',#97,1.);
#97 = DIRECTION('',(0.,-1.));
#98 = ( GEOMETRIC_REPRESENTATION_CONTEXT(2) 
PARAMETRIC_REPRESENTATION_CONTEXT() REPRESENTATION_CONTEXT('2D SPACE',''
  ) );
#99 = PCURVE('',#100,#105);
#100 = PLANE('',#101);
#101 = AXIS2_PLACEMENT_3D('',#102,#103,#104);
#102 = CARTESIAN_POINT('',(80.,10.,0.));
#103 = DIRECTION('',(0.4472135955,-0.894427191,0.));
#104 = DIRECTION('',(-0.894427191,-0.4472135955,0.));
#105 = DEFINITIONAL_REPRESENTATION('',(#106),#110);
#106 = LINE('',#107,#108);
#107 = CARTESIAN_POINT('',(0.,0.));
#108 = VECTOR('',#109,1.);
#109 = DIRECTION('',(0.,-1.));
#110 = ( GEOMETRIC_REPRESENTATION_CONTEXT(2) 
PARAMETRIC_REPRESENTATION_CONTEXT() REPRESENTATION_CONTEXT('2D SPACE',''
  ) );
#111 = ORIENTED_EDGE('',*,*,#112,.F.);
#112 = EDGE_CURVE('',#22,#85,#113,.T.);
#113 = SURFACE_CURVE('',#114,(#118,#125),.PCURVE_S1.);
#114 = LINE('',#115,#116);
#115 = CARTESIAN_POINT('',(60.,40.,0.));
#116 = VECTOR('',#117,1.);
#117 = DIRECTION('',(0.554700196225,-0.832050294338,0.));
#118 = PCURVE('',#32,#119);
#119 = DEFINITIONAL_REPRESENTATION('',(#120),#124);
#120 = LINE('',#121,#122);
#121 = CARTESIAN_POINT('',(0.,0.));
#122 = VECTOR('',#123,1.);
#123 = DIRECTION('',(1.,0.));
#124 = ( GEOMETRIC_REPRESENTATION_CONTEXT(2) 
PARAMETRIC_REPRESENTATION_CONTEXT() REPRESENTATION_CONTEXT('2D SPACE',''
  ) );
#125 = PCURVE('',#126,#131);
#126 = PLANE('',#127);
#127 = AXIS2_PLACEMENT_3D('',#128,#129,#130);
#128 = CARTESIAN_POINT('',(46.530203574393,13.469796425607,0.));
#129 = DIRECTION('',(-0.,-0.,-1.));
#130 = DIRECTION('',(-1.,0.,0.));
#131 = DEFINITIONAL_REPRESENTATION('',(#132),#136);
#132 = LINE('',#133,#134);
#133 = CARTESIAN_POINT('',(-13.4697964256,26.530203574393));
#134 = VECTOR('',#135,1.);
#135 = DIRECTION('',(-0.554700196225,-0.832050294338));
#136 = ( GEOMETRIC_REPRESENTATION_CONTEXT(2) 
PARAMETRIC_REPRESENTATION_CONTEXT() REPRESENTATION_CONTEXT('2D SPACE',''
  ) );
#137 = ADVANCED_FACE('',(#138),#44,.F.);
#138 = FACE_BOUND('',#139,.F.);
#139 = EDGE_LOOP('',(#140,#168,#196,#224,#252,#280,#308,#336,#364,#392,
    #420,#448,#476,#504,#532,#560,#588,#616,#644,#672,#700,#728,#756,
    #784,#812,#840,#868,#896,#924,#952,#980,#1008,#1036,#1064,#1092,
    #1120,#1148,#1176,#1204,#1232,#1260,#1288,#1316,#1344,#1372,#1400,
    #1428,#1456,#1484,#1512,#1540,#1568,#1596,#1624,#1652,#1680,#1708,
    #1736,#1764,#1792,#1820,#1848,#1876,#1904,#1932,#1960,#1988,#2014));
#140 = ORIENTED_EDGE('',*,*,#141,.T.);
#141 = EDGE_CURVE('',#24,#142,#144,.T.);
#142 = VERTEX_POINT('',#143);
#143 = CARTESIAN_POINT('',(59.92426466949,40.126225550851,2.003613631384
    ));
#144 = SURFACE_CURVE('',#145,(#149,#156),.PCURVE_S1.);
#145 = LINE('',#146,#147);
#146 = CARTESIAN_POINT('',(60.,40.,2.));
#147 = VECTOR('',#148,1.);
#148 = DIRECTION('',(-0.514340798925,0.857234664875,2.454122852291E-02)
  );
#149 = PCURVE('',#44,#150);
#150 = DEFINITIONAL_REPRESENTATION('',(#151),#155);
#151 = LINE('',#152,#153);
#152 = CARTESIAN_POINT('',(3.478779783865,-7.574460249782));
#153 = VECTOR('',#154,1.);
#154 = DIRECTION('',(-0.999698818696,2.454122852291E-02));
#155 = ( GEOMETRIC_REPRESENTATION_CONTEXT(2) 
PARAMETRIC_REPRESENTATION_CONTEXT() REPRESENTATION_CONTEXT('2D SPACE',''
  ) );
#156 = PCURVE('',#157,#162);
#157 = PLANE('',#158);
#158 = AXIS2_PLACEMENT_3D('',#159,#160,#161);
#159 = CARTESIAN_POINT('',(10.,10.,2.));
#160 = DIRECTION('',(1.262635790802E-02,-2.104392984669E-02,
    0.999698818696));
#161 = DIRECTION('',(-0.514340798925,0.857234664875,2.454122852291E-02)
  );
#162 = DEFINITIONAL_REPRESENTATION('',(#163),#167);
#163 = LINE('',#164,#165);
#164 = CARTESIAN_POINT('',(-3.389236257048E-15,-58.30951894845));
#165 = VECTOR('',#166,1.);
#166 = DIRECTION('',(1.,-2.724623695873E-18));
#167 = ( GEOMETRIC_REPRESENTATION_CONTEXT(2) 
PARAMETRIC_REPRESENTATION_CONTEXT() REPRESENTATION_CONTEXT('2D SPACE',''
  ) );
#168 = ORIENTED_EDGE('',*,*,#169,.T.);
#169 = EDGE_CURVE('',#142,#170,#172,.T.);
#170 = VERTEX_POINT('',#171);
#171 = CARTESIAN_POINT('',(59.848711792024,40.252147013294,
    2.014445819983));
#172 = SURFACE_CURVE('',#173,(#177,#184),.PCURVE_S1.);
#173 = LINE('',#174,#175);
#174 = CARTESIAN_POINT('',(59.92426466949,40.126225550851,2.003613631384
    ));
#175 = VECTOR('',#176,1.);
#176 = DIRECTION('',(-0.51310170689,0.855169511483,7.356456359967E-02));
#177 = PCURVE('',#44,#178);
#178 = DEFINITIONAL_REPRESENTATION('',(#179),#183);
#179 = LINE('',#180,#181);
#180 = CARTESIAN_POINT('',(3.331576760883,-7.570846618397));
#181 = VECTOR('',#182,1.);
#182 = DIRECTION('',(-0.997290456679,7.356456359967E-02));
#183 = ( GEOMETRIC_REPRESENTATION_CONTEXT(2) 
PARAMETRIC_REPRESENTATION_CONTEXT() REPRESENTATION_CONTEXT('2D SPACE',''
  ) );
#184 = PCURVE('',#185,#190);
#185 = PLANE('',#186);
#186 = AXIS2_PLACEMENT_3D('',#187,#188,#189);
#187 = CARTESIAN_POINT('',(9.92426466949,10.126225550851,2.003613631384)
  );
#188 = DIRECTION('',(3.784865572191E-02,-6.308109286985E-02,
    0.997290456679));
#189 = DIRECTION('',(-0.51310170689,0.855169511483,7.356456359967E-02));
#190 = DEFINITIONAL_REPRESENTATION('',(#191),#195);
#191 = LINE('',#192,#193);
#192 = CARTESIAN_POINT('',(7.628135020352E-15,-58.30951894845));
#193 = VECTOR('',#194,1.);
#194 = DIRECTION('',(1.,-8.167307230485E-18));
#195 = ( GEOMETRIC_REPRESENTATION_CONTEXT(2) 
PARAMETRIC_REPRESENTATION_CONTEXT() REPRESENTATION_CONTEXT('2D SPACE',''
  ) );
#196 = ORIENTED_EDGE('',*,*,#197,.T.);
#197 = EDGE_CURVE('',#170,#198,#200,.T.);
#198 = VERTEX_POINT('',#199);
#199 = CARTESIAN_POINT('',(59.773523381103,40.377461031496,
    2.032470470106));
#200 = SURFACE_CURVE('',#201,(#205,#212),.PCURVE_S1.);
#201 = LINE('',#202,#203);
#202 = CARTESIAN_POINT('',(59.848711792024,40.252147013294,
    2.014445819983));
#203 = VECTOR('',#204,1.);
#204 = DIRECTION('',(-0.5106265079,0.851044179833,0.122410675199));
#205 = PCURVE('',#44,#206);
#206 = DEFINITIONAL_REPRESENTATION('',(#207),#211);
#207 = LINE('',#208,#209);
#208 = CARTESIAN_POINT('',(3.184728362877,-7.560014429798));
#209 = VECTOR('',#210,1.);
#210 = DIRECTION('',(-0.992479534599,0.122410675199));
#211 = ( GEOMETRIC_REPRESENTATION_CONTEXT(2) 
PARAMETRIC_REPRESENTATION_CONTEXT() REPRESENTATION_CONTEXT('2D SPACE',''
  ) );
#212 = PCURVE('',#213,#218);
#213 = PLANE('',#214);
#214 = AXIS2_PLACEMENT_3D('',#215,#216,#217);
#215 = CARTESIAN_POINT('',(9.848711792024,10.252147013294,2.014445819983
    ));
#216 = DIRECTION('',(6.297977280901E-02,-0.104966288015,0.992479534599)
  );
#217 = DIRECTION('',(-0.5106265079,0.851044179833,0.122410675199));
#218 = DEFINITIONAL_REPRESENTATION('',(#219),#223);
#219 = LINE('',#220,#221);
#220 = CARTESIAN_POINT('',(7.975207518024E-15,-58.30951894845));
#221 = VECTOR('',#222,1.);
#222 = DIRECTION('',(1.,-1.359031500661E-17));
#223 = ( GEOMETRIC_REPRESENTATION_CONTEXT(2) 
PARAMETRIC_REPRESENTATION_CONTEXT() REPRESENTATION_CONTEXT('2D SPACE',''
  ) );
#224 = ORIENTED_EDGE('',*,*,#225,.T.);
#225 = EDGE_CURVE('',#198,#226,#228,.T.);
#226 = VERTEX_POINT('',#227);
#227 = CARTESIAN_POINT('',(59.698880572193,40.501865713011,2.05764415879
    ));
#228 = SURFACE_CURVE('',#229,(#233,#240),.PCURVE_S1.);
#229 = LINE('',#230,#231);
#230 = CARTESIAN_POINT('',(59.773523381103,40.377461031496,
    2.032470470106));
#231 = VECTOR('',#232,1.);
#232 = DIRECTION('',(-0.506921164927,0.844868608211,0.17096188876));
#233 = PCURVE('',#44,#234);
#234 = DEFINITIONAL_REPRESENTATION('',(#235),#239);
#235 = LINE('',#236,#237);
#236 = CARTESIAN_POINT('',(3.038588360499,-7.541989779676));
#237 = VECTOR('',#238,1.);
#238 = DIRECTION('',(-0.985277642389,0.17096188876));
#239 = ( GEOMETRIC_REPRESENTATION_CONTEXT(2) 
PARAMETRIC_REPRESENTATION_CONTEXT() REPRESENTATION_CONTEXT('2D SPACE',''
  ) );
#240 = PCURVE('',#241,#246);
#241 = PLANE('',#242);
#242 = AXIS2_PLACEMENT_3D('',#243,#244,#245);
#243 = CARTESIAN_POINT('',(9.773523381103,10.377461031496,2.032470470106
    ));
#244 = DIRECTION('',(8.795916610705E-02,-0.146598610178,0.985277642389)
  );
#245 = DIRECTION('',(-0.506921164927,0.844868608211,0.17096188876));
#246 = DEFINITIONAL_REPRESENTATION('',(#247),#251);
#247 = LINE('',#248,#249);
#248 = CARTESIAN_POINT('',(1.062912621317E-15,-58.30951894845));
#249 = VECTOR('',#250,1.);
#250 = DIRECTION('',(1.,-7.449173375477E-17));
#251 = ( GEOMETRIC_REPRESENTATION_CONTEXT(2) 
PARAMETRIC_REPRESENTATION_CONTEXT() REPRESENTATION_CONTEXT('2D SPACE',''
  ) );
#252 = ORIENTED_EDGE('',*,*,#253,.T.);
#253 = EDGE_CURVE('',#226,#254,#256,.T.);
#254 = VERTEX_POINT('',#255);
#255 = CARTESIAN_POINT('',(59.62496318636,40.625061356066,2.089906240416
    ));
#256 = SURFACE_CURVE('',#257,(#261,#268),.PCURVE_S1.);
#257 = LINE('',#258,#259);
#258 = CARTESIAN_POINT('',(59.698880572193,40.501865713011,2.05764415879
    ));
#259 = VECTOR('',#260,1.);
#260 = DIRECTION('',(-0.501994604466,0.836657674111,0.219101240157));
#261 = PCURVE('',#44,#262);
#262 = DEFINITIONAL_REPRESENTATION('',(#263),#267);
#263 = LINE('',#264,#265);
#264 = CARTESIAN_POINT('',(2.893508817817,-7.516816090992));
#265 = VECTOR('',#266,1.);
#266 = DIRECTION('',(-0.975702130039,0.219101240157));
#267 = ( GEOMETRIC_REPRESENTATION_CONTEXT(2) 
PARAMETRIC_REPRESENTATION_CONTEXT() REPRESENTATION_CONTEXT('2D SPACE',''
  ) );
#268 = PCURVE('',#269,#274);
#269 = PLANE('',#270);
#270 = AXIS2_PLACEMENT_3D('',#271,#272,#273);
#271 = CARTESIAN_POINT('',(9.698880572193,10.501865713011,2.05764415879)
  );
#272 = DIRECTION('',(0.11272665807,-0.187877763449,0.975702130039));
#273 = DIRECTION('',(-0.501994604466,0.836657674111,0.219101240157));
#274 = DEFINITIONAL_REPRESENTATION('',(#275),#279);
#275 = LINE('',#276,#277);
#276 = CARTESIAN_POINT('',(5.012221128077E-15,-58.30951894845));
#277 = VECTOR('',#278,1.);
#278 = DIRECTION('',(1.,-2.432512415461E-17));
#279 = ( GEOMETRIC_REPRESENTATION_CONTEXT(2) 
PARAMETRIC_REPRESENTATION_CONTEXT() REPRESENTATION_CONTEXT('2D SPACE',''
  ) );
#280 = ORIENTED_EDGE('',*,*,#281,.T.);
#281 = EDGE_CURVE('',#254,#282,#284,.T.);
#282 = VERTEX_POINT('',#283);
#283 = CARTESIAN_POINT('',(59.551949297061,40.746751171565,
    2.129178992803));
#284 = SURFACE_CURVE('',#285,(#289,#296),.PCURVE_S1.);
#285 = LINE('',#286,#287);
#286 = CARTESIAN_POINT('',(59.62496318636,40.625061356066,2.089906240416
    ));
#287 = VECTOR('',#288,1.);
#288 = DIRECTION('',(-0.495858695034,0.826431158391,0.266712757475));
#289 = PCURVE('',#44,#290);
#290 = DEFINITIONAL_REPRESENTATION('',(#291),#295);
#291 = LINE('',#292,#293);
#292 = CARTESIAN_POINT('',(2.749839244156,-7.484554009366));
#293 = VECTOR('',#294,1.);
#294 = DIRECTION('',(-0.963776065795,0.266712757475));
#295 = ( GEOMETRIC_REPRESENTATION_CONTEXT(2) 
PARAMETRIC_REPRESENTATION_CONTEXT() REPRESENTATION_CONTEXT('2D SPACE',''
  ) );
#296 = PCURVE('',#297,#302);
#297 = PLANE('',#298);
#298 = AXIS2_PLACEMENT_3D('',#299,#300,#301);
#299 = CARTESIAN_POINT('',(9.62496318636,10.625061356066,2.089906240416)
  );
#300 = DIRECTION('',(0.137222581639,-0.228704302732,0.963776065795));
#301 = DIRECTION('',(-0.495858695034,0.826431158391,0.266712757475));
#302 = DEFINITIONAL_REPRESENTATION('',(#303),#307);
#303 = LINE('',#304,#305);
#304 = CARTESIAN_POINT('',(-2.012938328389E-15,-58.30951894845));
#305 = VECTOR('',#306,1.);
#306 = DIRECTION('',(1.,-2.961106443099E-17));
#307 = ( GEOMETRIC_REPRESENTATION_CONTEXT(2) 
PARAMETRIC_REPRESENTATION_CONTEXT() REPRESENTATION_CONTEXT('2D SPACE',''
  ) );
#308 = ORIENTED_EDGE('',*,*,#309,.T.);
#309 = EDGE_CURVE('',#282,#310,#312,.T.);
#310 = VERTEX_POINT('',#311);
#311 = CARTESIAN_POINT('',(59.480014801149,40.866641998084,
    2.175367804451));
#312 = SURFACE_CURVE('',#313,(#317,#324),.PCURVE_S1.);
#313 = LINE('',#314,#315);
#314 = CARTESIAN_POINT('',(59.551949297061,40.746751171565,
    2.129178992803));
#315 = VECTOR('',#316,1.);
#316 = DIRECTION('',(-0.488528218574,0.814213697623,0.313681740399));
#317 = PCURVE('',#44,#318);
#318 = DEFINITIONAL_REPRESENTATION('',(#319),#323);
#319 = LINE('',#320,#321);
#320 = CARTESIAN_POINT('',(2.607925752102,-7.445281256979));
#321 = VECTOR('',#322,1.);
#322 = DIRECTION('',(-0.949528180593,0.313681740399));
#323 = ( GEOMETRIC_REPRESENTATION_CONTEXT(2) 
PARAMETRIC_REPRESENTATION_CONTEXT() REPRESENTATION_CONTEXT('2D SPACE',''
  ) );
#324 = PCURVE('',#325,#330);
#325 = PLANE('',#326);
#326 = AXIS2_PLACEMENT_3D('',#327,#328,#329);
#327 = CARTESIAN_POINT('',(9.551949297061,10.746751171565,2.129178992803
    ));
#328 = DIRECTION('',(0.16138792399,-0.268979873317,0.949528180593));
#329 = DIRECTION('',(-0.488528218574,0.814213697623,0.313681740399));
#330 = DEFINITIONAL_REPRESENTATION('',(#331),#335);
#331 = LINE('',#332,#333);
#332 = CARTESIAN_POINT('',(-5.71240059522E-15,-58.30951894845));
#333 = VECTOR('',#334,1.);
#334 = DIRECTION('',(1.,2.068548217172E-17));
#335 = ( GEOMETRIC_REPRESENTATION_CONTEXT(2) 
PARAMETRIC_REPRESENTATION_CONTEXT() REPRESENTATION_CONTEXT('2D SPACE',''
  ) );
#336 = ORIENTED_EDGE('',*,*,#337,.T.);
#337 = EDGE_CURVE('',#310,#338,#340,.T.);
#338 = VERTEX_POINT('',#339);
#339 = CARTESIAN_POINT('',(59.409332995127,40.984445008121,
    2.228361402466));
#340 = SURFACE_CURVE('',#341,(#345,#352),.PCURVE_S1.);
#341 = LINE('',#342,#343);
#342 = CARTESIAN_POINT('',(59.480014801149,40.866641998084,
    2.175367804451));
#343 = VECTOR('',#344,1.);
#344 = DIRECTION('',(-0.480020834845,0.800034724742,0.359895036535));
#345 = PCURVE('',#44,#346);
#346 = DEFINITIONAL_REPRESENTATION('',(#347),#351);
#347 = LINE('',#348,#349);
#348 = CARTESIAN_POINT('',(2.468110223689,-7.399092445331));
#349 = VECTOR('',#350,1.);
#350 = DIRECTION('',(-0.932992798835,0.359895036535));
#351 = ( GEOMETRIC_REPRESENTATION_CONTEXT(2) 
PARAMETRIC_REPRESENTATION_CONTEXT() REPRESENTATION_CONTEXT('2D SPACE',''
  ) );
#352 = PCURVE('',#353,#358);
#353 = PLANE('',#354);
#354 = AXIS2_PLACEMENT_3D('',#355,#356,#357);
#355 = CARTESIAN_POINT('',(9.480014801149,10.866641998084,2.175367804451
    ));
#356 = DIRECTION('',(0.185164468697,-0.308607447828,0.932992798835));
#357 = DIRECTION('',(-0.480020834845,0.800034724742,0.359895036535));
#358 = DEFINITIONAL_REPRESENTATION('',(#359),#363);
#359 = LINE('',#360,#361);
#360 = CARTESIAN_POINT('',(-2.114284157166E-15,-58.30951894845));
#361 = VECTOR('',#362,1.);
#362 = DIRECTION('',(1.,1.555477563031E-17));
#363 = ( GEOMETRIC_REPRESENTATION_CONTEXT(2) 
PARAMETRIC_REPRESENTATION_CONTEXT() REPRESENTATION_CONTEXT('2D SPACE',''
  ) );
#364 = ORIENTED_EDGE('',*,*,#365,.T.);
#365 = EDGE_CURVE('',#338,#366,#368,.T.);
#366 = VERTEX_POINT('',#367);
#367 = CARTESIAN_POINT('',(59.340074157656,41.099876403907,2.28803212063
    ));
#368 = SURFACE_CURVE('',#369,(#373,#380),.PCURVE_S1.);
#369 = LINE('',#370,#371);
#370 = CARTESIAN_POINT('',(59.409332995127,40.984445008121,
    2.228361402466));
#371 = VECTOR('',#372,1.);
#372 = DIRECTION('',(-0.47035703888,0.783928398133,0.405241314005));
#373 = PCURVE('',#44,#374);
#374 = DEFINITIONAL_REPRESENTATION('',(#375),#379);
#375 = LINE('',#376,#377);
#376 = CARTESIAN_POINT('',(2.33072948677,-7.346098847316));
#377 = VECTOR('',#378,1.);
#378 = DIRECTION('',(-0.914209755704,0.405241314005));
#379 = ( GEOMETRIC_REPRESENTATION_CONTEXT(2) 
PARAMETRIC_REPRESENTATION_CONTEXT() REPRESENTATION_CONTEXT('2D SPACE',''
  ) );
#380 = PCURVE('',#381,#386);
#381 = PLANE('',#382);
#382 = AXIS2_PLACEMENT_3D('',#383,#384,#385);
#383 = CARTESIAN_POINT('',(9.409332995127,10.984445008121,2.228361402466
    ));
#384 = DIRECTION('',(0.208494935979,-0.347491559966,0.914209755704));
#385 = DIRECTION('',(-0.47035703888,0.783928398133,0.405241314005));
#386 = DEFINITIONAL_REPRESENTATION('',(#387),#391);
#387 = LINE('',#388,#389);
#388 = CARTESIAN_POINT('',(3.239339308831E-15,-58.30951894845));
#389 = VECTOR('',#390,1.);
#390 = DIRECTION('',(1.,1.052032749749E-17));
#391 = ( GEOMETRIC_REPRESENTATION_CONTEXT(2) 
PARAMETRIC_REPRESENTATION_CONTEXT() REPRESENTATION_CONTEXT('2D SPACE',''
  ) );
#392 = ORIENTED_EDGE('',*,*,#393,.T.);
#393 = EDGE_CURVE('',#366,#394,#396,.T.);
#394 = VERTEX_POINT('',#395);
#395 = CARTESIAN_POINT('',(59.272405139342,41.212658101097,
    2.354236206955));
#396 = SURFACE_CURVE('',#397,(#401,#408),.PCURVE_S1.);
#397 = LINE('',#398,#399);
#398 = CARTESIAN_POINT('',(59.340074157656,41.099876403907,2.28803212063
    ));
#399 = VECTOR('',#400,1.);
#400 = DIRECTION('',(-0.45956011161,0.76593351935,0.449611329655));
#401 = PCURVE('',#44,#402);
#402 = DEFINITIONAL_REPRESENTATION('',(#403),#407);
#403 = LINE('',#404,#405);
#404 = CARTESIAN_POINT('',(2.196114503575,-7.286428129152));
#405 = VECTOR('',#406,1.);
#406 = DIRECTION('',(-0.893224301196,0.449611329655));
#407 = ( GEOMETRIC_REPRESENTATION_CONTEXT(2) 
PARAMETRIC_REPRESENTATION_CONTEXT() REPRESENTATION_CONTEXT('2D SPACE',''
  ) );
#408 = PCURVE('',#409,#414);
#409 = PLANE('',#410);
#410 = AXIS2_PLACEMENT_3D('',#411,#412,#413);
#411 = CARTESIAN_POINT('',(9.340074157656,11.099876403906,2.28803212063)
  );
#412 = DIRECTION('',(0.231323120699,-0.385538534499,0.893224301196));
#413 = DIRECTION('',(-0.45956011161,0.76593351935,0.449611329655));
#414 = DEFINITIONAL_REPRESENTATION('',(#415),#419);
#415 = LINE('',#416,#417);
#416 = CARTESIAN_POINT('',(7.346396941194E-15,-58.30951894845));
#417 = VECTOR('',#418,1.);
#418 = DIRECTION('',(1.,5.59426619977E-18));
#419 = ( GEOMETRIC_REPRESENTATION_CONTEXT(2) 
PARAMETRIC_REPRESENTATION_CONTEXT() REPRESENTATION_CONTEXT('2D SPACE',''
  ) );
#420 = ORIENTED_EDGE('',*,*,#421,.T.);
#421 = EDGE_CURVE('',#394,#422,#424,.T.);
#422 = VERTEX_POINT('',#423);
#423 = CARTESIAN_POINT('',(59.206488960777,41.322518398705,
    2.426814169999));
#424 = SURFACE_CURVE('',#425,(#429,#436),.PCURVE_S1.);
#425 = LINE('',#426,#427);
#426 = CARTESIAN_POINT('',(59.272405139342,41.212658101097,
    2.354236206955));
#427 = VECTOR('',#428,1.);
#428 = DIRECTION('',(-0.447656063778,0.74609343963,0.49289819223));
#429 = PCURVE('',#44,#430);
#430 = DEFINITIONAL_REPRESENTATION('',(#431),#435);
#431 = LINE('',#432,#433);
#432 = CARTESIAN_POINT('',(2.064589573387,-7.220224042827));
#433 = VECTOR('',#434,1.);
#434 = DIRECTION('',(-0.870086991109,0.49289819223));
#435 = ( GEOMETRIC_REPRESENTATION_CONTEXT(2) 
PARAMETRIC_REPRESENTATION_CONTEXT() REPRESENTATION_CONTEXT('2D SPACE',''
  ) );
#436 = PCURVE('',#437,#442);
#437 = PLANE('',#438);
#438 = AXIS2_PLACEMENT_3D('',#439,#440,#441);
#439 = CARTESIAN_POINT('',(9.272405139342,11.212658101097,2.354236206955
    ));
#440 = DIRECTION('',(0.25359402776,-0.422656712934,0.870086991109));
#441 = DIRECTION('',(-0.447656063778,0.74609343963,0.49289819223));
#442 = DEFINITIONAL_REPRESENTATION('',(#443),#447);
#443 = LINE('',#444,#445);
#444 = CARTESIAN_POINT('',(5.034487680649E-15,-58.30951894845));
#445 = VECTOR('',#446,1.);
#446 = DIRECTION('',(1.,7.884590502956E-19));
#447 = ( GEOMETRIC_REPRESENTATION_CONTEXT(2) 
PARAMETRIC_REPRESENTATION_CONTEXT() REPRESENTATION_CONTEXT('2D SPACE',''
  ) );
#448 = ORIENTED_EDGE('',*,*,#449,.T.);
#449 = EDGE_CURVE('',#422,#450,#452,.T.);
#450 = VERTEX_POINT('',#451);
#451 = CARTESIAN_POINT('',(59.142484419809,41.429192633652,
    2.505591163092));
#452 = SURFACE_CURVE('',#453,(#457,#464),.PCURVE_S1.);
#453 = LINE('',#454,#455);
#454 = CARTESIAN_POINT('',(59.206488960777,41.322518398705,
    2.426814169999));
#455 = VECTOR('',#456,1.);
#456 = DIRECTION('',(-0.434673573279,0.724455955465,0.534997619887));
#457 = PCURVE('',#44,#458);
#458 = DEFINITIONAL_REPRESENTATION('',(#459),#463);
#459 = LINE('',#460,#461);
#460 = CARTESIAN_POINT('',(1.936471551286,-7.147646079783));
#461 = VECTOR('',#462,1.);
#462 = DIRECTION('',(-0.84485356525,0.534997619887));
#463 = ( GEOMETRIC_REPRESENTATION_CONTEXT(2) 
PARAMETRIC_REPRESENTATION_CONTEXT() REPRESENTATION_CONTEXT('2D SPACE',''
  ) );
#464 = PCURVE('',#465,#470);
#465 = PLANE('',#466);
#466 = AXIS2_PLACEMENT_3D('',#467,#468,#469);
#467 = CARTESIAN_POINT('',(9.206488960777,11.322518398705,2.426814169999
    ));
#468 = DIRECTION('',(0.275254004596,-0.458756674326,0.84485356525));
#469 = DIRECTION('',(-0.434673573279,0.724455955465,0.534997619887));
#470 = DEFINITIONAL_REPRESENTATION('',(#471),#475);
#471 = LINE('',#472,#473);
#472 = CARTESIAN_POINT('',(2.613453373161E-15,-58.30951894845));
#473 = VECTOR('',#474,1.);
#474 = DIRECTION('',(1.,-1.149078188031E-16));
#475 = ( GEOMETRIC_REPRESENTATION_CONTEXT(2) 
PARAMETRIC_REPRESENTATION_CONTEXT() REPRESENTATION_CONTEXT('2D SPACE',''
  ) );
#476 = ORIENTED_EDGE('',*,*,#477,.T.);
#477 = EDGE_CURVE('',#450,#478,#480,.T.);
#478 = VERTEX_POINT('',#479);
#479 = CARTESIAN_POINT('',(59.080545708983,41.532423818362,
    2.590377405558));
#480 = SURFACE_CURVE('',#481,(#485,#492),.PCURVE_S1.);
#481 = LINE('',#482,#483);
#482 = CARTESIAN_POINT('',(59.142484419809,41.429192633652,
    2.505591163092));
#483 = VECTOR('',#484,1.);
#484 = DIRECTION('',(-0.420643916068,0.701073193447,0.575808191418));
#485 = PCURVE('',#44,#486);
#486 = DEFINITIONAL_REPRESENTATION('',(#487),#491);
#487 = LINE('',#488,#489);
#488 = CARTESIAN_POINT('',(1.812069084807,-7.06886908669));
#489 = VECTOR('',#490,1.);
#490 = DIRECTION('',(-0.817584813152,0.575808191418));
#491 = ( GEOMETRIC_REPRESENTATION_CONTEXT(2) 
PARAMETRIC_REPRESENTATION_CONTEXT() REPRESENTATION_CONTEXT('2D SPACE',''
  ) );
#492 = PCURVE('',#493,#498);
#493 = PLANE('',#494);
#494 = AXIS2_PLACEMENT_3D('',#495,#496,#497);
#495 = CARTESIAN_POINT('',(9.142484419809,11.429192633652,2.505591163092
    ));
#496 = DIRECTION('',(0.296250870425,-0.493751450708,0.817584813152));
#497 = DIRECTION('',(-0.420643916068,0.701073193447,0.575808191418));
#498 = DEFINITIONAL_REPRESENTATION('',(#499),#503);
#499 = LINE('',#500,#501);
#500 = CARTESIAN_POINT('',(-9.956116312811E-16,-58.30951894845));
#501 = VECTOR('',#502,1.);
#502 = DIRECTION('',(1.,-6.392755118799E-17));
#503 = ( GEOMETRIC_REPRESENTATION_CONTEXT(2) 
PARAMETRIC_REPRESENTATION_CONTEXT() REPRESENTATION_CONTEXT('2D SPACE',''
  ) );
#504 = ORIENTED_EDGE('',*,*,#505,.T.);
#505 = EDGE_CURVE('',#478,#506,#508,.T.);
#506 = VERTEX_POINT('',#507);
#507 = CARTESIAN_POINT('',(59.020822044078,41.63196325987,2.680968639912
    ));
#508 = SURFACE_CURVE('',#509,(#513,#520),.PCURVE_S1.);
#509 = LINE('',#510,#511);
#510 = CARTESIAN_POINT('',(59.080545708983,41.532423818362,
    2.590377405558));
#511 = VECTOR('',#512,1.);
#512 = DIRECTION('',(-0.40560089082,0.676001484701,0.615231590581));
#513 = PCURVE('',#44,#514);
#514 = DEFINITIONAL_REPRESENTATION('',(#515),#519);
#515 = LINE('',#516,#517);
#516 = CARTESIAN_POINT('',(1.691681870388,-6.984082844224));
#517 = VECTOR('',#518,1.);
#518 = DIRECTION('',(-0.788346427627,0.615231590581));
#519 = ( GEOMETRIC_REPRESENTATION_CONTEXT(2) 
PARAMETRIC_REPRESENTATION_CONTEXT() REPRESENTATION_CONTEXT('2D SPACE',''
  ) );
#520 = PCURVE('',#521,#526);
#521 = PLANE('',#522);
#522 = AXIS2_PLACEMENT_3D('',#523,#524,#525);
#523 = CARTESIAN_POINT('',(9.080545708983,11.532423818362,2.590377405558
    ));
#524 = DIRECTION('',(0.316534041959,-0.527556736598,0.788346427627));
#525 = DIRECTION('',(-0.40560089082,0.676001484701,0.615231590581));
#526 = DEFINITIONAL_REPRESENTATION('',(#527),#531);
#527 = LINE('',#528,#529);
#528 = CARTESIAN_POINT('',(-1.64018970225E-15,-58.30951894845));
#529 = VECTOR('',#530,1.);
#530 = DIRECTION('',(1.,4.271787472858E-17));
#531 = ( GEOMETRIC_REPRESENTATION_CONTEXT(2) 
PARAMETRIC_REPRESENTATION_CONTEXT() REPRESENTATION_CONTEXT('2D SPACE',''
  ) );
#532 = ORIENTED_EDGE('',*,*,#533,.T.);
#533 = EDGE_CURVE('',#506,#534,#536,.T.);
#534 = VERTEX_POINT('',#535);
#535 = CARTESIAN_POINT('',(58.963457304636,41.727571158941,
    2.777146623935));
#536 = SURFACE_CURVE('',#537,(#541,#548),.PCURVE_S1.);
#537 = LINE('',#538,#539);
#538 = CARTESIAN_POINT('',(59.020822044078,41.63196325987,2.680968639912
    ));
#539 = VECTOR('',#540,1.);
#540 = DIRECTION('',(-0.3895807375,0.649301229166,0.653172842954));
#541 = PCURVE('',#44,#542);
#542 = DEFINITIONAL_REPRESENTATION('',(#543),#547);
#543 = LINE('',#544,#545);
#544 = CARTESIAN_POINT('',(1.575599931375,-6.89349160987));
#545 = VECTOR('',#546,1.);
#546 = DIRECTION('',(-0.757208846506,0.653172842954));
#547 = ( GEOMETRIC_REPRESENTATION_CONTEXT(2) 
PARAMETRIC_REPRESENTATION_CONTEXT() REPRESENTATION_CONTEXT('2D SPACE',''
  ) );
#548 = PCURVE('',#549,#554);
#549 = PLANE('',#550);
#550 = AXIS2_PLACEMENT_3D('',#551,#552,#553);
#551 = CARTESIAN_POINT('',(9.020822044078,11.63196325987,2.680968639912)
  );
#552 = DIRECTION('',(0.33605465526,-0.5600910921,0.757208846506));
#553 = DIRECTION('',(-0.3895807375,0.649301229166,0.653172842954));
#554 = DEFINITIONAL_REPRESENTATION('',(#555),#559);
#555 = LINE('',#556,#557);
#556 = CARTESIAN_POINT('',(-5.074958275541E-15,-58.30951894845));
#557 = VECTOR('',#558,1.);
#558 = DIRECTION('',(1.,-1.700560169946E-17));
#559 = ( GEOMETRIC_REPRESENTATION_CONTEXT(2) 
PARAMETRIC_REPRESENTATION_CONTEXT() REPRESENTATION_CONTEXT('2D SPACE',''
  ) );
#560 = ORIENTED_EDGE('',*,*,#561,.T.);
#561 = EDGE_CURVE('',#534,#562,#564,.T.);
#562 = VERTEX_POINT('',#563);
#563 = CARTESIAN_POINT('',(58.908589687337,41.819017187773,2.87867965644
    ));
#564 = SURFACE_CURVE('',#565,(#569,#576),.PCURVE_S1.);
#565 = LINE('',#566,#567);
#566 = CARTESIAN_POINT('',(58.963457304636,41.727571158941,
    2.777146623935));
#567 = VECTOR('',#568,1.);
#568 = DIRECTION('',(-0.372622050059,0.621036750099,0.689540544737));
#569 = PCURVE('',#44,#570);
#570 = DEFINITIONAL_REPRESENTATION('',(#571),#575);
#571 = LINE('',#572,#573);
#572 = CARTESIAN_POINT('',(1.464102919324,-6.797313625847));
#573 = VECTOR('',#574,1.);
#574 = DIRECTION('',(-0.724247082951,0.689540544737));
#575 = ( GEOMETRIC_REPRESENTATION_CONTEXT(2) 
PARAMETRIC_REPRESENTATION_CONTEXT() REPRESENTATION_CONTEXT('2D SPACE',''
  ) );
#576 = PCURVE('',#577,#582);
#577 = PLANE('',#578);
#578 = AXIS2_PLACEMENT_3D('',#579,#580,#581);
#579 = CARTESIAN_POINT('',(8.963457304636,11.727571158941,2.777146623935
    ));
#580 = DIRECTION('',(0.354765683462,-0.591276139104,0.724247082951));
#581 = DIRECTION('',(-0.372622050059,0.621036750099,0.689540544737));
#582 = DEFINITIONAL_REPRESENTATION('',(#583),#587);
#583 = LINE('',#584,#585);
#584 = CARTESIAN_POINT('',(6.124350313437E-15,-58.30951894845));
#585 = VECTOR('',#586,1.);
#586 = DIRECTION('',(1.,3.446792354455E-17));
#587 = ( GEOMETRIC_REPRESENTATION_CONTEXT(2) 
PARAMETRIC_REPRESENTATION_CONTEXT() REPRESENTATION_CONTEXT('2D SPACE',''
  ) );
#588 = ORIENTED_EDGE('',*,*,#589,.T.);
#589 = EDGE_CURVE('',#562,#590,#592,.T.);
#590 = VERTEX_POINT('',#591);
#591 = CARTESIAN_POINT('',(58.856351373077,41.906081044872,
    2.985323135459));
#592 = SURFACE_CURVE('',#593,(#597,#604),.PCURVE_S1.);
#593 = LINE('',#594,#595);
#594 = CARTESIAN_POINT('',(58.908589687337,41.819017187773,2.87867965644
    ));
#595 = VECTOR('',#596,1.);
#596 = DIRECTION('',(-0.354765683462,0.591276139104,0.724247082951));
#597 = PCURVE('',#44,#598);
#598 = DEFINITIONAL_REPRESENTATION('',(#599),#603);
#599 = LINE('',#600,#601);
#600 = CARTESIAN_POINT('',(1.357459440306,-6.695780593342));
#601 = VECTOR('',#602,1.);
#602 = DIRECTION('',(-0.689540544737,0.724247082951));
#603 = ( GEOMETRIC_REPRESENTATION_CONTEXT(2) 
PARAMETRIC_REPRESENTATION_CONTEXT() REPRESENTATION_CONTEXT('2D SPACE',''
  ) );
#604 = PCURVE('',#605,#610);
#605 = PLANE('',#606);
#606 = AXIS2_PLACEMENT_3D('',#607,#608,#609);
#607 = CARTESIAN_POINT('',(8.908589687337,11.819017187772,2.87867965644)
  );
#608 = DIRECTION('',(0.372622050059,-0.621036750099,0.689540544737));
#609 = DIRECTION('',(-0.354765683462,0.591276139104,0.724247082951));
#610 = DEFINITIONAL_REPRESENTATION('',(#611),#615);
#611 = LINE('',#612,#613);
#612 = CARTESIAN_POINT('',(3.537933462845E-15,-58.30951894845));
#613 = VECTOR('',#614,1.);
#614 = DIRECTION('',(1.,-2.489642746977E-17));
#615 = ( GEOMETRIC_REPRESENTATION_CONTEXT(2) 
PARAMETRIC_REPRESENTATION_CONTEXT() REPRESENTATION_CONTEXT('2D SPACE',''
  ) );
#616 = ORIENTED_EDGE('',*,*,#617,.T.);
#617 = EDGE_CURVE('',#590,#618,#620,.T.);
#618 = VERTEX_POINT('',#619);
#619 = CARTESIAN_POINT('',(58.806868208531,41.988552985781,
    3.096820147509));
#620 = SURFACE_CURVE('',#621,(#625,#632),.PCURVE_S1.);
#621 = LINE('',#622,#623);
#622 = CARTESIAN_POINT('',(58.856351373077,41.906081044872,
    2.985323135459));
#623 = VECTOR('',#624,1.);
#624 = DIRECTION('',(-0.33605465526,0.5600910921,0.757208846506));
#625 = PCURVE('',#44,#626);
#626 = DEFINITIONAL_REPRESENTATION('',(#627),#631);
#627 = LINE('',#628,#629);
#628 = CARTESIAN_POINT('',(1.255926407801,-6.589137114323));
#629 = VECTOR('',#630,1.);
#630 = DIRECTION('',(-0.653172842954,0.757208846506));
#631 = ( GEOMETRIC_REPRESENTATION_CONTEXT(2) 
PARAMETRIC_REPRESENTATION_CONTEXT() REPRESENTATION_CONTEXT('2D SPACE',''
  ) );
#632 = PCURVE('',#633,#638);
#633 = PLANE('',#634);
#634 = AXIS2_PLACEMENT_3D('',#635,#636,#637);
#635 = CARTESIAN_POINT('',(8.856351373077,11.906081044872,2.985323135459
    ));
#636 = DIRECTION('',(0.3895807375,-0.649301229166,0.653172842954));
#637 = DIRECTION('',(-0.33605465526,0.5600910921,0.757208846506));
#638 = DEFINITIONAL_REPRESENTATION('',(#639),#643);
#639 = LINE('',#640,#641);
#640 = CARTESIAN_POINT('',(3.362682783365E-15,-58.30951894845));
#641 = VECTOR('',#642,1.);
#642 = DIRECTION('',(1.,-2.855591835288E-17));
#643 = ( GEOMETRIC_REPRESENTATION_CONTEXT(2) 
PARAMETRIC_REPRESENTATION_CONTEXT() REPRESENTATION_CONTEXT('2D SPACE',''
  ) );
#644 = ORIENTED_EDGE('',*,*,#645,.T.);
#645 = EDGE_CURVE('',#618,#646,#648,.T.);
#646 = VERTEX_POINT('',#647);
#647 = CARTESIAN_POINT('',(58.760259402977,42.066234328371,
    3.212902086523));
#648 = SURFACE_CURVE('',#649,(#653,#660),.PCURVE_S1.);
#649 = LINE('',#650,#651);
#650 = CARTESIAN_POINT('',(58.806868208531,41.988552985781,
    3.096820147509));
#651 = VECTOR('',#652,1.);
#652 = DIRECTION('',(-0.316534041959,0.527556736598,0.788346427627));
#653 = PCURVE('',#44,#654);
#654 = DEFINITIONAL_REPRESENTATION('',(#655),#659);
#655 = LINE('',#656,#657);
#656 = CARTESIAN_POINT('',(1.159748423777,-6.477640102273));
#657 = VECTOR('',#658,1.);
#658 = DIRECTION('',(-0.615231590581,0.788346427627));
#659 = ( GEOMETRIC_REPRESENTATION_CONTEXT(2) 
PARAMETRIC_REPRESENTATION_CONTEXT() REPRESENTATION_CONTEXT('2D SPACE',''
  ) );
#660 = PCURVE('',#661,#666);
#661 = PLANE('',#662);
#662 = AXIS2_PLACEMENT_3D('',#663,#664,#665);
#663 = CARTESIAN_POINT('',(8.806868208531,11.988552985781,3.096820147509
    ));
#664 = DIRECTION('',(0.40560089082,-0.676001484701,0.615231590581));
#665 = DIRECTION('',(-0.316534041959,0.527556736598,0.788346427627));
#666 = DEFINITIONAL_REPRESENTATION('',(#667),#671);
#667 = LINE('',#668,#669);
#668 = CARTESIAN_POINT('',(-3.25436979414E-15,-58.30951894845));
#669 = VECTOR('',#670,1.);
#670 = DIRECTION('',(1.,2.349826692931E-17));
#671 = ( GEOMETRIC_REPRESENTATION_CONTEXT(2) 
PARAMETRIC_REPRESENTATION_CONTEXT() REPRESENTATION_CONTEXT('2D SPACE',''
  ) );
#672 = ORIENTED_EDGE('',*,*,#673,.T.);
#673 = EDGE_CURVE('',#646,#674,#676,.T.);
#674 = VERTEX_POINT('',#675);
#675 = CARTESIAN_POINT('',(58.71663724111,42.138937931483,3.333289300941
    ));
#676 = SURFACE_CURVE('',#677,(#681,#688),.PCURVE_S1.);
#677 = LINE('',#678,#679);
#678 = CARTESIAN_POINT('',(58.760259402977,42.066234328371,
    3.212902086523));
#679 = VECTOR('',#680,1.);
#680 = DIRECTION('',(-0.296250870425,0.493751450708,0.817584813152));
#681 = PCURVE('',#44,#682);
#682 = DEFINITIONAL_REPRESENTATION('',(#683),#687);
#683 = LINE('',#684,#685);
#684 = CARTESIAN_POINT('',(1.069157189424,-6.361558163259));
#685 = VECTOR('',#686,1.);
#686 = DIRECTION('',(-0.575808191418,0.817584813152));
#687 = ( GEOMETRIC_REPRESENTATION_CONTEXT(2) 
PARAMETRIC_REPRESENTATION_CONTEXT() REPRESENTATION_CONTEXT('2D SPACE',''
  ) );
#688 = PCURVE('',#689,#694);
#689 = PLANE('',#690);
#690 = AXIS2_PLACEMENT_3D('',#691,#692,#693);
#691 = CARTESIAN_POINT('',(8.760259402977,12.066234328371,3.212902086523
    ));
#692 = DIRECTION('',(0.420643916068,-0.701073193447,0.575808191418));
#693 = DIRECTION('',(-0.296250870425,0.493751450708,0.817584813152));
#694 = DEFINITIONAL_REPRESENTATION('',(#695),#699);
#695 = LINE('',#696,#697);
#696 = CARTESIAN_POINT('',(-3.513667549911E-15,-58.30951894845));
#697 = VECTOR('',#698,1.);
#698 = DIRECTION('',(1.,-3.525899718322E-17));
#699 = ( GEOMETRIC_REPRESENTATION_CONTEXT(2) 
PARAMETRIC_REPRESENTATION_CONTEXT() REPRESENTATION_CONTEXT('2D SPACE',''
  ) );
#700 = ORIENTED_EDGE('',*,*,#701,.T.);
#701 = EDGE_CURVE('',#674,#702,#704,.T.);
#702 = VERTEX_POINT('',#703);
#703 = CARTESIAN_POINT('',(58.676106812538,42.206488645769,3.45769176742
    ));
#704 = SURFACE_CURVE('',#705,(#709,#716),.PCURVE_S1.);
#705 = LINE('',#706,#707);
#706 = CARTESIAN_POINT('',(58.71663724111,42.138937931483,3.333289300941
    ));
#707 = VECTOR('',#708,1.);
#708 = DIRECTION('',(-0.275254004596,0.458756674326,0.84485356525));
#709 = PCURVE('',#44,#710);
#710 = DEFINITIONAL_REPRESENTATION('',(#711),#715);
#711 = LINE('',#712,#713);
#712 = CARTESIAN_POINT('',(0.984370946958,-6.241170948841));
#713 = VECTOR('',#714,1.);
#714 = DIRECTION('',(-0.534997619887,0.84485356525));
#715 = ( GEOMETRIC_REPRESENTATION_CONTEXT(2) 
PARAMETRIC_REPRESENTATION_CONTEXT() REPRESENTATION_CONTEXT('2D SPACE',''
  ) );
#716 = PCURVE('',#717,#722);
#717 = PLANE('',#718);
#718 = AXIS2_PLACEMENT_3D('',#719,#720,#721);
#719 = CARTESIAN_POINT('',(8.71663724111,12.138937931483,3.333289300941)
  );
#720 = DIRECTION('',(0.434673573279,-0.724455955465,0.534997619887));
#721 = DIRECTION('',(-0.275254004596,0.458756674326,0.84485356525));
#722 = DEFINITIONAL_REPRESENTATION('',(#723),#727);
#723 = LINE('',#724,#725);
#724 = CARTESIAN_POINT('',(3.675497935337E-15,-58.30951894845));
#725 = VECTOR('',#726,1.);
#726 = DIRECTION('',(1.,-1.05308612108E-17));
#727 = ( GEOMETRIC_REPRESENTATION_CONTEXT(2) 
PARAMETRIC_REPRESENTATION_CONTEXT() REPRESENTATION_CONTEXT('2D SPACE',''
  ) );
#728 = ORIENTED_EDGE('',*,*,#729,.T.);
#729 = EDGE_CURVE('',#702,#730,#732,.T.);
#730 = VERTEX_POINT('',#731);
#731 = CARTESIAN_POINT('',(58.638765758614,42.268723735643,
    3.585809789522));
#732 = SURFACE_CURVE('',#733,(#737,#744),.PCURVE_S1.);
#733 = LINE('',#734,#735);
#734 = CARTESIAN_POINT('',(58.676106812538,42.206488645769,3.45769176742
    ));
#735 = VECTOR('',#736,1.);
#736 = DIRECTION('',(-0.25359402776,0.422656712934,0.870086991109));
#737 = PCURVE('',#44,#738);
#738 = DEFINITIONAL_REPRESENTATION('',(#739),#743);
#739 = LINE('',#740,#741);
#740 = CARTESIAN_POINT('',(0.905593953865,-6.116768482362));
#741 = VECTOR('',#742,1.);
#742 = DIRECTION('',(-0.49289819223,0.870086991109));
#743 = ( GEOMETRIC_REPRESENTATION_CONTEXT(2) 
PARAMETRIC_REPRESENTATION_CONTEXT() REPRESENTATION_CONTEXT('2D SPACE',''
  ) );
#744 = PCURVE('',#745,#750);
#745 = PLANE('',#746);
#746 = AXIS2_PLACEMENT_3D('',#747,#748,#749);
#747 = CARTESIAN_POINT('',(8.676106812538,12.206488645769,3.45769176742)
  );
#748 = DIRECTION('',(0.447656063778,-0.74609343963,0.49289819223));
#749 = DIRECTION('',(-0.25359402776,0.422656712934,0.870086991109));
#750 = DEFINITIONAL_REPRESENTATION('',(#751),#755);
#751 = LINE('',#752,#753);
#752 = CARTESIAN_POINT('',(3.402418720081E-15,-58.30951894845));
#753 = VECTOR('',#754,1.);
#754 = DIRECTION('',(1.,-6.884348547994E-17));
#755 = ( GEOMETRIC_REPRESENTATION_CONTEXT(2) 
PARAMETRIC_REPRESENTATION_CONTEXT() REPRESENTATION_CONTEXT('2D SPACE',''
  ) );
#756 = ORIENTED_EDGE('',*,*,#757,.T.);
#757 = EDGE_CURVE('',#730,#758,#760,.T.);
#758 = VERTEX_POINT('',#759);
#759 = CARTESIAN_POINT('',(58.604704037208,42.32549327132,3.717334719709
    ));
#760 = SURFACE_CURVE('',#761,(#765,#772),.PCURVE_S1.);
#761 = LINE('',#762,#763);
#762 = CARTESIAN_POINT('',(58.638765758614,42.268723735643,
    3.585809789522));
#763 = VECTOR('',#764,1.);
#764 = DIRECTION('',(-0.231323120699,0.385538534499,0.893224301196));
#765 = PCURVE('',#44,#766);
#766 = DEFINITIONAL_REPRESENTATION('',(#767),#771);
#767 = LINE('',#768,#769);
#768 = CARTESIAN_POINT('',(0.83301599082,-5.98865046026));
#769 = VECTOR('',#770,1.);
#770 = DIRECTION('',(-0.449611329655,0.893224301196));
#771 = ( GEOMETRIC_REPRESENTATION_CONTEXT(2) 
PARAMETRIC_REPRESENTATION_CONTEXT() REPRESENTATION_CONTEXT('2D SPACE',''
  ) );
#772 = PCURVE('',#773,#778);
#773 = PLANE('',#774);
#774 = AXIS2_PLACEMENT_3D('',#775,#776,#777);
#775 = CARTESIAN_POINT('',(8.638765758614,12.268723735643,3.585809789522
    ));
#776 = DIRECTION('',(0.45956011161,-0.76593351935,0.449611329655));
#777 = DIRECTION('',(-0.231323120699,0.385538534499,0.893224301196));
#778 = DEFINITIONAL_REPRESENTATION('',(#779),#783);
#779 = LINE('',#780,#781);
#780 = CARTESIAN_POINT('',(4.587711335219E-15,-58.30951894845));
#781 = VECTOR('',#782,1.);
#782 = DIRECTION('',(1.,1.185448392832E-17));
#783 = ( GEOMETRIC_REPRESENTATION_CONTEXT(2) 
PARAMETRIC_REPRESENTATION_CONTEXT() REPRESENTATION_CONTEXT('2D SPACE',''
  ) );
#784 = ORIENTED_EDGE('',*,*,#785,.T.);
#785 = EDGE_CURVE('',#758,#786,#788,.T.);
#786 = VERTEX_POINT('',#787);
#787 = CARTESIAN_POINT('',(58.57400370599,42.376660490017,3.851949702905
    ));
#788 = SURFACE_CURVE('',#789,(#793,#800),.PCURVE_S1.);
#789 = LINE('',#790,#791);
#790 = CARTESIAN_POINT('',(58.604704037208,42.32549327132,3.717334719709
    ));
#791 = VECTOR('',#792,1.);
#792 = DIRECTION('',(-0.208494935979,0.347491559966,0.914209755704));
#793 = PCURVE('',#44,#794);
#794 = DEFINITIONAL_REPRESENTATION('',(#795),#799);
#795 = LINE('',#796,#797);
#796 = CARTESIAN_POINT('',(0.766811904495,-5.857125530073));
#797 = VECTOR('',#798,1.);
#798 = DIRECTION('',(-0.405241314005,0.914209755704));
#799 = ( GEOMETRIC_REPRESENTATION_CONTEXT(2) 
PARAMETRIC_REPRESENTATION_CONTEXT() REPRESENTATION_CONTEXT('2D SPACE',''
  ) );
#800 = PCURVE('',#801,#806);
#801 = PLANE('',#802);
#802 = AXIS2_PLACEMENT_3D('',#803,#804,#805);
#803 = CARTESIAN_POINT('',(8.604704037208,12.32549327132,3.717334719709)
  );
#804 = DIRECTION('',(0.47035703888,-0.783928398133,0.405241314005));
#805 = DIRECTION('',(-0.208494935979,0.347491559966,0.914209755704));
#806 = DEFINITIONAL_REPRESENTATION('',(#807),#811);
#807 = LINE('',#808,#809);
#808 = CARTESIAN_POINT('',(-5.119157358195E-17,-58.30951894845));
#809 = VECTOR('',#810,1.);
#810 = DIRECTION('',(1.,9.524630450616E-18));
#811 = ( GEOMETRIC_REPRESENTATION_CONTEXT(2) 
PARAMETRIC_REPRESENTATION_CONTEXT() REPRESENTATION_CONTEXT('2D SPACE',''
  ) );
#812 = ORIENTED_EDGE('',*,*,#813,.T.);
#813 = EDGE_CURVE('',#786,#814,#816,.T.);
#814 = VERTEX_POINT('',#815);
#815 = CARTESIAN_POINT('',(58.546738724746,42.422102125423,
    3.989330439823));
#816 = SURFACE_CURVE('',#817,(#821,#828),.PCURVE_S1.);
#817 = LINE('',#818,#819);
#818 = CARTESIAN_POINT('',(58.57400370599,42.376660490017,3.851949702905
    ));
#819 = VECTOR('',#820,1.);
#820 = DIRECTION('',(-0.185164468697,0.308607447828,0.932992798835));
#821 = PCURVE('',#44,#822);
#822 = DEFINITIONAL_REPRESENTATION('',(#823),#827);
#823 = LINE('',#824,#825);
#824 = CARTESIAN_POINT('',(0.707141186332,-5.722510546877));
#825 = VECTOR('',#826,1.);
#826 = DIRECTION('',(-0.359895036535,0.932992798835));
#827 = ( GEOMETRIC_REPRESENTATION_CONTEXT(2) 
PARAMETRIC_REPRESENTATION_CONTEXT() REPRESENTATION_CONTEXT('2D SPACE',''
  ) );
#828 = PCURVE('',#829,#834);
#829 = PLANE('',#830);
#830 = AXIS2_PLACEMENT_3D('',#831,#832,#833);
#831 = CARTESIAN_POINT('',(8.57400370599,12.376660490017,3.851949702905)
  );
#832 = DIRECTION('',(0.480020834845,-0.800034724742,0.359895036535));
#833 = DIRECTION('',(-0.185164468697,0.308607447828,0.932992798835));
#834 = DEFINITIONAL_REPRESENTATION('',(#835),#839);
#835 = LINE('',#836,#837);
#836 = CARTESIAN_POINT('',(2.009877408666E-15,-58.30951894845));
#837 = VECTOR('',#838,1.);
#838 = DIRECTION('',(1.,7.439293754936E-18));
#839 = ( GEOMETRIC_REPRESENTATION_CONTEXT(2) 
PARAMETRIC_REPRESENTATION_CONTEXT() REPRESENTATION_CONTEXT('2D SPACE',''
  ) );
#840 = ORIENTED_EDGE('',*,*,#841,.T.);
#841 = EDGE_CURVE('',#814,#842,#844,.T.);
#842 = VERTEX_POINT('',#843);
#843 = CARTESIAN_POINT('',(58.522974777205,42.461708704658,
    4.129145968237));
#844 = SURFACE_CURVE('',#845,(#849,#856),.PCURVE_S1.);
#845 = LINE('',#846,#847);
#846 = CARTESIAN_POINT('',(58.546738724746,42.422102125423,
    3.989330439823));
#847 = VECTOR('',#848,1.);
#848 = DIRECTION('',(-0.16138792399,0.268979873317,0.949528180593));
#849 = PCURVE('',#44,#850);
#850 = DEFINITIONAL_REPRESENTATION('',(#851),#855);
#851 = LINE('',#852,#853);
#852 = CARTESIAN_POINT('',(0.654147588316,-5.585129809959));
#853 = VECTOR('',#854,1.);
#854 = DIRECTION('',(-0.313681740399,0.949528180593));
#855 = ( GEOMETRIC_REPRESENTATION_CONTEXT(2) 
PARAMETRIC_REPRESENTATION_CONTEXT() REPRESENTATION_CONTEXT('2D SPACE',''
  ) );
#856 = PCURVE('',#857,#862);
#857 = PLANE('',#858);
#858 = AXIS2_PLACEMENT_3D('',#859,#860,#861);
#859 = CARTESIAN_POINT('',(8.546738724746,12.422102125423,3.989330439823
    ));
#860 = DIRECTION('',(0.488528218574,-0.814213697623,0.313681740399));
#861 = DIRECTION('',(-0.16138792399,0.268979873317,0.949528180593));
#862 = DEFINITIONAL_REPRESENTATION('',(#863),#867);
#863 = LINE('',#864,#865);
#864 = CARTESIAN_POINT('',(3.526109090248E-15,-58.30951894845));
#865 = VECTOR('',#866,1.);
#866 = DIRECTION('',(1.,-2.21520780156E-17));
#867 = ( GEOMETRIC_REPRESENTATION_CONTEXT(2) 
PARAMETRIC_REPRESENTATION_CONTEXT() REPRESENTATION_CONTEXT('2D SPACE',''
  ) );
#868 = ORIENTED_EDGE('',*,*,#869,.T.);
#869 = EDGE_CURVE('',#842,#870,#872,.T.);
#870 = VERTEX_POINT('',#871);
#871 = CARTESIAN_POINT('',(58.502769112798,42.495384812003,4.27105946029
    ));
#872 = SURFACE_CURVE('',#873,(#877,#884),.PCURVE_S1.);
#873 = LINE('',#874,#875);
#874 = CARTESIAN_POINT('',(58.522974777205,42.461708704658,
    4.129145968237));
#875 = VECTOR('',#876,1.);
#876 = DIRECTION('',(-0.137222581639,0.228704302732,0.963776065795));
#877 = PCURVE('',#44,#878);
#878 = DEFINITIONAL_REPRESENTATION('',(#879),#883);
#879 = LINE('',#880,#881);
#880 = CARTESIAN_POINT('',(0.607958776669,-5.445314281545));
#881 = VECTOR('',#882,1.);
#882 = DIRECTION('',(-0.266712757475,0.963776065795));
#883 = ( GEOMETRIC_REPRESENTATION_CONTEXT(2) 
PARAMETRIC_REPRESENTATION_CONTEXT() REPRESENTATION_CONTEXT('2D SPACE',''
  ) );
#884 = PCURVE('',#885,#890);
#885 = PLANE('',#886);
#886 = AXIS2_PLACEMENT_3D('',#887,#888,#889);
#887 = CARTESIAN_POINT('',(8.522974777205,12.461708704658,4.129145968237
    ));
#888 = DIRECTION('',(0.495858695034,-0.826431158391,0.266712757475));
#889 = DIRECTION('',(-0.137222581639,0.228704302732,0.963776065795));
#890 = DEFINITIONAL_REPRESENTATION('',(#891),#895);
#891 = LINE('',#892,#893);
#892 = CARTESIAN_POINT('',(2.374975409366E-15,-58.30951894845));
#893 = VECTOR('',#894,1.);
#894 = DIRECTION('',(1.,-9.856123228174E-18));
#895 = ( GEOMETRIC_REPRESENTATION_CONTEXT(2) 
PARAMETRIC_REPRESENTATION_CONTEXT() REPRESENTATION_CONTEXT('2D SPACE',''
  ) );
#896 = ORIENTED_EDGE('',*,*,#897,.T.);
#897 = EDGE_CURVE('',#870,#898,#900,.T.);
#898 = VERTEX_POINT('',#899);
#899 = CARTESIAN_POINT('',(58.48617040874,42.523049318766,4.414729033952
    ));
#900 = SURFACE_CURVE('',#901,(#905,#912),.PCURVE_S1.);
#901 = LINE('',#902,#903);
#902 = CARTESIAN_POINT('',(58.502769112798,42.495384812003,4.27105946029
    ));
#903 = VECTOR('',#904,1.);
#904 = DIRECTION('',(-0.11272665807,0.187877763449,0.975702130039));
#905 = PCURVE('',#44,#906);
#906 = DEFINITIONAL_REPRESENTATION('',(#907),#911);
#907 = LINE('',#908,#909);
#908 = CARTESIAN_POINT('',(0.568686024282,-5.303400789492));
#909 = VECTOR('',#910,1.);
#910 = DIRECTION('',(-0.219101240157,0.975702130039));
#911 = ( GEOMETRIC_REPRESENTATION_CONTEXT(2) 
PARAMETRIC_REPRESENTATION_CONTEXT() REPRESENTATION_CONTEXT('2D SPACE',''
  ) );
#912 = PCURVE('',#913,#918);
#913 = PLANE('',#914);
#914 = AXIS2_PLACEMENT_3D('',#915,#916,#917);
#915 = CARTESIAN_POINT('',(8.502769112798,12.495384812003,4.27105946029)
  );
#916 = DIRECTION('',(0.501994604466,-0.836657674111,0.219101240157));
#917 = DIRECTION('',(-0.11272665807,0.187877763449,0.975702130039));
#918 = DEFINITIONAL_REPRESENTATION('',(#919),#923);
#919 = LINE('',#920,#921);
#920 = CARTESIAN_POINT('',(1.560548401956E-15,-58.30951894845));
#921 = VECTOR('',#922,1.);
#922 = DIRECTION('',(1.,2.697605468057E-18));
#923 = ( GEOMETRIC_REPRESENTATION_CONTEXT(2) 
PARAMETRIC_REPRESENTATION_CONTEXT() REPRESENTATION_CONTEXT('2D SPACE',''
  ) );
#924 = ORIENTED_EDGE('',*,*,#925,.T.);
#925 = EDGE_CURVE('',#898,#926,#928,.T.);
#926 = VERTEX_POINT('',#927);
#927 = CARTESIAN_POINT('',(58.473218652764,42.544635578727,
    4.559808576634));
#928 = SURFACE_CURVE('',#929,(#933,#940),.PCURVE_S1.);
#929 = LINE('',#930,#931);
#930 = CARTESIAN_POINT('',(58.48617040874,42.523049318766,4.414729033952
    ));
#931 = VECTOR('',#932,1.);
#932 = DIRECTION('',(-8.795916610705E-02,0.146598610178,0.985277642389)
  );
#933 = PCURVE('',#44,#934);
#934 = DEFINITIONAL_REPRESENTATION('',(#935),#939);
#935 = LINE('',#936,#937);
#936 = CARTESIAN_POINT('',(0.536423942656,-5.15973121583));
#937 = VECTOR('',#938,1.);
#938 = DIRECTION('',(-0.17096188876,0.985277642389));
#939 = ( GEOMETRIC_REPRESENTATION_CONTEXT(2) 
PARAMETRIC_REPRESENTATION_CONTEXT() REPRESENTATION_CONTEXT('2D SPACE',''
  ) );
#940 = PCURVE('',#941,#946);
#941 = PLANE('',#942);
#942 = AXIS2_PLACEMENT_3D('',#943,#944,#945);
#943 = CARTESIAN_POINT('',(8.48617040874,12.523049318766,4.414729033952)
  );
#944 = DIRECTION('',(0.506921164927,-0.844868608211,0.17096188876));
#945 = DIRECTION('',(-8.795916610705E-02,0.146598610178,0.985277642389)
  );
#946 = DEFINITIONAL_REPRESENTATION('',(#947),#951);
#947 = LINE('',#948,#949);
#948 = CARTESIAN_POINT('',(2.533774455928E-15,-58.30951894845));
#949 = VECTOR('',#950,1.);
#950 = DIRECTION('',(1.,1.634510039656E-18));
#951 = ( GEOMETRIC_REPRESENTATION_CONTEXT(2) 
PARAMETRIC_REPRESENTATION_CONTEXT() REPRESENTATION_CONTEXT('2D SPACE',''
  ) );
#952 = ORIENTED_EDGE('',*,*,#953,.T.);
#953 = EDGE_CURVE('',#926,#954,#956,.T.);
#954 = VERTEX_POINT('',#955);
#955 = CARTESIAN_POINT('',(58.463945046783,42.560091588696,
    4.705948579011));
#956 = SURFACE_CURVE('',#957,(#961,#968),.PCURVE_S1.);
#957 = LINE('',#958,#959);
#958 = CARTESIAN_POINT('',(58.473218652764,42.544635578727,
    4.559808576634));
#959 = VECTOR('',#960,1.);
#960 = DIRECTION('',(-6.297977280901E-02,0.104966288015,0.992479534599)
  );
#961 = PCURVE('',#44,#962);
#962 = DEFINITIONAL_REPRESENTATION('',(#963),#967);
#963 = LINE('',#964,#965);
#964 = CARTESIAN_POINT('',(0.511250253971,-5.014651673148));
#965 = VECTOR('',#966,1.);
#966 = DIRECTION('',(-0.122410675199,0.992479534599));
#967 = ( GEOMETRIC_REPRESENTATION_CONTEXT(2) 
PARAMETRIC_REPRESENTATION_CONTEXT() REPRESENTATION_CONTEXT('2D SPACE',''
  ) );
#968 = PCURVE('',#969,#974);
#969 = PLANE('',#970);
#970 = AXIS2_PLACEMENT_3D('',#971,#972,#973);
#971 = CARTESIAN_POINT('',(8.473218652764,12.544635578727,4.559808576634
    ));
#972 = DIRECTION('',(0.5106265079,-0.851044179833,0.122410675199));
#973 = DIRECTION('',(-6.297977280901E-02,0.104966288015,0.992479534599)
  );
#974 = DEFINITIONAL_REPRESENTATION('',(#975),#979);
#975 = LINE('',#976,#977);
#976 = CARTESIAN_POINT('',(-1.816433929853E-15,-58.30951894845));
#977 = VECTOR('',#978,1.);
#978 = DIRECTION('',(1.,8.349393844409E-19));
#979 = ( GEOMETRIC_REPRESENTATION_CONTEXT(2) 
PARAMETRIC_REPRESENTATION_CONTEXT() REPRESENTATION_CONTEXT('2D SPACE',''
  ) );
#980 = ORIENTED_EDGE('',*,*,#981,.T.);
#981 = EDGE_CURVE('',#954,#982,#984,.T.);
#982 = VERTEX_POINT('',#983);
#983 = CARTESIAN_POINT('',(58.458371931726,42.569380113789,
    4.852796977018));
#984 = SURFACE_CURVE('',#985,(#989,#996),.PCURVE_S1.);
#985 = LINE('',#986,#987);
#986 = CARTESIAN_POINT('',(58.463945046783,42.560091588696,
    4.705948579011));
#987 = VECTOR('',#988,1.);
#988 = DIRECTION('',(-3.784865572191E-02,6.308109286984E-02,
    0.997290456679));
#989 = PCURVE('',#44,#990);
#990 = DEFINITIONAL_REPRESENTATION('',(#991),#995);
#991 = LINE('',#992,#993);
#992 = CARTESIAN_POINT('',(0.493225603849,-4.868511670771));
#993 = VECTOR('',#994,1.);
#994 = DIRECTION('',(-7.356456359967E-02,0.997290456679));
#995 = ( GEOMETRIC_REPRESENTATION_CONTEXT(2) 
PARAMETRIC_REPRESENTATION_CONTEXT() REPRESENTATION_CONTEXT('2D SPACE',''
  ) );
#996 = PCURVE('',#997,#1002);
#997 = PLANE('',#998);
#998 = AXIS2_PLACEMENT_3D('',#999,#1000,#1001);
#999 = CARTESIAN_POINT('',(8.463945046783,12.560091588696,4.705948579011
    ));
#1000 = DIRECTION('',(0.51310170689,-0.855169511483,7.356456359967E-02)
  );
#1001 = DIRECTION('',(-3.784865572191E-02,6.308109286984E-02,
    0.997290456679));
#1002 = DEFINITIONAL_REPRESENTATION('',(#1003),#1007);
#1003 = LINE('',#1004,#1005);
#1004 = CARTESIAN_POINT('',(3.304196936918E-15,-58.30951894845));
#1005 = VECTOR('',#1006,1.);
#1006 = DIRECTION('',(1.,3.008197381537E-19));
#1007 = ( GEOMETRIC_REPRESENTATION_CONTEXT(2) 
PARAMETRIC_REPRESENTATION_CONTEXT() REPRESENTATION_CONTEXT('2D SPACE',''
  ) );
#1008 = ORIENTED_EDGE('',*,*,#1009,.T.);
#1009 = EDGE_CURVE('',#982,#1010,#1012,.T.);
#1010 = VERTEX_POINT('',#1011);
#1011 = CARTESIAN_POINT('',(58.456512733717,42.572478777138,5.));
#1012 = SURFACE_CURVE('',#1013,(#1017,#1024),.PCURVE_S1.);
#1013 = LINE('',#1014,#1015);
#1014 = CARTESIAN_POINT('',(58.458371931726,42.569380113789,
    4.852796977018));
#1015 = VECTOR('',#1016,1.);
#1016 = DIRECTION('',(-1.262635790802E-02,2.104392984669E-02,
    0.999698818696));
#1017 = PCURVE('',#44,#1018);
#1018 = DEFINITIONAL_REPRESENTATION('',(#1019),#1023);
#1019 = LINE('',#1020,#1021);
#1020 = CARTESIAN_POINT('',(0.48239341525,-4.721663272764));
#1021 = VECTOR('',#1022,1.);
#1022 = DIRECTION('',(-2.454122852291E-02,0.999698818696));
#1023 = ( GEOMETRIC_REPRESENTATION_CONTEXT(2) 
PARAMETRIC_REPRESENTATION_CONTEXT() REPRESENTATION_CONTEXT('2D SPACE',''
  ) );
#1024 = PCURVE('',#1025,#1030);
#1025 = PLANE('',#1026);
#1026 = AXIS2_PLACEMENT_3D('',#1027,#1028,#1029);
#1027 = CARTESIAN_POINT('',(8.458371931726,12.569380113789,
    4.852796977018));
#1028 = DIRECTION('',(0.514340798925,-0.857234664875,2.454122852291E-02)
  );
#1029 = DIRECTION('',(-1.262635790802E-02,2.104392984669E-02,
    0.999698818696));
#1030 = DEFINITIONAL_REPRESENTATION('',(#1031),#1035);
#1031 = LINE('',#1032,#1033);
#1032 = CARTESIAN_POINT('',(1.551904709865E-15,-58.30951894845));
#1033 = VECTOR('',#1034,1.);
#1034 = DIRECTION('',(1.,3.343784180607E-20));
#1035 = ( GEOMETRIC_REPRESENTATION_CONTEXT(2) 
PARAMETRIC_REPRESENTATION_CONTEXT() REPRESENTATION_CONTEXT('2D SPACE',''
  ) );
#1036 = ORIENTED_EDGE('',*,*,#1037,.T.);
#1037 = EDGE_CURVE('',#1010,#1038,#1040,.T.);
#1038 = VERTEX_POINT('',#1039);
#1039 = CARTESIAN_POINT('',(58.456512733717,42.572478777138,20.));
#1040 = SURFACE_CURVE('',#1041,(#1045,#1052),.PCURVE_S1.);
#1041 = LINE('',#1042,#1043);
#1042 = CARTESIAN_POINT('',(58.456512733717,42.572478777138,5.));
#1043 = VECTOR('',#1044,1.);
#1044 = DIRECTION('',(-1.523213423327E-16,3.808033558317E-17,1.));
#1045 = PCURVE('',#44,#1046);
#1046 = DEFINITIONAL_REPRESENTATION('',(#1047),#1051);
#1047 = LINE('',#1048,#1049);
#1048 = CARTESIAN_POINT('',(0.478779783865,-4.574460249782));
#1049 = VECTOR('',#1050,1.);
#1050 = DIRECTION('',(0.,1.));
#1051 = ( GEOMETRIC_REPRESENTATION_CONTEXT(2) 
PARAMETRIC_REPRESENTATION_CONTEXT() REPRESENTATION_CONTEXT('2D SPACE',''
  ) );
#1052 = PCURVE('',#1053,#1058);
#1053 = PLANE('',#1054);
#1054 = AXIS2_PLACEMENT_3D('',#1055,#1056,#1057);
#1055 = CARTESIAN_POINT('',(8.456512733717,12.572478777138,5.));
#1056 = DIRECTION('',(0.514495755428,-0.857492925713,1.110223024625E-16)
  );
#1057 = DIRECTION('',(-1.523213423327E-16,3.808033558317E-17,1.));
#1058 = DEFINITIONAL_REPRESENTATION('',(#1059),#1063);
#1059 = LINE('',#1060,#1061);
#1060 = CARTESIAN_POINT('',(6.317703084621E-16,-58.30951894845));
#1061 = VECTOR('',#1062,1.);
#1062 = DIRECTION('',(1.,0.));
#1063 = ( GEOMETRIC_REPRESENTATION_CONTEXT(2) 
PARAMETRIC_REPRESENTATION_CONTEXT() REPRESENTATION_CONTEXT('2D SPACE',''
  ) );
#1064 = ORIENTED_EDGE('',*,*,#1065,.T.);
#1065 = EDGE_CURVE('',#1038,#1066,#1068,.T.);
#1066 = VERTEX_POINT('',#1067);
#1067 = CARTESIAN_POINT('',(57.427521222862,44.287464628563,20.));
#1068 = SURFACE_CURVE('',#1069,(#1073,#1080),.PCURVE_S1.);
#1069 = LINE('',#1070,#1071);
#1070 = CARTESIAN_POINT('',(58.456512733717,42.572478777138,20.));
#1071 = VECTOR('',#1072,1.);
#1072 = DIRECTION('',(-0.514495755428,0.857492925713,-1.110223024625E-16
    ));
#1073 = PCURVE('',#44,#1074);
#1074 = DEFINITIONAL_REPRESENTATION('',(#1075),#1079);
#1075 = LINE('',#1076,#1077);
#1076 = CARTESIAN_POINT('',(0.478779783865,10.425539750218));
#1077 = VECTOR('',#1078,1.);
#1078 = DIRECTION('',(-1.,0.));
#1079 = ( GEOMETRIC_REPRESENTATION_CONTEXT(2) 
PARAMETRIC_REPRESENTATION_CONTEXT() REPRESENTATION_CONTEXT('2D SPACE',''
  ) );
#1080 = PCURVE('',#1081,#1086);
#1081 = PLANE('',#1082);
#1082 = AXIS2_PLACEMENT_3D('',#1083,#1084,#1085);
#1083 = CARTESIAN_POINT('',(8.456512733717,12.572478777138,20.));
#1084 = DIRECTION('',(-1.523213423327E-16,3.808033558317E-17,1.));
#1085 = DIRECTION('',(-0.514495755428,0.857492925713,-1.110223024625E-16
    ));
#1086 = DEFINITIONAL_REPRESENTATION('',(#1087),#1091);
#1087 = LINE('',#1088,#1089);
#1088 = CARTESIAN_POINT('',(3.552713678801E-15,-58.30951894845));
#1089 = VECTOR('',#1090,1.);
#1090 = DIRECTION('',(1.,1.232595164408E-32));
#1091 = ( GEOMETRIC_REPRESENTATION_CONTEXT(2) 
PARAMETRIC_REPRESENTATION_CONTEXT() REPRESENTATION_CONTEXT('2D SPACE',''
  ) );
#1092 = ORIENTED_EDGE('',*,*,#1093,.T.);
#1093 = EDGE_CURVE('',#1066,#1094,#1096,.T.);
#1094 = VERTEX_POINT('',#1095);
#1095 = CARTESIAN_POINT('',(57.427521222862,44.287464628563,5.));
#1096 = SURFACE_CURVE('',#1097,(#1101,#1108),.PCURVE_S1.);
#1097 = LINE('',#1098,#1099);
#1098 = CARTESIAN_POINT('',(57.427521222862,44.287464628563,20.));
#1099 = VECTOR('',#1100,1.);
#1100 = DIRECTION('',(1.523213423327E-16,-3.808033558317E-17,-1.));
#1101 = PCURVE('',#44,#1102);
#1102 = DEFINITIONAL_REPRESENTATION('',(#1103),#1107);
#1103 = LINE('',#1104,#1105);
#1104 = CARTESIAN_POINT('',(-1.521220216135,10.425539750218));
#1105 = VECTOR('',#1106,1.);
#1106 = DIRECTION('',(0.,-1.));
#1107 = ( GEOMETRIC_REPRESENTATION_CONTEXT(2) 
PARAMETRIC_REPRESENTATION_CONTEXT() REPRESENTATION_CONTEXT('2D SPACE',''
  ) );
#1108 = PCURVE('',#1109,#1114);
#1109 = PLANE('',#1110);
#1110 = AXIS2_PLACEMENT_3D('',#1111,#1112,#1113);
#1111 = CARTESIAN_POINT('',(7.427521222862,14.287464628563,20.));
#1112 = DIRECTION('',(-0.514495755428,0.857492925713,-1.110223024625E-16
    ));
#1113 = DIRECTION('',(1.523213423327E-16,-3.808033558317E-17,-1.));
#1114 = DEFINITIONAL_REPRESENTATION('',(#1115),#1119);
#1115 = LINE('',#1116,#1117);
#1116 = CARTESIAN_POINT('',(-6.317703084621E-16,-58.30951894845));
#1117 = VECTOR('',#1118,1.);
#1118 = DIRECTION('',(1.,0.));
#1119 = ( GEOMETRIC_REPRESENTATION_CONTEXT(2) 
PARAMETRIC_REPRESENTATION_CONTEXT() REPRESENTATION_CONTEXT('2D SPACE',''
  ) );
#1120 = ORIENTED_EDGE('',*,*,#1121,.T.);
#1121 = EDGE_CURVE('',#1094,#1122,#1124,.T.);
#1122 = VERTEX_POINT('',#1123);
#1123 = CARTESIAN_POINT('',(57.430619886211,44.282300189649,
    4.754661628363));
#1124 = SURFACE_CURVE('',#1125,(#1129,#1136),.PCURVE_S1.);
#1125 = LINE('',#1126,#1127);
#1126 = CARTESIAN_POINT('',(57.427521222862,44.287464628563,5.));
#1127 = VECTOR('',#1128,1.);
#1128 = DIRECTION('',(1.262635790801E-02,-2.104392984669E-02,
    -0.999698818696));
#1129 = PCURVE('',#44,#1130);
#1130 = DEFINITIONAL_REPRESENTATION('',(#1131),#1135);
#1131 = LINE('',#1132,#1133);
#1132 = CARTESIAN_POINT('',(-1.521220216135,-4.574460249782));
#1133 = VECTOR('',#1134,1.);
#1134 = DIRECTION('',(2.454122852291E-02,-0.999698818696));
#1135 = ( GEOMETRIC_REPRESENTATION_CONTEXT(2) 
PARAMETRIC_REPRESENTATION_CONTEXT() REPRESENTATION_CONTEXT('2D SPACE',''
  ) );
#1136 = PCURVE('',#1137,#1142);
#1137 = PLANE('',#1138);
#1138 = AXIS2_PLACEMENT_3D('',#1139,#1140,#1141);
#1139 = CARTESIAN_POINT('',(7.427521222862,14.287464628563,5.));
#1140 = DIRECTION('',(-0.514340798925,0.857234664875,-2.454122852291E-02
    ));
#1141 = DIRECTION('',(1.262635790801E-02,-2.104392984669E-02,
    -0.999698818696));
#1142 = DEFINITIONAL_REPRESENTATION('',(#1143),#1147);
#1143 = LINE('',#1144,#1145);
#1144 = CARTESIAN_POINT('',(-6.639937928995E-16,-58.30951894845));
#1145 = VECTOR('',#1146,1.);
#1146 = DIRECTION('',(1.,-1.768161317783E-18));
#1147 = ( GEOMETRIC_REPRESENTATION_CONTEXT(2) 
PARAMETRIC_REPRESENTATION_CONTEXT() REPRESENTATION_CONTEXT('2D SPACE',''
  ) );
#1148 = ORIENTED_EDGE('',*,*,#1149,.T.);
#1149 = EDGE_CURVE('',#1122,#1150,#1152,.T.);
#1150 = VERTEX_POINT('',#1151);
#1151 = CARTESIAN_POINT('',(57.439908411304,44.266819314493,
    4.509914298352));
#1152 = SURFACE_CURVE('',#1153,(#1157,#1164),.PCURVE_S1.);
#1153 = LINE('',#1154,#1155);
#1154 = CARTESIAN_POINT('',(57.430619886211,44.282300189649,
    4.754661628363));
#1155 = VECTOR('',#1156,1.);
#1156 = DIRECTION('',(3.784865572191E-02,-6.308109286984E-02,
    -0.997290456679));
#1157 = PCURVE('',#44,#1158);
#1158 = DEFINITIONAL_REPRESENTATION('',(#1159),#1163);
#1159 = LINE('',#1160,#1161);
#1160 = CARTESIAN_POINT('',(-1.51519749716,-4.819798621419));
#1161 = VECTOR('',#1162,1.);
#1162 = DIRECTION('',(7.356456359967E-02,-0.997290456679));
#1163 = ( GEOMETRIC_REPRESENTATION_CONTEXT(2) 
PARAMETRIC_REPRESENTATION_CONTEXT() REPRESENTATION_CONTEXT('2D SPACE',''
  ) );
#1164 = PCURVE('',#1165,#1170);
#1165 = PLANE('',#1166);
#1166 = AXIS2_PLACEMENT_3D('',#1167,#1168,#1169);
#1167 = CARTESIAN_POINT('',(7.430619886211,14.282300189649,
    4.754661628363));
#1168 = DIRECTION('',(-0.51310170689,0.855169511483,-7.356456359967E-02)
  );
#1169 = DIRECTION('',(3.784865572191E-02,-6.308109286984E-02,
    -0.997290456679));
#1170 = DEFINITIONAL_REPRESENTATION('',(#1171),#1175);
#1171 = LINE('',#1172,#1173);
#1172 = CARTESIAN_POINT('',(-3.304196936918E-15,-58.30951894845));
#1173 = VECTOR('',#1174,1.);
#1174 = DIRECTION('',(1.,-3.008197381537E-19));
#1175 = ( GEOMETRIC_REPRESENTATION_CONTEXT(2) 
PARAMETRIC_REPRESENTATION_CONTEXT() REPRESENTATION_CONTEXT('2D SPACE',''
  ) );
#1176 = ORIENTED_EDGE('',*,*,#1177,.T.);
#1177 = EDGE_CURVE('',#1150,#1178,#1180,.T.);
#1178 = VERTEX_POINT('',#1179);
#1179 = CARTESIAN_POINT('',(57.455364421273,44.241059297879,
    4.266347627723));
#1180 = SURFACE_CURVE('',#1181,(#1185,#1192),.PCURVE_S1.);
#1181 = LINE('',#1182,#1183);
#1182 = CARTESIAN_POINT('',(57.439908411304,44.266819314493,
    4.509914298352));
#1183 = VECTOR('',#1184,1.);
#1184 = DIRECTION('',(6.297977280902E-02,-0.104966288015,-0.992479534599
    ));
#1185 = PCURVE('',#44,#1186);
#1186 = DEFINITIONAL_REPRESENTATION('',(#1187),#1191);
#1187 = LINE('',#1188,#1189);
#1188 = CARTESIAN_POINT('',(-1.497143849496,-5.06454595143));
#1189 = VECTOR('',#1190,1.);
#1190 = DIRECTION('',(0.122410675199,-0.992479534599));
#1191 = ( GEOMETRIC_REPRESENTATION_CONTEXT(2) 
PARAMETRIC_REPRESENTATION_CONTEXT() REPRESENTATION_CONTEXT('2D SPACE',''
  ) );
#1192 = PCURVE('',#1193,#1198);
#1193 = PLANE('',#1194);
#1194 = AXIS2_PLACEMENT_3D('',#1195,#1196,#1197);
#1195 = CARTESIAN_POINT('',(7.439908411304,14.266819314493,
    4.509914298352));
#1196 = DIRECTION('',(-0.5106265079,0.851044179833,-0.122410675199));
#1197 = DIRECTION('',(6.297977280902E-02,-0.104966288015,-0.992479534599
    ));
#1198 = DEFINITIONAL_REPRESENTATION('',(#1199),#1203);
#1199 = LINE('',#1200,#1201);
#1200 = CARTESIAN_POINT('',(2.691253319402E-15,-58.30951894845));
#1201 = VECTOR('',#1202,1.);
#1202 = DIRECTION('',(1.,1.304284842337E-17));
#1203 = ( GEOMETRIC_REPRESENTATION_CONTEXT(2) 
PARAMETRIC_REPRESENTATION_CONTEXT() REPRESENTATION_CONTEXT('2D SPACE',''
  ) );
#1204 = ORIENTED_EDGE('',*,*,#1205,.T.);
#1205 = EDGE_CURVE('',#1178,#1206,#1208,.T.);
#1206 = VERTEX_POINT('',#1207);
#1207 = CARTESIAN_POINT('',(57.476950681234,44.205082197944,
    4.024548389919));
#1208 = SURFACE_CURVE('',#1209,(#1213,#1220),.PCURVE_S1.);
#1209 = LINE('',#1210,#1211);
#1210 = CARTESIAN_POINT('',(57.455364421273,44.241059297879,
    4.266347627723));
#1211 = VECTOR('',#1212,1.);
#1212 = DIRECTION('',(8.795916610705E-02,-0.146598610178,-0.985277642389
    ));
#1213 = PCURVE('',#44,#1214);
#1214 = DEFINITIONAL_REPRESENTATION('',(#1215),#1219);
#1215 = LINE('',#1216,#1217);
#1216 = CARTESIAN_POINT('',(-1.467102765958,-5.308112622059));
#1217 = VECTOR('',#1218,1.);
#1218 = DIRECTION('',(0.17096188876,-0.985277642389));
#1219 = ( GEOMETRIC_REPRESENTATION_CONTEXT(2) 
PARAMETRIC_REPRESENTATION_CONTEXT() REPRESENTATION_CONTEXT('2D SPACE',''
  ) );
#1220 = PCURVE('',#1221,#1226);
#1221 = PLANE('',#1222);
#1222 = AXIS2_PLACEMENT_3D('',#1223,#1224,#1225);
#1223 = CARTESIAN_POINT('',(7.455364421273,14.241059297879,
    4.266347627723));
#1224 = DIRECTION('',(-0.506921164927,0.844868608211,-0.17096188876));
#1225 = DIRECTION('',(8.795916610705E-02,-0.146598610178,-0.985277642389
    ));
#1226 = DEFINITIONAL_REPRESENTATION('',(#1227),#1231);
#1227 = LINE('',#1228,#1229);
#1228 = CARTESIAN_POINT('',(-1.658672116545E-15,-58.30951894845));
#1229 = VECTOR('',#1230,1.);
#1230 = DIRECTION('',(1.,-1.551229784747E-17));
#1231 = ( GEOMETRIC_REPRESENTATION_CONTEXT(2) 
PARAMETRIC_REPRESENTATION_CONTEXT() REPRESENTATION_CONTEXT('2D SPACE',''
  ) );
#1232 = ORIENTED_EDGE('',*,*,#1233,.T.);
#1233 = EDGE_CURVE('',#1206,#1234,#1236,.T.);
#1234 = VERTEX_POINT('',#1235);
#1235 = CARTESIAN_POINT('',(57.504615187997,44.158974686672,
    3.785099100484));
#1236 = SURFACE_CURVE('',#1237,(#1241,#1248),.PCURVE_S1.);
#1237 = LINE('',#1238,#1239);
#1238 = CARTESIAN_POINT('',(57.476950681234,44.205082197944,
    4.024548389919));
#1239 = VECTOR('',#1240,1.);
#1240 = DIRECTION('',(0.11272665807,-0.187877763449,-0.975702130039));
#1241 = PCURVE('',#44,#1242);
#1242 = DEFINITIONAL_REPRESENTATION('',(#1243),#1247);
#1243 = LINE('',#1244,#1245);
#1244 = CARTESIAN_POINT('',(-1.425146618151,-5.549911859863));
#1245 = VECTOR('',#1246,1.);
#1246 = DIRECTION('',(0.219101240157,-0.975702130039));
#1247 = ( GEOMETRIC_REPRESENTATION_CONTEXT(2) 
PARAMETRIC_REPRESENTATION_CONTEXT() REPRESENTATION_CONTEXT('2D SPACE',''
  ) );
#1248 = PCURVE('',#1249,#1254);
#1249 = PLANE('',#1250);
#1250 = AXIS2_PLACEMENT_3D('',#1251,#1252,#1253);
#1251 = CARTESIAN_POINT('',(7.476950681234,14.205082197944,
    4.024548389919));
#1252 = DIRECTION('',(-0.501994604466,0.836657674111,-0.219101240157));
#1253 = DIRECTION('',(0.11272665807,-0.187877763449,-0.975702130039));
#1254 = DEFINITIONAL_REPRESENTATION('',(#1255),#1259);
#1255 = LINE('',#1256,#1257);
#1256 = CARTESIAN_POINT('',(-2.448726821656E-15,-58.30951894845));
#1257 = VECTOR('',#1258,1.);
#1258 = DIRECTION('',(1.,-2.697605468057E-18));
#1259 = ( GEOMETRIC_REPRESENTATION_CONTEXT(2) 
PARAMETRIC_REPRESENTATION_CONTEXT() REPRESENTATION_CONTEXT('2D SPACE',''
  ) );
#1260 = ORIENTED_EDGE('',*,*,#1261,.T.);
#1261 = EDGE_CURVE('',#1234,#1262,#1264,.T.);
#1262 = VERTEX_POINT('',#1263);
#1263 = CARTESIAN_POINT('',(57.538291295342,44.102847841097,
    3.548576613728));
#1264 = SURFACE_CURVE('',#1265,(#1269,#1276),.PCURVE_S1.);
#1265 = LINE('',#1266,#1267);
#1266 = CARTESIAN_POINT('',(57.504615187997,44.158974686672,
    3.785099100484));
#1267 = VECTOR('',#1268,1.);
#1268 = DIRECTION('',(0.137222581639,-0.228704302732,-0.963776065795));
#1269 = PCURVE('',#44,#1270);
#1270 = DEFINITIONAL_REPRESENTATION('',(#1271),#1275);
#1271 = LINE('',#1272,#1273);
#1272 = CARTESIAN_POINT('',(-1.371376482107,-5.789361149298));
#1273 = VECTOR('',#1274,1.);
#1274 = DIRECTION('',(0.266712757475,-0.963776065795));
#1275 = ( GEOMETRIC_REPRESENTATION_CONTEXT(2) 
PARAMETRIC_REPRESENTATION_CONTEXT() REPRESENTATION_CONTEXT('2D SPACE',''
  ) );
#1276 = PCURVE('',#1277,#1282);
#1277 = PLANE('',#1278);
#1278 = AXIS2_PLACEMENT_3D('',#1279,#1280,#1281);
#1279 = CARTESIAN_POINT('',(7.504615187997,14.158974686672,
    3.785099100484));
#1280 = DIRECTION('',(-0.495858695034,0.826431158391,-0.266712757475));
#1281 = DIRECTION('',(0.137222581639,-0.228704302732,-0.963776065795));
#1282 = DEFINITIONAL_REPRESENTATION('',(#1283),#1287);
#1283 = LINE('',#1284,#1285);
#1284 = CARTESIAN_POINT('',(1.016871686249E-15,-58.30951894845));
#1285 = VECTOR('',#1286,1.);
#1286 = DIRECTION('',(1.,-4.021664579641E-18));
#1287 = ( GEOMETRIC_REPRESENTATION_CONTEXT(2) 
PARAMETRIC_REPRESENTATION_CONTEXT() REPRESENTATION_CONTEXT('2D SPACE',''
  ) );
#1288 = ORIENTED_EDGE('',*,*,#1289,.T.);
#1289 = EDGE_CURVE('',#1262,#1290,#1292,.T.);
#1290 = VERTEX_POINT('',#1291);
#1291 = CARTESIAN_POINT('',(57.577897874577,44.036836875705,
    3.315550733039));
#1292 = SURFACE_CURVE('',#1293,(#1297,#1304),.PCURVE_S1.);
#1293 = LINE('',#1294,#1295);
#1294 = CARTESIAN_POINT('',(57.538291295342,44.102847841097,
    3.548576613728));
#1295 = VECTOR('',#1296,1.);
#1296 = DIRECTION('',(0.16138792399,-0.268979873317,-0.949528180593));
#1297 = PCURVE('',#44,#1298);
#1298 = DEFINITIONAL_REPRESENTATION('',(#1299),#1303);
#1299 = LINE('',#1300,#1301);
#1300 = CARTESIAN_POINT('',(-1.305921894796,-6.025883636054));
#1301 = VECTOR('',#1302,1.);
#1302 = DIRECTION('',(0.313681740399,-0.949528180593));
#1303 = ( GEOMETRIC_REPRESENTATION_CONTEXT(2) 
PARAMETRIC_REPRESENTATION_CONTEXT() REPRESENTATION_CONTEXT('2D SPACE',''
  ) );
#1304 = PCURVE('',#1305,#1310);
#1305 = PLANE('',#1306);
#1306 = AXIS2_PLACEMENT_3D('',#1307,#1308,#1309);
#1307 = CARTESIAN_POINT('',(7.538291295342,14.102847841097,
    3.548576613728));
#1308 = DIRECTION('',(-0.488528218574,0.814213697623,-0.313681740399));
#1309 = DIRECTION('',(0.16138792399,-0.268979873317,-0.949528180593));
#1310 = DEFINITIONAL_REPRESENTATION('',(#1311),#1315);
#1311 = LINE('',#1312,#1313);
#1312 = CARTESIAN_POINT('',(-4.847265924977E-16,-58.30951894845));
#1313 = VECTOR('',#1314,1.);
#1314 = DIRECTION('',(1.,2.21520780156E-17));
#1315 = ( GEOMETRIC_REPRESENTATION_CONTEXT(2) 
PARAMETRIC_REPRESENTATION_CONTEXT() REPRESENTATION_CONTEXT('2D SPACE',''
  ) );
#1316 = ORIENTED_EDGE('',*,*,#1317,.T.);
#1317 = EDGE_CURVE('',#1290,#1318,#1320,.T.);
#1318 = VERTEX_POINT('',#1319);
#1319 = CARTESIAN_POINT('',(57.623339509983,43.961100816695,
    3.086582838175));
#1320 = SURFACE_CURVE('',#1321,(#1325,#1332),.PCURVE_S1.);
#1321 = LINE('',#1322,#1323);
#1322 = CARTESIAN_POINT('',(57.577897874577,44.036836875705,
    3.315550733039));
#1323 = VECTOR('',#1324,1.);
#1324 = DIRECTION('',(0.185164468697,-0.308607447828,-0.932992798835));
#1325 = PCURVE('',#44,#1326);
#1326 = DEFINITIONAL_REPRESENTATION('',(#1327),#1331);
#1327 = LINE('',#1328,#1329);
#1328 = CARTESIAN_POINT('',(-1.22894054205,-6.258909516743));
#1329 = VECTOR('',#1330,1.);
#1330 = DIRECTION('',(0.359895036535,-0.932992798835));
#1331 = ( GEOMETRIC_REPRESENTATION_CONTEXT(2) 
PARAMETRIC_REPRESENTATION_CONTEXT() REPRESENTATION_CONTEXT('2D SPACE',''
  ) );
#1332 = PCURVE('',#1333,#1338);
#1333 = PLANE('',#1334);
#1334 = AXIS2_PLACEMENT_3D('',#1335,#1336,#1337);
#1335 = CARTESIAN_POINT('',(7.577897874577,14.036836875705,
    3.315550733039));
#1336 = DIRECTION('',(-0.480020834845,0.800034724742,-0.359895036535));
#1337 = DIRECTION('',(0.185164468697,-0.308607447828,-0.932992798835));
#1338 = DEFINITIONAL_REPRESENTATION('',(#1339),#1343);
#1339 = LINE('',#1340,#1341);
#1340 = CARTESIAN_POINT('',(8.904468351462E-16,-58.30951894845));
#1341 = VECTOR('',#1342,1.);
#1342 = DIRECTION('',(1.,-7.439293754936E-18));
#1343 = ( GEOMETRIC_REPRESENTATION_CONTEXT(2) 
PARAMETRIC_REPRESENTATION_CONTEXT() REPRESENTATION_CONTEXT('2D SPACE',''
  ) );
#1344 = ORIENTED_EDGE('',*,*,#1345,.T.);
#1345 = EDGE_CURVE('',#1318,#1346,#1348,.T.);
#1346 = VERTEX_POINT('',#1347);
#1347 = CARTESIAN_POINT('',(57.67450672868,43.875822118866,
    2.862224532849));
#1348 = SURFACE_CURVE('',#1349,(#1353,#1360),.PCURVE_S1.);
#1349 = LINE('',#1350,#1351);
#1350 = CARTESIAN_POINT('',(57.623339509983,43.961100816695,
    3.086582838175));
#1351 = VECTOR('',#1352,1.);
#1352 = DIRECTION('',(0.208494935979,-0.347491559966,-0.914209755704));
#1353 = PCURVE('',#44,#1354);
#1354 = DEFINITIONAL_REPRESENTATION('',(#1355),#1359);
#1355 = LINE('',#1356,#1357);
#1356 = CARTESIAN_POINT('',(-1.140617878691,-6.487877411607));
#1357 = VECTOR('',#1358,1.);
#1358 = DIRECTION('',(0.405241314005,-0.914209755704));
#1359 = ( GEOMETRIC_REPRESENTATION_CONTEXT(2) 
PARAMETRIC_REPRESENTATION_CONTEXT() REPRESENTATION_CONTEXT('2D SPACE',''
  ) );
#1360 = PCURVE('',#1361,#1366);
#1361 = PLANE('',#1362);
#1362 = AXIS2_PLACEMENT_3D('',#1363,#1364,#1365);
#1363 = CARTESIAN_POINT('',(7.623339509983,13.961100816695,
    3.086582838175));
#1364 = DIRECTION('',(-0.47035703888,0.783928398133,-0.405241314005));
#1365 = DIRECTION('',(0.208494935979,-0.347491559966,-0.914209755704));
#1366 = DEFINITIONAL_REPRESENTATION('',(#1367),#1371);
#1367 = LINE('',#1368,#1369);
#1368 = CARTESIAN_POINT('',(-1.166780490561E-15,-58.30951894845));
#1369 = VECTOR('',#1370,1.);
#1370 = DIRECTION('',(1.,1.823094516501E-17));
#1371 = ( GEOMETRIC_REPRESENTATION_CONTEXT(2) 
PARAMETRIC_REPRESENTATION_CONTEXT() REPRESENTATION_CONTEXT('2D SPACE',''
  ) );
#1372 = ORIENTED_EDGE('',*,*,#1373,.T.);
#1373 = EDGE_CURVE('',#1346,#1374,#1376,.T.);
#1374 = VERTEX_POINT('',#1375);
#1375 = CARTESIAN_POINT('',(57.731276264357,43.781206226071,
    2.64301631587));
#1376 = SURFACE_CURVE('',#1377,(#1381,#1388),.PCURVE_S1.);
#1377 = LINE('',#1378,#1379);
#1378 = CARTESIAN_POINT('',(57.67450672868,43.875822118866,
    2.862224532849));
#1379 = VECTOR('',#1380,1.);
#1380 = DIRECTION('',(0.231323120699,-0.385538534499,-0.893224301196));
#1381 = PCURVE('',#44,#1382);
#1382 = DEFINITIONAL_REPRESENTATION('',(#1383),#1387);
#1383 = LINE('',#1384,#1385);
#1384 = CARTESIAN_POINT('',(-1.041166681752,-6.712235716933));
#1385 = VECTOR('',#1386,1.);
#1386 = DIRECTION('',(0.449611329655,-0.893224301196));
#1387 = ( GEOMETRIC_REPRESENTATION_CONTEXT(2) 
PARAMETRIC_REPRESENTATION_CONTEXT() REPRESENTATION_CONTEXT('2D SPACE',''
  ) );
#1388 = PCURVE('',#1389,#1394);
#1389 = PLANE('',#1390);
#1390 = AXIS2_PLACEMENT_3D('',#1391,#1392,#1393);
#1391 = CARTESIAN_POINT('',(7.67450672868,13.875822118866,2.862224532849
    ));
#1392 = DIRECTION('',(-0.45956011161,0.76593351935,-0.449611329655));
#1393 = DIRECTION('',(0.231323120699,-0.385538534499,-0.893224301196));
#1394 = DEFINITIONAL_REPRESENTATION('',(#1395),#1399);
#1395 = LINE('',#1396,#1397);
#1396 = CARTESIAN_POINT('',(3.138714616233E-15,-58.30951894845));
#1397 = VECTOR('',#1398,1.);
#1398 = DIRECTION('',(1.,-1.185448392832E-17));
#1399 = ( GEOMETRIC_REPRESENTATION_CONTEXT(2) 
PARAMETRIC_REPRESENTATION_CONTEXT() REPRESENTATION_CONTEXT('2D SPACE',''
  ) );
#1400 = ORIENTED_EDGE('',*,*,#1401,.T.);
#1401 = EDGE_CURVE('',#1374,#1402,#1404,.T.);
#1402 = VERTEX_POINT('',#1403);
#1403 = CARTESIAN_POINT('',(57.793511354231,43.677481076282,
    2.429486279034));
#1404 = SURFACE_CURVE('',#1405,(#1409,#1416),.PCURVE_S1.);
#1405 = LINE('',#1406,#1407);
#1406 = CARTESIAN_POINT('',(57.731276264357,43.781206226071,
    2.64301631587));
#1407 = VECTOR('',#1408,1.);
#1408 = DIRECTION('',(0.25359402776,-0.422656712934,-0.870086991109));
#1409 = PCURVE('',#44,#1410);
#1410 = DEFINITIONAL_REPRESENTATION('',(#1411),#1415);
#1411 = LINE('',#1412,#1413);
#1412 = CARTESIAN_POINT('',(-0.930826537876,-6.931443933912));
#1413 = VECTOR('',#1414,1.);
#1414 = DIRECTION('',(0.49289819223,-0.870086991109));
#1415 = ( GEOMETRIC_REPRESENTATION_CONTEXT(2) 
PARAMETRIC_REPRESENTATION_CONTEXT() REPRESENTATION_CONTEXT('2D SPACE',''
  ) );
#1416 = PCURVE('',#1417,#1422);
#1417 = PLANE('',#1418);
#1418 = AXIS2_PLACEMENT_3D('',#1419,#1420,#1421);
#1419 = CARTESIAN_POINT('',(7.731276264357,13.781206226071,2.64301631587
    ));
#1420 = DIRECTION('',(-0.447656063778,0.74609343963,-0.49289819223));
#1421 = DIRECTION('',(0.25359402776,-0.422656712934,-0.870086991109));
#1422 = DEFINITIONAL_REPRESENTATION('',(#1423),#1427);
#1423 = LINE('',#1424,#1425);
#1424 = CARTESIAN_POINT('',(-6.337964292628E-15,-58.30951894845));
#1425 = VECTOR('',#1426,1.);
#1426 = DIRECTION('',(1.,1.333233424868E-17));
#1427 = ( GEOMETRIC_REPRESENTATION_CONTEXT(2) 
PARAMETRIC_REPRESENTATION_CONTEXT() REPRESENTATION_CONTEXT('2D SPACE',''
  ) );
#1428 = ORIENTED_EDGE('',*,*,#1429,.T.);
#1429 = EDGE_CURVE('',#1402,#1430,#1432,.T.);
#1430 = VERTEX_POINT('',#1431);
#1431 = CARTESIAN_POINT('',(57.861062068517,43.564896552472,
    2.222148834902));
#1432 = SURFACE_CURVE('',#1433,(#1437,#1444),.PCURVE_S1.);
#1433 = LINE('',#1434,#1435);
#1434 = CARTESIAN_POINT('',(57.793511354231,43.677481076282,
    2.429486279034));
#1435 = VECTOR('',#1436,1.);
#1436 = DIRECTION('',(0.275254004596,-0.458756674326,-0.84485356525));
#1437 = PCURVE('',#44,#1438);
#1438 = DEFINITIONAL_REPRESENTATION('',(#1439),#1443);
#1439 = LINE('',#1440,#1441);
#1440 = CARTESIAN_POINT('',(-0.809863266136,-7.144973970748));
#1441 = VECTOR('',#1442,1.);
#1442 = DIRECTION('',(0.534997619887,-0.84485356525));
#1443 = ( GEOMETRIC_REPRESENTATION_CONTEXT(2) 
PARAMETRIC_REPRESENTATION_CONTEXT() REPRESENTATION_CONTEXT('2D SPACE',''
  ) );
#1444 = PCURVE('',#1445,#1450);
#1445 = PLANE('',#1446);
#1446 = AXIS2_PLACEMENT_3D('',#1447,#1448,#1449);
#1447 = CARTESIAN_POINT('',(7.793511354231,13.677481076282,
    2.429486279034));
#1448 = DIRECTION('',(-0.434673573279,0.724455955465,-0.534997619887));
#1449 = DIRECTION('',(0.275254004596,-0.458756674326,-0.84485356525));
#1450 = DEFINITIONAL_REPRESENTATION('',(#1451),#1455);
#1451 = LINE('',#1452,#1453);
#1452 = CARTESIAN_POINT('',(-9.495705479685E-16,-58.30951894845));
#1453 = VECTOR('',#1454,1.);
#1454 = DIRECTION('',(1.,-7.273586563609E-17));
#1455 = ( GEOMETRIC_REPRESENTATION_CONTEXT(2) 
PARAMETRIC_REPRESENTATION_CONTEXT() REPRESENTATION_CONTEXT('2D SPACE',''
  ) );
#1456 = ORIENTED_EDGE('',*,*,#1457,.T.);
#1457 = EDGE_CURVE('',#1430,#1458,#1460,.T.);
#1458 = VERTEX_POINT('',#1459);
#1459 = CARTESIAN_POINT('',(57.933765671629,43.443723880618,
    2.021503477538));
#1460 = SURFACE_CURVE('',#1461,(#1465,#1472),.PCURVE_S1.);
#1461 = LINE('',#1462,#1463);
#1462 = CARTESIAN_POINT('',(57.861062068517,43.564896552472,
    2.222148834902));
#1463 = VECTOR('',#1464,1.);
#1464 = DIRECTION('',(0.296250870425,-0.493751450708,-0.817584813152));
#1465 = PCURVE('',#44,#1466);
#1466 = DEFINITIONAL_REPRESENTATION('',(#1467),#1471);
#1467 = LINE('',#1468,#1469);
#1468 = CARTESIAN_POINT('',(-0.678568277647,-7.35231141488));
#1469 = VECTOR('',#1470,1.);
#1470 = DIRECTION('',(0.575808191418,-0.817584813152));
#1471 = ( GEOMETRIC_REPRESENTATION_CONTEXT(2) 
PARAMETRIC_REPRESENTATION_CONTEXT() REPRESENTATION_CONTEXT('2D SPACE',''
  ) );
#1472 = PCURVE('',#1473,#1478);
#1473 = PLANE('',#1474);
#1474 = AXIS2_PLACEMENT_3D('',#1475,#1476,#1477);
#1475 = CARTESIAN_POINT('',(7.861062068517,13.564896552472,
    2.222148834902));
#1476 = DIRECTION('',(-0.420643916068,0.701073193447,-0.575808191418));
#1477 = DIRECTION('',(0.296250870425,-0.493751450708,-0.817584813152));
#1478 = DEFINITIONAL_REPRESENTATION('',(#1479),#1483);
#1479 = LINE('',#1480,#1481);
#1480 = CARTESIAN_POINT('',(-6.172370092184E-15,-58.30951894845));
#1481 = VECTOR('',#1482,1.);
#1482 = DIRECTION('',(1.,-2.025215404804E-17));
#1483 = ( GEOMETRIC_REPRESENTATION_CONTEXT(2) 
PARAMETRIC_REPRESENTATION_CONTEXT() REPRESENTATION_CONTEXT('2D SPACE',''
  ) );
#1484 = ORIENTED_EDGE('',*,*,#1485,.T.);
#1485 = EDGE_CURVE('',#1458,#1486,#1488,.T.);
#1486 = VERTEX_POINT('',#1487);
#1487 = CARTESIAN_POINT('',(58.011447014219,43.314254976302,
    1.828033579182));
#1488 = SURFACE_CURVE('',#1489,(#1493,#1500),.PCURVE_S1.);
#1489 = LINE('',#1490,#1491);
#1490 = CARTESIAN_POINT('',(57.933765671629,43.443723880618,
    2.021503477538));
#1491 = VECTOR('',#1492,1.);
#1492 = DIRECTION('',(0.316534041959,-0.527556736598,-0.788346427627));
#1493 = PCURVE('',#44,#1494);
#1494 = DEFINITIONAL_REPRESENTATION('',(#1495),#1499);
#1495 = LINE('',#1496,#1497);
#1496 = CARTESIAN_POINT('',(-0.537257873538,-7.552956772244));
#1497 = VECTOR('',#1498,1.);
#1498 = DIRECTION('',(0.615231590581,-0.788346427627));
#1499 = ( GEOMETRIC_REPRESENTATION_CONTEXT(2) 
PARAMETRIC_REPRESENTATION_CONTEXT() REPRESENTATION_CONTEXT('2D SPACE',''
  ) );
#1500 = PCURVE('',#1501,#1506);
#1501 = PLANE('',#1502);
#1502 = AXIS2_PLACEMENT_3D('',#1503,#1504,#1505);
#1503 = CARTESIAN_POINT('',(7.933765671629,13.443723880618,
    2.021503477538));
#1504 = DIRECTION('',(-0.40560089082,0.676001484701,-0.615231590581));
#1505 = DIRECTION('',(0.316534041959,-0.527556736598,-0.788346427627));
#1506 = DEFINITIONAL_REPRESENTATION('',(#1507),#1511);
#1507 = LINE('',#1508,#1509);
#1508 = CARTESIAN_POINT('',(-4.175277576858E-15,-58.30951894845));
#1509 = VECTOR('',#1510,1.);
#1510 = DIRECTION('',(1.,3.201288430195E-17));
#1511 = ( GEOMETRIC_REPRESENTATION_CONTEXT(2) 
PARAMETRIC_REPRESENTATION_CONTEXT() REPRESENTATION_CONTEXT('2D SPACE',''
  ) );
#1512 = ORIENTED_EDGE('',*,*,#1513,.T.);
#1513 = EDGE_CURVE('',#1486,#1514,#1516,.T.);
#1514 = VERTEX_POINT('',#1515);
#1515 = CARTESIAN_POINT('',(58.093918955128,43.176801741453,
    1.642205225765));
#1516 = SURFACE_CURVE('',#1517,(#1521,#1528),.PCURVE_S1.);
#1517 = LINE('',#1518,#1519);
#1518 = CARTESIAN_POINT('',(58.011447014219,43.314254976302,
    1.828033579182));
#1519 = VECTOR('',#1520,1.);
#1520 = DIRECTION('',(0.33605465526,-0.5600910921,-0.757208846506));
#1521 = PCURVE('',#44,#1522);
#1522 = DEFINITIONAL_REPRESENTATION('',(#1523),#1527);
#1523 = LINE('',#1524,#1525);
#1524 = CARTESIAN_POINT('',(-0.386272482948,-7.7464266706));
#1525 = VECTOR('',#1526,1.);
#1526 = DIRECTION('',(0.653172842954,-0.757208846506));
#1527 = ( GEOMETRIC_REPRESENTATION_CONTEXT(2) 
PARAMETRIC_REPRESENTATION_CONTEXT() REPRESENTATION_CONTEXT('2D SPACE',''
  ) );
#1528 = PCURVE('',#1529,#1534);
#1529 = PLANE('',#1530);
#1530 = AXIS2_PLACEMENT_3D('',#1531,#1532,#1533);
#1531 = CARTESIAN_POINT('',(8.011447014219,13.314254976302,
    1.828033579182));
#1532 = DIRECTION('',(-0.3895807375,0.649301229166,-0.653172842954));
#1533 = DIRECTION('',(0.33605465526,-0.5600910921,-0.757208846506));
#1534 = DEFINITIONAL_REPRESENTATION('',(#1535),#1539);
#1535 = LINE('',#1536,#1537);
#1536 = CARTESIAN_POINT('',(-4.203353479207E-15,-58.30951894845));
#1537 = VECTOR('',#1538,1.);
#1538 = DIRECTION('',(1.,2.855591835288E-17));
#1539 = ( GEOMETRIC_REPRESENTATION_CONTEXT(2) 
PARAMETRIC_REPRESENTATION_CONTEXT() REPRESENTATION_CONTEXT('2D SPACE',''
  ) );
#1540 = ORIENTED_EDGE('',*,*,#1541,.T.);
#1541 = EDGE_CURVE('',#1514,#1542,#1544,.T.);
#1542 = VERTEX_POINT('',#1543);
#1543 = CARTESIAN_POINT('',(58.180982812228,43.031695312954,
    1.464466094067));
#1544 = SURFACE_CURVE('',#1545,(#1549,#1556),.PCURVE_S1.);
#1545 = LINE('',#1546,#1547);
#1546 = CARTESIAN_POINT('',(58.093918955128,43.176801741453,
    1.642205225765));
#1547 = VECTOR('',#1548,1.);
#1548 = DIRECTION('',(0.354765683462,-0.591276139104,-0.724247082951));
#1549 = PCURVE('',#44,#1550);
#1550 = DEFINITIONAL_REPRESENTATION('',(#1551),#1555);
#1551 = LINE('',#1552,#1553);
#1552 = CARTESIAN_POINT('',(-0.225975842909,-7.932255024017));
#1553 = VECTOR('',#1554,1.);
#1554 = DIRECTION('',(0.689540544737,-0.724247082951));
#1555 = ( GEOMETRIC_REPRESENTATION_CONTEXT(2) 
PARAMETRIC_REPRESENTATION_CONTEXT() REPRESENTATION_CONTEXT('2D SPACE',''
  ) );
#1556 = PCURVE('',#1557,#1562);
#1557 = PLANE('',#1558);
#1558 = AXIS2_PLACEMENT_3D('',#1559,#1560,#1561);
#1559 = CARTESIAN_POINT('',(8.093918955128,13.176801741453,
    1.642205225765));
#1560 = DIRECTION('',(-0.372622050059,0.621036750099,-0.689540544737));
#1561 = DIRECTION('',(0.354765683462,-0.591276139104,-0.724247082951));
#1562 = DEFINITIONAL_REPRESENTATION('',(#1563),#1567);
#1563 = LINE('',#1564,#1565);
#1564 = CARTESIAN_POINT('',(3.364105307592E-16,-58.30951894845));
#1565 = VECTOR('',#1566,1.);
#1566 = DIRECTION('',(1.,2.489642746977E-17));
#1567 = ( GEOMETRIC_REPRESENTATION_CONTEXT(2) 
PARAMETRIC_REPRESENTATION_CONTEXT() REPRESENTATION_CONTEXT('2D SPACE',''
  ) );
#1568 = ORIENTED_EDGE('',*,*,#1569,.T.);
#1569 = EDGE_CURVE('',#1542,#1570,#1572,.T.);
#1570 = VERTEX_POINT('',#1571);
#1571 = CARTESIAN_POINT('',(58.272428841059,42.879285264901,
    1.295244373225));
#1572 = SURFACE_CURVE('',#1573,(#1577,#1584),.PCURVE_S1.);
#1573 = LINE('',#1574,#1575);
#1574 = CARTESIAN_POINT('',(58.180982812228,43.031695312954,
    1.464466094067));
#1575 = VECTOR('',#1576,1.);
#1576 = DIRECTION('',(0.372622050059,-0.621036750099,-0.689540544737));
#1577 = PCURVE('',#44,#1578);
#1578 = DEFINITIONAL_REPRESENTATION('',(#1579),#1583);
#1579 = LINE('',#1580,#1581);
#1580 = CARTESIAN_POINT('',(-5.675412206727E-02,-8.109994155715));
#1581 = VECTOR('',#1582,1.);
#1582 = DIRECTION('',(0.724247082951,-0.689540544737));
#1583 = ( GEOMETRIC_REPRESENTATION_CONTEXT(2) 
PARAMETRIC_REPRESENTATION_CONTEXT() REPRESENTATION_CONTEXT('2D SPACE',''
  ) );
#1584 = PCURVE('',#1585,#1590);
#1585 = PLANE('',#1586);
#1586 = AXIS2_PLACEMENT_3D('',#1587,#1588,#1589);
#1587 = CARTESIAN_POINT('',(8.180982812228,13.031695312954,
    1.464466094067));
#1588 = DIRECTION('',(-0.354765683462,0.591276139104,-0.724247082951));
#1589 = DIRECTION('',(0.372622050059,-0.621036750099,-0.689540544737));
#1590 = DEFINITIONAL_REPRESENTATION('',(#1591),#1595);
#1591 = LINE('',#1592,#1593);
#1592 = CARTESIAN_POINT('',(1.256082311262E-15,-58.30951894845));
#1593 = VECTOR('',#1594,1.);
#1594 = DIRECTION('',(1.,7.655437891797E-17));
#1595 = ( GEOMETRIC_REPRESENTATION_CONTEXT(2) 
PARAMETRIC_REPRESENTATION_CONTEXT() REPRESENTATION_CONTEXT('2D SPACE',''
  ) );
#1596 = ORIENTED_EDGE('',*,*,#1597,.T.);
#1597 = EDGE_CURVE('',#1570,#1598,#1600,.T.);
#1598 = VERTEX_POINT('',#1599);
#1599 = CARTESIAN_POINT('',(58.36803674013,42.719938766449,
    1.134947733186));
#1600 = SURFACE_CURVE('',#1601,(#1605,#1612),.PCURVE_S1.);
#1601 = LINE('',#1602,#1603);
#1602 = CARTESIAN_POINT('',(58.272428841059,42.879285264901,
    1.295244373225));
#1603 = VECTOR('',#1604,1.);
#1604 = DIRECTION('',(0.3895807375,-0.649301229166,-0.653172842954));
#1605 = PCURVE('',#44,#1606);
#1606 = DEFINITIONAL_REPRESENTATION('',(#1607),#1611);
#1607 = LINE('',#1608,#1609);
#1608 = CARTESIAN_POINT('',(0.12098500963,-8.279215876557));
#1609 = VECTOR('',#1610,1.);
#1610 = DIRECTION('',(0.757208846506,-0.653172842954));
#1611 = ( GEOMETRIC_REPRESENTATION_CONTEXT(2) 
PARAMETRIC_REPRESENTATION_CONTEXT() REPRESENTATION_CONTEXT('2D SPACE',''
  ) );
#1612 = PCURVE('',#1613,#1618);
#1613 = PLANE('',#1614);
#1614 = AXIS2_PLACEMENT_3D('',#1615,#1616,#1617);
#1615 = CARTESIAN_POINT('',(8.272428841059,12.879285264901,
    1.295244373225));
#1616 = DIRECTION('',(-0.33605465526,0.5600910921,-0.757208846506));
#1617 = DIRECTION('',(0.3895807375,-0.649301229166,-0.653172842954));
#1618 = DEFINITIONAL_REPRESENTATION('',(#1619),#1623);
#1619 = LINE('',#1620,#1621);
#1620 = CARTESIAN_POINT('',(2.247412126048E-15,-58.30951894845));
#1621 = VECTOR('',#1622,1.);
#1622 = DIRECTION('',(1.,1.700560169946E-17));
#1623 = ( GEOMETRIC_REPRESENTATION_CONTEXT(2) 
PARAMETRIC_REPRESENTATION_CONTEXT() REPRESENTATION_CONTEXT('2D SPACE',''
  ) );
#1624 = ORIENTED_EDGE('',*,*,#1625,.T.);
#1625 = EDGE_CURVE('',#1598,#1626,#1628,.T.);
#1626 = VERTEX_POINT('',#1627);
#1627 = CARTESIAN_POINT('',(58.467576181638,42.554039697271,
    0.983962342597));
#1628 = SURFACE_CURVE('',#1629,(#1633,#1640),.PCURVE_S1.);
#1629 = LINE('',#1630,#1631);
#1630 = CARTESIAN_POINT('',(58.36803674013,42.719938766449,
    1.134947733186));
#1631 = VECTOR('',#1632,1.);
#1632 = DIRECTION('',(0.40560089082,-0.676001484701,-0.615231590581));
#1633 = PCURVE('',#44,#1634);
#1634 = DEFINITIONAL_REPRESENTATION('',(#1635),#1639);
#1635 = LINE('',#1636,#1637);
#1636 = CARTESIAN_POINT('',(0.306813363047,-8.439512516596));
#1637 = VECTOR('',#1638,1.);
#1638 = DIRECTION('',(0.788346427627,-0.615231590581));
#1639 = ( GEOMETRIC_REPRESENTATION_CONTEXT(2) 
PARAMETRIC_REPRESENTATION_CONTEXT() REPRESENTATION_CONTEXT('2D SPACE',''
  ) );
#1640 = PCURVE('',#1641,#1646);
#1641 = PLANE('',#1642);
#1642 = AXIS2_PLACEMENT_3D('',#1643,#1644,#1645);
#1643 = CARTESIAN_POINT('',(8.36803674013,12.719938766449,1.134947733186
    ));
#1644 = DIRECTION('',(-0.316534041959,0.527556736598,-0.788346427627));
#1645 = DIRECTION('',(0.40560089082,-0.676001484701,-0.615231590581));
#1646 = DEFINITIONAL_REPRESENTATION('',(#1647),#1651);
#1647 = LINE('',#1648,#1649);
#1648 = CARTESIAN_POINT('',(9.571454249109E-16,-58.30951894845));
#1649 = VECTOR('',#1650,1.);
#1650 = DIRECTION('',(1.,-4.271787472858E-17));
#1651 = ( GEOMETRIC_REPRESENTATION_CONTEXT(2) 
PARAMETRIC_REPRESENTATION_CONTEXT() REPRESENTATION_CONTEXT('2D SPACE',''
  ) );
#1652 = ORIENTED_EDGE('',*,*,#1653,.T.);
#1653 = EDGE_CURVE('',#1626,#1654,#1656,.T.);
#1654 = VERTEX_POINT('',#1655);
#1655 = CARTESIAN_POINT('',(58.570807366348,42.381987722754,
    0.842651938487));
#1656 = SURFACE_CURVE('',#1657,(#1661,#1668),.PCURVE_S1.);
#1657 = LINE('',#1658,#1659);
#1658 = CARTESIAN_POINT('',(58.467576181638,42.554039697271,
    0.983962342597));
#1659 = VECTOR('',#1660,1.);
#1660 = DIRECTION('',(0.420643916068,-0.701073193447,-0.575808191418));
#1661 = PCURVE('',#44,#1662);
#1662 = DEFINITIONAL_REPRESENTATION('',(#1663),#1667);
#1663 = LINE('',#1664,#1665);
#1664 = CARTESIAN_POINT('',(0.500283261403,-8.590497907185));
#1665 = VECTOR('',#1666,1.);
#1666 = DIRECTION('',(0.817584813152,-0.575808191418));
#1667 = ( GEOMETRIC_REPRESENTATION_CONTEXT(2) 
PARAMETRIC_REPRESENTATION_CONTEXT() REPRESENTATION_CONTEXT('2D SPACE',''
  ) );
#1668 = PCURVE('',#1669,#1674);
#1669 = PLANE('',#1670);
#1670 = AXIS2_PLACEMENT_3D('',#1671,#1672,#1673);
#1671 = CARTESIAN_POINT('',(8.467576181638,12.554039697271,
    0.983962342597));
#1672 = DIRECTION('',(-0.296250870425,0.493751450708,-0.817584813152));
#1673 = DIRECTION('',(0.420643916068,-0.701073193447,-0.575808191418));
#1674 = DEFINITIONAL_REPRESENTATION('',(#1675),#1679);
#1675 = LINE('',#1676,#1677);
#1676 = CARTESIAN_POINT('',(2.924085682132E-16,-58.30951894845));
#1677 = VECTOR('',#1678,1.);
#1678 = DIRECTION('',(1.,8.416399956728E-18));
#1679 = ( GEOMETRIC_REPRESENTATION_CONTEXT(2) 
PARAMETRIC_REPRESENTATION_CONTEXT() REPRESENTATION_CONTEXT('2D SPACE',''
  ) );
#1680 = ORIENTED_EDGE('',*,*,#1681,.T.);
#1681 = EDGE_CURVE('',#1654,#1682,#1684,.T.);
#1682 = VERTEX_POINT('',#1683);
#1683 = CARTESIAN_POINT('',(58.677481601295,42.204197331175,
    0.711356949999));
#1684 = SURFACE_CURVE('',#1685,(#1689,#1696),.PCURVE_S1.);
#1685 = LINE('',#1686,#1687);
#1686 = CARTESIAN_POINT('',(58.570807366348,42.381987722754,
    0.842651938487));
#1687 = VECTOR('',#1688,1.);
#1688 = DIRECTION('',(0.434673573279,-0.724455955465,-0.534997619887));
#1689 = PCURVE('',#44,#1690);
#1690 = DEFINITIONAL_REPRESENTATION('',(#1691),#1695);
#1691 = LINE('',#1692,#1693);
#1692 = CARTESIAN_POINT('',(0.700928618767,-8.731808311295));
#1693 = VECTOR('',#1694,1.);
#1694 = DIRECTION('',(0.84485356525,-0.534997619887));
#1695 = ( GEOMETRIC_REPRESENTATION_CONTEXT(2) 
PARAMETRIC_REPRESENTATION_CONTEXT() REPRESENTATION_CONTEXT('2D SPACE',''
  ) );
#1696 = PCURVE('',#1697,#1702);
#1697 = PLANE('',#1698);
#1698 = AXIS2_PLACEMENT_3D('',#1699,#1700,#1701);
#1699 = CARTESIAN_POINT('',(8.570807366348,12.381987722754,
    0.842651938487));
#1700 = DIRECTION('',(-0.275254004596,0.458756674326,-0.84485356525));
#1701 = DIRECTION('',(0.434673573279,-0.724455955465,-0.534997619887));
#1702 = DEFINITIONAL_REPRESENTATION('',(#1703),#1707);
#1703 = LINE('',#1704,#1705);
#1704 = CARTESIAN_POINT('',(-1.31781306209E-15,-58.30951894845));
#1705 = VECTOR('',#1706,1.);
#1706 = DIRECTION('',(1.,3.885516340573E-18));
#1707 = ( GEOMETRIC_REPRESENTATION_CONTEXT(2) 
PARAMETRIC_REPRESENTATION_CONTEXT() REPRESENTATION_CONTEXT('2D SPACE',''
  ) );
#1708 = ORIENTED_EDGE('',*,*,#1709,.T.);
#1709 = EDGE_CURVE('',#1682,#1710,#1712,.T.);
#1710 = VERTEX_POINT('',#1711);
#1711 = CARTESIAN_POINT('',(58.787341898903,42.021096835161,
    0.590393678258));
#1712 = SURFACE_CURVE('',#1713,(#1717,#1724),.PCURVE_S1.);
#1713 = LINE('',#1714,#1715);
#1714 = CARTESIAN_POINT('',(58.677481601295,42.204197331175,
    0.711356949999));
#1715 = VECTOR('',#1716,1.);
#1716 = DIRECTION('',(0.447656063778,-0.74609343963,-0.49289819223));
#1717 = PCURVE('',#44,#1718);
#1718 = DEFINITIONAL_REPRESENTATION('',(#1719),#1723);
#1719 = LINE('',#1720,#1721);
#1720 = CARTESIAN_POINT('',(0.908266062899,-8.863103299783));
#1721 = VECTOR('',#1722,1.);
#1722 = DIRECTION('',(0.870086991109,-0.49289819223));
#1723 = ( GEOMETRIC_REPRESENTATION_CONTEXT(2) 
PARAMETRIC_REPRESENTATION_CONTEXT() REPRESENTATION_CONTEXT('2D SPACE',''
  ) );
#1724 = PCURVE('',#1725,#1730);
#1725 = PLANE('',#1726);
#1726 = AXIS2_PLACEMENT_3D('',#1727,#1728,#1729);
#1727 = CARTESIAN_POINT('',(8.677481601295,12.204197331175,
    0.711356949999));
#1728 = DIRECTION('',(-0.25359402776,0.422656712934,-0.870086991109));
#1729 = DIRECTION('',(0.447656063778,-0.74609343963,-0.49289819223));
#1730 = DEFINITIONAL_REPRESENTATION('',(#1731),#1735);
#1731 = LINE('',#1732,#1733);
#1732 = CARTESIAN_POINT('',(5.976883010285E-16,-58.30951894845));
#1733 = VECTOR('',#1734,1.);
#1734 = DIRECTION('',(1.,5.472269218096E-17));
#1735 = ( GEOMETRIC_REPRESENTATION_CONTEXT(2) 
PARAMETRIC_REPRESENTATION_CONTEXT() REPRESENTATION_CONTEXT('2D SPACE',''
  ) );
#1736 = ORIENTED_EDGE('',*,*,#1737,.T.);
#1737 = EDGE_CURVE('',#1710,#1738,#1740,.T.);
#1738 = VERTEX_POINT('',#1739);
#1739 = CARTESIAN_POINT('',(58.900123596094,41.833127339844,
    0.480053534383));
#1740 = SURFACE_CURVE('',#1741,(#1745,#1752),.PCURVE_S1.);
#1741 = LINE('',#1742,#1743);
#1742 = CARTESIAN_POINT('',(58.787341898903,42.021096835161,
    0.590393678258));
#1743 = VECTOR('',#1744,1.);
#1744 = DIRECTION('',(0.45956011161,-0.76593351935,-0.449611329655));
#1745 = PCURVE('',#44,#1746);
#1746 = DEFINITIONAL_REPRESENTATION('',(#1747),#1751);
#1747 = LINE('',#1748,#1749);
#1748 = CARTESIAN_POINT('',(1.121796099735,-8.984066571524));
#1749 = VECTOR('',#1750,1.);
#1750 = DIRECTION('',(0.893224301196,-0.449611329655));
#1751 = ( GEOMETRIC_REPRESENTATION_CONTEXT(2) 
PARAMETRIC_REPRESENTATION_CONTEXT() REPRESENTATION_CONTEXT('2D SPACE',''
  ) );
#1752 = PCURVE('',#1753,#1758);
#1753 = PLANE('',#1754);
#1754 = AXIS2_PLACEMENT_3D('',#1755,#1756,#1757);
#1755 = CARTESIAN_POINT('',(8.787341898903,12.021096835161,
    0.590393678258));
#1756 = DIRECTION('',(-0.231323120699,0.385538534499,-0.893224301196));
#1757 = DIRECTION('',(0.45956011161,-0.76593351935,-0.449611329655));
#1758 = DEFINITIONAL_REPRESENTATION('',(#1759),#1763);
#1759 = LINE('',#1760,#1761);
#1760 = CARTESIAN_POINT('',(8.072850020687E-16,-58.30951894845));
#1761 = VECTOR('',#1762,1.);
#1762 = DIRECTION('',(1.,-6.110541743103E-17));
#1763 = ( GEOMETRIC_REPRESENTATION_CONTEXT(2) 
PARAMETRIC_REPRESENTATION_CONTEXT() REPRESENTATION_CONTEXT('2D SPACE',''
  ) );
#1764 = ORIENTED_EDGE('',*,*,#1765,.T.);
#1765 = EDGE_CURVE('',#1738,#1766,#1768,.T.);
#1766 = VERTEX_POINT('',#1767);
#1767 = CARTESIAN_POINT('',(59.015554991879,41.640741680202,
    0.380602337444));
#1768 = SURFACE_CURVE('',#1769,(#1773,#1780),.PCURVE_S1.);
#1769 = LINE('',#1770,#1771);
#1770 = CARTESIAN_POINT('',(58.900123596094,41.833127339844,
    0.480053534383));
#1771 = VECTOR('',#1772,1.);
#1772 = DIRECTION('',(0.47035703888,-0.783928398133,-0.405241314005));
#1773 = PCURVE('',#44,#1774);
#1774 = DEFINITIONAL_REPRESENTATION('',(#1775),#1779);
#1775 = LINE('',#1776,#1777);
#1776 = CARTESIAN_POINT('',(1.341004316714,-9.094406715399));
#1777 = VECTOR('',#1778,1.);
#1778 = DIRECTION('',(0.914209755704,-0.405241314005));
#1779 = ( GEOMETRIC_REPRESENTATION_CONTEXT(2) 
PARAMETRIC_REPRESENTATION_CONTEXT() REPRESENTATION_CONTEXT('2D SPACE',''
  ) );
#1780 = PCURVE('',#1781,#1786);
#1781 = PLANE('',#1782);
#1782 = AXIS2_PLACEMENT_3D('',#1783,#1784,#1785);
#1783 = CARTESIAN_POINT('',(8.900123596094,11.833127339844,
    0.480053534383));
#1784 = DIRECTION('',(-0.208494935979,0.347491559966,-0.914209755704));
#1785 = DIRECTION('',(0.47035703888,-0.783928398133,-0.405241314005));
#1786 = DEFINITIONAL_REPRESENTATION('',(#1787),#1791);
#1787 = LINE('',#1788,#1789);
#1788 = CARTESIAN_POINT('',(1.10071378531E-15,-58.30951894845));
#1789 = VECTOR('',#1790,1.);
#1790 = DIRECTION('',(1.,-1.052032749749E-17));
#1791 = ( GEOMETRIC_REPRESENTATION_CONTEXT(2) 
PARAMETRIC_REPRESENTATION_CONTEXT() REPRESENTATION_CONTEXT('2D SPACE',''
  ) );
#1792 = ORIENTED_EDGE('',*,*,#1793,.T.);
#1793 = EDGE_CURVE('',#1766,#1794,#1796,.T.);
#1794 = VERTEX_POINT('',#1795);
#1795 = CARTESIAN_POINT('',(59.133358001916,41.444403330141,
    0.292279674085));
#1796 = SURFACE_CURVE('',#1797,(#1801,#1808),.PCURVE_S1.);
#1797 = LINE('',#1798,#1799);
#1798 = CARTESIAN_POINT('',(59.015554991879,41.640741680202,
    0.380602337444));
#1799 = VECTOR('',#1800,1.);
#1800 = DIRECTION('',(0.480020834845,-0.800034724742,-0.359895036535));
#1801 = PCURVE('',#44,#1802);
#1802 = DEFINITIONAL_REPRESENTATION('',(#1803),#1807);
#1803 = LINE('',#1804,#1805);
#1804 = CARTESIAN_POINT('',(1.56536262204,-9.193857912338));
#1805 = VECTOR('',#1806,1.);
#1806 = DIRECTION('',(0.932992798835,-0.359895036535));
#1807 = ( GEOMETRIC_REPRESENTATION_CONTEXT(2) 
PARAMETRIC_REPRESENTATION_CONTEXT() REPRESENTATION_CONTEXT('2D SPACE',''
  ) );
#1808 = PCURVE('',#1809,#1814);
#1809 = PLANE('',#1810);
#1810 = AXIS2_PLACEMENT_3D('',#1811,#1812,#1813);
#1811 = CARTESIAN_POINT('',(9.015554991879,11.640741680202,
    0.380602337444));
#1812 = DIRECTION('',(-0.185164468697,0.308607447828,-0.932992798835));
#1813 = DIRECTION('',(0.480020834845,-0.800034724742,-0.359895036535));
#1814 = DEFINITIONAL_REPRESENTATION('',(#1815),#1819);
#1815 = LINE('',#1816,#1817);
#1816 = CARTESIAN_POINT('',(5.147564953155E-15,-58.30951894845));
#1817 = VECTOR('',#1818,1.);
#1818 = DIRECTION('',(1.,-1.555477563031E-17));
#1819 = ( GEOMETRIC_REPRESENTATION_CONTEXT(2) 
PARAMETRIC_REPRESENTATION_CONTEXT() REPRESENTATION_CONTEXT('2D SPACE',''
  ) );
#1820 = ORIENTED_EDGE('',*,*,#1821,.T.);
#1821 = EDGE_CURVE('',#1794,#1822,#1824,.T.);
#1822 = VERTEX_POINT('',#1823);
#1823 = CARTESIAN_POINT('',(59.253248828435,41.244585285942,
    0.215298321339));
#1824 = SURFACE_CURVE('',#1825,(#1829,#1836),.PCURVE_S1.);
#1825 = LINE('',#1826,#1827);
#1826 = CARTESIAN_POINT('',(59.133358001916,41.444403330141,
    0.292279674085));
#1827 = VECTOR('',#1828,1.);
#1828 = DIRECTION('',(0.488528218574,-0.814213697623,-0.313681740399));
#1829 = PCURVE('',#44,#1830);
#1830 = DEFINITIONAL_REPRESENTATION('',(#1831),#1835);
#1831 = LINE('',#1832,#1833);
#1832 = CARTESIAN_POINT('',(1.794330516904,-9.282180575697));
#1833 = VECTOR('',#1834,1.);
#1834 = DIRECTION('',(0.949528180593,-0.313681740399));
#1835 = ( GEOMETRIC_REPRESENTATION_CONTEXT(2) 
PARAMETRIC_REPRESENTATION_CONTEXT() REPRESENTATION_CONTEXT('2D SPACE',''
  ) );
#1836 = PCURVE('',#1837,#1842);
#1837 = PLANE('',#1838);
#1838 = AXIS2_PLACEMENT_3D('',#1839,#1840,#1841);
#1839 = CARTESIAN_POINT('',(9.133358001916,11.444403330141,
    0.292279674085));
#1840 = DIRECTION('',(-0.16138792399,0.268979873317,-0.949528180593));
#1841 = DIRECTION('',(0.488528218574,-0.814213697623,-0.313681740399));
#1842 = DEFINITIONAL_REPRESENTATION('',(#1843),#1847);
#1843 = LINE('',#1844,#1845);
#1844 = CARTESIAN_POINT('',(-5.86862067126E-15,-58.30951894845));
#1845 = VECTOR('',#1846,1.);
#1846 = DIRECTION('',(1.,3.482566905953E-17));
#1847 = ( GEOMETRIC_REPRESENTATION_CONTEXT(2) 
PARAMETRIC_REPRESENTATION_CONTEXT() REPRESENTATION_CONTEXT('2D SPACE',''
  ) );
#1848 = ORIENTED_EDGE('',*,*,#1849,.T.);
#1849 = EDGE_CURVE('',#1822,#1850,#1852,.T.);
#1850 = VERTEX_POINT('',#1851);
#1851 = CARTESIAN_POINT('',(59.374938643934,41.041768926777,
    0.149843734027));
#1852 = SURFACE_CURVE('',#1853,(#1857,#1864),.PCURVE_S1.);
#1853 = LINE('',#1854,#1855);
#1854 = CARTESIAN_POINT('',(59.253248828435,41.244585285942,
    0.215298321339));
#1855 = VECTOR('',#1856,1.);
#1856 = DIRECTION('',(0.495858695034,-0.826431158391,-0.266712757475));
#1857 = PCURVE('',#44,#1858);
#1858 = DEFINITIONAL_REPRESENTATION('',(#1859),#1863);
#1859 = LINE('',#1860,#1861);
#1860 = CARTESIAN_POINT('',(2.027356397593,-9.359161928443));
#1861 = VECTOR('',#1862,1.);
#1862 = DIRECTION('',(0.963776065795,-0.266712757475));
#1863 = ( GEOMETRIC_REPRESENTATION_CONTEXT(2) 
PARAMETRIC_REPRESENTATION_CONTEXT() REPRESENTATION_CONTEXT('2D SPACE',''
  ) );
#1864 = PCURVE('',#1865,#1870);
#1865 = PLANE('',#1866);
#1866 = AXIS2_PLACEMENT_3D('',#1867,#1868,#1869);
#1867 = CARTESIAN_POINT('',(9.253248828435,11.244585285942,
    0.215298321339));
#1868 = DIRECTION('',(-0.137222581639,0.228704302732,-0.963776065795));
#1869 = DIRECTION('',(0.495858695034,-0.826431158391,-0.266712757475));
#1870 = DEFINITIONAL_REPRESENTATION('',(#1871),#1875);
#1871 = LINE('',#1872,#1873);
#1872 = CARTESIAN_POINT('',(-5.536654995677E-15,-58.30951894845));
#1873 = VECTOR('',#1874,1.);
#1874 = DIRECTION('',(1.,2.961106443099E-17));
#1875 = ( GEOMETRIC_REPRESENTATION_CONTEXT(2) 
PARAMETRIC_REPRESENTATION_CONTEXT() REPRESENTATION_CONTEXT('2D SPACE',''
  ) );
#1876 = ORIENTED_EDGE('',*,*,#1877,.T.);
#1877 = EDGE_CURVE('',#1850,#1878,#1880,.T.);
#1878 = VERTEX_POINT('',#1879);
#1879 = CARTESIAN_POINT('',(59.498134286989,40.836442855019,
    9.607359798385E-02));
#1880 = SURFACE_CURVE('',#1881,(#1885,#1892),.PCURVE_S1.);
#1881 = LINE('',#1882,#1883);
#1882 = CARTESIAN_POINT('',(59.374938643934,41.041768926777,
    0.149843734027));
#1883 = VECTOR('',#1884,1.);
#1884 = DIRECTION('',(0.501994604466,-0.836657674111,-0.219101240157));
#1885 = PCURVE('',#44,#1886);
#1886 = DEFINITIONAL_REPRESENTATION('',(#1887),#1891);
#1887 = LINE('',#1888,#1889);
#1888 = CARTESIAN_POINT('',(2.263878884349,-9.424616515755));
#1889 = VECTOR('',#1890,1.);
#1890 = DIRECTION('',(0.975702130039,-0.219101240157));
#1891 = ( GEOMETRIC_REPRESENTATION_CONTEXT(2) 
PARAMETRIC_REPRESENTATION_CONTEXT() REPRESENTATION_CONTEXT('2D SPACE',''
  ) );
#1892 = PCURVE('',#1893,#1898);
#1893 = PLANE('',#1894);
#1894 = AXIS2_PLACEMENT_3D('',#1895,#1896,#1897);
#1895 = CARTESIAN_POINT('',(9.374938643934,11.041768926777,
    0.149843734027));
#1896 = DIRECTION('',(-0.11272665807,0.187877763449,-0.975702130039));
#1897 = DIRECTION('',(0.501994604466,-0.836657674111,-0.219101240157));
#1898 = DEFINITIONAL_REPRESENTATION('',(#1899),#1903);
#1899 = LINE('',#1900,#1901);
#1900 = CARTESIAN_POINT('',(2.354701314186E-15,-58.30951894845));
#1901 = VECTOR('',#1902,1.);
#1902 = DIRECTION('',(1.,-3.118602707665E-17));
#1903 = ( GEOMETRIC_REPRESENTATION_CONTEXT(2) 
PARAMETRIC_REPRESENTATION_CONTEXT() REPRESENTATION_CONTEXT('2D SPACE',''
  ) );
#1904 = ORIENTED_EDGE('',*,*,#1905,.T.);
#1905 = EDGE_CURVE('',#1878,#1906,#1908,.T.);
#1906 = VERTEX_POINT('',#1907);
#1907 = CARTESIAN_POINT('',(59.622538968504,40.62910171916,
    5.41174501761E-02));
#1908 = SURFACE_CURVE('',#1909,(#1913,#1920),.PCURVE_S1.);
#1909 = LINE('',#1910,#1911);
#1910 = CARTESIAN_POINT('',(59.498134286989,40.836442855019,
    9.607359798385E-02));
#1911 = VECTOR('',#1912,1.);
#1912 = DIRECTION('',(0.506921164927,-0.844868608211,-0.17096188876));
#1913 = PCURVE('',#44,#1914);
#1914 = DEFINITIONAL_REPRESENTATION('',(#1915),#1919);
#1915 = LINE('',#1916,#1917);
#1916 = CARTESIAN_POINT('',(2.503328173785,-9.478386651798));
#1917 = VECTOR('',#1918,1.);
#1918 = DIRECTION('',(0.985277642389,-0.17096188876));
#1919 = ( GEOMETRIC_REPRESENTATION_CONTEXT(2) 
PARAMETRIC_REPRESENTATION_CONTEXT() REPRESENTATION_CONTEXT('2D SPACE',''
  ) );
#1920 = PCURVE('',#1921,#1926);
#1921 = PLANE('',#1922);
#1922 = AXIS2_PLACEMENT_3D('',#1923,#1924,#1925);
#1923 = CARTESIAN_POINT('',(9.498134286989,10.836442855019,
    9.607359798385E-02));
#1924 = DIRECTION('',(-8.795916610705E-02,0.146598610178,-0.985277642389
    ));
#1925 = DIRECTION('',(0.506921164927,-0.844868608211,-0.17096188876));
#1926 = DEFINITIONAL_REPRESENTATION('',(#1927),#1931);
#1927 = LINE('',#1928,#1929);
#1928 = CARTESIAN_POINT('',(-1.224247572766E-15,-58.30951894845));
#1929 = VECTOR('',#1930,1.);
#1930 = DIRECTION('',(1.,1.898058252351E-17));
#1931 = ( GEOMETRIC_REPRESENTATION_CONTEXT(2) 
PARAMETRIC_REPRESENTATION_CONTEXT() REPRESENTATION_CONTEXT('2D SPACE',''
  ) );
#1932 = ORIENTED_EDGE('',*,*,#1933,.T.);
#1933 = EDGE_CURVE('',#1906,#1934,#1936,.T.);
#1934 = VERTEX_POINT('',#1935);
#1935 = CARTESIAN_POINT('',(59.747852986706,40.420245022156,
    2.407636663902E-02));
#1936 = SURFACE_CURVE('',#1937,(#1941,#1948),.PCURVE_S1.);
#1937 = LINE('',#1938,#1939);
#1938 = CARTESIAN_POINT('',(59.622538968504,40.62910171916,
    5.41174501761E-02));
#1939 = VECTOR('',#1940,1.);
#1940 = DIRECTION('',(0.5106265079,-0.851044179833,-0.122410675199));
#1941 = PCURVE('',#44,#1942);
#1942 = DEFINITIONAL_REPRESENTATION('',(#1943),#1947);
#1943 = LINE('',#1944,#1945);
#1944 = CARTESIAN_POINT('',(2.745127411589,-9.520342799606));
#1945 = VECTOR('',#1946,1.);
#1946 = DIRECTION('',(0.992479534599,-0.122410675199));
#1947 = ( GEOMETRIC_REPRESENTATION_CONTEXT(2) 
PARAMETRIC_REPRESENTATION_CONTEXT() REPRESENTATION_CONTEXT('2D SPACE',''
  ) );
#1948 = PCURVE('',#1949,#1954);
#1949 = PLANE('',#1950);
#1950 = AXIS2_PLACEMENT_3D('',#1951,#1952,#1953);
#1951 = CARTESIAN_POINT('',(9.622538968504,10.62910171916,
    5.41174501761E-02));
#1952 = DIRECTION('',(-6.297977280902E-02,0.104966288015,-0.992479534599
    ));
#1953 = DIRECTION('',(0.5106265079,-0.851044179833,-0.122410675199));
#1954 = DEFINITIONAL_REPRESENTATION('',(#1955),#1959);
#1955 = LINE('',#1956,#1957);
#1956 = CARTESIAN_POINT('',(-8.188164791482E-16,-58.30951894845));
#1957 = VECTOR('',#1958,1.);
#1958 = DIRECTION('',(1.,1.359031500661E-17));
#1959 = ( GEOMETRIC_REPRESENTATION_CONTEXT(2) 
PARAMETRIC_REPRESENTATION_CONTEXT() REPRESENTATION_CONTEXT('2D SPACE',''
  ) );
#1960 = ORIENTED_EDGE('',*,*,#1961,.T.);
#1961 = EDGE_CURVE('',#1934,#1962,#1964,.T.);
#1962 = VERTEX_POINT('',#1963);
#1963 = CARTESIAN_POINT('',(59.873774449149,40.210375918085,
    6.022718974144E-03));
#1964 = SURFACE_CURVE('',#1965,(#1969,#1976),.PCURVE_S1.);
#1965 = LINE('',#1966,#1967);
#1966 = CARTESIAN_POINT('',(59.747852986706,40.420245022156,
    2.407636663902E-02));
#1967 = VECTOR('',#1968,1.);
#1968 = DIRECTION('',(0.51310170689,-0.855169511483,-7.356456359967E-02)
  );
#1969 = PCURVE('',#44,#1970);
#1970 = DEFINITIONAL_REPRESENTATION('',(#1971),#1975);
#1971 = LINE('',#1972,#1973);
#1972 = CARTESIAN_POINT('',(2.988694082218,-9.550383883143));
#1973 = VECTOR('',#1974,1.);
#1974 = DIRECTION('',(0.997290456679,-7.356456359967E-02));
#1975 = ( GEOMETRIC_REPRESENTATION_CONTEXT(2) 
PARAMETRIC_REPRESENTATION_CONTEXT() REPRESENTATION_CONTEXT('2D SPACE',''
  ) );
#1976 = PCURVE('',#1977,#1982);
#1977 = PLANE('',#1978);
#1978 = AXIS2_PLACEMENT_3D('',#1979,#1980,#1981);
#1979 = CARTESIAN_POINT('',(9.747852986706,10.420245022156,
    2.407636663902E-02));
#1980 = DIRECTION('',(-3.784865572191E-02,6.308109286985E-02,
    -0.997290456679));
#1981 = DIRECTION('',(0.51310170689,-0.855169511483,-7.356456359967E-02)
  );
#1982 = DEFINITIONAL_REPRESENTATION('',(#1983),#1987);
#1983 = LINE('',#1984,#1985);
#1984 = CARTESIAN_POINT('',(-7.613331775997E-15,-58.30951894845));
#1985 = VECTOR('',#1986,1.);
#1986 = DIRECTION('',(1.,8.167307230485E-18));
#1987 = ( GEOMETRIC_REPRESENTATION_CONTEXT(2) 
PARAMETRIC_REPRESENTATION_CONTEXT() REPRESENTATION_CONTEXT('2D SPACE',''
  ) );
#1988 = ORIENTED_EDGE('',*,*,#1989,.T.);
#1989 = EDGE_CURVE('',#1962,#22,#1990,.T.);
#1990 = SURFACE_CURVE('',#1991,(#1995,#2002),.PCURVE_S1.);
#1991 = LINE('',#1992,#1993);
#1992 = CARTESIAN_POINT('',(59.873774449149,40.210375918085,
    6.022718974144E-03));
#1993 = VECTOR('',#1994,1.);
#1994 = DIRECTION('',(0.514340798925,-0.857234664875,-2.454122852291E-02
    ));
#1995 = PCURVE('',#44,#1996);
#1996 = DEFINITIONAL_REPRESENTATION('',(#1997),#2001);
#1997 = LINE('',#1998,#1999);
#1998 = CARTESIAN_POINT('',(3.233441412228,-9.568437530808));
#1999 = VECTOR('',#2000,1.);
#2000 = DIRECTION('',(0.999698818696,-2.454122852291E-02));
#2001 = ( GEOMETRIC_REPRESENTATION_CONTEXT(2) 
PARAMETRIC_REPRESENTATION_CONTEXT() REPRESENTATION_CONTEXT('2D SPACE',''
  ) );
#2002 = PCURVE('',#2003,#2008);
#2003 = PLANE('',#2004);
#2004 = AXIS2_PLACEMENT_3D('',#2005,#2006,#2007);
#2005 = CARTESIAN_POINT('',(9.873774449149,10.210375918085,
    6.022718974138E-03));
#2006 = DIRECTION('',(-1.262635790801E-02,2.104392984669E-02,
    -0.999698818696));
#2007 = DIRECTION('',(0.514340798925,-0.857234664875,-2.454122852291E-02
    ));
#2008 = DEFINITIONAL_REPRESENTATION('',(#2009),#2013);
#2009 = LINE('',#2010,#2011);
#2010 = CARTESIAN_POINT('',(-3.710784425406E-15,-58.30951894845));
#2011 = VECTOR('',#2012,1.);
#2012 = DIRECTION('',(1.,5.823577492713E-17));
#2013 = ( GEOMETRIC_REPRESENTATION_CONTEXT(2) 
PARAMETRIC_REPRESENTATION_CONTEXT() REPRESENTATION_CONTEXT('2D SPACE',''
  ) );
#2014 = ORIENTED_EDGE('',*,*,#21,.T.);
#2015 = ADVANCED_FACE('',(#2016),#100,.T.);
#2016 = FACE_BOUND('',#2017,.T.);
#2017 = EDGE_LOOP('',(#2018,#2019,#2042,#2070));
#2018 = ORIENTED_EDGE('',*,*,#84,.T.);
#2019 = ORIENTED_EDGE('',*,*,#2020,.T.);
#2020 = EDGE_CURVE('',#57,#2021,#2023,.T.);
#2021 = VERTEX_POINT('',#2022);
#2022 = CARTESIAN_POINT('',(40.,-10.,2.));
#2023 = SURFACE_CURVE('',#2024,(#2028,#2035),.PCURVE_S1.);
#2024 = LINE('',#2025,#2026);
#2025 = CARTESIAN_POINT('',(80.,10.,2.));
#2026 = VECTOR('',#2027,1.);
#2027 = DIRECTION('',(-0.894427191,-0.4472135955,0.));
#2028 = PCURVE('',#100,#2029);
#2029 = DEFINITIONAL_REPRESENTATION('',(#2030),#2034);
#2030 = LINE('',#2031,#2032);
#2031 = CARTESIAN_POINT('',(0.,-2.));
#2032 = VECTOR('',#2033,1.);
#2033 = DIRECTION('',(1.,0.));
#2034 = ( GEOMETRIC_REPRESENTATION_CONTEXT(2) 
PARAMETRIC_REPRESENTATION_CONTEXT() REPRESENTATION_CONTEXT('2D SPACE',''
  ) );
#2035 = PCURVE('',#72,#2036);
#2036 = DEFINITIONAL_REPRESENTATION('',(#2037),#2041);
#2037 = LINE('',#2038,#2039);
#2038 = CARTESIAN_POINT('',(-33.4697964256,-3.469796425607));
#2039 = VECTOR('',#2040,1.);
#2040 = DIRECTION('',(0.894427191,-0.4472135955));
#2041 = ( GEOMETRIC_REPRESENTATION_CONTEXT(2) 
PARAMETRIC_REPRESENTATION_CONTEXT() REPRESENTATION_CONTEXT('2D SPACE',''
  ) );
#2042 = ORIENTED_EDGE('',*,*,#2043,.F.);
#2043 = EDGE_CURVE('',#2044,#2021,#2046,.T.);
#2044 = VERTEX_POINT('',#2045);
#2045 = CARTESIAN_POINT('',(40.,-10.,0.));
#2046 = SURFACE_CURVE('',#2047,(#2051,#2058),.PCURVE_S1.);
#2047 = LINE('',#2048,#2049);
#2048 = CARTESIAN_POINT('',(40.,-10.,0.));
#2049 = VECTOR('',#2050,1.);
#2050 = DIRECTION('',(0.,0.,1.));
#2051 = PCURVE('',#100,#2052);
#2052 = DEFINITIONAL_REPRESENTATION('',(#2053),#2057);
#2053 = LINE('',#2054,#2055);
#2054 = CARTESIAN_POINT('',(44.721359549996,0.));
#2055 = VECTOR('',#2056,1.);
#2056 = DIRECTION('',(0.,-1.));
#2057 = ( GEOMETRIC_REPRESENTATION_CONTEXT(2) 
PARAMETRIC_REPRESENTATION_CONTEXT() REPRESENTATION_CONTEXT('2D SPACE',''
  ) );
#2058 = PCURVE('',#2059,#2064);
#2059 = PLANE('',#2060);
#2060 = AXIS2_PLACEMENT_3D('',#2061,#2062,#2063);
#2061 = CARTESIAN_POINT('',(40.,-10.,0.));
#2062 = DIRECTION('',(-0.554700196225,-0.832050294338,0.));
#2063 = DIRECTION('',(-0.832050294338,0.554700196225,0.));
#2064 = DEFINITIONAL_REPRESENTATION('',(#2065),#2069);
#2065 = LINE('',#2066,#2067);
#2066 = CARTESIAN_POINT('',(0.,0.));
#2067 = VECTOR('',#2068,1.);
#2068 = DIRECTION('',(0.,-1.));
#2069 = ( GEOMETRIC_REPRESENTATION_CONTEXT(2) 
PARAMETRIC_REPRESENTATION_CONTEXT() REPRESENTATION_CONTEXT('2D SPACE',''
  ) );
#2070 = ORIENTED_EDGE('',*,*,#2071,.F.);
#2071 = EDGE_CURVE('',#85,#2044,#2072,.T.);
#2072 = SURFACE_CURVE('',#2073,(#2077,#2084),.PCURVE_S1.);
#2073 = LINE('',#2074,#2075);
#2074 = CARTESIAN_POINT('',(80.,10.,0.));
#2075 = VECTOR('',#2076,1.);
#2076 = DIRECTION('',(-0.894427191,-0.4472135955,0.));
#2077 = PCURVE('',#100,#2078);
#2078 = DEFINITIONAL_REPRESENTATION('',(#2079),#2083);
#2079 = LINE('',#2080,#2081);
#2080 = CARTESIAN_POINT('',(0.,0.));
#2081 = VECTOR('',#2082,1.);
#2082 = DIRECTION('',(1.,0.));
#2083 = ( GEOMETRIC_REPRESENTATION_CONTEXT(2) 
PARAMETRIC_REPRESENTATION_CONTEXT() REPRESENTATION_CONTEXT('2D SPACE',''
  ) );
#2084 = PCURVE('',#126,#2085);
#2085 = DEFINITIONAL_REPRESENTATION('',(#2086),#2090);
#2086 = LINE('',#2087,#2088);
#2087 = CARTESIAN_POINT('',(-33.4697964256,-3.469796425607));
#2088 = VECTOR('',#2089,1.);
#2089 = DIRECTION('',(0.894427191,-0.4472135955));
#2090 = ( GEOMETRIC_REPRESENTATION_CONTEXT(2) 
PARAMETRIC_REPRESENTATION_CONTEXT() REPRESENTATION_CONTEXT('2D SPACE',''
  ) );
#2091 = ADVANCED_FACE('',(#2092),#126,.T.);
#2092 = FACE_BOUND('',#2093,.T.);
#2093 = EDGE_LOOP('',(#2094,#2117,#2118,#2119));
#2094 = ORIENTED_EDGE('',*,*,#2095,.T.);
#2095 = EDGE_CURVE('',#2096,#22,#2098,.T.);
#2096 = VERTEX_POINT('',#2097);
#2097 = CARTESIAN_POINT('',(10.,10.,0.));
#2098 = SURFACE_CURVE('',#2099,(#2103,#2110),.PCURVE_S1.);
#2099 = LINE('',#2100,#2101);
#2100 = CARTESIAN_POINT('',(10.,10.,0.));
#2101 = VECTOR('',#2102,1.);
#2102 = DIRECTION('',(0.857492925713,0.514495755428,0.));
#2103 = PCURVE('',#126,#2104);
#2104 = DEFINITIONAL_REPRESENTATION('',(#2105),#2109);
#2105 = LINE('',#2106,#2107);
#2106 = CARTESIAN_POINT('',(36.530203574393,-3.469796425607));
#2107 = VECTOR('',#2108,1.);
#2108 = DIRECTION('',(-0.857492925713,0.514495755428));
#2109 = ( GEOMETRIC_REPRESENTATION_CONTEXT(2) 
PARAMETRIC_REPRESENTATION_CONTEXT() REPRESENTATION_CONTEXT('2D SPACE',''
  ) );
#2110 = PCURVE('',#2003,#2111);
#2111 = DEFINITIONAL_REPRESENTATION('',(#2112),#2116);
#2112 = LINE('',#2113,#2114);
#2113 = CARTESIAN_POINT('',(0.245412285229,6.251691074792E-16));
#2114 = VECTOR('',#2115,1.);
#2115 = DIRECTION('',(-5.819239489813E-17,-1.));
#2116 = ( GEOMETRIC_REPRESENTATION_CONTEXT(2) 
PARAMETRIC_REPRESENTATION_CONTEXT() REPRESENTATION_CONTEXT('2D SPACE',''
  ) );
#2117 = ORIENTED_EDGE('',*,*,#112,.T.);
#2118 = ORIENTED_EDGE('',*,*,#2071,.T.);
#2119 = ORIENTED_EDGE('',*,*,#2120,.T.);
#2120 = EDGE_CURVE('',#2044,#2096,#2121,.T.);
#2121 = SURFACE_CURVE('',#2122,(#2126,#2133),.PCURVE_S1.);
#2122 = LINE('',#2123,#2124);
#2123 = CARTESIAN_POINT('',(40.,-10.,0.));
#2124 = VECTOR('',#2125,1.);
#2125 = DIRECTION('',(-0.832050294338,0.554700196225,0.));
#2126 = PCURVE('',#126,#2127);
#2127 = DEFINITIONAL_REPRESENTATION('',(#2128),#2132);
#2128 = LINE('',#2129,#2130);
#2129 = CARTESIAN_POINT('',(6.530203574393,-23.4697964256));
#2130 = VECTOR('',#2131,1.);
#2131 = DIRECTION('',(0.832050294338,0.554700196225));
#2132 = ( GEOMETRIC_REPRESENTATION_CONTEXT(2) 
PARAMETRIC_REPRESENTATION_CONTEXT() REPRESENTATION_CONTEXT('2D SPACE',''
  ) );
#2133 = PCURVE('',#2059,#2134);
#2134 = DEFINITIONAL_REPRESENTATION('',(#2135),#2139);
#2135 = LINE('',#2136,#2137);
#2136 = CARTESIAN_POINT('',(0.,0.));
#2137 = VECTOR('',#2138,1.);
#2138 = DIRECTION('',(1.,0.));
#2139 = ( GEOMETRIC_REPRESENTATION_CONTEXT(2) 
PARAMETRIC_REPRESENTATION_CONTEXT() REPRESENTATION_CONTEXT('2D SPACE',''
  ) );
#2140 = ADVANCED_FACE('',(#2141),#72,.F.);
#2141 = FACE_BOUND('',#2142,.F.);
#2142 = EDGE_LOOP('',(#2143,#2166,#2167,#2168));
#2143 = ORIENTED_EDGE('',*,*,#2144,.T.);
#2144 = EDGE_CURVE('',#2145,#24,#2147,.T.);
#2145 = VERTEX_POINT('',#2146);
#2146 = CARTESIAN_POINT('',(10.,10.,2.));
#2147 = SURFACE_CURVE('',#2148,(#2152,#2159),.PCURVE_S1.);
#2148 = LINE('',#2149,#2150);
#2149 = CARTESIAN_POINT('',(10.,10.,2.));
#2150 = VECTOR('',#2151,1.);
#2151 = DIRECTION('',(0.857492925713,0.514495755428,0.));
#2152 = PCURVE('',#72,#2153);
#2153 = DEFINITIONAL_REPRESENTATION('',(#2154),#2158);
#2154 = LINE('',#2155,#2156);
#2155 = CARTESIAN_POINT('',(36.530203574393,-3.469796425607));
#2156 = VECTOR('',#2157,1.);
#2157 = DIRECTION('',(-0.857492925713,0.514495755428));
#2158 = ( GEOMETRIC_REPRESENTATION_CONTEXT(2) 
PARAMETRIC_REPRESENTATION_CONTEXT() REPRESENTATION_CONTEXT('2D SPACE',''
  ) );
#2159 = PCURVE('',#157,#2160);
#2160 = DEFINITIONAL_REPRESENTATION('',(#2161),#2165);
#2161 = LINE('',#2162,#2163);
#2162 = CARTESIAN_POINT('',(0.,-0.));
#2163 = VECTOR('',#2164,1.);
#2164 = DIRECTION('',(2.723803090156E-18,-1.));
#2165 = ( GEOMETRIC_REPRESENTATION_CONTEXT(2) 
PARAMETRIC_REPRESENTATION_CONTEXT() REPRESENTATION_CONTEXT('2D SPACE',''
  ) );
#2166 = ORIENTED_EDGE('',*,*,#56,.T.);
#2167 = ORIENTED_EDGE('',*,*,#2020,.T.);
#2168 = ORIENTED_EDGE('',*,*,#2169,.T.);
#2169 = EDGE_CURVE('',#2021,#2145,#2170,.T.);
#2170 = SURFACE_CURVE('',#2171,(#2175,#2182),.PCURVE_S1.);
#2171 = LINE('',#2172,#2173);
#2172 = CARTESIAN_POINT('',(40.,-10.,2.));
#2173 = VECTOR('',#2174,1.);
#2174 = DIRECTION('',(-0.832050294338,0.554700196225,0.));
#2175 = PCURVE('',#72,#2176);
#2176 = DEFINITIONAL_REPRESENTATION('',(#2177),#2181);
#2177 = LINE('',#2178,#2179);
#2178 = CARTESIAN_POINT('',(6.530203574393,-23.4697964256));
#2179 = VECTOR('',#2180,1.);
#2180 = DIRECTION('',(0.832050294338,0.554700196225));
#2181 = ( GEOMETRIC_REPRESENTATION_CONTEXT(2) 
PARAMETRIC_REPRESENTATION_CONTEXT() REPRESENTATION_CONTEXT('2D SPACE',''
  ) );
#2182 = PCURVE('',#2059,#2183);
#2183 = DEFINITIONAL_REPRESENTATION('',(#2184),#2188);
#2184 = LINE('',#2185,#2186);
#2185 = CARTESIAN_POINT('',(0.,-2.));
#2186 = VECTOR('',#2187,1.);
#2187 = DIRECTION('',(1.,0.));
#2188 = ( GEOMETRIC_REPRESENTATION_CONTEXT(2) 
PARAMETRIC_REPRESENTATION_CONTEXT() REPRESENTATION_CONTEXT('2D SPACE',''
  ) );
#2189 = ADVANCED_FACE('',(#2190),#157,.T.);
#2190 = FACE_BOUND('',#2191,.T.);
#2191 = EDGE_LOOP('',(#2192,#2193,#2194,#2217));
#2192 = ORIENTED_EDGE('',*,*,#2144,.T.);
#2193 = ORIENTED_EDGE('',*,*,#141,.T.);
#2194 = ORIENTED_EDGE('',*,*,#2195,.F.);
#2195 = EDGE_CURVE('',#2196,#142,#2198,.T.);
#2196 = VERTEX_POINT('',#2197);
#2197 = CARTESIAN_POINT('',(9.92426466949,10.126225550851,2.003613631384
    ));
#2198 = SURFACE_CURVE('',#2199,(#2203,#2210),.PCURVE_S1.);
#2199 = LINE('',#2200,#2201);
#2200 = CARTESIAN_POINT('',(9.92426466949,10.126225550851,2.003613631384
    ));
#2201 = VECTOR('',#2202,1.);
#2202 = DIRECTION('',(0.857492925713,0.514495755428,1.110223024625E-16)
  );
#2203 = PCURVE('',#157,#2204);
#2204 = DEFINITIONAL_REPRESENTATION('',(#2205),#2209);
#2205 = LINE('',#2206,#2207);
#2206 = CARTESIAN_POINT('',(0.147247371137,2.910323502875E-16));
#2207 = VECTOR('',#2208,1.);
#2208 = DIRECTION('',(2.725444054439E-18,-1.));
#2209 = ( GEOMETRIC_REPRESENTATION_CONTEXT(2) 
PARAMETRIC_REPRESENTATION_CONTEXT() REPRESENTATION_CONTEXT('2D SPACE',''
  ) );
#2210 = PCURVE('',#185,#2211);
#2211 = DEFINITIONAL_REPRESENTATION('',(#2212),#2216);
#2212 = LINE('',#2213,#2214);
#2213 = CARTESIAN_POINT('',(0.,-0.));
#2214 = VECTOR('',#2215,1.);
#2215 = DIRECTION('',(8.698450539295E-18,-1.));
#2216 = ( GEOMETRIC_REPRESENTATION_CONTEXT(2) 
PARAMETRIC_REPRESENTATION_CONTEXT() REPRESENTATION_CONTEXT('2D SPACE',''
  ) );
#2217 = ORIENTED_EDGE('',*,*,#2218,.F.);
#2218 = EDGE_CURVE('',#2145,#2196,#2219,.T.);
#2219 = SURFACE_CURVE('',#2220,(#2224,#2231),.PCURVE_S1.);
#2220 = LINE('',#2221,#2222);
#2221 = CARTESIAN_POINT('',(10.,10.,2.));
#2222 = VECTOR('',#2223,1.);
#2223 = DIRECTION('',(-0.514340798925,0.857234664875,2.454122852291E-02)
  );
#2224 = PCURVE('',#157,#2225);
#2225 = DEFINITIONAL_REPRESENTATION('',(#2226),#2230);
#2226 = LINE('',#2227,#2228);
#2227 = CARTESIAN_POINT('',(0.,-0.));
#2228 = VECTOR('',#2229,1.);
#2229 = DIRECTION('',(1.,-2.724623695873E-18));
#2230 = ( GEOMETRIC_REPRESENTATION_CONTEXT(2) 
PARAMETRIC_REPRESENTATION_CONTEXT() REPRESENTATION_CONTEXT('2D SPACE',''
  ) );
#2231 = PCURVE('',#2232,#2237);
#2232 = PLANE('',#2233);
#2233 = AXIS2_PLACEMENT_3D('',#2234,#2235,#2236);
#2234 = CARTESIAN_POINT('',(8.210182567134,12.983029054776,
    9.574460249782));
#2235 = DIRECTION('',(-0.857492925713,-0.514495755428,
    -1.110223024625E-16));
#2236 = DIRECTION('',(0.514495755428,-0.857492925713,1.110223024625E-16)
  );
#2237 = DEFINITIONAL_REPRESENTATION('',(#2238),#2242);
#2238 = LINE('',#2239,#2240);
#2239 = CARTESIAN_POINT('',(3.478779783865,-7.574460249782));
#2240 = VECTOR('',#2241,1.);
#2241 = DIRECTION('',(-0.999698818696,2.454122852291E-02));
#2242 = ( GEOMETRIC_REPRESENTATION_CONTEXT(2) 
PARAMETRIC_REPRESENTATION_CONTEXT() REPRESENTATION_CONTEXT('2D SPACE',''
  ) );
#2243 = ADVANCED_FACE('',(#2244),#185,.T.);
#2244 = FACE_BOUND('',#2245,.T.);
#2245 = EDGE_LOOP('',(#2246,#2247,#2248,#2271));
#2246 = ORIENTED_EDGE('',*,*,#2195,.T.);
#2247 = ORIENTED_EDGE('',*,*,#169,.T.);
#2248 = ORIENTED_EDGE('',*,*,#2249,.F.);
#2249 = EDGE_CURVE('',#2250,#170,#2252,.T.);
#2250 = VERTEX_POINT('',#2251);
#2251 = CARTESIAN_POINT('',(9.848711792024,10.252147013294,
    2.014445819983));
#2252 = SURFACE_CURVE('',#2253,(#2257,#2264),.PCURVE_S1.);
#2253 = LINE('',#2254,#2255);
#2254 = CARTESIAN_POINT('',(9.848711792024,10.252147013294,
    2.014445819983));
#2255 = VECTOR('',#2256,1.);
#2256 = DIRECTION('',(0.857492925713,0.514495755428,1.110223024625E-16)
  );
#2257 = PCURVE('',#185,#2258);
#2258 = DEFINITIONAL_REPRESENTATION('',(#2259),#2263);
#2259 = LINE('',#2260,#2261);
#2260 = CARTESIAN_POINT('',(0.147247371137,-1.508040232678E-17));
#2261 = VECTOR('',#2262,1.);
#2262 = DIRECTION('',(8.698450539295E-18,-1.));
#2263 = ( GEOMETRIC_REPRESENTATION_CONTEXT(2) 
PARAMETRIC_REPRESENTATION_CONTEXT() REPRESENTATION_CONTEXT('2D SPACE',''
  ) );
#2264 = PCURVE('',#213,#2265);
#2265 = DEFINITIONAL_REPRESENTATION('',(#2266),#2270);
#2266 = LINE('',#2267,#2268);
#2267 = CARTESIAN_POINT('',(0.,-0.));
#2268 = VECTOR('',#2269,1.);
#2269 = DIRECTION('',(1.453475871208E-17,-1.));
#2270 = ( GEOMETRIC_REPRESENTATION_CONTEXT(2) 
PARAMETRIC_REPRESENTATION_CONTEXT() REPRESENTATION_CONTEXT('2D SPACE',''
  ) );
#2271 = ORIENTED_EDGE('',*,*,#2272,.F.);
#2272 = EDGE_CURVE('',#2196,#2250,#2273,.T.);
#2273 = SURFACE_CURVE('',#2274,(#2278,#2285),.PCURVE_S1.);
#2274 = LINE('',#2275,#2276);
#2275 = CARTESIAN_POINT('',(9.92426466949,10.126225550851,2.003613631384
    ));
#2276 = VECTOR('',#2277,1.);
#2277 = DIRECTION('',(-0.51310170689,0.855169511483,7.356456359967E-02)
  );
#2278 = PCURVE('',#185,#2279);
#2279 = DEFINITIONAL_REPRESENTATION('',(#2280),#2284);
#2280 = LINE('',#2281,#2282);
#2281 = CARTESIAN_POINT('',(0.,-0.));
#2282 = VECTOR('',#2283,1.);
#2283 = DIRECTION('',(1.,-8.167307230485E-18));
#2284 = ( GEOMETRIC_REPRESENTATION_CONTEXT(2) 
PARAMETRIC_REPRESENTATION_CONTEXT() REPRESENTATION_CONTEXT('2D SPACE',''
  ) );
#2285 = PCURVE('',#2232,#2286);
#2286 = DEFINITIONAL_REPRESENTATION('',(#2287),#2291);
#2287 = LINE('',#2288,#2289);
#2288 = CARTESIAN_POINT('',(3.331576760883,-7.570846618397));
#2289 = VECTOR('',#2290,1.);
#2290 = DIRECTION('',(-0.997290456679,7.356456359967E-02));
#2291 = ( GEOMETRIC_REPRESENTATION_CONTEXT(2) 
PARAMETRIC_REPRESENTATION_CONTEXT() REPRESENTATION_CONTEXT('2D SPACE',''
  ) );
#2292 = ADVANCED_FACE('',(#2293),#213,.T.);
#2293 = FACE_BOUND('',#2294,.T.);
#2294 = EDGE_LOOP('',(#2295,#2296,#2297,#2320));
#2295 = ORIENTED_EDGE('',*,*,#2249,.T.);
#2296 = ORIENTED_EDGE('',*,*,#197,.T.);
#2297 = ORIENTED_EDGE('',*,*,#2298,.F.);
#2298 = EDGE_CURVE('',#2299,#198,#2301,.T.);
#2299 = VERTEX_POINT('',#2300);
#2300 = CARTESIAN_POINT('',(9.773523381103,10.377461031496,
    2.032470470106));
#2301 = SURFACE_CURVE('',#2302,(#2306,#2313),.PCURVE_S1.);
#2302 = LINE('',#2303,#2304);
#2303 = CARTESIAN_POINT('',(9.773523381103,10.377461031496,
    2.032470470106));
#2304 = VECTOR('',#2305,1.);
#2305 = DIRECTION('',(0.857492925713,0.514495755428,1.110223024625E-16)
  );
#2306 = PCURVE('',#213,#2307);
#2307 = DEFINITIONAL_REPRESENTATION('',(#2308),#2312);
#2308 = LINE('',#2309,#2310);
#2309 = CARTESIAN_POINT('',(0.147247371137,-3.211902577374E-16));
#2310 = VECTOR('',#2311,1.);
#2311 = DIRECTION('',(1.453475871208E-17,-1.));
#2312 = ( GEOMETRIC_REPRESENTATION_CONTEXT(2) 
PARAMETRIC_REPRESENTATION_CONTEXT() REPRESENTATION_CONTEXT('2D SPACE',''
  ) );
#2313 = PCURVE('',#241,#2314);
#2314 = DEFINITIONAL_REPRESENTATION('',(#2315),#2319);
#2315 = LINE('',#2316,#2317);
#2316 = CARTESIAN_POINT('',(0.,-0.));
#2317 = VECTOR('',#2318,1.);
#2318 = DIRECTION('',(7.476705867858E-17,-1.));
#2319 = ( GEOMETRIC_REPRESENTATION_CONTEXT(2) 
PARAMETRIC_REPRESENTATION_CONTEXT() REPRESENTATION_CONTEXT('2D SPACE',''
  ) );
#2320 = ORIENTED_EDGE('',*,*,#2321,.F.);
#2321 = EDGE_CURVE('',#2250,#2299,#2322,.T.);
#2322 = SURFACE_CURVE('',#2323,(#2327,#2334),.PCURVE_S1.);
#2323 = LINE('',#2324,#2325);
#2324 = CARTESIAN_POINT('',(9.848711792024,10.252147013294,
    2.014445819983));
#2325 = VECTOR('',#2326,1.);
#2326 = DIRECTION('',(-0.5106265079,0.851044179833,0.122410675199));
#2327 = PCURVE('',#213,#2328);
#2328 = DEFINITIONAL_REPRESENTATION('',(#2329),#2333);
#2329 = LINE('',#2330,#2331);
#2330 = CARTESIAN_POINT('',(0.,-0.));
#2331 = VECTOR('',#2332,1.);
#2332 = DIRECTION('',(1.,-1.359031500661E-17));
#2333 = ( GEOMETRIC_REPRESENTATION_CONTEXT(2) 
PARAMETRIC_REPRESENTATION_CONTEXT() REPRESENTATION_CONTEXT('2D SPACE',''
  ) );
#2334 = PCURVE('',#2232,#2335);
#2335 = DEFINITIONAL_REPRESENTATION('',(#2336),#2340);
#2336 = LINE('',#2337,#2338);
#2337 = CARTESIAN_POINT('',(3.184728362877,-7.560014429798));
#2338 = VECTOR('',#2339,1.);
#2339 = DIRECTION('',(-0.992479534599,0.122410675199));
#2340 = ( GEOMETRIC_REPRESENTATION_CONTEXT(2) 
PARAMETRIC_REPRESENTATION_CONTEXT() REPRESENTATION_CONTEXT('2D SPACE',''
  ) );
#2341 = ADVANCED_FACE('',(#2342),#241,.T.);
#2342 = FACE_BOUND('',#2343,.T.);
#2343 = EDGE_LOOP('',(#2344,#2345,#2346,#2369));
#2344 = ORIENTED_EDGE('',*,*,#2298,.T.);
#2345 = ORIENTED_EDGE('',*,*,#225,.T.);
#2346 = ORIENTED_EDGE('',*,*,#2347,.F.);
#2347 = EDGE_CURVE('',#2348,#226,#2350,.T.);
#2348 = VERTEX_POINT('',#2349);
#2349 = CARTESIAN_POINT('',(9.698880572193,10.501865713011,2.05764415879
    ));
#2350 = SURFACE_CURVE('',#2351,(#2355,#2362),.PCURVE_S1.);
#2351 = LINE('',#2352,#2353);
#2352 = CARTESIAN_POINT('',(9.698880572193,10.501865713011,2.05764415879
    ));
#2353 = VECTOR('',#2354,1.);
#2354 = DIRECTION('',(0.857492925713,0.514495755428,1.110223024625E-16)
  );
#2355 = PCURVE('',#241,#2356);
#2356 = DEFINITIONAL_REPRESENTATION('',(#2357),#2361);
#2357 = LINE('',#2358,#2359);
#2358 = CARTESIAN_POINT('',(0.147247371137,-3.21983960459E-16));
#2359 = VECTOR('',#2360,1.);
#2360 = DIRECTION('',(7.476705867858E-17,-1.));
#2361 = ( GEOMETRIC_REPRESENTATION_CONTEXT(2) 
PARAMETRIC_REPRESENTATION_CONTEXT() REPRESENTATION_CONTEXT('2D SPACE',''
  ) );
#2362 = PCURVE('',#269,#2363);
#2363 = DEFINITIONAL_REPRESENTATION('',(#2364),#2368);
#2364 = LINE('',#2365,#2366);
#2365 = CARTESIAN_POINT('',(0.,-0.));
#2366 = VECTOR('',#2367,1.);
#2367 = DIRECTION('',(2.490181163358E-17,-1.));
#2368 = ( GEOMETRIC_REPRESENTATION_CONTEXT(2) 
PARAMETRIC_REPRESENTATION_CONTEXT() REPRESENTATION_CONTEXT('2D SPACE',''
  ) );
#2369 = ORIENTED_EDGE('',*,*,#2370,.F.);
#2370 = EDGE_CURVE('',#2299,#2348,#2371,.T.);
#2371 = SURFACE_CURVE('',#2372,(#2376,#2383),.PCURVE_S1.);
#2372 = LINE('',#2373,#2374);
#2373 = CARTESIAN_POINT('',(9.773523381103,10.377461031496,
    2.032470470106));
#2374 = VECTOR('',#2375,1.);
#2375 = DIRECTION('',(-0.506921164927,0.844868608211,0.17096188876));
#2376 = PCURVE('',#241,#2377);
#2377 = DEFINITIONAL_REPRESENTATION('',(#2378),#2382);
#2378 = LINE('',#2379,#2380);
#2379 = CARTESIAN_POINT('',(0.,-0.));
#2380 = VECTOR('',#2381,1.);
#2381 = DIRECTION('',(1.,-7.449173375477E-17));
#2382 = ( GEOMETRIC_REPRESENTATION_CONTEXT(2) 
PARAMETRIC_REPRESENTATION_CONTEXT() REPRESENTATION_CONTEXT('2D SPACE',''
  ) );
#2383 = PCURVE('',#2232,#2384);
#2384 = DEFINITIONAL_REPRESENTATION('',(#2385),#2389);
#2385 = LINE('',#2386,#2387);
#2386 = CARTESIAN_POINT('',(3.038588360499,-7.541989779676));
#2387 = VECTOR('',#2388,1.);
#2388 = DIRECTION('',(-0.985277642389,0.17096188876));
#2389 = ( GEOMETRIC_REPRESENTATION_CONTEXT(2) 
PARAMETRIC_REPRESENTATION_CONTEXT() REPRESENTATION_CONTEXT('2D SPACE',''
  ) );
#2390 = ADVANCED_FACE('',(#2391),#269,.T.);
#2391 = FACE_BOUND('',#2392,.T.);
#2392 = EDGE_LOOP('',(#2393,#2394,#2395,#2418));
#2393 = ORIENTED_EDGE('',*,*,#2347,.T.);
#2394 = ORIENTED_EDGE('',*,*,#253,.T.);
#2395 = ORIENTED_EDGE('',*,*,#2396,.F.);
#2396 = EDGE_CURVE('',#2397,#254,#2399,.T.);
#2397 = VERTEX_POINT('',#2398);
#2398 = CARTESIAN_POINT('',(9.62496318636,10.625061356066,2.089906240416
    ));
#2399 = SURFACE_CURVE('',#2400,(#2404,#2411),.PCURVE_S1.);
#2400 = LINE('',#2401,#2402);
#2401 = CARTESIAN_POINT('',(9.62496318636,10.625061356066,2.089906240416
    ));
#2402 = VECTOR('',#2403,1.);
#2403 = DIRECTION('',(0.857492925713,0.514495755428,1.110223024625E-16)
  );
#2404 = PCURVE('',#269,#2405);
#2405 = DEFINITIONAL_REPRESENTATION('',(#2406),#2410);
#2406 = LINE('',#2407,#2408);
#2407 = CARTESIAN_POINT('',(0.147247371137,-3.581810584359E-18));
#2408 = VECTOR('',#2409,1.);
#2409 = DIRECTION('',(2.490181163358E-17,-1.));
#2410 = ( GEOMETRIC_REPRESENTATION_CONTEXT(2) 
PARAMETRIC_REPRESENTATION_CONTEXT() REPRESENTATION_CONTEXT('2D SPACE',''
  ) );
#2411 = PCURVE('',#297,#2412);
#2412 = DEFINITIONAL_REPRESENTATION('',(#2413),#2417);
#2413 = LINE('',#2414,#2415);
#2414 = CARTESIAN_POINT('',(0.,-0.));
#2415 = VECTOR('',#2416,1.);
#2416 = DIRECTION('',(2.707753443163E-17,-1.));
#2417 = ( GEOMETRIC_REPRESENTATION_CONTEXT(2) 
PARAMETRIC_REPRESENTATION_CONTEXT() REPRESENTATION_CONTEXT('2D SPACE',''
  ) );
#2418 = ORIENTED_EDGE('',*,*,#2419,.F.);
#2419 = EDGE_CURVE('',#2348,#2397,#2420,.T.);
#2420 = SURFACE_CURVE('',#2421,(#2425,#2432),.PCURVE_S1.);
#2421 = LINE('',#2422,#2423);
#2422 = CARTESIAN_POINT('',(9.698880572193,10.501865713011,2.05764415879
    ));
#2423 = VECTOR('',#2424,1.);
#2424 = DIRECTION('',(-0.501994604466,0.836657674111,0.219101240157));
#2425 = PCURVE('',#269,#2426);
#2426 = DEFINITIONAL_REPRESENTATION('',(#2427),#2431);
#2427 = LINE('',#2428,#2429);
#2428 = CARTESIAN_POINT('',(0.,-0.));
#2429 = VECTOR('',#2430,1.);
#2430 = DIRECTION('',(1.,-2.432512415461E-17));
#2431 = ( GEOMETRIC_REPRESENTATION_CONTEXT(2) 
PARAMETRIC_REPRESENTATION_CONTEXT() REPRESENTATION_CONTEXT('2D SPACE',''
  ) );
#2432 = PCURVE('',#2232,#2433);
#2433 = DEFINITIONAL_REPRESENTATION('',(#2434),#2438);
#2434 = LINE('',#2435,#2436);
#2435 = CARTESIAN_POINT('',(2.893508817817,-7.516816090992));
#2436 = VECTOR('',#2437,1.);
#2437 = DIRECTION('',(-0.975702130039,0.219101240157));
#2438 = ( GEOMETRIC_REPRESENTATION_CONTEXT(2) 
PARAMETRIC_REPRESENTATION_CONTEXT() REPRESENTATION_CONTEXT('2D SPACE',''
  ) );
#2439 = ADVANCED_FACE('',(#2440),#297,.T.);
#2440 = FACE_BOUND('',#2441,.T.);
#2441 = EDGE_LOOP('',(#2442,#2443,#2444,#2467));
#2442 = ORIENTED_EDGE('',*,*,#2396,.T.);
#2443 = ORIENTED_EDGE('',*,*,#281,.T.);
#2444 = ORIENTED_EDGE('',*,*,#2445,.F.);
#2445 = EDGE_CURVE('',#2446,#282,#2448,.T.);
#2446 = VERTEX_POINT('',#2447);
#2447 = CARTESIAN_POINT('',(9.551949297061,10.746751171565,
    2.129178992803));
#2448 = SURFACE_CURVE('',#2449,(#2453,#2460),.PCURVE_S1.);
#2449 = LINE('',#2450,#2451);
#2450 = CARTESIAN_POINT('',(9.551949297061,10.746751171565,
    2.129178992803));
#2451 = VECTOR('',#2452,1.);
#2452 = DIRECTION('',(0.857492925713,0.514495755428,1.110223024625E-16)
  );
#2453 = PCURVE('',#297,#2454);
#2454 = DEFINITIONAL_REPRESENTATION('',(#2455),#2459);
#2455 = LINE('',#2456,#2457);
#2456 = CARTESIAN_POINT('',(0.147247371137,3.009511803779E-16));
#2457 = VECTOR('',#2458,1.);
#2458 = DIRECTION('',(2.707753443163E-17,-1.));
#2459 = ( GEOMETRIC_REPRESENTATION_CONTEXT(2) 
PARAMETRIC_REPRESENTATION_CONTEXT() REPRESENTATION_CONTEXT('2D SPACE',''
  ) );
#2460 = PCURVE('',#325,#2461);
#2461 = DEFINITIONAL_REPRESENTATION('',(#2462),#2466);
#2462 = LINE('',#2463,#2464);
#2463 = CARTESIAN_POINT('',(0.,-0.));
#2464 = VECTOR('',#2465,1.);
#2465 = DIRECTION('',(-1.901648236019E-17,-1.));
#2466 = ( GEOMETRIC_REPRESENTATION_CONTEXT(2) 
PARAMETRIC_REPRESENTATION_CONTEXT() REPRESENTATION_CONTEXT('2D SPACE',''
  ) );
#2467 = ORIENTED_EDGE('',*,*,#2468,.F.);
#2468 = EDGE_CURVE('',#2397,#2446,#2469,.T.);
#2469 = SURFACE_CURVE('',#2470,(#2474,#2481),.PCURVE_S1.);
#2470 = LINE('',#2471,#2472);
#2471 = CARTESIAN_POINT('',(9.62496318636,10.625061356066,2.089906240416
    ));
#2472 = VECTOR('',#2473,1.);
#2473 = DIRECTION('',(-0.495858695034,0.826431158391,0.266712757475));
#2474 = PCURVE('',#297,#2475);
#2475 = DEFINITIONAL_REPRESENTATION('',(#2476),#2480);
#2476 = LINE('',#2477,#2478);
#2477 = CARTESIAN_POINT('',(0.,-0.));
#2478 = VECTOR('',#2479,1.);
#2479 = DIRECTION('',(1.,-2.961106443099E-17));
#2480 = ( GEOMETRIC_REPRESENTATION_CONTEXT(2) 
PARAMETRIC_REPRESENTATION_CONTEXT() REPRESENTATION_CONTEXT('2D SPACE',''
  ) );
#2481 = PCURVE('',#2232,#2482);
#2482 = DEFINITIONAL_REPRESENTATION('',(#2483),#2487);
#2483 = LINE('',#2484,#2485);
#2484 = CARTESIAN_POINT('',(2.749839244156,-7.484554009366));
#2485 = VECTOR('',#2486,1.);
#2486 = DIRECTION('',(-0.963776065795,0.266712757475));
#2487 = ( GEOMETRIC_REPRESENTATION_CONTEXT(2) 
PARAMETRIC_REPRESENTATION_CONTEXT() REPRESENTATION_CONTEXT('2D SPACE',''
  ) );
#2488 = ADVANCED_FACE('',(#2489),#325,.T.);
#2489 = FACE_BOUND('',#2490,.T.);
#2490 = EDGE_LOOP('',(#2491,#2492,#2493,#2516));
#2491 = ORIENTED_EDGE('',*,*,#2445,.T.);
#2492 = ORIENTED_EDGE('',*,*,#309,.T.);
#2493 = ORIENTED_EDGE('',*,*,#2494,.F.);
#2494 = EDGE_CURVE('',#2495,#310,#2497,.T.);
#2495 = VERTEX_POINT('',#2496);
#2496 = CARTESIAN_POINT('',(9.480014801149,10.866641998084,
    2.175367804451));
#2497 = SURFACE_CURVE('',#2498,(#2502,#2509),.PCURVE_S1.);
#2498 = LINE('',#2499,#2500);
#2499 = CARTESIAN_POINT('',(9.480014801149,10.866641998084,
    2.175367804451));
#2500 = VECTOR('',#2501,1.);
#2501 = DIRECTION('',(0.857492925713,0.514495755428,1.110223024625E-16)
  );
#2502 = PCURVE('',#325,#2503);
#2503 = DEFINITIONAL_REPRESENTATION('',(#2504),#2508);
#2504 = LINE('',#2505,#2506);
#2505 = CARTESIAN_POINT('',(0.147247371137,-6.226895456649E-16));
#2506 = VECTOR('',#2507,1.);
#2507 = DIRECTION('',(-1.901648236019E-17,-1.));
#2508 = ( GEOMETRIC_REPRESENTATION_CONTEXT(2) 
PARAMETRIC_REPRESENTATION_CONTEXT() REPRESENTATION_CONTEXT('2D SPACE',''
  ) );
#2509 = PCURVE('',#353,#2510);
#2510 = DEFINITIONAL_REPRESENTATION('',(#2511),#2515);
#2511 = LINE('',#2512,#2513);
#2512 = CARTESIAN_POINT('',(0.,-0.));
#2513 = VECTOR('',#2514,1.);
#2514 = DIRECTION('',(-2.237656613668E-17,-1.));
#2515 = ( GEOMETRIC_REPRESENTATION_CONTEXT(2) 
PARAMETRIC_REPRESENTATION_CONTEXT() REPRESENTATION_CONTEXT('2D SPACE',''
  ) );
#2516 = ORIENTED_EDGE('',*,*,#2517,.F.);
#2517 = EDGE_CURVE('',#2446,#2495,#2518,.T.);
#2518 = SURFACE_CURVE('',#2519,(#2523,#2530),.PCURVE_S1.);
#2519 = LINE('',#2520,#2521);
#2520 = CARTESIAN_POINT('',(9.551949297061,10.746751171565,
    2.129178992803));
#2521 = VECTOR('',#2522,1.);
#2522 = DIRECTION('',(-0.488528218574,0.814213697623,0.313681740399));
#2523 = PCURVE('',#325,#2524);
#2524 = DEFINITIONAL_REPRESENTATION('',(#2525),#2529);
#2525 = LINE('',#2526,#2527);
#2526 = CARTESIAN_POINT('',(0.,-0.));
#2527 = VECTOR('',#2528,1.);
#2528 = DIRECTION('',(1.,2.068548217172E-17));
#2529 = ( GEOMETRIC_REPRESENTATION_CONTEXT(2) 
PARAMETRIC_REPRESENTATION_CONTEXT() REPRESENTATION_CONTEXT('2D SPACE',''
  ) );
#2530 = PCURVE('',#2232,#2531);
#2531 = DEFINITIONAL_REPRESENTATION('',(#2532),#2536);
#2532 = LINE('',#2533,#2534);
#2533 = CARTESIAN_POINT('',(2.607925752102,-7.445281256979));
#2534 = VECTOR('',#2535,1.);
#2535 = DIRECTION('',(-0.949528180593,0.313681740399));
#2536 = ( GEOMETRIC_REPRESENTATION_CONTEXT(2) 
PARAMETRIC_REPRESENTATION_CONTEXT() REPRESENTATION_CONTEXT('2D SPACE',''
  ) );
#2537 = ADVANCED_FACE('',(#2538),#353,.T.);
#2538 = FACE_BOUND('',#2539,.T.);
#2539 = EDGE_LOOP('',(#2540,#2541,#2542,#2565));
#2540 = ORIENTED_EDGE('',*,*,#2494,.T.);
#2541 = ORIENTED_EDGE('',*,*,#337,.T.);
#2542 = ORIENTED_EDGE('',*,*,#2543,.F.);
#2543 = EDGE_CURVE('',#2544,#338,#2546,.T.);
#2544 = VERTEX_POINT('',#2545);
#2545 = CARTESIAN_POINT('',(9.409332995127,10.984445008121,
    2.228361402466));
#2546 = SURFACE_CURVE('',#2547,(#2551,#2558),.PCURVE_S1.);
#2547 = LINE('',#2548,#2549);
#2548 = CARTESIAN_POINT('',(9.409332995127,10.984445008121,
    2.228361402466));
#2549 = VECTOR('',#2550,1.);
#2550 = DIRECTION('',(0.857492925713,0.514495755428,1.110223024625E-16)
  );
#2551 = PCURVE('',#353,#2552);
#2552 = DEFINITIONAL_REPRESENTATION('',(#2553),#2557);
#2553 = LINE('',#2554,#2555);
#2554 = CARTESIAN_POINT('',(0.147247371137,9.031116301444E-16));
#2555 = VECTOR('',#2556,1.);
#2556 = DIRECTION('',(-2.237656613668E-17,-1.));
#2557 = ( GEOMETRIC_REPRESENTATION_CONTEXT(2) 
PARAMETRIC_REPRESENTATION_CONTEXT() REPRESENTATION_CONTEXT('2D SPACE',''
  ) );
#2558 = PCURVE('',#381,#2559);
#2559 = DEFINITIONAL_REPRESENTATION('',(#2560),#2564);
#2560 = LINE('',#2561,#2562);
#2561 = CARTESIAN_POINT('',(0.,-0.));
#2562 = VECTOR('',#2563,1.);
#2563 = DIRECTION('',(-6.991684672002E-18,-1.));
#2564 = ( GEOMETRIC_REPRESENTATION_CONTEXT(2) 
PARAMETRIC_REPRESENTATION_CONTEXT() REPRESENTATION_CONTEXT('2D SPACE',''
  ) );
#2565 = ORIENTED_EDGE('',*,*,#2566,.F.);
#2566 = EDGE_CURVE('',#2495,#2544,#2567,.T.);
#2567 = SURFACE_CURVE('',#2568,(#2572,#2579),.PCURVE_S1.);
#2568 = LINE('',#2569,#2570);
#2569 = CARTESIAN_POINT('',(9.480014801149,10.866641998084,
    2.175367804451));
#2570 = VECTOR('',#2571,1.);
#2571 = DIRECTION('',(-0.480020834845,0.800034724742,0.359895036535));
#2572 = PCURVE('',#353,#2573);
#2573 = DEFINITIONAL_REPRESENTATION('',(#2574),#2578);
#2574 = LINE('',#2575,#2576);
#2575 = CARTESIAN_POINT('',(0.,-0.));
#2576 = VECTOR('',#2577,1.);
#2577 = DIRECTION('',(1.,1.555477563031E-17));
#2578 = ( GEOMETRIC_REPRESENTATION_CONTEXT(2) 
PARAMETRIC_REPRESENTATION_CONTEXT() REPRESENTATION_CONTEXT('2D SPACE',''
  ) );
#2579 = PCURVE('',#2232,#2580);
#2580 = DEFINITIONAL_REPRESENTATION('',(#2581),#2585);
#2581 = LINE('',#2582,#2583);
#2582 = CARTESIAN_POINT('',(2.468110223689,-7.399092445331));
#2583 = VECTOR('',#2584,1.);
#2584 = DIRECTION('',(-0.932992798835,0.359895036535));
#2585 = ( GEOMETRIC_REPRESENTATION_CONTEXT(2) 
PARAMETRIC_REPRESENTATION_CONTEXT() REPRESENTATION_CONTEXT('2D SPACE',''
  ) );
#2586 = ADVANCED_FACE('',(#2587),#381,.T.);
#2587 = FACE_BOUND('',#2588,.T.);
#2588 = EDGE_LOOP('',(#2589,#2590,#2591,#2614));
#2589 = ORIENTED_EDGE('',*,*,#2543,.T.);
#2590 = ORIENTED_EDGE('',*,*,#365,.T.);
#2591 = ORIENTED_EDGE('',*,*,#2592,.F.);
#2592 = EDGE_CURVE('',#2593,#366,#2595,.T.);
#2593 = VERTEX_POINT('',#2594);
#2594 = CARTESIAN_POINT('',(9.340074157656,11.099876403906,2.28803212063
    ));
#2595 = SURFACE_CURVE('',#2596,(#2600,#2607),.PCURVE_S1.);
#2596 = LINE('',#2597,#2598);
#2597 = CARTESIAN_POINT('',(9.340074157656,11.099876403906,2.28803212063
    ));
#2598 = VECTOR('',#2599,1.);
#2599 = DIRECTION('',(0.857492925713,0.514495755428,1.110223024625E-16)
  );
#2600 = PCURVE('',#381,#2601);
#2601 = DEFINITIONAL_REPRESENTATION('',(#2602),#2606);
#2602 = LINE('',#2603,#2604);
#2603 = CARTESIAN_POINT('',(0.147247371137,-9.225587758359E-16));
#2604 = VECTOR('',#2605,1.);
#2605 = DIRECTION('',(-6.991684672002E-18,-1.));
#2606 = ( GEOMETRIC_REPRESENTATION_CONTEXT(2) 
PARAMETRIC_REPRESENTATION_CONTEXT() REPRESENTATION_CONTEXT('2D SPACE',''
  ) );
#2607 = PCURVE('',#409,#2608);
#2608 = DEFINITIONAL_REPRESENTATION('',(#2609),#2613);
#2609 = LINE('',#2610,#2611);
#2610 = CARTESIAN_POINT('',(0.,-0.));
#2611 = VECTOR('',#2612,1.);
#2612 = DIRECTION('',(-8.334608132497E-19,-1.));
#2613 = ( GEOMETRIC_REPRESENTATION_CONTEXT(2) 
PARAMETRIC_REPRESENTATION_CONTEXT() REPRESENTATION_CONTEXT('2D SPACE',''
  ) );
#2614 = ORIENTED_EDGE('',*,*,#2615,.F.);
#2615 = EDGE_CURVE('',#2544,#2593,#2616,.T.);
#2616 = SURFACE_CURVE('',#2617,(#2621,#2628),.PCURVE_S1.);
#2617 = LINE('',#2618,#2619);
#2618 = CARTESIAN_POINT('',(9.409332995127,10.984445008121,
    2.228361402466));
#2619 = VECTOR('',#2620,1.);
#2620 = DIRECTION('',(-0.47035703888,0.783928398133,0.405241314005));
#2621 = PCURVE('',#381,#2622);
#2622 = DEFINITIONAL_REPRESENTATION('',(#2623),#2627);
#2623 = LINE('',#2624,#2625);
#2624 = CARTESIAN_POINT('',(0.,-0.));
#2625 = VECTOR('',#2626,1.);
#2626 = DIRECTION('',(1.,1.052032749749E-17));
#2627 = ( GEOMETRIC_REPRESENTATION_CONTEXT(2) 
PARAMETRIC_REPRESENTATION_CONTEXT() REPRESENTATION_CONTEXT('2D SPACE',''
  ) );
#2628 = PCURVE('',#2232,#2629);
#2629 = DEFINITIONAL_REPRESENTATION('',(#2630),#2634);
#2630 = LINE('',#2631,#2632);
#2631 = CARTESIAN_POINT('',(2.33072948677,-7.346098847316));
#2632 = VECTOR('',#2633,1.);
#2633 = DIRECTION('',(-0.914209755704,0.405241314005));
#2634 = ( GEOMETRIC_REPRESENTATION_CONTEXT(2) 
PARAMETRIC_REPRESENTATION_CONTEXT() REPRESENTATION_CONTEXT('2D SPACE',''
  ) );
#2635 = ADVANCED_FACE('',(#2636),#409,.T.);
#2636 = FACE_BOUND('',#2637,.T.);
#2637 = EDGE_LOOP('',(#2638,#2639,#2640,#2663));
#2638 = ORIENTED_EDGE('',*,*,#2592,.T.);
#2639 = ORIENTED_EDGE('',*,*,#393,.T.);
#2640 = ORIENTED_EDGE('',*,*,#2641,.F.);
#2641 = EDGE_CURVE('',#2642,#394,#2644,.T.);
#2642 = VERTEX_POINT('',#2643);
#2643 = CARTESIAN_POINT('',(9.272405139342,11.212658101097,
    2.354236206955));
#2644 = SURFACE_CURVE('',#2645,(#2649,#2656),.PCURVE_S1.);
#2645 = LINE('',#2646,#2647);
#2646 = CARTESIAN_POINT('',(9.272405139342,11.212658101097,
    2.354236206955));
#2647 = VECTOR('',#2648,1.);
#2648 = DIRECTION('',(0.857492925713,0.514495755428,1.110223024625E-16)
  );
#2649 = PCURVE('',#409,#2650);
#2650 = DEFINITIONAL_REPRESENTATION('',(#2651),#2655);
#2651 = LINE('',#2652,#2653);
#2652 = CARTESIAN_POINT('',(0.147247371137,2.910223077718E-16));
#2653 = VECTOR('',#2654,1.);
#2654 = DIRECTION('',(-8.334608132497E-19,-1.));
#2655 = ( GEOMETRIC_REPRESENTATION_CONTEXT(2) 
PARAMETRIC_REPRESENTATION_CONTEXT() REPRESENTATION_CONTEXT('2D SPACE',''
  ) );
#2656 = PCURVE('',#437,#2657);
#2657 = DEFINITIONAL_REPRESENTATION('',(#2658),#2662);
#2658 = LINE('',#2659,#2660);
#2659 = CARTESIAN_POINT('',(0.,-0.));
#2660 = VECTOR('',#2661,1.);
#2661 = DIRECTION('',(-6.506221311887E-18,-1.));
#2662 = ( GEOMETRIC_REPRESENTATION_CONTEXT(2) 
PARAMETRIC_REPRESENTATION_CONTEXT() REPRESENTATION_CONTEXT('2D SPACE',''
  ) );
#2663 = ORIENTED_EDGE('',*,*,#2664,.F.);
#2664 = EDGE_CURVE('',#2593,#2642,#2665,.T.);
#2665 = SURFACE_CURVE('',#2666,(#2670,#2677),.PCURVE_S1.);
#2666 = LINE('',#2667,#2668);
#2667 = CARTESIAN_POINT('',(9.340074157656,11.099876403906,2.28803212063
    ));
#2668 = VECTOR('',#2669,1.);
#2669 = DIRECTION('',(-0.45956011161,0.76593351935,0.449611329655));
#2670 = PCURVE('',#409,#2671);
#2671 = DEFINITIONAL_REPRESENTATION('',(#2672),#2676);
#2672 = LINE('',#2673,#2674);
#2673 = CARTESIAN_POINT('',(0.,-0.));
#2674 = VECTOR('',#2675,1.);
#2675 = DIRECTION('',(1.,5.59426619977E-18));
#2676 = ( GEOMETRIC_REPRESENTATION_CONTEXT(2) 
PARAMETRIC_REPRESENTATION_CONTEXT() REPRESENTATION_CONTEXT('2D SPACE',''
  ) );
#2677 = PCURVE('',#2232,#2678);
#2678 = DEFINITIONAL_REPRESENTATION('',(#2679),#2683);
#2679 = LINE('',#2680,#2681);
#2680 = CARTESIAN_POINT('',(2.196114503575,-7.286428129152));
#2681 = VECTOR('',#2682,1.);
#2682 = DIRECTION('',(-0.893224301196,0.449611329655));
#2683 = ( GEOMETRIC_REPRESENTATION_CONTEXT(2) 
PARAMETRIC_REPRESENTATION_CONTEXT() REPRESENTATION_CONTEXT('2D SPACE',''
  ) );
#2684 = ADVANCED_FACE('',(#2685),#437,.T.);
#2685 = FACE_BOUND('',#2686,.T.);
#2686 = EDGE_LOOP('',(#2687,#2688,#2689,#2712));
#2687 = ORIENTED_EDGE('',*,*,#2641,.T.);
#2688 = ORIENTED_EDGE('',*,*,#421,.T.);
#2689 = ORIENTED_EDGE('',*,*,#2690,.F.);
#2690 = EDGE_CURVE('',#2691,#422,#2693,.T.);
#2691 = VERTEX_POINT('',#2692);
#2692 = CARTESIAN_POINT('',(9.206488960777,11.322518398705,
    2.426814169999));
#2693 = SURFACE_CURVE('',#2694,(#2698,#2705),.PCURVE_S1.);
#2694 = LINE('',#2695,#2696);
#2695 = CARTESIAN_POINT('',(9.206488960777,11.322518398705,
    2.426814169999));
#2696 = VECTOR('',#2697,1.);
#2697 = DIRECTION('',(0.857492925713,0.514495755428,1.110223024625E-16)
  );
#2698 = PCURVE('',#437,#2699);
#2699 = DEFINITIONAL_REPRESENTATION('',(#2700),#2704);
#2700 = LINE('',#2701,#2702);
#2701 = CARTESIAN_POINT('',(0.147247371137,9.009373288466E-16));
#2702 = VECTOR('',#2703,1.);
#2703 = DIRECTION('',(-6.506221311887E-18,-1.));
#2704 = ( GEOMETRIC_REPRESENTATION_CONTEXT(2) 
PARAMETRIC_REPRESENTATION_CONTEXT() REPRESENTATION_CONTEXT('2D SPACE',''
  ) );
#2705 = PCURVE('',#465,#2706);
#2706 = DEFINITIONAL_REPRESENTATION('',(#2707),#2711);
#2707 = LINE('',#2708,#2709);
#2708 = CARTESIAN_POINT('',(0.,-0.));
#2709 = VECTOR('',#2710,1.);
#2710 = DIRECTION('',(-8.74376550393E-19,-1.));
#2711 = ( GEOMETRIC_REPRESENTATION_CONTEXT(2) 
PARAMETRIC_REPRESENTATION_CONTEXT() REPRESENTATION_CONTEXT('2D SPACE',''
  ) );
#2712 = ORIENTED_EDGE('',*,*,#2713,.F.);
#2713 = EDGE_CURVE('',#2642,#2691,#2714,.T.);
#2714 = SURFACE_CURVE('',#2715,(#2719,#2726),.PCURVE_S1.);
#2715 = LINE('',#2716,#2717);
#2716 = CARTESIAN_POINT('',(9.272405139342,11.212658101097,
    2.354236206955));
#2717 = VECTOR('',#2718,1.);
#2718 = DIRECTION('',(-0.447656063778,0.74609343963,0.49289819223));
#2719 = PCURVE('',#437,#2720);
#2720 = DEFINITIONAL_REPRESENTATION('',(#2721),#2725);
#2721 = LINE('',#2722,#2723);
#2722 = CARTESIAN_POINT('',(0.,-0.));
#2723 = VECTOR('',#2724,1.);
#2724 = DIRECTION('',(1.,7.884590502956E-19));
#2725 = ( GEOMETRIC_REPRESENTATION_CONTEXT(2) 
PARAMETRIC_REPRESENTATION_CONTEXT() REPRESENTATION_CONTEXT('2D SPACE',''
  ) );
#2726 = PCURVE('',#2232,#2727);
#2727 = DEFINITIONAL_REPRESENTATION('',(#2728),#2732);
#2728 = LINE('',#2729,#2730);
#2729 = CARTESIAN_POINT('',(2.064589573387,-7.220224042827));
#2730 = VECTOR('',#2731,1.);
#2731 = DIRECTION('',(-0.870086991109,0.49289819223));
#2732 = ( GEOMETRIC_REPRESENTATION_CONTEXT(2) 
PARAMETRIC_REPRESENTATION_CONTEXT() REPRESENTATION_CONTEXT('2D SPACE',''
  ) );
#2733 = ADVANCED_FACE('',(#2734),#465,.T.);
#2734 = FACE_BOUND('',#2735,.T.);
#2735 = EDGE_LOOP('',(#2736,#2737,#2738,#2761));
#2736 = ORIENTED_EDGE('',*,*,#2690,.T.);
#2737 = ORIENTED_EDGE('',*,*,#449,.T.);
#2738 = ORIENTED_EDGE('',*,*,#2739,.F.);
#2739 = EDGE_CURVE('',#2740,#450,#2742,.T.);
#2740 = VERTEX_POINT('',#2741);
#2741 = CARTESIAN_POINT('',(9.142484419809,11.429192633652,
    2.505591163092));
#2742 = SURFACE_CURVE('',#2743,(#2747,#2754),.PCURVE_S1.);
#2743 = LINE('',#2744,#2745);
#2744 = CARTESIAN_POINT('',(9.142484419809,11.429192633652,
    2.505591163092));
#2745 = VECTOR('',#2746,1.);
#2746 = DIRECTION('',(0.857492925713,0.514495755428,1.110223024625E-16)
  );
#2747 = PCURVE('',#465,#2748);
#2748 = DEFINITIONAL_REPRESENTATION('',(#2749),#2753);
#2749 = LINE('',#2750,#2751);
#2750 = CARTESIAN_POINT('',(0.147247371137,-6.193686666981E-16));
#2751 = VECTOR('',#2752,1.);
#2752 = DIRECTION('',(-8.74376550393E-19,-1.));
#2753 = ( GEOMETRIC_REPRESENTATION_CONTEXT(2) 
PARAMETRIC_REPRESENTATION_CONTEXT() REPRESENTATION_CONTEXT('2D SPACE',''
  ) );
#2754 = PCURVE('',#493,#2755);
#2755 = DEFINITIONAL_REPRESENTATION('',(#2756),#2760);
#2756 = LINE('',#2757,#2758);
#2757 = CARTESIAN_POINT('',(0.,-0.));
#2758 = VECTOR('',#2759,1.);
#2759 = DIRECTION('',(4.73286014169E-17,-1.));
#2760 = ( GEOMETRIC_REPRESENTATION_CONTEXT(2) 
PARAMETRIC_REPRESENTATION_CONTEXT() REPRESENTATION_CONTEXT('2D SPACE',''
  ) );
#2761 = ORIENTED_EDGE('',*,*,#2762,.F.);
#2762 = EDGE_CURVE('',#2691,#2740,#2763,.T.);
#2763 = SURFACE_CURVE('',#2764,(#2768,#2775),.PCURVE_S1.);
#2764 = LINE('',#2765,#2766);
#2765 = CARTESIAN_POINT('',(9.206488960777,11.322518398705,
    2.426814169999));
#2766 = VECTOR('',#2767,1.);
#2767 = DIRECTION('',(-0.434673573279,0.724455955465,0.534997619887));
#2768 = PCURVE('',#465,#2769);
#2769 = DEFINITIONAL_REPRESENTATION('',(#2770),#2774);
#2770 = LINE('',#2771,#2772);
#2771 = CARTESIAN_POINT('',(0.,-0.));
#2772 = VECTOR('',#2773,1.);
#2773 = DIRECTION('',(1.,-1.149078188031E-16));
#2774 = ( GEOMETRIC_REPRESENTATION_CONTEXT(2) 
PARAMETRIC_REPRESENTATION_CONTEXT() REPRESENTATION_CONTEXT('2D SPACE',''
  ) );
#2775 = PCURVE('',#2232,#2776);
#2776 = DEFINITIONAL_REPRESENTATION('',(#2777),#2781);
#2777 = LINE('',#2778,#2779);
#2778 = CARTESIAN_POINT('',(1.936471551286,-7.147646079783));
#2779 = VECTOR('',#2780,1.);
#2780 = DIRECTION('',(-0.84485356525,0.534997619887));
#2781 = ( GEOMETRIC_REPRESENTATION_CONTEXT(2) 
PARAMETRIC_REPRESENTATION_CONTEXT() REPRESENTATION_CONTEXT('2D SPACE',''
  ) );
#2782 = ADVANCED_FACE('',(#2783),#493,.T.);
#2783 = FACE_BOUND('',#2784,.T.);
#2784 = EDGE_LOOP('',(#2785,#2786,#2787,#2810));
#2785 = ORIENTED_EDGE('',*,*,#2739,.T.);
#2786 = ORIENTED_EDGE('',*,*,#477,.T.);
#2787 = ORIENTED_EDGE('',*,*,#2788,.F.);
#2788 = EDGE_CURVE('',#2789,#478,#2791,.T.);
#2789 = VERTEX_POINT('',#2790);
#2790 = CARTESIAN_POINT('',(9.080545708983,11.532423818362,
    2.590377405558));
#2791 = SURFACE_CURVE('',#2792,(#2796,#2803),.PCURVE_S1.);
#2792 = LINE('',#2793,#2794);
#2793 = CARTESIAN_POINT('',(9.080545708983,11.532423818362,
    2.590377405558));
#2794 = VECTOR('',#2795,1.);
#2795 = DIRECTION('',(0.857492925713,0.514495755428,1.110223024625E-16)
  );
#2796 = PCURVE('',#493,#2797);
#2797 = DEFINITIONAL_REPRESENTATION('',(#2798),#2802);
#2798 = LINE('',#2799,#2800);
#2799 = CARTESIAN_POINT('',(0.147247371137,5.942706057842E-16));
#2800 = VECTOR('',#2801,1.);
#2801 = DIRECTION('',(4.73286014169E-17,-1.));
#2802 = ( GEOMETRIC_REPRESENTATION_CONTEXT(2) 
PARAMETRIC_REPRESENTATION_CONTEXT() REPRESENTATION_CONTEXT('2D SPACE',''
  ) );
#2803 = PCURVE('',#521,#2804);
#2804 = DEFINITIONAL_REPRESENTATION('',(#2805),#2809);
#2805 = LINE('',#2806,#2807);
#2806 = CARTESIAN_POINT('',(0.,-0.));
#2807 = VECTOR('',#2808,1.);
#2808 = DIRECTION('',(-2.733472636215E-18,-1.));
#2809 = ( GEOMETRIC_REPRESENTATION_CONTEXT(2) 
PARAMETRIC_REPRESENTATION_CONTEXT() REPRESENTATION_CONTEXT('2D SPACE',''
  ) );
#2810 = ORIENTED_EDGE('',*,*,#2811,.F.);
#2811 = EDGE_CURVE('',#2740,#2789,#2812,.T.);
#2812 = SURFACE_CURVE('',#2813,(#2817,#2824),.PCURVE_S1.);
#2813 = LINE('',#2814,#2815);
#2814 = CARTESIAN_POINT('',(9.142484419809,11.429192633652,
    2.505591163092));
#2815 = VECTOR('',#2816,1.);
#2816 = DIRECTION('',(-0.420643916068,0.701073193447,0.575808191418));
#2817 = PCURVE('',#493,#2818);
#2818 = DEFINITIONAL_REPRESENTATION('',(#2819),#2823);
#2819 = LINE('',#2820,#2821);
#2820 = CARTESIAN_POINT('',(0.,-0.));
#2821 = VECTOR('',#2822,1.);
#2822 = DIRECTION('',(1.,-6.392755118799E-17));
#2823 = ( GEOMETRIC_REPRESENTATION_CONTEXT(2) 
PARAMETRIC_REPRESENTATION_CONTEXT() REPRESENTATION_CONTEXT('2D SPACE',''
  ) );
#2824 = PCURVE('',#2232,#2825);
#2825 = DEFINITIONAL_REPRESENTATION('',(#2826),#2830);
#2826 = LINE('',#2827,#2828);
#2827 = CARTESIAN_POINT('',(1.812069084807,-7.06886908669));
#2828 = VECTOR('',#2829,1.);
#2829 = DIRECTION('',(-0.817584813152,0.575808191418));
#2830 = ( GEOMETRIC_REPRESENTATION_CONTEXT(2) 
PARAMETRIC_REPRESENTATION_CONTEXT() REPRESENTATION_CONTEXT('2D SPACE',''
  ) );
#2831 = ADVANCED_FACE('',(#2832),#521,.T.);
#2832 = FACE_BOUND('',#2833,.T.);
#2833 = EDGE_LOOP('',(#2834,#2835,#2836,#2859));
#2834 = ORIENTED_EDGE('',*,*,#2788,.T.);
#2835 = ORIENTED_EDGE('',*,*,#505,.T.);
#2836 = ORIENTED_EDGE('',*,*,#2837,.F.);
#2837 = EDGE_CURVE('',#2838,#506,#2840,.T.);
#2838 = VERTEX_POINT('',#2839);
#2839 = CARTESIAN_POINT('',(9.020822044078,11.63196325987,2.680968639912
    ));
#2840 = SURFACE_CURVE('',#2841,(#2845,#2852),.PCURVE_S1.);
#2841 = LINE('',#2842,#2843);
#2842 = CARTESIAN_POINT('',(9.020822044078,11.63196325987,2.680968639912
    ));
#2843 = VECTOR('',#2844,1.);
#2844 = DIRECTION('',(0.857492925713,0.514495755428,1.110223024625E-16)
  );
#2845 = PCURVE('',#521,#2846);
#2846 = DEFINITIONAL_REPRESENTATION('',(#2847),#2851);
#2847 = LINE('',#2848,#2849);
#2848 = CARTESIAN_POINT('',(0.147247371137,-1.699654132478E-17));
#2849 = VECTOR('',#2850,1.);
#2850 = DIRECTION('',(-2.733472636215E-18,-1.));
#2851 = ( GEOMETRIC_REPRESENTATION_CONTEXT(2) 
PARAMETRIC_REPRESENTATION_CONTEXT() REPRESENTATION_CONTEXT('2D SPACE',''
  ) );
#2852 = PCURVE('',#549,#2853);
#2853 = DEFINITIONAL_REPRESENTATION('',(#2854),#2858);
#2854 = LINE('',#2855,#2856);
#2855 = CARTESIAN_POINT('',(0.,-0.));
#2856 = VECTOR('',#2857,1.);
#2857 = DIRECTION('',(-2.457298354764E-17,-1.));
#2858 = ( GEOMETRIC_REPRESENTATION_CONTEXT(2) 
PARAMETRIC_REPRESENTATION_CONTEXT() REPRESENTATION_CONTEXT('2D SPACE',''
  ) );
#2859 = ORIENTED_EDGE('',*,*,#2860,.F.);
#2860 = EDGE_CURVE('',#2789,#2838,#2861,.T.);
#2861 = SURFACE_CURVE('',#2862,(#2866,#2873),.PCURVE_S1.);
#2862 = LINE('',#2863,#2864);
#2863 = CARTESIAN_POINT('',(9.080545708983,11.532423818362,
    2.590377405558));
#2864 = VECTOR('',#2865,1.);
#2865 = DIRECTION('',(-0.40560089082,0.676001484701,0.615231590581));
#2866 = PCURVE('',#521,#2867);
#2867 = DEFINITIONAL_REPRESENTATION('',(#2868),#2872);
#2868 = LINE('',#2869,#2870);
#2869 = CARTESIAN_POINT('',(0.,-0.));
#2870 = VECTOR('',#2871,1.);
#2871 = DIRECTION('',(1.,4.271787472858E-17));
#2872 = ( GEOMETRIC_REPRESENTATION_CONTEXT(2) 
PARAMETRIC_REPRESENTATION_CONTEXT() REPRESENTATION_CONTEXT('2D SPACE',''
  ) );
#2873 = PCURVE('',#2232,#2874);
#2874 = DEFINITIONAL_REPRESENTATION('',(#2875),#2879);
#2875 = LINE('',#2876,#2877);
#2876 = CARTESIAN_POINT('',(1.691681870388,-6.984082844224));
#2877 = VECTOR('',#2878,1.);
#2878 = DIRECTION('',(-0.788346427627,0.615231590581));
#2879 = ( GEOMETRIC_REPRESENTATION_CONTEXT(2) 
PARAMETRIC_REPRESENTATION_CONTEXT() REPRESENTATION_CONTEXT('2D SPACE',''
  ) );
#2880 = ADVANCED_FACE('',(#2881),#549,.T.);
#2881 = FACE_BOUND('',#2882,.T.);
#2882 = EDGE_LOOP('',(#2883,#2884,#2885,#2908));
#2883 = ORIENTED_EDGE('',*,*,#2837,.T.);
#2884 = ORIENTED_EDGE('',*,*,#533,.T.);
#2885 = ORIENTED_EDGE('',*,*,#2886,.F.);
#2886 = EDGE_CURVE('',#2887,#534,#2889,.T.);
#2887 = VERTEX_POINT('',#2888);
#2888 = CARTESIAN_POINT('',(8.963457304636,11.727571158941,
    2.777146623935));
#2889 = SURFACE_CURVE('',#2890,(#2894,#2901),.PCURVE_S1.);
#2890 = LINE('',#2891,#2892);
#2891 = CARTESIAN_POINT('',(8.963457304636,11.727571158941,
    2.777146623935));
#2892 = VECTOR('',#2893,1.);
#2893 = DIRECTION('',(0.857492925713,0.514495755428,1.110223024625E-16)
  );
#2894 = PCURVE('',#549,#2895);
#2895 = DEFINITIONAL_REPRESENTATION('',(#2896),#2900);
#2896 = LINE('',#2897,#2898);
#2897 = CARTESIAN_POINT('',(0.147247371137,-6.213005647763E-16));
#2898 = VECTOR('',#2899,1.);
#2899 = DIRECTION('',(-2.457298354764E-17,-1.));
#2900 = ( GEOMETRIC_REPRESENTATION_CONTEXT(2) 
PARAMETRIC_REPRESENTATION_CONTEXT() REPRESENTATION_CONTEXT('2D SPACE',''
  ) );
#2901 = PCURVE('',#577,#2902);
#2902 = DEFINITIONAL_REPRESENTATION('',(#2903),#2907);
#2903 = LINE('',#2904,#2905);
#2904 = CARTESIAN_POINT('',(0.,-0.));
#2905 = VECTOR('',#2906,1.);
#2906 = DIRECTION('',(-4.690114286083E-17,-1.));
#2907 = ( GEOMETRIC_REPRESENTATION_CONTEXT(2) 
PARAMETRIC_REPRESENTATION_CONTEXT() REPRESENTATION_CONTEXT('2D SPACE',''
  ) );
#2908 = ORIENTED_EDGE('',*,*,#2909,.F.);
#2909 = EDGE_CURVE('',#2838,#2887,#2910,.T.);
#2910 = SURFACE_CURVE('',#2911,(#2915,#2922),.PCURVE_S1.);
#2911 = LINE('',#2912,#2913);
#2912 = CARTESIAN_POINT('',(9.020822044078,11.63196325987,2.680968639912
    ));
#2913 = VECTOR('',#2914,1.);
#2914 = DIRECTION('',(-0.3895807375,0.649301229166,0.653172842954));
#2915 = PCURVE('',#549,#2916);
#2916 = DEFINITIONAL_REPRESENTATION('',(#2917),#2921);
#2917 = LINE('',#2918,#2919);
#2918 = CARTESIAN_POINT('',(0.,-0.));
#2919 = VECTOR('',#2920,1.);
#2920 = DIRECTION('',(1.,-1.700560169946E-17));
#2921 = ( GEOMETRIC_REPRESENTATION_CONTEXT(2) 
PARAMETRIC_REPRESENTATION_CONTEXT() REPRESENTATION_CONTEXT('2D SPACE',''
  ) );
#2922 = PCURVE('',#2232,#2923);
#2923 = DEFINITIONAL_REPRESENTATION('',(#2924),#2928);
#2924 = LINE('',#2925,#2926);
#2925 = CARTESIAN_POINT('',(1.575599931375,-6.89349160987));
#2926 = VECTOR('',#2927,1.);
#2927 = DIRECTION('',(-0.757208846506,0.653172842954));
#2928 = ( GEOMETRIC_REPRESENTATION_CONTEXT(2) 
PARAMETRIC_REPRESENTATION_CONTEXT() REPRESENTATION_CONTEXT('2D SPACE',''
  ) );
#2929 = ADVANCED_FACE('',(#2930),#577,.T.);
#2930 = FACE_BOUND('',#2931,.T.);
#2931 = EDGE_LOOP('',(#2932,#2933,#2934,#2957));
#2932 = ORIENTED_EDGE('',*,*,#2886,.T.);
#2933 = ORIENTED_EDGE('',*,*,#561,.T.);
#2934 = ORIENTED_EDGE('',*,*,#2935,.F.);
#2935 = EDGE_CURVE('',#2936,#562,#2938,.T.);
#2936 = VERTEX_POINT('',#2937);
#2937 = CARTESIAN_POINT('',(8.908589687337,11.819017187772,2.87867965644
    ));
#2938 = SURFACE_CURVE('',#2939,(#2943,#2950),.PCURVE_S1.);
#2939 = LINE('',#2940,#2941);
#2940 = CARTESIAN_POINT('',(8.908589687337,11.819017187772,2.87867965644
    ));
#2941 = VECTOR('',#2942,1.);
#2942 = DIRECTION('',(0.857492925713,0.514495755428,1.110223024625E-16)
  );
#2943 = PCURVE('',#577,#2944);
#2944 = DEFINITIONAL_REPRESENTATION('',(#2945),#2949);
#2945 = LINE('',#2946,#2947);
#2946 = CARTESIAN_POINT('',(0.147247371137,-6.218950945886E-16));
#2947 = VECTOR('',#2948,1.);
#2948 = DIRECTION('',(-4.690114286083E-17,-1.));
#2949 = ( GEOMETRIC_REPRESENTATION_CONTEXT(2) 
PARAMETRIC_REPRESENTATION_CONTEXT() REPRESENTATION_CONTEXT('2D SPACE',''
  ) );
#2950 = PCURVE('',#605,#2951);
#2951 = DEFINITIONAL_REPRESENTATION('',(#2952),#2956);
#2952 = LINE('',#2953,#2954);
#2953 = CARTESIAN_POINT('',(0.,-0.));
#2954 = VECTOR('',#2955,1.);
#2955 = DIRECTION('',(1.438748737109E-17,-1.));
#2956 = ( GEOMETRIC_REPRESENTATION_CONTEXT(2) 
PARAMETRIC_REPRESENTATION_CONTEXT() REPRESENTATION_CONTEXT('2D SPACE',''
  ) );
#2957 = ORIENTED_EDGE('',*,*,#2958,.F.);
#2958 = EDGE_CURVE('',#2887,#2936,#2959,.T.);
#2959 = SURFACE_CURVE('',#2960,(#2964,#2971),.PCURVE_S1.);
#2960 = LINE('',#2961,#2962);
#2961 = CARTESIAN_POINT('',(8.963457304636,11.727571158941,
    2.777146623935));
#2962 = VECTOR('',#2963,1.);
#2963 = DIRECTION('',(-0.372622050059,0.621036750099,0.689540544737));
#2964 = PCURVE('',#577,#2965);
#2965 = DEFINITIONAL_REPRESENTATION('',(#2966),#2970);
#2966 = LINE('',#2967,#2968);
#2967 = CARTESIAN_POINT('',(0.,-0.));
#2968 = VECTOR('',#2969,1.);
#2969 = DIRECTION('',(1.,3.446792354455E-17));
#2970 = ( GEOMETRIC_REPRESENTATION_CONTEXT(2) 
PARAMETRIC_REPRESENTATION_CONTEXT() REPRESENTATION_CONTEXT('2D SPACE',''
  ) );
#2971 = PCURVE('',#2232,#2972);
#2972 = DEFINITIONAL_REPRESENTATION('',(#2973),#2977);
#2973 = LINE('',#2974,#2975);
#2974 = CARTESIAN_POINT('',(1.464102919324,-6.797313625847));
#2975 = VECTOR('',#2976,1.);
#2976 = DIRECTION('',(-0.724247082951,0.689540544737));
#2977 = ( GEOMETRIC_REPRESENTATION_CONTEXT(2) 
PARAMETRIC_REPRESENTATION_CONTEXT() REPRESENTATION_CONTEXT('2D SPACE',''
  ) );
#2978 = ADVANCED_FACE('',(#2979),#605,.T.);
#2979 = FACE_BOUND('',#2980,.T.);
#2980 = EDGE_LOOP('',(#2981,#2982,#2983,#3006));
#2981 = ORIENTED_EDGE('',*,*,#2935,.T.);
#2982 = ORIENTED_EDGE('',*,*,#589,.T.);
#2983 = ORIENTED_EDGE('',*,*,#2984,.F.);
#2984 = EDGE_CURVE('',#2985,#590,#2987,.T.);
#2985 = VERTEX_POINT('',#2986);
#2986 = CARTESIAN_POINT('',(8.856351373077,11.906081044872,
    2.985323135459));
#2987 = SURFACE_CURVE('',#2988,(#2992,#2999),.PCURVE_S1.);
#2988 = LINE('',#2989,#2990);
#2989 = CARTESIAN_POINT('',(8.856351373077,11.906081044872,
    2.985323135459));
#2990 = VECTOR('',#2991,1.);
#2991 = DIRECTION('',(0.857492925713,0.514495755428,1.110223024625E-16)
  );
#2992 = PCURVE('',#605,#2993);
#2993 = DEFINITIONAL_REPRESENTATION('',(#2994),#2998);
#2994 = LINE('',#2995,#2996);
#2995 = CARTESIAN_POINT('',(0.147247371137,1.507777960372E-15));
#2996 = VECTOR('',#2997,1.);
#2997 = DIRECTION('',(1.438748737109E-17,-1.));
#2998 = ( GEOMETRIC_REPRESENTATION_CONTEXT(2) 
PARAMETRIC_REPRESENTATION_CONTEXT() REPRESENTATION_CONTEXT('2D SPACE',''
  ) );
#2999 = PCURVE('',#633,#3000);
#3000 = DEFINITIONAL_REPRESENTATION('',(#3001),#3005);
#3001 = LINE('',#3002,#3003);
#3002 = CARTESIAN_POINT('',(0.,-0.));
#3003 = VECTOR('',#3004,1.);
#3004 = DIRECTION('',(2.014514748342E-17,-1.));
#3005 = ( GEOMETRIC_REPRESENTATION_CONTEXT(2) 
PARAMETRIC_REPRESENTATION_CONTEXT() REPRESENTATION_CONTEXT('2D SPACE',''
  ) );
#3006 = ORIENTED_EDGE('',*,*,#3007,.F.);
#3007 = EDGE_CURVE('',#2936,#2985,#3008,.T.);
#3008 = SURFACE_CURVE('',#3009,(#3013,#3020),.PCURVE_S1.);
#3009 = LINE('',#3010,#3011);
#3010 = CARTESIAN_POINT('',(8.908589687337,11.819017187772,2.87867965644
    ));
#3011 = VECTOR('',#3012,1.);
#3012 = DIRECTION('',(-0.354765683462,0.591276139104,0.724247082951));
#3013 = PCURVE('',#605,#3014);
#3014 = DEFINITIONAL_REPRESENTATION('',(#3015),#3019);
#3015 = LINE('',#3016,#3017);
#3016 = CARTESIAN_POINT('',(0.,-0.));
#3017 = VECTOR('',#3018,1.);
#3018 = DIRECTION('',(1.,-2.489642746977E-17));
#3019 = ( GEOMETRIC_REPRESENTATION_CONTEXT(2) 
PARAMETRIC_REPRESENTATION_CONTEXT() REPRESENTATION_CONTEXT('2D SPACE',''
  ) );
#3020 = PCURVE('',#2232,#3021);
#3021 = DEFINITIONAL_REPRESENTATION('',(#3022),#3026);
#3022 = LINE('',#3023,#3024);
#3023 = CARTESIAN_POINT('',(1.357459440306,-6.695780593342));
#3024 = VECTOR('',#3025,1.);
#3025 = DIRECTION('',(-0.689540544737,0.724247082951));
#3026 = ( GEOMETRIC_REPRESENTATION_CONTEXT(2) 
PARAMETRIC_REPRESENTATION_CONTEXT() REPRESENTATION_CONTEXT('2D SPACE',''
  ) );
#3027 = ADVANCED_FACE('',(#3028),#633,.T.);
#3028 = FACE_BOUND('',#3029,.T.);
#3029 = EDGE_LOOP('',(#3030,#3031,#3032,#3055));
#3030 = ORIENTED_EDGE('',*,*,#2984,.T.);
#3031 = ORIENTED_EDGE('',*,*,#617,.T.);
#3032 = ORIENTED_EDGE('',*,*,#3033,.F.);
#3033 = EDGE_CURVE('',#3034,#618,#3036,.T.);
#3034 = VERTEX_POINT('',#3035);
#3035 = CARTESIAN_POINT('',(8.806868208531,11.988552985781,
    3.096820147509));
#3036 = SURFACE_CURVE('',#3037,(#3041,#3048),.PCURVE_S1.);
#3037 = LINE('',#3038,#3039);
#3038 = CARTESIAN_POINT('',(8.806868208531,11.988552985781,
    3.096820147509));
#3039 = VECTOR('',#3040,1.);
#3040 = DIRECTION('',(0.857492925713,0.514495755428,1.110223024625E-16)
  );
#3041 = PCURVE('',#633,#3042);
#3042 = DEFINITIONAL_REPRESENTATION('',(#3043),#3047);
#3043 = LINE('',#3044,#3045);
#3044 = CARTESIAN_POINT('',(0.147247371137,-1.233623982083E-15));
#3045 = VECTOR('',#3046,1.);
#3046 = DIRECTION('',(2.014514748342E-17,-1.));
#3047 = ( GEOMETRIC_REPRESENTATION_CONTEXT(2) 
PARAMETRIC_REPRESENTATION_CONTEXT() REPRESENTATION_CONTEXT('2D SPACE',''
  ) );
#3048 = PCURVE('',#661,#3049);
#3049 = DEFINITIONAL_REPRESENTATION('',(#3050),#3054);
#3050 = LINE('',#3051,#3052);
#3051 = CARTESIAN_POINT('',(0.,-0.));
#3052 = VECTOR('',#3053,1.);
#3053 = DIRECTION('',(-5.662698174605E-17,-1.));
#3054 = ( GEOMETRIC_REPRESENTATION_CONTEXT(2) 
PARAMETRIC_REPRESENTATION_CONTEXT() REPRESENTATION_CONTEXT('2D SPACE',''
  ) );
#3055 = ORIENTED_EDGE('',*,*,#3056,.F.);
#3056 = EDGE_CURVE('',#2985,#3034,#3057,.T.);
#3057 = SURFACE_CURVE('',#3058,(#3062,#3069),.PCURVE_S1.);
#3058 = LINE('',#3059,#3060);
#3059 = CARTESIAN_POINT('',(8.856351373077,11.906081044872,
    2.985323135459));
#3060 = VECTOR('',#3061,1.);
#3061 = DIRECTION('',(-0.33605465526,0.5600910921,0.757208846506));
#3062 = PCURVE('',#633,#3063);
#3063 = DEFINITIONAL_REPRESENTATION('',(#3064),#3068);
#3064 = LINE('',#3065,#3066);
#3065 = CARTESIAN_POINT('',(0.,-0.));
#3066 = VECTOR('',#3067,1.);
#3067 = DIRECTION('',(1.,-2.855591835288E-17));
#3068 = ( GEOMETRIC_REPRESENTATION_CONTEXT(2) 
PARAMETRIC_REPRESENTATION_CONTEXT() REPRESENTATION_CONTEXT('2D SPACE',''
  ) );
#3069 = PCURVE('',#2232,#3070);
#3070 = DEFINITIONAL_REPRESENTATION('',(#3071),#3075);
#3071 = LINE('',#3072,#3073);
#3072 = CARTESIAN_POINT('',(1.255926407801,-6.589137114323));
#3073 = VECTOR('',#3074,1.);
#3074 = DIRECTION('',(-0.653172842954,0.757208846506));
#3075 = ( GEOMETRIC_REPRESENTATION_CONTEXT(2) 
PARAMETRIC_REPRESENTATION_CONTEXT() REPRESENTATION_CONTEXT('2D SPACE',''
  ) );
#3076 = ADVANCED_FACE('',(#3077),#661,.T.);
#3077 = FACE_BOUND('',#3078,.T.);
#3078 = EDGE_LOOP('',(#3079,#3080,#3081,#3104));
#3079 = ORIENTED_EDGE('',*,*,#3033,.T.);
#3080 = ORIENTED_EDGE('',*,*,#645,.T.);
#3081 = ORIENTED_EDGE('',*,*,#3082,.F.);
#3082 = EDGE_CURVE('',#3083,#646,#3085,.T.);
#3083 = VERTEX_POINT('',#3084);
#3084 = CARTESIAN_POINT('',(8.760259402977,12.066234328371,
    3.212902086523));
#3085 = SURFACE_CURVE('',#3086,(#3090,#3097),.PCURVE_S1.);
#3086 = LINE('',#3087,#3088);
#3087 = CARTESIAN_POINT('',(8.760259402977,12.066234328371,
    3.212902086523));
#3088 = VECTOR('',#3089,1.);
#3089 = DIRECTION('',(0.857492925713,0.514495755428,1.110223024625E-16)
  );
#3090 = PCURVE('',#661,#3091);
#3091 = DEFINITIONAL_REPRESENTATION('',(#3092),#3096);
#3092 = LINE('',#3093,#3094);
#3093 = CARTESIAN_POINT('',(0.147247371137,5.907960854963E-16));
#3094 = VECTOR('',#3095,1.);
#3095 = DIRECTION('',(-5.662698174605E-17,-1.));
#3096 = ( GEOMETRIC_REPRESENTATION_CONTEXT(2) 
PARAMETRIC_REPRESENTATION_CONTEXT() REPRESENTATION_CONTEXT('2D SPACE',''
  ) );
#3097 = PCURVE('',#689,#3098);
#3098 = DEFINITIONAL_REPRESENTATION('',(#3099),#3103);
#3099 = LINE('',#3100,#3101);
#3100 = CARTESIAN_POINT('',(0.,-0.));
#3101 = VECTOR('',#3102,1.);
#3102 = DIRECTION('',(3.129679146848E-17,-1.));
#3103 = ( GEOMETRIC_REPRESENTATION_CONTEXT(2) 
PARAMETRIC_REPRESENTATION_CONTEXT() REPRESENTATION_CONTEXT('2D SPACE',''
  ) );
#3104 = ORIENTED_EDGE('',*,*,#3105,.F.);
#3105 = EDGE_CURVE('',#3034,#3083,#3106,.T.);
#3106 = SURFACE_CURVE('',#3107,(#3111,#3118),.PCURVE_S1.);
#3107 = LINE('',#3108,#3109);
#3108 = CARTESIAN_POINT('',(8.806868208531,11.988552985781,
    3.096820147509));
#3109 = VECTOR('',#3110,1.);
#3110 = DIRECTION('',(-0.316534041959,0.527556736598,0.788346427627));
#3111 = PCURVE('',#661,#3112);
#3112 = DEFINITIONAL_REPRESENTATION('',(#3113),#3117);
#3113 = LINE('',#3114,#3115);
#3114 = CARTESIAN_POINT('',(0.,-0.));
#3115 = VECTOR('',#3116,1.);
#3116 = DIRECTION('',(1.,2.349826692931E-17));
#3117 = ( GEOMETRIC_REPRESENTATION_CONTEXT(2) 
PARAMETRIC_REPRESENTATION_CONTEXT() REPRESENTATION_CONTEXT('2D SPACE',''
  ) );
#3118 = PCURVE('',#2232,#3119);
#3119 = DEFINITIONAL_REPRESENTATION('',(#3120),#3124);
#3120 = LINE('',#3121,#3122);
#3121 = CARTESIAN_POINT('',(1.159748423777,-6.477640102273));
#3122 = VECTOR('',#3123,1.);
#3123 = DIRECTION('',(-0.615231590581,0.788346427627));
#3124 = ( GEOMETRIC_REPRESENTATION_CONTEXT(2) 
PARAMETRIC_REPRESENTATION_CONTEXT() REPRESENTATION_CONTEXT('2D SPACE',''
  ) );
#3125 = ADVANCED_FACE('',(#3126),#689,.T.);
#3126 = FACE_BOUND('',#3127,.T.);
#3127 = EDGE_LOOP('',(#3128,#3129,#3130,#3153));
#3128 = ORIENTED_EDGE('',*,*,#3082,.T.);
#3129 = ORIENTED_EDGE('',*,*,#673,.T.);
#3130 = ORIENTED_EDGE('',*,*,#3131,.F.);
#3131 = EDGE_CURVE('',#3132,#674,#3134,.T.);
#3132 = VERTEX_POINT('',#3133);
#3133 = CARTESIAN_POINT('',(8.71663724111,12.138937931483,3.333289300941
    ));
#3134 = SURFACE_CURVE('',#3135,(#3139,#3146),.PCURVE_S1.);
#3135 = LINE('',#3136,#3137);
#3136 = CARTESIAN_POINT('',(8.71663724111,12.138937931483,3.333289300941
    ));
#3137 = VECTOR('',#3138,1.);
#3138 = DIRECTION('',(0.857492925713,0.514495755428,1.110223024625E-16)
  );
#3139 = PCURVE('',#689,#3140);
#3140 = DEFINITIONAL_REPRESENTATION('',(#3141),#3145);
#3141 = LINE('',#3142,#3143);
#3142 = CARTESIAN_POINT('',(0.147247371137,-9.292996610475E-16));
#3143 = VECTOR('',#3144,1.);
#3144 = DIRECTION('',(3.129679146848E-17,-1.));
#3145 = ( GEOMETRIC_REPRESENTATION_CONTEXT(2) 
PARAMETRIC_REPRESENTATION_CONTEXT() REPRESENTATION_CONTEXT('2D SPACE',''
  ) );
#3146 = PCURVE('',#717,#3147);
#3147 = DEFINITIONAL_REPRESENTATION('',(#3148),#3152);
#3148 = LINE('',#3149,#3150);
#3149 = CARTESIAN_POINT('',(0.,-0.));
#3150 = VECTOR('',#3151,1.);
#3151 = DIRECTION('',(8.774628625734E-18,-1.));
#3152 = ( GEOMETRIC_REPRESENTATION_CONTEXT(2) 
PARAMETRIC_REPRESENTATION_CONTEXT() REPRESENTATION_CONTEXT('2D SPACE',''
  ) );
#3153 = ORIENTED_EDGE('',*,*,#3154,.F.);
#3154 = EDGE_CURVE('',#3083,#3132,#3155,.T.);
#3155 = SURFACE_CURVE('',#3156,(#3160,#3167),.PCURVE_S1.);
#3156 = LINE('',#3157,#3158);
#3157 = CARTESIAN_POINT('',(8.760259402977,12.066234328371,
    3.212902086523));
#3158 = VECTOR('',#3159,1.);
#3159 = DIRECTION('',(-0.296250870425,0.493751450708,0.817584813152));
#3160 = PCURVE('',#689,#3161);
#3161 = DEFINITIONAL_REPRESENTATION('',(#3162),#3166);
#3162 = LINE('',#3163,#3164);
#3163 = CARTESIAN_POINT('',(0.,-0.));
#3164 = VECTOR('',#3165,1.);
#3165 = DIRECTION('',(1.,-3.525899718322E-17));
#3166 = ( GEOMETRIC_REPRESENTATION_CONTEXT(2) 
PARAMETRIC_REPRESENTATION_CONTEXT() REPRESENTATION_CONTEXT('2D SPACE',''
  ) );
#3167 = PCURVE('',#2232,#3168);
#3168 = DEFINITIONAL_REPRESENTATION('',(#3169),#3173);
#3169 = LINE('',#3170,#3171);
#3170 = CARTESIAN_POINT('',(1.069157189424,-6.361558163259));
#3171 = VECTOR('',#3172,1.);
#3172 = DIRECTION('',(-0.575808191418,0.817584813152));
#3173 = ( GEOMETRIC_REPRESENTATION_CONTEXT(2) 
PARAMETRIC_REPRESENTATION_CONTEXT() REPRESENTATION_CONTEXT('2D SPACE',''
  ) );
#3174 = ADVANCED_FACE('',(#3175),#717,.T.);
#3175 = FACE_BOUND('',#3176,.T.);
#3176 = EDGE_LOOP('',(#3177,#3178,#3179,#3202));
#3177 = ORIENTED_EDGE('',*,*,#3131,.T.);
#3178 = ORIENTED_EDGE('',*,*,#701,.T.);
#3179 = ORIENTED_EDGE('',*,*,#3180,.F.);
#3180 = EDGE_CURVE('',#3181,#702,#3183,.T.);
#3181 = VERTEX_POINT('',#3182);
#3182 = CARTESIAN_POINT('',(8.676106812538,12.206488645769,3.45769176742
    ));
#3183 = SURFACE_CURVE('',#3184,(#3188,#3195),.PCURVE_S1.);
#3184 = LINE('',#3185,#3186);
#3185 = CARTESIAN_POINT('',(8.676106812538,12.206488645769,3.45769176742
    ));
#3186 = VECTOR('',#3187,1.);
#3187 = DIRECTION('',(0.857492925713,0.514495755428,1.110223024625E-16)
  );
#3188 = PCURVE('',#717,#3189);
#3189 = DEFINITIONAL_REPRESENTATION('',(#3190),#3194);
#3190 = LINE('',#3191,#3192);
#3191 = CARTESIAN_POINT('',(0.147247371137,-6.244341118044E-16));
#3192 = VECTOR('',#3193,1.);
#3193 = DIRECTION('',(8.774628625734E-18,-1.));
#3194 = ( GEOMETRIC_REPRESENTATION_CONTEXT(2) 
PARAMETRIC_REPRESENTATION_CONTEXT() REPRESENTATION_CONTEXT('2D SPACE',''
  ) );
#3195 = PCURVE('',#745,#3196);
#3196 = DEFINITIONAL_REPRESENTATION('',(#3197),#3201);
#3197 = LINE('',#3198,#3199);
#3198 = CARTESIAN_POINT('',(0.,-0.));
#3199 = VECTOR('',#3200,1.);
#3200 = DIRECTION('',(-1.013627510124E-17,-1.));
#3201 = ( GEOMETRIC_REPRESENTATION_CONTEXT(2) 
PARAMETRIC_REPRESENTATION_CONTEXT() REPRESENTATION_CONTEXT('2D SPACE',''
  ) );
#3202 = ORIENTED_EDGE('',*,*,#3203,.F.);
#3203 = EDGE_CURVE('',#3132,#3181,#3204,.T.);
#3204 = SURFACE_CURVE('',#3205,(#3209,#3216),.PCURVE_S1.);
#3205 = LINE('',#3206,#3207);
#3206 = CARTESIAN_POINT('',(8.71663724111,12.138937931483,3.333289300941
    ));
#3207 = VECTOR('',#3208,1.);
#3208 = DIRECTION('',(-0.275254004596,0.458756674326,0.84485356525));
#3209 = PCURVE('',#717,#3210);
#3210 = DEFINITIONAL_REPRESENTATION('',(#3211),#3215);
#3211 = LINE('',#3212,#3213);
#3212 = CARTESIAN_POINT('',(0.,-0.));
#3213 = VECTOR('',#3214,1.);
#3214 = DIRECTION('',(1.,-1.05308612108E-17));
#3215 = ( GEOMETRIC_REPRESENTATION_CONTEXT(2) 
PARAMETRIC_REPRESENTATION_CONTEXT() REPRESENTATION_CONTEXT('2D SPACE',''
  ) );
#3216 = PCURVE('',#2232,#3217);
#3217 = DEFINITIONAL_REPRESENTATION('',(#3218),#3222);
#3218 = LINE('',#3219,#3220);
#3219 = CARTESIAN_POINT('',(0.984370946958,-6.241170948841));
#3220 = VECTOR('',#3221,1.);
#3221 = DIRECTION('',(-0.534997619887,0.84485356525));
#3222 = ( GEOMETRIC_REPRESENTATION_CONTEXT(2) 
PARAMETRIC_REPRESENTATION_CONTEXT() REPRESENTATION_CONTEXT('2D SPACE',''
  ) );
#3223 = ADVANCED_FACE('',(#3224),#745,.T.);
#3224 = FACE_BOUND('',#3225,.T.);
#3225 = EDGE_LOOP('',(#3226,#3227,#3228,#3251));
#3226 = ORIENTED_EDGE('',*,*,#3180,.T.);
#3227 = ORIENTED_EDGE('',*,*,#729,.T.);
#3228 = ORIENTED_EDGE('',*,*,#3229,.F.);
#3229 = EDGE_CURVE('',#3230,#730,#3232,.T.);
#3230 = VERTEX_POINT('',#3231);
#3231 = CARTESIAN_POINT('',(8.638765758614,12.268723735643,
    3.585809789522));
#3232 = SURFACE_CURVE('',#3233,(#3237,#3244),.PCURVE_S1.);
#3233 = LINE('',#3234,#3235);
#3234 = CARTESIAN_POINT('',(8.638765758614,12.268723735643,
    3.585809789522));
#3235 = VECTOR('',#3236,1.);
#3236 = DIRECTION('',(0.857492925713,0.514495755428,1.110223024625E-16)
  );
#3237 = PCURVE('',#745,#3238);
#3238 = DEFINITIONAL_REPRESENTATION('',(#3239),#3243);
#3239 = LINE('',#3240,#3241);
#3240 = CARTESIAN_POINT('',(0.147247371137,5.894598118393E-16));
#3241 = VECTOR('',#3242,1.);
#3242 = DIRECTION('',(-1.013627510124E-17,-1.));
#3243 = ( GEOMETRIC_REPRESENTATION_CONTEXT(2) 
PARAMETRIC_REPRESENTATION_CONTEXT() REPRESENTATION_CONTEXT('2D SPACE',''
  ) );
#3244 = PCURVE('',#773,#3245);
#3245 = DEFINITIONAL_REPRESENTATION('',(#3246),#3250);
#3246 = LINE('',#3247,#3248);
#3247 = CARTESIAN_POINT('',(0.,-0.));
#3248 = VECTOR('',#3249,1.);
#3249 = DIRECTION('',(-9.607805555936E-18,-1.));
#3250 = ( GEOMETRIC_REPRESENTATION_CONTEXT(2) 
PARAMETRIC_REPRESENTATION_CONTEXT() REPRESENTATION_CONTEXT('2D SPACE',''
  ) );
#3251 = ORIENTED_EDGE('',*,*,#3252,.F.);
#3252 = EDGE_CURVE('',#3181,#3230,#3253,.T.);
#3253 = SURFACE_CURVE('',#3254,(#3258,#3265),.PCURVE_S1.);
#3254 = LINE('',#3255,#3256);
#3255 = CARTESIAN_POINT('',(8.676106812538,12.206488645769,3.45769176742
    ));
#3256 = VECTOR('',#3257,1.);
#3257 = DIRECTION('',(-0.25359402776,0.422656712934,0.870086991109));
#3258 = PCURVE('',#745,#3259);
#3259 = DEFINITIONAL_REPRESENTATION('',(#3260),#3264);
#3260 = LINE('',#3261,#3262);
#3261 = CARTESIAN_POINT('',(0.,-0.));
#3262 = VECTOR('',#3263,1.);
#3263 = DIRECTION('',(1.,-6.884348547994E-17));
#3264 = ( GEOMETRIC_REPRESENTATION_CONTEXT(2) 
PARAMETRIC_REPRESENTATION_CONTEXT() REPRESENTATION_CONTEXT('2D SPACE',''
  ) );
#3265 = PCURVE('',#2232,#3266);
#3266 = DEFINITIONAL_REPRESENTATION('',(#3267),#3271);
#3267 = LINE('',#3268,#3269);
#3268 = CARTESIAN_POINT('',(0.905593953865,-6.116768482362));
#3269 = VECTOR('',#3270,1.);
#3270 = DIRECTION('',(-0.49289819223,0.870086991109));
#3271 = ( GEOMETRIC_REPRESENTATION_CONTEXT(2) 
PARAMETRIC_REPRESENTATION_CONTEXT() REPRESENTATION_CONTEXT('2D SPACE',''
  ) );
#3272 = ADVANCED_FACE('',(#3273),#773,.T.);
#3273 = FACE_BOUND('',#3274,.T.);
#3274 = EDGE_LOOP('',(#3275,#3276,#3277,#3300));
#3275 = ORIENTED_EDGE('',*,*,#3229,.T.);
#3276 = ORIENTED_EDGE('',*,*,#757,.T.);
#3277 = ORIENTED_EDGE('',*,*,#3278,.F.);
#3278 = EDGE_CURVE('',#3279,#758,#3281,.T.);
#3279 = VERTEX_POINT('',#3280);
#3280 = CARTESIAN_POINT('',(8.604704037208,12.32549327132,3.717334719709
    ));
#3281 = SURFACE_CURVE('',#3282,(#3286,#3293),.PCURVE_S1.);
#3282 = LINE('',#3283,#3284);
#3283 = CARTESIAN_POINT('',(8.604704037208,12.32549327132,3.717334719709
    ));
#3284 = VECTOR('',#3285,1.);
#3285 = DIRECTION('',(0.857492925713,0.514495755428,1.110223024625E-16)
  );
#3286 = PCURVE('',#773,#3287);
#3287 = DEFINITIONAL_REPRESENTATION('',(#3288),#3292);
#3288 = LINE('',#3289,#3290);
#3289 = CARTESIAN_POINT('',(0.147247371137,5.925510160113E-16));
#3290 = VECTOR('',#3291,1.);
#3291 = DIRECTION('',(-9.607805555936E-18,-1.));
#3292 = ( GEOMETRIC_REPRESENTATION_CONTEXT(2) 
PARAMETRIC_REPRESENTATION_CONTEXT() REPRESENTATION_CONTEXT('2D SPACE',''
  ) );
#3293 = PCURVE('',#801,#3294);
#3294 = DEFINITIONAL_REPRESENTATION('',(#3295),#3299);
#3295 = LINE('',#3296,#3297);
#3296 = CARTESIAN_POINT('',(0.,-0.));
#3297 = VECTOR('',#3298,1.);
#3298 = DIRECTION('',(-5.627106201432E-18,-1.));
#3299 = ( GEOMETRIC_REPRESENTATION_CONTEXT(2) 
PARAMETRIC_REPRESENTATION_CONTEXT() REPRESENTATION_CONTEXT('2D SPACE',''
  ) );
#3300 = ORIENTED_EDGE('',*,*,#3301,.F.);
#3301 = EDGE_CURVE('',#3230,#3279,#3302,.T.);
#3302 = SURFACE_CURVE('',#3303,(#3307,#3314),.PCURVE_S1.);
#3303 = LINE('',#3304,#3305);
#3304 = CARTESIAN_POINT('',(8.638765758614,12.268723735643,
    3.585809789522));
#3305 = VECTOR('',#3306,1.);
#3306 = DIRECTION('',(-0.231323120699,0.385538534499,0.893224301196));
#3307 = PCURVE('',#773,#3308);
#3308 = DEFINITIONAL_REPRESENTATION('',(#3309),#3313);
#3309 = LINE('',#3310,#3311);
#3310 = CARTESIAN_POINT('',(0.,-0.));
#3311 = VECTOR('',#3312,1.);
#3312 = DIRECTION('',(1.,1.185448392832E-17));
#3313 = ( GEOMETRIC_REPRESENTATION_CONTEXT(2) 
PARAMETRIC_REPRESENTATION_CONTEXT() REPRESENTATION_CONTEXT('2D SPACE',''
  ) );
#3314 = PCURVE('',#2232,#3315);
#3315 = DEFINITIONAL_REPRESENTATION('',(#3316),#3320);
#3316 = LINE('',#3317,#3318);
#3317 = CARTESIAN_POINT('',(0.83301599082,-5.98865046026));
#3318 = VECTOR('',#3319,1.);
#3319 = DIRECTION('',(-0.449611329655,0.893224301196));
#3320 = ( GEOMETRIC_REPRESENTATION_CONTEXT(2) 
PARAMETRIC_REPRESENTATION_CONTEXT() REPRESENTATION_CONTEXT('2D SPACE',''
  ) );
#3321 = ADVANCED_FACE('',(#3322),#801,.T.);
#3322 = FACE_BOUND('',#3323,.T.);
#3323 = EDGE_LOOP('',(#3324,#3325,#3326,#3349));
#3324 = ORIENTED_EDGE('',*,*,#3278,.T.);
#3325 = ORIENTED_EDGE('',*,*,#785,.T.);
#3326 = ORIENTED_EDGE('',*,*,#3327,.F.);
#3327 = EDGE_CURVE('',#3328,#786,#3330,.T.);
#3328 = VERTEX_POINT('',#3329);
#3329 = CARTESIAN_POINT('',(8.57400370599,12.376660490017,3.851949702905
    ));
#3330 = SURFACE_CURVE('',#3331,(#3335,#3342),.PCURVE_S1.);
#3331 = LINE('',#3332,#3333);
#3332 = CARTESIAN_POINT('',(8.57400370599,12.376660490017,3.851949702905
    ));
#3333 = VECTOR('',#3334,1.);
#3334 = DIRECTION('',(0.857492925713,0.514495755428,1.110223024625E-16)
  );
#3335 = PCURVE('',#801,#3336);
#3336 = DEFINITIONAL_REPRESENTATION('',(#3337),#3341);
#3337 = LINE('',#3338,#3339);
#3338 = CARTESIAN_POINT('',(0.147247371137,-1.236190592468E-15));
#3339 = VECTOR('',#3340,1.);
#3340 = DIRECTION('',(-5.627106201432E-18,-1.));
#3341 = ( GEOMETRIC_REPRESENTATION_CONTEXT(2) 
PARAMETRIC_REPRESENTATION_CONTEXT() REPRESENTATION_CONTEXT('2D SPACE',''
  ) );
#3342 = PCURVE('',#829,#3343);
#3343 = DEFINITIONAL_REPRESENTATION('',(#3344),#3348);
#3344 = LINE('',#3345,#3346);
#3345 = CARTESIAN_POINT('',(0.,-0.));
#3346 = VECTOR('',#3347,1.);
#3347 = DIRECTION('',(-1.133238958637E-17,-1.));
#3348 = ( GEOMETRIC_REPRESENTATION_CONTEXT(2) 
PARAMETRIC_REPRESENTATION_CONTEXT() REPRESENTATION_CONTEXT('2D SPACE',''
  ) );
#3349 = ORIENTED_EDGE('',*,*,#3350,.F.);
#3350 = EDGE_CURVE('',#3279,#3328,#3351,.T.);
#3351 = SURFACE_CURVE('',#3352,(#3356,#3363),.PCURVE_S1.);
#3352 = LINE('',#3353,#3354);
#3353 = CARTESIAN_POINT('',(8.604704037208,12.32549327132,3.717334719709
    ));
#3354 = VECTOR('',#3355,1.);
#3355 = DIRECTION('',(-0.208494935979,0.347491559966,0.914209755704));
#3356 = PCURVE('',#801,#3357);
#3357 = DEFINITIONAL_REPRESENTATION('',(#3358),#3362);
#3358 = LINE('',#3359,#3360);
#3359 = CARTESIAN_POINT('',(0.,-0.));
#3360 = VECTOR('',#3361,1.);
#3361 = DIRECTION('',(1.,9.524630450616E-18));
#3362 = ( GEOMETRIC_REPRESENTATION_CONTEXT(2) 
PARAMETRIC_REPRESENTATION_CONTEXT() REPRESENTATION_CONTEXT('2D SPACE',''
  ) );
#3363 = PCURVE('',#2232,#3364);
#3364 = DEFINITIONAL_REPRESENTATION('',(#3365),#3369);
#3365 = LINE('',#3366,#3367);
#3366 = CARTESIAN_POINT('',(0.766811904495,-5.857125530073));
#3367 = VECTOR('',#3368,1.);
#3368 = DIRECTION('',(-0.405241314005,0.914209755704));
#3369 = ( GEOMETRIC_REPRESENTATION_CONTEXT(2) 
PARAMETRIC_REPRESENTATION_CONTEXT() REPRESENTATION_CONTEXT('2D SPACE',''
  ) );
#3370 = ADVANCED_FACE('',(#3371),#829,.T.);
#3371 = FACE_BOUND('',#3372,.T.);
#3372 = EDGE_LOOP('',(#3373,#3374,#3375,#3398));
#3373 = ORIENTED_EDGE('',*,*,#3327,.T.);
#3374 = ORIENTED_EDGE('',*,*,#813,.T.);
#3375 = ORIENTED_EDGE('',*,*,#3376,.F.);
#3376 = EDGE_CURVE('',#3377,#814,#3379,.T.);
#3377 = VERTEX_POINT('',#3378);
#3378 = CARTESIAN_POINT('',(8.546738724746,12.422102125423,
    3.989330439823));
#3379 = SURFACE_CURVE('',#3380,(#3384,#3391),.PCURVE_S1.);
#3380 = LINE('',#3381,#3382);
#3381 = CARTESIAN_POINT('',(8.546738724746,12.422102125423,
    3.989330439823));
#3382 = VECTOR('',#3383,1.);
#3383 = DIRECTION('',(0.857492925713,0.514495755428,1.110223024625E-16)
  );
#3384 = PCURVE('',#829,#3385);
#3385 = DEFINITIONAL_REPRESENTATION('',(#3386),#3390);
#3386 = LINE('',#3387,#3388);
#3387 = CARTESIAN_POINT('',(0.147247371137,-3.240331044506E-16));
#3388 = VECTOR('',#3389,1.);
#3389 = DIRECTION('',(-1.133238958637E-17,-1.));
#3390 = ( GEOMETRIC_REPRESENTATION_CONTEXT(2) 
PARAMETRIC_REPRESENTATION_CONTEXT() REPRESENTATION_CONTEXT('2D SPACE',''
  ) );
#3391 = PCURVE('',#857,#3392);
#3392 = DEFINITIONAL_REPRESENTATION('',(#3393),#3397);
#3393 = LINE('',#3394,#3395);
#3394 = CARTESIAN_POINT('',(0.,-0.));
#3395 = VECTOR('',#3396,1.);
#3396 = DIRECTION('',(2.831324168699E-17,-1.));
#3397 = ( GEOMETRIC_REPRESENTATION_CONTEXT(2) 
PARAMETRIC_REPRESENTATION_CONTEXT() REPRESENTATION_CONTEXT('2D SPACE',''
  ) );
#3398 = ORIENTED_EDGE('',*,*,#3399,.F.);
#3399 = EDGE_CURVE('',#3328,#3377,#3400,.T.);
#3400 = SURFACE_CURVE('',#3401,(#3405,#3412),.PCURVE_S1.);
#3401 = LINE('',#3402,#3403);
#3402 = CARTESIAN_POINT('',(8.57400370599,12.376660490017,3.851949702905
    ));
#3403 = VECTOR('',#3404,1.);
#3404 = DIRECTION('',(-0.185164468697,0.308607447828,0.932992798835));
#3405 = PCURVE('',#829,#3406);
#3406 = DEFINITIONAL_REPRESENTATION('',(#3407),#3411);
#3407 = LINE('',#3408,#3409);
#3408 = CARTESIAN_POINT('',(0.,-0.));
#3409 = VECTOR('',#3410,1.);
#3410 = DIRECTION('',(1.,7.439293754936E-18));
#3411 = ( GEOMETRIC_REPRESENTATION_CONTEXT(2) 
PARAMETRIC_REPRESENTATION_CONTEXT() REPRESENTATION_CONTEXT('2D SPACE',''
  ) );
#3412 = PCURVE('',#2232,#3413);
#3413 = DEFINITIONAL_REPRESENTATION('',(#3414),#3418);
#3414 = LINE('',#3415,#3416);
#3415 = CARTESIAN_POINT('',(0.707141186332,-5.722510546877));
#3416 = VECTOR('',#3417,1.);
#3417 = DIRECTION('',(-0.359895036535,0.932992798835));
#3418 = ( GEOMETRIC_REPRESENTATION_CONTEXT(2) 
PARAMETRIC_REPRESENTATION_CONTEXT() REPRESENTATION_CONTEXT('2D SPACE',''
  ) );
#3419 = ADVANCED_FACE('',(#3420),#857,.T.);
#3420 = FACE_BOUND('',#3421,.T.);
#3421 = EDGE_LOOP('',(#3422,#3423,#3424,#3447));
#3422 = ORIENTED_EDGE('',*,*,#3376,.T.);
#3423 = ORIENTED_EDGE('',*,*,#841,.T.);
#3424 = ORIENTED_EDGE('',*,*,#3425,.F.);
#3425 = EDGE_CURVE('',#3426,#842,#3428,.T.);
#3426 = VERTEX_POINT('',#3427);
#3427 = CARTESIAN_POINT('',(8.522974777205,12.461708704658,
    4.129145968237));
#3428 = SURFACE_CURVE('',#3429,(#3433,#3440),.PCURVE_S1.);
#3429 = LINE('',#3430,#3431);
#3430 = CARTESIAN_POINT('',(8.522974777205,12.461708704658,
    4.129145968237));
#3431 = VECTOR('',#3432,1.);
#3432 = DIRECTION('',(0.857492925713,0.514495755428,1.110223024625E-16)
  );
#3433 = PCURVE('',#857,#3434);
#3434 = DEFINITIONAL_REPRESENTATION('',(#3435),#3439);
#3435 = LINE('',#3436,#3437);
#3436 = CARTESIAN_POINT('',(0.147247371137,8.969419064793E-16));
#3437 = VECTOR('',#3438,1.);
#3438 = DIRECTION('',(2.831324168699E-17,-1.));
#3439 = ( GEOMETRIC_REPRESENTATION_CONTEXT(2) 
PARAMETRIC_REPRESENTATION_CONTEXT() REPRESENTATION_CONTEXT('2D SPACE',''
  ) );
#3440 = PCURVE('',#885,#3441);
#3441 = DEFINITIONAL_REPRESENTATION('',(#3442),#3446);
#3442 = LINE('',#3443,#3444);
#3443 = CARTESIAN_POINT('',(0.,-0.));
#3444 = VECTOR('',#3445,1.);
#3445 = DIRECTION('',(2.244558486947E-18,-1.));
#3446 = ( GEOMETRIC_REPRESENTATION_CONTEXT(2) 
PARAMETRIC_REPRESENTATION_CONTEXT() REPRESENTATION_CONTEXT('2D SPACE',''
  ) );
#3447 = ORIENTED_EDGE('',*,*,#3448,.F.);
#3448 = EDGE_CURVE('',#3377,#3426,#3449,.T.);
#3449 = SURFACE_CURVE('',#3450,(#3454,#3461),.PCURVE_S1.);
#3450 = LINE('',#3451,#3452);
#3451 = CARTESIAN_POINT('',(8.546738724746,12.422102125423,
    3.989330439823));
#3452 = VECTOR('',#3453,1.);
#3453 = DIRECTION('',(-0.16138792399,0.268979873317,0.949528180593));
#3454 = PCURVE('',#857,#3455);
#3455 = DEFINITIONAL_REPRESENTATION('',(#3456),#3460);
#3456 = LINE('',#3457,#3458);
#3457 = CARTESIAN_POINT('',(0.,-0.));
#3458 = VECTOR('',#3459,1.);
#3459 = DIRECTION('',(1.,-2.21520780156E-17));
#3460 = ( GEOMETRIC_REPRESENTATION_CONTEXT(2) 
PARAMETRIC_REPRESENTATION_CONTEXT() REPRESENTATION_CONTEXT('2D SPACE',''
  ) );
#3461 = PCURVE('',#2232,#3462);
#3462 = DEFINITIONAL_REPRESENTATION('',(#3463),#3467);
#3463 = LINE('',#3464,#3465);
#3464 = CARTESIAN_POINT('',(0.654147588316,-5.585129809959));
#3465 = VECTOR('',#3466,1.);
#3466 = DIRECTION('',(-0.313681740399,0.949528180593));
#3467 = ( GEOMETRIC_REPRESENTATION_CONTEXT(2) 
PARAMETRIC_REPRESENTATION_CONTEXT() REPRESENTATION_CONTEXT('2D SPACE',''
  ) );
#3468 = ADVANCED_FACE('',(#3469),#885,.T.);
#3469 = FACE_BOUND('',#3470,.T.);
#3470 = EDGE_LOOP('',(#3471,#3472,#3473,#3496));
#3471 = ORIENTED_EDGE('',*,*,#3425,.T.);
#3472 = ORIENTED_EDGE('',*,*,#869,.T.);
#3473 = ORIENTED_EDGE('',*,*,#3474,.F.);
#3474 = EDGE_CURVE('',#3475,#870,#3477,.T.);
#3475 = VERTEX_POINT('',#3476);
#3476 = CARTESIAN_POINT('',(8.502769112798,12.495384812003,4.27105946029
    ));
#3477 = SURFACE_CURVE('',#3478,(#3482,#3489),.PCURVE_S1.);
#3478 = LINE('',#3479,#3480);
#3479 = CARTESIAN_POINT('',(8.502769112798,12.495384812003,4.27105946029
    ));
#3480 = VECTOR('',#3481,1.);
#3481 = DIRECTION('',(0.857492925713,0.514495755428,1.110223024625E-16)
  );
#3482 = PCURVE('',#885,#3483);
#3483 = DEFINITIONAL_REPRESENTATION('',(#3484),#3488);
#3484 = LINE('',#3485,#3486);
#3485 = CARTESIAN_POINT('',(0.147247371137,-1.575556263829E-17));
#3486 = VECTOR('',#3487,1.);
#3487 = DIRECTION('',(2.244558486947E-18,-1.));
#3488 = ( GEOMETRIC_REPRESENTATION_CONTEXT(2) 
PARAMETRIC_REPRESENTATION_CONTEXT() REPRESENTATION_CONTEXT('2D SPACE',''
  ) );
#3489 = PCURVE('',#913,#3490);
#3490 = DEFINITIONAL_REPRESENTATION('',(#3491),#3495);
#3491 = LINE('',#3492,#3493);
#3492 = CARTESIAN_POINT('',(0.,-0.));
#3493 = VECTOR('',#3494,1.);
#3494 = DIRECTION('',(-7.897770833371E-18,-1.));
#3495 = ( GEOMETRIC_REPRESENTATION_CONTEXT(2) 
PARAMETRIC_REPRESENTATION_CONTEXT() REPRESENTATION_CONTEXT('2D SPACE',''
  ) );
#3496 = ORIENTED_EDGE('',*,*,#3497,.F.);
#3497 = EDGE_CURVE('',#3426,#3475,#3498,.T.);
#3498 = SURFACE_CURVE('',#3499,(#3503,#3510),.PCURVE_S1.);
#3499 = LINE('',#3500,#3501);
#3500 = CARTESIAN_POINT('',(8.522974777205,12.461708704658,
    4.129145968237));
#3501 = VECTOR('',#3502,1.);
#3502 = DIRECTION('',(-0.137222581639,0.228704302732,0.963776065795));
#3503 = PCURVE('',#885,#3504);
#3504 = DEFINITIONAL_REPRESENTATION('',(#3505),#3509);
#3505 = LINE('',#3506,#3507);
#3506 = CARTESIAN_POINT('',(0.,-0.));
#3507 = VECTOR('',#3508,1.);
#3508 = DIRECTION('',(1.,-9.856123228174E-18));
#3509 = ( GEOMETRIC_REPRESENTATION_CONTEXT(2) 
PARAMETRIC_REPRESENTATION_CONTEXT() REPRESENTATION_CONTEXT('2D SPACE',''
  ) );
#3510 = PCURVE('',#2232,#3511);
#3511 = DEFINITIONAL_REPRESENTATION('',(#3512),#3516);
#3512 = LINE('',#3513,#3514);
#3513 = CARTESIAN_POINT('',(0.607958776669,-5.445314281545));
#3514 = VECTOR('',#3515,1.);
#3515 = DIRECTION('',(-0.266712757475,0.963776065795));
#3516 = ( GEOMETRIC_REPRESENTATION_CONTEXT(2) 
PARAMETRIC_REPRESENTATION_CONTEXT() REPRESENTATION_CONTEXT('2D SPACE',''
  ) );
#3517 = ADVANCED_FACE('',(#3518),#913,.T.);
#3518 = FACE_BOUND('',#3519,.T.);
#3519 = EDGE_LOOP('',(#3520,#3521,#3522,#3545));
#3520 = ORIENTED_EDGE('',*,*,#3474,.T.);
#3521 = ORIENTED_EDGE('',*,*,#897,.T.);
#3522 = ORIENTED_EDGE('',*,*,#3523,.F.);
#3523 = EDGE_CURVE('',#3524,#898,#3526,.T.);
#3524 = VERTEX_POINT('',#3525);
#3525 = CARTESIAN_POINT('',(8.48617040874,12.523049318766,4.414729033952
    ));
#3526 = SURFACE_CURVE('',#3527,(#3531,#3538),.PCURVE_S1.);
#3527 = LINE('',#3528,#3529);
#3528 = CARTESIAN_POINT('',(8.48617040874,12.523049318766,4.414729033952
    ));
#3529 = VECTOR('',#3530,1.);
#3530 = DIRECTION('',(0.857492925713,0.514495755428,1.110223024625E-16)
  );
#3531 = PCURVE('',#913,#3532);
#3532 = DEFINITIONAL_REPRESENTATION('',(#3533),#3537);
#3533 = LINE('',#3534,#3535);
#3534 = CARTESIAN_POINT('',(0.147247371137,8.965140215021E-16));
#3535 = VECTOR('',#3536,1.);
#3536 = DIRECTION('',(-7.897770833371E-18,-1.));
#3537 = ( GEOMETRIC_REPRESENTATION_CONTEXT(2) 
PARAMETRIC_REPRESENTATION_CONTEXT() REPRESENTATION_CONTEXT('2D SPACE',''
  ) );
#3538 = PCURVE('',#941,#3539);
#3539 = DEFINITIONAL_REPRESENTATION('',(#3540),#3544);
#3540 = LINE('',#3541,#3542);
#3541 = CARTESIAN_POINT('',(0.,-0.));
#3542 = VECTOR('',#3543,1.);
#3543 = DIRECTION('',(1.83966667363E-17,-1.));
#3544 = ( GEOMETRIC_REPRESENTATION_CONTEXT(2) 
PARAMETRIC_REPRESENTATION_CONTEXT() REPRESENTATION_CONTEXT('2D SPACE',''
  ) );
#3545 = ORIENTED_EDGE('',*,*,#3546,.F.);
#3546 = EDGE_CURVE('',#3475,#3524,#3547,.T.);
#3547 = SURFACE_CURVE('',#3548,(#3552,#3559),.PCURVE_S1.);
#3548 = LINE('',#3549,#3550);
#3549 = CARTESIAN_POINT('',(8.502769112798,12.495384812003,4.27105946029
    ));
#3550 = VECTOR('',#3551,1.);
#3551 = DIRECTION('',(-0.11272665807,0.187877763449,0.975702130039));
#3552 = PCURVE('',#913,#3553);
#3553 = DEFINITIONAL_REPRESENTATION('',(#3554),#3558);
#3554 = LINE('',#3555,#3556);
#3555 = CARTESIAN_POINT('',(0.,-0.));
#3556 = VECTOR('',#3557,1.);
#3557 = DIRECTION('',(1.,2.697605468057E-18));
#3558 = ( GEOMETRIC_REPRESENTATION_CONTEXT(2) 
PARAMETRIC_REPRESENTATION_CONTEXT() REPRESENTATION_CONTEXT('2D SPACE',''
  ) );
#3559 = PCURVE('',#2232,#3560);
#3560 = DEFINITIONAL_REPRESENTATION('',(#3561),#3565);
#3561 = LINE('',#3562,#3563);
#3562 = CARTESIAN_POINT('',(0.568686024282,-5.303400789492));
#3563 = VECTOR('',#3564,1.);
#3564 = DIRECTION('',(-0.219101240157,0.975702130039));
#3565 = ( GEOMETRIC_REPRESENTATION_CONTEXT(2) 
PARAMETRIC_REPRESENTATION_CONTEXT() REPRESENTATION_CONTEXT('2D SPACE',''
  ) );
#3566 = ADVANCED_FACE('',(#3567),#941,.T.);
#3567 = FACE_BOUND('',#3568,.T.);
#3568 = EDGE_LOOP('',(#3569,#3570,#3571,#3594));
#3569 = ORIENTED_EDGE('',*,*,#3523,.T.);
#3570 = ORIENTED_EDGE('',*,*,#925,.T.);
#3571 = ORIENTED_EDGE('',*,*,#3572,.F.);
#3572 = EDGE_CURVE('',#3573,#926,#3575,.T.);
#3573 = VERTEX_POINT('',#3574);
#3574 = CARTESIAN_POINT('',(8.473218652764,12.544635578727,
    4.559808576634));
#3575 = SURFACE_CURVE('',#3576,(#3580,#3587),.PCURVE_S1.);
#3576 = LINE('',#3577,#3578);
#3577 = CARTESIAN_POINT('',(8.473218652764,12.544635578727,
    4.559808576634));
#3578 = VECTOR('',#3579,1.);
#3579 = DIRECTION('',(0.857492925713,0.514495755428,1.110223024625E-16)
  );
#3580 = PCURVE('',#941,#3581);
#3581 = DEFINITIONAL_REPRESENTATION('',(#3582),#3586);
#3582 = LINE('',#3583,#3584);
#3583 = CARTESIAN_POINT('',(0.147247371137,5.927808751991E-16));
#3584 = VECTOR('',#3585,1.);
#3585 = DIRECTION('',(1.83966667363E-17,-1.));
#3586 = ( GEOMETRIC_REPRESENTATION_CONTEXT(2) 
PARAMETRIC_REPRESENTATION_CONTEXT() REPRESENTATION_CONTEXT('2D SPACE',''
  ) );
#3587 = PCURVE('',#969,#3588);
#3588 = DEFINITIONAL_REPRESENTATION('',(#3589),#3593);
#3589 = LINE('',#3590,#3591);
#3590 = CARTESIAN_POINT('',(0.,-0.));
#3591 = VECTOR('',#3592,1.);
#3592 = DIRECTION('',(4.258026779339E-18,-1.));
#3593 = ( GEOMETRIC_REPRESENTATION_CONTEXT(2) 
PARAMETRIC_REPRESENTATION_CONTEXT() REPRESENTATION_CONTEXT('2D SPACE',''
  ) );
#3594 = ORIENTED_EDGE('',*,*,#3595,.F.);
#3595 = EDGE_CURVE('',#3524,#3573,#3596,.T.);
#3596 = SURFACE_CURVE('',#3597,(#3601,#3608),.PCURVE_S1.);
#3597 = LINE('',#3598,#3599);
#3598 = CARTESIAN_POINT('',(8.48617040874,12.523049318766,4.414729033952
    ));
#3599 = VECTOR('',#3600,1.);
#3600 = DIRECTION('',(-8.795916610705E-02,0.146598610178,0.985277642389)
  );
#3601 = PCURVE('',#941,#3602);
#3602 = DEFINITIONAL_REPRESENTATION('',(#3603),#3607);
#3603 = LINE('',#3604,#3605);
#3604 = CARTESIAN_POINT('',(0.,-0.));
#3605 = VECTOR('',#3606,1.);
#3606 = DIRECTION('',(1.,1.634510039656E-18));
#3607 = ( GEOMETRIC_REPRESENTATION_CONTEXT(2) 
PARAMETRIC_REPRESENTATION_CONTEXT() REPRESENTATION_CONTEXT('2D SPACE',''
  ) );
#3608 = PCURVE('',#2232,#3609);
#3609 = DEFINITIONAL_REPRESENTATION('',(#3610),#3614);
#3610 = LINE('',#3611,#3612);
#3611 = CARTESIAN_POINT('',(0.536423942656,-5.15973121583));
#3612 = VECTOR('',#3613,1.);
#3613 = DIRECTION('',(-0.17096188876,0.985277642389));
#3614 = ( GEOMETRIC_REPRESENTATION_CONTEXT(2) 
PARAMETRIC_REPRESENTATION_CONTEXT() REPRESENTATION_CONTEXT('2D SPACE',''
  ) );
#3615 = ADVANCED_FACE('',(#3616),#969,.T.);
#3616 = FACE_BOUND('',#3617,.T.);
#3617 = EDGE_LOOP('',(#3618,#3619,#3620,#3643));
#3618 = ORIENTED_EDGE('',*,*,#3572,.T.);
#3619 = ORIENTED_EDGE('',*,*,#953,.T.);
#3620 = ORIENTED_EDGE('',*,*,#3621,.F.);
#3621 = EDGE_CURVE('',#3622,#954,#3624,.T.);
#3622 = VERTEX_POINT('',#3623);
#3623 = CARTESIAN_POINT('',(8.463945046783,12.560091588696,
    4.705948579011));
#3624 = SURFACE_CURVE('',#3625,(#3629,#3636),.PCURVE_S1.);
#3625 = LINE('',#3626,#3627);
#3626 = CARTESIAN_POINT('',(8.463945046783,12.560091588696,
    4.705948579011));
#3627 = VECTOR('',#3628,1.);
#3628 = DIRECTION('',(0.857492925713,0.514495755428,1.110223024625E-16)
  );
#3629 = PCURVE('',#969,#3630);
#3630 = DEFINITIONAL_REPRESENTATION('',(#3631),#3635);
#3631 = LINE('',#3632,#3633);
#3632 = CARTESIAN_POINT('',(0.147247371137,1.20155108059E-15));
#3633 = VECTOR('',#3634,1.);
#3634 = DIRECTION('',(4.258026779339E-18,-1.));
#3635 = ( GEOMETRIC_REPRESENTATION_CONTEXT(2) 
PARAMETRIC_REPRESENTATION_CONTEXT() REPRESENTATION_CONTEXT('2D SPACE',''
  ) );
#3636 = PCURVE('',#997,#3637);
#3637 = DEFINITIONAL_REPRESENTATION('',(#3638),#3642);
#3638 = LINE('',#3639,#3640);
#3639 = CARTESIAN_POINT('',(0.,-0.));
#3640 = VECTOR('',#3641,1.);
#3641 = DIRECTION('',(-9.000161706296E-19,-1.));
#3642 = ( GEOMETRIC_REPRESENTATION_CONTEXT(2) 
PARAMETRIC_REPRESENTATION_CONTEXT() REPRESENTATION_CONTEXT('2D SPACE',''
  ) );
#3643 = ORIENTED_EDGE('',*,*,#3644,.F.);
#3644 = EDGE_CURVE('',#3573,#3622,#3645,.T.);
#3645 = SURFACE_CURVE('',#3646,(#3650,#3657),.PCURVE_S1.);
#3646 = LINE('',#3647,#3648);
#3647 = CARTESIAN_POINT('',(8.473218652764,12.544635578727,
    4.559808576634));
#3648 = VECTOR('',#3649,1.);
#3649 = DIRECTION('',(-6.297977280901E-02,0.104966288015,0.992479534599)
  );
#3650 = PCURVE('',#969,#3651);
#3651 = DEFINITIONAL_REPRESENTATION('',(#3652),#3656);
#3652 = LINE('',#3653,#3654);
#3653 = CARTESIAN_POINT('',(0.,-0.));
#3654 = VECTOR('',#3655,1.);
#3655 = DIRECTION('',(1.,8.349393844409E-19));
#3656 = ( GEOMETRIC_REPRESENTATION_CONTEXT(2) 
PARAMETRIC_REPRESENTATION_CONTEXT() REPRESENTATION_CONTEXT('2D SPACE',''
  ) );
#3657 = PCURVE('',#2232,#3658);
#3658 = DEFINITIONAL_REPRESENTATION('',(#3659),#3663);
#3659 = LINE('',#3660,#3661);
#3660 = CARTESIAN_POINT('',(0.511250253971,-5.014651673148));
#3661 = VECTOR('',#3662,1.);
#3662 = DIRECTION('',(-0.122410675199,0.992479534599));
#3663 = ( GEOMETRIC_REPRESENTATION_CONTEXT(2) 
PARAMETRIC_REPRESENTATION_CONTEXT() REPRESENTATION_CONTEXT('2D SPACE',''
  ) );
#3664 = ADVANCED_FACE('',(#3665),#997,.T.);
#3665 = FACE_BOUND('',#3666,.T.);
#3666 = EDGE_LOOP('',(#3667,#3668,#3669,#3692));
#3667 = ORIENTED_EDGE('',*,*,#3621,.T.);
#3668 = ORIENTED_EDGE('',*,*,#981,.T.);
#3669 = ORIENTED_EDGE('',*,*,#3670,.F.);
#3670 = EDGE_CURVE('',#3671,#982,#3673,.T.);
#3671 = VERTEX_POINT('',#3672);
#3672 = CARTESIAN_POINT('',(8.458371931726,12.569380113789,
    4.852796977018));
#3673 = SURFACE_CURVE('',#3674,(#3678,#3685),.PCURVE_S1.);
#3674 = LINE('',#3675,#3676);
#3675 = CARTESIAN_POINT('',(8.458371931726,12.569380113789,
    4.852796977018));
#3676 = VECTOR('',#3677,1.);
#3677 = DIRECTION('',(0.857492925713,0.514495755428,1.110223024625E-16)
  );
#3678 = PCURVE('',#997,#3679);
#3679 = DEFINITIONAL_REPRESENTATION('',(#3680),#3684);
#3680 = LINE('',#3681,#3682);
#3681 = CARTESIAN_POINT('',(0.147247371137,-6.251913873275E-16));
#3682 = VECTOR('',#3683,1.);
#3683 = DIRECTION('',(-9.000161706296E-19,-1.));
#3684 = ( GEOMETRIC_REPRESENTATION_CONTEXT(2) 
PARAMETRIC_REPRESENTATION_CONTEXT() REPRESENTATION_CONTEXT('2D SPACE',''
  ) );
#3685 = PCURVE('',#1025,#3686);
#3686 = DEFINITIONAL_REPRESENTATION('',(#3687),#3691);
#3687 = LINE('',#3688,#3689);
#3688 = CARTESIAN_POINT('',(0.,-0.));
#3689 = VECTOR('',#3690,1.);
#3690 = DIRECTION('',(-1.00283315893E-19,-1.));
#3691 = ( GEOMETRIC_REPRESENTATION_CONTEXT(2) 
PARAMETRIC_REPRESENTATION_CONTEXT() REPRESENTATION_CONTEXT('2D SPACE',''
  ) );
#3692 = ORIENTED_EDGE('',*,*,#3693,.F.);
#3693 = EDGE_CURVE('',#3622,#3671,#3694,.T.);
#3694 = SURFACE_CURVE('',#3695,(#3699,#3706),.PCURVE_S1.);
#3695 = LINE('',#3696,#3697);
#3696 = CARTESIAN_POINT('',(8.463945046783,12.560091588696,
    4.705948579011));
#3697 = VECTOR('',#3698,1.);
#3698 = DIRECTION('',(-3.784865572191E-02,6.308109286984E-02,
    0.997290456679));
#3699 = PCURVE('',#997,#3700);
#3700 = DEFINITIONAL_REPRESENTATION('',(#3701),#3705);
#3701 = LINE('',#3702,#3703);
#3702 = CARTESIAN_POINT('',(0.,-0.));
#3703 = VECTOR('',#3704,1.);
#3704 = DIRECTION('',(1.,3.008197381537E-19));
#3705 = ( GEOMETRIC_REPRESENTATION_CONTEXT(2) 
PARAMETRIC_REPRESENTATION_CONTEXT() REPRESENTATION_CONTEXT('2D SPACE',''
  ) );
#3706 = PCURVE('',#2232,#3707);
#3707 = DEFINITIONAL_REPRESENTATION('',(#3708),#3712);
#3708 = LINE('',#3709,#3710);
#3709 = CARTESIAN_POINT('',(0.493225603849,-4.868511670771));
#3710 = VECTOR('',#3711,1.);
#3711 = DIRECTION('',(-7.356456359967E-02,0.997290456679));
#3712 = ( GEOMETRIC_REPRESENTATION_CONTEXT(2) 
PARAMETRIC_REPRESENTATION_CONTEXT() REPRESENTATION_CONTEXT('2D SPACE',''
  ) );
#3713 = ADVANCED_FACE('',(#3714),#1025,.T.);
#3714 = FACE_BOUND('',#3715,.T.);
#3715 = EDGE_LOOP('',(#3716,#3717,#3718,#3741));
#3716 = ORIENTED_EDGE('',*,*,#3670,.T.);
#3717 = ORIENTED_EDGE('',*,*,#1009,.T.);
#3718 = ORIENTED_EDGE('',*,*,#3719,.F.);
#3719 = EDGE_CURVE('',#3720,#1010,#3722,.T.);
#3720 = VERTEX_POINT('',#3721);
#3721 = CARTESIAN_POINT('',(8.456512733717,12.572478777138,5.));
#3722 = SURFACE_CURVE('',#3723,(#3727,#3734),.PCURVE_S1.);
#3723 = LINE('',#3724,#3725);
#3724 = CARTESIAN_POINT('',(8.456512733717,12.572478777138,5.));
#3725 = VECTOR('',#3726,1.);
#3726 = DIRECTION('',(0.857492925713,0.514495755428,1.110223024625E-16)
  );
#3727 = PCURVE('',#1025,#3728);
#3728 = DEFINITIONAL_REPRESENTATION('',(#3729),#3733);
#3729 = LINE('',#3730,#3731);
#3730 = CARTESIAN_POINT('',(0.147247371137,8.974227724299E-16));
#3731 = VECTOR('',#3732,1.);
#3732 = DIRECTION('',(-1.00283315893E-19,-1.));
#3733 = ( GEOMETRIC_REPRESENTATION_CONTEXT(2) 
PARAMETRIC_REPRESENTATION_CONTEXT() REPRESENTATION_CONTEXT('2D SPACE',''
  ) );
#3734 = PCURVE('',#1053,#3735);
#3735 = DEFINITIONAL_REPRESENTATION('',(#3736),#3740);
#3736 = LINE('',#3737,#3738);
#3737 = CARTESIAN_POINT('',(0.,-0.));
#3738 = VECTOR('',#3739,1.);
#3739 = DIRECTION('',(0.,-1.));
#3740 = ( GEOMETRIC_REPRESENTATION_CONTEXT(2) 
PARAMETRIC_REPRESENTATION_CONTEXT() REPRESENTATION_CONTEXT('2D SPACE',''
  ) );
#3741 = ORIENTED_EDGE('',*,*,#3742,.F.);
#3742 = EDGE_CURVE('',#3671,#3720,#3743,.T.);
#3743 = SURFACE_CURVE('',#3744,(#3748,#3755),.PCURVE_S1.);
#3744 = LINE('',#3745,#3746);
#3745 = CARTESIAN_POINT('',(8.458371931726,12.569380113789,
    4.852796977018));
#3746 = VECTOR('',#3747,1.);
#3747 = DIRECTION('',(-1.262635790802E-02,2.104392984669E-02,
    0.999698818696));
#3748 = PCURVE('',#1025,#3749);
#3749 = DEFINITIONAL_REPRESENTATION('',(#3750),#3754);
#3750 = LINE('',#3751,#3752);
#3751 = CARTESIAN_POINT('',(0.,-0.));
#3752 = VECTOR('',#3753,1.);
#3753 = DIRECTION('',(1.,3.343784180607E-20));
#3754 = ( GEOMETRIC_REPRESENTATION_CONTEXT(2) 
PARAMETRIC_REPRESENTATION_CONTEXT() REPRESENTATION_CONTEXT('2D SPACE',''
  ) );
#3755 = PCURVE('',#2232,#3756);
#3756 = DEFINITIONAL_REPRESENTATION('',(#3757),#3761);
#3757 = LINE('',#3758,#3759);
#3758 = CARTESIAN_POINT('',(0.48239341525,-4.721663272764));
#3759 = VECTOR('',#3760,1.);
#3760 = DIRECTION('',(-2.454122852291E-02,0.999698818696));
#3761 = ( GEOMETRIC_REPRESENTATION_CONTEXT(2) 
PARAMETRIC_REPRESENTATION_CONTEXT() REPRESENTATION_CONTEXT('2D SPACE',''
  ) );
#3762 = ADVANCED_FACE('',(#3763),#1053,.T.);
#3763 = FACE_BOUND('',#3764,.T.);
#3764 = EDGE_LOOP('',(#3765,#3766,#3767,#3790));
#3765 = ORIENTED_EDGE('',*,*,#3719,.T.);
#3766 = ORIENTED_EDGE('',*,*,#1037,.T.);
#3767 = ORIENTED_EDGE('',*,*,#3768,.F.);
#3768 = EDGE_CURVE('',#3769,#1038,#3771,.T.);
#3769 = VERTEX_POINT('',#3770);
#3770 = CARTESIAN_POINT('',(8.456512733717,12.572478777138,20.));
#3771 = SURFACE_CURVE('',#3772,(#3776,#3783),.PCURVE_S1.);
#3772 = LINE('',#3773,#3774);
#3773 = CARTESIAN_POINT('',(8.456512733717,12.572478777138,20.));
#3774 = VECTOR('',#3775,1.);
#3775 = DIRECTION('',(0.857492925713,0.514495755428,1.110223024625E-16)
  );
#3776 = PCURVE('',#1053,#3777);
#3777 = DEFINITIONAL_REPRESENTATION('',(#3778),#3782);
#3778 = LINE('',#3779,#3780);
#3779 = CARTESIAN_POINT('',(15.,-1.421211136109E-16));
#3780 = VECTOR('',#3781,1.);
#3781 = DIRECTION('',(0.,-1.));
#3782 = ( GEOMETRIC_REPRESENTATION_CONTEXT(2) 
PARAMETRIC_REPRESENTATION_CONTEXT() REPRESENTATION_CONTEXT('2D SPACE',''
  ) );
#3783 = PCURVE('',#1081,#3784);
#3784 = DEFINITIONAL_REPRESENTATION('',(#3785),#3789);
#3785 = LINE('',#3786,#3787);
#3786 = CARTESIAN_POINT('',(0.,-0.));
#3787 = VECTOR('',#3788,1.);
#3788 = DIRECTION('',(-1.232595164408E-32,-1.));
#3789 = ( GEOMETRIC_REPRESENTATION_CONTEXT(2) 
PARAMETRIC_REPRESENTATION_CONTEXT() REPRESENTATION_CONTEXT('2D SPACE',''
  ) );
#3790 = ORIENTED_EDGE('',*,*,#3791,.F.);
#3791 = EDGE_CURVE('',#3720,#3769,#3792,.T.);
#3792 = SURFACE_CURVE('',#3793,(#3797,#3804),.PCURVE_S1.);
#3793 = LINE('',#3794,#3795);
#3794 = CARTESIAN_POINT('',(8.456512733717,12.572478777138,5.));
#3795 = VECTOR('',#3796,1.);
#3796 = DIRECTION('',(-1.523213423327E-16,3.808033558317E-17,1.));
#3797 = PCURVE('',#1053,#3798);
#3798 = DEFINITIONAL_REPRESENTATION('',(#3799),#3803);
#3799 = LINE('',#3800,#3801);
#3800 = CARTESIAN_POINT('',(0.,-0.));
#3801 = VECTOR('',#3802,1.);
#3802 = DIRECTION('',(1.,0.));
#3803 = ( GEOMETRIC_REPRESENTATION_CONTEXT(2) 
PARAMETRIC_REPRESENTATION_CONTEXT() REPRESENTATION_CONTEXT('2D SPACE',''
  ) );
#3804 = PCURVE('',#2232,#3805);
#3805 = DEFINITIONAL_REPRESENTATION('',(#3806),#3810);
#3806 = LINE('',#3807,#3808);
#3807 = CARTESIAN_POINT('',(0.478779783865,-4.574460249782));
#3808 = VECTOR('',#3809,1.);
#3809 = DIRECTION('',(0.,1.));
#3810 = ( GEOMETRIC_REPRESENTATION_CONTEXT(2) 
PARAMETRIC_REPRESENTATION_CONTEXT() REPRESENTATION_CONTEXT('2D SPACE',''
  ) );
#3811 = ADVANCED_FACE('',(#3812),#1081,.T.);
#3812 = FACE_BOUND('',#3813,.T.);
#3813 = EDGE_LOOP('',(#3814,#3815,#3816,#3839));
#3814 = ORIENTED_EDGE('',*,*,#3768,.T.);
#3815 = ORIENTED_EDGE('',*,*,#1065,.T.);
#3816 = ORIENTED_EDGE('',*,*,#3817,.F.);
#3817 = EDGE_CURVE('',#3818,#1066,#3820,.T.);
#3818 = VERTEX_POINT('',#3819);
#3819 = CARTESIAN_POINT('',(7.427521222862,14.287464628563,20.));
#3820 = SURFACE_CURVE('',#3821,(#3825,#3832),.PCURVE_S1.);
#3821 = LINE('',#3822,#3823);
#3822 = CARTESIAN_POINT('',(7.427521222862,14.287464628563,20.));
#3823 = VECTOR('',#3824,1.);
#3824 = DIRECTION('',(0.857492925713,0.514495755428,1.110223024625E-16)
  );
#3825 = PCURVE('',#1081,#3826);
#3826 = DEFINITIONAL_REPRESENTATION('',(#3827),#3831);
#3827 = LINE('',#3828,#3829);
#3828 = CARTESIAN_POINT('',(2.,-4.440892098501E-16));
#3829 = VECTOR('',#3830,1.);
#3830 = DIRECTION('',(-1.232595164408E-32,-1.));
#3831 = ( GEOMETRIC_REPRESENTATION_CONTEXT(2) 
PARAMETRIC_REPRESENTATION_CONTEXT() REPRESENTATION_CONTEXT('2D SPACE',''
  ) );
#3832 = PCURVE('',#1109,#3833);
#3833 = DEFINITIONAL_REPRESENTATION('',(#3834),#3838);
#3834 = LINE('',#3835,#3836);
#3835 = CARTESIAN_POINT('',(0.,-0.));
#3836 = VECTOR('',#3837,1.);
#3837 = DIRECTION('',(0.,-1.));
#3838 = ( GEOMETRIC_REPRESENTATION_CONTEXT(2) 
PARAMETRIC_REPRESENTATION_CONTEXT() REPRESENTATION_CONTEXT('2D SPACE',''
  ) );
#3839 = ORIENTED_EDGE('',*,*,#3840,.F.);
#3840 = EDGE_CURVE('',#3769,#3818,#3841,.T.);
#3841 = SURFACE_CURVE('',#3842,(#3846,#3853),.PCURVE_S1.);
#3842 = LINE('',#3843,#3844);
#3843 = CARTESIAN_POINT('',(8.456512733717,12.572478777138,20.));
#3844 = VECTOR('',#3845,1.);
#3845 = DIRECTION('',(-0.514495755428,0.857492925713,-1.110223024625E-16
    ));
#3846 = PCURVE('',#1081,#3847);
#3847 = DEFINITIONAL_REPRESENTATION('',(#3848),#3852);
#3848 = LINE('',#3849,#3850);
#3849 = CARTESIAN_POINT('',(0.,-0.));
#3850 = VECTOR('',#3851,1.);
#3851 = DIRECTION('',(1.,1.232595164408E-32));
#3852 = ( GEOMETRIC_REPRESENTATION_CONTEXT(2) 
PARAMETRIC_REPRESENTATION_CONTEXT() REPRESENTATION_CONTEXT('2D SPACE',''
  ) );
#3853 = PCURVE('',#2232,#3854);
#3854 = DEFINITIONAL_REPRESENTATION('',(#3855),#3859);
#3855 = LINE('',#3856,#3857);
#3856 = CARTESIAN_POINT('',(0.478779783865,10.425539750218));
#3857 = VECTOR('',#3858,1.);
#3858 = DIRECTION('',(-1.,0.));
#3859 = ( GEOMETRIC_REPRESENTATION_CONTEXT(2) 
PARAMETRIC_REPRESENTATION_CONTEXT() REPRESENTATION_CONTEXT('2D SPACE',''
  ) );
#3860 = ADVANCED_FACE('',(#3861),#1109,.T.);
#3861 = FACE_BOUND('',#3862,.T.);
#3862 = EDGE_LOOP('',(#3863,#3864,#3865,#3888));
#3863 = ORIENTED_EDGE('',*,*,#3817,.T.);
#3864 = ORIENTED_EDGE('',*,*,#1093,.T.);
#3865 = ORIENTED_EDGE('',*,*,#3866,.F.);
#3866 = EDGE_CURVE('',#3867,#1094,#3869,.T.);
#3867 = VERTEX_POINT('',#3868);
#3868 = CARTESIAN_POINT('',(7.427521222862,14.287464628563,5.));
#3869 = SURFACE_CURVE('',#3870,(#3874,#3881),.PCURVE_S1.);
#3870 = LINE('',#3871,#3872);
#3871 = CARTESIAN_POINT('',(7.427521222862,14.287464628563,5.));
#3872 = VECTOR('',#3873,1.);
#3873 = DIRECTION('',(0.857492925713,0.514495755428,1.110223024625E-16)
  );
#3874 = PCURVE('',#1109,#3875);
#3875 = DEFINITIONAL_REPRESENTATION('',(#3876),#3880);
#3876 = LINE('',#3877,#3878);
#3877 = CARTESIAN_POINT('',(15.,1.421211136109E-16));
#3878 = VECTOR('',#3879,1.);
#3879 = DIRECTION('',(0.,-1.));
#3880 = ( GEOMETRIC_REPRESENTATION_CONTEXT(2) 
PARAMETRIC_REPRESENTATION_CONTEXT() REPRESENTATION_CONTEXT('2D SPACE',''
  ) );
#3881 = PCURVE('',#1137,#3882);
#3882 = DEFINITIONAL_REPRESENTATION('',(#3883),#3887);
#3883 = LINE('',#3884,#3885);
#3884 = CARTESIAN_POINT('',(0.,-0.));
#3885 = VECTOR('',#3886,1.);
#3886 = DIRECTION('',(-1.261618229185E-18,-1.));
#3887 = ( GEOMETRIC_REPRESENTATION_CONTEXT(2) 
PARAMETRIC_REPRESENTATION_CONTEXT() REPRESENTATION_CONTEXT('2D SPACE',''
  ) );
#3888 = ORIENTED_EDGE('',*,*,#3889,.F.);
#3889 = EDGE_CURVE('',#3818,#3867,#3890,.T.);
#3890 = SURFACE_CURVE('',#3891,(#3895,#3902),.PCURVE_S1.);
#3891 = LINE('',#3892,#3893);
#3892 = CARTESIAN_POINT('',(7.427521222862,14.287464628563,20.));
#3893 = VECTOR('',#3894,1.);
#3894 = DIRECTION('',(1.523213423327E-16,-3.808033558317E-17,-1.));
#3895 = PCURVE('',#1109,#3896);
#3896 = DEFINITIONAL_REPRESENTATION('',(#3897),#3901);
#3897 = LINE('',#3898,#3899);
#3898 = CARTESIAN_POINT('',(0.,-0.));
#3899 = VECTOR('',#3900,1.);
#3900 = DIRECTION('',(1.,0.));
#3901 = ( GEOMETRIC_REPRESENTATION_CONTEXT(2) 
PARAMETRIC_REPRESENTATION_CONTEXT() REPRESENTATION_CONTEXT('2D SPACE',''
  ) );
#3902 = PCURVE('',#2232,#3903);
#3903 = DEFINITIONAL_REPRESENTATION('',(#3904),#3908);
#3904 = LINE('',#3905,#3906);
#3905 = CARTESIAN_POINT('',(-1.521220216135,10.425539750218));
#3906 = VECTOR('',#3907,1.);
#3907 = DIRECTION('',(0.,-1.));
#3908 = ( GEOMETRIC_REPRESENTATION_CONTEXT(2) 
PARAMETRIC_REPRESENTATION_CONTEXT() REPRESENTATION_CONTEXT('2D SPACE',''
  ) );
#3909 = ADVANCED_FACE('',(#3910),#1137,.T.);
#3910 = FACE_BOUND('',#3911,.T.);
#3911 = EDGE_LOOP('',(#3912,#3913,#3914,#3937));
#3912 = ORIENTED_EDGE('',*,*,#3866,.T.);
#3913 = ORIENTED_EDGE('',*,*,#1121,.T.);
#3914 = ORIENTED_EDGE('',*,*,#3915,.F.);
#3915 = EDGE_CURVE('',#3916,#1122,#3918,.T.);
#3916 = VERTEX_POINT('',#3917);
#3917 = CARTESIAN_POINT('',(7.430619886211,14.282300189649,
    4.754661628363));
#3918 = SURFACE_CURVE('',#3919,(#3923,#3930),.PCURVE_S1.);
#3919 = LINE('',#3920,#3921);
#3920 = CARTESIAN_POINT('',(7.430619886211,14.282300189649,
    4.754661628363));
#3921 = VECTOR('',#3922,1.);
#3922 = DIRECTION('',(0.857492925713,0.514495755428,1.110223024625E-16)
  );
#3923 = PCURVE('',#1137,#3924);
#3924 = DEFINITIONAL_REPRESENTATION('',(#3925),#3929);
#3925 = LINE('',#3926,#3927);
#3926 = CARTESIAN_POINT('',(0.245412285229,2.767171177055E-17));
#3927 = VECTOR('',#3928,1.);
#3928 = DIRECTION('',(-1.261618229185E-18,-1.));
#3929 = ( GEOMETRIC_REPRESENTATION_CONTEXT(2) 
PARAMETRIC_REPRESENTATION_CONTEXT() REPRESENTATION_CONTEXT('2D SPACE',''
  ) );
#3930 = PCURVE('',#1165,#3931);
#3931 = DEFINITIONAL_REPRESENTATION('',(#3932),#3936);
#3932 = LINE('',#3933,#3934);
#3933 = CARTESIAN_POINT('',(0.,-0.));
#3934 = VECTOR('',#3935,1.);
#3935 = DIRECTION('',(9.000161706296E-19,-1.));
#3936 = ( GEOMETRIC_REPRESENTATION_CONTEXT(2) 
PARAMETRIC_REPRESENTATION_CONTEXT() REPRESENTATION_CONTEXT('2D SPACE',''
  ) );
#3937 = ORIENTED_EDGE('',*,*,#3938,.F.);
#3938 = EDGE_CURVE('',#3867,#3916,#3939,.T.);
#3939 = SURFACE_CURVE('',#3940,(#3944,#3951),.PCURVE_S1.);
#3940 = LINE('',#3941,#3942);
#3941 = CARTESIAN_POINT('',(7.427521222862,14.287464628563,5.));
#3942 = VECTOR('',#3943,1.);
#3943 = DIRECTION('',(1.262635790801E-02,-2.104392984669E-02,
    -0.999698818696));
#3944 = PCURVE('',#1137,#3945);
#3945 = DEFINITIONAL_REPRESENTATION('',(#3946),#3950);
#3946 = LINE('',#3947,#3948);
#3947 = CARTESIAN_POINT('',(0.,-0.));
#3948 = VECTOR('',#3949,1.);
#3949 = DIRECTION('',(1.,-1.768161317783E-18));
#3950 = ( GEOMETRIC_REPRESENTATION_CONTEXT(2) 
PARAMETRIC_REPRESENTATION_CONTEXT() REPRESENTATION_CONTEXT('2D SPACE',''
  ) );
#3951 = PCURVE('',#2232,#3952);
#3952 = DEFINITIONAL_REPRESENTATION('',(#3953),#3957);
#3953 = LINE('',#3954,#3955);
#3954 = CARTESIAN_POINT('',(-1.521220216135,-4.574460249782));
#3955 = VECTOR('',#3956,1.);
#3956 = DIRECTION('',(2.454122852291E-02,-0.999698818696));
#3957 = ( GEOMETRIC_REPRESENTATION_CONTEXT(2) 
PARAMETRIC_REPRESENTATION_CONTEXT() REPRESENTATION_CONTEXT('2D SPACE',''
  ) );
#3958 = ADVANCED_FACE('',(#3959),#1165,.T.);
#3959 = FACE_BOUND('',#3960,.T.);
#3960 = EDGE_LOOP('',(#3961,#3962,#3963,#3986));
#3961 = ORIENTED_EDGE('',*,*,#3915,.T.);
#3962 = ORIENTED_EDGE('',*,*,#1149,.T.);
#3963 = ORIENTED_EDGE('',*,*,#3964,.F.);
#3964 = EDGE_CURVE('',#3965,#1150,#3967,.T.);
#3965 = VERTEX_POINT('',#3966);
#3966 = CARTESIAN_POINT('',(7.439908411304,14.266819314493,
    4.509914298352));
#3967 = SURFACE_CURVE('',#3968,(#3972,#3979),.PCURVE_S1.);
#3968 = LINE('',#3969,#3970);
#3969 = CARTESIAN_POINT('',(7.439908411304,14.266819314493,
    4.509914298352));
#3970 = VECTOR('',#3971,1.);
#3971 = DIRECTION('',(0.857492925713,0.514495755428,1.110223024625E-16)
  );
#3972 = PCURVE('',#1165,#3973);
#3973 = DEFINITIONAL_REPRESENTATION('',(#3974),#3978);
#3974 = LINE('',#3975,#3976);
#3975 = CARTESIAN_POINT('',(0.245412285229,3.324837438713E-16));
#3976 = VECTOR('',#3977,1.);
#3977 = DIRECTION('',(9.000161706296E-19,-1.));
#3978 = ( GEOMETRIC_REPRESENTATION_CONTEXT(2) 
PARAMETRIC_REPRESENTATION_CONTEXT() REPRESENTATION_CONTEXT('2D SPACE',''
  ) );
#3979 = PCURVE('',#1193,#3980);
#3980 = DEFINITIONAL_REPRESENTATION('',(#3981),#3985);
#3981 = LINE('',#3982,#3983);
#3982 = CARTESIAN_POINT('',(0.,-0.));
#3983 = VECTOR('',#3984,1.);
#3984 = DIRECTION('',(-4.452865926842E-18,-1.));
#3985 = ( GEOMETRIC_REPRESENTATION_CONTEXT(2) 
PARAMETRIC_REPRESENTATION_CONTEXT() REPRESENTATION_CONTEXT('2D SPACE',''
  ) );
#3986 = ORIENTED_EDGE('',*,*,#3987,.F.);
#3987 = EDGE_CURVE('',#3916,#3965,#3988,.T.);
#3988 = SURFACE_CURVE('',#3989,(#3993,#4000),.PCURVE_S1.);
#3989 = LINE('',#3990,#3991);
#3990 = CARTESIAN_POINT('',(7.430619886211,14.282300189649,
    4.754661628363));
#3991 = VECTOR('',#3992,1.);
#3992 = DIRECTION('',(3.784865572191E-02,-6.308109286984E-02,
    -0.997290456679));
#3993 = PCURVE('',#1165,#3994);
#3994 = DEFINITIONAL_REPRESENTATION('',(#3995),#3999);
#3995 = LINE('',#3996,#3997);
#3996 = CARTESIAN_POINT('',(0.,-0.));
#3997 = VECTOR('',#3998,1.);
#3998 = DIRECTION('',(1.,-3.008197381537E-19));
#3999 = ( GEOMETRIC_REPRESENTATION_CONTEXT(2) 
PARAMETRIC_REPRESENTATION_CONTEXT() REPRESENTATION_CONTEXT('2D SPACE',''
  ) );
#4000 = PCURVE('',#2232,#4001);
#4001 = DEFINITIONAL_REPRESENTATION('',(#4002),#4006);
#4002 = LINE('',#4003,#4004);
#4003 = CARTESIAN_POINT('',(-1.51519749716,-4.819798621419));
#4004 = VECTOR('',#4005,1.);
#4005 = DIRECTION('',(7.356456359967E-02,-0.997290456679));
#4006 = ( GEOMETRIC_REPRESENTATION_CONTEXT(2) 
PARAMETRIC_REPRESENTATION_CONTEXT() REPRESENTATION_CONTEXT('2D SPACE',''
  ) );
#4007 = ADVANCED_FACE('',(#4008),#1193,.T.);
#4008 = FACE_BOUND('',#4009,.T.);
#4009 = EDGE_LOOP('',(#4010,#4011,#4012,#4035));
#4010 = ORIENTED_EDGE('',*,*,#3964,.T.);
#4011 = ORIENTED_EDGE('',*,*,#1177,.T.);
#4012 = ORIENTED_EDGE('',*,*,#4013,.F.);
#4013 = EDGE_CURVE('',#4014,#1178,#4016,.T.);
#4014 = VERTEX_POINT('',#4015);
#4015 = CARTESIAN_POINT('',(7.455364421273,14.241059297879,
    4.266347627723));
#4016 = SURFACE_CURVE('',#4017,(#4021,#4028),.PCURVE_S1.);
#4017 = LINE('',#4018,#4019);
#4018 = CARTESIAN_POINT('',(7.455364421273,14.241059297879,
    4.266347627723));
#4019 = VECTOR('',#4020,1.);
#4020 = DIRECTION('',(0.857492925713,0.514495755428,1.110223024625E-16)
  );
#4021 = PCURVE('',#1193,#4022);
#4022 = DEFINITIONAL_REPRESENTATION('',(#4023),#4027);
#4023 = LINE('',#4024,#4025);
#4024 = CARTESIAN_POINT('',(0.245412285229,-1.038078881673E-15));
#4025 = VECTOR('',#4026,1.);
#4026 = DIRECTION('',(-4.452865926842E-18,-1.));
#4027 = ( GEOMETRIC_REPRESENTATION_CONTEXT(2) 
PARAMETRIC_REPRESENTATION_CONTEXT() REPRESENTATION_CONTEXT('2D SPACE',''
  ) );
#4028 = PCURVE('',#1221,#4029);
#4029 = DEFINITIONAL_REPRESENTATION('',(#4030),#4034);
#4030 = LINE('',#4031,#4032);
#4031 = CARTESIAN_POINT('',(0.,-0.));
#4032 = VECTOR('',#4033,1.);
#4033 = DIRECTION('',(4.831692871478E-18,-1.));
#4034 = ( GEOMETRIC_REPRESENTATION_CONTEXT(2) 
PARAMETRIC_REPRESENTATION_CONTEXT() REPRESENTATION_CONTEXT('2D SPACE',''
  ) );
#4035 = ORIENTED_EDGE('',*,*,#4036,.F.);
#4036 = EDGE_CURVE('',#3965,#4014,#4037,.T.);
#4037 = SURFACE_CURVE('',#4038,(#4042,#4049),.PCURVE_S1.);
#4038 = LINE('',#4039,#4040);
#4039 = CARTESIAN_POINT('',(7.439908411304,14.266819314493,
    4.509914298352));
#4040 = VECTOR('',#4041,1.);
#4041 = DIRECTION('',(6.297977280902E-02,-0.104966288015,-0.992479534599
    ));
#4042 = PCURVE('',#1193,#4043);
#4043 = DEFINITIONAL_REPRESENTATION('',(#4044),#4048);
#4044 = LINE('',#4045,#4046);
#4045 = CARTESIAN_POINT('',(0.,-0.));
#4046 = VECTOR('',#4047,1.);
#4047 = DIRECTION('',(1.,1.304284842337E-17));
#4048 = ( GEOMETRIC_REPRESENTATION_CONTEXT(2) 
PARAMETRIC_REPRESENTATION_CONTEXT() REPRESENTATION_CONTEXT('2D SPACE',''
  ) );
#4049 = PCURVE('',#2232,#4050);
#4050 = DEFINITIONAL_REPRESENTATION('',(#4051),#4055);
#4051 = LINE('',#4052,#4053);
#4052 = CARTESIAN_POINT('',(-1.497143849496,-5.06454595143));
#4053 = VECTOR('',#4054,1.);
#4054 = DIRECTION('',(0.122410675199,-0.992479534599));
#4055 = ( GEOMETRIC_REPRESENTATION_CONTEXT(2) 
PARAMETRIC_REPRESENTATION_CONTEXT() REPRESENTATION_CONTEXT('2D SPACE',''
  ) );
#4056 = ADVANCED_FACE('',(#4057),#1221,.T.);
#4057 = FACE_BOUND('',#4058,.T.);
#4058 = EDGE_LOOP('',(#4059,#4060,#4061,#4084));
#4059 = ORIENTED_EDGE('',*,*,#4013,.T.);
#4060 = ORIENTED_EDGE('',*,*,#1205,.T.);
#4061 = ORIENTED_EDGE('',*,*,#4062,.F.);
#4062 = EDGE_CURVE('',#4063,#1206,#4065,.T.);
#4063 = VERTEX_POINT('',#4064);
#4064 = CARTESIAN_POINT('',(7.476950681234,14.205082197944,
    4.024548389919));
#4065 = SURFACE_CURVE('',#4066,(#4070,#4077),.PCURVE_S1.);
#4066 = LINE('',#4067,#4068);
#4067 = CARTESIAN_POINT('',(7.476950681234,14.205082197944,
    4.024548389919));
#4068 = VECTOR('',#4069,1.);
#4069 = DIRECTION('',(0.857492925713,0.514495755428,1.110223024625E-16)
  );
#4070 = PCURVE('',#1221,#4071);
#4071 = DEFINITIONAL_REPRESENTATION('',(#4072),#4076);
#4072 = LINE('',#4073,#4074);
#4073 = CARTESIAN_POINT('',(0.245412285229,2.684510811466E-17));
#4074 = VECTOR('',#4075,1.);
#4075 = DIRECTION('',(4.831692871478E-18,-1.));
#4076 = ( GEOMETRIC_REPRESENTATION_CONTEXT(2) 
PARAMETRIC_REPRESENTATION_CONTEXT() REPRESENTATION_CONTEXT('2D SPACE',''
  ) );
#4077 = PCURVE('',#1249,#4078);
#4078 = DEFINITIONAL_REPRESENTATION('',(#4079),#4083);
#4079 = LINE('',#4080,#4081);
#4080 = CARTESIAN_POINT('',(0.,-0.));
#4081 = VECTOR('',#4082,1.);
#4082 = DIRECTION('',(7.897770833371E-18,-1.));
#4083 = ( GEOMETRIC_REPRESENTATION_CONTEXT(2) 
PARAMETRIC_REPRESENTATION_CONTEXT() REPRESENTATION_CONTEXT('2D SPACE',''
  ) );
#4084 = ORIENTED_EDGE('',*,*,#4085,.F.);
#4085 = EDGE_CURVE('',#4014,#4063,#4086,.T.);
#4086 = SURFACE_CURVE('',#4087,(#4091,#4098),.PCURVE_S1.);
#4087 = LINE('',#4088,#4089);
#4088 = CARTESIAN_POINT('',(7.455364421273,14.241059297879,
    4.266347627723));
#4089 = VECTOR('',#4090,1.);
#4090 = DIRECTION('',(8.795916610705E-02,-0.146598610178,-0.985277642389
    ));
#4091 = PCURVE('',#1221,#4092);
#4092 = DEFINITIONAL_REPRESENTATION('',(#4093),#4097);
#4093 = LINE('',#4094,#4095);
#4094 = CARTESIAN_POINT('',(0.,-0.));
#4095 = VECTOR('',#4096,1.);
#4096 = DIRECTION('',(1.,-1.551229784747E-17));
#4097 = ( GEOMETRIC_REPRESENTATION_CONTEXT(2) 
PARAMETRIC_REPRESENTATION_CONTEXT() REPRESENTATION_CONTEXT('2D SPACE',''
  ) );
#4098 = PCURVE('',#2232,#4099);
#4099 = DEFINITIONAL_REPRESENTATION('',(#4100),#4104);
#4100 = LINE('',#4101,#4102);
#4101 = CARTESIAN_POINT('',(-1.467102765958,-5.308112622059));
#4102 = VECTOR('',#4103,1.);
#4103 = DIRECTION('',(0.17096188876,-0.985277642389));
#4104 = ( GEOMETRIC_REPRESENTATION_CONTEXT(2) 
PARAMETRIC_REPRESENTATION_CONTEXT() REPRESENTATION_CONTEXT('2D SPACE',''
  ) );
#4105 = ADVANCED_FACE('',(#4106),#1249,.T.);
#4106 = FACE_BOUND('',#4107,.T.);
#4107 = EDGE_LOOP('',(#4108,#4109,#4110,#4133));
#4108 = ORIENTED_EDGE('',*,*,#4062,.T.);
#4109 = ORIENTED_EDGE('',*,*,#1233,.T.);
#4110 = ORIENTED_EDGE('',*,*,#4111,.F.);
#4111 = EDGE_CURVE('',#4112,#1234,#4114,.T.);
#4112 = VERTEX_POINT('',#4113);
#4113 = CARTESIAN_POINT('',(7.504615187997,14.158974686672,
    3.785099100484));
#4114 = SURFACE_CURVE('',#4115,(#4119,#4126),.PCURVE_S1.);
#4115 = LINE('',#4116,#4117);
#4116 = CARTESIAN_POINT('',(7.504615187997,14.158974686672,
    3.785099100484));
#4117 = VECTOR('',#4118,1.);
#4118 = DIRECTION('',(0.857492925713,0.514495755428,1.110223024625E-16)
  );
#4119 = PCURVE('',#1249,#4120);
#4120 = DEFINITIONAL_REPRESENTATION('',(#4121),#4125);
#4121 = LINE('',#4122,#4123);
#4122 = CARTESIAN_POINT('',(0.245412285229,1.247829538524E-15));
#4123 = VECTOR('',#4124,1.);
#4124 = DIRECTION('',(7.897770833371E-18,-1.));
#4125 = ( GEOMETRIC_REPRESENTATION_CONTEXT(2) 
PARAMETRIC_REPRESENTATION_CONTEXT() REPRESENTATION_CONTEXT('2D SPACE',''
  ) );
#4126 = PCURVE('',#1277,#4127);
#4127 = DEFINITIONAL_REPRESENTATION('',(#4128),#4132);
#4128 = LINE('',#4129,#4130);
#4129 = CARTESIAN_POINT('',(0.,-0.));
#4130 = VECTOR('',#4131,1.);
#4131 = DIRECTION('',(1.163322932087E-17,-1.));
#4132 = ( GEOMETRIC_REPRESENTATION_CONTEXT(2) 
PARAMETRIC_REPRESENTATION_CONTEXT() REPRESENTATION_CONTEXT('2D SPACE',''
  ) );
#4133 = ORIENTED_EDGE('',*,*,#4134,.F.);
#4134 = EDGE_CURVE('',#4063,#4112,#4135,.T.);
#4135 = SURFACE_CURVE('',#4136,(#4140,#4147),.PCURVE_S1.);
#4136 = LINE('',#4137,#4138);
#4137 = CARTESIAN_POINT('',(7.476950681234,14.205082197944,
    4.024548389919));
#4138 = VECTOR('',#4139,1.);
#4139 = DIRECTION('',(0.11272665807,-0.187877763449,-0.975702130039));
#4140 = PCURVE('',#1249,#4141);
#4141 = DEFINITIONAL_REPRESENTATION('',(#4142),#4146);
#4142 = LINE('',#4143,#4144);
#4143 = CARTESIAN_POINT('',(0.,-0.));
#4144 = VECTOR('',#4145,1.);
#4145 = DIRECTION('',(1.,-2.697605468057E-18));
#4146 = ( GEOMETRIC_REPRESENTATION_CONTEXT(2) 
PARAMETRIC_REPRESENTATION_CONTEXT() REPRESENTATION_CONTEXT('2D SPACE',''
  ) );
#4147 = PCURVE('',#2232,#4148);
#4148 = DEFINITIONAL_REPRESENTATION('',(#4149),#4153);
#4149 = LINE('',#4150,#4151);
#4150 = CARTESIAN_POINT('',(-1.425146618151,-5.549911859863));
#4151 = VECTOR('',#4152,1.);
#4152 = DIRECTION('',(0.219101240157,-0.975702130039));
#4153 = ( GEOMETRIC_REPRESENTATION_CONTEXT(2) 
PARAMETRIC_REPRESENTATION_CONTEXT() REPRESENTATION_CONTEXT('2D SPACE',''
  ) );
#4154 = ADVANCED_FACE('',(#4155),#1277,.T.);
#4155 = FACE_BOUND('',#4156,.T.);
#4156 = EDGE_LOOP('',(#4157,#4158,#4159,#4182));
#4157 = ORIENTED_EDGE('',*,*,#4111,.T.);
#4158 = ORIENTED_EDGE('',*,*,#1261,.T.);
#4159 = ORIENTED_EDGE('',*,*,#4160,.F.);
#4160 = EDGE_CURVE('',#4161,#1262,#4163,.T.);
#4161 = VERTEX_POINT('',#4162);
#4162 = CARTESIAN_POINT('',(7.538291295342,14.102847841097,
    3.548576613728));
#4163 = SURFACE_CURVE('',#4164,(#4168,#4175),.PCURVE_S1.);
#4164 = LINE('',#4165,#4166);
#4165 = CARTESIAN_POINT('',(7.538291295342,14.102847841097,
    3.548576613728));
#4166 = VECTOR('',#4167,1.);
#4167 = DIRECTION('',(0.857492925713,0.514495755428,1.110223024625E-16)
  );
#4168 = PCURVE('',#1277,#4169);
#4169 = DEFINITIONAL_REPRESENTATION('',(#4170),#4174);
#4170 = LINE('',#4171,#4172);
#4171 = CARTESIAN_POINT('',(0.245412285229,-4.282382796421E-16));
#4172 = VECTOR('',#4173,1.);
#4173 = DIRECTION('',(1.163322932087E-17,-1.));
#4174 = ( GEOMETRIC_REPRESENTATION_CONTEXT(2) 
PARAMETRIC_REPRESENTATION_CONTEXT() REPRESENTATION_CONTEXT('2D SPACE',''
  ) );
#4175 = PCURVE('',#1305,#4176);
#4176 = DEFINITIONAL_REPRESENTATION('',(#4177),#4181);
#4177 = LINE('',#4178,#4179);
#4178 = CARTESIAN_POINT('',(0.,-0.));
#4179 = VECTOR('',#4180,1.);
#4180 = DIRECTION('',(1.597631101866E-17,-1.));
#4181 = ( GEOMETRIC_REPRESENTATION_CONTEXT(2) 
PARAMETRIC_REPRESENTATION_CONTEXT() REPRESENTATION_CONTEXT('2D SPACE',''
  ) );
#4182 = ORIENTED_EDGE('',*,*,#4183,.F.);
#4183 = EDGE_CURVE('',#4112,#4161,#4184,.T.);
#4184 = SURFACE_CURVE('',#4185,(#4189,#4196),.PCURVE_S1.);
#4185 = LINE('',#4186,#4187);
#4186 = CARTESIAN_POINT('',(7.504615187997,14.158974686672,
    3.785099100484));
#4187 = VECTOR('',#4188,1.);
#4188 = DIRECTION('',(0.137222581639,-0.228704302732,-0.963776065795));
#4189 = PCURVE('',#1277,#4190);
#4190 = DEFINITIONAL_REPRESENTATION('',(#4191),#4195);
#4191 = LINE('',#4192,#4193);
#4192 = CARTESIAN_POINT('',(0.,-0.));
#4193 = VECTOR('',#4194,1.);
#4194 = DIRECTION('',(1.,-4.021664579641E-18));
#4195 = ( GEOMETRIC_REPRESENTATION_CONTEXT(2) 
PARAMETRIC_REPRESENTATION_CONTEXT() REPRESENTATION_CONTEXT('2D SPACE',''
  ) );
#4196 = PCURVE('',#2232,#4197);
#4197 = DEFINITIONAL_REPRESENTATION('',(#4198),#4202);
#4198 = LINE('',#4199,#4200);
#4199 = CARTESIAN_POINT('',(-1.371376482107,-5.789361149298));
#4200 = VECTOR('',#4201,1.);
#4201 = DIRECTION('',(0.266712757475,-0.963776065795));
#4202 = ( GEOMETRIC_REPRESENTATION_CONTEXT(2) 
PARAMETRIC_REPRESENTATION_CONTEXT() REPRESENTATION_CONTEXT('2D SPACE',''
  ) );
#4203 = ADVANCED_FACE('',(#4204),#1305,.T.);
#4204 = FACE_BOUND('',#4205,.T.);
#4205 = EDGE_LOOP('',(#4206,#4207,#4208,#4231));
#4206 = ORIENTED_EDGE('',*,*,#4160,.T.);
#4207 = ORIENTED_EDGE('',*,*,#1289,.T.);
#4208 = ORIENTED_EDGE('',*,*,#4209,.F.);
#4209 = EDGE_CURVE('',#4210,#1290,#4212,.T.);
#4210 = VERTEX_POINT('',#4211);
#4211 = CARTESIAN_POINT('',(7.577897874577,14.036836875705,
    3.315550733039));
#4212 = SURFACE_CURVE('',#4213,(#4217,#4224),.PCURVE_S1.);
#4213 = LINE('',#4214,#4215);
#4214 = CARTESIAN_POINT('',(7.577897874577,14.036836875705,
    3.315550733039));
#4215 = VECTOR('',#4216,1.);
#4216 = DIRECTION('',(0.857492925713,0.514495755428,1.110223024625E-16)
  );
#4217 = PCURVE('',#1305,#4218);
#4218 = DEFINITIONAL_REPRESENTATION('',(#4219),#4223);
#4219 = LINE('',#4220,#4221);
#4220 = CARTESIAN_POINT('',(0.245412285229,-1.267845960785E-16));
#4221 = VECTOR('',#4222,1.);
#4222 = DIRECTION('',(1.597631101866E-17,-1.));
#4223 = ( GEOMETRIC_REPRESENTATION_CONTEXT(2) 
PARAMETRIC_REPRESENTATION_CONTEXT() REPRESENTATION_CONTEXT('2D SPACE',''
  ) );
#4224 = PCURVE('',#1333,#4225);
#4225 = DEFINITIONAL_REPRESENTATION('',(#4226),#4230);
#4226 = LINE('',#4227,#4228);
#4227 = CARTESIAN_POINT('',(0.,-0.));
#4228 = VECTOR('',#4229,1.);
#4229 = DIRECTION('',(-2.553925629328E-17,-1.));
#4230 = ( GEOMETRIC_REPRESENTATION_CONTEXT(2) 
PARAMETRIC_REPRESENTATION_CONTEXT() REPRESENTATION_CONTEXT('2D SPACE',''
  ) );
#4231 = ORIENTED_EDGE('',*,*,#4232,.F.);
#4232 = EDGE_CURVE('',#4161,#4210,#4233,.T.);
#4233 = SURFACE_CURVE('',#4234,(#4238,#4245),.PCURVE_S1.);
#4234 = LINE('',#4235,#4236);
#4235 = CARTESIAN_POINT('',(7.538291295342,14.102847841097,
    3.548576613728));
#4236 = VECTOR('',#4237,1.);
#4237 = DIRECTION('',(0.16138792399,-0.268979873317,-0.949528180593));
#4238 = PCURVE('',#1305,#4239);
#4239 = DEFINITIONAL_REPRESENTATION('',(#4240),#4244);
#4240 = LINE('',#4241,#4242);
#4241 = CARTESIAN_POINT('',(0.,-0.));
#4242 = VECTOR('',#4243,1.);
#4243 = DIRECTION('',(1.,2.21520780156E-17));
#4244 = ( GEOMETRIC_REPRESENTATION_CONTEXT(2) 
PARAMETRIC_REPRESENTATION_CONTEXT() REPRESENTATION_CONTEXT('2D SPACE',''
  ) );
#4245 = PCURVE('',#2232,#4246);
#4246 = DEFINITIONAL_REPRESENTATION('',(#4247),#4251);
#4247 = LINE('',#4248,#4249);
#4248 = CARTESIAN_POINT('',(-1.305921894796,-6.025883636054));
#4249 = VECTOR('',#4250,1.);
#4250 = DIRECTION('',(0.313681740399,-0.949528180593));
#4251 = ( GEOMETRIC_REPRESENTATION_CONTEXT(2) 
PARAMETRIC_REPRESENTATION_CONTEXT() REPRESENTATION_CONTEXT('2D SPACE',''
  ) );
#4252 = ADVANCED_FACE('',(#4253),#1333,.T.);
#4253 = FACE_BOUND('',#4254,.T.);
#4254 = EDGE_LOOP('',(#4255,#4256,#4257,#4280));
#4255 = ORIENTED_EDGE('',*,*,#4209,.T.);
#4256 = ORIENTED_EDGE('',*,*,#1317,.T.);
#4257 = ORIENTED_EDGE('',*,*,#4258,.F.);
#4258 = EDGE_CURVE('',#4259,#1318,#4261,.T.);
#4259 = VERTEX_POINT('',#4260);
#4260 = CARTESIAN_POINT('',(7.623339509983,13.961100816695,
    3.086582838175));
#4261 = SURFACE_CURVE('',#4262,(#4266,#4273),.PCURVE_S1.);
#4262 = LINE('',#4263,#4264);
#4263 = CARTESIAN_POINT('',(7.623339509983,13.961100816695,
    3.086582838175));
#4264 = VECTOR('',#4265,1.);
#4265 = DIRECTION('',(0.857492925713,0.514495755428,1.110223024625E-16)
  );
#4266 = PCURVE('',#1333,#4267);
#4267 = DEFINITIONAL_REPRESENTATION('',(#4268),#4272);
#4268 = LINE('',#4269,#4270);
#4269 = CARTESIAN_POINT('',(0.245412285229,4.833875405357E-16));
#4270 = VECTOR('',#4271,1.);
#4271 = DIRECTION('',(-2.553925629328E-17,-1.));
#4272 = ( GEOMETRIC_REPRESENTATION_CONTEXT(2) 
PARAMETRIC_REPRESENTATION_CONTEXT() REPRESENTATION_CONTEXT('2D SPACE',''
  ) );
#4273 = PCURVE('',#1361,#4274);
#4274 = DEFINITIONAL_REPRESENTATION('',(#4275),#4279);
#4275 = LINE('',#4276,#4277);
#4276 = CARTESIAN_POINT('',(0.,-0.));
#4277 = VECTOR('',#4278,1.);
#4278 = DIRECTION('',(-2.21284694142E-17,-1.));
#4279 = ( GEOMETRIC_REPRESENTATION_CONTEXT(2) 
PARAMETRIC_REPRESENTATION_CONTEXT() REPRESENTATION_CONTEXT('2D SPACE',''
  ) );
#4280 = ORIENTED_EDGE('',*,*,#4281,.F.);
#4281 = EDGE_CURVE('',#4210,#4259,#4282,.T.);
#4282 = SURFACE_CURVE('',#4283,(#4287,#4294),.PCURVE_S1.);
#4283 = LINE('',#4284,#4285);
#4284 = CARTESIAN_POINT('',(7.577897874577,14.036836875705,
    3.315550733039));
#4285 = VECTOR('',#4286,1.);
#4286 = DIRECTION('',(0.185164468697,-0.308607447828,-0.932992798835));
#4287 = PCURVE('',#1333,#4288);
#4288 = DEFINITIONAL_REPRESENTATION('',(#4289),#4293);
#4289 = LINE('',#4290,#4291);
#4290 = CARTESIAN_POINT('',(0.,-0.));
#4291 = VECTOR('',#4292,1.);
#4292 = DIRECTION('',(1.,-7.439293754936E-18));
#4293 = ( GEOMETRIC_REPRESENTATION_CONTEXT(2) 
PARAMETRIC_REPRESENTATION_CONTEXT() REPRESENTATION_CONTEXT('2D SPACE',''
  ) );
#4294 = PCURVE('',#2232,#4295);
#4295 = DEFINITIONAL_REPRESENTATION('',(#4296),#4300);
#4296 = LINE('',#4297,#4298);
#4297 = CARTESIAN_POINT('',(-1.22894054205,-6.258909516743));
#4298 = VECTOR('',#4299,1.);
#4299 = DIRECTION('',(0.359895036535,-0.932992798835));
#4300 = ( GEOMETRIC_REPRESENTATION_CONTEXT(2) 
PARAMETRIC_REPRESENTATION_CONTEXT() REPRESENTATION_CONTEXT('2D SPACE',''
  ) );
#4301 = ADVANCED_FACE('',(#4302),#1361,.T.);
#4302 = FACE_BOUND('',#4303,.T.);
#4303 = EDGE_LOOP('',(#4304,#4305,#4306,#4329));
#4304 = ORIENTED_EDGE('',*,*,#4258,.T.);
#4305 = ORIENTED_EDGE('',*,*,#1345,.T.);
#4306 = ORIENTED_EDGE('',*,*,#4307,.F.);
#4307 = EDGE_CURVE('',#4308,#1346,#4310,.T.);
#4308 = VERTEX_POINT('',#4309);
#4309 = CARTESIAN_POINT('',(7.67450672868,13.875822118866,2.862224532849
    ));
#4310 = SURFACE_CURVE('',#4311,(#4315,#4322),.PCURVE_S1.);
#4311 = LINE('',#4312,#4313);
#4312 = CARTESIAN_POINT('',(7.67450672868,13.875822118866,2.862224532849
    ));
#4313 = VECTOR('',#4314,1.);
#4314 = DIRECTION('',(0.857492925713,0.514495755428,1.110223024625E-16)
  );
#4315 = PCURVE('',#1361,#4316);
#4316 = DEFINITIONAL_REPRESENTATION('',(#4317),#4321);
#4317 = LINE('',#4318,#4319);
#4318 = CARTESIAN_POINT('',(0.245412285229,-1.208079963482E-16));
#4319 = VECTOR('',#4320,1.);
#4320 = DIRECTION('',(-2.21284694142E-17,-1.));
#4321 = ( GEOMETRIC_REPRESENTATION_CONTEXT(2) 
PARAMETRIC_REPRESENTATION_CONTEXT() REPRESENTATION_CONTEXT('2D SPACE',''
  ) );
#4322 = PCURVE('',#1389,#4323);
#4323 = DEFINITIONAL_REPRESENTATION('',(#4324),#4328);
#4324 = LINE('',#4325,#4326);
#4325 = CARTESIAN_POINT('',(0.,-0.));
#4326 = VECTOR('',#4327,1.);
#4327 = DIRECTION('',(9.607805555936E-18,-1.));
#4328 = ( GEOMETRIC_REPRESENTATION_CONTEXT(2) 
PARAMETRIC_REPRESENTATION_CONTEXT() REPRESENTATION_CONTEXT('2D SPACE',''
  ) );
#4329 = ORIENTED_EDGE('',*,*,#4330,.F.);
#4330 = EDGE_CURVE('',#4259,#4308,#4331,.T.);
#4331 = SURFACE_CURVE('',#4332,(#4336,#4343),.PCURVE_S1.);
#4332 = LINE('',#4333,#4334);
#4333 = CARTESIAN_POINT('',(7.623339509983,13.961100816695,
    3.086582838175));
#4334 = VECTOR('',#4335,1.);
#4335 = DIRECTION('',(0.208494935979,-0.347491559966,-0.914209755704));
#4336 = PCURVE('',#1361,#4337);
#4337 = DEFINITIONAL_REPRESENTATION('',(#4338),#4342);
#4338 = LINE('',#4339,#4340);
#4339 = CARTESIAN_POINT('',(0.,-0.));
#4340 = VECTOR('',#4341,1.);
#4341 = DIRECTION('',(1.,1.823094516501E-17));
#4342 = ( GEOMETRIC_REPRESENTATION_CONTEXT(2) 
PARAMETRIC_REPRESENTATION_CONTEXT() REPRESENTATION_CONTEXT('2D SPACE',''
  ) );
#4343 = PCURVE('',#2232,#4344);
#4344 = DEFINITIONAL_REPRESENTATION('',(#4345),#4349);
#4345 = LINE('',#4346,#4347);
#4346 = CARTESIAN_POINT('',(-1.140617878691,-6.487877411607));
#4347 = VECTOR('',#4348,1.);
#4348 = DIRECTION('',(0.405241314005,-0.914209755704));
#4349 = ( GEOMETRIC_REPRESENTATION_CONTEXT(2) 
PARAMETRIC_REPRESENTATION_CONTEXT() REPRESENTATION_CONTEXT('2D SPACE',''
  ) );
#4350 = ADVANCED_FACE('',(#4351),#1389,.T.);
#4351 = FACE_BOUND('',#4352,.T.);
#4352 = EDGE_LOOP('',(#4353,#4354,#4355,#4378));
#4353 = ORIENTED_EDGE('',*,*,#4307,.T.);
#4354 = ORIENTED_EDGE('',*,*,#1373,.T.);
#4355 = ORIENTED_EDGE('',*,*,#4356,.F.);
#4356 = EDGE_CURVE('',#4357,#1374,#4359,.T.);
#4357 = VERTEX_POINT('',#4358);
#4358 = CARTESIAN_POINT('',(7.731276264357,13.781206226071,2.64301631587
    ));
#4359 = SURFACE_CURVE('',#4360,(#4364,#4371),.PCURVE_S1.);
#4360 = LINE('',#4361,#4362);
#4361 = CARTESIAN_POINT('',(7.731276264357,13.781206226071,2.64301631587
    ));
#4362 = VECTOR('',#4363,1.);
#4363 = DIRECTION('',(0.857492925713,0.514495755428,1.110223024625E-16)
  );
#4364 = PCURVE('',#1389,#4365);
#4365 = DEFINITIONAL_REPRESENTATION('',(#4366),#4370);
#4366 = LINE('',#4367,#4368);
#4367 = CARTESIAN_POINT('',(0.245412285229,-4.266911027863E-16));
#4368 = VECTOR('',#4369,1.);
#4369 = DIRECTION('',(9.607805555936E-18,-1.));
#4370 = ( GEOMETRIC_REPRESENTATION_CONTEXT(2) 
PARAMETRIC_REPRESENTATION_CONTEXT() REPRESENTATION_CONTEXT('2D SPACE',''
  ) );
#4371 = PCURVE('',#1417,#4372);
#4372 = DEFINITIONAL_REPRESENTATION('',(#4373),#4377);
#4373 = LINE('',#4374,#4375);
#4374 = CARTESIAN_POINT('',(0.,-0.));
#4375 = VECTOR('',#4376,1.);
#4376 = DIRECTION('',(1.013627510124E-17,-1.));
#4377 = ( GEOMETRIC_REPRESENTATION_CONTEXT(2) 
PARAMETRIC_REPRESENTATION_CONTEXT() REPRESENTATION_CONTEXT('2D SPACE',''
  ) );
#4378 = ORIENTED_EDGE('',*,*,#4379,.F.);
#4379 = EDGE_CURVE('',#4308,#4357,#4380,.T.);
#4380 = SURFACE_CURVE('',#4381,(#4385,#4392),.PCURVE_S1.);
#4381 = LINE('',#4382,#4383);
#4382 = CARTESIAN_POINT('',(7.67450672868,13.875822118866,2.862224532849
    ));
#4383 = VECTOR('',#4384,1.);
#4384 = DIRECTION('',(0.231323120699,-0.385538534499,-0.893224301196));
#4385 = PCURVE('',#1389,#4386);
#4386 = DEFINITIONAL_REPRESENTATION('',(#4387),#4391);
#4387 = LINE('',#4388,#4389);
#4388 = CARTESIAN_POINT('',(0.,-0.));
#4389 = VECTOR('',#4390,1.);
#4390 = DIRECTION('',(1.,-1.185448392832E-17));
#4391 = ( GEOMETRIC_REPRESENTATION_CONTEXT(2) 
PARAMETRIC_REPRESENTATION_CONTEXT() REPRESENTATION_CONTEXT('2D SPACE',''
  ) );
#4392 = PCURVE('',#2232,#4393);
#4393 = DEFINITIONAL_REPRESENTATION('',(#4394),#4398);
#4394 = LINE('',#4395,#4396);
#4395 = CARTESIAN_POINT('',(-1.041166681752,-6.712235716933));
#4396 = VECTOR('',#4397,1.);
#4397 = DIRECTION('',(0.449611329655,-0.893224301196));
#4398 = ( GEOMETRIC_REPRESENTATION_CONTEXT(2) 
PARAMETRIC_REPRESENTATION_CONTEXT() REPRESENTATION_CONTEXT('2D SPACE',''
  ) );
#4399 = ADVANCED_FACE('',(#4400),#1417,.T.);
#4400 = FACE_BOUND('',#4401,.T.);
#4401 = EDGE_LOOP('',(#4402,#4403,#4404,#4427));
#4402 = ORIENTED_EDGE('',*,*,#4356,.T.);
#4403 = ORIENTED_EDGE('',*,*,#1401,.T.);
#4404 = ORIENTED_EDGE('',*,*,#4405,.F.);
#4405 = EDGE_CURVE('',#4406,#1402,#4408,.T.);
#4406 = VERTEX_POINT('',#4407);
#4407 = CARTESIAN_POINT('',(7.793511354231,13.677481076282,
    2.429486279034));
#4408 = SURFACE_CURVE('',#4409,(#4413,#4420),.PCURVE_S1.);
#4409 = LINE('',#4410,#4411);
#4410 = CARTESIAN_POINT('',(7.793511354231,13.677481076282,
    2.429486279034));
#4411 = VECTOR('',#4412,1.);
#4412 = DIRECTION('',(0.857492925713,0.514495755428,1.110223024625E-16)
  );
#4413 = PCURVE('',#1417,#4414);
#4414 = DEFINITIONAL_REPRESENTATION('',(#4415),#4419);
#4415 = LINE('',#4416,#4417);
#4416 = CARTESIAN_POINT('',(0.245412285229,3.290179281064E-16));
#4417 = VECTOR('',#4418,1.);
#4418 = DIRECTION('',(1.013627510124E-17,-1.));
#4419 = ( GEOMETRIC_REPRESENTATION_CONTEXT(2) 
PARAMETRIC_REPRESENTATION_CONTEXT() REPRESENTATION_CONTEXT('2D SPACE',''
  ) );
#4420 = PCURVE('',#1445,#4421);
#4421 = DEFINITIONAL_REPRESENTATION('',(#4422),#4426);
#4422 = LINE('',#4423,#4424);
#4423 = CARTESIAN_POINT('',(0.,-0.));
#4424 = VECTOR('',#4425,1.);
#4425 = DIRECTION('',(1.89809469899E-17,-1.));
#4426 = ( GEOMETRIC_REPRESENTATION_CONTEXT(2) 
PARAMETRIC_REPRESENTATION_CONTEXT() REPRESENTATION_CONTEXT('2D SPACE',''
  ) );
#4427 = ORIENTED_EDGE('',*,*,#4428,.F.);
#4428 = EDGE_CURVE('',#4357,#4406,#4429,.T.);
#4429 = SURFACE_CURVE('',#4430,(#4434,#4441),.PCURVE_S1.);
#4430 = LINE('',#4431,#4432);
#4431 = CARTESIAN_POINT('',(7.731276264357,13.781206226071,2.64301631587
    ));
#4432 = VECTOR('',#4433,1.);
#4433 = DIRECTION('',(0.25359402776,-0.422656712934,-0.870086991109));
#4434 = PCURVE('',#1417,#4435);
#4435 = DEFINITIONAL_REPRESENTATION('',(#4436),#4440);
#4436 = LINE('',#4437,#4438);
#4437 = CARTESIAN_POINT('',(0.,-0.));
#4438 = VECTOR('',#4439,1.);
#4439 = DIRECTION('',(1.,1.333233424868E-17));
#4440 = ( GEOMETRIC_REPRESENTATION_CONTEXT(2) 
PARAMETRIC_REPRESENTATION_CONTEXT() REPRESENTATION_CONTEXT('2D SPACE',''
  ) );
#4441 = PCURVE('',#2232,#4442);
#4442 = DEFINITIONAL_REPRESENTATION('',(#4443),#4447);
#4443 = LINE('',#4444,#4445);
#4444 = CARTESIAN_POINT('',(-0.930826537876,-6.931443933912));
#4445 = VECTOR('',#4446,1.);
#4446 = DIRECTION('',(0.49289819223,-0.870086991109));
#4447 = ( GEOMETRIC_REPRESENTATION_CONTEXT(2) 
PARAMETRIC_REPRESENTATION_CONTEXT() REPRESENTATION_CONTEXT('2D SPACE',''
  ) );
#4448 = ADVANCED_FACE('',(#4449),#1445,.T.);
#4449 = FACE_BOUND('',#4450,.T.);
#4450 = EDGE_LOOP('',(#4451,#4452,#4453,#4476));
#4451 = ORIENTED_EDGE('',*,*,#4405,.T.);
#4452 = ORIENTED_EDGE('',*,*,#1429,.T.);
#4453 = ORIENTED_EDGE('',*,*,#4454,.F.);
#4454 = EDGE_CURVE('',#4455,#1430,#4457,.T.);
#4455 = VERTEX_POINT('',#4456);
#4456 = CARTESIAN_POINT('',(7.861062068517,13.564896552472,
    2.222148834902));
#4457 = SURFACE_CURVE('',#4458,(#4462,#4469),.PCURVE_S1.);
#4458 = LINE('',#4459,#4460);
#4459 = CARTESIAN_POINT('',(7.861062068517,13.564896552472,
    2.222148834902));
#4460 = VECTOR('',#4461,1.);
#4461 = DIRECTION('',(0.857492925713,0.514495755428,1.110223024625E-16)
  );
#4462 = PCURVE('',#1445,#4463);
#4463 = DEFINITIONAL_REPRESENTATION('',(#4464),#4468);
#4464 = LINE('',#4465,#4466);
#4465 = CARTESIAN_POINT('',(0.245412285229,-1.296365854517E-16));
#4466 = VECTOR('',#4467,1.);
#4467 = DIRECTION('',(1.89809469899E-17,-1.));
#4468 = ( GEOMETRIC_REPRESENTATION_CONTEXT(2) 
PARAMETRIC_REPRESENTATION_CONTEXT() REPRESENTATION_CONTEXT('2D SPACE',''
  ) );
#4469 = PCURVE('',#1473,#4470);
#4470 = DEFINITIONAL_REPRESENTATION('',(#4471),#4475);
#4471 = LINE('',#4472,#4473);
#4472 = CARTESIAN_POINT('',(0.,-0.));
#4473 = VECTOR('',#4474,1.);
#4474 = DIRECTION('',(-5.742988896512E-17,-1.));
#4475 = ( GEOMETRIC_REPRESENTATION_CONTEXT(2) 
PARAMETRIC_REPRESENTATION_CONTEXT() REPRESENTATION_CONTEXT('2D SPACE',''
  ) );
#4476 = ORIENTED_EDGE('',*,*,#4477,.F.);
#4477 = EDGE_CURVE('',#4406,#4455,#4478,.T.);
#4478 = SURFACE_CURVE('',#4479,(#4483,#4490),.PCURVE_S1.);
#4479 = LINE('',#4480,#4481);
#4480 = CARTESIAN_POINT('',(7.793511354231,13.677481076282,
    2.429486279034));
#4481 = VECTOR('',#4482,1.);
#4482 = DIRECTION('',(0.275254004596,-0.458756674326,-0.84485356525));
#4483 = PCURVE('',#1445,#4484);
#4484 = DEFINITIONAL_REPRESENTATION('',(#4485),#4489);
#4485 = LINE('',#4486,#4487);
#4486 = CARTESIAN_POINT('',(0.,-0.));
#4487 = VECTOR('',#4488,1.);
#4488 = DIRECTION('',(1.,-7.273586563609E-17));
#4489 = ( GEOMETRIC_REPRESENTATION_CONTEXT(2) 
PARAMETRIC_REPRESENTATION_CONTEXT() REPRESENTATION_CONTEXT('2D SPACE',''
  ) );
#4490 = PCURVE('',#2232,#4491);
#4491 = DEFINITIONAL_REPRESENTATION('',(#4492),#4496);
#4492 = LINE('',#4493,#4494);
#4493 = CARTESIAN_POINT('',(-0.809863266136,-7.144973970748));
#4494 = VECTOR('',#4495,1.);
#4495 = DIRECTION('',(0.534997619887,-0.84485356525));
#4496 = ( GEOMETRIC_REPRESENTATION_CONTEXT(2) 
PARAMETRIC_REPRESENTATION_CONTEXT() REPRESENTATION_CONTEXT('2D SPACE',''
  ) );
#4497 = ADVANCED_FACE('',(#4498),#1473,.T.);
#4498 = FACE_BOUND('',#4499,.T.);
#4499 = EDGE_LOOP('',(#4500,#4501,#4502,#4525));
#4500 = ORIENTED_EDGE('',*,*,#4454,.T.);
#4501 = ORIENTED_EDGE('',*,*,#1457,.T.);
#4502 = ORIENTED_EDGE('',*,*,#4503,.F.);
#4503 = EDGE_CURVE('',#4504,#1458,#4506,.T.);
#4504 = VERTEX_POINT('',#4505);
#4505 = CARTESIAN_POINT('',(7.933765671629,13.443723880618,
    2.021503477538));
#4506 = SURFACE_CURVE('',#4507,(#4511,#4518),.PCURVE_S1.);
#4507 = LINE('',#4508,#4509);
#4508 = CARTESIAN_POINT('',(7.933765671629,13.443723880618,
    2.021503477538));
#4509 = VECTOR('',#4510,1.);
#4510 = DIRECTION('',(0.857492925713,0.514495755428,1.110223024625E-16)
  );
#4511 = PCURVE('',#1473,#4512);
#4512 = DEFINITIONAL_REPRESENTATION('',(#4513),#4517);
#4513 = LINE('',#4514,#4515);
#4514 = CARTESIAN_POINT('',(0.245412285229,1.818706693428E-16));
#4515 = VECTOR('',#4516,1.);
#4516 = DIRECTION('',(-5.742988896512E-17,-1.));
#4517 = ( GEOMETRIC_REPRESENTATION_CONTEXT(2) 
PARAMETRIC_REPRESENTATION_CONTEXT() REPRESENTATION_CONTEXT('2D SPACE',''
  ) );
#4518 = PCURVE('',#1501,#4519);
#4519 = DEFINITIONAL_REPRESENTATION('',(#4520),#4524);
#4520 = LINE('',#4521,#4522);
#4521 = CARTESIAN_POINT('',(0.,-0.));
#4522 = VECTOR('',#4523,1.);
#4523 = DIRECTION('',(1.115830514797E-18,-1.));
#4524 = ( GEOMETRIC_REPRESENTATION_CONTEXT(2) 
PARAMETRIC_REPRESENTATION_CONTEXT() REPRESENTATION_CONTEXT('2D SPACE',''
  ) );
#4525 = ORIENTED_EDGE('',*,*,#4526,.F.);
#4526 = EDGE_CURVE('',#4455,#4504,#4527,.T.);
#4527 = SURFACE_CURVE('',#4528,(#4532,#4539),.PCURVE_S1.);
#4528 = LINE('',#4529,#4530);
#4529 = CARTESIAN_POINT('',(7.861062068517,13.564896552472,
    2.222148834902));
#4530 = VECTOR('',#4531,1.);
#4531 = DIRECTION('',(0.296250870425,-0.493751450708,-0.817584813152));
#4532 = PCURVE('',#1473,#4533);
#4533 = DEFINITIONAL_REPRESENTATION('',(#4534),#4538);
#4534 = LINE('',#4535,#4536);
#4535 = CARTESIAN_POINT('',(0.,-0.));
#4536 = VECTOR('',#4537,1.);
#4537 = DIRECTION('',(1.,-2.025215404804E-17));
#4538 = ( GEOMETRIC_REPRESENTATION_CONTEXT(2) 
PARAMETRIC_REPRESENTATION_CONTEXT() REPRESENTATION_CONTEXT('2D SPACE',''
  ) );
#4539 = PCURVE('',#2232,#4540);
#4540 = DEFINITIONAL_REPRESENTATION('',(#4541),#4545);
#4541 = LINE('',#4542,#4543);
#4542 = CARTESIAN_POINT('',(-0.678568277647,-7.35231141488));
#4543 = VECTOR('',#4544,1.);
#4544 = DIRECTION('',(0.575808191418,-0.817584813152));
#4545 = ( GEOMETRIC_REPRESENTATION_CONTEXT(2) 
PARAMETRIC_REPRESENTATION_CONTEXT() REPRESENTATION_CONTEXT('2D SPACE',''
  ) );
#4546 = ADVANCED_FACE('',(#4547),#1501,.T.);
#4547 = FACE_BOUND('',#4548,.T.);
#4548 = EDGE_LOOP('',(#4549,#4550,#4551,#4574));
#4549 = ORIENTED_EDGE('',*,*,#4503,.T.);
#4550 = ORIENTED_EDGE('',*,*,#1485,.T.);
#4551 = ORIENTED_EDGE('',*,*,#4552,.F.);
#4552 = EDGE_CURVE('',#4553,#1486,#4555,.T.);
#4553 = VERTEX_POINT('',#4554);
#4554 = CARTESIAN_POINT('',(8.011447014219,13.314254976302,
    1.828033579182));
#4555 = SURFACE_CURVE('',#4556,(#4560,#4567),.PCURVE_S1.);
#4556 = LINE('',#4557,#4558);
#4557 = CARTESIAN_POINT('',(8.011447014219,13.314254976302,
    1.828033579182));
#4558 = VECTOR('',#4559,1.);
#4559 = DIRECTION('',(0.857492925713,0.514495755428,1.110223024625E-16)
  );
#4560 = PCURVE('',#1501,#4561);
#4561 = DEFINITIONAL_REPRESENTATION('',(#4562),#4566);
#4562 = LINE('',#4563,#4564);
#4563 = CARTESIAN_POINT('',(0.245412285229,6.459799249243E-16));
#4564 = VECTOR('',#4565,1.);
#4565 = DIRECTION('',(1.115830514797E-18,-1.));
#4566 = ( GEOMETRIC_REPRESENTATION_CONTEXT(2) 
PARAMETRIC_REPRESENTATION_CONTEXT() REPRESENTATION_CONTEXT('2D SPACE',''
  ) );
#4567 = PCURVE('',#1529,#4568);
#4568 = DEFINITIONAL_REPRESENTATION('',(#4569),#4573);
#4569 = LINE('',#4570,#4571);
#4570 = CARTESIAN_POINT('',(0.,-0.));
#4571 = VECTOR('',#4572,1.);
#4572 = DIRECTION('',(-2.014514748342E-17,-1.));
#4573 = ( GEOMETRIC_REPRESENTATION_CONTEXT(2) 
PARAMETRIC_REPRESENTATION_CONTEXT() REPRESENTATION_CONTEXT('2D SPACE',''
  ) );
#4574 = ORIENTED_EDGE('',*,*,#4575,.F.);
#4575 = EDGE_CURVE('',#4504,#4553,#4576,.T.);
#4576 = SURFACE_CURVE('',#4577,(#4581,#4588),.PCURVE_S1.);
#4577 = LINE('',#4578,#4579);
#4578 = CARTESIAN_POINT('',(7.933765671629,13.443723880618,
    2.021503477538));
#4579 = VECTOR('',#4580,1.);
#4580 = DIRECTION('',(0.316534041959,-0.527556736598,-0.788346427627));
#4581 = PCURVE('',#1501,#4582);
#4582 = DEFINITIONAL_REPRESENTATION('',(#4583),#4587);
#4583 = LINE('',#4584,#4585);
#4584 = CARTESIAN_POINT('',(0.,-0.));
#4585 = VECTOR('',#4586,1.);
#4586 = DIRECTION('',(1.,3.201288430195E-17));
#4587 = ( GEOMETRIC_REPRESENTATION_CONTEXT(2) 
PARAMETRIC_REPRESENTATION_CONTEXT() REPRESENTATION_CONTEXT('2D SPACE',''
  ) );
#4588 = PCURVE('',#2232,#4589);
#4589 = DEFINITIONAL_REPRESENTATION('',(#4590),#4594);
#4590 = LINE('',#4591,#4592);
#4591 = CARTESIAN_POINT('',(-0.537257873538,-7.552956772244));
#4592 = VECTOR('',#4593,1.);
#4593 = DIRECTION('',(0.615231590581,-0.788346427627));
#4594 = ( GEOMETRIC_REPRESENTATION_CONTEXT(2) 
PARAMETRIC_REPRESENTATION_CONTEXT() REPRESENTATION_CONTEXT('2D SPACE',''
  ) );
#4595 = ADVANCED_FACE('',(#4596),#1529,.T.);
#4596 = FACE_BOUND('',#4597,.T.);
#4597 = EDGE_LOOP('',(#4598,#4599,#4600,#4623));
#4598 = ORIENTED_EDGE('',*,*,#4552,.T.);
#4599 = ORIENTED_EDGE('',*,*,#1513,.T.);
#4600 = ORIENTED_EDGE('',*,*,#4601,.F.);
#4601 = EDGE_CURVE('',#4602,#1514,#4604,.T.);
#4602 = VERTEX_POINT('',#4603);
#4603 = CARTESIAN_POINT('',(8.093918955128,13.176801741453,
    1.642205225765));
#4604 = SURFACE_CURVE('',#4605,(#4609,#4616),.PCURVE_S1.);
#4605 = LINE('',#4606,#4607);
#4606 = CARTESIAN_POINT('',(8.093918955128,13.176801741453,
    1.642205225765));
#4607 = VECTOR('',#4608,1.);
#4608 = DIRECTION('',(0.857492925713,0.514495755428,1.110223024625E-16)
  );
#4609 = PCURVE('',#1529,#4610);
#4610 = DEFINITIONAL_REPRESENTATION('',(#4611),#4615);
#4611 = LINE('',#4612,#4613);
#4612 = CARTESIAN_POINT('',(0.245412285229,3.398202112389E-16));
#4613 = VECTOR('',#4614,1.);
#4614 = DIRECTION('',(-2.014514748342E-17,-1.));
#4615 = ( GEOMETRIC_REPRESENTATION_CONTEXT(2) 
PARAMETRIC_REPRESENTATION_CONTEXT() REPRESENTATION_CONTEXT('2D SPACE',''
  ) );
#4616 = PCURVE('',#1557,#4617);
#4617 = DEFINITIONAL_REPRESENTATION('',(#4618),#4622);
#4618 = LINE('',#4619,#4620);
#4619 = CARTESIAN_POINT('',(0.,-0.));
#4620 = VECTOR('',#4621,1.);
#4621 = DIRECTION('',(-1.438748737109E-17,-1.));
#4622 = ( GEOMETRIC_REPRESENTATION_CONTEXT(2) 
PARAMETRIC_REPRESENTATION_CONTEXT() REPRESENTATION_CONTEXT('2D SPACE',''
  ) );
#4623 = ORIENTED_EDGE('',*,*,#4624,.F.);
#4624 = EDGE_CURVE('',#4553,#4602,#4625,.T.);
#4625 = SURFACE_CURVE('',#4626,(#4630,#4637),.PCURVE_S1.);
#4626 = LINE('',#4627,#4628);
#4627 = CARTESIAN_POINT('',(8.011447014219,13.314254976302,
    1.828033579182));
#4628 = VECTOR('',#4629,1.);
#4629 = DIRECTION('',(0.33605465526,-0.5600910921,-0.757208846506));
#4630 = PCURVE('',#1529,#4631);
#4631 = DEFINITIONAL_REPRESENTATION('',(#4632),#4636);
#4632 = LINE('',#4633,#4634);
#4633 = CARTESIAN_POINT('',(0.,-0.));
#4634 = VECTOR('',#4635,1.);
#4635 = DIRECTION('',(1.,2.855591835288E-17));
#4636 = ( GEOMETRIC_REPRESENTATION_CONTEXT(2) 
PARAMETRIC_REPRESENTATION_CONTEXT() REPRESENTATION_CONTEXT('2D SPACE',''
  ) );
#4637 = PCURVE('',#2232,#4638);
#4638 = DEFINITIONAL_REPRESENTATION('',(#4639),#4643);
#4639 = LINE('',#4640,#4641);
#4640 = CARTESIAN_POINT('',(-0.386272482948,-7.7464266706));
#4641 = VECTOR('',#4642,1.);
#4642 = DIRECTION('',(0.653172842954,-0.757208846506));
#4643 = ( GEOMETRIC_REPRESENTATION_CONTEXT(2) 
PARAMETRIC_REPRESENTATION_CONTEXT() REPRESENTATION_CONTEXT('2D SPACE',''
  ) );
#4644 = ADVANCED_FACE('',(#4645),#1557,.T.);
#4645 = FACE_BOUND('',#4646,.T.);
#4646 = EDGE_LOOP('',(#4647,#4648,#4649,#4672));
#4647 = ORIENTED_EDGE('',*,*,#4601,.T.);
#4648 = ORIENTED_EDGE('',*,*,#1541,.T.);
#4649 = ORIENTED_EDGE('',*,*,#4650,.F.);
#4650 = EDGE_CURVE('',#4651,#1542,#4653,.T.);
#4651 = VERTEX_POINT('',#4652);
#4652 = CARTESIAN_POINT('',(8.180982812228,13.031695312954,
    1.464466094067));
#4653 = SURFACE_CURVE('',#4654,(#4658,#4665),.PCURVE_S1.);
#4654 = LINE('',#4655,#4656);
#4655 = CARTESIAN_POINT('',(8.180982812228,13.031695312954,
    1.464466094067));
#4656 = VECTOR('',#4657,1.);
#4657 = DIRECTION('',(0.857492925713,0.514495755428,1.110223024625E-16)
  );
#4658 = PCURVE('',#1557,#4659);
#4659 = DEFINITIONAL_REPRESENTATION('',(#4660),#4664);
#4660 = LINE('',#4661,#4662);
#4661 = CARTESIAN_POINT('',(0.245412285229,-5.908896559051E-16));
#4662 = VECTOR('',#4663,1.);
#4663 = DIRECTION('',(-1.438748737109E-17,-1.));
#4664 = ( GEOMETRIC_REPRESENTATION_CONTEXT(2) 
PARAMETRIC_REPRESENTATION_CONTEXT() REPRESENTATION_CONTEXT('2D SPACE',''
  ) );
#4665 = PCURVE('',#1585,#4666);
#4666 = DEFINITIONAL_REPRESENTATION('',(#4667),#4671);
#4667 = LINE('',#4668,#4669);
#4668 = CARTESIAN_POINT('',(0.,-0.));
#4669 = VECTOR('',#4670,1.);
#4670 = DIRECTION('',(-6.412115960169E-17,-1.));
#4671 = ( GEOMETRIC_REPRESENTATION_CONTEXT(2) 
PARAMETRIC_REPRESENTATION_CONTEXT() REPRESENTATION_CONTEXT('2D SPACE',''
  ) );
#4672 = ORIENTED_EDGE('',*,*,#4673,.F.);
#4673 = EDGE_CURVE('',#4602,#4651,#4674,.T.);
#4674 = SURFACE_CURVE('',#4675,(#4679,#4686),.PCURVE_S1.);
#4675 = LINE('',#4676,#4677);
#4676 = CARTESIAN_POINT('',(8.093918955128,13.176801741453,
    1.642205225765));
#4677 = VECTOR('',#4678,1.);
#4678 = DIRECTION('',(0.354765683462,-0.591276139104,-0.724247082951));
#4679 = PCURVE('',#1557,#4680);
#4680 = DEFINITIONAL_REPRESENTATION('',(#4681),#4685);
#4681 = LINE('',#4682,#4683);
#4682 = CARTESIAN_POINT('',(0.,-0.));
#4683 = VECTOR('',#4684,1.);
#4684 = DIRECTION('',(1.,2.489642746977E-17));
#4685 = ( GEOMETRIC_REPRESENTATION_CONTEXT(2) 
PARAMETRIC_REPRESENTATION_CONTEXT() REPRESENTATION_CONTEXT('2D SPACE',''
  ) );
#4686 = PCURVE('',#2232,#4687);
#4687 = DEFINITIONAL_REPRESENTATION('',(#4688),#4692);
#4688 = LINE('',#4689,#4690);
#4689 = CARTESIAN_POINT('',(-0.225975842909,-7.932255024017));
#4690 = VECTOR('',#4691,1.);
#4691 = DIRECTION('',(0.689540544737,-0.724247082951));
#4692 = ( GEOMETRIC_REPRESENTATION_CONTEXT(2) 
PARAMETRIC_REPRESENTATION_CONTEXT() REPRESENTATION_CONTEXT('2D SPACE',''
  ) );
#4693 = ADVANCED_FACE('',(#4694),#1585,.T.);
#4694 = FACE_BOUND('',#4695,.T.);
#4695 = EDGE_LOOP('',(#4696,#4697,#4698,#4721));
#4696 = ORIENTED_EDGE('',*,*,#4650,.T.);
#4697 = ORIENTED_EDGE('',*,*,#1569,.T.);
#4698 = ORIENTED_EDGE('',*,*,#4699,.F.);
#4699 = EDGE_CURVE('',#4700,#1570,#4702,.T.);
#4700 = VERTEX_POINT('',#4701);
#4701 = CARTESIAN_POINT('',(8.272428841059,12.879285264901,
    1.295244373225));
#4702 = SURFACE_CURVE('',#4703,(#4707,#4714),.PCURVE_S1.);
#4703 = LINE('',#4704,#4705);
#4704 = CARTESIAN_POINT('',(8.272428841059,12.879285264901,
    1.295244373225));
#4705 = VECTOR('',#4706,1.);
#4706 = DIRECTION('',(0.857492925713,0.514495755428,1.110223024625E-16)
  );
#4707 = PCURVE('',#1585,#4708);
#4708 = DEFINITIONAL_REPRESENTATION('',(#4709),#4713);
#4709 = LINE('',#4710,#4711);
#4710 = CARTESIAN_POINT('',(0.245412285229,-8.971466102412E-16));
#4711 = VECTOR('',#4712,1.);
#4712 = DIRECTION('',(-6.412115960169E-17,-1.));
#4713 = ( GEOMETRIC_REPRESENTATION_CONTEXT(2) 
PARAMETRIC_REPRESENTATION_CONTEXT() REPRESENTATION_CONTEXT('2D SPACE',''
  ) );
#4714 = PCURVE('',#1613,#4715);
#4715 = DEFINITIONAL_REPRESENTATION('',(#4716),#4720);
#4716 = LINE('',#4717,#4718);
#4717 = CARTESIAN_POINT('',(0.,-0.));
#4718 = VECTOR('',#4719,1.);
#4719 = DIRECTION('',(-3.483004264083E-18,-1.));
#4720 = ( GEOMETRIC_REPRESENTATION_CONTEXT(2) 
PARAMETRIC_REPRESENTATION_CONTEXT() REPRESENTATION_CONTEXT('2D SPACE',''
  ) );
#4721 = ORIENTED_EDGE('',*,*,#4722,.F.);
#4722 = EDGE_CURVE('',#4651,#4700,#4723,.T.);
#4723 = SURFACE_CURVE('',#4724,(#4728,#4735),.PCURVE_S1.);
#4724 = LINE('',#4725,#4726);
#4725 = CARTESIAN_POINT('',(8.180982812228,13.031695312954,
    1.464466094067));
#4726 = VECTOR('',#4727,1.);
#4727 = DIRECTION('',(0.372622050059,-0.621036750099,-0.689540544737));
#4728 = PCURVE('',#1585,#4729);
#4729 = DEFINITIONAL_REPRESENTATION('',(#4730),#4734);
#4730 = LINE('',#4731,#4732);
#4731 = CARTESIAN_POINT('',(0.,-0.));
#4732 = VECTOR('',#4733,1.);
#4733 = DIRECTION('',(1.,7.655437891797E-17));
#4734 = ( GEOMETRIC_REPRESENTATION_CONTEXT(2) 
PARAMETRIC_REPRESENTATION_CONTEXT() REPRESENTATION_CONTEXT('2D SPACE',''
  ) );
#4735 = PCURVE('',#2232,#4736);
#4736 = DEFINITIONAL_REPRESENTATION('',(#4737),#4741);
#4737 = LINE('',#4738,#4739);
#4738 = CARTESIAN_POINT('',(-5.675412206728E-02,-8.109994155715));
#4739 = VECTOR('',#4740,1.);
#4740 = DIRECTION('',(0.724247082951,-0.689540544737));
#4741 = ( GEOMETRIC_REPRESENTATION_CONTEXT(2) 
PARAMETRIC_REPRESENTATION_CONTEXT() REPRESENTATION_CONTEXT('2D SPACE',''
  ) );
#4742 = ADVANCED_FACE('',(#4743),#1613,.T.);
#4743 = FACE_BOUND('',#4744,.T.);
#4744 = EDGE_LOOP('',(#4745,#4746,#4747,#4770));
#4745 = ORIENTED_EDGE('',*,*,#4699,.T.);
#4746 = ORIENTED_EDGE('',*,*,#1597,.T.);
#4747 = ORIENTED_EDGE('',*,*,#4748,.F.);
#4748 = EDGE_CURVE('',#4749,#1598,#4751,.T.);
#4749 = VERTEX_POINT('',#4750);
#4750 = CARTESIAN_POINT('',(8.36803674013,12.719938766449,1.134947733186
    ));
#4751 = SURFACE_CURVE('',#4752,(#4756,#4763),.PCURVE_S1.);
#4752 = LINE('',#4753,#4754);
#4753 = CARTESIAN_POINT('',(8.36803674013,12.719938766449,1.134947733186
    ));
#4754 = VECTOR('',#4755,1.);
#4755 = DIRECTION('',(0.857492925713,0.514495755428,1.110223024625E-16)
  );
#4756 = PCURVE('',#1613,#4757);
#4757 = DEFINITIONAL_REPRESENTATION('',(#4758),#4762);
#4758 = LINE('',#4759,#4760);
#4759 = CARTESIAN_POINT('',(0.245412285229,-2.875148297178E-16));
#4760 = VECTOR('',#4761,1.);
#4761 = DIRECTION('',(-3.483004264083E-18,-1.));
#4762 = ( GEOMETRIC_REPRESENTATION_CONTEXT(2) 
PARAMETRIC_REPRESENTATION_CONTEXT() REPRESENTATION_CONTEXT('2D SPACE',''
  ) );
#4763 = PCURVE('',#1641,#4764);
#4764 = DEFINITIONAL_REPRESENTATION('',(#4765),#4769);
#4765 = LINE('',#4766,#4767);
#4766 = CARTESIAN_POINT('',(0.,-0.));
#4767 = VECTOR('',#4768,1.);
#4768 = DIRECTION('',(5.824462386747E-17,-1.));
#4769 = ( GEOMETRIC_REPRESENTATION_CONTEXT(2) 
PARAMETRIC_REPRESENTATION_CONTEXT() REPRESENTATION_CONTEXT('2D SPACE',''
  ) );
#4770 = ORIENTED_EDGE('',*,*,#4771,.F.);
#4771 = EDGE_CURVE('',#4700,#4749,#4772,.T.);
#4772 = SURFACE_CURVE('',#4773,(#4777,#4784),.PCURVE_S1.);
#4773 = LINE('',#4774,#4775);
#4774 = CARTESIAN_POINT('',(8.272428841059,12.879285264901,
    1.295244373225));
#4775 = VECTOR('',#4776,1.);
#4776 = DIRECTION('',(0.3895807375,-0.649301229166,-0.653172842954));
#4777 = PCURVE('',#1613,#4778);
#4778 = DEFINITIONAL_REPRESENTATION('',(#4779),#4783);
#4779 = LINE('',#4780,#4781);
#4780 = CARTESIAN_POINT('',(0.,-0.));
#4781 = VECTOR('',#4782,1.);
#4782 = DIRECTION('',(1.,1.700560169946E-17));
#4783 = ( GEOMETRIC_REPRESENTATION_CONTEXT(2) 
PARAMETRIC_REPRESENTATION_CONTEXT() REPRESENTATION_CONTEXT('2D SPACE',''
  ) );
#4784 = PCURVE('',#2232,#4785);
#4785 = DEFINITIONAL_REPRESENTATION('',(#4786),#4790);
#4786 = LINE('',#4787,#4788);
#4787 = CARTESIAN_POINT('',(0.12098500963,-8.279215876557));
#4788 = VECTOR('',#4789,1.);
#4789 = DIRECTION('',(0.757208846506,-0.653172842954));
#4790 = ( GEOMETRIC_REPRESENTATION_CONTEXT(2) 
PARAMETRIC_REPRESENTATION_CONTEXT() REPRESENTATION_CONTEXT('2D SPACE',''
  ) );
#4791 = ADVANCED_FACE('',(#4792),#1641,.T.);
#4792 = FACE_BOUND('',#4793,.T.);
#4793 = EDGE_LOOP('',(#4794,#4795,#4796,#4819));
#4794 = ORIENTED_EDGE('',*,*,#4748,.T.);
#4795 = ORIENTED_EDGE('',*,*,#1625,.T.);
#4796 = ORIENTED_EDGE('',*,*,#4797,.F.);
#4797 = EDGE_CURVE('',#4798,#1626,#4800,.T.);
#4798 = VERTEX_POINT('',#4799);
#4799 = CARTESIAN_POINT('',(8.467576181638,12.554039697271,
    0.983962342597));
#4800 = SURFACE_CURVE('',#4801,(#4805,#4812),.PCURVE_S1.);
#4801 = LINE('',#4802,#4803);
#4802 = CARTESIAN_POINT('',(8.467576181638,12.554039697271,
    0.983962342597));
#4803 = VECTOR('',#4804,1.);
#4804 = DIRECTION('',(0.857492925713,0.514495755428,1.110223024625E-16)
  );
#4805 = PCURVE('',#1641,#4806);
#4806 = DEFINITIONAL_REPRESENTATION('',(#4807),#4811);
#4807 = LINE('',#4808,#4809);
#4808 = CARTESIAN_POINT('',(0.245412285229,6.273854092453E-16));
#4809 = VECTOR('',#4810,1.);
#4810 = DIRECTION('',(5.824462386747E-17,-1.));
#4811 = ( GEOMETRIC_REPRESENTATION_CONTEXT(2) 
PARAMETRIC_REPRESENTATION_CONTEXT() REPRESENTATION_CONTEXT('2D SPACE',''
  ) );
#4812 = PCURVE('',#1669,#4813);
#4813 = DEFINITIONAL_REPRESENTATION('',(#4814),#4818);
#4814 = LINE('',#4815,#4816);
#4815 = CARTESIAN_POINT('',(0.,-0.));
#4816 = VECTOR('',#4817,1.);
#4817 = DIRECTION('',(-1.795054768228E-17,-1.));
#4818 = ( GEOMETRIC_REPRESENTATION_CONTEXT(2) 
PARAMETRIC_REPRESENTATION_CONTEXT() REPRESENTATION_CONTEXT('2D SPACE',''
  ) );
#4819 = ORIENTED_EDGE('',*,*,#4820,.F.);
#4820 = EDGE_CURVE('',#4749,#4798,#4821,.T.);
#4821 = SURFACE_CURVE('',#4822,(#4826,#4833),.PCURVE_S1.);
#4822 = LINE('',#4823,#4824);
#4823 = CARTESIAN_POINT('',(8.36803674013,12.719938766449,1.134947733186
    ));
#4824 = VECTOR('',#4825,1.);
#4825 = DIRECTION('',(0.40560089082,-0.676001484701,-0.615231590581));
#4826 = PCURVE('',#1641,#4827);
#4827 = DEFINITIONAL_REPRESENTATION('',(#4828),#4832);
#4828 = LINE('',#4829,#4830);
#4829 = CARTESIAN_POINT('',(0.,-0.));
#4830 = VECTOR('',#4831,1.);
#4831 = DIRECTION('',(1.,-4.271787472858E-17));
#4832 = ( GEOMETRIC_REPRESENTATION_CONTEXT(2) 
PARAMETRIC_REPRESENTATION_CONTEXT() REPRESENTATION_CONTEXT('2D SPACE',''
  ) );
#4833 = PCURVE('',#2232,#4834);
#4834 = DEFINITIONAL_REPRESENTATION('',(#4835),#4839);
#4835 = LINE('',#4836,#4837);
#4836 = CARTESIAN_POINT('',(0.306813363047,-8.439512516596));
#4837 = VECTOR('',#4838,1.);
#4838 = DIRECTION('',(0.788346427627,-0.615231590581));
#4839 = ( GEOMETRIC_REPRESENTATION_CONTEXT(2) 
PARAMETRIC_REPRESENTATION_CONTEXT() REPRESENTATION_CONTEXT('2D SPACE',''
  ) );
#4840 = ADVANCED_FACE('',(#4841),#1669,.T.);
#4841 = FACE_BOUND('',#4842,.T.);
#4842 = EDGE_LOOP('',(#4843,#4844,#4845,#4868));
#4843 = ORIENTED_EDGE('',*,*,#4797,.T.);
#4844 = ORIENTED_EDGE('',*,*,#1653,.T.);
#4845 = ORIENTED_EDGE('',*,*,#4846,.F.);
#4846 = EDGE_CURVE('',#4847,#1654,#4849,.T.);
#4847 = VERTEX_POINT('',#4848);
#4848 = CARTESIAN_POINT('',(8.570807366348,12.381987722754,
    0.842651938487));
#4849 = SURFACE_CURVE('',#4850,(#4854,#4861),.PCURVE_S1.);
#4850 = LINE('',#4851,#4852);
#4851 = CARTESIAN_POINT('',(8.570807366348,12.381987722754,
    0.842651938487));
#4852 = VECTOR('',#4853,1.);
#4853 = DIRECTION('',(0.857492925713,0.514495755428,1.110223024625E-16)
  );
#4854 = PCURVE('',#1669,#4855);
#4855 = DEFINITIONAL_REPRESENTATION('',(#4856),#4860);
#4856 = LINE('',#4857,#4858);
#4857 = CARTESIAN_POINT('',(0.245412285229,6.401890577778E-16));
#4858 = VECTOR('',#4859,1.);
#4859 = DIRECTION('',(-1.795054768228E-17,-1.));
#4860 = ( GEOMETRIC_REPRESENTATION_CONTEXT(2) 
PARAMETRIC_REPRESENTATION_CONTEXT() REPRESENTATION_CONTEXT('2D SPACE',''
  ) );
#4861 = PCURVE('',#1697,#4862);
#4862 = DEFINITIONAL_REPRESENTATION('',(#4863),#4867);
#4863 = LINE('',#4864,#4865);
#4864 = CARTESIAN_POINT('',(0.,-0.));
#4865 = VECTOR('',#4866,1.);
#4866 = DIRECTION('',(-1.167099504011E-17,-1.));
#4867 = ( GEOMETRIC_REPRESENTATION_CONTEXT(2) 
PARAMETRIC_REPRESENTATION_CONTEXT() REPRESENTATION_CONTEXT('2D SPACE',''
  ) );
#4868 = ORIENTED_EDGE('',*,*,#4869,.F.);
#4869 = EDGE_CURVE('',#4798,#4847,#4870,.T.);
#4870 = SURFACE_CURVE('',#4871,(#4875,#4882),.PCURVE_S1.);
#4871 = LINE('',#4872,#4873);
#4872 = CARTESIAN_POINT('',(8.467576181638,12.554039697271,
    0.983962342597));
#4873 = VECTOR('',#4874,1.);
#4874 = DIRECTION('',(0.420643916068,-0.701073193447,-0.575808191418));
#4875 = PCURVE('',#1669,#4876);
#4876 = DEFINITIONAL_REPRESENTATION('',(#4877),#4881);
#4877 = LINE('',#4878,#4879);
#4878 = CARTESIAN_POINT('',(0.,-0.));
#4879 = VECTOR('',#4880,1.);
#4880 = DIRECTION('',(1.,8.416399956728E-18));
#4881 = ( GEOMETRIC_REPRESENTATION_CONTEXT(2) 
PARAMETRIC_REPRESENTATION_CONTEXT() REPRESENTATION_CONTEXT('2D SPACE',''
  ) );
#4882 = PCURVE('',#2232,#4883);
#4883 = DEFINITIONAL_REPRESENTATION('',(#4884),#4888);
#4884 = LINE('',#4885,#4886);
#4885 = CARTESIAN_POINT('',(0.500283261403,-8.590497907185));
#4886 = VECTOR('',#4887,1.);
#4887 = DIRECTION('',(0.817584813152,-0.575808191418));
#4888 = ( GEOMETRIC_REPRESENTATION_CONTEXT(2) 
PARAMETRIC_REPRESENTATION_CONTEXT() REPRESENTATION_CONTEXT('2D SPACE',''
  ) );
#4889 = ADVANCED_FACE('',(#4890),#1697,.T.);
#4890 = FACE_BOUND('',#4891,.T.);
#4891 = EDGE_LOOP('',(#4892,#4893,#4894,#4917));
#4892 = ORIENTED_EDGE('',*,*,#4846,.T.);
#4893 = ORIENTED_EDGE('',*,*,#1681,.T.);
#4894 = ORIENTED_EDGE('',*,*,#4895,.F.);
#4895 = EDGE_CURVE('',#4896,#1682,#4898,.T.);
#4896 = VERTEX_POINT('',#4897);
#4897 = CARTESIAN_POINT('',(8.677481601295,12.204197331175,
    0.711356949999));
#4898 = SURFACE_CURVE('',#4899,(#4903,#4910),.PCURVE_S1.);
#4899 = LINE('',#4900,#4901);
#4900 = CARTESIAN_POINT('',(8.677481601295,12.204197331175,
    0.711356949999));
#4901 = VECTOR('',#4902,1.);
#4902 = DIRECTION('',(0.857492925713,0.514495755428,1.110223024625E-16)
  );
#4903 = PCURVE('',#1697,#4904);
#4904 = DEFINITIONAL_REPRESENTATION('',(#4905),#4909);
#4905 = LINE('',#4906,#4907);
#4906 = CARTESIAN_POINT('',(0.245412285229,-5.821682038122E-16));
#4907 = VECTOR('',#4908,1.);
#4908 = DIRECTION('',(-1.167099504011E-17,-1.));
#4909 = ( GEOMETRIC_REPRESENTATION_CONTEXT(2) 
PARAMETRIC_REPRESENTATION_CONTEXT() REPRESENTATION_CONTEXT('2D SPACE',''
  ) );
#4910 = PCURVE('',#1725,#4911);
#4911 = DEFINITIONAL_REPRESENTATION('',(#4912),#4916);
#4912 = LINE('',#4913,#4914);
#4913 = CARTESIAN_POINT('',(0.,-0.));
#4914 = VECTOR('',#4915,1.);
#4915 = DIRECTION('',(6.506221311887E-18,-1.));
#4916 = ( GEOMETRIC_REPRESENTATION_CONTEXT(2) 
PARAMETRIC_REPRESENTATION_CONTEXT() REPRESENTATION_CONTEXT('2D SPACE',''
  ) );
#4917 = ORIENTED_EDGE('',*,*,#4918,.F.);
#4918 = EDGE_CURVE('',#4847,#4896,#4919,.T.);
#4919 = SURFACE_CURVE('',#4920,(#4924,#4931),.PCURVE_S1.);
#4920 = LINE('',#4921,#4922);
#4921 = CARTESIAN_POINT('',(8.570807366348,12.381987722754,
    0.842651938487));
#4922 = VECTOR('',#4923,1.);
#4923 = DIRECTION('',(0.434673573279,-0.724455955465,-0.534997619887));
#4924 = PCURVE('',#1697,#4925);
#4925 = DEFINITIONAL_REPRESENTATION('',(#4926),#4930);
#4926 = LINE('',#4927,#4928);
#4927 = CARTESIAN_POINT('',(0.,-0.));
#4928 = VECTOR('',#4929,1.);
#4929 = DIRECTION('',(1.,3.885516340573E-18));
#4930 = ( GEOMETRIC_REPRESENTATION_CONTEXT(2) 
PARAMETRIC_REPRESENTATION_CONTEXT() REPRESENTATION_CONTEXT('2D SPACE',''
  ) );
#4931 = PCURVE('',#2232,#4932);
#4932 = DEFINITIONAL_REPRESENTATION('',(#4933),#4937);
#4933 = LINE('',#4934,#4935);
#4934 = CARTESIAN_POINT('',(0.700928618767,-8.731808311295));
#4935 = VECTOR('',#4936,1.);
#4936 = DIRECTION('',(0.84485356525,-0.534997619887));
#4937 = ( GEOMETRIC_REPRESENTATION_CONTEXT(2) 
PARAMETRIC_REPRESENTATION_CONTEXT() REPRESENTATION_CONTEXT('2D SPACE',''
  ) );
#4938 = ADVANCED_FACE('',(#4939),#1725,.T.);
#4939 = FACE_BOUND('',#4940,.T.);
#4940 = EDGE_LOOP('',(#4941,#4942,#4943,#4966));
#4941 = ORIENTED_EDGE('',*,*,#4895,.T.);
#4942 = ORIENTED_EDGE('',*,*,#1709,.T.);
#4943 = ORIENTED_EDGE('',*,*,#4944,.F.);
#4944 = EDGE_CURVE('',#4945,#1710,#4947,.T.);
#4945 = VERTEX_POINT('',#4946);
#4946 = CARTESIAN_POINT('',(8.787341898903,12.021096835161,
    0.590393678258));
#4947 = SURFACE_CURVE('',#4948,(#4952,#4959),.PCURVE_S1.);
#4948 = LINE('',#4949,#4950);
#4949 = CARTESIAN_POINT('',(8.787341898903,12.021096835161,
    0.590393678258));
#4950 = VECTOR('',#4951,1.);
#4951 = DIRECTION('',(0.857492925713,0.514495755428,1.110223024625E-16)
  );
#4952 = PCURVE('',#1725,#4953);
#4953 = DEFINITIONAL_REPRESENTATION('',(#4954),#4958);
#4954 = LINE('',#4955,#4956);
#4955 = CARTESIAN_POINT('',(0.245412285229,-8.886265865659E-16));
#4956 = VECTOR('',#4957,1.);
#4957 = DIRECTION('',(6.506221311887E-18,-1.));
#4958 = ( GEOMETRIC_REPRESENTATION_CONTEXT(2) 
PARAMETRIC_REPRESENTATION_CONTEXT() REPRESENTATION_CONTEXT('2D SPACE',''
  ) );
#4959 = PCURVE('',#1753,#4960);
#4960 = DEFINITIONAL_REPRESENTATION('',(#4961),#4965);
#4961 = LINE('',#4962,#4963);
#4962 = CARTESIAN_POINT('',(0.,-0.));
#4963 = VECTOR('',#4964,1.);
#4964 = DIRECTION('',(6.749135573203E-17,-1.));
#4965 = ( GEOMETRIC_REPRESENTATION_CONTEXT(2) 
PARAMETRIC_REPRESENTATION_CONTEXT() REPRESENTATION_CONTEXT('2D SPACE',''
  ) );
#4966 = ORIENTED_EDGE('',*,*,#4967,.F.);
#4967 = EDGE_CURVE('',#4896,#4945,#4968,.T.);
#4968 = SURFACE_CURVE('',#4969,(#4973,#4980),.PCURVE_S1.);
#4969 = LINE('',#4970,#4971);
#4970 = CARTESIAN_POINT('',(8.677481601295,12.204197331175,
    0.711356949999));
#4971 = VECTOR('',#4972,1.);
#4972 = DIRECTION('',(0.447656063778,-0.74609343963,-0.49289819223));
#4973 = PCURVE('',#1725,#4974);
#4974 = DEFINITIONAL_REPRESENTATION('',(#4975),#4979);
#4975 = LINE('',#4976,#4977);
#4976 = CARTESIAN_POINT('',(0.,-0.));
#4977 = VECTOR('',#4978,1.);
#4978 = DIRECTION('',(1.,5.472269218096E-17));
#4979 = ( GEOMETRIC_REPRESENTATION_CONTEXT(2) 
PARAMETRIC_REPRESENTATION_CONTEXT() REPRESENTATION_CONTEXT('2D SPACE',''
  ) );
#4980 = PCURVE('',#2232,#4981);
#4981 = DEFINITIONAL_REPRESENTATION('',(#4982),#4986);
#4982 = LINE('',#4983,#4984);
#4983 = CARTESIAN_POINT('',(0.908266062899,-8.863103299783));
#4984 = VECTOR('',#4985,1.);
#4985 = DIRECTION('',(0.870086991109,-0.49289819223));
#4986 = ( GEOMETRIC_REPRESENTATION_CONTEXT(2) 
PARAMETRIC_REPRESENTATION_CONTEXT() REPRESENTATION_CONTEXT('2D SPACE',''
  ) );
#4987 = ADVANCED_FACE('',(#4988),#1753,.T.);
#4988 = FACE_BOUND('',#4989,.T.);
#4989 = EDGE_LOOP('',(#4990,#4991,#4992,#5015));
#4990 = ORIENTED_EDGE('',*,*,#4944,.T.);
#4991 = ORIENTED_EDGE('',*,*,#1737,.T.);
#4992 = ORIENTED_EDGE('',*,*,#4993,.F.);
#4993 = EDGE_CURVE('',#4994,#1738,#4996,.T.);
#4994 = VERTEX_POINT('',#4995);
#4995 = CARTESIAN_POINT('',(8.900123596094,11.833127339844,
    0.480053534383));
#4996 = SURFACE_CURVE('',#4997,(#5001,#5008),.PCURVE_S1.);
#4997 = LINE('',#4998,#4999);
#4998 = CARTESIAN_POINT('',(8.900123596094,11.833127339844,
    0.480053534383));
#4999 = VECTOR('',#5000,1.);
#5000 = DIRECTION('',(0.857492925713,0.514495755428,1.110223024625E-16)
  );
#5001 = PCURVE('',#1753,#5002);
#5002 = DEFINITIONAL_REPRESENTATION('',(#5003),#5007);
#5003 = LINE('',#5004,#5005);
#5004 = CARTESIAN_POINT('',(0.245412285229,2.612800463491E-17));
#5005 = VECTOR('',#5006,1.);
#5006 = DIRECTION('',(6.749135573203E-17,-1.));
#5007 = ( GEOMETRIC_REPRESENTATION_CONTEXT(2) 
PARAMETRIC_REPRESENTATION_CONTEXT() REPRESENTATION_CONTEXT('2D SPACE',''
  ) );
#5008 = PCURVE('',#1781,#5009);
#5009 = DEFINITIONAL_REPRESENTATION('',(#5010),#5014);
#5010 = LINE('',#5011,#5012);
#5011 = CARTESIAN_POINT('',(0.,-0.));
#5012 = VECTOR('',#5013,1.);
#5013 = DIRECTION('',(-3.823670406562E-17,-1.));
#5014 = ( GEOMETRIC_REPRESENTATION_CONTEXT(2) 
PARAMETRIC_REPRESENTATION_CONTEXT() REPRESENTATION_CONTEXT('2D SPACE',''
  ) );
#5015 = ORIENTED_EDGE('',*,*,#5016,.F.);
#5016 = EDGE_CURVE('',#4945,#4994,#5017,.T.);
#5017 = SURFACE_CURVE('',#5018,(#5022,#5029),.PCURVE_S1.);
#5018 = LINE('',#5019,#5020);
#5019 = CARTESIAN_POINT('',(8.787341898903,12.021096835161,
    0.590393678258));
#5020 = VECTOR('',#5021,1.);
#5021 = DIRECTION('',(0.45956011161,-0.76593351935,-0.449611329655));
#5022 = PCURVE('',#1753,#5023);
#5023 = DEFINITIONAL_REPRESENTATION('',(#5024),#5028);
#5024 = LINE('',#5025,#5026);
#5025 = CARTESIAN_POINT('',(0.,-0.));
#5026 = VECTOR('',#5027,1.);
#5027 = DIRECTION('',(1.,-6.110541743103E-17));
#5028 = ( GEOMETRIC_REPRESENTATION_CONTEXT(2) 
PARAMETRIC_REPRESENTATION_CONTEXT() REPRESENTATION_CONTEXT('2D SPACE',''
  ) );
#5029 = PCURVE('',#2232,#5030);
#5030 = DEFINITIONAL_REPRESENTATION('',(#5031),#5035);
#5031 = LINE('',#5032,#5033);
#5032 = CARTESIAN_POINT('',(1.121796099735,-8.984066571524));
#5033 = VECTOR('',#5034,1.);
#5034 = DIRECTION('',(0.893224301196,-0.449611329655));
#5035 = ( GEOMETRIC_REPRESENTATION_CONTEXT(2) 
PARAMETRIC_REPRESENTATION_CONTEXT() REPRESENTATION_CONTEXT('2D SPACE',''
  ) );
#5036 = ADVANCED_FACE('',(#5037),#1781,.T.);
#5037 = FACE_BOUND('',#5038,.T.);
#5038 = EDGE_LOOP('',(#5039,#5040,#5041,#5064));
#5039 = ORIENTED_EDGE('',*,*,#4993,.T.);
#5040 = ORIENTED_EDGE('',*,*,#1765,.T.);
#5041 = ORIENTED_EDGE('',*,*,#5042,.F.);
#5042 = EDGE_CURVE('',#5043,#1766,#5045,.T.);
#5043 = VERTEX_POINT('',#5044);
#5044 = CARTESIAN_POINT('',(9.015554991879,11.640741680202,
    0.380602337444));
#5045 = SURFACE_CURVE('',#5046,(#5050,#5057),.PCURVE_S1.);
#5046 = LINE('',#5047,#5048);
#5047 = CARTESIAN_POINT('',(9.015554991879,11.640741680202,
    0.380602337444));
#5048 = VECTOR('',#5049,1.);
#5049 = DIRECTION('',(0.857492925713,0.514495755428,1.110223024625E-16)
  );
#5050 = PCURVE('',#1781,#5051);
#5051 = DEFINITIONAL_REPRESENTATION('',(#5052),#5056);
#5052 = LINE('',#5053,#5054);
#5053 = CARTESIAN_POINT('',(0.245412285229,1.246164415762E-15));
#5054 = VECTOR('',#5055,1.);
#5055 = DIRECTION('',(-3.823670406562E-17,-1.));
#5056 = ( GEOMETRIC_REPRESENTATION_CONTEXT(2) 
PARAMETRIC_REPRESENTATION_CONTEXT() REPRESENTATION_CONTEXT('2D SPACE',''
  ) );
#5057 = PCURVE('',#1809,#5058);
#5058 = DEFINITIONAL_REPRESENTATION('',(#5059),#5063);
#5059 = LINE('',#5060,#5061);
#5060 = CARTESIAN_POINT('',(0.,-0.));
#5061 = VECTOR('',#5062,1.);
#5062 = DIRECTION('',(1.305681346088E-17,-1.));
#5063 = ( GEOMETRIC_REPRESENTATION_CONTEXT(2) 
PARAMETRIC_REPRESENTATION_CONTEXT() REPRESENTATION_CONTEXT('2D SPACE',''
  ) );
#5064 = ORIENTED_EDGE('',*,*,#5065,.F.);
#5065 = EDGE_CURVE('',#4994,#5043,#5066,.T.);
#5066 = SURFACE_CURVE('',#5067,(#5071,#5078),.PCURVE_S1.);
#5067 = LINE('',#5068,#5069);
#5068 = CARTESIAN_POINT('',(8.900123596094,11.833127339844,
    0.480053534383));
#5069 = VECTOR('',#5070,1.);
#5070 = DIRECTION('',(0.47035703888,-0.783928398133,-0.405241314005));
#5071 = PCURVE('',#1781,#5072);
#5072 = DEFINITIONAL_REPRESENTATION('',(#5073),#5077);
#5073 = LINE('',#5074,#5075);
#5074 = CARTESIAN_POINT('',(0.,-0.));
#5075 = VECTOR('',#5076,1.);
#5076 = DIRECTION('',(1.,-1.052032749749E-17));
#5077 = ( GEOMETRIC_REPRESENTATION_CONTEXT(2) 
PARAMETRIC_REPRESENTATION_CONTEXT() REPRESENTATION_CONTEXT('2D SPACE',''
  ) );
#5078 = PCURVE('',#2232,#5079);
#5079 = DEFINITIONAL_REPRESENTATION('',(#5080),#5084);
#5080 = LINE('',#5081,#5082);
#5081 = CARTESIAN_POINT('',(1.341004316714,-9.094406715399));
#5082 = VECTOR('',#5083,1.);
#5083 = DIRECTION('',(0.914209755704,-0.405241314005));
#5084 = ( GEOMETRIC_REPRESENTATION_CONTEXT(2) 
PARAMETRIC_REPRESENTATION_CONTEXT() REPRESENTATION_CONTEXT('2D SPACE',''
  ) );
#5085 = ADVANCED_FACE('',(#5086),#1809,.T.);
#5086 = FACE_BOUND('',#5087,.T.);
#5087 = EDGE_LOOP('',(#5088,#5089,#5090,#5113));
#5088 = ORIENTED_EDGE('',*,*,#5042,.T.);
#5089 = ORIENTED_EDGE('',*,*,#1793,.T.);
#5090 = ORIENTED_EDGE('',*,*,#5091,.F.);
#5091 = EDGE_CURVE('',#5092,#1794,#5094,.T.);
#5092 = VERTEX_POINT('',#5093);
#5093 = CARTESIAN_POINT('',(9.133358001916,11.444403330141,
    0.292279674085));
#5094 = SURFACE_CURVE('',#5095,(#5099,#5106),.PCURVE_S1.);
#5095 = LINE('',#5096,#5097);
#5096 = CARTESIAN_POINT('',(9.133358001916,11.444403330141,
    0.292279674085));
#5097 = VECTOR('',#5098,1.);
#5098 = DIRECTION('',(0.857492925713,0.514495755428,1.110223024625E-16)
  );
#5099 = PCURVE('',#1809,#5100);
#5100 = DEFINITIONAL_REPRESENTATION('',(#5101),#5105);
#5101 = LINE('',#5102,#5103);
#5102 = CARTESIAN_POINT('',(0.245412285229,-2.955055463262E-16));
#5103 = VECTOR('',#5104,1.);
#5104 = DIRECTION('',(1.305681346088E-17,-1.));
#5105 = ( GEOMETRIC_REPRESENTATION_CONTEXT(2) 
PARAMETRIC_REPRESENTATION_CONTEXT() REPRESENTATION_CONTEXT('2D SPACE',''
  ) );
#5106 = PCURVE('',#1837,#5107);
#5107 = DEFINITIONAL_REPRESENTATION('',(#5108),#5112);
#5108 = LINE('',#5109,#5110);
#5109 = CARTESIAN_POINT('',(0.,-0.));
#5110 = VECTOR('',#5111,1.);
#5111 = DIRECTION('',(-3.649466887107E-17,-1.));
#5112 = ( GEOMETRIC_REPRESENTATION_CONTEXT(2) 
PARAMETRIC_REPRESENTATION_CONTEXT() REPRESENTATION_CONTEXT('2D SPACE',''
  ) );
#5113 = ORIENTED_EDGE('',*,*,#5114,.F.);
#5114 = EDGE_CURVE('',#5043,#5092,#5115,.T.);
#5115 = SURFACE_CURVE('',#5116,(#5120,#5127),.PCURVE_S1.);
#5116 = LINE('',#5117,#5118);
#5117 = CARTESIAN_POINT('',(9.015554991879,11.640741680202,
    0.380602337444));
#5118 = VECTOR('',#5119,1.);
#5119 = DIRECTION('',(0.480020834845,-0.800034724742,-0.359895036535));
#5120 = PCURVE('',#1809,#5121);
#5121 = DEFINITIONAL_REPRESENTATION('',(#5122),#5126);
#5122 = LINE('',#5123,#5124);
#5123 = CARTESIAN_POINT('',(0.,-0.));
#5124 = VECTOR('',#5125,1.);
#5125 = DIRECTION('',(1.,-1.555477563031E-17));
#5126 = ( GEOMETRIC_REPRESENTATION_CONTEXT(2) 
PARAMETRIC_REPRESENTATION_CONTEXT() REPRESENTATION_CONTEXT('2D SPACE',''
  ) );
#5127 = PCURVE('',#2232,#5128);
#5128 = DEFINITIONAL_REPRESENTATION('',(#5129),#5133);
#5129 = LINE('',#5130,#5131);
#5130 = CARTESIAN_POINT('',(1.56536262204,-9.193857912338));
#5131 = VECTOR('',#5132,1.);
#5132 = DIRECTION('',(0.932992798835,-0.359895036535));
#5133 = ( GEOMETRIC_REPRESENTATION_CONTEXT(2) 
PARAMETRIC_REPRESENTATION_CONTEXT() REPRESENTATION_CONTEXT('2D SPACE',''
  ) );
#5134 = ADVANCED_FACE('',(#5135),#1837,.T.);
#5135 = FACE_BOUND('',#5136,.T.);
#5136 = EDGE_LOOP('',(#5137,#5138,#5139,#5162));
#5137 = ORIENTED_EDGE('',*,*,#5091,.T.);
#5138 = ORIENTED_EDGE('',*,*,#1821,.T.);
#5139 = ORIENTED_EDGE('',*,*,#5140,.F.);
#5140 = EDGE_CURVE('',#5141,#1822,#5143,.T.);
#5141 = VERTEX_POINT('',#5142);
#5142 = CARTESIAN_POINT('',(9.253248828435,11.244585285942,
    0.215298321339));
#5143 = SURFACE_CURVE('',#5144,(#5148,#5155),.PCURVE_S1.);
#5144 = LINE('',#5145,#5146);
#5145 = CARTESIAN_POINT('',(9.253248828435,11.244585285942,
    0.215298321339));
#5146 = VECTOR('',#5147,1.);
#5147 = DIRECTION('',(0.857492925713,0.514495755428,1.110223024625E-16)
  );
#5148 = PCURVE('',#1837,#5149);
#5149 = DEFINITIONAL_REPRESENTATION('',(#5150),#5154);
#5150 = LINE('',#5151,#5152);
#5151 = CARTESIAN_POINT('',(0.245412285229,6.330470983802E-16));
#5152 = VECTOR('',#5153,1.);
#5153 = DIRECTION('',(-3.649466887107E-17,-1.));
#5154 = ( GEOMETRIC_REPRESENTATION_CONTEXT(2) 
PARAMETRIC_REPRESENTATION_CONTEXT() REPRESENTATION_CONTEXT('2D SPACE',''
  ) );
#5155 = PCURVE('',#1865,#5156);
#5156 = DEFINITIONAL_REPRESENTATION('',(#5157),#5161);
#5157 = LINE('',#5158,#5159);
#5158 = CARTESIAN_POINT('',(0.,-0.));
#5159 = VECTOR('',#5160,1.);
#5160 = DIRECTION('',(-3.06448388293E-17,-1.));
#5161 = ( GEOMETRIC_REPRESENTATION_CONTEXT(2) 
PARAMETRIC_REPRESENTATION_CONTEXT() REPRESENTATION_CONTEXT('2D SPACE',''
  ) );
#5162 = ORIENTED_EDGE('',*,*,#5163,.F.);
#5163 = EDGE_CURVE('',#5092,#5141,#5164,.T.);
#5164 = SURFACE_CURVE('',#5165,(#5169,#5176),.PCURVE_S1.);
#5165 = LINE('',#5166,#5167);
#5166 = CARTESIAN_POINT('',(9.133358001916,11.444403330141,
    0.292279674085));
#5167 = VECTOR('',#5168,1.);
#5168 = DIRECTION('',(0.488528218574,-0.814213697623,-0.313681740399));
#5169 = PCURVE('',#1837,#5170);
#5170 = DEFINITIONAL_REPRESENTATION('',(#5171),#5175);
#5171 = LINE('',#5172,#5173);
#5172 = CARTESIAN_POINT('',(0.,-0.));
#5173 = VECTOR('',#5174,1.);
#5174 = DIRECTION('',(1.,3.482566905953E-17));
#5175 = ( GEOMETRIC_REPRESENTATION_CONTEXT(2) 
PARAMETRIC_REPRESENTATION_CONTEXT() REPRESENTATION_CONTEXT('2D SPACE',''
  ) );
#5176 = PCURVE('',#2232,#5177);
#5177 = DEFINITIONAL_REPRESENTATION('',(#5178),#5182);
#5178 = LINE('',#5179,#5180);
#5179 = CARTESIAN_POINT('',(1.794330516904,-9.282180575697));
#5180 = VECTOR('',#5181,1.);
#5181 = DIRECTION('',(0.949528180593,-0.313681740399));
#5182 = ( GEOMETRIC_REPRESENTATION_CONTEXT(2) 
PARAMETRIC_REPRESENTATION_CONTEXT() REPRESENTATION_CONTEXT('2D SPACE',''
  ) );
#5183 = ADVANCED_FACE('',(#5184),#1865,.T.);
#5184 = FACE_BOUND('',#5185,.T.);
#5185 = EDGE_LOOP('',(#5186,#5187,#5188,#5211));
#5186 = ORIENTED_EDGE('',*,*,#5140,.T.);
#5187 = ORIENTED_EDGE('',*,*,#1849,.T.);
#5188 = ORIENTED_EDGE('',*,*,#5189,.F.);
#5189 = EDGE_CURVE('',#5190,#1850,#5192,.T.);
#5190 = VERTEX_POINT('',#5191);
#5191 = CARTESIAN_POINT('',(9.374938643934,11.041768926777,
    0.149843734027));
#5192 = SURFACE_CURVE('',#5193,(#5197,#5204),.PCURVE_S1.);
#5193 = LINE('',#5194,#5195);
#5194 = CARTESIAN_POINT('',(9.374938643934,11.041768926777,
    0.149843734027));
#5195 = VECTOR('',#5196,1.);
#5196 = DIRECTION('',(0.857492925713,0.514495755428,1.110223024625E-16)
  );
#5197 = PCURVE('',#1865,#5198);
#5198 = DEFINITIONAL_REPRESENTATION('',(#5199),#5203);
#5199 = LINE('',#5200,#5201);
#5200 = CARTESIAN_POINT('',(0.245412285229,-1.505411952062E-15));
#5201 = VECTOR('',#5202,1.);
#5202 = DIRECTION('',(-3.06448388293E-17,-1.));
#5203 = ( GEOMETRIC_REPRESENTATION_CONTEXT(2) 
PARAMETRIC_REPRESENTATION_CONTEXT() REPRESENTATION_CONTEXT('2D SPACE',''
  ) );
#5204 = PCURVE('',#1893,#5205);
#5205 = DEFINITIONAL_REPRESENTATION('',(#5206),#5210);
#5206 = LINE('',#5207,#5208);
#5207 = CARTESIAN_POINT('',(0.,-0.));
#5208 = VECTOR('',#5209,1.);
#5209 = DIRECTION('',(3.357609902907E-17,-1.));
#5210 = ( GEOMETRIC_REPRESENTATION_CONTEXT(2) 
PARAMETRIC_REPRESENTATION_CONTEXT() REPRESENTATION_CONTEXT('2D SPACE',''
  ) );
#5211 = ORIENTED_EDGE('',*,*,#5212,.F.);
#5212 = EDGE_CURVE('',#5141,#5190,#5213,.T.);
#5213 = SURFACE_CURVE('',#5214,(#5218,#5225),.PCURVE_S1.);
#5214 = LINE('',#5215,#5216);
#5215 = CARTESIAN_POINT('',(9.253248828435,11.244585285942,
    0.215298321339));
#5216 = VECTOR('',#5217,1.);
#5217 = DIRECTION('',(0.495858695034,-0.826431158391,-0.266712757475));
#5218 = PCURVE('',#1865,#5219);
#5219 = DEFINITIONAL_REPRESENTATION('',(#5220),#5224);
#5220 = LINE('',#5221,#5222);
#5221 = CARTESIAN_POINT('',(0.,-0.));
#5222 = VECTOR('',#5223,1.);
#5223 = DIRECTION('',(1.,2.961106443099E-17));
#5224 = ( GEOMETRIC_REPRESENTATION_CONTEXT(2) 
PARAMETRIC_REPRESENTATION_CONTEXT() REPRESENTATION_CONTEXT('2D SPACE',''
  ) );
#5225 = PCURVE('',#2232,#5226);
#5226 = DEFINITIONAL_REPRESENTATION('',(#5227),#5231);
#5227 = LINE('',#5228,#5229);
#5228 = CARTESIAN_POINT('',(2.027356397593,-9.359161928443));
#5229 = VECTOR('',#5230,1.);
#5230 = DIRECTION('',(0.963776065795,-0.266712757475));
#5231 = ( GEOMETRIC_REPRESENTATION_CONTEXT(2) 
PARAMETRIC_REPRESENTATION_CONTEXT() REPRESENTATION_CONTEXT('2D SPACE',''
  ) );
#5232 = ADVANCED_FACE('',(#5233),#1893,.T.);
#5233 = FACE_BOUND('',#5234,.T.);
#5234 = EDGE_LOOP('',(#5235,#5236,#5237,#5260));
#5235 = ORIENTED_EDGE('',*,*,#5189,.T.);
#5236 = ORIENTED_EDGE('',*,*,#1877,.T.);
#5237 = ORIENTED_EDGE('',*,*,#5238,.F.);
#5238 = EDGE_CURVE('',#5239,#1878,#5241,.T.);
#5239 = VERTEX_POINT('',#5240);
#5240 = CARTESIAN_POINT('',(9.498134286989,10.836442855019,
    9.607359798385E-02));
#5241 = SURFACE_CURVE('',#5242,(#5246,#5253),.PCURVE_S1.);
#5242 = LINE('',#5243,#5244);
#5243 = CARTESIAN_POINT('',(9.498134286989,10.836442855019,
    9.607359798385E-02));
#5244 = VECTOR('',#5245,1.);
#5245 = DIRECTION('',(0.857492925713,0.514495755428,1.110223024625E-16)
  );
#5246 = PCURVE('',#1893,#5247);
#5247 = DEFINITIONAL_REPRESENTATION('',(#5248),#5252);
#5248 = LINE('',#5249,#5250);
#5249 = CARTESIAN_POINT('',(0.245412285229,9.357814674308E-16));
#5250 = VECTOR('',#5251,1.);
#5251 = DIRECTION('',(3.357609902907E-17,-1.));
#5252 = ( GEOMETRIC_REPRESENTATION_CONTEXT(2) 
PARAMETRIC_REPRESENTATION_CONTEXT() REPRESENTATION_CONTEXT('2D SPACE',''
  ) );
#5253 = PCURVE('',#1921,#5254);
#5254 = DEFINITIONAL_REPRESENTATION('',(#5255),#5259);
#5255 = LINE('',#5256,#5257);
#5256 = CARTESIAN_POINT('',(0.,-0.));
#5257 = VECTOR('',#5258,1.);
#5258 = DIRECTION('',(-2.159355039731E-17,-1.));
#5259 = ( GEOMETRIC_REPRESENTATION_CONTEXT(2) 
PARAMETRIC_REPRESENTATION_CONTEXT() REPRESENTATION_CONTEXT('2D SPACE',''
  ) );
#5260 = ORIENTED_EDGE('',*,*,#5261,.F.);
#5261 = EDGE_CURVE('',#5190,#5239,#5262,.T.);
#5262 = SURFACE_CURVE('',#5263,(#5267,#5274),.PCURVE_S1.);
#5263 = LINE('',#5264,#5265);
#5264 = CARTESIAN_POINT('',(9.374938643934,11.041768926777,
    0.149843734027));
#5265 = VECTOR('',#5266,1.);
#5266 = DIRECTION('',(0.501994604466,-0.836657674111,-0.219101240157));
#5267 = PCURVE('',#1893,#5268);
#5268 = DEFINITIONAL_REPRESENTATION('',(#5269),#5273);
#5269 = LINE('',#5270,#5271);
#5270 = CARTESIAN_POINT('',(0.,-0.));
#5271 = VECTOR('',#5272,1.);
#5272 = DIRECTION('',(1.,-3.118602707665E-17));
#5273 = ( GEOMETRIC_REPRESENTATION_CONTEXT(2) 
PARAMETRIC_REPRESENTATION_CONTEXT() REPRESENTATION_CONTEXT('2D SPACE',''
  ) );
#5274 = PCURVE('',#2232,#5275);
#5275 = DEFINITIONAL_REPRESENTATION('',(#5276),#5280);
#5276 = LINE('',#5277,#5278);
#5277 = CARTESIAN_POINT('',(2.263878884349,-9.424616515755));
#5278 = VECTOR('',#5279,1.);
#5279 = DIRECTION('',(0.975702130039,-0.219101240157));
#5280 = ( GEOMETRIC_REPRESENTATION_CONTEXT(2) 
PARAMETRIC_REPRESENTATION_CONTEXT() REPRESENTATION_CONTEXT('2D SPACE',''
  ) );
#5281 = ADVANCED_FACE('',(#5282),#1921,.T.);
#5282 = FACE_BOUND('',#5283,.T.);
#5283 = EDGE_LOOP('',(#5284,#5285,#5286,#5309));
#5284 = ORIENTED_EDGE('',*,*,#5238,.T.);
#5285 = ORIENTED_EDGE('',*,*,#1905,.T.);
#5286 = ORIENTED_EDGE('',*,*,#5287,.F.);
#5287 = EDGE_CURVE('',#5288,#1906,#5290,.T.);
#5288 = VERTEX_POINT('',#5289);
#5289 = CARTESIAN_POINT('',(9.622538968504,10.62910171916,
    5.41174501761E-02));
#5290 = SURFACE_CURVE('',#5291,(#5295,#5302),.PCURVE_S1.);
#5291 = LINE('',#5292,#5293);
#5292 = CARTESIAN_POINT('',(9.622538968504,10.62910171916,
    5.41174501761E-02));
#5293 = VECTOR('',#5294,1.);
#5294 = DIRECTION('',(0.857492925713,0.514495755428,1.110223024625E-16)
  );
#5295 = PCURVE('',#1921,#5296);
#5296 = DEFINITIONAL_REPRESENTATION('',(#5297),#5301);
#5297 = LINE('',#5298,#5299);
#5298 = CARTESIAN_POINT('',(0.245412285229,3.238471877118E-16));
#5299 = VECTOR('',#5300,1.);
#5300 = DIRECTION('',(-2.159355039731E-17,-1.));
#5301 = ( GEOMETRIC_REPRESENTATION_CONTEXT(2) 
PARAMETRIC_REPRESENTATION_CONTEXT() REPRESENTATION_CONTEXT('2D SPACE',''
  ) );
#5302 = PCURVE('',#1949,#5303);
#5303 = DEFINITIONAL_REPRESENTATION('',(#5304),#5308);
#5304 = LINE('',#5305,#5306);
#5305 = CARTESIAN_POINT('',(0.,-0.));
#5306 = VECTOR('',#5307,1.);
#5307 = DIRECTION('',(-1.369175186753E-17,-1.));
#5308 = ( GEOMETRIC_REPRESENTATION_CONTEXT(2) 
PARAMETRIC_REPRESENTATION_CONTEXT() REPRESENTATION_CONTEXT('2D SPACE',''
  ) );
#5309 = ORIENTED_EDGE('',*,*,#5310,.F.);
#5310 = EDGE_CURVE('',#5239,#5288,#5311,.T.);
#5311 = SURFACE_CURVE('',#5312,(#5316,#5323),.PCURVE_S1.);
#5312 = LINE('',#5313,#5314);
#5313 = CARTESIAN_POINT('',(9.498134286989,10.836442855019,
    9.607359798385E-02));
#5314 = VECTOR('',#5315,1.);
#5315 = DIRECTION('',(0.506921164927,-0.844868608211,-0.17096188876));
#5316 = PCURVE('',#1921,#5317);
#5317 = DEFINITIONAL_REPRESENTATION('',(#5318),#5322);
#5318 = LINE('',#5319,#5320);
#5319 = CARTESIAN_POINT('',(0.,-0.));
#5320 = VECTOR('',#5321,1.);
#5321 = DIRECTION('',(1.,1.898058252351E-17));
#5322 = ( GEOMETRIC_REPRESENTATION_CONTEXT(2) 
PARAMETRIC_REPRESENTATION_CONTEXT() REPRESENTATION_CONTEXT('2D SPACE',''
  ) );
#5323 = PCURVE('',#2232,#5324);
#5324 = DEFINITIONAL_REPRESENTATION('',(#5325),#5329);
#5325 = LINE('',#5326,#5327);
#5326 = CARTESIAN_POINT('',(2.503328173785,-9.478386651798));
#5327 = VECTOR('',#5328,1.);
#5328 = DIRECTION('',(0.985277642389,-0.17096188876));
#5329 = ( GEOMETRIC_REPRESENTATION_CONTEXT(2) 
PARAMETRIC_REPRESENTATION_CONTEXT() REPRESENTATION_CONTEXT('2D SPACE',''
  ) );
#5330 = ADVANCED_FACE('',(#5331),#1949,.T.);
#5331 = FACE_BOUND('',#5332,.T.);
#5332 = EDGE_LOOP('',(#5333,#5334,#5335,#5358));
#5333 = ORIENTED_EDGE('',*,*,#5287,.T.);
#5334 = ORIENTED_EDGE('',*,*,#1933,.T.);
#5335 = ORIENTED_EDGE('',*,*,#5336,.F.);
#5336 = EDGE_CURVE('',#5337,#1934,#5339,.T.);
#5337 = VERTEX_POINT('',#5338);
#5338 = CARTESIAN_POINT('',(9.747852986706,10.420245022156,
    2.407636663902E-02));
#5339 = SURFACE_CURVE('',#5340,(#5344,#5351),.PCURVE_S1.);
#5340 = LINE('',#5341,#5342);
#5341 = CARTESIAN_POINT('',(9.747852986706,10.420245022156,
    2.407636663902E-02));
#5342 = VECTOR('',#5343,1.);
#5343 = DIRECTION('',(0.857492925713,0.514495755428,1.110223024625E-16)
  );
#5344 = PCURVE('',#1949,#5345);
#5345 = DEFINITIONAL_REPRESENTATION('',(#5346),#5350);
#5346 = LINE('',#5347,#5348);
#5347 = CARTESIAN_POINT('',(0.245412285229,-9.12598765053E-16));
#5348 = VECTOR('',#5349,1.);
#5349 = DIRECTION('',(-1.369175186753E-17,-1.));
#5350 = ( GEOMETRIC_REPRESENTATION_CONTEXT(2) 
PARAMETRIC_REPRESENTATION_CONTEXT() REPRESENTATION_CONTEXT('2D SPACE',''
  ) );
#5351 = PCURVE('',#1977,#5352);
#5352 = DEFINITIONAL_REPRESENTATION('',(#5353),#5357);
#5353 = LINE('',#5354,#5355);
#5354 = CARTESIAN_POINT('',(0.,-0.));
#5355 = VECTOR('',#5356,1.);
#5356 = DIRECTION('',(-8.698450539295E-18,-1.));
#5357 = ( GEOMETRIC_REPRESENTATION_CONTEXT(2) 
PARAMETRIC_REPRESENTATION_CONTEXT() REPRESENTATION_CONTEXT('2D SPACE',''
  ) );
#5358 = ORIENTED_EDGE('',*,*,#5359,.F.);
#5359 = EDGE_CURVE('',#5288,#5337,#5360,.T.);
#5360 = SURFACE_CURVE('',#5361,(#5365,#5372),.PCURVE_S1.);
#5361 = LINE('',#5362,#5363);
#5362 = CARTESIAN_POINT('',(9.622538968504,10.62910171916,
    5.41174501761E-02));
#5363 = VECTOR('',#5364,1.);
#5364 = DIRECTION('',(0.5106265079,-0.851044179833,-0.122410675199));
#5365 = PCURVE('',#1949,#5366);
#5366 = DEFINITIONAL_REPRESENTATION('',(#5367),#5371);
#5367 = LINE('',#5368,#5369);
#5368 = CARTESIAN_POINT('',(0.,-0.));
#5369 = VECTOR('',#5370,1.);
#5370 = DIRECTION('',(1.,1.359031500661E-17));
#5371 = ( GEOMETRIC_REPRESENTATION_CONTEXT(2) 
PARAMETRIC_REPRESENTATION_CONTEXT() REPRESENTATION_CONTEXT('2D SPACE',''
  ) );
#5372 = PCURVE('',#2232,#5373);
#5373 = DEFINITIONAL_REPRESENTATION('',(#5374),#5378);
#5374 = LINE('',#5375,#5376);
#5375 = CARTESIAN_POINT('',(2.745127411589,-9.520342799606));
#5376 = VECTOR('',#5377,1.);
#5377 = DIRECTION('',(0.992479534599,-0.122410675199));
#5378 = ( GEOMETRIC_REPRESENTATION_CONTEXT(2) 
PARAMETRIC_REPRESENTATION_CONTEXT() REPRESENTATION_CONTEXT('2D SPACE',''
  ) );
#5379 = ADVANCED_FACE('',(#5380),#1977,.T.);
#5380 = FACE_BOUND('',#5381,.T.);
#5381 = EDGE_LOOP('',(#5382,#5383,#5384,#5407));
#5382 = ORIENTED_EDGE('',*,*,#5336,.T.);
#5383 = ORIENTED_EDGE('',*,*,#1961,.T.);
#5384 = ORIENTED_EDGE('',*,*,#5385,.F.);
#5385 = EDGE_CURVE('',#5386,#1962,#5388,.T.);
#5386 = VERTEX_POINT('',#5387);
#5387 = CARTESIAN_POINT('',(9.873774449149,10.210375918085,
    6.022718974138E-03));
#5388 = SURFACE_CURVE('',#5389,(#5393,#5400),.PCURVE_S1.);
#5389 = LINE('',#5390,#5391);
#5390 = CARTESIAN_POINT('',(9.873774449149,10.210375918085,
    6.022718974138E-03));
#5391 = VECTOR('',#5392,1.);
#5392 = DIRECTION('',(0.857492925713,0.514495755428,1.110223024625E-16)
  );
#5393 = PCURVE('',#1977,#5394);
#5394 = DEFINITIONAL_REPRESENTATION('',(#5395),#5399);
#5395 = LINE('',#5396,#5397);
#5396 = CARTESIAN_POINT('',(0.245412285229,1.588214533942E-17));
#5397 = VECTOR('',#5398,1.);
#5398 = DIRECTION('',(-8.698450539295E-18,-1.));
#5399 = ( GEOMETRIC_REPRESENTATION_CONTEXT(2) 
PARAMETRIC_REPRESENTATION_CONTEXT() REPRESENTATION_CONTEXT('2D SPACE',''
  ) );
#5400 = PCURVE('',#2003,#5401);
#5401 = DEFINITIONAL_REPRESENTATION('',(#5402),#5406);
#5402 = LINE('',#5403,#5404);
#5403 = CARTESIAN_POINT('',(0.,-0.));
#5404 = VECTOR('',#5405,1.);
#5405 = DIRECTION('',(-5.819403586241E-17,-1.));
#5406 = ( GEOMETRIC_REPRESENTATION_CONTEXT(2) 
PARAMETRIC_REPRESENTATION_CONTEXT() REPRESENTATION_CONTEXT('2D SPACE',''
  ) );
#5407 = ORIENTED_EDGE('',*,*,#5408,.F.);
#5408 = EDGE_CURVE('',#5337,#5386,#5409,.T.);
#5409 = SURFACE_CURVE('',#5410,(#5414,#5421),.PCURVE_S1.);
#5410 = LINE('',#5411,#5412);
#5411 = CARTESIAN_POINT('',(9.747852986706,10.420245022156,
    2.407636663902E-02));
#5412 = VECTOR('',#5413,1.);
#5413 = DIRECTION('',(0.51310170689,-0.855169511483,-7.356456359967E-02)
  );
#5414 = PCURVE('',#1977,#5415);
#5415 = DEFINITIONAL_REPRESENTATION('',(#5416),#5420);
#5416 = LINE('',#5417,#5418);
#5417 = CARTESIAN_POINT('',(0.,-0.));
#5418 = VECTOR('',#5419,1.);
#5419 = DIRECTION('',(1.,8.167307230485E-18));
#5420 = ( GEOMETRIC_REPRESENTATION_CONTEXT(2) 
PARAMETRIC_REPRESENTATION_CONTEXT() REPRESENTATION_CONTEXT('2D SPACE',''
  ) );
#5421 = PCURVE('',#2232,#5422);
#5422 = DEFINITIONAL_REPRESENTATION('',(#5423),#5427);
#5423 = LINE('',#5424,#5425);
#5424 = CARTESIAN_POINT('',(2.988694082218,-9.550383883143));
#5425 = VECTOR('',#5426,1.);
#5426 = DIRECTION('',(0.997290456679,-7.356456359967E-02));
#5427 = ( GEOMETRIC_REPRESENTATION_CONTEXT(2) 
PARAMETRIC_REPRESENTATION_CONTEXT() REPRESENTATION_CONTEXT('2D SPACE',''
  ) );
#5428 = ADVANCED_FACE('',(#5429),#2003,.T.);
#5429 = FACE_BOUND('',#5430,.T.);
#5430 = EDGE_LOOP('',(#5431,#5432,#5433,#5434));
#5431 = ORIENTED_EDGE('',*,*,#5385,.T.);
#5432 = ORIENTED_EDGE('',*,*,#1989,.T.);
#5433 = ORIENTED_EDGE('',*,*,#2095,.F.);
#5434 = ORIENTED_EDGE('',*,*,#5435,.F.);
#5435 = EDGE_CURVE('',#5386,#2096,#5436,.T.);
#5436 = SURFACE_CURVE('',#5437,(#5441,#5448),.PCURVE_S1.);
#5437 = LINE('',#5438,#5439);
#5438 = CARTESIAN_POINT('',(9.873774449149,10.210375918085,
    6.022718974138E-03));
#5439 = VECTOR('',#5440,1.);
#5440 = DIRECTION('',(0.514340798925,-0.857234664875,-2.454122852291E-02
    ));
#5441 = PCURVE('',#2003,#5442);
#5442 = DEFINITIONAL_REPRESENTATION('',(#5443),#5447);
#5443 = LINE('',#5444,#5445);
#5444 = CARTESIAN_POINT('',(0.,-0.));
#5445 = VECTOR('',#5446,1.);
#5446 = DIRECTION('',(1.,5.823577492713E-17));
#5447 = ( GEOMETRIC_REPRESENTATION_CONTEXT(2) 
PARAMETRIC_REPRESENTATION_CONTEXT() REPRESENTATION_CONTEXT('2D SPACE',''
  ) );
#5448 = PCURVE('',#2232,#5449);
#5449 = DEFINITIONAL_REPRESENTATION('',(#5450),#5454);
#5450 = LINE('',#5451,#5452);
#5451 = CARTESIAN_POINT('',(3.233441412228,-9.568437530808));
#5452 = VECTOR('',#5453,1.);
#5453 = DIRECTION('',(0.999698818696,-2.454122852291E-02));
#5454 = ( GEOMETRIC_REPRESENTATION_CONTEXT(2) 
PARAMETRIC_REPRESENTATION_CONTEXT() REPRESENTATION_CONTEXT('2D SPACE',''
  ) );
#5455 = ADVANCED_FACE('',(#5456),#2059,.T.);
#5456 = FACE_BOUND('',#5457,.T.);
#5457 = EDGE_LOOP('',(#5458,#5459,#5460,#5481));
#5458 = ORIENTED_EDGE('',*,*,#2043,.T.);
#5459 = ORIENTED_EDGE('',*,*,#2169,.T.);
#5460 = ORIENTED_EDGE('',*,*,#5461,.F.);
#5461 = EDGE_CURVE('',#2096,#2145,#5462,.T.);
#5462 = SURFACE_CURVE('',#5463,(#5467,#5474),.PCURVE_S1.);
#5463 = LINE('',#5464,#5465);
#5464 = CARTESIAN_POINT('',(10.,10.,0.));
#5465 = VECTOR('',#5466,1.);
#5466 = DIRECTION('',(0.,0.,1.));
#5467 = PCURVE('',#2059,#5468);
#5468 = DEFINITIONAL_REPRESENTATION('',(#5469),#5473);
#5469 = LINE('',#5470,#5471);
#5470 = CARTESIAN_POINT('',(36.05551275464,0.));
#5471 = VECTOR('',#5472,1.);
#5472 = DIRECTION('',(0.,-1.));
#5473 = ( GEOMETRIC_REPRESENTATION_CONTEXT(2) 
PARAMETRIC_REPRESENTATION_CONTEXT() REPRESENTATION_CONTEXT('2D SPACE',''
  ) );
#5474 = PCURVE('',#2232,#5475);
#5475 = DEFINITIONAL_REPRESENTATION('',(#5476),#5480);
#5476 = LINE('',#5477,#5478);
#5477 = CARTESIAN_POINT('',(3.478779783865,-9.574460249782));
#5478 = VECTOR('',#5479,1.);
#5479 = DIRECTION('',(1.110223024625E-16,1.));
#5480 = ( GEOMETRIC_REPRESENTATION_CONTEXT(2) 
PARAMETRIC_REPRESENTATION_CONTEXT() REPRESENTATION_CONTEXT('2D SPACE',''
  ) );
#5481 = ORIENTED_EDGE('',*,*,#2120,.F.);
#5482 = ADVANCED_FACE('',(#5483),#2232,.T.);
#5483 = FACE_BOUND('',#5484,.T.);
#5484 = EDGE_LOOP('',(#5485,#5486,#5487,#5488,#5489,#5490,#5491,#5492,
    #5493,#5494,#5495,#5496,#5497,#5498,#5499,#5500,#5501,#5502,#5503,
    #5504,#5505,#5506,#5507,#5508,#5509,#5510,#5511,#5512,#5513,#5514,
    #5515,#5516,#5517,#5518,#5519,#5520,#5521,#5522,#5523,#5524,#5525,
    #5526,#5527,#5528,#5529,#5530,#5531,#5532,#5533,#5534,#5535,#5536,
    #5537,#5538,#5539,#5540,#5541,#5542,#5543,#5544,#5545,#5546,#5547,
    #5548,#5549,#5550,#5551,#5552));
#5485 = ORIENTED_EDGE('',*,*,#2218,.T.);
#5486 = ORIENTED_EDGE('',*,*,#2272,.T.);
#5487 = ORIENTED_EDGE('',*,*,#2321,.T.);
#5488 = ORIENTED_EDGE('',*,*,#2370,.T.);
#5489 = ORIENTED_EDGE('',*,*,#2419,.T.);
#5490 = ORIENTED_EDGE('',*,*,#2468,.T.);
#5491 = ORIENTED_EDGE('',*,*,#2517,.T.);
#5492 = ORIENTED_EDGE('',*,*,#2566,.T.);
#5493 = ORIENTED_EDGE('',*,*,#2615,.T.);
#5494 = ORIENTED_EDGE('',*,*,#2664,.T.);
#5495 = ORIENTED_EDGE('',*,*,#2713,.T.);
#5496 = ORIENTED_EDGE('',*,*,#2762,.T.);
#5497 = ORIENTED_EDGE('',*,*,#2811,.T.);
#5498 = ORIENTED_EDGE('',*,*,#2860,.T.);
#5499 = ORIENTED_EDGE('',*,*,#2909,.T.);
#5500 = ORIENTED_EDGE('',*,*,#2958,.T.);
#5501 = ORIENTED_EDGE('',*,*,#3007,.T.);
#5502 = ORIENTED_EDGE('',*,*,#3056,.T.);
#5503 = ORIENTED_EDGE('',*,*,#3105,.T.);
#5504 = ORIENTED_EDGE('',*,*,#3154,.T.);
#5505 = ORIENTED_EDGE('',*,*,#3203,.T.);
#5506 = ORIENTED_EDGE('',*,*,#3252,.T.);
#5507 = ORIENTED_EDGE('',*,*,#3301,.T.);
#5508 = ORIENTED_EDGE('',*,*,#3350,.T.);
#5509 = ORIENTED_EDGE('',*,*,#3399,.T.);
#5510 = ORIENTED_EDGE('',*,*,#3448,.T.);
#5511 = ORIENTED_EDGE('',*,*,#3497,.T.);
#5512 = ORIENTED_EDGE('',*,*,#3546,.T.);
#5513 = ORIENTED_EDGE('',*,*,#3595,.T.);
#5514 = ORIENTED_EDGE('',*,*,#3644,.T.);
#5515 = ORIENTED_EDGE('',*,*,#3693,.T.);
#5516 = ORIENTED_EDGE('',*,*,#3742,.T.);
#5517 = ORIENTED_EDGE('',*,*,#3791,.T.);
#5518 = ORIENTED_EDGE('',*,*,#3840,.T.);
#5519 = ORIENTED_EDGE('',*,*,#3889,.T.);
#5520 = ORIENTED_EDGE('',*,*,#3938,.T.);
#5521 = ORIENTED_EDGE('',*,*,#3987,.T.);
#5522 = ORIENTED_EDGE('',*,*,#4036,.T.);
#5523 = ORIENTED_EDGE('',*,*,#4085,.T.);
#5524 = ORIENTED_EDGE('',*,*,#4134,.T.);
#5525 = ORIENTED_EDGE('',*,*,#4183,.T.);
#5526 = ORIENTED_EDGE('',*,*,#4232,.T.);
#5527 = ORIENTED_EDGE('',*,*,#4281,.T.);
#5528 = ORIENTED_EDGE('',*,*,#4330,.T.);
#5529 = ORIENTED_EDGE('',*,*,#4379,.T.);
#5530 = ORIENTED_EDGE('',*,*,#4428,.T.);
#5531 = ORIENTED_EDGE('',*,*,#4477,.T.);
#5532 = ORIENTED_EDGE('',*,*,#4526,.T.);
#5533 = ORIENTED_EDGE('',*,*,#4575,.T.);
#5534 = ORIENTED_EDGE('',*,*,#4624,.T.);
#5535 = ORIENTED_EDGE('',*,*,#4673,.T.);
#5536 = ORIENTED_EDGE('',*,*,#4722,.T.);
#5537 = ORIENTED_EDGE('',*,*,#4771,.T.);
#5538 = ORIENTED_EDGE('',*,*,#4820,.T.);
#5539 = ORIENTED_EDGE('',*,*,#4869,.T.);
#5540 = ORIENTED_EDGE('',*,*,#4918,.T.);
#5541 = ORIENTED_EDGE('',*,*,#4967,.T.);
#5542 = ORIENTED_EDGE('',*,*,#5016,.T.);
#5543 = ORIENTED_EDGE('',*,*,#5065,.T.);
#5544 = ORIENTED_EDGE('',*,*,#5114,.T.);
#5545 = ORIENTED_EDGE('',*,*,#5163,.T.);
#5546 = ORIENTED_EDGE('',*,*,#5212,.T.);
#5547 = ORIENTED_EDGE('',*,*,#5261,.T.);
#5548 = ORIENTED_EDGE('',*,*,#5310,.T.);
#5549 = ORIENTED_EDGE('',*,*,#5359,.T.);
#5550 = ORIENTED_EDGE('',*,*,#5408,.T.);
#5551 = ORIENTED_EDGE('',*,*,#5435,.T.);
#5552 = ORIENTED_EDGE('',*,*,#5461,.T.);
#5553 = ( GEOMETRIC_REPRESENTATION_CONTEXT(3) 
GLOBAL_UNCERTAINTY_ASSIGNED_CONTEXT((#5557)) 
GLOBAL_UNIT_ASSIGNED_CONTEXT((#5554,#5555,#5556)) REPRESENTATION_CONTEXT
('Context #1','3D Context with UNIT and UNCERTAINTY') );
#5554 = ( LENGTH_UNIT() NAMED_UNIT(*) SI_UNIT(.MILLI.,.METRE.) );
#5555 = ( NAMED_UNIT(*) PLANE_ANGLE_UNIT() SI_UNIT($,.RADIAN.) );
#5556 = ( NAMED_UNIT(*) SI_UNIT($,.STERADIAN.) SOLID_ANGLE_UNIT() );
#5557 = UNCERTAINTY_MEASURE_WITH_UNIT(LENGTH_MEASURE(1.E-07),#5554,
  'distance_accuracy_value','confusion accuracy');
#5558 = PRODUCT_RELATED_PRODUCT_CATEGORY('part',$,(#7));
ENDSEC;
END-ISO-10303-21;
