  0
SECTION
  2
HEADER
  9
$ACADVER
  1
AC1015
  0
ENDSEC
  0
SECTION
  2
TABLES
  0
TABLE
  2
LTYPE
 70
1
  0
LTYPE
  2
CONTINUOUS
 70
0
  3
Solid line
 72
65
 73
0
 40
0.0
  0
ENDTAB
  0
TABLE
  2
LAYER
 70
1
  0
LAYER
  2
0
 70
0
 62
7
  6
CONTINUOUS
  0
ENDTAB
  0
ENDSEC
  0
SECTION
  2
BLOCKS
  0
ENDSEC
  0
SECTION
  2
ENTITIES
  0
3DFACE
  8
0
1001
WEBCAD
1000
S3D1
 10
144.86044976621713
 20
77.52151707785612
 30
100
 11
118.23285864356265
 21
118.91629817517511
 31
0
 12
144.86044976621713
 22
77.52151707785612
 32
0
 13
144.86044976621713
 23
77.52151707785612
 33
0
  0
3DFACE
  8
0
1001
WEBCAD
1000
S3D1
 10
144.86044976621713
 20
77.52151707785612
 30
100
 11
118.23285864356265
 21
118.91629817517511
 31
100
 12
118.23285864356265
 22
118.91629817517511
 32
0
 13
118.23285864356265
 23
118.91629817517511
 33
0
  0
3DFACE
  8
0
1001
WEBCAD
1000
S3D1
 10
185.0195639126047
 20
103.35425354828223
 30
100
 11
185.0195639126047
 21
103.35425354828223
 31
0
 12
158.39197278995022
 22
144.74903464560123
 32
0
 13
158.39197278995022
 23
144.74903464560123
 33
0
  0
3DFACE
  8
0
1001
WEBCAD
1000
S3D1
 10
185.0195639126047
 20
103.35425354828223
 30
100
 11
158.39197278995022
 21
144.74903464560123
 31
0
 12
158.39197278995022
 22
144.74903464560123
 32
100
 13
158.39197278995022
 23
144.74903464560123
 33
100
  0
3DFACE
  8
0
1001
WEBCAD
1000
S3D1
 10
185.0195639126047
 20
103.35425354828223
 30
100
 11
144.86044976621713
 21
77.52151707785612
 31
0
 12
185.0195639126047
 22
103.35425354828223
 32
0
 13
185.0195639126047
 23
103.35425354828223
 33
0
  0
3DFACE
  8
0
1001
WEBCAD
1000
S3D1
 10
185.0195639126047
 20
103.35425354828223
 30
100
 11
144.86044976621713
 21
77.52151707785612
 31
100
 12
144.86044976621713
 22
77.52151707785612
 32
0
 13
144.86044976621713
 23
77.52151707785612
 33
0
  0
3DFACE
  8
0
1001
WEBCAD
1000
S3D1
 10
158.39197278995022
 20
144.74903464560123
 30
100
 11
158.39197278995022
 21
144.74903464560123
 31
0
 12
118.23285864356265
 22
118.91629817517511
 32
0
 13
118.23285864356265
 23
118.91629817517511
 33
0
  0
3DFACE
  8
0
1001
WEBCAD
1000
S3D1
 10
158.39197278995022
 20
144.74903464560123
 30
100
 11
118.23285864356265
 21
118.91629817517511
 31
0
 12
118.23285864356265
 22
118.91629817517511
 32
100
 13
118.23285864356265
 23
118.91629817517511
 33
100
  0
3DFACE
  8
0
1001
WEBCAD
1000
S3D1
 10
158.39197278995022
 20
144.74903464560123
 30
0
 11
144.86044976621713
 21
77.52151707785612
 31
0
 12
118.23285864356265
 22
118.91629817517511
 32
0
 13
118.23285864356265
 23
118.91629817517511
 33
0
  0
3DFACE
  8
0
1001
WEBCAD
1000
S3D1
 10
158.39197278995022
 20
144.74903464560123
 30
0
 11
185.0195639126047
 21
103.35425354828223
 31
0
 12
144.86044976621713
 22
77.52151707785612
 32
0
 13
144.86044976621713
 23
77.52151707785612
 33
0
  0
3DFACE
  8
0
1001
WEBCAD
1000
S3D1
 10
158.39197278995022
 20
144.74903464560123
 30
100
 11
118.23285864356265
 21
118.91629817517511
 31
100
 12
144.86044976621713
 22
77.52151707785612
 32
100
 13
144.86044976621713
 23
77.52151707785612
 33
100
  0
3DFACE
  8
0
1001
WEBCAD
1000
S3D1
 10
158.39197278995022
 20
144.74903464560123
 30
100
 11
144.86044976621713
 21
77.52151707785612
 31
100
 12
185.0195639126047
 22
103.35425354828223
 32
100
 13
185.0195639126047
 23
103.35425354828223
 33
100
  0
3DFACE
  8
0
1001
WEBCAD
1000
S3D2
 10
-83.61356661024956
 20
62.881772254584405
 30
238.82333186595517
 11
-78.38195966105515
 21
66.88932683707029
 31
236.78670546530327
 12
-143.4754777338827
 22
136.64793335129002
 32
206.8439146451955
 13
-143.4754777338827
 23
136.64793335129002
 33
206.8439146451955
  0
3DFACE
  8
0
1001
WEBCAD
1000
S3D2
 10
-83.61356661024956
 20
62.881772254584405
 30
238.82333186595517
 11
-143.4754777338827
 21
136.64793335129002
 31
206.8439146451955
 12
-148.70708468307714
 22
132.64037876880417
 32
208.8805410458474
 13
-148.70708468307714
 23
132.64037876880417
 33
208.8805410458474
  0
3DFACE
  8
0
1001
WEBCAD
1000
S3D2
 10
-88.74598117304663
 20
58.2985194722449
 30
239.30309986048036
 11
-148.70708468307714
 21
132.64037876880417
 31
208.8805410458474
 12
-153.83949924587415
 22
128.05712598646465
 32
209.36030904037256
 13
-153.83949924587415
 23
128.05712598646465
 33
209.36030904037256
  0
3DFACE
  8
0
1001
WEBCAD
1000
S3D2
 10
-88.74598117304663
 20
58.2985194722449
 30
239.30309986048036
 11
-83.61356661024956
 21
62.881772254584405
 31
238.82333186595517
 12
-148.70708468307714
 22
132.64037876880417
 32
208.8805410458474
 13
-148.70708468307714
 23
132.64037876880417
 33
208.8805410458474
  0
3DFACE
  8
0
1001
WEBCAD
1000
S3D2
 10
-93.48092712022223
 20
53.405930128623275
 30
238.1981285346675
 11
-153.83949924587415
 21
128.05712598646465
 31
209.36030904037256
 12
-158.57444519304977
 22
123.164536642843
 32
208.2553377145597
 13
-158.57444519304977
 23
123.164536642843
 33
208.2553377145597
  0
3DFACE
  8
0
1001
WEBCAD
1000
S3D2
 10
-93.48092712022223
 20
53.405930128623275
 30
238.1981285346675
 11
-88.74598117304663
 21
58.2985194722449
 31
239.30309986048036
 12
-153.83949924587415
 22
128.05712598646465
 32
209.36030904037256
 13
-153.83949924587415
 23
128.05712598646465
 33
209.36030904037256
  0
3DFACE
  8
0
1001
WEBCAD
1000
S3D2
 10
-97.54322005545067
 20
48.48835554473341
 30
235.57264808837948
 11
-158.57444519304977
 21
123.164536642843
 31
208.2553377145597
 12
-162.63673812827824
 22
118.24696205895316
 32
205.62985726827168
 13
-162.63673812827824
 23
118.24696205895316
 33
205.62985726827168
  0
3DFACE
  8
0
1001
WEBCAD
1000
S3D2
 10
-97.54322005545067
 20
48.48835554473341
 30
235.57264808837948
 11
-93.48092712022223
 21
53.405930128623275
 31
238.1981285346675
 12
-158.57444519304977
 22
123.164536642843
 32
208.2553377145597
 13
-158.57444519304977
 23
123.164536642843
 33
208.2553377145597
  0
3DFACE
  8
0
1001
WEBCAD
1000
S3D2
 10
-100.69678825240483
 20
43.831563366127035
 30
231.5792165641787
 11
-162.63673812827824
 21
118.24696205895316
 31
205.62985726827168
 12
-165.7903063252324
 22
113.59016988034678
 32
201.6364257440709
 13
-165.7903063252324
 23
113.59016988034678
 33
201.6364257440709
  0
3DFACE
  8
0
1001
WEBCAD
1000
S3D2
 10
-100.69678825240483
 20
43.831563366127035
 30
231.5792165641787
 11
-97.54322005545067
 21
48.48835554473341
 31
235.57264808837948
 12
-162.63673812827824
 22
118.24696205895316
 32
205.62985726827168
 13
-162.63673812827824
 23
118.24696205895316
 33
205.62985726827168
  0
3DFACE
  8
0
1001
WEBCAD
1000
S3D2
 10
-102.75833896130437
 20
39.70621411415176
 30
226.44993426724153
 11
-165.7903063252324
 21
113.59016988034678
 31
201.6364257440709
 12
-167.85185703413197
 22
109.4648206283715
 32
196.50714344713373
 13
-167.85185703413197
 23
109.4648206283715
 33
196.50714344713373
  0
3DFACE
  8
0
1001
WEBCAD
1000
S3D2
 10
-102.75833896130437
 20
39.70621411415176
 30
226.44993426724153
 11
-100.69678825240483
 21
43.831563366127035
 31
231.5792165641787
 12
-165.7903063252324
 22
113.59016988034678
 32
201.6364257440709
 13
-165.7903063252324
 23
113.59016988034678
 33
201.6364257440709
  0
3DFACE
  8
0
1001
WEBCAD
1000
S3D2
 10
-103.6080768133235
 20
36.3520423683245
 30
220.482891253645
 11
-167.85185703413197
 21
109.4648206283715
 31
196.50714344713373
 12
-168.7015948861511
 22
106.11064888254424
 32
190.54010043353722
 13
-168.7015948861511
 23
106.11064888254424
 33
190.54010043353722
  0
3DFACE
  8
0
1001
WEBCAD
1000
S3D2
 10
-103.6080768133235
 20
36.3520423683245
 30
220.482891253645
 11
-168.7015948861511
 21
106.11064888254424
 31
190.54010043353722
 12
-168.29013494377614
 22
103.72259189520017
 32
184.08208841753506
 13
-168.29013494377614
 23
103.72259189520017
 33
184.08208841753506
  0
3DFACE
  8
0
1001
WEBCAD
1000
S3D2
 10
-103.6080768133235
 20
36.3520423683245
 30
220.482891253645
 11
-102.75833896130437
 21
39.70621411415176
 31
226.44993426724153
 12
-167.85185703413197
 22
109.4648206283715
 32
196.50714344713373
 13
-167.85185703413197
 23
109.4648206283715
 33
196.50714344713373
  0
3DFACE
  8
0
1001
WEBCAD
1000
S3D2
 10
-103.19661687094856
 20
33.96398538098044
 30
214.02487923764284
 11
-103.6080768133235
 21
36.3520423683245
 31
220.482891253645
 12
-168.29013494377614
 22
103.72259189520017
 32
184.08208841753506
 13
-168.29013494377614
 23
103.72259189520017
 33
184.08208841753506
  0
3DFACE
  8
0
1001
WEBCAD
1000
S3D2
 10
-101.54785877419661
 20
32.68083795475409
 30
207.45120871517707
 11
-168.29013494377614
 21
103.72259189520017
 31
184.08208841753506
 12
-166.64137684702416
 22
102.43944446897383
 32
177.50841789506927
 13
-166.64137684702416
 23
102.43944446897383
 33
177.50841789506927
  0
3DFACE
  8
0
1001
WEBCAD
1000
S3D2
 10
-101.54785877419661
 20
32.68083795475409
 30
207.45120871517707
 11
-103.19661687094856
 21
33.96398538098044
 31
214.02487923764284
 12
-168.29013494377614
 22
103.72259189520017
 32
184.08208841753506
 13
-168.29013494377614
 23
103.72259189520017
 33
184.08208841753506
  0
3DFACE
  8
0
1001
WEBCAD
1000
S3D2
 10
-98.75763964640839
 20
32.57715331924537
 30
201.14391170847892
 11
-166.64137684702416
 21
102.43944446897383
 31
177.50841789506927
 12
-163.85115771923597
 22
102.3357598334651
 32
171.20112088837115
 13
-163.85115771923597
 23
102.3357598334651
 33
171.20112088837115
  0
3DFACE
  8
0
1001
WEBCAD
1000
S3D2
 10
-98.75763964640839
 20
32.57715331924537
 30
201.14391170847892
 11
-101.54785877419661
 21
32.68083795475409
 31
207.45120871517707
 12
-166.64137684702416
 22
102.43944446897383
 32
177.50841789506927
 13
-166.64137684702416
 23
102.43944446897383
 33
177.50841789506927
  0
3DFACE
  8
0
1001
WEBCAD
1000
S3D2
 10
-94.98810606783917
 20
33.65896869045049
 30
195.46954854231427
 11
-163.85115771923597
 21
102.3357598334651
 31
171.20112088837115
 12
-160.08162414066675
 22
103.41757520467024
 32
165.5267577222065
 13
-160.08162414066675
 23
103.41757520467024
 33
165.5267577222065
  0
3DFACE
  8
0
1001
WEBCAD
1000
S3D2
 10
-94.98810606783917
 20
33.65896869045049
 30
195.46954854231427
 11
-98.75763964640839
 21
32.57715331924537
 31
201.14391170847892
 12
-163.85115771923597
 22
102.3357598334651
 32
171.20112088837115
 13
-163.85115771923597
 23
102.3357598334651
 33
171.20112088837115
  0
3DFACE
  8
0
1001
WEBCAD
1000
S3D2
 10
-90.45833361173882
 20
35.86341120521773
 30
190.75789731001305
 11
-94.98810606783917
 21
33.65896869045049
 31
195.46954854231427
 12
-160.08162414066675
 22
103.41757520467024
 32
165.5267577222065
 13
-160.08162414066675
 23
103.41757520467024
 33
165.5267577222065
  0
3DFACE
  8
0
1001
WEBCAD
1000
S3D2
 10
-90.45833361173882
 20
35.86341120521773
 30
190.75789731001305
 11
-160.08162414066675
 21
103.41757520467024
 31
165.5267577222065
 12
-155.55185168456643
 22
105.62201771943747
 32
160.81510648990525
 13
-155.55185168456643
 23
105.62201771943747
 33
160.81510648990525
  0
3DFACE
  8
0
1001
WEBCAD
1000
S3D2
 10
-85.4315749021337
 20
39.06236796452756
 30
187.28278225784993
 11
-90.45833361173882
 21
35.86341120521773
 31
190.75789731001305
 12
-155.55185168456643
 22
105.62201771943747
 32
160.81510648990525
 13
-155.55185168456643
 23
105.62201771943747
 33
160.81510648990525
  0
3DFACE
  8
0
1001
WEBCAD
1000
S3D2
 10
-85.4315749021337
 20
39.06236796452756
 30
187.28278225784993
 11
-155.55185168456643
 21
105.62201771943747
 31
160.81510648990525
 12
-150.5250929749613
 22
108.8209744787473
 32
157.33999143774213
 13
-150.5250929749613
 23
108.8209744787473
 33
157.33999143774213
  0
3DFACE
  8
0
1001
WEBCAD
1000
S3D2
 10
-80.19996795293926
 20
43.069922547013405
 30
185.24615585719803
 11
-85.4315749021337
 21
39.06236796452756
 31
187.28278225784993
 12
-150.5250929749613
 22
108.8209744787473
 32
157.33999143774213
 13
-150.5250929749613
 23
108.8209744787473
 33
157.33999143774213
  0
3DFACE
  8
0
1001
WEBCAD
1000
S3D2
 10
-80.19996795293926
 20
43.069922547013405
 30
185.24615585719803
 11
-150.5250929749613
 21
108.8209744787473
 31
157.33999143774213
 12
-145.29348602576687
 22
112.82852906123314
 32
155.30336503709023
 13
-145.29348602576687
 23
112.82852906123314
 33
155.30336503709023
  0
3DFACE
  8
0
1001
WEBCAD
1000
S3D2
 10
-75.0675519614029
 20
47.65317633304362
 30
184.76638709502217
 11
-80.19996795293926
 21
43.069922547013405
 31
185.24615585719803
 12
-145.29348602576687
 22
112.82852906123314
 32
155.30336503709023
 13
-145.29348602576687
 23
112.82852906123314
 33
155.30336503709023
  0
3DFACE
  8
0
1001
WEBCAD
1000
S3D2
 10
-75.0675519614029
 20
47.65317633304362
 30
184.76638709502217
 11
-145.29348602576687
 21
112.82852906123314
 31
155.30336503709023
 12
-140.16107003423048
 22
117.41178284726335
 32
154.8235962749144
 13
-140.16107003423048
 23
117.41178284726335
 33
154.8235962749144
  0
3DFACE
  8
0
1001
WEBCAD
1000
S3D2
 10
-70.33260744296663
 20
52.545764672974556
 30
185.87135918848574
 11
-75.0675519614029
 21
47.65317633304362
 31
184.76638709502217
 12
-140.16107003423048
 22
117.41178284726335
 32
154.8235962749144
 13
-140.16107003423048
 23
117.41178284726335
 33
154.8235962749144
  0
3DFACE
  8
0
1001
WEBCAD
1000
S3D2
 10
-70.33260744296663
 20
52.545764672974556
 30
185.87135918848574
 11
-140.16107003423048
 21
117.41178284726335
 31
154.8235962749144
 12
-135.42612551579418
 22
122.30437118719429
 32
155.9285683683779
 13
-135.42612551579418
 23
122.30437118719429
 33
155.9285683683779
  0
3DFACE
  8
0
1001
WEBCAD
1000
S3D2
 10
-66.27031119924331
 20
57.46334768051751
 30
188.4968520671731
 11
-70.33260744296663
 21
52.545764672974556
 31
185.87135918848574
 12
-135.42612551579418
 22
122.30437118719429
 32
155.9285683683779
 13
-135.42612551579418
 23
122.30437118719429
 33
155.9285683683779
  0
3DFACE
  8
0
1001
WEBCAD
1000
S3D2
 10
-66.27031119924331
 20
57.46334768051751
 30
188.4968520671731
 11
-135.42612551579418
 21
122.30437118719429
 31
155.9285683683779
 12
-131.36382927207092
 22
127.22195419473725
 32
158.5540612470653
 13
-131.36382927207092
 23
127.22195419473725
 33
158.5540612470653
  0
3DFACE
  8
0
1001
WEBCAD
1000
S3D2
 10
-63.116749168262686
 20
62.12012942808937
 30
192.49027269427597
 11
-66.27031119924331
 21
57.46334768051751
 31
188.4968520671731
 12
-131.36382927207092
 22
127.22195419473725
 32
158.5540612470653
 13
-131.36382927207092
 23
127.22195419473725
 33
158.5540612470653
  0
3DFACE
  8
0
1001
WEBCAD
1000
S3D2
 10
-63.116749168262686
 20
62.12012942808937
 30
192.49027269427597
 11
-131.36382927207092
 21
127.22195419473725
 31
158.5540612470653
 12
-128.21026724109026
 22
131.8787359423091
 32
162.5474818741682
 13
-128.21026724109026
 23
131.8787359423091
 33
162.5474818741682
  0
3DFACE
  8
0
1001
WEBCAD
1000
S3D2
 10
-61.0551941731451
 20
66.2454816911368
 30
197.619552688261
 11
-63.116749168262686
 21
62.12012942808937
 31
192.49027269427597
 12
-128.21026724109026
 22
131.8787359423091
 32
162.5474818741682
 13
-128.21026724109026
 23
131.8787359423091
 33
162.5474818741682
  0
3DFACE
  8
0
1001
WEBCAD
1000
S3D2
 10
-61.0551941731451
 20
66.2454816911368
 30
197.619552688261
 11
-128.21026724109026
 21
131.8787359423091
 31
162.5474818741682
 12
-126.14871224597267
 22
136.00408820535654
 32
167.67676186815322
 13
-126.14871224597267
 23
136.00408820535654
 33
167.67676186815322
  0
3DFACE
  8
0
1001
WEBCAD
1000
S3D2
 10
-60.20545632112599
 20
69.59965343696405
 30
203.58659570185748
 11
-61.0551941731451
 21
66.2454816911368
 31
197.619552688261
 12
-126.14871224597267
 22
136.00408820535654
 32
167.67676186815322
 13
-126.14871224597267
 23
136.00408820535654
 33
167.67676186815322
  0
3DFACE
  8
0
1001
WEBCAD
1000
S3D2
 10
-60.20545632112599
 20
69.59965343696405
 30
203.58659570185748
 11
-126.14871224597267
 21
136.00408820535654
 31
167.67676186815322
 12
-125.2989743939536
 22
139.3582599511838
 32
173.6438048817497
 13
-125.2989743939536
 23
139.3582599511838
 33
173.6438048817497
  0
3DFACE
  8
0
1001
WEBCAD
1000
S3D2
 10
-60.616920549718984
 20
71.98770741323598
 30
210.04461002081183
 11
-60.20545632112599
 21
69.59965343696405
 31
203.58659570185748
 12
-125.2989743939536
 22
139.3582599511838
 32
173.6438048817497
 13
-125.2989743939536
 23
139.3582599511838
 33
173.6438048817497
  0
3DFACE
  8
0
1001
WEBCAD
1000
S3D2
 10
-60.616920549718984
 20
71.98770741323598
 30
210.04461002081183
 11
-125.2989743939536
 21
139.3582599511838
 31
173.6438048817497
 12
-125.71043862254656
 22
141.74631392745573
 32
180.10181920070403
 13
-125.71043862254656
 23
141.74631392745573
 33
180.10181920070403
  0
3DFACE
  8
0
1001
WEBCAD
1000
S3D2
 10
-62.26567248049737
 20
73.27086527049686
 30
216.61829144037543
 11
-60.616920549718984
 21
71.98770741323598
 31
210.04461002081183
 12
-125.71043862254656
 22
141.74631392745573
 32
180.10181920070403
 13
-125.71043862254656
 23
141.74631392745573
 33
180.10181920070403
  0
3DFACE
  8
0
1001
WEBCAD
1000
S3D2
 10
-62.26567248049737
 20
73.27086527049686
 30
216.61829144037543
 11
-125.71043862254656
 21
141.74631392745573
 31
180.10181920070403
 12
-127.35919055332492
 22
143.02947178471658
 32
186.67550062026766
 13
-127.35919055332492
 23
143.02947178471658
 33
186.67550062026766
  0
3DFACE
  8
0
1001
WEBCAD
1000
S3D2
 10
-65.05589491678046
 20
73.37454148235247
 30
222.92557601467422
 11
-62.26567248049737
 21
73.27086527049686
 31
216.61829144037543
 12
-127.35919055332492
 22
143.02947178471658
 32
186.67550062026766
 13
-127.35919055332492
 23
143.02947178471658
 33
186.67550062026766
  0
3DFACE
  8
0
1001
WEBCAD
1000
S3D2
 10
-65.05589491678046
 20
73.37454148235247
 30
222.92557601467422
 11
-127.35919055332492
 21
143.02947178471658
 31
186.67550062026766
 12
-130.14941298960804
 22
143.13314799657223
 32
192.98278519456645
 13
-130.14941298960804
 23
143.13314799657223
 33
192.98278519456645
  0
3DFACE
  8
0
1001
WEBCAD
1000
S3D2
 10
-65.05589491678046
 20
73.37454148235247
 30
222.92557601467422
 11
-130.14941298960804
 21
143.13314799657223
 31
192.98278519456645
 12
-133.91894513943794
 22
142.0513336290578
 32
198.65714759308042
 13
-133.91894513943794
 23
142.0513336290578
 33
198.65714759308042
  0
3DFACE
  8
0
1001
WEBCAD
1000
S3D2
 10
-68.82542706661036
 20
72.29272711483803
 30
228.59993841318817
 11
-65.05589491678046
 21
73.37454148235247
 31
222.92557601467422
 12
-133.91894513943794
 22
142.0513336290578
 32
198.65714759308042
 13
-133.91894513943794
 23
142.0513336290578
 33
198.65714759308042
  0
3DFACE
  8
0
1001
WEBCAD
1000
S3D2
 10
-73.35520095145004
 20
70.0882835963801
 30
233.3115904131402
 11
-133.91894513943794
 21
142.0513336290578
 31
198.65714759308042
 12
-138.44871902427764
 22
139.84689011059982
 32
203.3687995930324
 13
-138.44871902427764
 23
139.84689011059982
 33
203.3687995930324
  0
3DFACE
  8
0
1001
WEBCAD
1000
S3D2
 10
-73.35520095145004
 20
70.0882835963801
 30
233.3115904131402
 11
-68.82542706661036
 21
72.29272711483803
 31
228.59993841318817
 12
-133.91894513943794
 22
142.0513336290578
 32
198.65714759308042
 13
-133.91894513943794
 23
142.0513336290578
 33
198.65714759308042
  0
3DFACE
  8
0
1001
WEBCAD
1000
S3D2
 10
-78.38195966105515
 20
66.88932683707029
 30
236.78670546530327
 11
-138.44871902427764
 21
139.84689011059982
 31
203.3687995930324
 12
-143.4754777338827
 22
136.64793335129002
 32
206.8439146451955
 13
-143.4754777338827
 23
136.64793335129002
 33
206.8439146451955
  0
3DFACE
  8
0
1001
WEBCAD
1000
S3D2
 10
-78.38195966105515
 20
66.88932683707029
 30
236.78670546530327
 11
-73.35520095145004
 21
70.0882835963801
 31
233.3115904131402
 12
-138.44871902427764
 22
139.84689011059982
 32
203.3687995930324
 13
-138.44871902427764
 23
139.84689011059982
 33
203.3687995930324
  0
3DFACE
  8
0
1001
WEBCAD
1000
S3D2
 10
-85.4315749021337
 20
39.06236796452756
 30
187.28278225784993
 11
-80.19996795293926
 21
43.069922547013405
 31
185.24615585719803
 12
-75.0675519614029
 22
47.65317633304362
 32
184.76638709502217
 13
-75.0675519614029
 23
47.65317633304362
 33
184.76638709502217
  0
3DFACE
  8
0
1001
WEBCAD
1000
S3D2
 10
-85.4315749021337
 20
39.06236796452756
 30
187.28278225784993
 11
-75.0675519614029
 21
47.65317633304362
 31
184.76638709502217
 12
-70.33260744296663
 22
52.545764672974556
 32
185.87135918848574
 13
-70.33260744296663
 23
52.545764672974556
 33
185.87135918848574
  0
3DFACE
  8
0
1001
WEBCAD
1000
S3D2
 10
-85.4315749021337
 20
39.06236796452756
 30
187.28278225784993
 11
-70.33260744296663
 21
52.545764672974556
 31
185.87135918848574
 12
-66.27031119924331
 22
57.46334768051751
 32
188.4968520671731
 13
-66.27031119924331
 23
57.46334768051751
 33
188.4968520671731
  0
3DFACE
  8
0
1001
WEBCAD
1000
S3D2
 10
-60.20545632112599
 20
69.59965343696405
 30
203.58659570185748
 11
-63.116749168262686
 21
62.12012942808937
 31
192.49027269427597
 12
-61.0551941731451
 22
66.2454816911368
 32
197.619552688261
 13
-61.0551941731451
 23
66.2454816911368
 33
197.619552688261
  0
3DFACE
  8
0
1001
WEBCAD
1000
S3D2
 10
-90.45833361173882
 20
35.86341120521773
 30
190.75789731001305
 11
-66.27031119924331
 21
57.46334768051751
 31
188.4968520671731
 12
-63.116749168262686
 22
62.12012942808937
 32
192.49027269427597
 13
-63.116749168262686
 23
62.12012942808937
 33
192.49027269427597
  0
3DFACE
  8
0
1001
WEBCAD
1000
S3D2
 10
-90.45833361173882
 20
35.86341120521773
 30
190.75789731001305
 11
-85.4315749021337
 21
39.06236796452756
 31
187.28278225784993
 12
-66.27031119924331
 22
57.46334768051751
 32
188.4968520671731
 13
-66.27031119924331
 23
57.46334768051751
 33
188.4968520671731
  0
3DFACE
  8
0
1001
WEBCAD
1000
S3D2
 10
-65.05589491678046
 20
73.37454148235247
 30
222.92557601467422
 11
-94.98810606783917
 21
33.65896869045049
 31
195.46954854231427
 12
-90.45833361173882
 22
35.86341120521773
 32
190.75789731001305
 13
-90.45833361173882
 23
35.86341120521773
 33
190.75789731001305
  0
3DFACE
  8
0
1001
WEBCAD
1000
S3D2
 10
-65.05589491678046
 20
73.37454148235247
 30
222.92557601467422
 11
-60.20545632112599
 21
69.59965343696405
 31
203.58659570185748
 12
-60.616920549718984
 22
71.98770741323598
 32
210.04461002081183
 13
-60.616920549718984
 23
71.98770741323598
 33
210.04461002081183
  0
3DFACE
  8
0
1001
WEBCAD
1000
S3D2
 10
-65.05589491678046
 20
73.37454148235247
 30
222.92557601467422
 11
-60.616920549718984
 21
71.98770741323598
 31
210.04461002081183
 12
-62.26567248049737
 22
73.27086527049686
 32
216.61829144037543
 13
-62.26567248049737
 23
73.27086527049686
 33
216.61829144037543
  0
3DFACE
  8
0
1001
WEBCAD
1000
S3D2
 10
-65.05589491678046
 20
73.37454148235247
 30
222.92557601467422
 11
-63.116749168262686
 21
62.12012942808937
 31
192.49027269427597
 12
-60.20545632112599
 22
69.59965343696405
 32
203.58659570185748
 13
-60.20545632112599
 23
69.59965343696405
 33
203.58659570185748
  0
3DFACE
  8
0
1001
WEBCAD
1000
S3D2
 10
-65.05589491678046
 20
73.37454148235247
 30
222.92557601467422
 11
-90.45833361173882
 21
35.86341120521773
 31
190.75789731001305
 12
-63.116749168262686
 22
62.12012942808937
 32
192.49027269427597
 13
-63.116749168262686
 23
62.12012942808937
 33
192.49027269427597
  0
3DFACE
  8
0
1001
WEBCAD
1000
S3D2
 10
-103.19661687094856
 20
33.96398538098044
 30
214.02487923764284
 11
-101.54785877419661
 21
32.68083795475409
 31
207.45120871517707
 12
-98.75763964640839
 22
32.57715331924537
 32
201.14391170847892
 13
-98.75763964640839
 23
32.57715331924537
 33
201.14391170847892
  0
3DFACE
  8
0
1001
WEBCAD
1000
S3D2
 10
-103.19661687094856
 20
33.96398538098044
 30
214.02487923764284
 11
-98.75763964640839
 21
32.57715331924537
 31
201.14391170847892
 12
-94.98810606783917
 22
33.65896869045049
 32
195.46954854231427
 13
-94.98810606783917
 23
33.65896869045049
 33
195.46954854231427
  0
3DFACE
  8
0
1001
WEBCAD
1000
S3D2
 10
-103.19661687094856
 20
33.96398538098044
 30
214.02487923764284
 11
-65.05589491678046
 21
73.37454148235247
 31
222.92557601467422
 12
-68.82542706661036
 22
72.29272711483803
 32
228.59993841318817
 13
-68.82542706661036
 23
72.29272711483803
 33
228.59993841318817
  0
3DFACE
  8
0
1001
WEBCAD
1000
S3D2
 10
-103.19661687094856
 20
33.96398538098044
 30
214.02487923764284
 11
-94.98810606783917
 21
33.65896869045049
 31
195.46954854231427
 12
-65.05589491678046
 22
73.37454148235247
 32
222.92557601467422
 13
-65.05589491678046
 23
73.37454148235247
 33
222.92557601467422
  0
3DFACE
  8
0
1001
WEBCAD
1000
S3D2
 10
-102.75833896130437
 20
39.70621411415176
 30
226.44993426724153
 11
-103.6080768133235
 21
36.3520423683245
 31
220.482891253645
 12
-103.19661687094856
 22
33.96398538098044
 32
214.02487923764284
 13
-103.19661687094856
 23
33.96398538098044
 33
214.02487923764284
  0
3DFACE
  8
0
1001
WEBCAD
1000
S3D2
 10
-83.61356661024956
 20
62.881772254584405
 30
238.82333186595517
 11
-73.35520095145004
 21
70.0882835963801
 31
233.3115904131402
 12
-78.38195966105515
 22
66.88932683707029
 32
236.78670546530327
 13
-78.38195966105515
 23
66.88932683707029
 33
236.78670546530327
  0
3DFACE
  8
0
1001
WEBCAD
1000
S3D2
 10
-100.69678825240483
 20
43.831563366127035
 30
231.5792165641787
 11
-102.75833896130437
 21
39.70621411415176
 31
226.44993426724153
 12
-103.19661687094856
 22
33.96398538098044
 32
214.02487923764284
 13
-103.19661687094856
 23
33.96398538098044
 33
214.02487923764284
  0
3DFACE
  8
0
1001
WEBCAD
1000
S3D2
 10
-97.54322005545067
 20
48.48835554473341
 30
235.57264808837948
 11
-68.82542706661036
 21
72.29272711483803
 31
228.59993841318817
 12
-73.35520095145004
 22
70.0882835963801
 32
233.3115904131402
 13
-73.35520095145004
 23
70.0882835963801
 33
233.3115904131402
  0
3DFACE
  8
0
1001
WEBCAD
1000
S3D2
 10
-97.54322005545067
 20
48.48835554473341
 30
235.57264808837948
 11
-103.19661687094856
 21
33.96398538098044
 31
214.02487923764284
 12
-68.82542706661036
 22
72.29272711483803
 32
228.59993841318817
 13
-68.82542706661036
 23
72.29272711483803
 33
228.59993841318817
  0
3DFACE
  8
0
1001
WEBCAD
1000
S3D2
 10
-97.54322005545067
 20
48.48835554473341
 30
235.57264808837948
 11
-100.69678825240483
 21
43.831563366127035
 31
231.5792165641787
 12
-103.19661687094856
 22
33.96398538098044
 32
214.02487923764284
 13
-103.19661687094856
 23
33.96398538098044
 33
214.02487923764284
  0
3DFACE
  8
0
1001
WEBCAD
1000
S3D2
 10
-93.48092712022223
 20
53.405930128623275
 30
238.1981285346675
 11
-83.61356661024956
 21
62.881772254584405
 31
238.82333186595517
 12
-88.74598117304663
 22
58.2985194722449
 32
239.30309986048036
 13
-88.74598117304663
 23
58.2985194722449
 33
239.30309986048036
  0
3DFACE
  8
0
1001
WEBCAD
1000
S3D2
 10
-93.48092712022223
 20
53.405930128623275
 30
238.1981285346675
 11
-73.35520095145004
 21
70.0882835963801
 31
233.3115904131402
 12
-83.61356661024956
 22
62.881772254584405
 32
238.82333186595517
 13
-83.61356661024956
 23
62.881772254584405
 33
238.82333186595517
  0
3DFACE
  8
0
1001
WEBCAD
1000
S3D2
 10
-93.48092712022223
 20
53.405930128623275
 30
238.1981285346675
 11
-97.54322005545067
 21
48.48835554473341
 31
235.57264808837948
 12
-73.35520095145004
 22
70.0882835963801
 32
233.3115904131402
 13
-73.35520095145004
 23
70.0882835963801
 33
233.3115904131402
  0
3DFACE
  8
0
1001
WEBCAD
1000
S3D2
 10
-150.5250929749613
 20
108.8209744787473
 30
157.33999143774213
 11
-140.16107003423048
 21
117.41178284726335
 31
154.8235962749144
 12
-145.29348602576687
 22
112.82852906123314
 32
155.30336503709023
 13
-145.29348602576687
 23
112.82852906123314
 33
155.30336503709023
  0
3DFACE
  8
0
1001
WEBCAD
1000
S3D2
 10
-150.5250929749613
 20
108.8209744787473
 30
157.33999143774213
 11
-135.42612551579418
 21
122.30437118719429
 31
155.9285683683779
 12
-140.16107003423048
 22
117.41178284726335
 32
154.8235962749144
 13
-140.16107003423048
 23
117.41178284726335
 33
154.8235962749144
  0
3DFACE
  8
0
1001
WEBCAD
1000
S3D2
 10
-150.5250929749613
 20
108.8209744787473
 30
157.33999143774213
 11
-131.36382927207092
 21
127.22195419473725
 31
158.5540612470653
 12
-135.42612551579418
 22
122.30437118719429
 32
155.9285683683779
 13
-135.42612551579418
 23
122.30437118719429
 33
155.9285683683779
  0
3DFACE
  8
0
1001
WEBCAD
1000
S3D2
 10
-125.2989743939536
 20
139.3582599511838
 30
173.6438048817497
 11
-126.14871224597267
 21
136.00408820535654
 31
167.67676186815322
 12
-128.21026724109026
 22
131.8787359423091
 32
162.5474818741682
 13
-128.21026724109026
 23
131.8787359423091
 33
162.5474818741682
  0
3DFACE
  8
0
1001
WEBCAD
1000
S3D2
 10
-155.55185168456643
 20
105.62201771943747
 30
160.81510648990525
 11
-128.21026724109026
 21
131.8787359423091
 31
162.5474818741682
 12
-131.36382927207092
 22
127.22195419473725
 32
158.5540612470653
 13
-131.36382927207092
 23
127.22195419473725
 33
158.5540612470653
  0
3DFACE
  8
0
1001
WEBCAD
1000
S3D2
 10
-155.55185168456643
 20
105.62201771943747
 30
160.81510648990525
 11
-131.36382927207092
 21
127.22195419473725
 31
158.5540612470653
 12
-150.5250929749613
 22
108.8209744787473
 32
157.33999143774213
 13
-150.5250929749613
 23
108.8209744787473
 33
157.33999143774213
  0
3DFACE
  8
0
1001
WEBCAD
1000
S3D2
 10
-130.14941298960804
 20
143.13314799657223
 30
192.98278519456645
 11
-155.55185168456643
 21
105.62201771943747
 31
160.81510648990525
 12
-160.08162414066675
 22
103.41757520467024
 32
165.5267577222065
 13
-160.08162414066675
 23
103.41757520467024
 33
165.5267577222065
  0
3DFACE
  8
0
1001
WEBCAD
1000
S3D2
 10
-130.14941298960804
 20
143.13314799657223
 30
192.98278519456645
 11
-125.71043862254656
 21
141.74631392745573
 31
180.10181920070403
 12
-125.2989743939536
 22
139.3582599511838
 32
173.6438048817497
 13
-125.2989743939536
 23
139.3582599511838
 33
173.6438048817497
  0
3DFACE
  8
0
1001
WEBCAD
1000
S3D2
 10
-130.14941298960804
 20
143.13314799657223
 30
192.98278519456645
 11
-127.35919055332492
 21
143.02947178471658
 31
186.67550062026766
 12
-125.71043862254656
 22
141.74631392745573
 32
180.10181920070403
 13
-125.71043862254656
 23
141.74631392745573
 33
180.10181920070403
  0
3DFACE
  8
0
1001
WEBCAD
1000
S3D2
 10
-130.14941298960804
 20
143.13314799657223
 30
192.98278519456645
 11
-125.2989743939536
 21
139.3582599511838
 31
173.6438048817497
 12
-128.21026724109026
 22
131.8787359423091
 32
162.5474818741682
 13
-128.21026724109026
 23
131.8787359423091
 33
162.5474818741682
  0
3DFACE
  8
0
1001
WEBCAD
1000
S3D2
 10
-130.14941298960804
 20
143.13314799657223
 30
192.98278519456645
 11
-128.21026724109026
 21
131.8787359423091
 31
162.5474818741682
 12
-155.55185168456643
 22
105.62201771943747
 32
160.81510648990525
 13
-155.55185168456643
 23
105.62201771943747
 33
160.81510648990525
  0
3DFACE
  8
0
1001
WEBCAD
1000
S3D2
 10
-168.29013494377614
 20
103.72259189520017
 30
184.08208841753506
 11
-163.85115771923597
 21
102.3357598334651
 31
171.20112088837115
 12
-166.64137684702416
 22
102.43944446897383
 32
177.50841789506927
 13
-166.64137684702416
 23
102.43944446897383
 33
177.50841789506927
  0
3DFACE
  8
0
1001
WEBCAD
1000
S3D2
 10
-168.29013494377614
 20
103.72259189520017
 30
184.08208841753506
 11
-160.08162414066675
 21
103.41757520467024
 31
165.5267577222065
 12
-163.85115771923597
 22
102.3357598334651
 32
171.20112088837115
 13
-163.85115771923597
 23
102.3357598334651
 33
171.20112088837115
  0
3DFACE
  8
0
1001
WEBCAD
1000
S3D2
 10
-168.29013494377614
 20
103.72259189520017
 30
184.08208841753506
 11
-133.91894513943794
 21
142.0513336290578
 31
198.65714759308042
 12
-130.14941298960804
 22
143.13314799657223
 32
192.98278519456645
 13
-130.14941298960804
 23
143.13314799657223
 33
192.98278519456645
  0
3DFACE
  8
0
1001
WEBCAD
1000
S3D2
 10
-168.29013494377614
 20
103.72259189520017
 30
184.08208841753506
 11
-130.14941298960804
 21
143.13314799657223
 31
192.98278519456645
 12
-160.08162414066675
 22
103.41757520467024
 32
165.5267577222065
 13
-160.08162414066675
 23
103.41757520467024
 33
165.5267577222065
  0
3DFACE
  8
0
1001
WEBCAD
1000
S3D2
 10
-167.85185703413197
 20
109.4648206283715
 30
196.50714344713373
 11
-168.29013494377614
 21
103.72259189520017
 31
184.08208841753506
 12
-168.7015948861511
 22
106.11064888254424
 32
190.54010043353722
 13
-168.7015948861511
 23
106.11064888254424
 33
190.54010043353722
  0
3DFACE
  8
0
1001
WEBCAD
1000
S3D2
 10
-148.70708468307714
 20
132.64037876880417
 30
208.8805410458474
 11
-143.4754777338827
 21
136.64793335129002
 31
206.8439146451955
 12
-138.44871902427764
 22
139.84689011059982
 32
203.3687995930324
 13
-138.44871902427764
 23
139.84689011059982
 33
203.3687995930324
  0
3DFACE
  8
0
1001
WEBCAD
1000
S3D2
 10
-165.7903063252324
 20
113.59016988034678
 30
201.6364257440709
 11
-168.29013494377614
 21
103.72259189520017
 31
184.08208841753506
 12
-167.85185703413197
 22
109.4648206283715
 32
196.50714344713373
 13
-167.85185703413197
 23
109.4648206283715
 33
196.50714344713373
  0
3DFACE
  8
0
1001
WEBCAD
1000
S3D2
 10
-162.63673812827824
 20
118.24696205895316
 30
205.62985726827168
 11
-138.44871902427764
 21
139.84689011059982
 31
203.3687995930324
 12
-133.91894513943794
 22
142.0513336290578
 32
198.65714759308042
 13
-133.91894513943794
 23
142.0513336290578
 33
198.65714759308042
  0
3DFACE
  8
0
1001
WEBCAD
1000
S3D2
 10
-162.63673812827824
 20
118.24696205895316
 30
205.62985726827168
 11
-133.91894513943794
 21
142.0513336290578
 31
198.65714759308042
 12
-168.29013494377614
 22
103.72259189520017
 32
184.08208841753506
 13
-168.29013494377614
 23
103.72259189520017
 33
184.08208841753506
  0
3DFACE
  8
0
1001
WEBCAD
1000
S3D2
 10
-162.63673812827824
 20
118.24696205895316
 30
205.62985726827168
 11
-168.29013494377614
 21
103.72259189520017
 31
184.08208841753506
 12
-165.7903063252324
 22
113.59016988034678
 32
201.6364257440709
 13
-165.7903063252324
 23
113.59016988034678
 33
201.6364257440709
  0
3DFACE
  8
0
1001
WEBCAD
1000
S3D2
 10
-158.57444519304977
 20
123.164536642843
 30
208.2553377145597
 11
-153.83949924587415
 21
128.05712598646465
 31
209.36030904037256
 12
-148.70708468307714
 22
132.64037876880417
 32
208.8805410458474
 13
-148.70708468307714
 23
132.64037876880417
 33
208.8805410458474
  0
3DFACE
  8
0
1001
WEBCAD
1000
S3D2
 10
-158.57444519304977
 20
123.164536642843
 30
208.2553377145597
 11
-148.70708468307714
 21
132.64037876880417
 31
208.8805410458474
 12
-138.44871902427764
 22
139.84689011059982
 32
203.3687995930324
 13
-138.44871902427764
 23
139.84689011059982
 33
203.3687995930324
  0
3DFACE
  8
0
1001
WEBCAD
1000
S3D2
 10
-158.57444519304977
 20
123.164536642843
 30
208.2553377145597
 11
-138.44871902427764
 21
139.84689011059982
 31
203.3687995930324
 12
-162.63673812827824
 22
118.24696205895316
 32
205.62985726827168
 13
-162.63673812827824
 23
118.24696205895316
 33
205.62985726827168
  0
3DFACE
  8
0
1001
WEBCAD
1000
S3D3
 10
356.7066345214844
 20
208.58901977539062
 30
-80.62506866455078
 11
356.8070983886719
 21
206.73614501953125
 31
-80.62506866455078
 12
339.6697082519531
 22
206.73614501953125
 32
-82.42628479003906
 13
339.6697082519531
 23
206.73614501953125
 33
-82.42628479003906
  0
3DFACE
  8
0
1001
WEBCAD
1000
S3D3
 10
356.7066345214844
 20
208.58901977539062
 30
-80.62506866455078
 11
373.19549560546875
 21
206.73614501953125
 31
-75.30015563964844
 12
356.8070983886719
 22
206.73614501953125
 32
-80.62506866455078
 13
356.8070983886719
 23
206.73614501953125
 33
-80.62506866455078
  0
3DFACE
  8
0
1001
WEBCAD
1000
S3D3
 10
355.9100036621094
 20
212.2081298828125
 30
-80.62506866455078
 11
356.7066345214844
 21
208.58901977539062
 31
-80.62506866455078
 12
339.6697082519531
 22
206.73614501953125
 32
-82.42628479003906
 13
339.6697082519531
 23
206.73614501953125
 33
-82.42628479003906
  0
3DFACE
  8
0
1001
WEBCAD
1000
S3D3
 10
354.35400390625
 20
215.57138061523438
 30
-80.62506866455078
 11
355.9100036621094
 21
212.2081298828125
 31
-80.62506866455078
 12
339.6697082519531
 22
206.73614501953125
 32
-82.42628479003906
 13
339.6697082519531
 23
206.73614501953125
 33
-82.42628479003906
  0
3DFACE
  8
0
1001
WEBCAD
1000
S3D3
 10
352.11138916015625
 20
218.52151489257812
 30
-80.62506866455078
 11
354.35400390625
 21
215.57138061523438
 31
-80.62506866455078
 12
339.6697082519531
 22
206.73614501953125
 32
-82.42628479003906
 13
339.6697082519531
 23
206.73614501953125
 33
-82.42628479003906
  0
3DFACE
  8
0
1001
WEBCAD
1000
S3D3
 10
372.41168212890625
 20
213.9431915283203
 30
-75.30015563964844
 11
373.19549560546875
 21
206.73614501953125
 31
-75.30015563964844
 12
356.7066345214844
 22
208.58901977539062
 32
-80.62506866455078
 13
356.7066345214844
 23
208.58901977539062
 33
-80.62506866455078
  0
3DFACE
  8
0
1001
WEBCAD
1000
S3D3
 10
372.41168212890625
 20
213.9431915283203
 30
-75.30015563964844
 11
356.7066345214844
 21
208.58901977539062
 31
-80.62506866455078
 12
355.9100036621094
 22
212.2081298828125
 32
-80.62506866455078
 13
355.9100036621094
 23
212.2081298828125
 33
-80.62506866455078
  0
3DFACE
  8
0
1001
WEBCAD
1000
S3D3
 10
349.2869873046875
 20
220.92056274414062
 30
-80.62506866455078
 11
352.11138916015625
 21
218.52151489257812
 31
-80.62506866455078
 12
339.6697082519531
 22
206.73614501953125
 32
-82.42628479003906
 13
339.6697082519531
 23
206.73614501953125
 33
-82.42628479003906
  0
3DFACE
  8
0
1001
WEBCAD
1000
S3D3
 10
370.0968933105469
 20
220.81324768066406
 30
-75.30015563964844
 11
372.41168212890625
 21
213.9431915283203
 31
-75.30015563964844
 12
355.9100036621094
 22
212.2081298828125
 32
-80.62506866455078
 13
355.9100036621094
 23
212.2081298828125
 33
-80.62506866455078
  0
3DFACE
  8
0
1001
WEBCAD
1000
S3D3
 10
370.0968933105469
 20
220.81324768066406
 30
-75.30015563964844
 11
355.9100036621094
 21
212.2081298828125
 31
-80.62506866455078
 12
354.35400390625
 22
215.57138061523438
 32
-80.62506866455078
 13
354.35400390625
 23
215.57138061523438
 33
-80.62506866455078
  0
3DFACE
  8
0
1001
WEBCAD
1000
S3D3
 10
346.0129089355469
 20
222.6563720703125
 30
-80.62506866455078
 11
349.2869873046875
 21
220.92056274414062
 31
-80.62506866455078
 12
339.6697082519531
 22
206.73614501953125
 32
-82.42628479003906
 13
339.6697082519531
 23
206.73614501953125
 33
-82.42628479003906
  0
3DFACE
  8
0
1001
WEBCAD
1000
S3D3
 10
366.359375
 20
227.02508544921875
 30
-75.30015563964844
 11
354.35400390625
 21
215.57138061523438
 31
-80.62506866455078
 12
352.11138916015625
 22
218.52151489257812
 32
-80.62506866455078
 13
352.11138916015625
 23
218.52151489257812
 33
-80.62506866455078
  0
3DFACE
  8
0
1001
WEBCAD
1000
S3D3
 10
366.359375
 20
227.02508544921875
 30
-75.30015563964844
 11
370.0968933105469
 21
220.81324768066406
 31
-75.30015563964844
 12
354.35400390625
 22
215.57138061523438
 32
-80.62506866455078
 13
354.35400390625
 23
215.57138061523438
 33
-80.62506866455078
  0
3DFACE
  8
0
1001
WEBCAD
1000
S3D3
 10
387.83465576171875
 20
211.97439575195312
 30
-66.68426513671875
 11
388.11865234375
 21
206.73614501953125
 31
-66.68426513671875
 12
373.19549560546875
 22
206.73614501953125
 32
-75.30015563964844
 13
373.19549560546875
 23
206.73614501953125
 33
-75.30015563964844
  0
3DFACE
  8
0
1001
WEBCAD
1000
S3D3
 10
387.83465576171875
 20
211.97439575195312
 30
-66.68426513671875
 11
400.92437744140625
 21
206.73614501953125
 31
-55.15394973754883
 12
388.11865234375
 22
206.73614501953125
 32
-66.68426513671875
 13
388.11865234375
 23
206.73614501953125
 33
-66.68426513671875
  0
3DFACE
  8
0
1001
WEBCAD
1000
S3D3
 10
387.83465576171875
 20
211.97439575195312
 30
-66.68426513671875
 11
373.19549560546875
 21
206.73614501953125
 31
-75.30015563964844
 12
372.41168212890625
 22
213.9431915283203
 32
-75.30015563964844
 13
372.41168212890625
 23
213.9431915283203
 33
-75.30015563964844
  0
3DFACE
  8
0
1001
WEBCAD
1000
S3D3
 10
342.4422302246094
 20
223.64776611328125
 30
-80.62506866455078
 11
346.0129089355469
 21
222.6563720703125
 31
-80.62506866455078
 12
339.6697082519531
 22
206.73614501953125
 32
-82.42628479003906
 13
339.6697082519531
 23
206.73614501953125
 33
-82.42628479003906
  0
3DFACE
  8
0
1001
WEBCAD
1000
S3D3
 10
361.37384033203125
 20
232.28822326660156
 30
-75.30015563964844
 11
366.359375
 21
227.02508544921875
 31
-75.30015563964844
 12
352.11138916015625
 22
218.52151489257812
 32
-80.62506866455078
 13
352.11138916015625
 23
218.52151489257812
 33
-80.62506866455078
  0
3DFACE
  8
0
1001
WEBCAD
1000
S3D3
 10
361.37384033203125
 20
232.28822326660156
 30
-75.30015563964844
 11
352.11138916015625
 21
218.52151489257812
 31
-80.62506866455078
 12
349.2869873046875
 22
220.92056274414062
 32
-80.62506866455078
 13
349.2869873046875
 23
220.92056274414062
 33
-80.62506866455078
  0
3DFACE
  8
0
1001
WEBCAD
1000
S3D3
 10
385.58251953125
 20
222.20596313476562
 30
-66.68426513671875
 11
387.83465576171875
 21
211.97439575195312
 31
-66.68426513671875
 12
372.41168212890625
 22
213.9431915283203
 32
-75.30015563964844
 13
372.41168212890625
 23
213.9431915283203
 33
-75.30015563964844
  0
3DFACE
  8
0
1001
WEBCAD
1000
S3D3
 10
385.58251953125
 20
222.20596313476562
 30
-66.68426513671875
 11
372.41168212890625
 21
213.9431915283203
 31
-75.30015563964844
 12
370.0968933105469
 22
220.81324768066406
 32
-75.30015563964844
 13
370.0968933105469
 23
220.81324768066406
 33
-75.30015563964844
  0
3DFACE
  8
0
1001
WEBCAD
1000
S3D3
 10
338.7419128417969
 20
223.848388671875
 30
-80.62506866455078
 11
342.4422302246094
 21
223.64776611328125
 31
-80.62506866455078
 12
339.6697082519531
 22
206.73614501953125
 32
-82.42628479003906
 13
339.6697082519531
 23
206.73614501953125
 33
-82.42628479003906
  0
3DFACE
  8
0
1001
WEBCAD
1000
S3D3
 10
355.37347412109375
 20
236.35658264160156
 30
-75.30015563964844
 11
361.37384033203125
 21
232.28822326660156
 31
-75.30015563964844
 12
349.2869873046875
 22
220.92056274414062
 32
-80.62506866455078
 13
349.2869873046875
 23
220.92056274414062
 33
-80.62506866455078
  0
3DFACE
  8
0
1001
WEBCAD
1000
S3D3
 10
355.37347412109375
 20
236.35658264160156
 30
-75.30015563964844
 11
349.2869873046875
 21
220.92056274414062
 31
-80.62506866455078
 12
346.0129089355469
 22
222.6563720703125
 32
-80.62506866455078
 13
346.0129089355469
 23
222.6563720703125
 33
-80.62506866455078
  0
3DFACE
  8
0
1001
WEBCAD
1000
S3D3
 10
381.18353271484375
 20
231.7141876220703
 30
-66.68426513671875
 11
370.0968933105469
 21
220.81324768066406
 31
-75.30015563964844
 12
366.359375
 22
227.02508544921875
 32
-75.30015563964844
 13
366.359375
 23
227.02508544921875
 33
-75.30015563964844
  0
3DFACE
  8
0
1001
WEBCAD
1000
S3D3
 10
381.18353271484375
 20
231.7141876220703
 30
-66.68426513671875
 11
385.58251953125
 21
222.20596313476562
 31
-66.68426513671875
 12
370.0968933105469
 22
220.81324768066406
 32
-75.30015563964844
 13
370.0968933105469
 23
220.81324768066406
 33
-75.30015563964844
  0
3DFACE
  8
0
1001
WEBCAD
1000
S3D3
 10
335.0849914550781
 20
223.24887084960938
 30
-80.62506866455078
 11
338.7419128417969
 21
223.848388671875
 31
-80.62506866455078
 12
339.6697082519531
 22
206.73614501953125
 32
-82.42628479003906
 13
339.6697082519531
 23
206.73614501953125
 33
-82.42628479003906
  0
3DFACE
  8
0
1001
WEBCAD
1000
S3D3
 10
348.6388244628906
 20
239.0399169921875
 30
-75.30015563964844
 11
355.37347412109375
 21
236.35658264160156
 31
-75.30015563964844
 12
346.0129089355469
 22
222.6563720703125
 32
-80.62506866455078
 13
346.0129089355469
 23
222.6563720703125
 33
-80.62506866455078
  0
3DFACE
  8
0
1001
WEBCAD
1000
S3D3
 10
348.6388244628906
 20
239.0399169921875
 30
-75.30015563964844
 11
346.0129089355469
 21
222.6563720703125
 31
-80.62506866455078
 12
342.4422302246094
 22
223.64776611328125
 32
-80.62506866455078
 13
342.4422302246094
 23
223.64776611328125
 33
-80.62506866455078
  0
3DFACE
  8
0
1001
WEBCAD
1000
S3D3
 10
374.84344482421875
 20
240.05445861816406
 30
-66.68426513671875
 11
366.359375
 21
227.02508544921875
 31
-75.30015563964844
 12
361.37384033203125
 22
232.28822326660156
 32
-75.30015563964844
 13
361.37384033203125
 23
232.28822326660156
 33
-75.30015563964844
  0
3DFACE
  8
0
1001
WEBCAD
1000
S3D3
 10
374.84344482421875
 20
240.05445861816406
 30
-66.68426513671875
 11
381.18353271484375
 21
231.7141876220703
 31
-66.68426513671875
 12
366.359375
 22
227.02508544921875
 32
-75.30015563964844
 13
366.359375
 23
227.02508544921875
 33
-75.30015563964844
  0
3DFACE
  8
0
1001
WEBCAD
1000
S3D3
 10
331.6424255371094
 20
221.87722778320312
 30
-80.62506866455078
 11
335.0849914550781
 21
223.24887084960938
 31
-80.62506866455078
 12
339.6697082519531
 22
206.73614501953125
 32
-82.42628479003906
 13
339.6697082519531
 23
206.73614501953125
 33
-82.42628479003906
  0
3DFACE
  8
0
1001
WEBCAD
1000
S3D3
 10
399.4922790527344
 20
219.90408325195312
 30
-55.15394973754883
 11
387.83465576171875
 21
211.97439575195312
 31
-66.68426513671875
 12
385.58251953125
 22
222.20596313476562
 32
-66.68426513671875
 13
385.58251953125
 23
222.20596313476562
 33
-66.68426513671875
  0
3DFACE
  8
0
1001
WEBCAD
1000
S3D3
 10
399.4922790527344
 20
219.90408325195312
 30
-55.15394973754883
 11
400.92437744140625
 21
206.73614501953125
 31
-55.15394973754883
 12
387.83465576171875
 22
211.97439575195312
 32
-66.68426513671875
 13
387.83465576171875
 23
211.97439575195312
 33
-66.68426513671875
  0
3DFACE
  8
0
1001
WEBCAD
1000
S3D3
 10
341.4847717285156
 20
240.21275329589844
 30
-75.30015563964844
 11
342.4422302246094
 21
223.64776611328125
 31
-80.62506866455078
 12
338.7419128417969
 22
223.848388671875
 32
-80.62506866455078
 13
338.7419128417969
 23
223.848388671875
 33
-80.62506866455078
  0
3DFACE
  8
0
1001
WEBCAD
1000
S3D3
 10
341.4847717285156
 20
240.21275329589844
 30
-75.30015563964844
 11
348.6388244628906
 21
239.0399169921875
 31
-75.30015563964844
 12
342.4422302246094
 22
223.64776611328125
 32
-80.62506866455078
 13
342.4422302246094
 23
223.64776611328125
 33
-80.62506866455078
  0
3DFACE
  8
0
1001
WEBCAD
1000
S3D3
 10
366.858642578125
 20
246.83680725097656
 30
-66.68426513671875
 11
361.37384033203125
 21
232.28822326660156
 31
-75.30015563964844
 12
355.37347412109375
 22
236.35658264160156
 32
-75.30015563964844
 13
355.37347412109375
 23
236.35658264160156
 33
-75.30015563964844
  0
3DFACE
  8
0
1001
WEBCAD
1000
S3D3
 10
366.858642578125
 20
246.83680725097656
 30
-66.68426513671875
 11
374.84344482421875
 21
240.05445861816406
 31
-66.68426513671875
 12
361.37384033203125
 22
232.28822326660156
 32
-75.30015563964844
 13
361.37384033203125
 23
232.28822326660156
 33
-75.30015563964844
  0
3DFACE
  8
0
1001
WEBCAD
1000
S3D3
 10
328.5751953125
 20
219.797607421875
 30
-80.62506866455078
 11
331.6424255371094
 21
221.87722778320312
 31
-80.62506866455078
 12
339.6697082519531
 22
206.73614501953125
 32
-82.42628479003906
 13
339.6697082519531
 23
206.73614501953125
 33
-82.42628479003906
  0
3DFACE
  8
0
1001
WEBCAD
1000
S3D3
 10
395.262939453125
 20
232.456298828125
 30
-55.15394973754883
 11
385.58251953125
 21
222.20596313476562
 31
-66.68426513671875
 12
381.18353271484375
 22
231.7141876220703
 32
-66.68426513671875
 13
381.18353271484375
 23
231.7141876220703
 33
-66.68426513671875
  0
3DFACE
  8
0
1001
WEBCAD
1000
S3D3
 10
395.262939453125
 20
232.456298828125
 30
-55.15394973754883
 11
399.4922790527344
 21
219.90408325195312
 31
-55.15394973754883
 12
385.58251953125
 22
222.20596313476562
 32
-66.68426513671875
 13
385.58251953125
 23
222.20596313476562
 33
-66.68426513671875
  0
3DFACE
  8
0
1001
WEBCAD
1000
S3D3
 10
334.245849609375
 20
239.82028198242188
 30
-75.30015563964844
 11
338.7419128417969
 21
223.848388671875
 31
-80.62506866455078
 12
335.0849914550781
 22
223.24887084960938
 32
-80.62506866455078
 13
335.0849914550781
 23
223.24887084960938
 33
-80.62506866455078
  0
3DFACE
  8
0
1001
WEBCAD
1000
S3D3
 10
334.245849609375
 20
239.82028198242188
 30
-75.30015563964844
 11
341.4847717285156
 21
240.21275329589844
 31
-75.30015563964844
 12
338.7419128417969
 22
223.848388671875
 32
-80.62506866455078
 13
338.7419128417969
 23
223.848388671875
 33
-80.62506866455078
  0
3DFACE
  8
0
1001
WEBCAD
1000
S3D3
 10
357.6025085449219
 20
251.7440948486328
 30
-66.68426513671875
 11
366.858642578125
 21
246.83680725097656
 31
-66.68426513671875
 12
355.37347412109375
 22
236.35658264160156
 32
-75.30015563964844
 13
355.37347412109375
 23
236.35658264160156
 33
-75.30015563964844
  0
3DFACE
  8
0
1001
WEBCAD
1000
S3D3
 10
357.6025085449219
 20
251.7440948486328
 30
-66.68426513671875
 11
355.37347412109375
 21
236.35658264160156
 31
-75.30015563964844
 12
348.6388244628906
 22
239.0399169921875
 32
-75.30015563964844
 13
348.6388244628906
 23
239.0399169921875
 33
-75.30015563964844
  0
3DFACE
  8
0
1001
WEBCAD
1000
S3D3
 10
326.0267639160156
 20
217.10723876953125
 30
-80.62506866455078
 11
328.5751953125
 21
219.797607421875
 31
-80.62506866455078
 12
339.6697082519531
 22
206.73614501953125
 32
-82.42628479003906
 13
339.6697082519531
 23
206.73614501953125
 33
-82.42628479003906
  0
3DFACE
  8
0
1001
WEBCAD
1000
S3D3
 10
388.4341125488281
 20
243.80587768554688
 30
-55.15394973754883
 11
381.18353271484375
 21
231.7141876220703
 31
-66.68426513671875
 12
374.84344482421875
 22
240.05445861816406
 32
-66.68426513671875
 13
374.84344482421875
 23
240.05445861816406
 33
-66.68426513671875
  0
3DFACE
  8
0
1001
WEBCAD
1000
S3D3
 10
388.4341125488281
 20
243.80587768554688
 30
-55.15394973754883
 11
395.262939453125
 21
232.456298828125
 31
-55.15394973754883
 12
381.18353271484375
 22
231.7141876220703
 32
-66.68426513671875
 13
381.18353271484375
 23
231.7141876220703
 33
-66.68426513671875
  0
3DFACE
  8
0
1001
WEBCAD
1000
S3D3
 10
327.2605285644531
 20
237.8808135986328
 30
-75.30015563964844
 11
335.0849914550781
 21
223.24887084960938
 31
-80.62506866455078
 12
331.6424255371094
 22
221.87722778320312
 32
-80.62506866455078
 13
331.6424255371094
 23
221.87722778320312
 33
-80.62506866455078
  0
3DFACE
  8
0
1001
WEBCAD
1000
S3D3
 10
327.2605285644531
 20
237.8808135986328
 30
-75.30015563964844
 11
334.245849609375
 21
239.82028198242188
 31
-75.30015563964844
 12
335.0849914550781
 22
223.24887084960938
 32
-80.62506866455078
 13
335.0849914550781
 23
223.24887084960938
 33
-80.62506866455078
  0
3DFACE
  8
0
1001
WEBCAD
1000
S3D3
 10
410.634521484375
 20
214.4540252685547
 30
-41.21314239501953
 11
411.052978515625
 21
206.73614501953125
 31
-41.21314239501953
 12
400.92437744140625
 22
206.73614501953125
 32
-55.15394973754883
 13
400.92437744140625
 23
206.73614501953125
 33
-55.15394973754883
  0
3DFACE
  8
0
1001
WEBCAD
1000
S3D3
 10
410.634521484375
 20
214.4540252685547
 30
-41.21314239501953
 11
418.061767578125
 21
206.73614501953125
 31
-25.47112274169922
 12
411.052978515625
 22
206.73614501953125
 32
-41.21314239501953
 13
411.052978515625
 23
206.73614501953125
 33
-41.21314239501953
  0
3DFACE
  8
0
1001
WEBCAD
1000
S3D3
 10
410.634521484375
 20
214.4540252685547
 30
-41.21314239501953
 11
400.92437744140625
 21
206.73614501953125
 31
-55.15394973754883
 12
399.4922790527344
 22
219.90408325195312
 32
-55.15394973754883
 13
399.4922790527344
 23
219.90408325195312
 33
-55.15394973754883
  0
3DFACE
  8
0
1001
WEBCAD
1000
S3D3
 10
347.50787353515625
 20
254.54684448242188
 30
-66.68426513671875
 11
348.6388244628906
 21
239.0399169921875
 31
-75.30015563964844
 12
341.4847717285156
 22
240.21275329589844
 32
-75.30015563964844
 13
341.4847717285156
 23
240.21275329589844
 33
-75.30015563964844
  0
3DFACE
  8
0
1001
WEBCAD
1000
S3D3
 10
347.50787353515625
 20
254.54684448242188
 30
-66.68426513671875
 11
357.6025085449219
 21
251.7440948486328
 31
-66.68426513671875
 12
348.6388244628906
 22
239.0399169921875
 32
-75.30015563964844
 13
348.6388244628906
 23
239.0399169921875
 33
-75.30015563964844
  0
3DFACE
  8
0
1001
WEBCAD
1000
S3D3
 10
324.1162414550781
 20
213.93194580078125
 30
-80.62506866455078
 11
326.0267639160156
 21
217.10723876953125
 31
-80.62506866455078
 12
339.6697082519531
 22
206.73614501953125
 32
-82.42628479003906
 13
339.6697082519531
 23
206.73614501953125
 33
-82.42628479003906
  0
3DFACE
  8
0
1001
WEBCAD
1000
S3D3
 10
379.32513427734375
 20
253.422119140625
 30
-55.15394973754883
 11
388.4341125488281
 21
243.80587768554688
 31
-55.15394973754883
 12
374.84344482421875
 22
240.05445861816406
 32
-66.68426513671875
 13
374.84344482421875
 23
240.05445861816406
 33
-66.68426513671875
  0
3DFACE
  8
0
1001
WEBCAD
1000
S3D3
 10
379.32513427734375
 20
253.422119140625
 30
-55.15394973754883
 11
374.84344482421875
 21
240.05445861816406
 31
-66.68426513671875
 12
366.858642578125
 22
246.83680725097656
 32
-66.68426513671875
 13
366.858642578125
 23
246.83680725097656
 33
-66.68426513671875
  0
3DFACE
  8
0
1001
WEBCAD
1000
S3D3
 10
320.85546875
 20
234.4850616455078
 30
-75.30015563964844
 11
331.6424255371094
 21
221.87722778320312
 31
-80.62506866455078
 12
328.5751953125
 22
219.797607421875
 32
-80.62506866455078
 13
328.5751953125
 23
219.797607421875
 33
-80.62506866455078
  0
3DFACE
  8
0
1001
WEBCAD
1000
S3D3
 10
320.85546875
 20
234.4850616455078
 30
-75.30015563964844
 11
327.2605285644531
 21
237.8808135986328
 31
-75.30015563964844
 12
331.6424255371094
 22
221.87722778320312
 32
-80.62506866455078
 13
331.6424255371094
 23
221.87722778320312
 33
-80.62506866455078
  0
3DFACE
  8
0
1001
WEBCAD
1000
S3D3
 10
407.3162841796875
 20
229.52891540527344
 30
-41.21314239501953
 11
399.4922790527344
 21
219.90408325195312
 31
-55.15394973754883
 12
395.262939453125
 22
232.456298828125
 32
-55.15394973754883
 13
395.262939453125
 23
232.456298828125
 33
-55.15394973754883
  0
3DFACE
  8
0
1001
WEBCAD
1000
S3D3
 10
407.3162841796875
 20
229.52891540527344
 30
-41.21314239501953
 11
410.634521484375
 21
214.4540252685547
 31
-41.21314239501953
 12
399.4922790527344
 22
219.90408325195312
 32
-55.15394973754883
 13
399.4922790527344
 23
219.90408325195312
 33
-55.15394973754883
  0
3DFACE
  8
0
1001
WEBCAD
1000
S3D3
 10
337.0467529296875
 20
255.11404418945312
 30
-66.68426513671875
 11
347.50787353515625
 21
254.54684448242188
 31
-66.68426513671875
 12
341.4847717285156
 22
240.21275329589844
 32
-75.30015563964844
 13
341.4847717285156
 23
240.21275329589844
 33
-75.30015563964844
  0
3DFACE
  8
0
1001
WEBCAD
1000
S3D3
 10
337.0467529296875
 20
255.11404418945312
 30
-66.68426513671875
 11
341.4847717285156
 21
240.21275329589844
 31
-75.30015563964844
 12
334.245849609375
 22
239.82028198242188
 32
-75.30015563964844
 13
334.245849609375
 23
239.82028198242188
 33
-75.30015563964844
  0
3DFACE
  8
0
1001
WEBCAD
1000
S3D3
 10
322.9329833984375
 20
210.420166015625
 30
-80.62506866455078
 11
324.1162414550781
 21
213.93194580078125
 31
-80.62506866455078
 12
339.6697082519531
 22
206.73614501953125
 32
-82.42628479003906
 13
339.6697082519531
 23
206.73614501953125
 33
-82.42628479003906
  0
3DFACE
  8
0
1001
WEBCAD
1000
S3D3
 10
368.3619079589844
 20
260.8553771972656
 30
-55.15394973754883
 11
366.858642578125
 21
246.83680725097656
 31
-66.68426513671875
 12
357.6025085449219
 22
251.7440948486328
 32
-66.68426513671875
 13
357.6025085449219
 23
251.7440948486328
 33
-66.68426513671875
  0
3DFACE
  8
0
1001
WEBCAD
1000
S3D3
 10
368.3619079589844
 20
260.8553771972656
 30
-55.15394973754883
 11
379.32513427734375
 21
253.422119140625
 31
-55.15394973754883
 12
366.858642578125
 22
246.83680725097656
 32
-66.68426513671875
 13
366.858642578125
 23
246.83680725097656
 33
-66.68426513671875
  0
3DFACE
  8
0
1001
WEBCAD
1000
S3D3
 10
315.33013916015625
 20
229.79180908203125
 30
-75.30015563964844
 11
328.5751953125
 21
219.797607421875
 31
-80.62506866455078
 12
326.0267639160156
 22
217.10723876953125
 32
-80.62506866455078
 13
326.0267639160156
 23
217.10723876953125
 33
-80.62506866455078
  0
3DFACE
  8
0
1001
WEBCAD
1000
S3D3
 10
315.33013916015625
 20
229.79180908203125
 30
-75.30015563964844
 11
320.85546875
 21
234.4850616455078
 31
-75.30015563964844
 12
328.5751953125
 22
219.797607421875
 32
-80.62506866455078
 13
328.5751953125
 23
219.797607421875
 33
-80.62506866455078
  0
3DFACE
  8
0
1001
WEBCAD
1000
S3D3
 10
400.8349609375
 20
243.53805541992188
 30
-41.21314239501953
 11
395.262939453125
 21
232.456298828125
 31
-55.15394973754883
 12
388.4341125488281
 22
243.80587768554688
 32
-55.15394973754883
 13
388.4341125488281
 23
243.80587768554688
 33
-55.15394973754883
  0
3DFACE
  8
0
1001
WEBCAD
1000
S3D3
 10
400.8349609375
 20
243.53805541992188
 30
-41.21314239501953
 11
407.3162841796875
 21
229.52891540527344
 31
-41.21314239501953
 12
395.262939453125
 22
232.456298828125
 32
-55.15394973754883
 13
395.262939453125
 23
232.456298828125
 33
-55.15394973754883
  0
3DFACE
  8
0
1001
WEBCAD
1000
S3D3
 10
326.708251953125
 20
253.41912841796875
 30
-66.68426513671875
 11
337.0467529296875
 21
255.11404418945312
 31
-66.68426513671875
 12
334.245849609375
 22
239.82028198242188
 32
-75.30015563964844
 13
334.245849609375
 23
239.82028198242188
 33
-75.30015563964844
  0
3DFACE
  8
0
1001
WEBCAD
1000
S3D3
 10
326.708251953125
 20
253.41912841796875
 30
-66.68426513671875
 11
334.245849609375
 21
239.82028198242188
 31
-75.30015563964844
 12
327.2605285644531
 22
237.8808135986328
 32
-75.30015563964844
 13
327.2605285644531
 23
237.8808135986328
 33
-75.30015563964844
  0
3DFACE
  8
0
1001
WEBCAD
1000
S3D3
 10
322.5323181152344
 20
206.73614501953125
 30
-80.62506866455078
 11
339.6697082519531
 21
206.73614501953125
 31
-82.42628479003906
 12
339.6697082519531
 22
206.73614501953125
 32
-82.42628479003906
 13
339.6697082519531
 23
206.73614501953125
 33
-82.42628479003906
  0
3DFACE
  8
0
1001
WEBCAD
1000
S3D3
 10
322.5323181152344
 20
206.73614501953125
 30
-80.62506866455078
 11
322.9329833984375
 21
210.420166015625
 31
-80.62506866455078
 12
339.6697082519531
 22
206.73614501953125
 32
-82.42628479003906
 13
339.6697082519531
 23
206.73614501953125
 33
-82.42628479003906
  0
3DFACE
  8
0
1001
WEBCAD
1000
S3D3
 10
356.05706787109375
 20
265.758056640625
 30
-55.15394973754883
 11
357.6025085449219
 21
251.7440948486328
 31
-66.68426513671875
 12
347.50787353515625
 22
254.54684448242188
 32
-66.68426513671875
 13
347.50787353515625
 23
254.54684448242188
 33
-66.68426513671875
  0
3DFACE
  8
0
1001
WEBCAD
1000
S3D3
 10
356.05706787109375
 20
265.758056640625
 30
-55.15394973754883
 11
368.3619079589844
 21
260.8553771972656
 31
-55.15394973754883
 12
357.6025085449219
 22
251.7440948486328
 32
-66.68426513671875
 13
357.6025085449219
 23
251.7440948486328
 33
-66.68426513671875
  0
3DFACE
  8
0
1001
WEBCAD
1000
S3D3
 10
310.9429016113281
 20
224.02049255371094
 30
-75.30015563964844
 11
315.33013916015625
 21
229.79180908203125
 31
-75.30015563964844
 12
326.0267639160156
 22
217.10723876953125
 32
-80.62506866455078
 13
326.0267639160156
 23
217.10723876953125
 33
-80.62506866455078
  0
3DFACE
  8
0
1001
WEBCAD
1000
S3D3
 10
310.9429016113281
 20
224.02049255371094
 30
-75.30015563964844
 11
326.0267639160156
 21
217.10723876953125
 31
-80.62506866455078
 12
324.1162414550781
 22
213.93194580078125
 32
-80.62506866455078
 13
324.1162414550781
 23
213.93194580078125
 33
-80.62506866455078
  0
3DFACE
  8
0
1001
WEBCAD
1000
S3D3
 10
391.4936218261719
 20
255.8263702392578
 30
-41.21314239501953
 11
388.4341125488281
 21
243.80587768554688
 31
-55.15394973754883
 12
379.32513427734375
 22
253.422119140625
 32
-55.15394973754883
 13
379.32513427734375
 23
253.422119140625
 33
-55.15394973754883
  0
3DFACE
  8
0
1001
WEBCAD
1000
S3D3
 10
391.4936218261719
 20
255.8263702392578
 30
-41.21314239501953
 11
400.8349609375
 21
243.53805541992188
 31
-41.21314239501953
 12
388.4341125488281
 22
243.80587768554688
 32
-55.15394973754883
 13
388.4341125488281
 23
243.80587768554688
 33
-55.15394973754883
  0
3DFACE
  8
0
1001
WEBCAD
1000
S3D3
 10
316.975830078125
 20
249.54136657714844
 30
-66.68426513671875
 11
327.2605285644531
 21
237.8808135986328
 31
-75.30015563964844
 12
320.85546875
 22
234.4850616455078
 32
-75.30015563964844
 13
320.85546875
 23
234.4850616455078
 33
-75.30015563964844
  0
3DFACE
  8
0
1001
WEBCAD
1000
S3D3
 10
316.975830078125
 20
249.54136657714844
 30
-66.68426513671875
 11
326.708251953125
 21
253.41912841796875
 31
-66.68426513671875
 12
327.2605285644531
 22
237.8808135986328
 32
-75.30015563964844
 13
327.2605285644531
 23
237.8808135986328
 33
-75.30015563964844
  0
3DFACE
  8
0
1001
WEBCAD
1000
S3D3
 10
322.9329833984375
 20
203.05210876464844
 30
-80.62506866455078
 11
322.5323181152344
 21
206.73614501953125
 31
-80.62506866455078
 12
339.6697082519531
 22
206.73614501953125
 32
-82.42628479003906
 13
339.6697082519531
 23
206.73614501953125
 33
-82.42628479003906
  0
3DFACE
  8
0
1001
WEBCAD
1000
S3D3
 10
416.22900390625
 20
223.58811950683594
 30
-25.47112274169922
 11
418.061767578125
 21
206.73614501953125
 31
-25.47112274169922
 12
410.634521484375
 22
214.4540252685547
 32
-41.21314239501953
 13
410.634521484375
 23
214.4540252685547
 33
-41.21314239501953
  0
3DFACE
  8
0
1001
WEBCAD
1000
S3D3
 10
416.22900390625
 20
223.58811950683594
 30
-25.47112274169922
 11
410.634521484375
 21
214.4540252685547
 31
-41.21314239501953
 12
407.3162841796875
 22
229.52891540527344
 32
-41.21314239501953
 13
407.3162841796875
 23
229.52891540527344
 33
-41.21314239501953
  0
3DFACE
  8
0
1001
WEBCAD
1000
S3D3
 10
342.9859619140625
 20
267.9009704589844
 30
-55.15394973754883
 11
347.50787353515625
 21
254.54684448242188
 31
-66.68426513671875
 12
337.0467529296875
 22
255.11404418945312
 32
-66.68426513671875
 13
337.0467529296875
 23
255.11404418945312
 33
-66.68426513671875
  0
3DFACE
  8
0
1001
WEBCAD
1000
S3D3
 10
342.9859619140625
 20
267.9009704589844
 30
-55.15394973754883
 11
356.05706787109375
 21
265.758056640625
 31
-55.15394973754883
 12
347.50787353515625
 22
254.54684448242188
 32
-66.68426513671875
 13
347.50787353515625
 23
254.54684448242188
 33
-66.68426513671875
  0
3DFACE
  8
0
1001
WEBCAD
1000
S3D3
 10
307.8988952636719
 20
217.44097900390625
 30
-75.30015563964844
 11
324.1162414550781
 21
213.93194580078125
 31
-80.62506866455078
 12
322.9329833984375
 22
210.420166015625
 32
-80.62506866455078
 13
322.9329833984375
 23
210.420166015625
 33
-80.62506866455078
  0
3DFACE
  8
0
1001
WEBCAD
1000
S3D3
 10
307.8988952636719
 20
217.44097900390625
 30
-75.30015563964844
 11
310.9429016113281
 21
224.02049255371094
 31
-75.30015563964844
 12
324.1162414550781
 22
213.93194580078125
 32
-80.62506866455078
 13
324.1162414550781
 23
213.93194580078125
 33
-80.62506866455078
  0
3DFACE
  8
0
1001
WEBCAD
1000
S3D3
 10
379.72906494140625
 20
265.81927490234375
 30
-41.21314239501953
 11
391.4936218261719
 21
255.8263702392578
 31
-41.21314239501953
 12
379.32513427734375
 22
253.422119140625
 32
-55.15394973754883
 13
379.32513427734375
 23
253.422119140625
 33
-55.15394973754883
  0
3DFACE
  8
0
1001
WEBCAD
1000
S3D3
 10
379.72906494140625
 20
265.81927490234375
 30
-41.21314239501953
 11
379.32513427734375
 21
253.422119140625
 31
-55.15394973754883
 12
368.3619079589844
 22
260.8553771972656
 32
-55.15394973754883
 13
368.3619079589844
 23
260.8553771972656
 33
-55.15394973754883
  0
3DFACE
  8
0
1001
WEBCAD
1000
S3D3
 10
308.3045349121094
 20
243.66209411621094
 30
-66.68426513671875
 11
320.85546875
 21
234.4850616455078
 31
-75.30015563964844
 12
315.33013916015625
 22
229.79180908203125
 32
-75.30015563964844
 13
315.33013916015625
 23
229.79180908203125
 33
-75.30015563964844
  0
3DFACE
  8
0
1001
WEBCAD
1000
S3D3
 10
308.3045349121094
 20
243.66209411621094
 30
-66.68426513671875
 11
316.975830078125
 21
249.54136657714844
 31
-66.68426513671875
 12
320.85546875
 22
234.4850616455078
 32
-75.30015563964844
 13
320.85546875
 23
234.4850616455078
 33
-75.30015563964844
  0
3DFACE
  8
0
1001
WEBCAD
1000
S3D3
 10
324.1162414550781
 20
199.54034423828125
 30
-80.62506866455078
 11
322.9329833984375
 21
203.05210876464844
 31
-80.62506866455078
 12
339.6697082519531
 22
206.73614501953125
 32
-82.42628479003906
 13
339.6697082519531
 23
206.73614501953125
 33
-82.42628479003906
  0
3DFACE
  8
0
1001
WEBCAD
1000
S3D3
 10
410.81640625
 20
239.65211486816406
 30
-25.47112274169922
 11
416.22900390625
 21
223.58811950683594
 31
-25.47112274169922
 12
407.3162841796875
 22
229.52891540527344
 32
-41.21314239501953
 13
407.3162841796875
 23
229.52891540527344
 33
-41.21314239501953
  0
3DFACE
  8
0
1001
WEBCAD
1000
S3D3
 10
410.81640625
 20
239.65211486816406
 30
-25.47112274169922
 11
407.3162841796875
 21
229.52891540527344
 31
-41.21314239501953
 12
400.8349609375
 22
243.53805541992188
 32
-41.21314239501953
 13
400.8349609375
 23
243.53805541992188
 33
-41.21314239501953
  0
3DFACE
  8
0
1001
WEBCAD
1000
S3D3
 10
329.75982666015625
 20
267.1838684082031
 30
-55.15394973754883
 11
342.9859619140625
 21
267.9009704589844
 31
-55.15394973754883
 12
337.0467529296875
 22
255.11404418945312
 32
-66.68426513671875
 13
337.0467529296875
 23
255.11404418945312
 33
-66.68426513671875
  0
3DFACE
  8
0
1001
WEBCAD
1000
S3D3
 10
329.75982666015625
 20
267.1838684082031
 30
-55.15394973754883
 11
337.0467529296875
 21
255.11404418945312
 31
-66.68426513671875
 12
326.708251953125
 22
253.41912841796875
 32
-66.68426513671875
 13
326.708251953125
 23
253.41912841796875
 33
-66.68426513671875
  0
3DFACE
  8
0
1001
WEBCAD
1000
S3D3
 10
306.3404541015625
 20
210.3609161376953
 30
-75.30015563964844
 11
307.8988952636719
 21
217.44097900390625
 31
-75.30015563964844
 12
322.9329833984375
 22
210.420166015625
 32
-80.62506866455078
 13
322.9329833984375
 23
210.420166015625
 33
-80.62506866455078
  0
3DFACE
  8
0
1001
WEBCAD
1000
S3D3
 10
306.3404541015625
 20
210.3609161376953
 30
-75.30015563964844
 11
322.9329833984375
 21
210.420166015625
 31
-80.62506866455078
 12
322.5323181152344
 22
206.73614501953125
 32
-80.62506866455078
 13
322.5323181152344
 23
206.73614501953125
 33
-80.62506866455078
  0
3DFACE
  8
0
1001
WEBCAD
1000
S3D3
 10
366.09136962890625
 20
273.0495300292969
 30
-41.21314239501953
 11
379.72906494140625
 21
265.81927490234375
 31
-41.21314239501953
 12
368.3619079589844
 22
260.8553771972656
 32
-55.15394973754883
 13
368.3619079589844
 23
260.8553771972656
 33
-55.15394973754883
  0
3DFACE
  8
0
1001
WEBCAD
1000
S3D3
 10
366.09136962890625
 20
273.0495300292969
 30
-41.21314239501953
 11
368.3619079589844
 21
260.8553771972656
 31
-55.15394973754883
 12
356.05706787109375
 22
265.758056640625
 32
-55.15394973754883
 13
356.05706787109375
 23
265.758056640625
 33
-55.15394973754883
  0
3DFACE
  8
0
1001
WEBCAD
1000
S3D3
 10
301.0998229980469
 20
236.0561981201172
 30
-66.68426513671875
 11
308.3045349121094
 21
243.66209411621094
 31
-66.68426513671875
 12
315.33013916015625
 22
229.79180908203125
 32
-75.30015563964844
 13
315.33013916015625
 23
229.79180908203125
 33
-75.30015563964844
  0
3DFACE
  8
0
1001
WEBCAD
1000
S3D3
 10
301.0998229980469
 20
236.0561981201172
 30
-66.68426513671875
 11
315.33013916015625
 21
229.79180908203125
 31
-75.30015563964844
 12
310.9429016113281
 22
224.02049255371094
 32
-75.30015563964844
 13
310.9429016113281
 23
224.02049255371094
 33
-75.30015563964844
  0
3DFACE
  8
0
1001
WEBCAD
1000
S3D3
 10
326.0267639160156
 20
196.3650360107422
 30
-80.62506866455078
 11
324.1162414550781
 21
199.54034423828125
 31
-80.62506866455078
 12
339.6697082519531
 22
206.73614501953125
 32
-82.42628479003906
 13
339.6697082519531
 23
206.73614501953125
 33
-82.42628479003906
  0
3DFACE
  8
0
1001
WEBCAD
1000
S3D3
 10
402.07708740234375
 20
254.17698669433594
 30
-25.47112274169922
 11
410.81640625
 21
239.65211486816406
 31
-25.47112274169922
 12
400.8349609375
 22
243.53805541992188
 32
-41.21314239501953
 13
400.8349609375
 23
243.53805541992188
 33
-41.21314239501953
  0
3DFACE
  8
0
1001
WEBCAD
1000
S3D3
 10
402.07708740234375
 20
254.17698669433594
 30
-25.47112274169922
 11
400.8349609375
 21
243.53805541992188
 31
-41.21314239501953
 12
391.4936218261719
 22
255.8263702392578
 32
-41.21314239501953
 13
391.4936218261719
 23
255.8263702392578
 33
-41.21314239501953
  0
3DFACE
  8
0
1001
WEBCAD
1000
S3D3
 10
316.9970397949219
 20
263.6402893066406
 30
-55.15394973754883
 11
326.708251953125
 21
253.41912841796875
 31
-66.68426513671875
 12
316.975830078125
 22
249.54136657714844
 32
-66.68426513671875
 13
316.975830078125
 23
249.54136657714844
 33
-66.68426513671875
  0
3DFACE
  8
0
1001
WEBCAD
1000
S3D3
 10
316.9970397949219
 20
263.6402893066406
 30
-55.15394973754883
 11
329.75982666015625
 21
267.1838684082031
 31
-55.15394973754883
 12
326.708251953125
 22
253.41912841796875
 32
-66.68426513671875
 13
326.708251953125
 23
253.41912841796875
 33
-66.68426513671875
  0
3DFACE
  8
0
1001
WEBCAD
1000
S3D3
 10
306.3404541015625
 20
203.11135864257812
 30
-75.30015563964844
 11
322.5323181152344
 21
206.73614501953125
 31
-80.62506866455078
 12
322.9329833984375
 22
203.05210876464844
 32
-80.62506866455078
 13
322.9329833984375
 23
203.05210876464844
 33
-80.62506866455078
  0
3DFACE
  8
0
1001
WEBCAD
1000
S3D3
 10
306.3404541015625
 20
203.11135864257812
 30
-75.30015563964844
 11
306.3404541015625
 21
210.3609161376953
 31
-75.30015563964844
 12
322.5323181152344
 22
206.73614501953125
 32
-80.62506866455078
 13
322.5323181152344
 23
206.73614501953125
 33
-80.62506866455078
  0
3DFACE
  8
0
1001
WEBCAD
1000
S3D3
 10
421.1639099121094
 20
215.5991668701172
 30
-8.61589241027832
 11
421.64447021484375
 21
206.73614501953125
 31
-8.61589241027832
 12
418.061767578125
 22
206.73614501953125
 32
-25.47112274169922
 13
418.061767578125
 23
206.73614501953125
 33
-25.47112274169922
  0
3DFACE
  8
0
1001
WEBCAD
1000
S3D3
 10
421.1639099121094
 20
215.5991668701172
 30
-8.61589241027832
 11
421.64447021484375
 21
206.73614501953125
 31
8.61589241027832
 12
421.64447021484375
 22
206.73614501953125
 32
-8.61589241027832
 13
421.64447021484375
 23
206.73614501953125
 33
-8.61589241027832
  0
3DFACE
  8
0
1001
WEBCAD
1000
S3D3
 10
421.1639099121094
 20
215.5991668701172
 30
-8.61589241027832
 11
418.061767578125
 21
206.73614501953125
 31
-25.47112274169922
 12
416.22900390625
 22
223.58811950683594
 32
-25.47112274169922
 13
416.22900390625
 23
223.58811950683594
 33
-25.47112274169922
  0
3DFACE
  8
0
1001
WEBCAD
1000
S3D3
 10
351.2182312011719
 20
277.17901611328125
 30
-41.21314239501953
 11
356.05706787109375
 21
265.758056640625
 31
-55.15394973754883
 12
342.9859619140625
 22
267.9009704589844
 32
-55.15394973754883
 13
342.9859619140625
 23
267.9009704589844
 33
-55.15394973754883
  0
3DFACE
  8
0
1001
WEBCAD
1000
S3D3
 10
351.2182312011719
 20
277.17901611328125
 30
-41.21314239501953
 11
366.09136962890625
 21
273.0495300292969
 31
-41.21314239501953
 12
356.05706787109375
 22
265.758056640625
 32
-55.15394973754883
 13
356.05706787109375
 23
265.758056640625
 33
-55.15394973754883
  0
3DFACE
  8
0
1001
WEBCAD
1000
S3D3
 10
295.6986389160156
 20
227.07933044433594
 30
-66.68426513671875
 11
310.9429016113281
 21
224.02049255371094
 31
-75.30015563964844
 12
307.8988952636719
 22
217.44097900390625
 32
-75.30015563964844
 13
307.8988952636719
 23
217.44097900390625
 33
-75.30015563964844
  0
3DFACE
  8
0
1001
WEBCAD
1000
S3D3
 10
295.6986389160156
 20
227.07933044433594
 30
-66.68426513671875
 11
301.0998229980469
 21
236.0561981201172
 31
-66.68426513671875
 12
310.9429016113281
 22
224.02049255371094
 32
-75.30015563964844
 13
310.9429016113281
 23
224.02049255371094
 33
-75.30015563964844
  0
3DFACE
  8
0
1001
WEBCAD
1000
S3D3
 10
328.5751953125
 20
193.67466735839844
 30
-80.62506866455078
 11
326.0267639160156
 21
196.3650360107422
 31
-80.62506866455078
 12
339.6697082519531
 22
206.73614501953125
 32
-82.42628479003906
 13
339.6697082519531
 23
206.73614501953125
 33
-82.42628479003906
  0
3DFACE
  8
0
1001
WEBCAD
1000
S3D3
 10
390.4196472167969
 20
266.48358154296875
 30
-25.47112274169922
 11
402.07708740234375
 21
254.17698669433594
 31
-25.47112274169922
 12
391.4936218261719
 22
255.8263702392578
 32
-41.21314239501953
 13
391.4936218261719
 23
255.8263702392578
 33
-41.21314239501953
  0
3DFACE
  8
0
1001
WEBCAD
1000
S3D3
 10
390.4196472167969
 20
266.48358154296875
 30
-25.47112274169922
 11
391.4936218261719
 21
255.8263702392578
 31
-41.21314239501953
 12
379.72906494140625
 22
265.81927490234375
 32
-41.21314239501953
 13
379.72906494140625
 23
265.81927490234375
 33
-41.21314239501953
  0
3DFACE
  8
0
1001
WEBCAD
1000
S3D3
 10
305.2944030761719
 20
257.4359436035156
 30
-55.15394973754883
 11
316.975830078125
 21
249.54136657714844
 31
-66.68426513671875
 12
308.3045349121094
 22
243.66209411621094
 32
-66.68426513671875
 13
308.3045349121094
 23
243.66209411621094
 33
-66.68426513671875
  0
3DFACE
  8
0
1001
WEBCAD
1000
S3D3
 10
305.2944030761719
 20
257.4359436035156
 30
-55.15394973754883
 11
316.9970397949219
 21
263.6402893066406
 31
-55.15394973754883
 12
316.975830078125
 22
249.54136657714844
 32
-66.68426513671875
 13
316.975830078125
 23
249.54136657714844
 33
-66.68426513671875
  0
3DFACE
  8
0
1001
WEBCAD
1000
S3D3
 10
307.8988952636719
 20
196.03131103515625
 30
-75.30015563964844
 11
322.9329833984375
 21
203.05210876464844
 31
-80.62506866455078
 12
324.1162414550781
 22
199.54034423828125
 32
-80.62506866455078
 13
324.1162414550781
 23
199.54034423828125
 33
-80.62506866455078
  0
3DFACE
  8
0
1001
WEBCAD
1000
S3D3
 10
307.8988952636719
 20
196.03131103515625
 30
-75.30015563964844
 11
306.3404541015625
 21
203.11135864257812
 31
-75.30015563964844
 12
322.9329833984375
 22
203.05210876464844
 32
-80.62506866455078
 13
322.9329833984375
 23
203.05210876464844
 33
-80.62506866455078
  0
3DFACE
  8
0
1001
WEBCAD
1000
S3D3
 10
417.35333251953125
 20
232.91079711914062
 30
-8.61589241027832
 11
421.1639099121094
 21
215.5991668701172
 31
-8.61589241027832
 12
416.22900390625
 22
223.58811950683594
 32
-25.47112274169922
 13
416.22900390625
 23
223.58811950683594
 33
-25.47112274169922
  0
3DFACE
  8
0
1001
WEBCAD
1000
S3D3
 10
417.35333251953125
 20
232.91079711914062
 30
-8.61589241027832
 11
416.22900390625
 21
223.58811950683594
 31
-25.47112274169922
 12
410.81640625
 22
239.65211486816406
 32
-25.47112274169922
 13
410.81640625
 23
239.65211486816406
 33
-25.47112274169922
  0
3DFACE
  8
0
1001
WEBCAD
1000
S3D3
 10
335.80511474609375
 20
278.01470947265625
 30
-41.21314239501953
 11
351.2182312011719
 21
277.17901611328125
 31
-41.21314239501953
 12
342.9859619140625
 22
267.9009704589844
 32
-55.15394973754883
 13
342.9859619140625
 23
267.9009704589844
 33
-55.15394973754883
  0
3DFACE
  8
0
1001
WEBCAD
1000
S3D3
 10
335.80511474609375
 20
278.01470947265625
 30
-41.21314239501953
 11
342.9859619140625
 21
267.9009704589844
 31
-55.15394973754883
 12
329.75982666015625
 22
267.1838684082031
 32
-55.15394973754883
 13
329.75982666015625
 23
267.1838684082031
 33
-55.15394973754883
  0
3DFACE
  8
0
1001
WEBCAD
1000
S3D3
 10
292.3534851074219
 20
217.15122985839844
 30
-66.68426513671875
 11
295.6986389160156
 21
227.07933044433594
 31
-66.68426513671875
 12
307.8988952636719
 22
217.44097900390625
 32
-75.30015563964844
 13
307.8988952636719
 23
217.44097900390625
 33
-75.30015563964844
  0
3DFACE
  8
0
1001
WEBCAD
1000
S3D3
 10
292.3534851074219
 20
217.15122985839844
 30
-66.68426513671875
 11
307.8988952636719
 21
217.44097900390625
 31
-75.30015563964844
 12
306.3404541015625
 22
210.3609161376953
 32
-75.30015563964844
 13
306.3404541015625
 23
210.3609161376953
 33
-75.30015563964844
  0
3DFACE
  8
0
1001
WEBCAD
1000
S3D3
 10
331.6424255371094
 20
191.5950469970703
 30
-80.62506866455078
 11
328.5751953125
 21
193.67466735839844
 31
-80.62506866455078
 12
339.6697082519531
 22
206.73614501953125
 32
-82.42628479003906
 13
339.6697082519531
 23
206.73614501953125
 33
-82.42628479003906
  0
3DFACE
  8
0
1001
WEBCAD
1000
S3D3
 10
376.38922119140625
 20
275.9964599609375
 30
-25.47112274169922
 11
379.72906494140625
 21
265.81927490234375
 31
-41.21314239501953
 12
366.09136962890625
 22
273.0495300292969
 32
-41.21314239501953
 13
366.09136962890625
 23
273.0495300292969
 33
-41.21314239501953
  0
3DFACE
  8
0
1001
WEBCAD
1000
S3D3
 10
376.38922119140625
 20
275.9964599609375
 30
-25.47112274169922
 11
390.4196472167969
 21
266.48358154296875
 31
-25.47112274169922
 12
379.72906494140625
 22
265.81927490234375
 32
-41.21314239501953
 13
379.72906494140625
 23
265.81927490234375
 33
-41.21314239501953
  0
3DFACE
  8
0
1001
WEBCAD
1000
S3D3
 10
295.1990966796875
 20
248.86094665527344
 30
-55.15394973754883
 11
308.3045349121094
 21
243.66209411621094
 31
-66.68426513671875
 12
301.0998229980469
 22
236.0561981201172
 32
-66.68426513671875
 13
301.0998229980469
 23
236.0561981201172
 33
-66.68426513671875
  0
3DFACE
  8
0
1001
WEBCAD
1000
S3D3
 10
295.1990966796875
 20
248.86094665527344
 30
-55.15394973754883
 11
305.2944030761719
 21
257.4359436035156
 31
-55.15394973754883
 12
308.3045349121094
 22
243.66209411621094
 32
-66.68426513671875
 13
308.3045349121094
 23
243.66209411621094
 33
-66.68426513671875
  0
3DFACE
  8
0
1001
WEBCAD
1000
S3D3
 10
310.9429016113281
 20
189.4517822265625
 30
-75.30015563964844
 11
324.1162414550781
 21
199.54034423828125
 31
-80.62506866455078
 12
326.0267639160156
 22
196.3650360107422
 32
-80.62506866455078
 13
326.0267639160156
 23
196.3650360107422
 33
-80.62506866455078
  0
3DFACE
  8
0
1001
WEBCAD
1000
S3D3
 10
310.9429016113281
 20
189.4517822265625
 30
-75.30015563964844
 11
307.8988952636719
 21
196.03131103515625
 31
-75.30015563964844
 12
324.1162414550781
 22
199.54034423828125
 32
-80.62506866455078
 13
324.1162414550781
 23
199.54034423828125
 33
-80.62506866455078
  0
3DFACE
  8
0
1001
WEBCAD
1000
S3D3
 10
409.9103698730469
 20
248.99853515625
 30
-8.61589241027832
 11
410.81640625
 21
239.65211486816406
 31
-25.47112274169922
 12
402.07708740234375
 22
254.17698669433594
 32
-25.47112274169922
 13
402.07708740234375
 23
254.17698669433594
 33
-25.47112274169922
  0
3DFACE
  8
0
1001
WEBCAD
1000
S3D3
 10
409.9103698730469
 20
248.99853515625
 30
-8.61589241027832
 11
417.35333251953125
 21
232.91079711914062
 31
-8.61589241027832
 12
410.81640625
 22
239.65211486816406
 32
-25.47112274169922
 13
410.81640625
 23
239.65211486816406
 33
-25.47112274169922
  0
3DFACE
  8
0
1001
WEBCAD
1000
S3D3
 10
320.5726623535156
 20
275.5174865722656
 30
-41.21314239501953
 11
329.75982666015625
 21
267.1838684082031
 31
-55.15394973754883
 12
316.9970397949219
 22
263.6402893066406
 32
-55.15394973754883
 13
316.9970397949219
 23
263.6402893066406
 33
-55.15394973754883
  0
3DFACE
  8
0
1001
WEBCAD
1000
S3D3
 10
320.5726623535156
 20
275.5174865722656
 30
-41.21314239501953
 11
335.80511474609375
 21
278.01470947265625
 31
-41.21314239501953
 12
329.75982666015625
 22
267.1838684082031
 32
-55.15394973754883
 13
329.75982666015625
 23
267.1838684082031
 33
-55.15394973754883
  0
3DFACE
  8
0
1001
WEBCAD
1000
S3D3
 10
291.22076416015625
 20
206.73614501953125
 30
-66.68426513671875
 11
306.3404541015625
 21
210.3609161376953
 31
-75.30015563964844
 12
306.3404541015625
 22
203.11135864257812
 32
-75.30015563964844
 13
306.3404541015625
 23
203.11135864257812
 33
-75.30015563964844
  0
3DFACE
  8
0
1001
WEBCAD
1000
S3D3
 10
291.22076416015625
 20
206.73614501953125
 30
-66.68426513671875
 11
292.3534851074219
 21
217.15122985839844
 31
-66.68426513671875
 12
306.3404541015625
 22
210.3609161376953
 32
-75.30015563964844
 13
306.3404541015625
 23
210.3609161376953
 33
-75.30015563964844
  0
3DFACE
  8
0
1001
WEBCAD
1000
S3D3
 10
335.0849914550781
 20
190.22340393066406
 30
-80.62506866455078
 11
331.6424255371094
 21
191.5950469970703
 31
-80.62506866455078
 12
339.6697082519531
 22
206.73614501953125
 32
-82.42628479003906
 13
339.6697082519531
 23
206.73614501953125
 33
-82.42628479003906
  0
3DFACE
  8
0
1001
WEBCAD
1000
S3D3
 10
360.6418151855469
 20
282.27081298828125
 30
-25.47112274169922
 11
376.38922119140625
 21
275.9964599609375
 31
-25.47112274169922
 12
366.09136962890625
 22
273.0495300292969
 32
-41.21314239501953
 13
366.09136962890625
 23
273.0495300292969
 33
-41.21314239501953
  0
3DFACE
  8
0
1001
WEBCAD
1000
S3D3
 10
360.6418151855469
 20
282.27081298828125
 30
-25.47112274169922
 11
366.09136962890625
 21
273.0495300292969
 31
-41.21314239501953
 12
351.2182312011719
 22
277.17901611328125
 32
-41.21314239501953
 13
351.2182312011719
 23
277.17901611328125
 33
-41.21314239501953
  0
3DFACE
  8
0
1001
WEBCAD
1000
S3D3
 10
287.1832275390625
 20
238.31622314453125
 30
-55.15394973754883
 11
301.0998229980469
 21
236.0561981201172
 31
-66.68426513671875
 12
295.6986389160156
 22
227.07933044433594
 32
-66.68426513671875
 13
295.6986389160156
 23
227.07933044433594
 33
-66.68426513671875
  0
3DFACE
  8
0
1001
WEBCAD
1000
S3D3
 10
287.1832275390625
 20
238.31622314453125
 30
-55.15394973754883
 11
295.1990966796875
 21
248.86094665527344
 31
-55.15394973754883
 12
301.0998229980469
 22
236.0561981201172
 32
-66.68426513671875
 13
301.0998229980469
 23
236.0561981201172
 33
-66.68426513671875
  0
3DFACE
  8
0
1001
WEBCAD
1000
S3D3
 10
315.33013916015625
 20
183.6804656982422
 30
-75.30015563964844
 11
326.0267639160156
 21
196.3650360107422
 31
-80.62506866455078
 12
328.5751953125
 22
193.67466735839844
 32
-80.62506866455078
 13
328.5751953125
 23
193.67466735839844
 33
-80.62506866455078
  0
3DFACE
  8
0
1001
WEBCAD
1000
S3D3
 10
315.33013916015625
 20
183.6804656982422
 30
-75.30015563964844
 11
310.9429016113281
 21
189.4517822265625
 31
-75.30015563964844
 12
326.0267639160156
 22
196.3650360107422
 32
-80.62506866455078
 13
326.0267639160156
 23
196.3650360107422
 33
-80.62506866455078
  0
3DFACE
  8
0
1001
WEBCAD
1000
S3D3
 10
399.1830139160156
 20
263.1101379394531
 30
-8.61589241027832
 11
402.07708740234375
 21
254.17698669433594
 31
-25.47112274169922
 12
390.4196472167969
 22
266.48358154296875
 32
-25.47112274169922
 13
390.4196472167969
 23
266.48358154296875
 33
-25.47112274169922
  0
3DFACE
  8
0
1001
WEBCAD
1000
S3D3
 10
399.1830139160156
 20
263.1101379394531
 30
-8.61589241027832
 11
409.9103698730469
 21
248.99853515625
 31
-8.61589241027832
 12
402.07708740234375
 22
254.17698669433594
 32
-25.47112274169922
 13
402.07708740234375
 23
254.17698669433594
 33
-25.47112274169922
  0
3DFACE
  8
0
1001
WEBCAD
1000
S3D3
 10
306.2331848144531
 20
269.8041076660156
 30
-41.21314239501953
 11
316.9970397949219
 21
263.6402893066406
 31
-55.15394973754883
 12
305.2944030761719
 22
257.4359436035156
 32
-55.15394973754883
 13
305.2944030761719
 23
257.4359436035156
 33
-55.15394973754883
  0
3DFACE
  8
0
1001
WEBCAD
1000
S3D3
 10
306.2331848144531
 20
269.8041076660156
 30
-41.21314239501953
 11
320.5726623535156
 21
275.5174865722656
 31
-41.21314239501953
 12
316.9970397949219
 22
263.6402893066406
 32
-55.15394973754883
 13
316.9970397949219
 23
263.6402893066406
 33
-55.15394973754883
  0
3DFACE
  8
0
1001
WEBCAD
1000
S3D3
 10
292.3534851074219
 20
196.321044921875
 30
-66.68426513671875
 11
291.22076416015625
 21
206.73614501953125
 31
-66.68426513671875
 12
306.3404541015625
 22
203.11135864257812
 32
-75.30015563964844
 13
306.3404541015625
 23
203.11135864257812
 33
-75.30015563964844
  0
3DFACE
  8
0
1001
WEBCAD
1000
S3D3
 10
292.3534851074219
 20
196.321044921875
 30
-66.68426513671875
 11
306.3404541015625
 21
203.11135864257812
 31
-75.30015563964844
 12
307.8988952636719
 22
196.03131103515625
 32
-75.30015563964844
 13
307.8988952636719
 23
196.03131103515625
 33
-75.30015563964844
  0
3DFACE
  8
0
1001
WEBCAD
1000
S3D3
 10
419.7279357910156
 20
224.35829162597656
 30
8.61589241027832
 11
421.64447021484375
 21
206.73614501953125
 31
8.61589241027832
 12
421.1639099121094
 22
215.5991668701172
 32
-8.61589241027832
 13
421.1639099121094
 23
215.5991668701172
 33
-8.61589241027832
  0
3DFACE
  8
0
1001
WEBCAD
1000
S3D3
 10
419.7279357910156
 20
224.35829162597656
 30
8.61589241027832
 11
421.1639099121094
 21
215.5991668701172
 31
-8.61589241027832
 12
417.35333251953125
 22
232.91079711914062
 32
-8.61589241027832
 13
417.35333251953125
 23
232.91079711914062
 33
-8.61589241027832
  0
3DFACE
  8
0
1001
WEBCAD
1000
S3D3
 10
338.7419128417969
 20
189.62388610839844
 30
-80.62506866455078
 11
335.0849914550781
 21
190.22340393066406
 31
-80.62506866455078
 12
339.6697082519531
 22
206.73614501953125
 32
-82.42628479003906
 13
339.6697082519531
 23
206.73614501953125
 33
-82.42628479003906
  0
3DFACE
  8
0
1001
WEBCAD
1000
S3D3
 10
343.9137878417969
 20
285.0132141113281
 30
-25.47112274169922
 11
351.2182312011719
 21
277.17901611328125
 31
-41.21314239501953
 12
335.80511474609375
 22
278.01470947265625
 32
-41.21314239501953
 13
335.80511474609375
 23
278.01470947265625
 33
-41.21314239501953
  0
3DFACE
  8
0
1001
WEBCAD
1000
S3D3
 10
343.9137878417969
 20
285.0132141113281
 30
-25.47112274169922
 11
360.6418151855469
 21
282.27081298828125
 31
-25.47112274169922
 12
351.2182312011719
 22
277.17901611328125
 32
-41.21314239501953
 13
351.2182312011719
 23
277.17901611328125
 33
-41.21314239501953
  0
3DFACE
  8
0
1001
WEBCAD
1000
S3D3
 10
281.62152099609375
 20
226.2948455810547
 30
-55.15394973754883
 11
287.1832275390625
 21
238.31622314453125
 31
-55.15394973754883
 12
295.6986389160156
 22
227.07933044433594
 32
-66.68426513671875
 13
295.6986389160156
 23
227.07933044433594
 33
-66.68426513671875
  0
3DFACE
  8
0
1001
WEBCAD
1000
S3D3
 10
281.62152099609375
 20
226.2948455810547
 30
-55.15394973754883
 11
295.6986389160156
 21
227.07933044433594
 31
-66.68426513671875
 12
292.3534851074219
 22
217.15122985839844
 32
-66.68426513671875
 13
292.3534851074219
 23
217.15122985839844
 33
-66.68426513671875
  0
3DFACE
  8
0
1001
WEBCAD
1000
S3D3
 10
320.85546875
 20
178.98721313476562
 30
-75.30015563964844
 11
315.33013916015625
 21
183.6804656982422
 31
-75.30015563964844
 12
328.5751953125
 22
193.67466735839844
 32
-80.62506866455078
 13
328.5751953125
 23
193.67466735839844
 33
-80.62506866455078
  0
3DFACE
  8
0
1001
WEBCAD
1000
S3D3
 10
320.85546875
 20
178.98721313476562
 30
-75.30015563964844
 11
328.5751953125
 21
193.67466735839844
 31
-80.62506866455078
 12
331.6424255371094
 22
191.5950469970703
 32
-80.62506866455078
 13
331.6424255371094
 23
191.5950469970703
 33
-80.62506866455078
  0
3DFACE
  8
0
1001
WEBCAD
1000
S3D3
 10
385.6728820800781
 20
274.5857238769531
 30
-8.61589241027832
 11
390.4196472167969
 21
266.48358154296875
 31
-25.47112274169922
 12
376.38922119140625
 22
275.9964599609375
 32
-25.47112274169922
 13
376.38922119140625
 23
275.9964599609375
 33
-25.47112274169922
  0
3DFACE
  8
0
1001
WEBCAD
1000
S3D3
 10
385.6728820800781
 20
274.5857238769531
 30
-8.61589241027832
 11
399.1830139160156
 21
263.1101379394531
 31
-8.61589241027832
 12
390.4196472167969
 22
266.48358154296875
 32
-25.47112274169922
 13
390.4196472167969
 23
266.48358154296875
 33
-25.47112274169922
  0
3DFACE
  8
0
1001
WEBCAD
1000
S3D3
 10
293.4571838378906
 20
261.1417541503906
 30
-41.21314239501953
 11
306.2331848144531
 21
269.8041076660156
 31
-41.21314239501953
 12
305.2944030761719
 22
257.4359436035156
 32
-55.15394973754883
 13
305.2944030761719
 23
257.4359436035156
 33
-55.15394973754883
  0
3DFACE
  8
0
1001
WEBCAD
1000
S3D3
 10
293.4571838378906
 20
261.1417541503906
 30
-41.21314239501953
 11
305.2944030761719
 21
257.4359436035156
 31
-55.15394973754883
 12
295.1990966796875
 22
248.86094665527344
 32
-55.15394973754883
 13
295.1990966796875
 23
248.86094665527344
 33
-55.15394973754883
  0
3DFACE
  8
0
1001
WEBCAD
1000
S3D3
 10
295.6986389160156
 20
186.39295959472656
 30
-66.68426513671875
 11
292.3534851074219
 21
196.321044921875
 31
-66.68426513671875
 12
307.8988952636719
 22
196.03131103515625
 32
-75.30015563964844
 13
307.8988952636719
 23
196.03131103515625
 33
-75.30015563964844
  0
3DFACE
  8
0
1001
WEBCAD
1000
S3D3
 10
295.6986389160156
 20
186.39295959472656
 30
-66.68426513671875
 11
307.8988952636719
 21
196.03131103515625
 31
-75.30015563964844
 12
310.9429016113281
 22
189.4517822265625
 32
-75.30015563964844
 13
310.9429016113281
 23
189.4517822265625
 33
-75.30015563964844
  0
3DFACE
  8
0
1001
WEBCAD
1000
S3D3
 10
414.0679626464844
 20
241.15643310546875
 30
8.61589241027832
 11
419.7279357910156
 21
224.35829162597656
 31
8.61589241027832
 12
417.35333251953125
 22
232.91079711914062
 32
-8.61589241027832
 13
417.35333251953125
 23
232.91079711914062
 33
-8.61589241027832
  0
3DFACE
  8
0
1001
WEBCAD
1000
S3D3
 10
414.0679626464844
 20
241.15643310546875
 30
8.61589241027832
 11
417.35333251953125
 21
232.91079711914062
 31
-8.61589241027832
 12
409.9103698730469
 22
248.99853515625
 32
-8.61589241027832
 13
409.9103698730469
 23
248.99853515625
 33
-8.61589241027832
  0
3DFACE
  8
0
1001
WEBCAD
1000
S3D3
 10
342.4422302246094
 20
189.8245086669922
 30
-80.62506866455078
 11
338.7419128417969
 21
189.62388610839844
 31
-80.62506866455078
 12
339.6697082519531
 22
206.73614501953125
 32
-82.42628479003906
 13
339.6697082519531
 23
206.73614501953125
 33
-82.42628479003906
  0
3DFACE
  8
0
1001
WEBCAD
1000
S3D3
 10
326.9873046875
 20
284.0954895019531
 30
-25.47112274169922
 11
343.9137878417969
 21
285.0132141113281
 31
-25.47112274169922
 12
335.80511474609375
 22
278.01470947265625
 32
-41.21314239501953
 13
335.80511474609375
 23
278.01470947265625
 33
-41.21314239501953
  0
3DFACE
  8
0
1001
WEBCAD
1000
S3D3
 10
326.9873046875
 20
284.0954895019531
 30
-25.47112274169922
 11
335.80511474609375
 21
278.01470947265625
 31
-41.21314239501953
 12
320.5726623535156
 22
275.5174865722656
 32
-41.21314239501953
 13
320.5726623535156
 23
275.5174865722656
 33
-41.21314239501953
  0
3DFACE
  8
0
1001
WEBCAD
1000
S3D3
 10
278.7741394042969
 20
213.3589324951172
 30
-55.15394973754883
 11
281.62152099609375
 21
226.2948455810547
 31
-55.15394973754883
 12
292.3534851074219
 22
217.15122985839844
 32
-66.68426513671875
 13
292.3534851074219
 23
217.15122985839844
 33
-66.68426513671875
  0
3DFACE
  8
0
1001
WEBCAD
1000
S3D3
 10
278.7741394042969
 20
213.3589324951172
 30
-55.15394973754883
 11
292.3534851074219
 21
217.15122985839844
 31
-66.68426513671875
 12
291.22076416015625
 22
206.73614501953125
 32
-66.68426513671875
 13
291.22076416015625
 23
206.73614501953125
 33
-66.68426513671875
  0
3DFACE
  8
0
1001
WEBCAD
1000
S3D3
 10
327.2605285644531
 20
175.59146118164062
 30
-75.30015563964844
 11
331.6424255371094
 21
191.5950469970703
 31
-80.62506866455078
 12
335.0849914550781
 22
190.22340393066406
 32
-80.62506866455078
 13
335.0849914550781
 23
190.22340393066406
 33
-80.62506866455078
  0
3DFACE
  8
0
1001
WEBCAD
1000
S3D3
 10
327.2605285644531
 20
175.59146118164062
 30
-75.30015563964844
 11
320.85546875
 21
178.98721313476562
 31
-75.30015563964844
 12
331.6424255371094
 22
191.5950469970703
 32
-80.62506866455078
 13
331.6424255371094
 23
191.5950469970703
 33
-80.62506866455078
  0
3DFACE
  8
0
1001
WEBCAD
1000
S3D3
 10
370.0116882324219
 20
282.8887634277344
 30
-8.61589241027832
 11
385.6728820800781
 21
274.5857238769531
 31
-8.61589241027832
 12
376.38922119140625
 22
275.9964599609375
 32
-25.47112274169922
 13
376.38922119140625
 23
275.9964599609375
 33
-25.47112274169922
  0
3DFACE
  8
0
1001
WEBCAD
1000
S3D3
 10
370.0116882324219
 20
282.8887634277344
 30
-8.61589241027832
 11
376.38922119140625
 21
275.9964599609375
 31
-25.47112274169922
 12
360.6418151855469
 22
282.27081298828125
 32
-25.47112274169922
 13
360.6418151855469
 23
282.27081298828125
 33
-25.47112274169922
  0
3DFACE
  8
0
1001
WEBCAD
1000
S3D3
 10
282.8420104980469
 20
249.93544006347656
 30
-41.21314239501953
 11
295.1990966796875
 21
248.86094665527344
 31
-55.15394973754883
 12
287.1832275390625
 22
238.31622314453125
 32
-55.15394973754883
 13
287.1832275390625
 23
238.31622314453125
 33
-55.15394973754883
  0
3DFACE
  8
0
1001
WEBCAD
1000
S3D3
 10
282.8420104980469
 20
249.93544006347656
 30
-41.21314239501953
 11
293.4571838378906
 21
261.1417541503906
 31
-41.21314239501953
 12
295.1990966796875
 22
248.86094665527344
 32
-55.15394973754883
 13
295.1990966796875
 23
248.86094665527344
 33
-55.15394973754883
  0
3DFACE
  8
0
1001
WEBCAD
1000
S3D3
 10
301.0998229980469
 20
177.41607666015625
 30
-66.68426513671875
 11
310.9429016113281
 21
189.4517822265625
 31
-75.30015563964844
 12
315.33013916015625
 22
183.6804656982422
 32
-75.30015563964844
 13
315.33013916015625
 23
183.6804656982422
 33
-75.30015563964844
  0
3DFACE
  8
0
1001
WEBCAD
1000
S3D3
 10
301.0998229980469
 20
177.41607666015625
 30
-66.68426513671875
 11
295.6986389160156
 21
186.39295959472656
 31
-66.68426513671875
 12
310.9429016113281
 22
189.4517822265625
 32
-75.30015563964844
 13
310.9429016113281
 23
189.4517822265625
 33
-75.30015563964844
  0
3DFACE
  8
0
1001
WEBCAD
1000
S3D3
 10
404.9292297363281
 20
256.34515380859375
 30
8.61589241027832
 11
409.9103698730469
 21
248.99853515625
 31
-8.61589241027832
 12
399.1830139160156
 22
263.1101379394531
 32
-8.61589241027832
 13
399.1830139160156
 23
263.1101379394531
 33
-8.61589241027832
  0
3DFACE
  8
0
1001
WEBCAD
1000
S3D3
 10
404.9292297363281
 20
256.34515380859375
 30
8.61589241027832
 11
414.0679626464844
 21
241.15643310546875
 31
8.61589241027832
 12
409.9103698730469
 22
248.99853515625
 32
-8.61589241027832
 13
409.9103698730469
 23
248.99853515625
 33
-8.61589241027832
  0
3DFACE
  8
0
1001
WEBCAD
1000
S3D3
 10
346.0129089355469
 20
190.81590270996094
 30
-80.62506866455078
 11
342.4422302246094
 21
189.8245086669922
 31
-80.62506866455078
 12
339.6697082519531
 22
206.73614501953125
 32
-82.42628479003906
 13
339.6697082519531
 23
206.73614501953125
 33
-82.42628479003906
  0
3DFACE
  8
0
1001
WEBCAD
1000
S3D3
 10
310.65380859375
 20
279.5605163574219
 30
-25.47112274169922
 11
326.9873046875
 21
284.0954895019531
 31
-25.47112274169922
 12
320.5726623535156
 22
275.5174865722656
 32
-41.21314239501953
 13
320.5726623535156
 23
275.5174865722656
 33
-41.21314239501953
  0
3DFACE
  8
0
1001
WEBCAD
1000
S3D3
 10
310.65380859375
 20
279.5605163574219
 30
-25.47112274169922
 11
320.5726623535156
 21
275.5174865722656
 31
-41.21314239501953
 12
306.2331848144531
 22
269.8041076660156
 32
-41.21314239501953
 13
306.2331848144531
 23
269.8041076660156
 33
-41.21314239501953
  0
3DFACE
  8
0
1001
WEBCAD
1000
S3D3
 10
278.7741394042969
 20
200.11334228515625
 30
-55.15394973754883
 11
278.7741394042969
 21
213.3589324951172
 31
-55.15394973754883
 12
291.22076416015625
 22
206.73614501953125
 32
-66.68426513671875
 13
291.22076416015625
 23
206.73614501953125
 33
-66.68426513671875
  0
3DFACE
  8
0
1001
WEBCAD
1000
S3D3
 10
278.7741394042969
 20
200.11334228515625
 30
-55.15394973754883
 11
291.22076416015625
 21
206.73614501953125
 31
-66.68426513671875
 12
292.3534851074219
 22
196.321044921875
 32
-66.68426513671875
 13
292.3534851074219
 23
196.321044921875
 33
-66.68426513671875
  0
3DFACE
  8
0
1001
WEBCAD
1000
S3D3
 10
417.60223388671875
 20
215.21180725097656
 30
25.47112274169922
 11
418.061767578125
 21
206.73614501953125
 31
25.47112274169922
 12
421.64447021484375
 22
206.73614501953125
 32
8.61589241027832
 13
421.64447021484375
 23
206.73614501953125
 33
8.61589241027832
  0
3DFACE
  8
0
1001
WEBCAD
1000
S3D3
 10
417.60223388671875
 20
215.21180725097656
 30
25.47112274169922
 11
411.052978515625
 21
206.73614501953125
 31
41.21314239501953
 12
418.061767578125
 22
206.73614501953125
 32
25.47112274169922
 13
418.061767578125
 23
206.73614501953125
 33
25.47112274169922
  0
3DFACE
  8
0
1001
WEBCAD
1000
S3D3
 10
417.60223388671875
 20
215.21180725097656
 30
25.47112274169922
 11
421.64447021484375
 21
206.73614501953125
 31
8.61589241027832
 12
419.7279357910156
 22
224.35829162597656
 32
8.61589241027832
 13
419.7279357910156
 23
224.35829162597656
 33
8.61589241027832
  0
3DFACE
  8
0
1001
WEBCAD
1000
S3D3
 10
334.245849609375
 20
173.65200805664062
 30
-75.30015563964844
 11
335.0849914550781
 21
190.22340393066406
 31
-80.62506866455078
 12
338.7419128417969
 22
189.62388610839844
 32
-80.62506866455078
 13
338.7419128417969
 23
189.62388610839844
 33
-80.62506866455078
  0
3DFACE
  8
0
1001
WEBCAD
1000
S3D3
 10
334.245849609375
 20
173.65200805664062
 30
-75.30015563964844
 11
327.2605285644531
 21
175.59146118164062
 31
-75.30015563964844
 12
335.0849914550781
 22
190.22340393066406
 32
-80.62506866455078
 13
335.0849914550781
 23
190.22340393066406
 33
-80.62506866455078
  0
3DFACE
  8
0
1001
WEBCAD
1000
S3D3
 10
352.9317626953125
 20
287.6309814453125
 30
-8.61589241027832
 11
360.6418151855469
 21
282.27081298828125
 31
-25.47112274169922
 12
343.9137878417969
 22
285.0132141113281
 32
-25.47112274169922
 13
343.9137878417969
 23
285.0132141113281
 33
-25.47112274169922
  0
3DFACE
  8
0
1001
WEBCAD
1000
S3D3
 10
352.9317626953125
 20
287.6309814453125
 30
-8.61589241027832
 11
370.0116882324219
 21
282.8887634277344
 31
-8.61589241027832
 12
360.6418151855469
 22
282.27081298828125
 32
-25.47112274169922
 13
360.6418151855469
 23
282.27081298828125
 33
-25.47112274169922
  0
3DFACE
  8
0
1001
WEBCAD
1000
S3D3
 10
274.884033203125
 20
236.7091827392578
 30
-41.21314239501953
 11
287.1832275390625
 21
238.31622314453125
 31
-55.15394973754883
 12
281.62152099609375
 22
226.2948455810547
 32
-55.15394973754883
 13
281.62152099609375
 23
226.2948455810547
 33
-55.15394973754883
  0
3DFACE
  8
0
1001
WEBCAD
1000
S3D3
 10
274.884033203125
 20
236.7091827392578
 30
-41.21314239501953
 11
282.8420104980469
 21
249.93544006347656
 31
-41.21314239501953
 12
287.1832275390625
 22
238.31622314453125
 32
-55.15394973754883
 13
287.1832275390625
 23
238.31622314453125
 33
-55.15394973754883
  0
3DFACE
  8
0
1001
WEBCAD
1000
S3D3
 10
308.3045349121094
 20
169.8101806640625
 30
-66.68426513671875
 11
315.33013916015625
 21
183.6804656982422
 31
-75.30015563964844
 12
320.85546875
 22
178.98721313476562
 32
-75.30015563964844
 13
320.85546875
 23
178.98721313476562
 33
-75.30015563964844
  0
3DFACE
  8
0
1001
WEBCAD
1000
S3D3
 10
308.3045349121094
 20
169.8101806640625
 30
-66.68426513671875
 11
301.0998229980469
 21
177.41607666015625
 31
-66.68426513671875
 12
315.33013916015625
 22
183.6804656982422
 32
-75.30015563964844
 13
315.33013916015625
 23
183.6804656982422
 33
-75.30015563964844
  0
3DFACE
  8
0
1001
WEBCAD
1000
S3D3
 10
392.7390441894531
 20
269.21417236328125
 30
8.61589241027832
 11
399.1830139160156
 21
263.1101379394531
 31
-8.61589241027832
 12
385.6728820800781
 22
274.5857238769531
 32
-8.61589241027832
 13
385.6728820800781
 23
274.5857238769531
 33
-8.61589241027832
  0
3DFACE
  8
0
1001
WEBCAD
1000
S3D3
 10
392.7390441894531
 20
269.21417236328125
 30
8.61589241027832
 11
404.9292297363281
 21
256.34515380859375
 31
8.61589241027832
 12
399.1830139160156
 22
263.1101379394531
 32
-8.61589241027832
 13
399.1830139160156
 23
263.1101379394531
 33
-8.61589241027832
  0
3DFACE
  8
0
1001
WEBCAD
1000
S3D3
 10
349.2869873046875
 20
192.5517120361328
 30
-80.62506866455078
 11
346.0129089355469
 21
190.81590270996094
 31
-80.62506866455078
 12
339.6697082519531
 22
206.73614501953125
 32
-82.42628479003906
 13
339.6697082519531
 23
206.73614501953125
 33
-82.42628479003906
  0
3DFACE
  8
0
1001
WEBCAD
1000
S3D3
 10
295.6770935058594
 20
271.6203918457031
 30
-25.47112274169922
 11
306.2331848144531
 21
269.8041076660156
 31
-41.21314239501953
 12
293.4571838378906
 22
261.1417541503906
 32
-41.21314239501953
 13
293.4571838378906
 23
261.1417541503906
 33
-41.21314239501953
  0
3DFACE
  8
0
1001
WEBCAD
1000
S3D3
 10
295.6770935058594
 20
271.6203918457031
 30
-25.47112274169922
 11
310.65380859375
 21
279.5605163574219
 31
-25.47112274169922
 12
306.2331848144531
 22
269.8041076660156
 32
-41.21314239501953
 13
306.2331848144531
 23
269.8041076660156
 33
-41.21314239501953
  0
3DFACE
  8
0
1001
WEBCAD
1000
S3D3
 10
281.62152099609375
 20
187.17742919921875
 30
-55.15394973754883
 11
292.3534851074219
 21
196.321044921875
 31
-66.68426513671875
 12
295.6986389160156
 22
186.39295959472656
 32
-66.68426513671875
 13
295.6986389160156
 23
186.39295959472656
 33
-66.68426513671875
  0
3DFACE
  8
0
1001
WEBCAD
1000
S3D3
 10
281.62152099609375
 20
187.17742919921875
 30
-55.15394973754883
 11
278.7741394042969
 21
200.11334228515625
 31
-55.15394973754883
 12
292.3534851074219
 22
196.321044921875
 32
-66.68426513671875
 13
292.3534851074219
 23
196.321044921875
 33
-66.68426513671875
  0
3DFACE
  8
0
1001
WEBCAD
1000
S3D3
 10
413.95819091796875
 20
231.766845703125
 30
25.47112274169922
 11
419.7279357910156
 21
224.35829162597656
 31
8.61589241027832
 12
414.0679626464844
 22
241.15643310546875
 32
8.61589241027832
 13
414.0679626464844
 23
241.15643310546875
 33
8.61589241027832
  0
3DFACE
  8
0
1001
WEBCAD
1000
S3D3
 10
413.95819091796875
 20
231.766845703125
 30
25.47112274169922
 11
417.60223388671875
 21
215.21180725097656
 31
25.47112274169922
 12
419.7279357910156
 22
224.35829162597656
 32
8.61589241027832
 13
419.7279357910156
 23
224.35829162597656
 33
8.61589241027832
  0
3DFACE
  8
0
1001
WEBCAD
1000
S3D3
 10
341.4847717285156
 20
173.259521484375
 30
-75.30015563964844
 11
334.245849609375
 21
173.65200805664062
 31
-75.30015563964844
 12
338.7419128417969
 22
189.62388610839844
 32
-80.62506866455078
 13
338.7419128417969
 23
189.62388610839844
 33
-80.62506866455078
  0
3DFACE
  8
0
1001
WEBCAD
1000
S3D3
 10
341.4847717285156
 20
173.259521484375
 30
-75.30015563964844
 11
338.7419128417969
 21
189.62388610839844
 31
-80.62506866455078
 12
342.4422302246094
 22
189.8245086669922
 32
-80.62506866455078
 13
342.4422302246094
 23
189.8245086669922
 33
-80.62506866455078
  0
3DFACE
  8
0
1001
WEBCAD
1000
S3D3
 10
335.231689453125
 20
288.5906677246094
 30
-8.61589241027832
 11
343.9137878417969
 21
285.0132141113281
 31
-25.47112274169922
 12
326.9873046875
 22
284.0954895019531
 32
-25.47112274169922
 13
326.9873046875
 23
284.0954895019531
 33
-25.47112274169922
  0
3DFACE
  8
0
1001
WEBCAD
1000
S3D3
 10
335.231689453125
 20
288.5906677246094
 30
-8.61589241027832
 11
352.9317626953125
 21
287.6309814453125
 31
-8.61589241027832
 12
343.9137878417969
 22
285.0132141113281
 32
-25.47112274169922
 13
343.9137878417969
 23
285.0132141113281
 33
-25.47112274169922
  0
3DFACE
  8
0
1001
WEBCAD
1000
S3D3
 10
269.9553527832031
 20
222.08143615722656
 30
-41.21314239501953
 11
281.62152099609375
 21
226.2948455810547
 31
-55.15394973754883
 12
278.7741394042969
 22
213.3589324951172
 32
-55.15394973754883
 13
278.7741394042969
 23
213.3589324951172
 33
-55.15394973754883
  0
3DFACE
  8
0
1001
WEBCAD
1000
S3D3
 10
269.9553527832031
 20
222.08143615722656
 30
-41.21314239501953
 11
274.884033203125
 21
236.7091827392578
 31
-41.21314239501953
 12
281.62152099609375
 22
226.2948455810547
 32
-55.15394973754883
 13
281.62152099609375
 23
226.2948455810547
 33
-55.15394973754883
  0
3DFACE
  8
0
1001
WEBCAD
1000
S3D3
 10
316.975830078125
 20
163.930908203125
 30
-66.68426513671875
 11
320.85546875
 21
178.98721313476562
 31
-75.30015563964844
 12
327.2605285644531
 22
175.59146118164062
 32
-75.30015563964844
 13
327.2605285644531
 23
175.59146118164062
 33
-75.30015563964844
  0
3DFACE
  8
0
1001
WEBCAD
1000
S3D3
 10
316.975830078125
 20
163.930908203125
 30
-66.68426513671875
 11
308.3045349121094
 21
169.8101806640625
 31
-66.68426513671875
 12
320.85546875
 22
178.98721313476562
 32
-75.30015563964844
 13
320.85546875
 23
178.98721313476562
 33
-75.30015563964844
  0
3DFACE
  8
0
1001
WEBCAD
1000
S3D3
 10
378.0673828125
 20
279.16180419921875
 30
8.61589241027832
 11
385.6728820800781
 21
274.5857238769531
 31
-8.61589241027832
 12
370.0116882324219
 22
282.8887634277344
 32
-8.61589241027832
 13
370.0116882324219
 23
282.8887634277344
 33
-8.61589241027832
  0
3DFACE
  8
0
1001
WEBCAD
1000
S3D3
 10
378.0673828125
 20
279.16180419921875
 30
8.61589241027832
 11
392.7390441894531
 21
269.21417236328125
 31
8.61589241027832
 12
385.6728820800781
 22
274.5857238769531
 32
-8.61589241027832
 13
385.6728820800781
 23
274.5857238769531
 33
-8.61589241027832
  0
3DFACE
  8
0
1001
WEBCAD
1000
S3D3
 10
352.11138916015625
 20
194.95077514648438
 30
-80.62506866455078
 11
349.2869873046875
 21
192.5517120361328
 31
-80.62506866455078
 12
339.6697082519531
 22
206.73614501953125
 32
-82.42628479003906
 13
339.6697082519531
 23
206.73614501953125
 33
-82.42628479003906
  0
3DFACE
  8
0
1001
WEBCAD
1000
S3D3
 10
282.7574462890625
 20
260.64630126953125
 30
-25.47112274169922
 11
295.6770935058594
 21
271.6203918457031
 31
-25.47112274169922
 12
293.4571838378906
 22
261.1417541503906
 32
-41.21314239501953
 13
293.4571838378906
 23
261.1417541503906
 33
-41.21314239501953
  0
3DFACE
  8
0
1001
WEBCAD
1000
S3D3
 10
282.7574462890625
 20
260.64630126953125
 30
-25.47112274169922
 11
293.4571838378906
 21
261.1417541503906
 31
-41.21314239501953
 12
282.8420104980469
 22
249.93544006347656
 32
-41.21314239501953
 13
282.8420104980469
 23
249.93544006347656
 33
-41.21314239501953
  0
3DFACE
  8
0
1001
WEBCAD
1000
S3D3
 10
287.1832275390625
 20
175.15606689453125
 30
-55.15394973754883
 11
281.62152099609375
 21
187.17742919921875
 31
-55.15394973754883
 12
295.6986389160156
 22
186.39295959472656
 32
-66.68426513671875
 13
295.6986389160156
 23
186.39295959472656
 33
-66.68426513671875
  0
3DFACE
  8
0
1001
WEBCAD
1000
S3D3
 10
287.1832275390625
 20
175.15606689453125
 30
-55.15394973754883
 11
295.6986389160156
 21
186.39295959472656
 31
-66.68426513671875
 12
301.0998229980469
 22
177.41607666015625
 32
-66.68426513671875
 13
301.0998229980469
 23
177.41607666015625
 33
-66.68426513671875
  0
3DFACE
  8
0
1001
WEBCAD
1000
S3D3
 10
406.84051513671875
 20
247.15145874023438
 30
25.47112274169922
 11
413.95819091796875
 21
231.766845703125
 31
25.47112274169922
 12
414.0679626464844
 22
241.15643310546875
 32
8.61589241027832
 13
414.0679626464844
 23
241.15643310546875
 33
8.61589241027832
  0
3DFACE
  8
0
1001
WEBCAD
1000
S3D3
 10
406.84051513671875
 20
247.15145874023438
 30
25.47112274169922
 11
414.0679626464844
 21
241.15643310546875
 31
8.61589241027832
 12
404.9292297363281
 22
256.34515380859375
 32
8.61589241027832
 13
404.9292297363281
 23
256.34515380859375
 33
8.61589241027832
  0
3DFACE
  8
0
1001
WEBCAD
1000
S3D3
 10
348.6388244628906
 20
174.432373046875
 30
-75.30015563964844
 11
341.4847717285156
 21
173.259521484375
 31
-75.30015563964844
 12
342.4422302246094
 22
189.8245086669922
 32
-80.62506866455078
 13
342.4422302246094
 23
189.8245086669922
 33
-80.62506866455078
  0
3DFACE
  8
0
1001
WEBCAD
1000
S3D3
 10
348.6388244628906
 20
174.432373046875
 30
-75.30015563964844
 11
342.4422302246094
 21
189.8245086669922
 31
-80.62506866455078
 12
346.0129089355469
 22
190.81590270996094
 32
-80.62506866455078
 13
346.0129089355469
 23
190.81590270996094
 33
-80.62506866455078
  0
3DFACE
  8
0
1001
WEBCAD
1000
S3D3
 10
317.7391357421875
 20
285.722900390625
 30
-8.61589241027832
 11
335.231689453125
 21
288.5906677246094
 31
-8.61589241027832
 12
326.9873046875
 22
284.0954895019531
 32
-25.47112274169922
 13
326.9873046875
 23
284.0954895019531
 33
-25.47112274169922
  0
3DFACE
  8
0
1001
WEBCAD
1000
S3D3
 10
317.7391357421875
 20
285.722900390625
 30
-8.61589241027832
 11
326.9873046875
 21
284.0954895019531
 31
-25.47112274169922
 12
310.65380859375
 22
279.5605163574219
 32
-25.47112274169922
 13
310.65380859375
 23
279.5605163574219
 33
-25.47112274169922
  0
3DFACE
  8
0
1001
WEBCAD
1000
S3D3
 10
268.2864685058594
 20
206.73614501953125
 30
-41.21314239501953
 11
269.9553527832031
 21
222.08143615722656
 31
-41.21314239501953
 12
278.7741394042969
 22
213.3589324951172
 32
-55.15394973754883
 13
278.7741394042969
 23
213.3589324951172
 33
-55.15394973754883
  0
3DFACE
  8
0
1001
WEBCAD
1000
S3D3
 10
268.2864685058594
 20
206.73614501953125
 30
-41.21314239501953
 11
278.7741394042969
 21
213.3589324951172
 31
-55.15394973754883
 12
278.7741394042969
 22
200.11334228515625
 32
-55.15394973754883
 13
278.7741394042969
 23
200.11334228515625
 33
-55.15394973754883
  0
3DFACE
  8
0
1001
WEBCAD
1000
S3D3
 10
326.708251953125
 20
160.0531463623047
 30
-66.68426513671875
 11
316.975830078125
 21
163.930908203125
 31
-66.68426513671875
 12
327.2605285644531
 22
175.59146118164062
 32
-75.30015563964844
 13
327.2605285644531
 23
175.59146118164062
 33
-75.30015563964844
  0
3DFACE
  8
0
1001
WEBCAD
1000
S3D3
 10
326.708251953125
 20
160.0531463623047
 30
-66.68426513671875
 11
327.2605285644531
 21
175.59146118164062
 31
-75.30015563964844
 12
334.245849609375
 22
173.65200805664062
 32
-75.30015563964844
 13
334.245849609375
 23
173.65200805664062
 33
-75.30015563964844
  0
3DFACE
  8
0
1001
WEBCAD
1000
S3D3
 10
361.60028076171875
 20
285.722900390625
 30
8.61589241027832
 11
378.0673828125
 21
279.16180419921875
 31
8.61589241027832
 12
370.0116882324219
 22
282.8887634277344
 32
-8.61589241027832
 13
370.0116882324219
 23
282.8887634277344
 33
-8.61589241027832
  0
3DFACE
  8
0
1001
WEBCAD
1000
S3D3
 10
361.60028076171875
 20
285.722900390625
 30
8.61589241027832
 11
370.0116882324219
 21
282.8887634277344
 31
-8.61589241027832
 12
352.9317626953125
 22
287.6309814453125
 32
-8.61589241027832
 13
352.9317626953125
 23
287.6309814453125
 33
-8.61589241027832
  0
3DFACE
  8
0
1001
WEBCAD
1000
S3D3
 10
354.35400390625
 20
197.90089416503906
 30
-80.62506866455078
 11
352.11138916015625
 21
194.95077514648438
 31
-80.62506866455078
 12
339.6697082519531
 22
206.73614501953125
 32
-82.42628479003906
 13
339.6697082519531
 23
206.73614501953125
 33
-82.42628479003906
  0
3DFACE
  8
0
1001
WEBCAD
1000
S3D3
 10
272.4989318847656
 20
247.15145874023438
 30
-25.47112274169922
 11
282.7574462890625
 21
260.64630126953125
 31
-25.47112274169922
 12
282.8420104980469
 22
249.93544006347656
 32
-41.21314239501953
 13
282.8420104980469
 23
249.93544006347656
 33
-41.21314239501953
  0
3DFACE
  8
0
1001
WEBCAD
1000
S3D3
 10
272.4989318847656
 20
247.15145874023438
 30
-25.47112274169922
 11
282.8420104980469
 21
249.93544006347656
 31
-41.21314239501953
 12
274.884033203125
 22
236.7091827392578
 32
-41.21314239501953
 13
274.884033203125
 23
236.7091827392578
 33
-41.21314239501953
  0
3DFACE
  8
0
1001
WEBCAD
1000
S3D3
 10
295.1990966796875
 20
164.61134338378906
 30
-55.15394973754883
 11
287.1832275390625
 21
175.15606689453125
 31
-55.15394973754883
 12
301.0998229980469
 22
177.41607666015625
 32
-66.68426513671875
 13
301.0998229980469
 23
177.41607666015625
 33
-66.68426513671875
  0
3DFACE
  8
0
1001
WEBCAD
1000
S3D3
 10
295.1990966796875
 20
164.61134338378906
 30
-55.15394973754883
 11
301.0998229980469
 21
177.41607666015625
 31
-66.68426513671875
 12
308.3045349121094
 22
169.8101806640625
 32
-66.68426513671875
 13
308.3045349121094
 23
169.8101806640625
 33
-66.68426513671875
  0
3DFACE
  8
0
1001
WEBCAD
1000
S3D3
 10
396.5820007324219
 20
260.64630126953125
 30
25.47112274169922
 11
406.84051513671875
 21
247.15145874023438
 31
25.47112274169922
 12
404.9292297363281
 22
256.34515380859375
 32
8.61589241027832
 13
404.9292297363281
 23
256.34515380859375
 33
8.61589241027832
  0
3DFACE
  8
0
1001
WEBCAD
1000
S3D3
 10
396.5820007324219
 20
260.64630126953125
 30
25.47112274169922
 11
404.9292297363281
 21
256.34515380859375
 31
8.61589241027832
 12
392.7390441894531
 22
269.21417236328125
 32
8.61589241027832
 13
392.7390441894531
 23
269.21417236328125
 33
8.61589241027832
  0
3DFACE
  8
0
1001
WEBCAD
1000
S3D3
 10
355.37347412109375
 20
177.11570739746094
 30
-75.30015563964844
 11
348.6388244628906
 21
174.432373046875
 31
-75.30015563964844
 12
346.0129089355469
 22
190.81590270996094
 32
-80.62506866455078
 13
346.0129089355469
 23
190.81590270996094
 33
-80.62506866455078
  0
3DFACE
  8
0
1001
WEBCAD
1000
S3D3
 10
355.37347412109375
 20
177.11570739746094
 30
-75.30015563964844
 11
346.0129089355469
 21
190.81590270996094
 31
-80.62506866455078
 12
349.2869873046875
 22
192.5517120361328
 32
-80.62506866455078
 13
349.2869873046875
 23
192.5517120361328
 33
-80.62506866455078
  0
3DFACE
  8
0
1001
WEBCAD
1000
S3D3
 10
301.2720642089844
 20
279.16180419921875
 30
-8.61589241027832
 11
310.65380859375
 21
279.5605163574219
 31
-25.47112274169922
 12
295.6770935058594
 22
271.6203918457031
 32
-25.47112274169922
 13
295.6770935058594
 23
271.6203918457031
 33
-25.47112274169922
  0
3DFACE
  8
0
1001
WEBCAD
1000
S3D3
 10
301.2720642089844
 20
279.16180419921875
 30
-8.61589241027832
 11
317.7391357421875
 21
285.722900390625
 31
-8.61589241027832
 12
310.65380859375
 22
279.5605163574219
 32
-25.47112274169922
 13
310.65380859375
 23
279.5605163574219
 33
-25.47112274169922
  0
3DFACE
  8
0
1001
WEBCAD
1000
S3D3
 10
269.9553527832031
 20
191.39085388183594
 30
-41.21314239501953
 11
278.7741394042969
 21
200.11334228515625
 31
-55.15394973754883
 12
281.62152099609375
 22
187.17742919921875
 32
-55.15394973754883
 13
281.62152099609375
 23
187.17742919921875
 33
-55.15394973754883
  0
3DFACE
  8
0
1001
WEBCAD
1000
S3D3
 10
269.9553527832031
 20
191.39085388183594
 30
-41.21314239501953
 11
268.2864685058594
 21
206.73614501953125
 31
-41.21314239501953
 12
278.7741394042969
 22
200.11334228515625
 32
-55.15394973754883
 13
278.7741394042969
 23
200.11334228515625
 33
-55.15394973754883
  0
3DFACE
  8
0
1001
WEBCAD
1000
S3D3
 10
409.3840637207031
 20
222.08143615722656
 30
41.21314239501953
 11
411.052978515625
 21
206.73614501953125
 31
41.21314239501953
 12
417.60223388671875
 22
215.21180725097656
 32
25.47112274169922
 13
417.60223388671875
 23
215.21180725097656
 33
25.47112274169922
  0
3DFACE
  8
0
1001
WEBCAD
1000
S3D3
 10
409.3840637207031
 20
222.08143615722656
 30
41.21314239501953
 11
417.60223388671875
 21
215.21180725097656
 31
25.47112274169922
 12
413.95819091796875
 22
231.766845703125
 32
25.47112274169922
 13
413.95819091796875
 23
231.766845703125
 33
25.47112274169922
  0
3DFACE
  8
0
1001
WEBCAD
1000
S3D3
 10
337.0467529296875
 20
158.35824584960938
 30
-66.68426513671875
 11
326.708251953125
 21
160.0531463623047
 31
-66.68426513671875
 12
334.245849609375
 22
173.65200805664062
 32
-75.30015563964844
 13
334.245849609375
 23
173.65200805664062
 33
-75.30015563964844
  0
3DFACE
  8
0
1001
WEBCAD
1000
S3D3
 10
337.0467529296875
 20
158.35824584960938
 30
-66.68426513671875
 11
334.245849609375
 21
173.65200805664062
 31
-75.30015563964844
 12
341.4847717285156
 22
173.259521484375
 32
-75.30015563964844
 13
341.4847717285156
 23
173.259521484375
 33
-75.30015563964844
  0
3DFACE
  8
0
1001
WEBCAD
1000
S3D3
 10
344.10772705078125
 20
288.5906677246094
 30
8.61589241027832
 11
352.9317626953125
 21
287.6309814453125
 31
-8.61589241027832
 12
335.231689453125
 22
288.5906677246094
 32
-8.61589241027832
 13
335.231689453125
 23
288.5906677246094
 33
-8.61589241027832
  0
3DFACE
  8
0
1001
WEBCAD
1000
S3D3
 10
344.10772705078125
 20
288.5906677246094
 30
8.61589241027832
 11
361.60028076171875
 21
285.722900390625
 31
8.61589241027832
 12
352.9317626953125
 22
287.6309814453125
 32
-8.61589241027832
 13
352.9317626953125
 23
287.6309814453125
 33
-8.61589241027832
  0
3DFACE
  8
0
1001
WEBCAD
1000
S3D3
 10
355.9100036621094
 20
201.26414489746094
 30
-80.62506866455078
 11
354.35400390625
 21
197.90089416503906
 31
-80.62506866455078
 12
339.6697082519531
 22
206.73614501953125
 32
-82.42628479003906
 13
339.6697082519531
 23
206.73614501953125
 33
-82.42628479003906
  0
3DFACE
  8
0
1001
WEBCAD
1000
S3D3
 10
265.3812255859375
 20
231.766845703125
 30
-25.47112274169922
 11
274.884033203125
 21
236.7091827392578
 31
-41.21314239501953
 12
269.9553527832031
 22
222.08143615722656
 32
-41.21314239501953
 13
269.9553527832031
 23
222.08143615722656
 33
-41.21314239501953
  0
3DFACE
  8
0
1001
WEBCAD
1000
S3D3
 10
265.3812255859375
 20
231.766845703125
 30
-25.47112274169922
 11
272.4989318847656
 21
247.15145874023438
 31
-25.47112274169922
 12
274.884033203125
 22
236.7091827392578
 32
-41.21314239501953
 13
274.884033203125
 23
236.7091827392578
 33
-41.21314239501953
  0
3DFACE
  8
0
1001
WEBCAD
1000
S3D3
 10
305.2944030761719
 20
156.0363311767578
 30
-55.15394973754883
 11
308.3045349121094
 21
169.8101806640625
 31
-66.68426513671875
 12
316.975830078125
 22
163.930908203125
 32
-66.68426513671875
 13
316.975830078125
 23
163.930908203125
 33
-66.68426513671875
  0
3DFACE
  8
0
1001
WEBCAD
1000
S3D3
 10
305.2944030761719
 20
156.0363311767578
 30
-55.15394973754883
 11
295.1990966796875
 21
164.61134338378906
 31
-55.15394973754883
 12
308.3045349121094
 22
169.8101806640625
 32
-66.68426513671875
 13
308.3045349121094
 23
169.8101806640625
 33
-66.68426513671875
  0
3DFACE
  8
0
1001
WEBCAD
1000
S3D3
 10
383.6623229980469
 20
271.6203918457031
 30
25.47112274169922
 11
396.5820007324219
 21
260.64630126953125
 31
25.47112274169922
 12
392.7390441894531
 22
269.21417236328125
 32
8.61589241027832
 13
392.7390441894531
 23
269.21417236328125
 33
8.61589241027832
  0
3DFACE
  8
0
1001
WEBCAD
1000
S3D3
 10
383.6623229980469
 20
271.6203918457031
 30
25.47112274169922
 11
392.7390441894531
 21
269.21417236328125
 31
8.61589241027832
 12
378.0673828125
 22
279.16180419921875
 32
8.61589241027832
 13
378.0673828125
 23
279.16180419921875
 33
8.61589241027832
  0
3DFACE
  8
0
1001
WEBCAD
1000
S3D3
 10
361.37384033203125
 20
181.18405151367188
 30
-75.30015563964844
 11
355.37347412109375
 21
177.11570739746094
 31
-75.30015563964844
 12
349.2869873046875
 22
192.5517120361328
 32
-80.62506866455078
 13
349.2869873046875
 23
192.5517120361328
 33
-80.62506866455078
  0
3DFACE
  8
0
1001
WEBCAD
1000
S3D3
 10
361.37384033203125
 20
181.18405151367188
 30
-75.30015563964844
 11
349.2869873046875
 21
192.5517120361328
 31
-80.62506866455078
 12
352.11138916015625
 22
194.95077514648438
 32
-80.62506866455078
 13
352.11138916015625
 23
194.95077514648438
 33
-80.62506866455078
  0
3DFACE
  8
0
1001
WEBCAD
1000
S3D3
 10
286.60040283203125
 20
269.21417236328125
 30
-8.61589241027832
 11
301.2720642089844
 21
279.16180419921875
 31
-8.61589241027832
 12
295.6770935058594
 22
271.6203918457031
 32
-25.47112274169922
 13
295.6770935058594
 23
271.6203918457031
 33
-25.47112274169922
  0
3DFACE
  8
0
1001
WEBCAD
1000
S3D3
 10
286.60040283203125
 20
269.21417236328125
 30
-8.61589241027832
 11
295.6770935058594
 21
271.6203918457031
 31
-25.47112274169922
 12
282.7574462890625
 22
260.64630126953125
 32
-25.47112274169922
 13
282.7574462890625
 23
260.64630126953125
 33
-25.47112274169922
  0
3DFACE
  8
0
1001
WEBCAD
1000
S3D3
 10
274.884033203125
 20
176.76309204101562
 30
-41.21314239501953
 11
281.62152099609375
 21
187.17742919921875
 31
-55.15394973754883
 12
287.1832275390625
 22
175.15606689453125
 32
-55.15394973754883
 13
287.1832275390625
 23
175.15606689453125
 33
-55.15394973754883
  0
3DFACE
  8
0
1001
WEBCAD
1000
S3D3
 10
274.884033203125
 20
176.76309204101562
 30
-41.21314239501953
 11
269.9553527832031
 21
191.39085388183594
 31
-41.21314239501953
 12
281.62152099609375
 22
187.17742919921875
 32
-55.15394973754883
 13
281.62152099609375
 23
187.17742919921875
 33
-55.15394973754883
  0
3DFACE
  8
0
1001
WEBCAD
1000
S3D3
 10
404.4554138183594
 20
236.7091827392578
 30
41.21314239501953
 11
413.95819091796875
 21
231.766845703125
 31
25.47112274169922
 12
406.84051513671875
 22
247.15145874023438
 32
25.47112274169922
 13
406.84051513671875
 23
247.15145874023438
 33
25.47112274169922
  0
3DFACE
  8
0
1001
WEBCAD
1000
S3D3
 10
404.4554138183594
 20
236.7091827392578
 30
41.21314239501953
 11
409.3840637207031
 21
222.08143615722656
 31
41.21314239501953
 12
413.95819091796875
 22
231.766845703125
 32
25.47112274169922
 13
413.95819091796875
 23
231.766845703125
 33
25.47112274169922
  0
3DFACE
  8
0
1001
WEBCAD
1000
S3D3
 10
347.50787353515625
 20
158.92543029785156
 30
-66.68426513671875
 11
341.4847717285156
 21
173.259521484375
 31
-75.30015563964844
 12
348.6388244628906
 22
174.432373046875
 32
-75.30015563964844
 13
348.6388244628906
 23
174.432373046875
 33
-75.30015563964844
  0
3DFACE
  8
0
1001
WEBCAD
1000
S3D3
 10
347.50787353515625
 20
158.92543029785156
 30
-66.68426513671875
 11
337.0467529296875
 21
158.35824584960938
 31
-66.68426513671875
 12
341.4847717285156
 22
173.259521484375
 32
-75.30015563964844
 13
341.4847717285156
 23
173.259521484375
 33
-75.30015563964844
  0
3DFACE
  8
0
1001
WEBCAD
1000
S3D3
 10
326.4076843261719
 20
287.6309814453125
 30
8.61589241027832
 11
335.231689453125
 21
288.5906677246094
 31
-8.61589241027832
 12
317.7391357421875
 22
285.722900390625
 32
-8.61589241027832
 13
317.7391357421875
 23
285.722900390625
 33
-8.61589241027832
  0
3DFACE
  8
0
1001
WEBCAD
1000
S3D3
 10
326.4076843261719
 20
287.6309814453125
 30
8.61589241027832
 11
344.10772705078125
 21
288.5906677246094
 31
8.61589241027832
 12
335.231689453125
 22
288.5906677246094
 32
-8.61589241027832
 13
335.231689453125
 23
288.5906677246094
 33
-8.61589241027832
  0
3DFACE
  8
0
1001
WEBCAD
1000
S3D3
 10
356.7066345214844
 20
204.8832550048828
 30
-80.62506866455078
 11
339.6697082519531
 21
206.73614501953125
 31
-82.42628479003906
 12
356.8070983886719
 22
206.73614501953125
 32
-80.62506866455078
 13
356.8070983886719
 23
206.73614501953125
 33
-80.62506866455078
  0
3DFACE
  8
0
1001
WEBCAD
1000
S3D3
 10
356.7066345214844
 20
204.8832550048828
 30
-80.62506866455078
 11
356.8070983886719
 21
206.73614501953125
 31
-80.62506866455078
 12
373.19549560546875
 22
206.73614501953125
 32
-75.30015563964844
 13
373.19549560546875
 23
206.73614501953125
 33
-75.30015563964844
  0
3DFACE
  8
0
1001
WEBCAD
1000
S3D3
 10
356.7066345214844
 20
204.8832550048828
 30
-80.62506866455078
 11
355.9100036621094
 21
201.26414489746094
 31
-80.62506866455078
 12
339.6697082519531
 22
206.73614501953125
 32
-82.42628479003906
 13
339.6697082519531
 23
206.73614501953125
 33
-82.42628479003906
  0
3DFACE
  8
0
1001
WEBCAD
1000
S3D3
 10
261.7372131347656
 20
215.21180725097656
 30
-25.47112274169922
 11
265.3812255859375
 21
231.766845703125
 31
-25.47112274169922
 12
269.9553527832031
 22
222.08143615722656
 32
-41.21314239501953
 13
269.9553527832031
 23
222.08143615722656
 33
-41.21314239501953
  0
3DFACE
  8
0
1001
WEBCAD
1000
S3D3
 10
261.7372131347656
 20
215.21180725097656
 30
-25.47112274169922
 11
269.9553527832031
 21
222.08143615722656
 31
-41.21314239501953
 12
268.2864685058594
 22
206.73614501953125
 32
-41.21314239501953
 13
268.2864685058594
 23
206.73614501953125
 33
-41.21314239501953
  0
3DFACE
  8
0
1001
WEBCAD
1000
S3D3
 10
316.9970397949219
 20
149.8319854736328
 30
-55.15394973754883
 11
316.975830078125
 21
163.930908203125
 31
-66.68426513671875
 12
326.708251953125
 22
160.0531463623047
 32
-66.68426513671875
 13
326.708251953125
 23
160.0531463623047
 33
-66.68426513671875
  0
3DFACE
  8
0
1001
WEBCAD
1000
S3D3
 10
316.9970397949219
 20
149.8319854736328
 30
-55.15394973754883
 11
305.2944030761719
 21
156.0363311767578
 31
-55.15394973754883
 12
316.975830078125
 22
163.930908203125
 32
-66.68426513671875
 13
316.975830078125
 23
163.930908203125
 33
-66.68426513671875
  0
3DFACE
  8
0
1001
WEBCAD
1000
S3D3
 10
368.68560791015625
 20
279.5605163574219
 30
25.47112274169922
 11
378.0673828125
 21
279.16180419921875
 31
8.61589241027832
 12
361.60028076171875
 22
285.722900390625
 32
8.61589241027832
 13
361.60028076171875
 23
285.722900390625
 33
8.61589241027832
  0
3DFACE
  8
0
1001
WEBCAD
1000
S3D3
 10
368.68560791015625
 20
279.5605163574219
 30
25.47112274169922
 11
383.6623229980469
 21
271.6203918457031
 31
25.47112274169922
 12
378.0673828125
 22
279.16180419921875
 32
8.61589241027832
 13
378.0673828125
 23
279.16180419921875
 33
8.61589241027832
  0
3DFACE
  8
0
1001
WEBCAD
1000
S3D3
 10
366.359375
 20
186.4471893310547
 30
-75.30015563964844
 11
352.11138916015625
 21
194.95077514648438
 31
-80.62506866455078
 12
354.35400390625
 22
197.90089416503906
 32
-80.62506866455078
 13
354.35400390625
 23
197.90089416503906
 33
-80.62506866455078
  0
3DFACE
  8
0
1001
WEBCAD
1000
S3D3
 10
366.359375
 20
186.4471893310547
 30
-75.30015563964844
 11
361.37384033203125
 21
181.18405151367188
 31
-75.30015563964844
 12
352.11138916015625
 22
194.95077514648438
 32
-80.62506866455078
 13
352.11138916015625
 23
194.95077514648438
 33
-80.62506866455078
  0
3DFACE
  8
0
1001
WEBCAD
1000
S3D3
 10
274.4101867675781
 20
256.34515380859375
 30
-8.61589241027832
 11
282.7574462890625
 21
260.64630126953125
 31
-25.47112274169922
 12
272.4989318847656
 22
247.15145874023438
 32
-25.47112274169922
 13
272.4989318847656
 23
247.15145874023438
 33
-25.47112274169922
  0
3DFACE
  8
0
1001
WEBCAD
1000
S3D3
 10
274.4101867675781
 20
256.34515380859375
 30
-8.61589241027832
 11
286.60040283203125
 21
269.21417236328125
 31
-8.61589241027832
 12
282.7574462890625
 22
260.64630126953125
 32
-25.47112274169922
 13
282.7574462890625
 23
260.64630126953125
 33
-25.47112274169922
  0
3DFACE
  8
0
1001
WEBCAD
1000
S3D3
 10
282.8420104980469
 20
163.53683471679688
 30
-41.21314239501953
 11
274.884033203125
 21
176.76309204101562
 31
-41.21314239501953
 12
287.1832275390625
 22
175.15606689453125
 32
-55.15394973754883
 13
287.1832275390625
 23
175.15606689453125
 33
-55.15394973754883
  0
3DFACE
  8
0
1001
WEBCAD
1000
S3D3
 10
282.8420104980469
 20
163.53683471679688
 30
-41.21314239501953
 11
287.1832275390625
 21
175.15606689453125
 31
-55.15394973754883
 12
295.1990966796875
 22
164.61134338378906
 32
-55.15394973754883
 13
295.1990966796875
 23
164.61134338378906
 33
-55.15394973754883
  0
3DFACE
  8
0
1001
WEBCAD
1000
S3D3
 10
396.4974365234375
 20
249.93544006347656
 30
41.21314239501953
 11
404.4554138183594
 21
236.7091827392578
 31
41.21314239501953
 12
406.84051513671875
 22
247.15145874023438
 32
25.47112274169922
 13
406.84051513671875
 23
247.15145874023438
 33
25.47112274169922
  0
3DFACE
  8
0
1001
WEBCAD
1000
S3D3
 10
396.4974365234375
 20
249.93544006347656
 30
41.21314239501953
 11
406.84051513671875
 21
247.15145874023438
 31
25.47112274169922
 12
396.5820007324219
 22
260.64630126953125
 32
25.47112274169922
 13
396.5820007324219
 23
260.64630126953125
 33
25.47112274169922
  0
3DFACE
  8
0
1001
WEBCAD
1000
S3D3
 10
357.6025085449219
 20
161.7281951904297
 30
-66.68426513671875
 11
347.50787353515625
 21
158.92543029785156
 31
-66.68426513671875
 12
348.6388244628906
 22
174.432373046875
 32
-75.30015563964844
 13
348.6388244628906
 23
174.432373046875
 33
-75.30015563964844
  0
3DFACE
  8
0
1001
WEBCAD
1000
S3D3
 10
357.6025085449219
 20
161.7281951904297
 30
-66.68426513671875
 11
348.6388244628906
 21
174.432373046875
 31
-75.30015563964844
 12
355.37347412109375
 22
177.11570739746094
 32
-75.30015563964844
 13
355.37347412109375
 23
177.11570739746094
 33
-75.30015563964844
  0
3DFACE
  8
0
1001
WEBCAD
1000
S3D3
 10
309.3277282714844
 20
282.8887634277344
 30
8.61589241027832
 11
317.7391357421875
 21
285.722900390625
 31
-8.61589241027832
 12
301.2720642089844
 22
279.16180419921875
 32
-8.61589241027832
 13
301.2720642089844
 23
279.16180419921875
 33
-8.61589241027832
  0
3DFACE
  8
0
1001
WEBCAD
1000
S3D3
 10
309.3277282714844
 20
282.8887634277344
 30
8.61589241027832
 11
326.4076843261719
 21
287.6309814453125
 31
8.61589241027832
 12
317.7391357421875
 22
285.722900390625
 32
-8.61589241027832
 13
317.7391357421875
 23
285.722900390625
 33
-8.61589241027832
  0
3DFACE
  8
0
1001
WEBCAD
1000
S3D3
 10
261.7372131347656
 20
198.26046752929688
 30
-25.47112274169922
 11
261.7372131347656
 21
215.21180725097656
 31
-25.47112274169922
 12
268.2864685058594
 22
206.73614501953125
 32
-41.21314239501953
 13
268.2864685058594
 23
206.73614501953125
 33
-41.21314239501953
  0
3DFACE
  8
0
1001
WEBCAD
1000
S3D3
 10
261.7372131347656
 20
198.26046752929688
 30
-25.47112274169922
 11
268.2864685058594
 21
206.73614501953125
 31
-41.21314239501953
 12
269.9553527832031
 22
191.39085388183594
 32
-41.21314239501953
 13
269.9553527832031
 23
191.39085388183594
 33
-41.21314239501953
  0
3DFACE
  8
0
1001
WEBCAD
1000
S3D3
 10
400.5653076171875
 20
213.3589324951172
 30
55.15394973754883
 11
400.92437744140625
 21
206.73614501953125
 31
55.15394973754883
 12
411.052978515625
 22
206.73614501953125
 32
41.21314239501953
 13
411.052978515625
 23
206.73614501953125
 33
41.21314239501953
  0
3DFACE
  8
0
1001
WEBCAD
1000
S3D3
 10
400.5653076171875
 20
213.3589324951172
 30
55.15394973754883
 11
388.11865234375
 21
206.73614501953125
 31
66.68426513671875
 12
400.92437744140625
 22
206.73614501953125
 32
55.15394973754883
 13
400.92437744140625
 23
206.73614501953125
 33
55.15394973754883
  0
3DFACE
  8
0
1001
WEBCAD
1000
S3D3
 10
400.5653076171875
 20
213.3589324951172
 30
55.15394973754883
 11
411.052978515625
 21
206.73614501953125
 31
41.21314239501953
 12
409.3840637207031
 22
222.08143615722656
 32
41.21314239501953
 13
409.3840637207031
 23
222.08143615722656
 33
41.21314239501953
  0
3DFACE
  8
0
1001
WEBCAD
1000
S3D3
 10
329.75982666015625
 20
146.2884063720703
 30
-55.15394973754883
 11
326.708251953125
 21
160.0531463623047
 31
-66.68426513671875
 12
337.0467529296875
 22
158.35824584960938
 32
-66.68426513671875
 13
337.0467529296875
 23
158.35824584960938
 33
-66.68426513671875
  0
3DFACE
  8
0
1001
WEBCAD
1000
S3D3
 10
329.75982666015625
 20
146.2884063720703
 30
-55.15394973754883
 11
316.9970397949219
 21
149.8319854736328
 31
-55.15394973754883
 12
326.708251953125
 22
160.0531463623047
 32
-66.68426513671875
 13
326.708251953125
 23
160.0531463623047
 33
-66.68426513671875
  0
3DFACE
  8
0
1001
WEBCAD
1000
S3D3
 10
352.3521423339844
 20
284.0954895019531
 30
25.47112274169922
 11
368.68560791015625
 21
279.5605163574219
 31
25.47112274169922
 12
361.60028076171875
 22
285.722900390625
 32
8.61589241027832
 13
361.60028076171875
 23
285.722900390625
 33
8.61589241027832
  0
3DFACE
  8
0
1001
WEBCAD
1000
S3D3
 10
352.3521423339844
 20
284.0954895019531
 30
25.47112274169922
 11
361.60028076171875
 21
285.722900390625
 31
8.61589241027832
 12
344.10772705078125
 22
288.5906677246094
 32
8.61589241027832
 13
344.10772705078125
 23
288.5906677246094
 33
8.61589241027832
  0
3DFACE
  8
0
1001
WEBCAD
1000
S3D3
 10
370.0968933105469
 20
192.65902709960938
 30
-75.30015563964844
 11
366.359375
 21
186.4471893310547
 31
-75.30015563964844
 12
354.35400390625
 22
197.90089416503906
 32
-80.62506866455078
 13
354.35400390625
 23
197.90089416503906
 33
-80.62506866455078
  0
3DFACE
  8
0
1001
WEBCAD
1000
S3D3
 10
370.0968933105469
 20
192.65902709960938
 30
-75.30015563964844
 11
354.35400390625
 21
197.90089416503906
 31
-80.62506866455078
 12
355.9100036621094
 22
201.26414489746094
 32
-80.62506866455078
 13
355.9100036621094
 23
201.26414489746094
 33
-80.62506866455078
  0
3DFACE
  8
0
1001
WEBCAD
1000
S3D3
 10
265.2714538574219
 20
241.15643310546875
 30
-8.61589241027832
 11
274.4101867675781
 21
256.34515380859375
 31
-8.61589241027832
 12
272.4989318847656
 22
247.15145874023438
 32
-25.47112274169922
 13
272.4989318847656
 23
247.15145874023438
 33
-25.47112274169922
  0
3DFACE
  8
0
1001
WEBCAD
1000
S3D3
 10
265.2714538574219
 20
241.15643310546875
 30
-8.61589241027832
 11
272.4989318847656
 21
247.15145874023438
 31
-25.47112274169922
 12
265.3812255859375
 22
231.766845703125
 32
-25.47112274169922
 13
265.3812255859375
 23
231.766845703125
 33
-25.47112274169922
  0
3DFACE
  8
0
1001
WEBCAD
1000
S3D3
 10
293.4571838378906
 20
152.33053588867188
 30
-41.21314239501953
 11
282.8420104980469
 21
163.53683471679688
 31
-41.21314239501953
 12
295.1990966796875
 22
164.61134338378906
 32
-55.15394973754883
 13
295.1990966796875
 23
164.61134338378906
 33
-55.15394973754883
  0
3DFACE
  8
0
1001
WEBCAD
1000
S3D3
 10
293.4571838378906
 20
152.33053588867188
 30
-41.21314239501953
 11
295.1990966796875
 21
164.61134338378906
 31
-55.15394973754883
 12
305.2944030761719
 22
156.0363311767578
 32
-55.15394973754883
 13
305.2944030761719
 23
156.0363311767578
 33
-55.15394973754883
  0
3DFACE
  8
0
1001
WEBCAD
1000
S3D3
 10
385.88226318359375
 20
261.1417541503906
 30
41.21314239501953
 11
396.4974365234375
 21
249.93544006347656
 31
41.21314239501953
 12
396.5820007324219
 22
260.64630126953125
 32
25.47112274169922
 13
396.5820007324219
 23
260.64630126953125
 33
25.47112274169922
  0
3DFACE
  8
0
1001
WEBCAD
1000
S3D3
 10
385.88226318359375
 20
261.1417541503906
 30
41.21314239501953
 11
396.5820007324219
 21
260.64630126953125
 31
25.47112274169922
 12
383.6623229980469
 22
271.6203918457031
 32
25.47112274169922
 13
383.6623229980469
 23
271.6203918457031
 33
25.47112274169922
  0
3DFACE
  8
0
1001
WEBCAD
1000
S3D3
 10
366.858642578125
 20
166.63546752929688
 30
-66.68426513671875
 11
357.6025085449219
 21
161.7281951904297
 31
-66.68426513671875
 12
355.37347412109375
 22
177.11570739746094
 32
-75.30015563964844
 13
355.37347412109375
 23
177.11570739746094
 33
-75.30015563964844
  0
3DFACE
  8
0
1001
WEBCAD
1000
S3D3
 10
366.858642578125
 20
166.63546752929688
 30
-66.68426513671875
 11
355.37347412109375
 21
177.11570739746094
 31
-75.30015563964844
 12
361.37384033203125
 22
181.18405151367188
 32
-75.30015563964844
 13
361.37384033203125
 23
181.18405151367188
 33
-75.30015563964844
  0
3DFACE
  8
0
1001
WEBCAD
1000
S3D3
 10
293.6665344238281
 20
274.5857238769531
 30
8.61589241027832
 11
309.3277282714844
 21
282.8887634277344
 31
8.61589241027832
 12
301.2720642089844
 22
279.16180419921875
 32
-8.61589241027832
 13
301.2720642089844
 23
279.16180419921875
 33
-8.61589241027832
  0
3DFACE
  8
0
1001
WEBCAD
1000
S3D3
 10
293.6665344238281
 20
274.5857238769531
 30
8.61589241027832
 11
301.2720642089844
 21
279.16180419921875
 31
-8.61589241027832
 12
286.60040283203125
 22
269.21417236328125
 32
-8.61589241027832
 13
286.60040283203125
 23
269.21417236328125
 33
-8.61589241027832
  0
3DFACE
  8
0
1001
WEBCAD
1000
S3D3
 10
265.3812255859375
 20
181.7054443359375
 30
-25.47112274169922
 11
261.7372131347656
 21
198.26046752929688
 31
-25.47112274169922
 12
269.9553527832031
 22
191.39085388183594
 32
-41.21314239501953
 13
269.9553527832031
 23
191.39085388183594
 33
-41.21314239501953
  0
3DFACE
  8
0
1001
WEBCAD
1000
S3D3
 10
265.3812255859375
 20
181.7054443359375
 30
-25.47112274169922
 11
269.9553527832031
 21
191.39085388183594
 31
-41.21314239501953
 12
274.884033203125
 22
176.76309204101562
 32
-41.21314239501953
 13
274.884033203125
 23
176.76309204101562
 33
-41.21314239501953
  0
3DFACE
  8
0
1001
WEBCAD
1000
S3D3
 10
397.7178955078125
 20
226.2948455810547
 30
55.15394973754883
 11
400.5653076171875
 21
213.3589324951172
 31
55.15394973754883
 12
409.3840637207031
 22
222.08143615722656
 32
41.21314239501953
 13
409.3840637207031
 23
222.08143615722656
 33
41.21314239501953
  0
3DFACE
  8
0
1001
WEBCAD
1000
S3D3
 10
397.7178955078125
 20
226.2948455810547
 30
55.15394973754883
 11
409.3840637207031
 21
222.08143615722656
 31
41.21314239501953
 12
404.4554138183594
 22
236.7091827392578
 32
41.21314239501953
 13
404.4554138183594
 23
236.7091827392578
 33
41.21314239501953
  0
3DFACE
  8
0
1001
WEBCAD
1000
S3D3
 10
342.9859619140625
 20
145.57130432128906
 30
-55.15394973754883
 11
329.75982666015625
 21
146.2884063720703
 31
-55.15394973754883
 12
337.0467529296875
 22
158.35824584960938
 32
-66.68426513671875
 13
337.0467529296875
 23
158.35824584960938
 33
-66.68426513671875
  0
3DFACE
  8
0
1001
WEBCAD
1000
S3D3
 10
342.9859619140625
 20
145.57130432128906
 30
-55.15394973754883
 11
337.0467529296875
 21
158.35824584960938
 31
-66.68426513671875
 12
347.50787353515625
 22
158.92543029785156
 32
-66.68426513671875
 13
347.50787353515625
 23
158.92543029785156
 33
-66.68426513671875
  0
3DFACE
  8
0
1001
WEBCAD
1000
S3D3
 10
335.4256591796875
 20
285.0132141113281
 30
25.47112274169922
 11
344.10772705078125
 21
288.5906677246094
 31
8.61589241027832
 12
326.4076843261719
 22
287.6309814453125
 32
8.61589241027832
 13
326.4076843261719
 23
287.6309814453125
 33
8.61589241027832
  0
3DFACE
  8
0
1001
WEBCAD
1000
S3D3
 10
335.4256591796875
 20
285.0132141113281
 30
25.47112274169922
 11
352.3521423339844
 21
284.0954895019531
 31
25.47112274169922
 12
344.10772705078125
 22
288.5906677246094
 32
8.61589241027832
 13
344.10772705078125
 23
288.5906677246094
 33
8.61589241027832
  0
3DFACE
  8
0
1001
WEBCAD
1000
S3D3
 10
372.41168212890625
 20
199.52908325195312
 30
-75.30015563964844
 11
356.7066345214844
 21
204.8832550048828
 31
-80.62506866455078
 12
373.19549560546875
 22
206.73614501953125
 32
-75.30015563964844
 13
373.19549560546875
 23
206.73614501953125
 33
-75.30015563964844
  0
3DFACE
  8
0
1001
WEBCAD
1000
S3D3
 10
372.41168212890625
 20
199.52908325195312
 30
-75.30015563964844
 11
355.9100036621094
 21
201.26414489746094
 31
-80.62506866455078
 12
356.7066345214844
 22
204.8832550048828
 32
-80.62506866455078
 13
356.7066345214844
 23
204.8832550048828
 33
-80.62506866455078
  0
3DFACE
  8
0
1001
WEBCAD
1000
S3D3
 10
372.41168212890625
 20
199.52908325195312
 30
-75.30015563964844
 11
370.0968933105469
 21
192.65902709960938
 31
-75.30015563964844
 12
355.9100036621094
 22
201.26414489746094
 32
-80.62506866455078
 13
355.9100036621094
 23
201.26414489746094
 33
-80.62506866455078
  0
3DFACE
  8
0
1001
WEBCAD
1000
S3D3
 10
259.6114807128906
 20
224.35829162597656
 30
-8.61589241027832
 11
265.2714538574219
 21
241.15643310546875
 31
-8.61589241027832
 12
265.3812255859375
 22
231.766845703125
 32
-25.47112274169922
 13
265.3812255859375
 23
231.766845703125
 33
-25.47112274169922
  0
3DFACE
  8
0
1001
WEBCAD
1000
S3D3
 10
259.6114807128906
 20
224.35829162597656
 30
-8.61589241027832
 11
265.3812255859375
 21
231.766845703125
 31
-25.47112274169922
 12
261.7372131347656
 22
215.21180725097656
 32
-25.47112274169922
 13
261.7372131347656
 23
215.21180725097656
 33
-25.47112274169922
  0
3DFACE
  8
0
1001
WEBCAD
1000
S3D3
 10
306.2331848144531
 20
143.66818237304688
 30
-41.21314239501953
 11
305.2944030761719
 21
156.0363311767578
 31
-55.15394973754883
 12
316.9970397949219
 22
149.8319854736328
 32
-55.15394973754883
 13
316.9970397949219
 23
149.8319854736328
 33
-55.15394973754883
  0
3DFACE
  8
0
1001
WEBCAD
1000
S3D3
 10
306.2331848144531
 20
143.66818237304688
 30
-41.21314239501953
 11
293.4571838378906
 21
152.33053588867188
 31
-41.21314239501953
 12
305.2944030761719
 22
156.0363311767578
 32
-55.15394973754883
 13
305.2944030761719
 23
156.0363311767578
 33
-55.15394973754883
  0
3DFACE
  8
0
1001
WEBCAD
1000
S3D3
 10
373.1062316894531
 20
269.8041076660156
 30
41.21314239501953
 11
385.88226318359375
 21
261.1417541503906
 31
41.21314239501953
 12
383.6623229980469
 22
271.6203918457031
 32
25.47112274169922
 13
383.6623229980469
 23
271.6203918457031
 33
25.47112274169922
  0
3DFACE
  8
0
1001
WEBCAD
1000
S3D3
 10
373.1062316894531
 20
269.8041076660156
 30
41.21314239501953
 11
383.6623229980469
 21
271.6203918457031
 31
25.47112274169922
 12
368.68560791015625
 22
279.5605163574219
 32
25.47112274169922
 13
368.68560791015625
 23
279.5605163574219
 33
25.47112274169922
  0
3DFACE
  8
0
1001
WEBCAD
1000
S3D3
 10
374.84344482421875
 20
173.41781616210938
 30
-66.68426513671875
 11
361.37384033203125
 21
181.18405151367188
 31
-75.30015563964844
 12
366.359375
 22
186.4471893310547
 32
-75.30015563964844
 13
366.359375
 23
186.4471893310547
 33
-75.30015563964844
  0
3DFACE
  8
0
1001
WEBCAD
1000
S3D3
 10
374.84344482421875
 20
173.41781616210938
 30
-66.68426513671875
 11
366.858642578125
 21
166.63546752929688
 31
-66.68426513671875
 12
361.37384033203125
 22
181.18405151367188
 32
-75.30015563964844
 13
361.37384033203125
 23
181.18405151367188
 33
-75.30015563964844
  0
3DFACE
  8
0
1001
WEBCAD
1000
S3D3
 10
280.15643310546875
 20
263.1101379394531
 30
8.61589241027832
 11
293.6665344238281
 21
274.5857238769531
 31
8.61589241027832
 12
286.60040283203125
 22
269.21417236328125
 32
-8.61589241027832
 13
286.60040283203125
 23
269.21417236328125
 33
-8.61589241027832
  0
3DFACE
  8
0
1001
WEBCAD
1000
S3D3
 10
280.15643310546875
 20
263.1101379394531
 30
8.61589241027832
 11
286.60040283203125
 21
269.21417236328125
 31
-8.61589241027832
 12
274.4101867675781
 22
256.34515380859375
 32
-8.61589241027832
 13
274.4101867675781
 23
256.34515380859375
 33
-8.61589241027832
  0
3DFACE
  8
0
1001
WEBCAD
1000
S3D3
 10
272.4989318847656
 20
166.32081604003906
 30
-25.47112274169922
 11
265.3812255859375
 21
181.7054443359375
 31
-25.47112274169922
 12
274.884033203125
 22
176.76309204101562
 32
-41.21314239501953
 13
274.884033203125
 23
176.76309204101562
 33
-41.21314239501953
  0
3DFACE
  8
0
1001
WEBCAD
1000
S3D3
 10
272.4989318847656
 20
166.32081604003906
 30
-25.47112274169922
 11
274.884033203125
 21
176.76309204101562
 31
-41.21314239501953
 12
282.8420104980469
 22
163.53683471679688
 32
-41.21314239501953
 13
282.8420104980469
 23
163.53683471679688
 33
-41.21314239501953
  0
3DFACE
  8
0
1001
WEBCAD
1000
S3D3
 10
392.1562194824219
 20
238.31622314453125
 30
55.15394973754883
 11
404.4554138183594
 21
236.7091827392578
 31
41.21314239501953
 12
396.4974365234375
 22
249.93544006347656
 32
41.21314239501953
 13
396.4974365234375
 23
249.93544006347656
 33
41.21314239501953
  0
3DFACE
  8
0
1001
WEBCAD
1000
S3D3
 10
392.1562194824219
 20
238.31622314453125
 30
55.15394973754883
 11
397.7178955078125
 21
226.2948455810547
 31
55.15394973754883
 12
404.4554138183594
 22
236.7091827392578
 32
41.21314239501953
 13
404.4554138183594
 23
236.7091827392578
 33
41.21314239501953
  0
3DFACE
  8
0
1001
WEBCAD
1000
S3D3
 10
356.05706787109375
 20
147.71420288085938
 30
-55.15394973754883
 11
347.50787353515625
 21
158.92543029785156
 31
-66.68426513671875
 12
357.6025085449219
 22
161.7281951904297
 32
-66.68426513671875
 13
357.6025085449219
 23
161.7281951904297
 33
-66.68426513671875
  0
3DFACE
  8
0
1001
WEBCAD
1000
S3D3
 10
356.05706787109375
 20
147.71420288085938
 30
-55.15394973754883
 11
342.9859619140625
 21
145.57130432128906
 31
-55.15394973754883
 12
347.50787353515625
 22
158.92543029785156
 32
-66.68426513671875
 13
347.50787353515625
 23
158.92543029785156
 33
-66.68426513671875
  0
3DFACE
  8
0
1001
WEBCAD
1000
S3D3
 10
318.6976318359375
 20
282.27081298828125
 30
25.47112274169922
 11
326.4076843261719
 21
287.6309814453125
 31
8.61589241027832
 12
309.3277282714844
 22
282.8887634277344
 32
8.61589241027832
 13
309.3277282714844
 23
282.8887634277344
 33
8.61589241027832
  0
3DFACE
  8
0
1001
WEBCAD
1000
S3D3
 10
318.6976318359375
 20
282.27081298828125
 30
25.47112274169922
 11
335.4256591796875
 21
285.0132141113281
 31
25.47112274169922
 12
326.4076843261719
 22
287.6309814453125
 32
8.61589241027832
 13
326.4076843261719
 23
287.6309814453125
 33
8.61589241027832
  0
3DFACE
  8
0
1001
WEBCAD
1000
S3D3
 10
257.6949768066406
 20
206.73614501953125
 30
-8.61589241027832
 11
261.7372131347656
 21
215.21180725097656
 31
-25.47112274169922
 12
261.7372131347656
 22
198.26046752929688
 32
-25.47112274169922
 13
261.7372131347656
 23
198.26046752929688
 33
-25.47112274169922
  0
3DFACE
  8
0
1001
WEBCAD
1000
S3D3
 10
257.6949768066406
 20
206.73614501953125
 30
-8.61589241027832
 11
259.6114807128906
 21
224.35829162597656
 31
-8.61589241027832
 12
261.7372131347656
 22
215.21180725097656
 32
-25.47112274169922
 13
261.7372131347656
 23
215.21180725097656
 33
-25.47112274169922
  0
3DFACE
  8
0
1001
WEBCAD
1000
S3D3
 10
320.5726623535156
 20
137.95480346679688
 30
-41.21314239501953
 11
316.9970397949219
 21
149.8319854736328
 31
-55.15394973754883
 12
329.75982666015625
 22
146.2884063720703
 32
-55.15394973754883
 13
329.75982666015625
 23
146.2884063720703
 33
-55.15394973754883
  0
3DFACE
  8
0
1001
WEBCAD
1000
S3D3
 10
320.5726623535156
 20
137.95480346679688
 30
-41.21314239501953
 11
306.2331848144531
 21
143.66818237304688
 31
-41.21314239501953
 12
316.9970397949219
 22
149.8319854736328
 32
-55.15394973754883
 13
316.9970397949219
 23
149.8319854736328
 33
-55.15394973754883
  0
3DFACE
  8
0
1001
WEBCAD
1000
S3D3
 10
358.7667541503906
 20
275.5174865722656
 30
41.21314239501953
 11
373.1062316894531
 21
269.8041076660156
 31
41.21314239501953
 12
368.68560791015625
 22
279.5605163574219
 32
25.47112274169922
 13
368.68560791015625
 23
279.5605163574219
 33
25.47112274169922
  0
3DFACE
  8
0
1001
WEBCAD
1000
S3D3
 10
358.7667541503906
 20
275.5174865722656
 30
41.21314239501953
 11
368.68560791015625
 21
279.5605163574219
 31
25.47112274169922
 12
352.3521423339844
 22
284.0954895019531
 32
25.47112274169922
 13
352.3521423339844
 23
284.0954895019531
 33
25.47112274169922
  0
3DFACE
  8
0
1001
WEBCAD
1000
S3D3
 10
381.18353271484375
 20
181.7581024169922
 30
-66.68426513671875
 11
366.359375
 21
186.4471893310547
 31
-75.30015563964844
 12
370.0968933105469
 22
192.65902709960938
 32
-75.30015563964844
 13
370.0968933105469
 23
192.65902709960938
 33
-75.30015563964844
  0
3DFACE
  8
0
1001
WEBCAD
1000
S3D3
 10
381.18353271484375
 20
181.7581024169922
 30
-66.68426513671875
 11
374.84344482421875
 21
173.41781616210938
 31
-66.68426513671875
 12
366.359375
 22
186.4471893310547
 32
-75.30015563964844
 13
366.359375
 23
186.4471893310547
 33
-75.30015563964844
  0
3DFACE
  8
0
1001
WEBCAD
1000
S3D3
 10
269.4290771484375
 20
248.99853515625
 30
8.61589241027832
 11
274.4101867675781
 21
256.34515380859375
 31
-8.61589241027832
 12
265.2714538574219
 22
241.15643310546875
 32
-8.61589241027832
 13
265.2714538574219
 23
241.15643310546875
 33
-8.61589241027832
  0
3DFACE
  8
0
1001
WEBCAD
1000
S3D3
 10
269.4290771484375
 20
248.99853515625
 30
8.61589241027832
 11
280.15643310546875
 21
263.1101379394531
 31
8.61589241027832
 12
274.4101867675781
 22
256.34515380859375
 32
-8.61589241027832
 13
274.4101867675781
 23
256.34515380859375
 33
-8.61589241027832
  0
3DFACE
  8
0
1001
WEBCAD
1000
S3D3
 10
282.7574462890625
 20
152.8259735107422
 30
-25.47112274169922
 11
272.4989318847656
 21
166.32081604003906
 31
-25.47112274169922
 12
282.8420104980469
 22
163.53683471679688
 32
-41.21314239501953
 13
282.8420104980469
 23
163.53683471679688
 33
-41.21314239501953
  0
3DFACE
  8
0
1001
WEBCAD
1000
S3D3
 10
282.7574462890625
 20
152.8259735107422
 30
-25.47112274169922
 11
282.8420104980469
 21
163.53683471679688
 31
-41.21314239501953
 12
293.4571838378906
 22
152.33053588867188
 32
-41.21314239501953
 13
293.4571838378906
 23
152.33053588867188
 33
-41.21314239501953
  0
3DFACE
  8
0
1001
WEBCAD
1000
S3D3
 10
384.14031982421875
 20
248.86094665527344
 30
55.15394973754883
 11
392.1562194824219
 21
238.31622314453125
 31
55.15394973754883
 12
396.4974365234375
 22
249.93544006347656
 32
41.21314239501953
 13
396.4974365234375
 23
249.93544006347656
 33
41.21314239501953
  0
3DFACE
  8
0
1001
WEBCAD
1000
S3D3
 10
384.14031982421875
 20
248.86094665527344
 30
55.15394973754883
 11
396.4974365234375
 21
249.93544006347656
 31
41.21314239501953
 12
385.88226318359375
 22
261.1417541503906
 32
41.21314239501953
 13
385.88226318359375
 23
261.1417541503906
 33
41.21314239501953
  0
3DFACE
  8
0
1001
WEBCAD
1000
S3D3
 10
368.3619079589844
 20
152.61691284179688
 30
-55.15394973754883
 11
356.05706787109375
 21
147.71420288085938
 31
-55.15394973754883
 12
357.6025085449219
 22
161.7281951904297
 32
-66.68426513671875
 13
357.6025085449219
 23
161.7281951904297
 33
-66.68426513671875
  0
3DFACE
  8
0
1001
WEBCAD
1000
S3D3
 10
368.3619079589844
 20
152.61691284179688
 30
-55.15394973754883
 11
357.6025085449219
 21
161.7281951904297
 31
-66.68426513671875
 12
366.858642578125
 22
166.63546752929688
 32
-66.68426513671875
 13
366.858642578125
 23
166.63546752929688
 33
-66.68426513671875
  0
3DFACE
  8
0
1001
WEBCAD
1000
S3D3
 10
302.9502258300781
 20
275.9964599609375
 30
25.47112274169922
 11
309.3277282714844
 21
282.8887634277344
 31
8.61589241027832
 12
293.6665344238281
 22
274.5857238769531
 32
8.61589241027832
 13
293.6665344238281
 23
274.5857238769531
 33
8.61589241027832
  0
3DFACE
  8
0
1001
WEBCAD
1000
S3D3
 10
302.9502258300781
 20
275.9964599609375
 30
25.47112274169922
 11
318.6976318359375
 21
282.27081298828125
 31
25.47112274169922
 12
309.3277282714844
 22
282.8887634277344
 32
8.61589241027832
 13
309.3277282714844
 23
282.8887634277344
 33
8.61589241027832
  0
3DFACE
  8
0
1001
WEBCAD
1000
S3D3
 10
259.6114807128906
 20
189.11399841308594
 30
-8.61589241027832
 11
257.6949768066406
 21
206.73614501953125
 31
-8.61589241027832
 12
261.7372131347656
 22
198.26046752929688
 32
-25.47112274169922
 13
261.7372131347656
 23
198.26046752929688
 33
-25.47112274169922
  0
3DFACE
  8
0
1001
WEBCAD
1000
S3D3
 10
259.6114807128906
 20
189.11399841308594
 30
-8.61589241027832
 11
261.7372131347656
 21
198.26046752929688
 31
-25.47112274169922
 12
265.3812255859375
 22
181.7054443359375
 32
-25.47112274169922
 13
265.3812255859375
 23
181.7054443359375
 33
-25.47112274169922
  0
3DFACE
  8
0
1001
WEBCAD
1000
S3D3
 10
386.9859619140625
 20
217.15122985839844
 30
66.68426513671875
 11
388.11865234375
 21
206.73614501953125
 31
66.68426513671875
 12
400.5653076171875
 22
213.3589324951172
 32
55.15394973754883
 13
400.5653076171875
 23
213.3589324951172
 33
55.15394973754883
  0
3DFACE
  8
0
1001
WEBCAD
1000
S3D3
 10
386.9859619140625
 20
217.15122985839844
 30
66.68426513671875
 11
400.5653076171875
 21
213.3589324951172
 31
55.15394973754883
 12
397.7178955078125
 22
226.2948455810547
 32
55.15394973754883
 13
397.7178955078125
 23
226.2948455810547
 33
55.15394973754883
  0
3DFACE
  8
0
1001
WEBCAD
1000
S3D3
 10
335.80511474609375
 20
135.45758056640625
 30
-41.21314239501953
 11
320.5726623535156
 21
137.95480346679688
 31
-41.21314239501953
 12
329.75982666015625
 22
146.2884063720703
 32
-55.15394973754883
 13
329.75982666015625
 23
146.2884063720703
 33
-55.15394973754883
  0
3DFACE
  8
0
1001
WEBCAD
1000
S3D3
 10
335.80511474609375
 20
135.45758056640625
 30
-41.21314239501953
 11
329.75982666015625
 21
146.2884063720703
 31
-55.15394973754883
 12
342.9859619140625
 22
145.57130432128906
 32
-55.15394973754883
 13
342.9859619140625
 23
145.57130432128906
 33
-55.15394973754883
  0
3DFACE
  8
0
1001
WEBCAD
1000
S3D3
 10
343.5343322753906
 20
278.01470947265625
 30
41.21314239501953
 11
358.7667541503906
 21
275.5174865722656
 31
41.21314239501953
 12
352.3521423339844
 22
284.0954895019531
 32
25.47112274169922
 13
352.3521423339844
 23
284.0954895019531
 33
25.47112274169922
  0
3DFACE
  8
0
1001
WEBCAD
1000
S3D3
 10
343.5343322753906
 20
278.01470947265625
 30
41.21314239501953
 11
352.3521423339844
 21
284.0954895019531
 31
25.47112274169922
 12
335.4256591796875
 22
285.0132141113281
 32
25.47112274169922
 13
335.4256591796875
 23
285.0132141113281
 33
25.47112274169922
  0
3DFACE
  8
0
1001
WEBCAD
1000
S3D3
 10
385.58251953125
 20
191.2663116455078
 30
-66.68426513671875
 11
381.18353271484375
 21
181.7581024169922
 31
-66.68426513671875
 12
370.0968933105469
 22
192.65902709960938
 32
-75.30015563964844
 13
370.0968933105469
 23
192.65902709960938
 33
-75.30015563964844
  0
3DFACE
  8
0
1001
WEBCAD
1000
S3D3
 10
385.58251953125
 20
191.2663116455078
 30
-66.68426513671875
 11
370.0968933105469
 21
192.65902709960938
 31
-75.30015563964844
 12
372.41168212890625
 22
199.52908325195312
 32
-75.30015563964844
 13
372.41168212890625
 23
199.52908325195312
 33
-75.30015563964844
  0
3DFACE
  8
0
1001
WEBCAD
1000
S3D3
 10
261.986083984375
 20
232.91079711914062
 30
8.61589241027832
 11
269.4290771484375
 21
248.99853515625
 31
8.61589241027832
 12
265.2714538574219
 22
241.15643310546875
 32
-8.61589241027832
 13
265.2714538574219
 23
241.15643310546875
 33
-8.61589241027832
  0
3DFACE
  8
0
1001
WEBCAD
1000
S3D3
 10
261.986083984375
 20
232.91079711914062
 30
8.61589241027832
 11
265.2714538574219
 21
241.15643310546875
 31
-8.61589241027832
 12
259.6114807128906
 22
224.35829162597656
 32
-8.61589241027832
 13
259.6114807128906
 23
224.35829162597656
 33
-8.61589241027832
  0
3DFACE
  8
0
1001
WEBCAD
1000
S3D3
 10
295.6770935058594
 20
141.85189819335938
 30
-25.47112274169922
 11
282.7574462890625
 21
152.8259735107422
 31
-25.47112274169922
 12
293.4571838378906
 22
152.33053588867188
 32
-41.21314239501953
 13
293.4571838378906
 23
152.33053588867188
 33
-41.21314239501953
  0
3DFACE
  8
0
1001
WEBCAD
1000
S3D3
 10
295.6770935058594
 20
141.85189819335938
 30
-25.47112274169922
 11
293.4571838378906
 21
152.33053588867188
 31
-41.21314239501953
 12
306.2331848144531
 22
143.66818237304688
 32
-41.21314239501953
 13
306.2331848144531
 23
143.66818237304688
 33
-41.21314239501953
  0
3DFACE
  8
0
1001
WEBCAD
1000
S3D3
 10
374.0450439453125
 20
257.4359436035156
 30
55.15394973754883
 11
384.14031982421875
 21
248.86094665527344
 31
55.15394973754883
 12
385.88226318359375
 22
261.1417541503906
 32
41.21314239501953
 13
385.88226318359375
 23
261.1417541503906
 33
41.21314239501953
  0
3DFACE
  8
0
1001
WEBCAD
1000
S3D3
 10
374.0450439453125
 20
257.4359436035156
 30
55.15394973754883
 11
385.88226318359375
 21
261.1417541503906
 31
41.21314239501953
 12
373.1062316894531
 22
269.8041076660156
 32
41.21314239501953
 13
373.1062316894531
 23
269.8041076660156
 33
41.21314239501953
  0
3DFACE
  8
0
1001
WEBCAD
1000
S3D3
 10
379.32513427734375
 20
160.05015563964844
 30
-55.15394973754883
 11
368.3619079589844
 21
152.61691284179688
 31
-55.15394973754883
 12
366.858642578125
 22
166.63546752929688
 32
-66.68426513671875
 13
366.858642578125
 23
166.63546752929688
 33
-66.68426513671875
  0
3DFACE
  8
0
1001
WEBCAD
1000
S3D3
 10
379.32513427734375
 20
160.05015563964844
 30
-55.15394973754883
 11
366.858642578125
 21
166.63546752929688
 31
-66.68426513671875
 12
374.84344482421875
 22
173.41781616210938
 32
-66.68426513671875
 13
374.84344482421875
 23
173.41781616210938
 33
-66.68426513671875
  0
3DFACE
  8
0
1001
WEBCAD
1000
S3D3
 10
288.9197692871094
 20
266.48358154296875
 30
25.47112274169922
 11
302.9502258300781
 21
275.9964599609375
 31
25.47112274169922
 12
293.6665344238281
 22
274.5857238769531
 32
8.61589241027832
 13
293.6665344238281
 23
274.5857238769531
 33
8.61589241027832
  0
3DFACE
  8
0
1001
WEBCAD
1000
S3D3
 10
288.9197692871094
 20
266.48358154296875
 30
25.47112274169922
 11
293.6665344238281
 21
274.5857238769531
 31
8.61589241027832
 12
280.15643310546875
 22
263.1101379394531
 32
8.61589241027832
 13
280.15643310546875
 23
263.1101379394531
 33
8.61589241027832
  0
3DFACE
  8
0
1001
WEBCAD
1000
S3D3
 10
265.2714538574219
 20
172.3158416748047
 30
-8.61589241027832
 11
259.6114807128906
 21
189.11399841308594
 31
-8.61589241027832
 12
265.3812255859375
 22
181.7054443359375
 32
-25.47112274169922
 13
265.3812255859375
 23
181.7054443359375
 33
-25.47112274169922
  0
3DFACE
  8
0
1001
WEBCAD
1000
S3D3
 10
265.2714538574219
 20
172.3158416748047
 30
-8.61589241027832
 11
265.3812255859375
 21
181.7054443359375
 31
-25.47112274169922
 12
272.4989318847656
 22
166.32081604003906
 32
-25.47112274169922
 13
272.4989318847656
 23
166.32081604003906
 33
-25.47112274169922
  0
3DFACE
  8
0
1001
WEBCAD
1000
S3D3
 10
383.6407775878906
 20
227.07933044433594
 30
66.68426513671875
 11
397.7178955078125
 21
226.2948455810547
 31
55.15394973754883
 12
392.1562194824219
 22
238.31622314453125
 32
55.15394973754883
 13
392.1562194824219
 23
238.31622314453125
 33
55.15394973754883
  0
3DFACE
  8
0
1001
WEBCAD
1000
S3D3
 10
383.6407775878906
 20
227.07933044433594
 30
66.68426513671875
 11
386.9859619140625
 21
217.15122985839844
 31
66.68426513671875
 12
397.7178955078125
 22
226.2948455810547
 32
55.15394973754883
 13
397.7178955078125
 23
226.2948455810547
 33
55.15394973754883
  0
3DFACE
  8
0
1001
WEBCAD
1000
S3D3
 10
351.2182312011719
 20
136.2932586669922
 30
-41.21314239501953
 11
342.9859619140625
 21
145.57130432128906
 31
-55.15394973754883
 12
356.05706787109375
 22
147.71420288085938
 32
-55.15394973754883
 13
356.05706787109375
 23
147.71420288085938
 33
-55.15394973754883
  0
3DFACE
  8
0
1001
WEBCAD
1000
S3D3
 10
351.2182312011719
 20
136.2932586669922
 30
-41.21314239501953
 11
335.80511474609375
 21
135.45758056640625
 31
-41.21314239501953
 12
342.9859619140625
 22
145.57130432128906
 32
-55.15394973754883
 13
342.9859619140625
 23
145.57130432128906
 33
-55.15394973754883
  0
3DFACE
  8
0
1001
WEBCAD
1000
S3D3
 10
328.1211853027344
 20
277.17901611328125
 30
41.21314239501953
 11
343.5343322753906
 21
278.01470947265625
 31
41.21314239501953
 12
335.4256591796875
 22
285.0132141113281
 32
25.47112274169922
 13
335.4256591796875
 23
285.0132141113281
 33
25.47112274169922
  0
3DFACE
  8
0
1001
WEBCAD
1000
S3D3
 10
328.1211853027344
 20
277.17901611328125
 30
41.21314239501953
 11
335.4256591796875
 21
285.0132141113281
 31
25.47112274169922
 12
318.6976318359375
 22
282.27081298828125
 32
25.47112274169922
 13
318.6976318359375
 23
282.27081298828125
 33
25.47112274169922
  0
3DFACE
  8
0
1001
WEBCAD
1000
S3D3
 10
387.83465576171875
 20
201.4978790283203
 30
-66.68426513671875
 11
373.19549560546875
 21
206.73614501953125
 31
-75.30015563964844
 12
388.11865234375
 22
206.73614501953125
 32
-66.68426513671875
 13
388.11865234375
 23
206.73614501953125
 33
-66.68426513671875
  0
3DFACE
  8
0
1001
WEBCAD
1000
S3D3
 10
387.83465576171875
 20
201.4978790283203
 30
-66.68426513671875
 11
388.11865234375
 21
206.73614501953125
 31
-66.68426513671875
 12
400.92437744140625
 22
206.73614501953125
 32
-55.15394973754883
 13
400.92437744140625
 23
206.73614501953125
 33
-55.15394973754883
  0
3DFACE
  8
0
1001
WEBCAD
1000
S3D3
 10
387.83465576171875
 20
201.4978790283203
 30
-66.68426513671875
 11
385.58251953125
 21
191.2663116455078
 31
-66.68426513671875
 12
372.41168212890625
 22
199.52908325195312
 32
-75.30015563964844
 13
372.41168212890625
 23
199.52908325195312
 33
-75.30015563964844
  0
3DFACE
  8
0
1001
WEBCAD
1000
S3D3
 10
387.83465576171875
 20
201.4978790283203
 30
-66.68426513671875
 11
372.41168212890625
 21
199.52908325195312
 31
-75.30015563964844
 12
373.19549560546875
 22
206.73614501953125
 32
-75.30015563964844
 13
373.19549560546875
 23
206.73614501953125
 33
-75.30015563964844
  0
3DFACE
  8
0
1001
WEBCAD
1000
S3D3
 10
258.1755065917969
 20
215.5991668701172
 30
8.61589241027832
 11
259.6114807128906
 21
224.35829162597656
 31
-8.61589241027832
 12
257.6949768066406
 22
206.73614501953125
 32
-8.61589241027832
 13
257.6949768066406
 23
206.73614501953125
 33
-8.61589241027832
  0
3DFACE
  8
0
1001
WEBCAD
1000
S3D3
 10
258.1755065917969
 20
215.5991668701172
 30
8.61589241027832
 11
261.986083984375
 21
232.91079711914062
 31
8.61589241027832
 12
259.6114807128906
 22
224.35829162597656
 32
-8.61589241027832
 13
259.6114807128906
 23
224.35829162597656
 33
-8.61589241027832
  0
3DFACE
  8
0
1001
WEBCAD
1000
S3D3
 10
310.65380859375
 20
133.9117431640625
 30
-25.47112274169922
 11
295.6770935058594
 21
141.85189819335938
 31
-25.47112274169922
 12
306.2331848144531
 22
143.66818237304688
 32
-41.21314239501953
 13
306.2331848144531
 23
143.66818237304688
 33
-41.21314239501953
  0
3DFACE
  8
0
1001
WEBCAD
1000
S3D3
 10
310.65380859375
 20
133.9117431640625
 30
-25.47112274169922
 11
306.2331848144531
 21
143.66818237304688
 31
-41.21314239501953
 12
320.5726623535156
 22
137.95480346679688
 32
-41.21314239501953
 13
320.5726623535156
 23
137.95480346679688
 33
-41.21314239501953
  0
3DFACE
  8
0
1001
WEBCAD
1000
S3D3
 10
362.3424072265625
 20
263.6402893066406
 30
55.15394973754883
 11
374.0450439453125
 21
257.4359436035156
 31
55.15394973754883
 12
373.1062316894531
 22
269.8041076660156
 32
41.21314239501953
 13
373.1062316894531
 23
269.8041076660156
 33
41.21314239501953
  0
3DFACE
  8
0
1001
WEBCAD
1000
S3D3
 10
362.3424072265625
 20
263.6402893066406
 30
55.15394973754883
 11
373.1062316894531
 21
269.8041076660156
 31
41.21314239501953
 12
358.7667541503906
 22
275.5174865722656
 32
41.21314239501953
 13
358.7667541503906
 23
275.5174865722656
 33
41.21314239501953
  0
3DFACE
  8
0
1001
WEBCAD
1000
S3D3
 10
388.4341125488281
 20
169.66639709472656
 30
-55.15394973754883
 11
374.84344482421875
 21
173.41781616210938
 31
-66.68426513671875
 12
381.18353271484375
 22
181.7581024169922
 32
-66.68426513671875
 13
381.18353271484375
 23
181.7581024169922
 33
-66.68426513671875
  0
3DFACE
  8
0
1001
WEBCAD
1000
S3D3
 10
388.4341125488281
 20
169.66639709472656
 30
-55.15394973754883
 11
379.32513427734375
 21
160.05015563964844
 31
-55.15394973754883
 12
374.84344482421875
 22
173.41781616210938
 32
-66.68426513671875
 13
374.84344482421875
 23
173.41781616210938
 33
-66.68426513671875
  0
3DFACE
  8
0
1001
WEBCAD
1000
S3D3
 10
277.2623291015625
 20
254.17698669433594
 30
25.47112274169922
 11
280.15643310546875
 21
263.1101379394531
 31
8.61589241027832
 12
269.4290771484375
 22
248.99853515625
 32
8.61589241027832
 13
269.4290771484375
 23
248.99853515625
 33
8.61589241027832
  0
3DFACE
  8
0
1001
WEBCAD
1000
S3D3
 10
277.2623291015625
 20
254.17698669433594
 30
25.47112274169922
 11
288.9197692871094
 21
266.48358154296875
 31
25.47112274169922
 12
280.15643310546875
 22
263.1101379394531
 32
8.61589241027832
 13
280.15643310546875
 23
263.1101379394531
 33
8.61589241027832
  0
3DFACE
  8
0
1001
WEBCAD
1000
S3D3
 10
274.4101867675781
 20
157.12713623046875
 30
-8.61589241027832
 11
272.4989318847656
 21
166.32081604003906
 31
-25.47112274169922
 12
282.7574462890625
 22
152.8259735107422
 32
-25.47112274169922
 13
282.7574462890625
 23
152.8259735107422
 33
-25.47112274169922
  0
3DFACE
  8
0
1001
WEBCAD
1000
S3D3
 10
274.4101867675781
 20
157.12713623046875
 30
-8.61589241027832
 11
265.2714538574219
 21
172.3158416748047
 31
-8.61589241027832
 12
272.4989318847656
 22
166.32081604003906
 32
-25.47112274169922
 13
272.4989318847656
 23
166.32081604003906
 33
-25.47112274169922
  0
3DFACE
  8
0
1001
WEBCAD
1000
S3D3
 10
378.2395935058594
 20
236.0561981201172
 30
66.68426513671875
 11
392.1562194824219
 21
238.31622314453125
 31
55.15394973754883
 12
384.14031982421875
 22
248.86094665527344
 32
55.15394973754883
 13
384.14031982421875
 23
248.86094665527344
 33
55.15394973754883
  0
3DFACE
  8
0
1001
WEBCAD
1000
S3D3
 10
378.2395935058594
 20
236.0561981201172
 30
66.68426513671875
 11
383.6407775878906
 21
227.07933044433594
 31
66.68426513671875
 12
392.1562194824219
 22
238.31622314453125
 32
55.15394973754883
 13
392.1562194824219
 23
238.31622314453125
 33
55.15394973754883
  0
3DFACE
  8
0
1001
WEBCAD
1000
S3D3
 10
366.09136962890625
 20
140.42276000976562
 30
-41.21314239501953
 11
356.05706787109375
 21
147.71420288085938
 31
-55.15394973754883
 12
368.3619079589844
 22
152.61691284179688
 32
-55.15394973754883
 13
368.3619079589844
 23
152.61691284179688
 33
-55.15394973754883
  0
3DFACE
  8
0
1001
WEBCAD
1000
S3D3
 10
366.09136962890625
 20
140.42276000976562
 30
-41.21314239501953
 11
351.2182312011719
 21
136.2932586669922
 31
-41.21314239501953
 12
356.05706787109375
 22
147.71420288085938
 32
-55.15394973754883
 13
356.05706787109375
 23
147.71420288085938
 33
-55.15394973754883
  0
3DFACE
  8
0
1001
WEBCAD
1000
S3D3
 10
313.248046875
 20
273.0495300292969
 30
41.21314239501953
 11
318.6976318359375
 21
282.27081298828125
 31
25.47112274169922
 12
302.9502258300781
 22
275.9964599609375
 32
25.47112274169922
 13
302.9502258300781
 23
275.9964599609375
 33
25.47112274169922
  0
3DFACE
  8
0
1001
WEBCAD
1000
S3D3
 10
313.248046875
 20
273.0495300292969
 30
41.21314239501953
 11
328.1211853027344
 21
277.17901611328125
 31
41.21314239501953
 12
318.6976318359375
 22
282.27081298828125
 32
25.47112274169922
 13
318.6976318359375
 23
282.27081298828125
 33
25.47112274169922
  0
3DFACE
  8
0
1001
WEBCAD
1000
S3D3
 10
258.1755065917969
 20
197.87310791015625
 30
8.61589241027832
 11
257.6949768066406
 21
206.73614501953125
 31
-8.61589241027832
 12
259.6114807128906
 22
189.11399841308594
 32
-8.61589241027832
 13
259.6114807128906
 23
189.11399841308594
 33
-8.61589241027832
  0
3DFACE
  8
0
1001
WEBCAD
1000
S3D3
 10
258.1755065917969
 20
197.87310791015625
 30
8.61589241027832
 11
258.1755065917969
 21
215.5991668701172
 31
8.61589241027832
 12
257.6949768066406
 22
206.73614501953125
 32
-8.61589241027832
 13
257.6949768066406
 23
206.73614501953125
 33
-8.61589241027832
  0
3DFACE
  8
0
1001
WEBCAD
1000
S3D3
 10
372.99896240234375
 20
210.3609161376953
 30
75.30015563964844
 11
388.11865234375
 21
206.73614501953125
 31
66.68426513671875
 12
386.9859619140625
 22
217.15122985839844
 32
66.68426513671875
 13
386.9859619140625
 23
217.15122985839844
 33
66.68426513671875
  0
3DFACE
  8
0
1001
WEBCAD
1000
S3D3
 10
372.99896240234375
 20
210.3609161376953
 30
75.30015563964844
 11
373.19549560546875
 21
206.73614501953125
 31
75.30015563964844
 12
388.11865234375
 22
206.73614501953125
 32
66.68426513671875
 13
388.11865234375
 23
206.73614501953125
 33
66.68426513671875
  0
3DFACE
  8
0
1001
WEBCAD
1000
S3D3
 10
372.99896240234375
 20
210.3609161376953
 30
75.30015563964844
 11
356.8070983886719
 21
206.73614501953125
 31
80.62506866455078
 12
373.19549560546875
 22
206.73614501953125
 32
75.30015563964844
 13
373.19549560546875
 23
206.73614501953125
 33
75.30015563964844
  0
3DFACE
  8
0
1001
WEBCAD
1000
S3D3
 10
326.9873046875
 20
129.3767852783203
 30
-25.47112274169922
 11
320.5726623535156
 21
137.95480346679688
 31
-41.21314239501953
 12
335.80511474609375
 22
135.45758056640625
 32
-41.21314239501953
 13
335.80511474609375
 23
135.45758056640625
 33
-41.21314239501953
  0
3DFACE
  8
0
1001
WEBCAD
1000
S3D3
 10
326.9873046875
 20
129.3767852783203
 30
-25.47112274169922
 11
310.65380859375
 21
133.9117431640625
 31
-25.47112274169922
 12
320.5726623535156
 22
137.95480346679688
 32
-41.21314239501953
 13
320.5726623535156
 23
137.95480346679688
 33
-41.21314239501953
  0
3DFACE
  8
0
1001
WEBCAD
1000
S3D3
 10
349.5796203613281
 20
267.1838684082031
 30
55.15394973754883
 11
358.7667541503906
 21
275.5174865722656
 31
41.21314239501953
 12
343.5343322753906
 22
278.01470947265625
 32
41.21314239501953
 13
343.5343322753906
 23
278.01470947265625
 33
41.21314239501953
  0
3DFACE
  8
0
1001
WEBCAD
1000
S3D3
 10
349.5796203613281
 20
267.1838684082031
 30
55.15394973754883
 11
362.3424072265625
 21
263.6402893066406
 31
55.15394973754883
 12
358.7667541503906
 22
275.5174865722656
 32
41.21314239501953
 13
358.7667541503906
 23
275.5174865722656
 33
41.21314239501953
  0
3DFACE
  8
0
1001
WEBCAD
1000
S3D3
 10
395.262939453125
 20
181.01597595214844
 30
-55.15394973754883
 11
381.18353271484375
 21
181.7581024169922
 31
-66.68426513671875
 12
385.58251953125
 22
191.2663116455078
 32
-66.68426513671875
 13
385.58251953125
 23
191.2663116455078
 33
-66.68426513671875
  0
3DFACE
  8
0
1001
WEBCAD
1000
S3D3
 10
395.262939453125
 20
181.01597595214844
 30
-55.15394973754883
 11
388.4341125488281
 21
169.66639709472656
 31
-55.15394973754883
 12
381.18353271484375
 22
181.7581024169922
 32
-66.68426513671875
 13
381.18353271484375
 23
181.7581024169922
 33
-66.68426513671875
  0
3DFACE
  8
0
1001
WEBCAD
1000
S3D3
 10
268.52301025390625
 20
239.65211486816406
 30
25.47112274169922
 11
269.4290771484375
 21
248.99853515625
 31
8.61589241027832
 12
261.986083984375
 22
232.91079711914062
 32
8.61589241027832
 13
261.986083984375
 23
232.91079711914062
 33
8.61589241027832
  0
3DFACE
  8
0
1001
WEBCAD
1000
S3D3
 10
268.52301025390625
 20
239.65211486816406
 30
25.47112274169922
 11
277.2623291015625
 21
254.17698669433594
 31
25.47112274169922
 12
269.4290771484375
 22
248.99853515625
 32
8.61589241027832
 13
269.4290771484375
 23
248.99853515625
 33
8.61589241027832
  0
3DFACE
  8
0
1001
WEBCAD
1000
S3D3
 10
286.60040283203125
 20
144.2581024169922
 30
-8.61589241027832
 11
274.4101867675781
 21
157.12713623046875
 31
-8.61589241027832
 12
282.7574462890625
 22
152.8259735107422
 32
-25.47112274169922
 13
282.7574462890625
 23
152.8259735107422
 33
-25.47112274169922
  0
3DFACE
  8
0
1001
WEBCAD
1000
S3D3
 10
286.60040283203125
 20
144.2581024169922
 30
-8.61589241027832
 11
282.7574462890625
 21
152.8259735107422
 31
-25.47112274169922
 12
295.6770935058594
 22
141.85189819335938
 32
-25.47112274169922
 13
295.6770935058594
 23
141.85189819335938
 33
-25.47112274169922
  0
3DFACE
  8
0
1001
WEBCAD
1000
S3D3
 10
371.034912109375
 20
243.66209411621094
 30
66.68426513671875
 11
378.2395935058594
 21
236.0561981201172
 31
66.68426513671875
 12
384.14031982421875
 22
248.86094665527344
 32
55.15394973754883
 13
384.14031982421875
 23
248.86094665527344
 33
55.15394973754883
  0
3DFACE
  8
0
1001
WEBCAD
1000
S3D3
 10
371.034912109375
 20
243.66209411621094
 30
66.68426513671875
 11
384.14031982421875
 21
248.86094665527344
 31
55.15394973754883
 12
374.0450439453125
 22
257.4359436035156
 32
55.15394973754883
 13
374.0450439453125
 23
257.4359436035156
 33
55.15394973754883
  0
3DFACE
  8
0
1001
WEBCAD
1000
S3D3
 10
379.72906494140625
 20
147.6529998779297
 30
-41.21314239501953
 11
368.3619079589844
 21
152.61691284179688
 31
-55.15394973754883
 12
379.32513427734375
 22
160.05015563964844
 32
-55.15394973754883
 13
379.32513427734375
 23
160.05015563964844
 33
-55.15394973754883
  0
3DFACE
  8
0
1001
WEBCAD
1000
S3D3
 10
379.72906494140625
 20
147.6529998779297
 30
-41.21314239501953
 11
366.09136962890625
 21
140.42276000976562
 31
-41.21314239501953
 12
368.3619079589844
 22
152.61691284179688
 32
-55.15394973754883
 13
368.3619079589844
 23
152.61691284179688
 33
-55.15394973754883
  0
3DFACE
  8
0
1001
WEBCAD
1000
S3D3
 10
299.6103515625
 20
265.81927490234375
 30
41.21314239501953
 11
313.248046875
 21
273.0495300292969
 31
41.21314239501953
 12
302.9502258300781
 22
275.9964599609375
 32
25.47112274169922
 13
302.9502258300781
 23
275.9964599609375
 33
25.47112274169922
  0
3DFACE
  8
0
1001
WEBCAD
1000
S3D3
 10
299.6103515625
 20
265.81927490234375
 30
41.21314239501953
 11
302.9502258300781
 21
275.9964599609375
 31
25.47112274169922
 12
288.9197692871094
 22
266.48358154296875
 32
25.47112274169922
 13
288.9197692871094
 23
266.48358154296875
 33
25.47112274169922
  0
3DFACE
  8
0
1001
WEBCAD
1000
S3D3
 10
261.986083984375
 20
180.5614776611328
 30
8.61589241027832
 11
258.1755065917969
 21
197.87310791015625
 31
8.61589241027832
 12
259.6114807128906
 22
189.11399841308594
 32
-8.61589241027832
 13
259.6114807128906
 23
189.11399841308594
 33
-8.61589241027832
  0
3DFACE
  8
0
1001
WEBCAD
1000
S3D3
 10
261.986083984375
 20
180.5614776611328
 30
8.61589241027832
 11
259.6114807128906
 21
189.11399841308594
 31
-8.61589241027832
 12
265.2714538574219
 22
172.3158416748047
 32
-8.61589241027832
 13
265.2714538574219
 23
172.3158416748047
 33
-8.61589241027832
  0
3DFACE
  8
0
1001
WEBCAD
1000
S3D3
 10
371.4405212402344
 20
217.44097900390625
 30
75.30015563964844
 11
372.99896240234375
 21
210.3609161376953
 31
75.30015563964844
 12
386.9859619140625
 22
217.15122985839844
 32
66.68426513671875
 13
386.9859619140625
 23
217.15122985839844
 33
66.68426513671875
  0
3DFACE
  8
0
1001
WEBCAD
1000
S3D3
 10
371.4405212402344
 20
217.44097900390625
 30
75.30015563964844
 11
386.9859619140625
 21
217.15122985839844
 31
66.68426513671875
 12
383.6407775878906
 22
227.07933044433594
 32
66.68426513671875
 13
383.6407775878906
 23
227.07933044433594
 33
66.68426513671875
  0
3DFACE
  8
0
1001
WEBCAD
1000
S3D3
 10
343.9137878417969
 20
128.4590606689453
 30
-25.47112274169922
 11
335.80511474609375
 21
135.45758056640625
 31
-41.21314239501953
 12
351.2182312011719
 22
136.2932586669922
 32
-41.21314239501953
 13
351.2182312011719
 23
136.2932586669922
 33
-41.21314239501953
  0
3DFACE
  8
0
1001
WEBCAD
1000
S3D3
 10
343.9137878417969
 20
128.4590606689453
 30
-25.47112274169922
 11
326.9873046875
 21
129.3767852783203
 31
-25.47112274169922
 12
335.80511474609375
 22
135.45758056640625
 32
-41.21314239501953
 13
335.80511474609375
 23
135.45758056640625
 33
-41.21314239501953
  0
3DFACE
  8
0
1001
WEBCAD
1000
S3D3
 10
336.35345458984375
 20
267.9009704589844
 30
55.15394973754883
 11
349.5796203613281
 21
267.1838684082031
 31
55.15394973754883
 12
343.5343322753906
 22
278.01470947265625
 32
41.21314239501953
 13
343.5343322753906
 23
278.01470947265625
 33
41.21314239501953
  0
3DFACE
  8
0
1001
WEBCAD
1000
S3D3
 10
336.35345458984375
 20
267.9009704589844
 30
55.15394973754883
 11
343.5343322753906
 21
278.01470947265625
 31
41.21314239501953
 12
328.1211853027344
 22
277.17901611328125
 32
41.21314239501953
 13
328.1211853027344
 23
277.17901611328125
 33
41.21314239501953
  0
3DFACE
  8
0
1001
WEBCAD
1000
S3D3
 10
399.4922790527344
 20
193.5681915283203
 30
-55.15394973754883
 11
395.262939453125
 21
181.01597595214844
 31
-55.15394973754883
 12
385.58251953125
 22
191.2663116455078
 32
-66.68426513671875
 13
385.58251953125
 23
191.2663116455078
 33
-66.68426513671875
  0
3DFACE
  8
0
1001
WEBCAD
1000
S3D3
 10
399.4922790527344
 20
193.5681915283203
 30
-55.15394973754883
 11
387.83465576171875
 21
201.4978790283203
 31
-66.68426513671875
 12
400.92437744140625
 22
206.73614501953125
 32
-55.15394973754883
 13
400.92437744140625
 23
206.73614501953125
 33
-55.15394973754883
  0
3DFACE
  8
0
1001
WEBCAD
1000
S3D3
 10
399.4922790527344
 20
193.5681915283203
 30
-55.15394973754883
 11
385.58251953125
 21
191.2663116455078
 31
-66.68426513671875
 12
387.83465576171875
 22
201.4978790283203
 32
-66.68426513671875
 13
387.83465576171875
 23
201.4978790283203
 33
-66.68426513671875
  0
3DFACE
  8
0
1001
WEBCAD
1000
S3D3
 10
263.11041259765625
 20
223.58811950683594
 30
25.47112274169922
 11
268.52301025390625
 21
239.65211486816406
 31
25.47112274169922
 12
261.986083984375
 22
232.91079711914062
 32
8.61589241027832
 13
261.986083984375
 23
232.91079711914062
 33
8.61589241027832
  0
3DFACE
  8
0
1001
WEBCAD
1000
S3D3
 10
263.11041259765625
 20
223.58811950683594
 30
25.47112274169922
 11
261.986083984375
 21
232.91079711914062
 31
8.61589241027832
 12
258.1755065917969
 22
215.5991668701172
 32
8.61589241027832
 13
258.1755065917969
 23
215.5991668701172
 33
8.61589241027832
  0
3DFACE
  8
0
1001
WEBCAD
1000
S3D3
 10
301.2720642089844
 20
134.3104705810547
 30
-8.61589241027832
 11
286.60040283203125
 21
144.2581024169922
 31
-8.61589241027832
 12
295.6770935058594
 22
141.85189819335938
 32
-25.47112274169922
 13
295.6770935058594
 23
141.85189819335938
 33
-25.47112274169922
  0
3DFACE
  8
0
1001
WEBCAD
1000
S3D3
 10
301.2720642089844
 20
134.3104705810547
 30
-8.61589241027832
 11
295.6770935058594
 21
141.85189819335938
 31
-25.47112274169922
 12
310.65380859375
 22
133.9117431640625
 32
-25.47112274169922
 13
310.65380859375
 23
133.9117431640625
 33
-25.47112274169922
  0
3DFACE
  8
0
1001
WEBCAD
1000
S3D3
 10
362.3636169433594
 20
249.54136657714844
 30
66.68426513671875
 11
371.034912109375
 21
243.66209411621094
 31
66.68426513671875
 12
374.0450439453125
 22
257.4359436035156
 32
55.15394973754883
 13
374.0450439453125
 23
257.4359436035156
 33
55.15394973754883
  0
3DFACE
  8
0
1001
WEBCAD
1000
S3D3
 10
362.3636169433594
 20
249.54136657714844
 30
66.68426513671875
 11
374.0450439453125
 21
257.4359436035156
 31
55.15394973754883
 12
362.3424072265625
 22
263.6402893066406
 32
55.15394973754883
 13
362.3424072265625
 23
263.6402893066406
 33
55.15394973754883
  0
3DFACE
  8
0
1001
WEBCAD
1000
S3D3
 10
391.4936218261719
 20
157.6459197998047
 30
-41.21314239501953
 11
379.72906494140625
 21
147.6529998779297
 31
-41.21314239501953
 12
379.32513427734375
 22
160.05015563964844
 32
-55.15394973754883
 13
379.32513427734375
 23
160.05015563964844
 33
-55.15394973754883
  0
3DFACE
  8
0
1001
WEBCAD
1000
S3D3
 10
391.4936218261719
 20
157.6459197998047
 30
-41.21314239501953
 11
379.32513427734375
 21
160.05015563964844
 31
-55.15394973754883
 12
388.4341125488281
 22
169.66639709472656
 32
-55.15394973754883
 13
388.4341125488281
 23
169.66639709472656
 33
-55.15394973754883
  0
3DFACE
  8
0
1001
WEBCAD
1000
S3D3
 10
287.8457946777344
 20
255.8263702392578
 30
41.21314239501953
 11
299.6103515625
 21
265.81927490234375
 31
41.21314239501953
 12
288.9197692871094
 22
266.48358154296875
 32
25.47112274169922
 13
288.9197692871094
 23
266.48358154296875
 33
25.47112274169922
  0
3DFACE
  8
0
1001
WEBCAD
1000
S3D3
 10
287.8457946777344
 20
255.8263702392578
 30
41.21314239501953
 11
288.9197692871094
 21
266.48358154296875
 31
25.47112274169922
 12
277.2623291015625
 22
254.17698669433594
 32
25.47112274169922
 13
277.2623291015625
 23
254.17698669433594
 33
25.47112274169922
  0
3DFACE
  8
0
1001
WEBCAD
1000
S3D3
 10
269.4290771484375
 20
164.47373962402344
 30
8.61589241027832
 11
265.2714538574219
 21
172.3158416748047
 31
-8.61589241027832
 12
274.4101867675781
 22
157.12713623046875
 32
-8.61589241027832
 13
274.4101867675781
 23
157.12713623046875
 33
-8.61589241027832
  0
3DFACE
  8
0
1001
WEBCAD
1000
S3D3
 10
269.4290771484375
 20
164.47373962402344
 30
8.61589241027832
 11
261.986083984375
 21
180.5614776611328
 31
8.61589241027832
 12
265.2714538574219
 22
172.3158416748047
 32
-8.61589241027832
 13
265.2714538574219
 23
172.3158416748047
 33
-8.61589241027832
  0
3DFACE
  8
0
1001
WEBCAD
1000
S3D3
 10
368.3965148925781
 20
224.02049255371094
 30
75.30015563964844
 11
371.4405212402344
 21
217.44097900390625
 31
75.30015563964844
 12
383.6407775878906
 22
227.07933044433594
 32
66.68426513671875
 13
383.6407775878906
 23
227.07933044433594
 33
66.68426513671875
  0
3DFACE
  8
0
1001
WEBCAD
1000
S3D3
 10
368.3965148925781
 20
224.02049255371094
 30
75.30015563964844
 11
383.6407775878906
 21
227.07933044433594
 31
66.68426513671875
 12
378.2395935058594
 22
236.0561981201172
 32
66.68426513671875
 13
378.2395935058594
 23
236.0561981201172
 33
66.68426513671875
  0
3DFACE
  8
0
1001
WEBCAD
1000
S3D3
 10
360.6418151855469
 20
131.20147705078125
 30
-25.47112274169922
 11
351.2182312011719
 21
136.2932586669922
 31
-41.21314239501953
 12
366.09136962890625
 22
140.42276000976562
 32
-41.21314239501953
 13
366.09136962890625
 23
140.42276000976562
 33
-41.21314239501953
  0
3DFACE
  8
0
1001
WEBCAD
1000
S3D3
 10
360.6418151855469
 20
131.20147705078125
 30
-25.47112274169922
 11
343.9137878417969
 21
128.4590606689453
 31
-25.47112274169922
 12
351.2182312011719
 22
136.2932586669922
 32
-41.21314239501953
 13
351.2182312011719
 23
136.2932586669922
 33
-41.21314239501953
  0
3DFACE
  8
0
1001
WEBCAD
1000
S3D3
 10
323.2823486328125
 20
265.758056640625
 30
55.15394973754883
 11
328.1211853027344
 21
277.17901611328125
 31
41.21314239501953
 12
313.248046875
 22
273.0495300292969
 32
41.21314239501953
 13
313.248046875
 23
273.0495300292969
 33
41.21314239501953
  0
3DFACE
  8
0
1001
WEBCAD
1000
S3D3
 10
323.2823486328125
 20
265.758056640625
 30
55.15394973754883
 11
336.35345458984375
 21
267.9009704589844
 31
55.15394973754883
 12
328.1211853027344
 22
277.17901611328125
 32
41.21314239501953
 13
328.1211853027344
 23
277.17901611328125
 33
41.21314239501953
  0
3DFACE
  8
0
1001
WEBCAD
1000
S3D3
 10
261.27764892578125
 20
206.73614501953125
 30
25.47112274169922
 11
258.1755065917969
 21
215.5991668701172
 31
8.61589241027832
 12
258.1755065917969
 22
197.87310791015625
 32
8.61589241027832
 13
258.1755065917969
 23
197.87310791015625
 33
8.61589241027832
  0
3DFACE
  8
0
1001
WEBCAD
1000
S3D3
 10
261.27764892578125
 20
206.73614501953125
 30
25.47112274169922
 11
263.11041259765625
 21
223.58811950683594
 31
25.47112274169922
 12
258.1755065917969
 22
215.5991668701172
 32
8.61589241027832
 13
258.1755065917969
 23
215.5991668701172
 33
8.61589241027832
  0
3DFACE
  8
0
1001
WEBCAD
1000
S3D3
 10
317.7391357421875
 20
127.74937438964844
 30
-8.61589241027832
 11
310.65380859375
 21
133.9117431640625
 31
-25.47112274169922
 12
326.9873046875
 22
129.3767852783203
 32
-25.47112274169922
 13
326.9873046875
 23
129.3767852783203
 33
-25.47112274169922
  0
3DFACE
  8
0
1001
WEBCAD
1000
S3D3
 10
317.7391357421875
 20
127.74937438964844
 30
-8.61589241027832
 11
301.2720642089844
 21
134.3104705810547
 31
-8.61589241027832
 12
310.65380859375
 22
133.9117431640625
 32
-25.47112274169922
 13
310.65380859375
 23
133.9117431640625
 33
-25.47112274169922
  0
3DFACE
  8
0
1001
WEBCAD
1000
S3D3
 10
352.6311950683594
 20
253.41912841796875
 30
66.68426513671875
 11
362.3636169433594
 21
249.54136657714844
 31
66.68426513671875
 12
362.3424072265625
 22
263.6402893066406
 32
55.15394973754883
 13
362.3424072265625
 23
263.6402893066406
 33
55.15394973754883
  0
3DFACE
  8
0
1001
WEBCAD
1000
S3D3
 10
352.6311950683594
 20
253.41912841796875
 30
66.68426513671875
 11
362.3424072265625
 21
263.6402893066406
 31
55.15394973754883
 12
349.5796203613281
 22
267.1838684082031
 32
55.15394973754883
 13
349.5796203613281
 23
267.1838684082031
 33
55.15394973754883
  0
3DFACE
  8
0
1001
WEBCAD
1000
S3D3
 10
400.8349609375
 20
169.93423461914062
 30
-41.21314239501953
 11
388.4341125488281
 21
169.66639709472656
 31
-55.15394973754883
 12
395.262939453125
 22
181.01597595214844
 32
-55.15394973754883
 13
395.262939453125
 23
181.01597595214844
 33
-55.15394973754883
  0
3DFACE
  8
0
1001
WEBCAD
1000
S3D3
 10
400.8349609375
 20
169.93423461914062
 30
-41.21314239501953
 11
391.4936218261719
 21
157.6459197998047
 31
-41.21314239501953
 12
388.4341125488281
 22
169.66639709472656
 32
-55.15394973754883
 13
388.4341125488281
 23
169.66639709472656
 33
-55.15394973754883
  0
3DFACE
  8
0
1001
WEBCAD
1000
S3D3
 10
278.50445556640625
 20
243.53805541992188
 30
41.21314239501953
 11
277.2623291015625
 21
254.17698669433594
 31
25.47112274169922
 12
268.52301025390625
 22
239.65211486816406
 32
25.47112274169922
 13
268.52301025390625
 23
239.65211486816406
 33
25.47112274169922
  0
3DFACE
  8
0
1001
WEBCAD
1000
S3D3
 10
278.50445556640625
 20
243.53805541992188
 30
41.21314239501953
 11
287.8457946777344
 21
255.8263702392578
 31
41.21314239501953
 12
277.2623291015625
 22
254.17698669433594
 32
25.47112274169922
 13
277.2623291015625
 23
254.17698669433594
 33
25.47112274169922
  0
3DFACE
  8
0
1001
WEBCAD
1000
S3D3
 10
280.15643310546875
 20
150.36215209960938
 30
8.61589241027832
 11
269.4290771484375
 21
164.47373962402344
 31
8.61589241027832
 12
274.4101867675781
 22
157.12713623046875
 32
-8.61589241027832
 13
274.4101867675781
 23
157.12713623046875
 33
-8.61589241027832
  0
3DFACE
  8
0
1001
WEBCAD
1000
S3D3
 10
280.15643310546875
 20
150.36215209960938
 30
8.61589241027832
 11
274.4101867675781
 21
157.12713623046875
 31
-8.61589241027832
 12
286.60040283203125
 22
144.2581024169922
 32
-8.61589241027832
 13
286.60040283203125
 23
144.2581024169922
 33
-8.61589241027832
  0
3DFACE
  8
0
1001
WEBCAD
1000
S3D3
 10
364.00927734375
 20
229.79180908203125
 30
75.30015563964844
 11
378.2395935058594
 21
236.0561981201172
 31
66.68426513671875
 12
371.034912109375
 22
243.66209411621094
 32
66.68426513671875
 13
371.034912109375
 23
243.66209411621094
 33
66.68426513671875
  0
3DFACE
  8
0
1001
WEBCAD
1000
S3D3
 10
364.00927734375
 20
229.79180908203125
 30
75.30015563964844
 11
368.3965148925781
 21
224.02049255371094
 31
75.30015563964844
 12
378.2395935058594
 22
236.0561981201172
 32
66.68426513671875
 13
378.2395935058594
 23
236.0561981201172
 33
66.68426513671875
  0
3DFACE
  8
0
1001
WEBCAD
1000
S3D3
 10
376.38922119140625
 20
137.47581481933594
 30
-25.47112274169922
 11
366.09136962890625
 21
140.42276000976562
 31
-41.21314239501953
 12
379.72906494140625
 22
147.6529998779297
 32
-41.21314239501953
 13
379.72906494140625
 23
147.6529998779297
 33
-41.21314239501953
  0
3DFACE
  8
0
1001
WEBCAD
1000
S3D3
 10
376.38922119140625
 20
137.47581481933594
 30
-25.47112274169922
 11
360.6418151855469
 21
131.20147705078125
 31
-25.47112274169922
 12
366.09136962890625
 22
140.42276000976562
 32
-41.21314239501953
 13
366.09136962890625
 23
140.42276000976562
 33
-41.21314239501953
  0
3DFACE
  8
0
1001
WEBCAD
1000
S3D3
 10
310.9775085449219
 20
260.8553771972656
 30
55.15394973754883
 11
323.2823486328125
 21
265.758056640625
 31
55.15394973754883
 12
313.248046875
 22
273.0495300292969
 32
41.21314239501953
 13
313.248046875
 23
273.0495300292969
 33
41.21314239501953
  0
3DFACE
  8
0
1001
WEBCAD
1000
S3D3
 10
310.9775085449219
 20
260.8553771972656
 30
55.15394973754883
 11
313.248046875
 21
273.0495300292969
 31
41.21314239501953
 12
299.6103515625
 22
265.81927490234375
 32
41.21314239501953
 13
299.6103515625
 23
265.81927490234375
 33
41.21314239501953
  0
3DFACE
  8
0
1001
WEBCAD
1000
S3D3
 10
263.11041259765625
 20
189.88417053222656
 30
25.47112274169922
 11
261.27764892578125
 21
206.73614501953125
 31
25.47112274169922
 12
258.1755065917969
 22
197.87310791015625
 32
8.61589241027832
 13
258.1755065917969
 23
197.87310791015625
 33
8.61589241027832
  0
3DFACE
  8
0
1001
WEBCAD
1000
S3D3
 10
263.11041259765625
 20
189.88417053222656
 30
25.47112274169922
 11
258.1755065917969
 21
197.87310791015625
 31
8.61589241027832
 12
261.986083984375
 22
180.5614776611328
 32
8.61589241027832
 13
261.986083984375
 23
180.5614776611328
 33
8.61589241027832
  0
3DFACE
  8
0
1001
WEBCAD
1000
S3D3
 10
356.40643310546875
 20
210.420166015625
 30
80.62506866455078
 11
356.8070983886719
 21
206.73614501953125
 31
80.62506866455078
 12
372.99896240234375
 22
210.3609161376953
 32
75.30015563964844
 13
372.99896240234375
 23
210.3609161376953
 33
75.30015563964844
  0
3DFACE
  8
0
1001
WEBCAD
1000
S3D3
 10
356.40643310546875
 20
210.420166015625
 30
80.62506866455078
 11
372.99896240234375
 21
210.3609161376953
 31
75.30015563964844
 12
371.4405212402344
 22
217.44097900390625
 32
75.30015563964844
 13
371.4405212402344
 23
217.44097900390625
 33
75.30015563964844
  0
3DFACE
  8
0
1001
WEBCAD
1000
S3D3
 10
356.40643310546875
 20
210.420166015625
 30
80.62506866455078
 11
339.6697082519531
 21
206.73614501953125
 31
82.42628479003906
 12
356.8070983886719
 22
206.73614501953125
 32
80.62506866455078
 13
356.8070983886719
 23
206.73614501953125
 33
80.62506866455078
  0
3DFACE
  8
0
1001
WEBCAD
1000
S3D3
 10
335.231689453125
 20
124.88162231445312
 30
-8.61589241027832
 11
317.7391357421875
 21
127.74937438964844
 31
-8.61589241027832
 12
326.9873046875
 22
129.3767852783203
 32
-25.47112274169922
 13
326.9873046875
 23
129.3767852783203
 33
-25.47112274169922
  0
3DFACE
  8
0
1001
WEBCAD
1000
S3D3
 10
335.231689453125
 20
124.88162231445312
 30
-8.61589241027832
 11
326.9873046875
 21
129.3767852783203
 31
-25.47112274169922
 12
343.9137878417969
 22
128.4590606689453
 32
-25.47112274169922
 13
343.9137878417969
 23
128.4590606689453
 33
-25.47112274169922
  0
3DFACE
  8
0
1001
WEBCAD
1000
S3D3
 10
342.2926940917969
 20
255.11404418945312
 30
66.68426513671875
 11
352.6311950683594
 21
253.41912841796875
 31
66.68426513671875
 12
349.5796203613281
 22
267.1838684082031
 32
55.15394973754883
 13
349.5796203613281
 23
267.1838684082031
 33
55.15394973754883
  0
3DFACE
  8
0
1001
WEBCAD
1000
S3D3
 10
342.2926940917969
 20
255.11404418945312
 30
66.68426513671875
 11
349.5796203613281
 21
267.1838684082031
 31
55.15394973754883
 12
336.35345458984375
 22
267.9009704589844
 32
55.15394973754883
 13
336.35345458984375
 23
267.9009704589844
 33
55.15394973754883
  0
3DFACE
  8
0
1001
WEBCAD
1000
S3D3
 10
407.3162841796875
 20
183.943359375
 30
-41.21314239501953
 11
395.262939453125
 21
181.01597595214844
 31
-55.15394973754883
 12
399.4922790527344
 22
193.5681915283203
 32
-55.15394973754883
 13
399.4922790527344
 23
193.5681915283203
 33
-55.15394973754883
  0
3DFACE
  8
0
1001
WEBCAD
1000
S3D3
 10
407.3162841796875
 20
183.943359375
 30
-41.21314239501953
 11
400.8349609375
 21
169.93423461914062
 31
-41.21314239501953
 12
395.262939453125
 22
181.01597595214844
 32
-55.15394973754883
 13
395.262939453125
 23
181.01597595214844
 33
-55.15394973754883
  0
3DFACE
  8
0
1001
WEBCAD
1000
S3D3
 10
272.02313232421875
 20
229.52891540527344
 30
41.21314239501953
 11
278.50445556640625
 21
243.53805541992188
 31
41.21314239501953
 12
268.52301025390625
 22
239.65211486816406
 32
25.47112274169922
 13
268.52301025390625
 23
239.65211486816406
 33
25.47112274169922
  0
3DFACE
  8
0
1001
WEBCAD
1000
S3D3
 10
272.02313232421875
 20
229.52891540527344
 30
41.21314239501953
 11
268.52301025390625
 21
239.65211486816406
 31
25.47112274169922
 12
263.11041259765625
 22
223.58811950683594
 32
25.47112274169922
 13
263.11041259765625
 23
223.58811950683594
 33
25.47112274169922
  0
3DFACE
  8
0
1001
WEBCAD
1000
S3D3
 10
293.6665344238281
 20
138.8865509033203
 30
8.61589241027832
 11
286.60040283203125
 21
144.2581024169922
 31
-8.61589241027832
 12
301.2720642089844
 22
134.3104705810547
 32
-8.61589241027832
 13
301.2720642089844
 23
134.3104705810547
 33
-8.61589241027832
  0
3DFACE
  8
0
1001
WEBCAD
1000
S3D3
 10
293.6665344238281
 20
138.8865509033203
 30
8.61589241027832
 11
280.15643310546875
 21
150.36215209960938
 31
8.61589241027832
 12
286.60040283203125
 22
144.2581024169922
 32
-8.61589241027832
 13
286.60040283203125
 23
144.2581024169922
 33
-8.61589241027832
  0
3DFACE
  8
0
1001
WEBCAD
1000
S3D3
 10
358.48394775390625
 20
234.4850616455078
 30
75.30015563964844
 11
371.034912109375
 21
243.66209411621094
 31
66.68426513671875
 12
362.3636169433594
 22
249.54136657714844
 32
66.68426513671875
 13
362.3636169433594
 23
249.54136657714844
 33
66.68426513671875
  0
3DFACE
  8
0
1001
WEBCAD
1000
S3D3
 10
358.48394775390625
 20
234.4850616455078
 30
75.30015563964844
 11
364.00927734375
 21
229.79180908203125
 31
75.30015563964844
 12
371.034912109375
 22
243.66209411621094
 32
66.68426513671875
 13
371.034912109375
 23
243.66209411621094
 33
66.68426513671875
  0
3DFACE
  8
0
1001
WEBCAD
1000
S3D3
 10
390.4196472167969
 20
146.9886932373047
 30
-25.47112274169922
 11
376.38922119140625
 21
137.47581481933594
 31
-25.47112274169922
 12
379.72906494140625
 22
147.6529998779297
 32
-41.21314239501953
 13
379.72906494140625
 23
147.6529998779297
 33
-41.21314239501953
  0
3DFACE
  8
0
1001
WEBCAD
1000
S3D3
 10
390.4196472167969
 20
146.9886932373047
 30
-25.47112274169922
 11
379.72906494140625
 21
147.6529998779297
 31
-41.21314239501953
 12
391.4936218261719
 22
157.6459197998047
 32
-41.21314239501953
 13
391.4936218261719
 23
157.6459197998047
 33
-41.21314239501953
  0
3DFACE
  8
0
1001
WEBCAD
1000
S3D3
 10
300.0142822265625
 20
253.422119140625
 30
55.15394973754883
 11
310.9775085449219
 21
260.8553771972656
 31
55.15394973754883
 12
299.6103515625
 22
265.81927490234375
 32
41.21314239501953
 13
299.6103515625
 23
265.81927490234375
 33
41.21314239501953
  0
3DFACE
  8
0
1001
WEBCAD
1000
S3D3
 10
300.0142822265625
 20
253.422119140625
 30
55.15394973754883
 11
299.6103515625
 21
265.81927490234375
 31
41.21314239501953
 12
287.8457946777344
 22
255.8263702392578
 32
41.21314239501953
 13
287.8457946777344
 23
255.8263702392578
 33
41.21314239501953
  0
3DFACE
  8
0
1001
WEBCAD
1000
S3D3
 10
268.52301025390625
 20
173.82017517089844
 30
25.47112274169922
 11
261.986083984375
 21
180.5614776611328
 31
8.61589241027832
 12
269.4290771484375
 22
164.47373962402344
 32
8.61589241027832
 13
269.4290771484375
 23
164.47373962402344
 33
8.61589241027832
  0
3DFACE
  8
0
1001
WEBCAD
1000
S3D3
 10
268.52301025390625
 20
173.82017517089844
 30
25.47112274169922
 11
263.11041259765625
 21
189.88417053222656
 31
25.47112274169922
 12
261.986083984375
 22
180.5614776611328
 32
8.61589241027832
 13
261.986083984375
 23
180.5614776611328
 33
8.61589241027832
  0
3DFACE
  8
0
1001
WEBCAD
1000
S3D3
 10
355.2231750488281
 20
213.93194580078125
 30
80.62506866455078
 11
339.6697082519531
 21
206.73614501953125
 31
82.42628479003906
 12
356.40643310546875
 22
210.420166015625
 32
80.62506866455078
 13
356.40643310546875
 23
210.420166015625
 33
80.62506866455078
  0
3DFACE
  8
0
1001
WEBCAD
1000
S3D3
 10
355.2231750488281
 20
213.93194580078125
 30
80.62506866455078
 11
356.40643310546875
 21
210.420166015625
 31
80.62506866455078
 12
371.4405212402344
 22
217.44097900390625
 32
75.30015563964844
 13
371.4405212402344
 23
217.44097900390625
 33
75.30015563964844
  0
3DFACE
  8
0
1001
WEBCAD
1000
S3D3
 10
355.2231750488281
 20
213.93194580078125
 30
80.62506866455078
 11
371.4405212402344
 21
217.44097900390625
 31
75.30015563964844
 12
368.3965148925781
 22
224.02049255371094
 32
75.30015563964844
 13
368.3965148925781
 23
224.02049255371094
 33
75.30015563964844
  0
3DFACE
  8
0
1001
WEBCAD
1000
S3D3
 10
352.9317626953125
 20
125.84129333496094
 30
-8.61589241027832
 11
335.231689453125
 21
124.88162231445312
 31
-8.61589241027832
 12
343.9137878417969
 22
128.4590606689453
 32
-25.47112274169922
 13
343.9137878417969
 23
128.4590606689453
 33
-25.47112274169922
  0
3DFACE
  8
0
1001
WEBCAD
1000
S3D3
 10
352.9317626953125
 20
125.84129333496094
 30
-8.61589241027832
 11
343.9137878417969
 21
128.4590606689453
 31
-25.47112274169922
 12
360.6418151855469
 22
131.20147705078125
 32
-25.47112274169922
 13
360.6418151855469
 23
131.20147705078125
 33
-25.47112274169922
  0
3DFACE
  8
0
1001
WEBCAD
1000
S3D3
 10
331.83154296875
 20
254.54684448242188
 30
66.68426513671875
 11
336.35345458984375
 21
267.9009704589844
 31
55.15394973754883
 12
323.2823486328125
 22
265.758056640625
 32
55.15394973754883
 13
323.2823486328125
 23
265.758056640625
 33
55.15394973754883
  0
3DFACE
  8
0
1001
WEBCAD
1000
S3D3
 10
331.83154296875
 20
254.54684448242188
 30
66.68426513671875
 11
342.2926940917969
 21
255.11404418945312
 31
66.68426513671875
 12
336.35345458984375
 22
267.9009704589844
 32
55.15394973754883
 13
336.35345458984375
 23
267.9009704589844
 33
55.15394973754883
  0
3DFACE
  8
0
1001
WEBCAD
1000
S3D3
 10
410.634521484375
 20
199.01824951171875
 30
-41.21314239501953
 11
407.3162841796875
 21
183.943359375
 31
-41.21314239501953
 12
399.4922790527344
 22
193.5681915283203
 32
-55.15394973754883
 13
399.4922790527344
 23
193.5681915283203
 33
-55.15394973754883
  0
3DFACE
  8
0
1001
WEBCAD
1000
S3D3
 10
410.634521484375
 20
199.01824951171875
 30
-41.21314239501953
 11
400.92437744140625
 21
206.73614501953125
 31
-55.15394973754883
 12
411.052978515625
 22
206.73614501953125
 32
-41.21314239501953
 13
411.052978515625
 23
206.73614501953125
 33
-41.21314239501953
  0
3DFACE
  8
0
1001
WEBCAD
1000
S3D3
 10
410.634521484375
 20
199.01824951171875
 30
-41.21314239501953
 11
411.052978515625
 21
206.73614501953125
 31
-41.21314239501953
 12
418.061767578125
 22
206.73614501953125
 32
-25.47112274169922
 13
418.061767578125
 23
206.73614501953125
 33
-25.47112274169922
  0
3DFACE
  8
0
1001
WEBCAD
1000
S3D3
 10
410.634521484375
 20
199.01824951171875
 30
-41.21314239501953
 11
399.4922790527344
 21
193.5681915283203
 31
-55.15394973754883
 12
400.92437744140625
 22
206.73614501953125
 32
-55.15394973754883
 13
400.92437744140625
 23
206.73614501953125
 33
-55.15394973754883
  0
3DFACE
  8
0
1001
WEBCAD
1000
S3D3
 10
268.7049255371094
 20
214.4540252685547
 30
41.21314239501953
 11
272.02313232421875
 21
229.52891540527344
 31
41.21314239501953
 12
263.11041259765625
 22
223.58811950683594
 32
25.47112274169922
 13
263.11041259765625
 23
223.58811950683594
 33
25.47112274169922
  0
3DFACE
  8
0
1001
WEBCAD
1000
S3D3
 10
268.7049255371094
 20
214.4540252685547
 30
41.21314239501953
 11
263.11041259765625
 21
223.58811950683594
 31
25.47112274169922
 12
261.27764892578125
 22
206.73614501953125
 32
25.47112274169922
 13
261.27764892578125
 23
206.73614501953125
 33
25.47112274169922
  0
3DFACE
  8
0
1001
WEBCAD
1000
S3D3
 10
309.3277282714844
 20
130.58351135253906
 30
8.61589241027832
 11
293.6665344238281
 21
138.8865509033203
 31
8.61589241027832
 12
301.2720642089844
 22
134.3104705810547
 32
-8.61589241027832
 13
301.2720642089844
 23
134.3104705810547
 33
-8.61589241027832
  0
3DFACE
  8
0
1001
WEBCAD
1000
S3D3
 10
309.3277282714844
 20
130.58351135253906
 30
8.61589241027832
 11
301.2720642089844
 21
134.3104705810547
 31
-8.61589241027832
 12
317.7391357421875
 22
127.74937438964844
 32
-8.61589241027832
 13
317.7391357421875
 23
127.74937438964844
 33
-8.61589241027832
  0
3DFACE
  8
0
1001
WEBCAD
1000
S3D3
 10
352.0788879394531
 20
237.8808135986328
 30
75.30015563964844
 11
362.3636169433594
 21
249.54136657714844
 31
66.68426513671875
 12
352.6311950683594
 22
253.41912841796875
 32
66.68426513671875
 13
352.6311950683594
 23
253.41912841796875
 33
66.68426513671875
  0
3DFACE
  8
0
1001
WEBCAD
1000
S3D3
 10
352.0788879394531
 20
237.8808135986328
 30
75.30015563964844
 11
358.48394775390625
 21
234.4850616455078
 31
75.30015563964844
 12
362.3636169433594
 22
249.54136657714844
 32
66.68426513671875
 13
362.3636169433594
 23
249.54136657714844
 33
66.68426513671875
  0
3DFACE
  8
0
1001
WEBCAD
1000
S3D3
 10
402.07708740234375
 20
159.2952880859375
 30
-25.47112274169922
 11
390.4196472167969
 21
146.9886932373047
 31
-25.47112274169922
 12
391.4936218261719
 22
157.6459197998047
 32
-41.21314239501953
 13
391.4936218261719
 23
157.6459197998047
 33
-41.21314239501953
  0
3DFACE
  8
0
1001
WEBCAD
1000
S3D3
 10
402.07708740234375
 20
159.2952880859375
 30
-25.47112274169922
 11
391.4936218261719
 21
157.6459197998047
 31
-41.21314239501953
 12
400.8349609375
 22
169.93423461914062
 32
-41.21314239501953
 13
400.8349609375
 23
169.93423461914062
 33
-41.21314239501953
  0
3DFACE
  8
0
1001
WEBCAD
1000
S3D3
 10
290.9053039550781
 20
243.80587768554688
 30
55.15394973754883
 11
300.0142822265625
 21
253.422119140625
 31
55.15394973754883
 12
287.8457946777344
 22
255.8263702392578
 32
41.21314239501953
 13
287.8457946777344
 23
255.8263702392578
 33
41.21314239501953
  0
3DFACE
  8
0
1001
WEBCAD
1000
S3D3
 10
290.9053039550781
 20
243.80587768554688
 30
55.15394973754883
 11
287.8457946777344
 21
255.8263702392578
 31
41.21314239501953
 12
278.50445556640625
 22
243.53805541992188
 32
41.21314239501953
 13
278.50445556640625
 23
243.53805541992188
 33
41.21314239501953
  0
3DFACE
  8
0
1001
WEBCAD
1000
S3D3
 10
277.2623291015625
 20
159.2952880859375
 30
25.47112274169922
 11
268.52301025390625
 21
173.82017517089844
 31
25.47112274169922
 12
269.4290771484375
 22
164.47373962402344
 32
8.61589241027832
 13
269.4290771484375
 23
164.47373962402344
 33
8.61589241027832
  0
3DFACE
  8
0
1001
WEBCAD
1000
S3D3
 10
277.2623291015625
 20
159.2952880859375
 30
25.47112274169922
 11
269.4290771484375
 21
164.47373962402344
 31
8.61589241027832
 12
280.15643310546875
 22
150.36215209960938
 32
8.61589241027832
 13
280.15643310546875
 23
150.36215209960938
 33
8.61589241027832
  0
3DFACE
  8
0
1001
WEBCAD
1000
S3D3
 10
353.31268310546875
 20
217.10723876953125
 30
80.62506866455078
 11
355.2231750488281
 21
213.93194580078125
 31
80.62506866455078
 12
368.3965148925781
 22
224.02049255371094
 32
75.30015563964844
 13
368.3965148925781
 23
224.02049255371094
 33
75.30015563964844
  0
3DFACE
  8
0
1001
WEBCAD
1000
S3D3
 10
353.31268310546875
 20
217.10723876953125
 30
80.62506866455078
 11
339.6697082519531
 21
206.73614501953125
 31
82.42628479003906
 12
355.2231750488281
 22
213.93194580078125
 32
80.62506866455078
 13
355.2231750488281
 23
213.93194580078125
 33
80.62506866455078
  0
3DFACE
  8
0
1001
WEBCAD
1000
S3D3
 10
353.31268310546875
 20
217.10723876953125
 30
80.62506866455078
 11
368.3965148925781
 21
224.02049255371094
 31
75.30015563964844
 12
364.00927734375
 22
229.79180908203125
 32
75.30015563964844
 13
364.00927734375
 23
229.79180908203125
 33
75.30015563964844
  0
3DFACE
  8
0
1001
WEBCAD
1000
S3D3
 10
370.0116882324219
 20
130.58351135253906
 30
-8.61589241027832
 11
360.6418151855469
 21
131.20147705078125
 31
-25.47112274169922
 12
376.38922119140625
 22
137.47581481933594
 32
-25.47112274169922
 13
376.38922119140625
 23
137.47581481933594
 33
-25.47112274169922
  0
3DFACE
  8
0
1001
WEBCAD
1000
S3D3
 10
370.0116882324219
 20
130.58351135253906
 30
-8.61589241027832
 11
352.9317626953125
 21
125.84129333496094
 31
-8.61589241027832
 12
360.6418151855469
 22
131.20147705078125
 32
-25.47112274169922
 13
360.6418151855469
 23
131.20147705078125
 33
-25.47112274169922
  0
3DFACE
  8
0
1001
WEBCAD
1000
S3D3
 10
321.7369079589844
 20
251.7440948486328
 30
66.68426513671875
 11
331.83154296875
 21
254.54684448242188
 31
66.68426513671875
 12
323.2823486328125
 22
265.758056640625
 32
55.15394973754883
 13
323.2823486328125
 23
265.758056640625
 33
55.15394973754883
  0
3DFACE
  8
0
1001
WEBCAD
1000
S3D3
 10
321.7369079589844
 20
251.7440948486328
 30
66.68426513671875
 11
323.2823486328125
 21
265.758056640625
 31
55.15394973754883
 12
310.9775085449219
 22
260.8553771972656
 32
55.15394973754883
 13
310.9775085449219
 23
260.8553771972656
 33
55.15394973754883
  0
3DFACE
  8
0
1001
WEBCAD
1000
S3D3
 10
268.7049255371094
 20
199.01824951171875
 30
41.21314239501953
 11
268.7049255371094
 21
214.4540252685547
 31
41.21314239501953
 12
261.27764892578125
 22
206.73614501953125
 32
25.47112274169922
 13
261.27764892578125
 23
206.73614501953125
 33
25.47112274169922
  0
3DFACE
  8
0
1001
WEBCAD
1000
S3D3
 10
268.7049255371094
 20
199.01824951171875
 30
41.21314239501953
 11
261.27764892578125
 21
206.73614501953125
 31
25.47112274169922
 12
263.11041259765625
 22
189.88417053222656
 32
25.47112274169922
 13
263.11041259765625
 23
189.88417053222656
 33
25.47112274169922
  0
3DFACE
  8
0
1001
WEBCAD
1000
S3D3
 10
326.4076843261719
 20
125.84129333496094
 30
8.61589241027832
 11
317.7391357421875
 21
127.74937438964844
 31
-8.61589241027832
 12
335.231689453125
 22
124.88162231445312
 32
-8.61589241027832
 13
335.231689453125
 23
124.88162231445312
 33
-8.61589241027832
  0
3DFACE
  8
0
1001
WEBCAD
1000
S3D3
 10
326.4076843261719
 20
125.84129333496094
 30
8.61589241027832
 11
309.3277282714844
 21
130.58351135253906
 31
8.61589241027832
 12
317.7391357421875
 22
127.74937438964844
 32
-8.61589241027832
 13
317.7391357421875
 23
127.74937438964844
 33
-8.61589241027832
  0
3DFACE
  8
0
1001
WEBCAD
1000
S3D3
 10
345.0935974121094
 20
239.82028198242188
 30
75.30015563964844
 11
352.0788879394531
 21
237.8808135986328
 31
75.30015563964844
 12
352.6311950683594
 22
253.41912841796875
 32
66.68426513671875
 13
352.6311950683594
 23
253.41912841796875
 33
66.68426513671875
  0
3DFACE
  8
0
1001
WEBCAD
1000
S3D3
 10
345.0935974121094
 20
239.82028198242188
 30
75.30015563964844
 11
352.6311950683594
 21
253.41912841796875
 31
66.68426513671875
 12
342.2926940917969
 22
255.11404418945312
 32
66.68426513671875
 13
342.2926940917969
 23
255.11404418945312
 33
66.68426513671875
  0
3DFACE
  8
0
1001
WEBCAD
1000
S3D3
 10
410.81640625
 20
173.82017517089844
 30
-25.47112274169922
 11
400.8349609375
 21
169.93423461914062
 31
-41.21314239501953
 12
407.3162841796875
 22
183.943359375
 32
-41.21314239501953
 13
407.3162841796875
 23
183.943359375
 33
-41.21314239501953
  0
3DFACE
  8
0
1001
WEBCAD
1000
S3D3
 10
410.81640625
 20
173.82017517089844
 30
-25.47112274169922
 11
402.07708740234375
 21
159.2952880859375
 31
-25.47112274169922
 12
400.8349609375
 22
169.93423461914062
 32
-41.21314239501953
 13
400.8349609375
 23
169.93423461914062
 33
-41.21314239501953
  0
3DFACE
  8
0
1001
WEBCAD
1000
S3D3
 10
284.07647705078125
 20
232.456298828125
 30
55.15394973754883
 11
290.9053039550781
 21
243.80587768554688
 31
55.15394973754883
 12
278.50445556640625
 22
243.53805541992188
 32
41.21314239501953
 13
278.50445556640625
 23
243.53805541992188
 33
41.21314239501953
  0
3DFACE
  8
0
1001
WEBCAD
1000
S3D3
 10
284.07647705078125
 20
232.456298828125
 30
55.15394973754883
 11
278.50445556640625
 21
243.53805541992188
 31
41.21314239501953
 12
272.02313232421875
 22
229.52891540527344
 32
41.21314239501953
 13
272.02313232421875
 23
229.52891540527344
 33
41.21314239501953
  0
3DFACE
  8
0
1001
WEBCAD
1000
S3D3
 10
288.9197692871094
 20
146.9886932373047
 30
25.47112274169922
 11
280.15643310546875
 21
150.36215209960938
 31
8.61589241027832
 12
293.6665344238281
 22
138.8865509033203
 32
8.61589241027832
 13
293.6665344238281
 23
138.8865509033203
 33
8.61589241027832
  0
3DFACE
  8
0
1001
WEBCAD
1000
S3D3
 10
288.9197692871094
 20
146.9886932373047
 30
25.47112274169922
 11
277.2623291015625
 21
159.2952880859375
 31
25.47112274169922
 12
280.15643310546875
 22
150.36215209960938
 32
8.61589241027832
 13
280.15643310546875
 23
150.36215209960938
 33
8.61589241027832
  0
3DFACE
  8
0
1001
WEBCAD
1000
S3D3
 10
350.76422119140625
 20
219.797607421875
 30
80.62506866455078
 11
364.00927734375
 21
229.79180908203125
 31
75.30015563964844
 12
358.48394775390625
 22
234.4850616455078
 32
75.30015563964844
 13
358.48394775390625
 23
234.4850616455078
 33
75.30015563964844
  0
3DFACE
  8
0
1001
WEBCAD
1000
S3D3
 10
350.76422119140625
 20
219.797607421875
 30
80.62506866455078
 11
353.31268310546875
 21
217.10723876953125
 31
80.62506866455078
 12
364.00927734375
 22
229.79180908203125
 32
75.30015563964844
 13
364.00927734375
 23
229.79180908203125
 33
75.30015563964844
  0
3DFACE
  8
0
1001
WEBCAD
1000
S3D3
 10
350.76422119140625
 20
219.797607421875
 30
80.62506866455078
 11
339.6697082519531
 21
206.73614501953125
 31
82.42628479003906
 12
353.31268310546875
 22
217.10723876953125
 32
80.62506866455078
 13
353.31268310546875
 23
217.10723876953125
 33
80.62506866455078
  0
3DFACE
  8
0
1001
WEBCAD
1000
S3D3
 10
385.6728820800781
 20
138.8865509033203
 30
-8.61589241027832
 11
376.38922119140625
 21
137.47581481933594
 31
-25.47112274169922
 12
390.4196472167969
 22
146.9886932373047
 32
-25.47112274169922
 13
390.4196472167969
 23
146.9886932373047
 33
-25.47112274169922
  0
3DFACE
  8
0
1001
WEBCAD
1000
S3D3
 10
385.6728820800781
 20
138.8865509033203
 30
-8.61589241027832
 11
370.0116882324219
 21
130.58351135253906
 31
-8.61589241027832
 12
376.38922119140625
 22
137.47581481933594
 32
-25.47112274169922
 13
376.38922119140625
 23
137.47581481933594
 33
-25.47112274169922
  0
3DFACE
  8
0
1001
WEBCAD
1000
S3D3
 10
312.48077392578125
 20
246.83680725097656
 30
66.68426513671875
 11
310.9775085449219
 21
260.8553771972656
 31
55.15394973754883
 12
300.0142822265625
 22
253.422119140625
 32
55.15394973754883
 13
300.0142822265625
 23
253.422119140625
 33
55.15394973754883
  0
3DFACE
  8
0
1001
WEBCAD
1000
S3D3
 10
312.48077392578125
 20
246.83680725097656
 30
66.68426513671875
 11
321.7369079589844
 21
251.7440948486328
 31
66.68426513671875
 12
310.9775085449219
 22
260.8553771972656
 32
55.15394973754883
 13
310.9775085449219
 23
260.8553771972656
 33
55.15394973754883
  0
3DFACE
  8
0
1001
WEBCAD
1000
S3D3
 10
272.02313232421875
 20
183.943359375
 30
41.21314239501953
 11
263.11041259765625
 21
189.88417053222656
 31
25.47112274169922
 12
268.52301025390625
 22
173.82017517089844
 32
25.47112274169922
 13
268.52301025390625
 23
173.82017517089844
 33
25.47112274169922
  0
3DFACE
  8
0
1001
WEBCAD
1000
S3D3
 10
272.02313232421875
 20
183.943359375
 30
41.21314239501953
 11
268.7049255371094
 21
199.01824951171875
 31
41.21314239501953
 12
263.11041259765625
 22
189.88417053222656
 32
25.47112274169922
 13
263.11041259765625
 23
189.88417053222656
 33
25.47112274169922
  0
3DFACE
  8
0
1001
WEBCAD
1000
S3D3
 10
344.10772705078125
 20
124.88162231445312
 30
8.61589241027832
 11
335.231689453125
 21
124.88162231445312
 31
-8.61589241027832
 12
352.9317626953125
 22
125.84129333496094
 32
-8.61589241027832
 13
352.9317626953125
 23
125.84129333496094
 33
-8.61589241027832
  0
3DFACE
  8
0
1001
WEBCAD
1000
S3D3
 10
344.10772705078125
 20
124.88162231445312
 30
8.61589241027832
 11
326.4076843261719
 21
125.84129333496094
 31
8.61589241027832
 12
335.231689453125
 22
124.88162231445312
 32
-8.61589241027832
 13
335.231689453125
 23
124.88162231445312
 33
-8.61589241027832
  0
3DFACE
  8
0
1001
WEBCAD
1000
S3D3
 10
337.85467529296875
 20
240.21275329589844
 30
75.30015563964844
 11
342.2926940917969
 21
255.11404418945312
 31
66.68426513671875
 12
331.83154296875
 22
254.54684448242188
 32
66.68426513671875
 13
331.83154296875
 23
254.54684448242188
 33
66.68426513671875
  0
3DFACE
  8
0
1001
WEBCAD
1000
S3D3
 10
337.85467529296875
 20
240.21275329589844
 30
75.30015563964844
 11
345.0935974121094
 21
239.82028198242188
 31
75.30015563964844
 12
342.2926940917969
 22
255.11404418945312
 32
66.68426513671875
 13
342.2926940917969
 23
255.11404418945312
 33
66.68426513671875
  0
3DFACE
  8
0
1001
WEBCAD
1000
S3D3
 10
416.22900390625
 20
189.88417053222656
 30
-25.47112274169922
 11
407.3162841796875
 21
183.943359375
 31
-41.21314239501953
 12
410.634521484375
 22
199.01824951171875
 32
-41.21314239501953
 13
410.634521484375
 23
199.01824951171875
 33
-41.21314239501953
  0
3DFACE
  8
0
1001
WEBCAD
1000
S3D3
 10
416.22900390625
 20
189.88417053222656
 30
-25.47112274169922
 11
410.634521484375
 21
199.01824951171875
 31
-41.21314239501953
 12
418.061767578125
 22
206.73614501953125
 32
-25.47112274169922
 13
418.061767578125
 23
206.73614501953125
 33
-25.47112274169922
  0
3DFACE
  8
0
1001
WEBCAD
1000
S3D3
 10
416.22900390625
 20
189.88417053222656
 30
-25.47112274169922
 11
410.81640625
 21
173.82017517089844
 31
-25.47112274169922
 12
407.3162841796875
 22
183.943359375
 32
-41.21314239501953
 13
407.3162841796875
 23
183.943359375
 33
-41.21314239501953
  0
3DFACE
  8
0
1001
WEBCAD
1000
S3D3
 10
279.8471374511719
 20
219.90408325195312
 30
55.15394973754883
 11
272.02313232421875
 21
229.52891540527344
 31
41.21314239501953
 12
268.7049255371094
 22
214.4540252685547
 32
41.21314239501953
 13
268.7049255371094
 23
214.4540252685547
 33
41.21314239501953
  0
3DFACE
  8
0
1001
WEBCAD
1000
S3D3
 10
279.8471374511719
 20
219.90408325195312
 30
55.15394973754883
 11
284.07647705078125
 21
232.456298828125
 31
55.15394973754883
 12
272.02313232421875
 22
229.52891540527344
 32
41.21314239501953
 13
272.02313232421875
 23
229.52891540527344
 33
41.21314239501953
  0
3DFACE
  8
0
1001
WEBCAD
1000
S3D3
 10
302.9502258300781
 20
137.47581481933594
 30
25.47112274169922
 11
293.6665344238281
 21
138.8865509033203
 31
8.61589241027832
 12
309.3277282714844
 22
130.58351135253906
 32
8.61589241027832
 13
309.3277282714844
 23
130.58351135253906
 33
8.61589241027832
  0
3DFACE
  8
0
1001
WEBCAD
1000
S3D3
 10
302.9502258300781
 20
137.47581481933594
 30
25.47112274169922
 11
288.9197692871094
 21
146.9886932373047
 31
25.47112274169922
 12
293.6665344238281
 22
138.8865509033203
 32
8.61589241027832
 13
293.6665344238281
 23
138.8865509033203
 33
8.61589241027832
  0
3DFACE
  8
0
1001
WEBCAD
1000
S3D3
 10
347.697021484375
 20
221.87722778320312
 30
80.62506866455078
 11
350.76422119140625
 21
219.797607421875
 31
80.62506866455078
 12
358.48394775390625
 22
234.4850616455078
 32
75.30015563964844
 13
358.48394775390625
 23
234.4850616455078
 33
75.30015563964844
  0
3DFACE
  8
0
1001
WEBCAD
1000
S3D3
 10
347.697021484375
 20
221.87722778320312
 30
80.62506866455078
 11
339.6697082519531
 21
206.73614501953125
 31
82.42628479003906
 12
350.76422119140625
 22
219.797607421875
 32
80.62506866455078
 13
350.76422119140625
 23
219.797607421875
 33
80.62506866455078
  0
3DFACE
  8
0
1001
WEBCAD
1000
S3D3
 10
347.697021484375
 20
221.87722778320312
 30
80.62506866455078
 11
358.48394775390625
 21
234.4850616455078
 31
75.30015563964844
 12
352.0788879394531
 22
237.8808135986328
 32
75.30015563964844
 13
352.0788879394531
 23
237.8808135986328
 33
75.30015563964844
  0
3DFACE
  8
0
1001
WEBCAD
1000
S3D3
 10
399.1830139160156
 20
150.36215209960938
 30
-8.61589241027832
 11
390.4196472167969
 21
146.9886932373047
 31
-25.47112274169922
 12
402.07708740234375
 22
159.2952880859375
 32
-25.47112274169922
 13
402.07708740234375
 23
159.2952880859375
 33
-25.47112274169922
  0
3DFACE
  8
0
1001
WEBCAD
1000
S3D3
 10
399.1830139160156
 20
150.36215209960938
 30
-8.61589241027832
 11
385.6728820800781
 21
138.8865509033203
 31
-8.61589241027832
 12
390.4196472167969
 22
146.9886932373047
 32
-25.47112274169922
 13
390.4196472167969
 23
146.9886932373047
 33
-25.47112274169922
  0
3DFACE
  8
0
1001
WEBCAD
1000
S3D3
 10
304.4960021972656
 20
240.05445861816406
 30
66.68426513671875
 11
300.0142822265625
 21
253.422119140625
 31
55.15394973754883
 12
290.9053039550781
 22
243.80587768554688
 32
55.15394973754883
 13
290.9053039550781
 23
243.80587768554688
 33
55.15394973754883
  0
3DFACE
  8
0
1001
WEBCAD
1000
S3D3
 10
304.4960021972656
 20
240.05445861816406
 30
66.68426513671875
 11
312.48077392578125
 21
246.83680725097656
 31
66.68426513671875
 12
300.0142822265625
 22
253.422119140625
 32
55.15394973754883
 13
300.0142822265625
 23
253.422119140625
 33
55.15394973754883
  0
3DFACE
  8
0
1001
WEBCAD
1000
S3D3
 10
278.50445556640625
 20
169.93423461914062
 30
41.21314239501953
 11
268.52301025390625
 21
173.82017517089844
 31
25.47112274169922
 12
277.2623291015625
 22
159.2952880859375
 32
25.47112274169922
 13
277.2623291015625
 23
159.2952880859375
 33
25.47112274169922
  0
3DFACE
  8
0
1001
WEBCAD
1000
S3D3
 10
278.50445556640625
 20
169.93423461914062
 30
41.21314239501953
 11
272.02313232421875
 21
183.943359375
 31
41.21314239501953
 12
268.52301025390625
 22
173.82017517089844
 32
25.47112274169922
 13
268.52301025390625
 23
173.82017517089844
 33
25.47112274169922
  0
3DFACE
  8
0
1001
WEBCAD
1000
S3D3
 10
361.60028076171875
 20
127.74937438964844
 30
8.61589241027832
 11
352.9317626953125
 21
125.84129333496094
 31
-8.61589241027832
 12
370.0116882324219
 22
130.58351135253906
 32
-8.61589241027832
 13
370.0116882324219
 23
130.58351135253906
 33
-8.61589241027832
  0
3DFACE
  8
0
1001
WEBCAD
1000
S3D3
 10
361.60028076171875
 20
127.74937438964844
 30
8.61589241027832
 11
344.10772705078125
 21
124.88162231445312
 31
8.61589241027832
 12
352.9317626953125
 22
125.84129333496094
 32
-8.61589241027832
 13
352.9317626953125
 23
125.84129333496094
 33
-8.61589241027832
  0
3DFACE
  8
0
1001
WEBCAD
1000
S3D3
 10
330.70062255859375
 20
239.0399169921875
 30
75.30015563964844
 11
337.85467529296875
 21
240.21275329589844
 31
75.30015563964844
 12
331.83154296875
 22
254.54684448242188
 32
66.68426513671875
 13
331.83154296875
 23
254.54684448242188
 33
66.68426513671875
  0
3DFACE
  8
0
1001
WEBCAD
1000
S3D3
 10
330.70062255859375
 20
239.0399169921875
 30
75.30015563964844
 11
331.83154296875
 21
254.54684448242188
 31
66.68426513671875
 12
321.7369079589844
 22
251.7440948486328
 32
66.68426513671875
 13
321.7369079589844
 23
251.7440948486328
 33
66.68426513671875
  0
3DFACE
  8
0
1001
WEBCAD
1000
S3D3
 10
278.4150390625
 20
206.73614501953125
 30
55.15394973754883
 11
279.8471374511719
 21
219.90408325195312
 31
55.15394973754883
 12
268.7049255371094
 22
214.4540252685547
 32
41.21314239501953
 13
268.7049255371094
 23
214.4540252685547
 33
41.21314239501953
  0
3DFACE
  8
0
1001
WEBCAD
1000
S3D3
 10
278.4150390625
 20
206.73614501953125
 30
55.15394973754883
 11
268.7049255371094
 21
214.4540252685547
 31
41.21314239501953
 12
268.7049255371094
 22
199.01824951171875
 32
41.21314239501953
 13
268.7049255371094
 23
199.01824951171875
 33
41.21314239501953
  0
3DFACE
  8
0
1001
WEBCAD
1000
S3D3
 10
318.6976318359375
 20
131.20147705078125
 30
25.47112274169922
 11
302.9502258300781
 21
137.47581481933594
 31
25.47112274169922
 12
309.3277282714844
 22
130.58351135253906
 32
8.61589241027832
 13
309.3277282714844
 23
130.58351135253906
 33
8.61589241027832
  0
3DFACE
  8
0
1001
WEBCAD
1000
S3D3
 10
318.6976318359375
 20
131.20147705078125
 30
25.47112274169922
 11
309.3277282714844
 21
130.58351135253906
 31
8.61589241027832
 12
326.4076843261719
 22
125.84129333496094
 32
8.61589241027832
 13
326.4076843261719
 23
125.84129333496094
 33
8.61589241027832
  0
3DFACE
  8
0
1001
WEBCAD
1000
S3D3
 10
344.25445556640625
 20
223.24887084960938
 30
80.62506866455078
 11
347.697021484375
 21
221.87722778320312
 31
80.62506866455078
 12
352.0788879394531
 22
237.8808135986328
 32
75.30015563964844
 13
352.0788879394531
 23
237.8808135986328
 33
75.30015563964844
  0
3DFACE
  8
0
1001
WEBCAD
1000
S3D3
 10
344.25445556640625
 20
223.24887084960938
 30
80.62506866455078
 11
352.0788879394531
 21
237.8808135986328
 31
75.30015563964844
 12
345.0935974121094
 22
239.82028198242188
 32
75.30015563964844
 13
345.0935974121094
 23
239.82028198242188
 33
75.30015563964844
  0
3DFACE
  8
0
1001
WEBCAD
1000
S3D3
 10
344.25445556640625
 20
223.24887084960938
 30
80.62506866455078
 11
339.6697082519531
 21
206.73614501953125
 31
82.42628479003906
 12
347.697021484375
 22
221.87722778320312
 32
80.62506866455078
 13
347.697021484375
 23
221.87722778320312
 33
80.62506866455078
  0
3DFACE
  8
0
1001
WEBCAD
1000
S3D3
 10
409.9103698730469
 20
164.47373962402344
 30
-8.61589241027832
 11
399.1830139160156
 21
150.36215209960938
 31
-8.61589241027832
 12
402.07708740234375
 22
159.2952880859375
 32
-25.47112274169922
 13
402.07708740234375
 23
159.2952880859375
 33
-25.47112274169922
  0
3DFACE
  8
0
1001
WEBCAD
1000
S3D3
 10
409.9103698730469
 20
164.47373962402344
 30
-8.61589241027832
 11
402.07708740234375
 21
159.2952880859375
 31
-25.47112274169922
 12
410.81640625
 22
173.82017517089844
 32
-25.47112274169922
 13
410.81640625
 23
173.82017517089844
 33
-25.47112274169922
  0
3DFACE
  8
0
1001
WEBCAD
1000
S3D3
 10
298.1558837890625
 20
231.7141876220703
 30
66.68426513671875
 11
304.4960021972656
 21
240.05445861816406
 31
66.68426513671875
 12
290.9053039550781
 22
243.80587768554688
 32
55.15394973754883
 13
290.9053039550781
 23
243.80587768554688
 33
55.15394973754883
  0
3DFACE
  8
0
1001
WEBCAD
1000
S3D3
 10
298.1558837890625
 20
231.7141876220703
 30
66.68426513671875
 11
290.9053039550781
 21
243.80587768554688
 31
55.15394973754883
 12
284.07647705078125
 22
232.456298828125
 32
55.15394973754883
 13
284.07647705078125
 23
232.456298828125
 33
55.15394973754883
  0
3DFACE
  8
0
1001
WEBCAD
1000
S3D3
 10
287.8457946777344
 20
157.6459197998047
 30
41.21314239501953
 11
278.50445556640625
 21
169.93423461914062
 31
41.21314239501953
 12
277.2623291015625
 22
159.2952880859375
 32
25.47112274169922
 13
277.2623291015625
 23
159.2952880859375
 33
25.47112274169922
  0
3DFACE
  8
0
1001
WEBCAD
1000
S3D3
 10
287.8457946777344
 20
157.6459197998047
 30
41.21314239501953
 11
277.2623291015625
 21
159.2952880859375
 31
25.47112274169922
 12
288.9197692871094
 22
146.9886932373047
 32
25.47112274169922
 13
288.9197692871094
 23
146.9886932373047
 33
25.47112274169922
  0
3DFACE
  8
0
1001
WEBCAD
1000
S3D3
 10
378.0673828125
 20
134.3104705810547
 30
8.61589241027832
 11
370.0116882324219
 21
130.58351135253906
 31
-8.61589241027832
 12
385.6728820800781
 22
138.8865509033203
 32
-8.61589241027832
 13
385.6728820800781
 23
138.8865509033203
 33
-8.61589241027832
  0
3DFACE
  8
0
1001
WEBCAD
1000
S3D3
 10
378.0673828125
 20
134.3104705810547
 30
8.61589241027832
 11
361.60028076171875
 21
127.74937438964844
 31
8.61589241027832
 12
370.0116882324219
 22
130.58351135253906
 32
-8.61589241027832
 13
370.0116882324219
 23
130.58351135253906
 33
-8.61589241027832
  0
3DFACE
  8
0
1001
WEBCAD
1000
S3D3
 10
323.9659423828125
 20
236.35658264160156
 30
75.30015563964844
 11
321.7369079589844
 21
251.7440948486328
 31
66.68426513671875
 12
312.48077392578125
 22
246.83680725097656
 32
66.68426513671875
 13
312.48077392578125
 23
246.83680725097656
 33
66.68426513671875
  0
3DFACE
  8
0
1001
WEBCAD
1000
S3D3
 10
323.9659423828125
 20
236.35658264160156
 30
75.30015563964844
 11
330.70062255859375
 21
239.0399169921875
 31
75.30015563964844
 12
321.7369079589844
 22
251.7440948486328
 32
66.68426513671875
 13
321.7369079589844
 23
251.7440948486328
 33
66.68426513671875
  0
3DFACE
  8
0
1001
WEBCAD
1000
S3D3
 10
279.8471374511719
 20
193.5681915283203
 30
55.15394973754883
 11
268.7049255371094
 21
199.01824951171875
 31
41.21314239501953
 12
272.02313232421875
 22
183.943359375
 32
41.21314239501953
 13
272.02313232421875
 23
183.943359375
 33
41.21314239501953
  0
3DFACE
  8
0
1001
WEBCAD
1000
S3D3
 10
279.8471374511719
 20
193.5681915283203
 30
55.15394973754883
 11
278.4150390625
 21
206.73614501953125
 31
55.15394973754883
 12
268.7049255371094
 22
199.01824951171875
 32
41.21314239501953
 13
268.7049255371094
 23
199.01824951171875
 33
41.21314239501953
  0
3DFACE
  8
0
1001
WEBCAD
1000
S3D3
 10
335.4256591796875
 20
128.4590606689453
 30
25.47112274169922
 11
326.4076843261719
 21
125.84129333496094
 31
8.61589241027832
 12
344.10772705078125
 22
124.88162231445312
 32
8.61589241027832
 13
344.10772705078125
 23
124.88162231445312
 33
8.61589241027832
  0
3DFACE
  8
0
1001
WEBCAD
1000
S3D3
 10
335.4256591796875
 20
128.4590606689453
 30
25.47112274169922
 11
318.6976318359375
 21
131.20147705078125
 31
25.47112274169922
 12
326.4076843261719
 22
125.84129333496094
 32
8.61589241027832
 13
326.4076843261719
 23
125.84129333496094
 33
8.61589241027832
  0
3DFACE
  8
0
1001
WEBCAD
1000
S3D3
 10
340.5975036621094
 20
223.848388671875
 30
80.62506866455078
 11
345.0935974121094
 21
239.82028198242188
 31
75.30015563964844
 12
337.85467529296875
 22
240.21275329589844
 32
75.30015563964844
 13
337.85467529296875
 23
240.21275329589844
 33
75.30015563964844
  0
3DFACE
  8
0
1001
WEBCAD
1000
S3D3
 10
340.5975036621094
 20
223.848388671875
 30
80.62506866455078
 11
344.25445556640625
 21
223.24887084960938
 31
80.62506866455078
 12
345.0935974121094
 22
239.82028198242188
 32
75.30015563964844
 13
345.0935974121094
 23
239.82028198242188
 33
75.30015563964844
  0
3DFACE
  8
0
1001
WEBCAD
1000
S3D3
 10
340.5975036621094
 20
223.848388671875
 30
80.62506866455078
 11
339.6697082519531
 21
206.73614501953125
 31
82.42628479003906
 12
344.25445556640625
 22
223.24887084960938
 32
80.62506866455078
 13
344.25445556640625
 23
223.24887084960938
 33
80.62506866455078
  0
3DFACE
  8
0
1001
WEBCAD
1000
S3D3
 10
417.35333251953125
 20
180.5614776611328
 30
-8.61589241027832
 11
410.81640625
 21
173.82017517089844
 31
-25.47112274169922
 12
416.22900390625
 22
189.88417053222656
 32
-25.47112274169922
 13
416.22900390625
 23
189.88417053222656
 33
-25.47112274169922
  0
3DFACE
  8
0
1001
WEBCAD
1000
S3D3
 10
417.35333251953125
 20
180.5614776611328
 30
-8.61589241027832
 11
409.9103698730469
 21
164.47373962402344
 31
-8.61589241027832
 12
410.81640625
 22
173.82017517089844
 32
-25.47112274169922
 13
410.81640625
 23
173.82017517089844
 33
-25.47112274169922
  0
3DFACE
  8
0
1001
WEBCAD
1000
S3D3
 10
293.75689697265625
 20
222.20596313476562
 30
66.68426513671875
 11
298.1558837890625
 21
231.7141876220703
 31
66.68426513671875
 12
284.07647705078125
 22
232.456298828125
 32
55.15394973754883
 13
284.07647705078125
 23
232.456298828125
 33
55.15394973754883
  0
3DFACE
  8
0
1001
WEBCAD
1000
S3D3
 10
293.75689697265625
 20
222.20596313476562
 30
66.68426513671875
 11
284.07647705078125
 21
232.456298828125
 31
55.15394973754883
 12
279.8471374511719
 22
219.90408325195312
 32
55.15394973754883
 13
279.8471374511719
 23
219.90408325195312
 33
55.15394973754883
  0
3DFACE
  8
0
1001
WEBCAD
1000
S3D3
 10
299.6103515625
 20
147.6529998779297
 30
41.21314239501953
 11
287.8457946777344
 21
157.6459197998047
 31
41.21314239501953
 12
288.9197692871094
 22
146.9886932373047
 32
25.47112274169922
 13
288.9197692871094
 23
146.9886932373047
 33
25.47112274169922
  0
3DFACE
  8
0
1001
WEBCAD
1000
S3D3
 10
299.6103515625
 20
147.6529998779297
 30
41.21314239501953
 11
288.9197692871094
 21
146.9886932373047
 31
25.47112274169922
 12
302.9502258300781
 22
137.47581481933594
 32
25.47112274169922
 13
302.9502258300781
 23
137.47581481933594
 33
25.47112274169922
  0
3DFACE
  8
0
1001
WEBCAD
1000
S3D3
 10
392.7390441894531
 20
144.2581024169922
 30
8.61589241027832
 11
378.0673828125
 21
134.3104705810547
 31
8.61589241027832
 12
385.6728820800781
 22
138.8865509033203
 32
-8.61589241027832
 13
385.6728820800781
 23
138.8865509033203
 33
-8.61589241027832
  0
3DFACE
  8
0
1001
WEBCAD
1000
S3D3
 10
392.7390441894531
 20
144.2581024169922
 30
8.61589241027832
 11
385.6728820800781
 21
138.8865509033203
 31
-8.61589241027832
 12
399.1830139160156
 22
150.36215209960938
 32
-8.61589241027832
 13
399.1830139160156
 23
150.36215209960938
 33
-8.61589241027832
  0
3DFACE
  8
0
1001
WEBCAD
1000
S3D3
 10
317.965576171875
 20
232.28822326660156
 30
75.30015563964844
 11
312.48077392578125
 21
246.83680725097656
 31
66.68426513671875
 12
304.4960021972656
 22
240.05445861816406
 32
66.68426513671875
 13
304.4960021972656
 23
240.05445861816406
 33
66.68426513671875
  0
3DFACE
  8
0
1001
WEBCAD
1000
S3D3
 10
317.965576171875
 20
232.28822326660156
 30
75.30015563964844
 11
323.9659423828125
 21
236.35658264160156
 31
75.30015563964844
 12
312.48077392578125
 22
246.83680725097656
 32
66.68426513671875
 13
312.48077392578125
 23
246.83680725097656
 33
66.68426513671875
  0
3DFACE
  8
0
1001
WEBCAD
1000
S3D3
 10
284.07647705078125
 20
181.01597595214844
 30
55.15394973754883
 11
272.02313232421875
 21
183.943359375
 31
41.21314239501953
 12
278.50445556640625
 22
169.93423461914062
 32
41.21314239501953
 13
278.50445556640625
 23
169.93423461914062
 33
41.21314239501953
  0
3DFACE
  8
0
1001
WEBCAD
1000
S3D3
 10
284.07647705078125
 20
181.01597595214844
 30
55.15394973754883
 11
279.8471374511719
 21
193.5681915283203
 31
55.15394973754883
 12
272.02313232421875
 22
183.943359375
 32
41.21314239501953
 13
272.02313232421875
 23
183.943359375
 33
41.21314239501953
  0
3DFACE
  8
0
1001
WEBCAD
1000
S3D3
 10
352.3521423339844
 20
129.3767852783203
 30
25.47112274169922
 11
344.10772705078125
 21
124.88162231445312
 31
8.61589241027832
 12
361.60028076171875
 22
127.74937438964844
 32
8.61589241027832
 13
361.60028076171875
 23
127.74937438964844
 33
8.61589241027832
  0
3DFACE
  8
0
1001
WEBCAD
1000
S3D3
 10
352.3521423339844
 20
129.3767852783203
 30
25.47112274169922
 11
335.4256591796875
 21
128.4590606689453
 31
25.47112274169922
 12
344.10772705078125
 22
124.88162231445312
 32
8.61589241027832
 13
344.10772705078125
 23
124.88162231445312
 33
8.61589241027832
  0
3DFACE
  8
0
1001
WEBCAD
1000
S3D3
 10
336.8971862792969
 20
223.64776611328125
 30
80.62506866455078
 11
340.5975036621094
 21
223.848388671875
 31
80.62506866455078
 12
337.85467529296875
 22
240.21275329589844
 32
75.30015563964844
 13
337.85467529296875
 23
240.21275329589844
 33
75.30015563964844
  0
3DFACE
  8
0
1001
WEBCAD
1000
S3D3
 10
336.8971862792969
 20
223.64776611328125
 30
80.62506866455078
 11
339.6697082519531
 21
206.73614501953125
 31
82.42628479003906
 12
340.5975036621094
 22
223.848388671875
 32
80.62506866455078
 13
340.5975036621094
 23
223.848388671875
 33
80.62506866455078
  0
3DFACE
  8
0
1001
WEBCAD
1000
S3D3
 10
336.8971862792969
 20
223.64776611328125
 30
80.62506866455078
 11
337.85467529296875
 21
240.21275329589844
 31
75.30015563964844
 12
330.70062255859375
 22
239.0399169921875
 32
75.30015563964844
 13
330.70062255859375
 23
239.0399169921875
 33
75.30015563964844
  0
3DFACE
  8
0
1001
WEBCAD
1000
S3D3
 10
421.1639099121094
 20
197.87310791015625
 30
-8.61589241027832
 11
416.22900390625
 21
189.88417053222656
 31
-25.47112274169922
 12
418.061767578125
 22
206.73614501953125
 32
-25.47112274169922
 13
418.061767578125
 23
206.73614501953125
 33
-25.47112274169922
  0
3DFACE
  8
0
1001
WEBCAD
1000
S3D3
 10
421.1639099121094
 20
197.87310791015625
 30
-8.61589241027832
 11
418.061767578125
 21
206.73614501953125
 31
-25.47112274169922
 12
421.64447021484375
 22
206.73614501953125
 32
-8.61589241027832
 13
421.64447021484375
 23
206.73614501953125
 33
-8.61589241027832
  0
3DFACE
  8
0
1001
WEBCAD
1000
S3D3
 10
421.1639099121094
 20
197.87310791015625
 30
-8.61589241027832
 11
421.64447021484375
 21
206.73614501953125
 31
-8.61589241027832
 12
421.64447021484375
 22
206.73614501953125
 32
8.61589241027832
 13
421.64447021484375
 23
206.73614501953125
 33
8.61589241027832
  0
3DFACE
  8
0
1001
WEBCAD
1000
S3D3
 10
421.1639099121094
 20
197.87310791015625
 30
-8.61589241027832
 11
417.35333251953125
 21
180.5614776611328
 31
-8.61589241027832
 12
416.22900390625
 22
189.88417053222656
 32
-25.47112274169922
 13
416.22900390625
 23
189.88417053222656
 33
-25.47112274169922
  0
3DFACE
  8
0
1001
WEBCAD
1000
S3D3
 10
291.5047607421875
 20
211.97439575195312
 30
66.68426513671875
 11
293.75689697265625
 21
222.20596313476562
 31
66.68426513671875
 12
279.8471374511719
 22
219.90408325195312
 32
55.15394973754883
 13
279.8471374511719
 23
219.90408325195312
 33
55.15394973754883
  0
3DFACE
  8
0
1001
WEBCAD
1000
S3D3
 10
291.5047607421875
 20
211.97439575195312
 30
66.68426513671875
 11
279.8471374511719
 21
219.90408325195312
 31
55.15394973754883
 12
278.4150390625
 22
206.73614501953125
 32
55.15394973754883
 13
278.4150390625
 23
206.73614501953125
 33
55.15394973754883
  0
3DFACE
  8
0
1001
WEBCAD
1000
S3D3
 10
313.248046875
 20
140.42276000976562
 30
41.21314239501953
 11
302.9502258300781
 21
137.47581481933594
 31
25.47112274169922
 12
318.6976318359375
 22
131.20147705078125
 32
25.47112274169922
 13
318.6976318359375
 23
131.20147705078125
 33
25.47112274169922
  0
3DFACE
  8
0
1001
WEBCAD
1000
S3D3
 10
313.248046875
 20
140.42276000976562
 30
41.21314239501953
 11
299.6103515625
 21
147.6529998779297
 31
41.21314239501953
 12
302.9502258300781
 22
137.47581481933594
 32
25.47112274169922
 13
302.9502258300781
 23
137.47581481933594
 33
25.47112274169922
  0
3DFACE
  8
0
1001
WEBCAD
1000
S3D3
 10
404.9292297363281
 20
157.12713623046875
 30
8.61589241027832
 11
392.7390441894531
 21
144.2581024169922
 31
8.61589241027832
 12
399.1830139160156
 22
150.36215209960938
 32
-8.61589241027832
 13
399.1830139160156
 23
150.36215209960938
 33
-8.61589241027832
  0
3DFACE
  8
0
1001
WEBCAD
1000
S3D3
 10
404.9292297363281
 20
157.12713623046875
 30
8.61589241027832
 11
399.1830139160156
 21
150.36215209960938
 31
-8.61589241027832
 12
409.9103698730469
 22
164.47373962402344
 32
-8.61589241027832
 13
409.9103698730469
 23
164.47373962402344
 33
-8.61589241027832
  0
3DFACE
  8
0
1001
WEBCAD
1000
S3D3
 10
312.9800720214844
 20
227.02508544921875
 30
75.30015563964844
 11
304.4960021972656
 21
240.05445861816406
 31
66.68426513671875
 12
298.1558837890625
 22
231.7141876220703
 32
66.68426513671875
 13
298.1558837890625
 23
231.7141876220703
 33
66.68426513671875
  0
3DFACE
  8
0
1001
WEBCAD
1000
S3D3
 10
312.9800720214844
 20
227.02508544921875
 30
75.30015563964844
 11
317.965576171875
 21
232.28822326660156
 31
75.30015563964844
 12
304.4960021972656
 22
240.05445861816406
 32
66.68426513671875
 13
304.4960021972656
 23
240.05445861816406
 33
66.68426513671875
  0
3DFACE
  8
0
1001
WEBCAD
1000
S3D3
 10
290.9053039550781
 20
169.66639709472656
 30
55.15394973754883
 11
278.50445556640625
 21
169.93423461914062
 31
41.21314239501953
 12
287.8457946777344
 22
157.6459197998047
 32
41.21314239501953
 13
287.8457946777344
 23
157.6459197998047
 33
41.21314239501953
  0
3DFACE
  8
0
1001
WEBCAD
1000
S3D3
 10
290.9053039550781
 20
169.66639709472656
 30
55.15394973754883
 11
284.07647705078125
 21
181.01597595214844
 31
55.15394973754883
 12
278.50445556640625
 22
169.93423461914062
 32
41.21314239501953
 13
278.50445556640625
 23
169.93423461914062
 33
41.21314239501953
  0
3DFACE
  8
0
1001
WEBCAD
1000
S3D3
 10
368.68560791015625
 20
133.9117431640625
 30
25.47112274169922
 11
361.60028076171875
 21
127.74937438964844
 31
8.61589241027832
 12
378.0673828125
 22
134.3104705810547
 32
8.61589241027832
 13
378.0673828125
 23
134.3104705810547
 33
8.61589241027832
  0
3DFACE
  8
0
1001
WEBCAD
1000
S3D3
 10
368.68560791015625
 20
133.9117431640625
 30
25.47112274169922
 11
352.3521423339844
 21
129.3767852783203
 31
25.47112274169922
 12
361.60028076171875
 22
127.74937438964844
 32
8.61589241027832
 13
361.60028076171875
 23
127.74937438964844
 33
8.61589241027832
  0
3DFACE
  8
0
1001
WEBCAD
1000
S3D3
 10
333.3265075683594
 20
222.6563720703125
 30
80.62506866455078
 11
330.70062255859375
 21
239.0399169921875
 31
75.30015563964844
 12
323.9659423828125
 22
236.35658264160156
 32
75.30015563964844
 13
323.9659423828125
 23
236.35658264160156
 33
75.30015563964844
  0
3DFACE
  8
0
1001
WEBCAD
1000
S3D3
 10
333.3265075683594
 20
222.6563720703125
 30
80.62506866455078
 11
339.6697082519531
 21
206.73614501953125
 31
82.42628479003906
 12
336.8971862792969
 22
223.64776611328125
 32
80.62506866455078
 13
336.8971862792969
 23
223.64776611328125
 33
80.62506866455078
  0
3DFACE
  8
0
1001
WEBCAD
1000
S3D3
 10
333.3265075683594
 20
222.6563720703125
 30
80.62506866455078
 11
336.8971862792969
 21
223.64776611328125
 31
80.62506866455078
 12
330.70062255859375
 22
239.0399169921875
 32
75.30015563964844
 13
330.70062255859375
 23
239.0399169921875
 33
75.30015563964844
  0
3DFACE
  8
0
1001
WEBCAD
1000
S3D3
 10
291.5047607421875
 20
201.4978790283203
 30
66.68426513671875
 11
278.4150390625
 21
206.73614501953125
 31
55.15394973754883
 12
279.8471374511719
 22
193.5681915283203
 32
55.15394973754883
 13
279.8471374511719
 23
193.5681915283203
 33
55.15394973754883
  0
3DFACE
  8
0
1001
WEBCAD
1000
S3D3
 10
291.5047607421875
 20
201.4978790283203
 30
66.68426513671875
 11
291.5047607421875
 21
211.97439575195312
 31
66.68426513671875
 12
278.4150390625
 22
206.73614501953125
 32
55.15394973754883
 13
278.4150390625
 23
206.73614501953125
 33
55.15394973754883
  0
3DFACE
  8
0
1001
WEBCAD
1000
S3D3
 10
328.1211853027344
 20
136.2932586669922
 30
41.21314239501953
 11
313.248046875
 21
140.42276000976562
 31
41.21314239501953
 12
318.6976318359375
 22
131.20147705078125
 32
25.47112274169922
 13
318.6976318359375
 23
131.20147705078125
 33
25.47112274169922
  0
3DFACE
  8
0
1001
WEBCAD
1000
S3D3
 10
328.1211853027344
 20
136.2932586669922
 30
41.21314239501953
 11
318.6976318359375
 21
131.20147705078125
 31
25.47112274169922
 12
335.4256591796875
 22
128.4590606689453
 32
25.47112274169922
 13
335.4256591796875
 23
128.4590606689453
 33
25.47112274169922
  0
3DFACE
  8
0
1001
WEBCAD
1000
S3D3
 10
414.0679626464844
 20
172.3158416748047
 30
8.61589241027832
 11
404.9292297363281
 21
157.12713623046875
 31
8.61589241027832
 12
409.9103698730469
 22
164.47373962402344
 32
-8.61589241027832
 13
409.9103698730469
 23
164.47373962402344
 33
-8.61589241027832
  0
3DFACE
  8
0
1001
WEBCAD
1000
S3D3
 10
414.0679626464844
 20
172.3158416748047
 30
8.61589241027832
 11
409.9103698730469
 21
164.47373962402344
 31
-8.61589241027832
 12
417.35333251953125
 22
180.5614776611328
 32
-8.61589241027832
 13
417.35333251953125
 23
180.5614776611328
 33
-8.61589241027832
  0
3DFACE
  8
0
1001
WEBCAD
1000
S3D3
 10
309.2425231933594
 20
220.81324768066406
 30
75.30015563964844
 11
298.1558837890625
 21
231.7141876220703
 31
66.68426513671875
 12
293.75689697265625
 22
222.20596313476562
 32
66.68426513671875
 13
293.75689697265625
 23
222.20596313476562
 33
66.68426513671875
  0
3DFACE
  8
0
1001
WEBCAD
1000
S3D3
 10
309.2425231933594
 20
220.81324768066406
 30
75.30015563964844
 11
312.9800720214844
 21
227.02508544921875
 31
75.30015563964844
 12
298.1558837890625
 22
231.7141876220703
 32
66.68426513671875
 13
298.1558837890625
 23
231.7141876220703
 33
66.68426513671875
  0
3DFACE
  8
0
1001
WEBCAD
1000
S3D3
 10
300.0142822265625
 20
160.05015563964844
 30
55.15394973754883
 11
290.9053039550781
 21
169.66639709472656
 31
55.15394973754883
 12
287.8457946777344
 22
157.6459197998047
 32
41.21314239501953
 13
287.8457946777344
 23
157.6459197998047
 33
41.21314239501953
  0
3DFACE
  8
0
1001
WEBCAD
1000
S3D3
 10
300.0142822265625
 20
160.05015563964844
 30
55.15394973754883
 11
287.8457946777344
 21
157.6459197998047
 31
41.21314239501953
 12
299.6103515625
 22
147.6529998779297
 32
41.21314239501953
 13
299.6103515625
 23
147.6529998779297
 33
41.21314239501953
  0
3DFACE
  8
0
1001
WEBCAD
1000
S3D3
 10
383.6623229980469
 20
141.85189819335938
 30
25.47112274169922
 11
368.68560791015625
 21
133.9117431640625
 31
25.47112274169922
 12
378.0673828125
 22
134.3104705810547
 32
8.61589241027832
 13
378.0673828125
 23
134.3104705810547
 33
8.61589241027832
  0
3DFACE
  8
0
1001
WEBCAD
1000
S3D3
 10
383.6623229980469
 20
141.85189819335938
 30
25.47112274169922
 11
378.0673828125
 21
134.3104705810547
 31
8.61589241027832
 12
392.7390441894531
 22
144.2581024169922
 32
8.61589241027832
 13
392.7390441894531
 23
144.2581024169922
 33
8.61589241027832
  0
3DFACE
  8
0
1001
WEBCAD
1000
S3D3
 10
330.05242919921875
 20
220.92056274414062
 30
80.62506866455078
 11
333.3265075683594
 21
222.6563720703125
 31
80.62506866455078
 12
323.9659423828125
 22
236.35658264160156
 32
75.30015563964844
 13
323.9659423828125
 23
236.35658264160156
 33
75.30015563964844
  0
3DFACE
  8
0
1001
WEBCAD
1000
S3D3
 10
330.05242919921875
 20
220.92056274414062
 30
80.62506866455078
 11
323.9659423828125
 21
236.35658264160156
 31
75.30015563964844
 12
317.965576171875
 22
232.28822326660156
 32
75.30015563964844
 13
317.965576171875
 23
232.28822326660156
 33
75.30015563964844
  0
3DFACE
  8
0
1001
WEBCAD
1000
S3D3
 10
330.05242919921875
 20
220.92056274414062
 30
80.62506866455078
 11
339.6697082519531
 21
206.73614501953125
 31
82.42628479003906
 12
333.3265075683594
 22
222.6563720703125
 32
80.62506866455078
 13
333.3265075683594
 23
222.6563720703125
 33
80.62506866455078
  0
3DFACE
  8
0
1001
WEBCAD
1000
S3D3
 10
293.75689697265625
 20
191.2663116455078
 30
66.68426513671875
 11
291.5047607421875
 21
201.4978790283203
 31
66.68426513671875
 12
279.8471374511719
 22
193.5681915283203
 32
55.15394973754883
 13
279.8471374511719
 23
193.5681915283203
 33
55.15394973754883
  0
3DFACE
  8
0
1001
WEBCAD
1000
S3D3
 10
293.75689697265625
 20
191.2663116455078
 30
66.68426513671875
 11
279.8471374511719
 21
193.5681915283203
 31
55.15394973754883
 12
284.07647705078125
 22
181.01597595214844
 32
55.15394973754883
 13
284.07647705078125
 23
181.01597595214844
 33
55.15394973754883
  0
3DFACE
  8
0
1001
WEBCAD
1000
S3D3
 10
343.5343322753906
 20
135.45758056640625
 30
41.21314239501953
 11
328.1211853027344
 21
136.2932586669922
 31
41.21314239501953
 12
335.4256591796875
 22
128.4590606689453
 32
25.47112274169922
 13
335.4256591796875
 23
128.4590606689453
 33
25.47112274169922
  0
3DFACE
  8
0
1001
WEBCAD
1000
S3D3
 10
343.5343322753906
 20
135.45758056640625
 30
41.21314239501953
 11
335.4256591796875
 21
128.4590606689453
 31
25.47112274169922
 12
352.3521423339844
 22
129.3767852783203
 32
25.47112274169922
 13
352.3521423339844
 23
129.3767852783203
 33
25.47112274169922
  0
3DFACE
  8
0
1001
WEBCAD
1000
S3D3
 10
419.7279357910156
 20
189.11399841308594
 30
8.61589241027832
 11
414.0679626464844
 21
172.3158416748047
 31
8.61589241027832
 12
417.35333251953125
 22
180.5614776611328
 32
-8.61589241027832
 13
417.35333251953125
 23
180.5614776611328
 33
-8.61589241027832
  0
3DFACE
  8
0
1001
WEBCAD
1000
S3D3
 10
419.7279357910156
 20
189.11399841308594
 30
8.61589241027832
 11
421.1639099121094
 21
197.87310791015625
 31
-8.61589241027832
 12
421.64447021484375
 22
206.73614501953125
 32
8.61589241027832
 13
421.64447021484375
 23
206.73614501953125
 33
8.61589241027832
  0
3DFACE
  8
0
1001
WEBCAD
1000
S3D3
 10
419.7279357910156
 20
189.11399841308594
 30
8.61589241027832
 11
417.35333251953125
 21
180.5614776611328
 31
-8.61589241027832
 12
421.1639099121094
 22
197.87310791015625
 32
-8.61589241027832
 13
421.1639099121094
 23
197.87310791015625
 33
-8.61589241027832
  0
3DFACE
  8
0
1001
WEBCAD
1000
S3D3
 10
306.927734375
 20
213.9431915283203
 30
75.30015563964844
 11
293.75689697265625
 21
222.20596313476562
 31
66.68426513671875
 12
291.5047607421875
 22
211.97439575195312
 32
66.68426513671875
 13
291.5047607421875
 23
211.97439575195312
 33
66.68426513671875
  0
3DFACE
  8
0
1001
WEBCAD
1000
S3D3
 10
306.927734375
 20
213.9431915283203
 30
75.30015563964844
 11
309.2425231933594
 21
220.81324768066406
 31
75.30015563964844
 12
293.75689697265625
 22
222.20596313476562
 32
66.68426513671875
 13
293.75689697265625
 23
222.20596313476562
 33
66.68426513671875
  0
3DFACE
  8
0
1001
WEBCAD
1000
S3D3
 10
310.9775085449219
 20
152.61691284179688
 30
55.15394973754883
 11
299.6103515625
 21
147.6529998779297
 31
41.21314239501953
 12
313.248046875
 22
140.42276000976562
 32
41.21314239501953
 13
313.248046875
 23
140.42276000976562
 33
41.21314239501953
  0
3DFACE
  8
0
1001
WEBCAD
1000
S3D3
 10
310.9775085449219
 20
152.61691284179688
 30
55.15394973754883
 11
300.0142822265625
 21
160.05015563964844
 31
55.15394973754883
 12
299.6103515625
 22
147.6529998779297
 32
41.21314239501953
 13
299.6103515625
 23
147.6529998779297
 33
41.21314239501953
  0
3DFACE
  8
0
1001
WEBCAD
1000
S3D3
 10
396.5820007324219
 20
152.8259735107422
 30
25.47112274169922
 11
383.6623229980469
 21
141.85189819335938
 31
25.47112274169922
 12
392.7390441894531
 22
144.2581024169922
 32
8.61589241027832
 13
392.7390441894531
 23
144.2581024169922
 33
8.61589241027832
  0
3DFACE
  8
0
1001
WEBCAD
1000
S3D3
 10
396.5820007324219
 20
152.8259735107422
 30
25.47112274169922
 11
392.7390441894531
 21
144.2581024169922
 31
8.61589241027832
 12
404.9292297363281
 22
157.12713623046875
 32
8.61589241027832
 13
404.9292297363281
 23
157.12713623046875
 33
8.61589241027832
  0
3DFACE
  8
0
1001
WEBCAD
1000
S3D3
 10
327.2280578613281
 20
218.52151489257812
 30
80.62506866455078
 11
317.965576171875
 21
232.28822326660156
 31
75.30015563964844
 12
312.9800720214844
 22
227.02508544921875
 32
75.30015563964844
 13
312.9800720214844
 23
227.02508544921875
 33
75.30015563964844
  0
3DFACE
  8
0
1001
WEBCAD
1000
S3D3
 10
327.2280578613281
 20
218.52151489257812
 30
80.62506866455078
 11
339.6697082519531
 21
206.73614501953125
 31
82.42628479003906
 12
330.05242919921875
 22
220.92056274414062
 32
80.62506866455078
 13
330.05242919921875
 23
220.92056274414062
 33
80.62506866455078
  0
3DFACE
  8
0
1001
WEBCAD
1000
S3D3
 10
327.2280578613281
 20
218.52151489257812
 30
80.62506866455078
 11
330.05242919921875
 21
220.92056274414062
 31
80.62506866455078
 12
317.965576171875
 22
232.28822326660156
 32
75.30015563964844
 13
317.965576171875
 23
232.28822326660156
 33
75.30015563964844
  0
3DFACE
  8
0
1001
WEBCAD
1000
S3D3
 10
298.1558837890625
 20
181.7581024169922
 30
66.68426513671875
 11
284.07647705078125
 21
181.01597595214844
 31
55.15394973754883
 12
290.9053039550781
 22
169.66639709472656
 32
55.15394973754883
 13
290.9053039550781
 23
169.66639709472656
 33
55.15394973754883
  0
3DFACE
  8
0
1001
WEBCAD
1000
S3D3
 10
298.1558837890625
 20
181.7581024169922
 30
66.68426513671875
 11
293.75689697265625
 21
191.2663116455078
 31
66.68426513671875
 12
284.07647705078125
 22
181.01597595214844
 32
55.15394973754883
 13
284.07647705078125
 23
181.01597595214844
 33
55.15394973754883
  0
3DFACE
  8
0
1001
WEBCAD
1000
S3D3
 10
358.7667541503906
 20
137.95480346679688
 30
41.21314239501953
 11
343.5343322753906
 21
135.45758056640625
 31
41.21314239501953
 12
352.3521423339844
 22
129.3767852783203
 32
25.47112274169922
 13
352.3521423339844
 23
129.3767852783203
 33
25.47112274169922
  0
3DFACE
  8
0
1001
WEBCAD
1000
S3D3
 10
358.7667541503906
 20
137.95480346679688
 30
41.21314239501953
 11
352.3521423339844
 21
129.3767852783203
 31
25.47112274169922
 12
368.68560791015625
 22
133.9117431640625
 32
25.47112274169922
 13
368.68560791015625
 23
133.9117431640625
 33
25.47112274169922
  0
3DFACE
  8
0
1001
WEBCAD
1000
S3D3
 10
306.1439208984375
 20
206.73614501953125
 30
75.30015563964844
 11
291.5047607421875
 21
211.97439575195312
 31
66.68426513671875
 12
291.5047607421875
 22
201.4978790283203
 32
66.68426513671875
 13
291.5047607421875
 23
201.4978790283203
 33
66.68426513671875
  0
3DFACE
  8
0
1001
WEBCAD
1000
S3D3
 10
306.1439208984375
 20
206.73614501953125
 30
75.30015563964844
 11
306.927734375
 21
213.9431915283203
 31
75.30015563964844
 12
291.5047607421875
 22
211.97439575195312
 32
66.68426513671875
 13
291.5047607421875
 23
211.97439575195312
 33
66.68426513671875
  0
3DFACE
  8
0
1001
WEBCAD
1000
S3D3
 10
323.2823486328125
 20
147.71420288085938
 30
55.15394973754883
 11
313.248046875
 21
140.42276000976562
 31
41.21314239501953
 12
328.1211853027344
 22
136.2932586669922
 32
41.21314239501953
 13
328.1211853027344
 23
136.2932586669922
 33
41.21314239501953
  0
3DFACE
  8
0
1001
WEBCAD
1000
S3D3
 10
323.2823486328125
 20
147.71420288085938
 30
55.15394973754883
 11
310.9775085449219
 21
152.61691284179688
 31
55.15394973754883
 12
313.248046875
 22
140.42276000976562
 32
41.21314239501953
 13
313.248046875
 23
140.42276000976562
 33
41.21314239501953
  0
3DFACE
  8
0
1001
WEBCAD
1000
S3D3
 10
406.84051513671875
 20
166.32081604003906
 30
25.47112274169922
 11
404.9292297363281
 21
157.12713623046875
 31
8.61589241027832
 12
414.0679626464844
 22
172.3158416748047
 32
8.61589241027832
 13
414.0679626464844
 23
172.3158416748047
 33
8.61589241027832
  0
3DFACE
  8
0
1001
WEBCAD
1000
S3D3
 10
406.84051513671875
 20
166.32081604003906
 30
25.47112274169922
 11
396.5820007324219
 21
152.8259735107422
 31
25.47112274169922
 12
404.9292297363281
 22
157.12713623046875
 32
8.61589241027832
 13
404.9292297363281
 23
157.12713623046875
 33
8.61589241027832
  0
3DFACE
  8
0
1001
WEBCAD
1000
S3D3
 10
324.98541259765625
 20
215.57138061523438
 30
80.62506866455078
 11
327.2280578613281
 21
218.52151489257812
 31
80.62506866455078
 12
312.9800720214844
 22
227.02508544921875
 32
75.30015563964844
 13
312.9800720214844
 23
227.02508544921875
 33
75.30015563964844
  0
3DFACE
  8
0
1001
WEBCAD
1000
S3D3
 10
324.98541259765625
 20
215.57138061523438
 30
80.62506866455078
 11
312.9800720214844
 21
227.02508544921875
 31
75.30015563964844
 12
309.2425231933594
 22
220.81324768066406
 32
75.30015563964844
 13
309.2425231933594
 23
220.81324768066406
 33
75.30015563964844
  0
3DFACE
  8
0
1001
WEBCAD
1000
S3D3
 10
324.98541259765625
 20
215.57138061523438
 30
80.62506866455078
 11
339.6697082519531
 21
206.73614501953125
 31
82.42628479003906
 12
327.2280578613281
 22
218.52151489257812
 32
80.62506866455078
 13
327.2280578613281
 23
218.52151489257812
 33
80.62506866455078
  0
3DFACE
  8
0
1001
WEBCAD
1000
S3D3
 10
304.4960021972656
 20
173.41781616210938
 30
66.68426513671875
 11
298.1558837890625
 21
181.7581024169922
 31
66.68426513671875
 12
290.9053039550781
 22
169.66639709472656
 32
55.15394973754883
 13
290.9053039550781
 23
169.66639709472656
 33
55.15394973754883
  0
3DFACE
  8
0
1001
WEBCAD
1000
S3D3
 10
304.4960021972656
 20
173.41781616210938
 30
66.68426513671875
 11
290.9053039550781
 21
169.66639709472656
 31
55.15394973754883
 12
300.0142822265625
 22
160.05015563964844
 32
55.15394973754883
 13
300.0142822265625
 23
160.05015563964844
 33
55.15394973754883
  0
3DFACE
  8
0
1001
WEBCAD
1000
S3D3
 10
373.1062316894531
 20
143.66818237304688
 30
41.21314239501953
 11
358.7667541503906
 21
137.95480346679688
 31
41.21314239501953
 12
368.68560791015625
 22
133.9117431640625
 32
25.47112274169922
 13
368.68560791015625
 23
133.9117431640625
 33
25.47112274169922
  0
3DFACE
  8
0
1001
WEBCAD
1000
S3D3
 10
373.1062316894531
 20
143.66818237304688
 30
41.21314239501953
 11
368.68560791015625
 21
133.9117431640625
 31
25.47112274169922
 12
383.6623229980469
 22
141.85189819335938
 32
25.47112274169922
 13
383.6623229980469
 23
141.85189819335938
 33
25.47112274169922
  0
3DFACE
  8
0
1001
WEBCAD
1000
S3D3
 10
306.927734375
 20
199.52908325195312
 30
75.30015563964844
 11
291.5047607421875
 21
201.4978790283203
 31
66.68426513671875
 12
293.75689697265625
 22
191.2663116455078
 32
66.68426513671875
 13
293.75689697265625
 23
191.2663116455078
 33
66.68426513671875
  0
3DFACE
  8
0
1001
WEBCAD
1000
S3D3
 10
306.927734375
 20
199.52908325195312
 30
75.30015563964844
 11
306.1439208984375
 21
206.73614501953125
 31
75.30015563964844
 12
291.5047607421875
 22
201.4978790283203
 32
66.68426513671875
 13
291.5047607421875
 23
201.4978790283203
 33
66.68426513671875
  0
3DFACE
  8
0
1001
WEBCAD
1000
S3D3
 10
336.35345458984375
 20
145.57130432128906
 30
55.15394973754883
 11
323.2823486328125
 21
147.71420288085938
 31
55.15394973754883
 12
328.1211853027344
 22
136.2932586669922
 32
41.21314239501953
 13
328.1211853027344
 23
136.2932586669922
 33
41.21314239501953
  0
3DFACE
  8
0
1001
WEBCAD
1000
S3D3
 10
336.35345458984375
 20
145.57130432128906
 30
55.15394973754883
 11
328.1211853027344
 21
136.2932586669922
 31
41.21314239501953
 12
343.5343322753906
 22
135.45758056640625
 32
41.21314239501953
 13
343.5343322753906
 23
135.45758056640625
 33
41.21314239501953
  0
3DFACE
  8
0
1001
WEBCAD
1000
S3D3
 10
413.95819091796875
 20
181.7054443359375
 30
25.47112274169922
 11
406.84051513671875
 21
166.32081604003906
 31
25.47112274169922
 12
414.0679626464844
 22
172.3158416748047
 32
8.61589241027832
 13
414.0679626464844
 23
172.3158416748047
 33
8.61589241027832
  0
3DFACE
  8
0
1001
WEBCAD
1000
S3D3
 10
413.95819091796875
 20
181.7054443359375
 30
25.47112274169922
 11
414.0679626464844
 21
172.3158416748047
 31
8.61589241027832
 12
419.7279357910156
 22
189.11399841308594
 32
8.61589241027832
 13
419.7279357910156
 23
189.11399841308594
 33
8.61589241027832
  0
3DFACE
  8
0
1001
WEBCAD
1000
S3D3
 10
323.4294128417969
 20
212.2081298828125
 30
80.62506866455078
 11
309.2425231933594
 21
220.81324768066406
 31
75.30015563964844
 12
306.927734375
 22
213.9431915283203
 32
75.30015563964844
 13
306.927734375
 23
213.9431915283203
 33
75.30015563964844
  0
3DFACE
  8
0
1001
WEBCAD
1000
S3D3
 10
323.4294128417969
 20
212.2081298828125
 30
80.62506866455078
 11
339.6697082519531
 21
206.73614501953125
 31
82.42628479003906
 12
324.98541259765625
 22
215.57138061523438
 32
80.62506866455078
 13
324.98541259765625
 23
215.57138061523438
 33
80.62506866455078
  0
3DFACE
  8
0
1001
WEBCAD
1000
S3D3
 10
323.4294128417969
 20
212.2081298828125
 30
80.62506866455078
 11
324.98541259765625
 21
215.57138061523438
 31
80.62506866455078
 12
309.2425231933594
 22
220.81324768066406
 32
75.30015563964844
 13
309.2425231933594
 23
220.81324768066406
 33
75.30015563964844
  0
3DFACE
  8
0
1001
WEBCAD
1000
S3D3
 10
312.48077392578125
 20
166.63546752929688
 30
66.68426513671875
 11
300.0142822265625
 21
160.05015563964844
 31
55.15394973754883
 12
310.9775085449219
 22
152.61691284179688
 32
55.15394973754883
 13
310.9775085449219
 23
152.61691284179688
 33
55.15394973754883
  0
3DFACE
  8
0
1001
WEBCAD
1000
S3D3
 10
312.48077392578125
 20
166.63546752929688
 30
66.68426513671875
 11
304.4960021972656
 21
173.41781616210938
 31
66.68426513671875
 12
300.0142822265625
 22
160.05015563964844
 32
55.15394973754883
 13
300.0142822265625
 23
160.05015563964844
 33
55.15394973754883
  0
3DFACE
  8
0
1001
WEBCAD
1000
S3D3
 10
385.88226318359375
 20
152.33053588867188
 30
41.21314239501953
 11
383.6623229980469
 21
141.85189819335938
 31
25.47112274169922
 12
396.5820007324219
 22
152.8259735107422
 32
25.47112274169922
 13
396.5820007324219
 23
152.8259735107422
 33
25.47112274169922
  0
3DFACE
  8
0
1001
WEBCAD
1000
S3D3
 10
385.88226318359375
 20
152.33053588867188
 30
41.21314239501953
 11
373.1062316894531
 21
143.66818237304688
 31
41.21314239501953
 12
383.6623229980469
 22
141.85189819335938
 32
25.47112274169922
 13
383.6623229980469
 23
141.85189819335938
 33
25.47112274169922
  0
3DFACE
  8
0
1001
WEBCAD
1000
S3D3
 10
309.2425231933594
 20
192.65902709960938
 30
75.30015563964844
 11
293.75689697265625
 21
191.2663116455078
 31
66.68426513671875
 12
298.1558837890625
 22
181.7581024169922
 32
66.68426513671875
 13
298.1558837890625
 23
181.7581024169922
 33
66.68426513671875
  0
3DFACE
  8
0
1001
WEBCAD
1000
S3D3
 10
309.2425231933594
 20
192.65902709960938
 30
75.30015563964844
 11
306.927734375
 21
199.52908325195312
 31
75.30015563964844
 12
293.75689697265625
 22
191.2663116455078
 32
66.68426513671875
 13
293.75689697265625
 23
191.2663116455078
 33
66.68426513671875
  0
3DFACE
  8
0
1001
WEBCAD
1000
S3D3
 10
349.5796203613281
 20
146.2884063720703
 30
55.15394973754883
 11
343.5343322753906
 21
135.45758056640625
 31
41.21314239501953
 12
358.7667541503906
 22
137.95480346679688
 32
41.21314239501953
 13
358.7667541503906
 23
137.95480346679688
 33
41.21314239501953
  0
3DFACE
  8
0
1001
WEBCAD
1000
S3D3
 10
349.5796203613281
 20
146.2884063720703
 30
55.15394973754883
 11
336.35345458984375
 21
145.57130432128906
 31
55.15394973754883
 12
343.5343322753906
 22
135.45758056640625
 32
41.21314239501953
 13
343.5343322753906
 23
135.45758056640625
 33
41.21314239501953
  0
3DFACE
  8
0
1001
WEBCAD
1000
S3D3
 10
417.60223388671875
 20
198.26046752929688
 30
25.47112274169922
 11
421.64447021484375
 21
206.73614501953125
 31
8.61589241027832
 12
418.061767578125
 22
206.73614501953125
 32
25.47112274169922
 13
418.061767578125
 23
206.73614501953125
 33
25.47112274169922
  0
3DFACE
  8
0
1001
WEBCAD
1000
S3D3
 10
417.60223388671875
 20
198.26046752929688
 30
25.47112274169922
 11
418.061767578125
 21
206.73614501953125
 31
25.47112274169922
 12
411.052978515625
 22
206.73614501953125
 32
41.21314239501953
 13
411.052978515625
 23
206.73614501953125
 33
41.21314239501953
  0
3DFACE
  8
0
1001
WEBCAD
1000
S3D3
 10
417.60223388671875
 20
198.26046752929688
 30
25.47112274169922
 11
419.7279357910156
 21
189.11399841308594
 31
8.61589241027832
 12
421.64447021484375
 22
206.73614501953125
 32
8.61589241027832
 13
421.64447021484375
 23
206.73614501953125
 33
8.61589241027832
  0
3DFACE
  8
0
1001
WEBCAD
1000
S3D3
 10
417.60223388671875
 20
198.26046752929688
 30
25.47112274169922
 11
413.95819091796875
 21
181.7054443359375
 31
25.47112274169922
 12
419.7279357910156
 22
189.11399841308594
 32
8.61589241027832
 13
419.7279357910156
 23
189.11399841308594
 33
8.61589241027832
  0
3DFACE
  8
0
1001
WEBCAD
1000
S3D3
 10
322.6327819824219
 20
208.58901977539062
 30
80.62506866455078
 11
323.4294128417969
 21
212.2081298828125
 31
80.62506866455078
 12
306.927734375
 22
213.9431915283203
 32
75.30015563964844
 13
306.927734375
 23
213.9431915283203
 33
75.30015563964844
  0
3DFACE
  8
0
1001
WEBCAD
1000
S3D3
 10
322.6327819824219
 20
208.58901977539062
 30
80.62506866455078
 11
306.927734375
 21
213.9431915283203
 31
75.30015563964844
 12
306.1439208984375
 22
206.73614501953125
 32
75.30015563964844
 13
306.1439208984375
 23
206.73614501953125
 33
75.30015563964844
  0
3DFACE
  8
0
1001
WEBCAD
1000
S3D3
 10
322.6327819824219
 20
208.58901977539062
 30
80.62506866455078
 11
339.6697082519531
 21
206.73614501953125
 31
82.42628479003906
 12
323.4294128417969
 22
212.2081298828125
 32
80.62506866455078
 13
323.4294128417969
 23
212.2081298828125
 33
80.62506866455078
  0
3DFACE
  8
0
1001
WEBCAD
1000
S3D3
 10
321.7369079589844
 20
161.7281951904297
 30
66.68426513671875
 11
312.48077392578125
 21
166.63546752929688
 31
66.68426513671875
 12
310.9775085449219
 22
152.61691284179688
 32
55.15394973754883
 13
310.9775085449219
 23
152.61691284179688
 33
55.15394973754883
  0
3DFACE
  8
0
1001
WEBCAD
1000
S3D3
 10
321.7369079589844
 20
161.7281951904297
 30
66.68426513671875
 11
310.9775085449219
 21
152.61691284179688
 31
55.15394973754883
 12
323.2823486328125
 22
147.71420288085938
 32
55.15394973754883
 13
323.2823486328125
 23
147.71420288085938
 33
55.15394973754883
  0
3DFACE
  8
0
1001
WEBCAD
1000
S3D3
 10
396.4974365234375
 20
163.53683471679688
 30
41.21314239501953
 11
396.5820007324219
 21
152.8259735107422
 31
25.47112274169922
 12
406.84051513671875
 22
166.32081604003906
 32
25.47112274169922
 13
406.84051513671875
 23
166.32081604003906
 33
25.47112274169922
  0
3DFACE
  8
0
1001
WEBCAD
1000
S3D3
 10
396.4974365234375
 20
163.53683471679688
 30
41.21314239501953
 11
385.88226318359375
 21
152.33053588867188
 31
41.21314239501953
 12
396.5820007324219
 22
152.8259735107422
 32
25.47112274169922
 13
396.5820007324219
 23
152.8259735107422
 33
25.47112274169922
  0
3DFACE
  8
0
1001
WEBCAD
1000
S3D3
 10
312.9800720214844
 20
186.4471893310547
 30
75.30015563964844
 11
309.2425231933594
 21
192.65902709960938
 31
75.30015563964844
 12
298.1558837890625
 22
181.7581024169922
 32
66.68426513671875
 13
298.1558837890625
 23
181.7581024169922
 33
66.68426513671875
  0
3DFACE
  8
0
1001
WEBCAD
1000
S3D3
 10
312.9800720214844
 20
186.4471893310547
 30
75.30015563964844
 11
298.1558837890625
 21
181.7581024169922
 31
66.68426513671875
 12
304.4960021972656
 22
173.41781616210938
 32
66.68426513671875
 13
304.4960021972656
 23
173.41781616210938
 33
66.68426513671875
  0
3DFACE
  8
0
1001
WEBCAD
1000
S3D3
 10
362.3424072265625
 20
149.8319854736328
 30
55.15394973754883
 11
349.5796203613281
 21
146.2884063720703
 31
55.15394973754883
 12
358.7667541503906
 22
137.95480346679688
 32
41.21314239501953
 13
358.7667541503906
 23
137.95480346679688
 33
41.21314239501953
  0
3DFACE
  8
0
1001
WEBCAD
1000
S3D3
 10
362.3424072265625
 20
149.8319854736328
 30
55.15394973754883
 11
358.7667541503906
 21
137.95480346679688
 31
41.21314239501953
 12
373.1062316894531
 22
143.66818237304688
 32
41.21314239501953
 13
373.1062316894531
 23
143.66818237304688
 33
41.21314239501953
  0
3DFACE
  8
0
1001
WEBCAD
1000
S3D3
 10
322.6327819824219
 20
204.8832550048828
 30
80.62506866455078
 11
339.6697082519531
 21
206.73614501953125
 31
82.42628479003906
 12
339.6697082519531
 22
206.73614501953125
 32
82.42628479003906
 13
339.6697082519531
 23
206.73614501953125
 33
82.42628479003906
  0
3DFACE
  8
0
1001
WEBCAD
1000
S3D3
 10
322.6327819824219
 20
204.8832550048828
 30
80.62506866455078
 11
322.6327819824219
 21
208.58901977539062
 31
80.62506866455078
 12
306.1439208984375
 22
206.73614501953125
 32
75.30015563964844
 13
306.1439208984375
 23
206.73614501953125
 33
75.30015563964844
  0
3DFACE
  8
0
1001
WEBCAD
1000
S3D3
 10
322.6327819824219
 20
204.8832550048828
 30
80.62506866455078
 11
306.1439208984375
 21
206.73614501953125
 31
75.30015563964844
 12
306.927734375
 22
199.52908325195312
 32
75.30015563964844
 13
306.927734375
 23
199.52908325195312
 33
75.30015563964844
  0
3DFACE
  8
0
1001
WEBCAD
1000
S3D3
 10
322.6327819824219
 20
204.8832550048828
 30
80.62506866455078
 11
339.6697082519531
 21
206.73614501953125
 31
82.42628479003906
 12
322.6327819824219
 22
208.58901977539062
 32
80.62506866455078
 13
322.6327819824219
 23
208.58901977539062
 33
80.62506866455078
  0
3DFACE
  8
0
1001
WEBCAD
1000
S3D3
 10
331.83154296875
 20
158.92543029785156
 30
66.68426513671875
 11
321.7369079589844
 21
161.7281951904297
 31
66.68426513671875
 12
323.2823486328125
 22
147.71420288085938
 32
55.15394973754883
 13
323.2823486328125
 23
147.71420288085938
 33
55.15394973754883
  0
3DFACE
  8
0
1001
WEBCAD
1000
S3D3
 10
331.83154296875
 20
158.92543029785156
 30
66.68426513671875
 11
323.2823486328125
 21
147.71420288085938
 31
55.15394973754883
 12
336.35345458984375
 22
145.57130432128906
 32
55.15394973754883
 13
336.35345458984375
 23
145.57130432128906
 33
55.15394973754883
  0
3DFACE
  8
0
1001
WEBCAD
1000
S3D3
 10
404.4554138183594
 20
176.76309204101562
 30
41.21314239501953
 11
396.4974365234375
 21
163.53683471679688
 31
41.21314239501953
 12
406.84051513671875
 22
166.32081604003906
 32
25.47112274169922
 13
406.84051513671875
 23
166.32081604003906
 33
25.47112274169922
  0
3DFACE
  8
0
1001
WEBCAD
1000
S3D3
 10
404.4554138183594
 20
176.76309204101562
 30
41.21314239501953
 11
406.84051513671875
 21
166.32081604003906
 31
25.47112274169922
 12
413.95819091796875
 22
181.7054443359375
 32
25.47112274169922
 13
413.95819091796875
 23
181.7054443359375
 33
25.47112274169922
  0
3DFACE
  8
0
1001
WEBCAD
1000
S3D3
 10
317.965576171875
 20
181.18405151367188
 30
75.30015563964844
 11
312.9800720214844
 21
186.4471893310547
 31
75.30015563964844
 12
304.4960021972656
 22
173.41781616210938
 32
66.68426513671875
 13
304.4960021972656
 23
173.41781616210938
 33
66.68426513671875
  0
3DFACE
  8
0
1001
WEBCAD
1000
S3D3
 10
317.965576171875
 20
181.18405151367188
 30
75.30015563964844
 11
304.4960021972656
 21
173.41781616210938
 31
66.68426513671875
 12
312.48077392578125
 22
166.63546752929688
 32
66.68426513671875
 13
312.48077392578125
 23
166.63546752929688
 33
66.68426513671875
  0
3DFACE
  8
0
1001
WEBCAD
1000
S3D3
 10
374.0450439453125
 20
156.0363311767578
 30
55.15394973754883
 11
373.1062316894531
 21
143.66818237304688
 31
41.21314239501953
 12
385.88226318359375
 22
152.33053588867188
 32
41.21314239501953
 13
385.88226318359375
 23
152.33053588867188
 33
41.21314239501953
  0
3DFACE
  8
0
1001
WEBCAD
1000
S3D3
 10
374.0450439453125
 20
156.0363311767578
 30
55.15394973754883
 11
362.3424072265625
 21
149.8319854736328
 31
55.15394973754883
 12
373.1062316894531
 22
143.66818237304688
 32
41.21314239501953
 13
373.1062316894531
 23
143.66818237304688
 33
41.21314239501953
  0
3DFACE
  8
0
1001
WEBCAD
1000
S3D3
 10
323.4294128417969
 20
201.26414489746094
 30
80.62506866455078
 11
339.6697082519531
 21
206.73614501953125
 31
82.42628479003906
 12
322.6327819824219
 22
204.8832550048828
 32
80.62506866455078
 13
322.6327819824219
 23
204.8832550048828
 33
80.62506866455078
  0
3DFACE
  8
0
1001
WEBCAD
1000
S3D3
 10
323.4294128417969
 20
201.26414489746094
 30
80.62506866455078
 11
306.927734375
 21
199.52908325195312
 31
75.30015563964844
 12
309.2425231933594
 22
192.65902709960938
 32
75.30015563964844
 13
309.2425231933594
 23
192.65902709960938
 33
75.30015563964844
  0
3DFACE
  8
0
1001
WEBCAD
1000
S3D3
 10
323.4294128417969
 20
201.26414489746094
 30
80.62506866455078
 11
322.6327819824219
 21
204.8832550048828
 31
80.62506866455078
 12
306.927734375
 22
199.52908325195312
 32
75.30015563964844
 13
306.927734375
 23
199.52908325195312
 33
75.30015563964844
  0
3DFACE
  8
0
1001
WEBCAD
1000
S3D3
 10
342.2926940917969
 20
158.35824584960938
 30
66.68426513671875
 11
336.35345458984375
 21
145.57130432128906
 31
55.15394973754883
 12
349.5796203613281
 22
146.2884063720703
 32
55.15394973754883
 13
349.5796203613281
 23
146.2884063720703
 33
55.15394973754883
  0
3DFACE
  8
0
1001
WEBCAD
1000
S3D3
 10
342.2926940917969
 20
158.35824584960938
 30
66.68426513671875
 11
331.83154296875
 21
158.92543029785156
 31
66.68426513671875
 12
336.35345458984375
 22
145.57130432128906
 32
55.15394973754883
 13
336.35345458984375
 23
145.57130432128906
 33
55.15394973754883
  0
3DFACE
  8
0
1001
WEBCAD
1000
S3D3
 10
409.3840637207031
 20
191.39085388183594
 30
41.21314239501953
 11
417.60223388671875
 21
198.26046752929688
 31
25.47112274169922
 12
411.052978515625
 22
206.73614501953125
 32
41.21314239501953
 13
411.052978515625
 23
206.73614501953125
 33
41.21314239501953
  0
3DFACE
  8
0
1001
WEBCAD
1000
S3D3
 10
409.3840637207031
 20
191.39085388183594
 30
41.21314239501953
 11
413.95819091796875
 21
181.7054443359375
 31
25.47112274169922
 12
417.60223388671875
 22
198.26046752929688
 32
25.47112274169922
 13
417.60223388671875
 23
198.26046752929688
 33
25.47112274169922
  0
3DFACE
  8
0
1001
WEBCAD
1000
S3D3
 10
409.3840637207031
 20
191.39085388183594
 30
41.21314239501953
 11
404.4554138183594
 21
176.76309204101562
 31
41.21314239501953
 12
413.95819091796875
 22
181.7054443359375
 32
25.47112274169922
 13
413.95819091796875
 23
181.7054443359375
 33
25.47112274169922
  0
3DFACE
  8
0
1001
WEBCAD
1000
S3D3
 10
323.9659423828125
 20
177.11570739746094
 30
75.30015563964844
 11
317.965576171875
 21
181.18405151367188
 31
75.30015563964844
 12
312.48077392578125
 22
166.63546752929688
 32
66.68426513671875
 13
312.48077392578125
 23
166.63546752929688
 33
66.68426513671875
  0
3DFACE
  8
0
1001
WEBCAD
1000
S3D3
 10
323.9659423828125
 20
177.11570739746094
 30
75.30015563964844
 11
312.48077392578125
 21
166.63546752929688
 31
66.68426513671875
 12
321.7369079589844
 22
161.7281951904297
 32
66.68426513671875
 13
321.7369079589844
 23
161.7281951904297
 33
66.68426513671875
  0
3DFACE
  8
0
1001
WEBCAD
1000
S3D3
 10
384.14031982421875
 20
164.61134338378906
 30
55.15394973754883
 11
385.88226318359375
 21
152.33053588867188
 31
41.21314239501953
 12
396.4974365234375
 22
163.53683471679688
 32
41.21314239501953
 13
396.4974365234375
 23
163.53683471679688
 33
41.21314239501953
  0
3DFACE
  8
0
1001
WEBCAD
1000
S3D3
 10
384.14031982421875
 20
164.61134338378906
 30
55.15394973754883
 11
374.0450439453125
 21
156.0363311767578
 31
55.15394973754883
 12
385.88226318359375
 22
152.33053588867188
 32
41.21314239501953
 13
385.88226318359375
 23
152.33053588867188
 33
41.21314239501953
  0
3DFACE
  8
0
1001
WEBCAD
1000
S3D3
 10
324.98541259765625
 20
197.90089416503906
 30
80.62506866455078
 11
339.6697082519531
 21
206.73614501953125
 31
82.42628479003906
 12
323.4294128417969
 22
201.26414489746094
 32
80.62506866455078
 13
323.4294128417969
 23
201.26414489746094
 33
80.62506866455078
  0
3DFACE
  8
0
1001
WEBCAD
1000
S3D3
 10
324.98541259765625
 20
197.90089416503906
 30
80.62506866455078
 11
323.4294128417969
 21
201.26414489746094
 31
80.62506866455078
 12
309.2425231933594
 22
192.65902709960938
 32
75.30015563964844
 13
309.2425231933594
 23
192.65902709960938
 33
75.30015563964844
  0
3DFACE
  8
0
1001
WEBCAD
1000
S3D3
 10
324.98541259765625
 20
197.90089416503906
 30
80.62506866455078
 11
309.2425231933594
 21
192.65902709960938
 31
75.30015563964844
 12
312.9800720214844
 22
186.4471893310547
 32
75.30015563964844
 13
312.9800720214844
 23
186.4471893310547
 33
75.30015563964844
  0
3DFACE
  8
0
1001
WEBCAD
1000
S3D3
 10
352.6311950683594
 20
160.0531463623047
 30
66.68426513671875
 11
349.5796203613281
 21
146.2884063720703
 31
55.15394973754883
 12
362.3424072265625
 22
149.8319854736328
 32
55.15394973754883
 13
362.3424072265625
 23
149.8319854736328
 33
55.15394973754883
  0
3DFACE
  8
0
1001
WEBCAD
1000
S3D3
 10
352.6311950683594
 20
160.0531463623047
 30
66.68426513671875
 11
342.2926940917969
 21
158.35824584960938
 31
66.68426513671875
 12
349.5796203613281
 22
146.2884063720703
 32
55.15394973754883
 13
349.5796203613281
 23
146.2884063720703
 33
55.15394973754883
  0
3DFACE
  8
0
1001
WEBCAD
1000
S3D3
 10
330.70062255859375
 20
174.432373046875
 30
75.30015563964844
 11
321.7369079589844
 21
161.7281951904297
 31
66.68426513671875
 12
331.83154296875
 22
158.92543029785156
 32
66.68426513671875
 13
331.83154296875
 23
158.92543029785156
 33
66.68426513671875
  0
3DFACE
  8
0
1001
WEBCAD
1000
S3D3
 10
330.70062255859375
 20
174.432373046875
 30
75.30015563964844
 11
323.9659423828125
 21
177.11570739746094
 31
75.30015563964844
 12
321.7369079589844
 22
161.7281951904297
 32
66.68426513671875
 13
321.7369079589844
 23
161.7281951904297
 33
66.68426513671875
  0
3DFACE
  8
0
1001
WEBCAD
1000
S3D3
 10
392.1562194824219
 20
175.15606689453125
 30
55.15394973754883
 11
396.4974365234375
 21
163.53683471679688
 31
41.21314239501953
 12
404.4554138183594
 22
176.76309204101562
 32
41.21314239501953
 13
404.4554138183594
 23
176.76309204101562
 33
41.21314239501953
  0
3DFACE
  8
0
1001
WEBCAD
1000
S3D3
 10
392.1562194824219
 20
175.15606689453125
 30
55.15394973754883
 11
384.14031982421875
 21
164.61134338378906
 31
55.15394973754883
 12
396.4974365234375
 22
163.53683471679688
 32
41.21314239501953
 13
396.4974365234375
 23
163.53683471679688
 33
41.21314239501953
  0
3DFACE
  8
0
1001
WEBCAD
1000
S3D3
 10
327.2280578613281
 20
194.95077514648438
 30
80.62506866455078
 11
312.9800720214844
 21
186.4471893310547
 31
75.30015563964844
 12
317.965576171875
 22
181.18405151367188
 32
75.30015563964844
 13
317.965576171875
 23
181.18405151367188
 33
75.30015563964844
  0
3DFACE
  8
0
1001
WEBCAD
1000
S3D3
 10
327.2280578613281
 20
194.95077514648438
 30
80.62506866455078
 11
339.6697082519531
 21
206.73614501953125
 31
82.42628479003906
 12
324.98541259765625
 22
197.90089416503906
 32
80.62506866455078
 13
324.98541259765625
 23
197.90089416503906
 33
80.62506866455078
  0
3DFACE
  8
0
1001
WEBCAD
1000
S3D3
 10
327.2280578613281
 20
194.95077514648438
 30
80.62506866455078
 11
324.98541259765625
 21
197.90089416503906
 31
80.62506866455078
 12
312.9800720214844
 22
186.4471893310547
 32
75.30015563964844
 13
312.9800720214844
 23
186.4471893310547
 33
75.30015563964844
  0
3DFACE
  8
0
1001
WEBCAD
1000
S3D3
 10
362.3636169433594
 20
163.930908203125
 30
66.68426513671875
 11
352.6311950683594
 21
160.0531463623047
 31
66.68426513671875
 12
362.3424072265625
 22
149.8319854736328
 32
55.15394973754883
 13
362.3424072265625
 23
149.8319854736328
 33
55.15394973754883
  0
3DFACE
  8
0
1001
WEBCAD
1000
S3D3
 10
362.3636169433594
 20
163.930908203125
 30
66.68426513671875
 11
362.3424072265625
 21
149.8319854736328
 31
55.15394973754883
 12
374.0450439453125
 22
156.0363311767578
 32
55.15394973754883
 13
374.0450439453125
 23
156.0363311767578
 33
55.15394973754883
  0
3DFACE
  8
0
1001
WEBCAD
1000
S3D3
 10
337.85467529296875
 20
173.259521484375
 30
75.30015563964844
 11
331.83154296875
 21
158.92543029785156
 31
66.68426513671875
 12
342.2926940917969
 22
158.35824584960938
 32
66.68426513671875
 13
342.2926940917969
 23
158.35824584960938
 33
66.68426513671875
  0
3DFACE
  8
0
1001
WEBCAD
1000
S3D3
 10
337.85467529296875
 20
173.259521484375
 30
75.30015563964844
 11
330.70062255859375
 21
174.432373046875
 31
75.30015563964844
 12
331.83154296875
 22
158.92543029785156
 32
66.68426513671875
 13
331.83154296875
 23
158.92543029785156
 33
66.68426513671875
  0
3DFACE
  8
0
1001
WEBCAD
1000
S3D3
 10
397.7178955078125
 20
187.17742919921875
 30
55.15394973754883
 11
392.1562194824219
 21
175.15606689453125
 31
55.15394973754883
 12
404.4554138183594
 22
176.76309204101562
 32
41.21314239501953
 13
404.4554138183594
 23
176.76309204101562
 33
41.21314239501953
  0
3DFACE
  8
0
1001
WEBCAD
1000
S3D3
 10
397.7178955078125
 20
187.17742919921875
 30
55.15394973754883
 11
404.4554138183594
 21
176.76309204101562
 31
41.21314239501953
 12
409.3840637207031
 22
191.39085388183594
 32
41.21314239501953
 13
409.3840637207031
 23
191.39085388183594
 33
41.21314239501953
  0
3DFACE
  8
0
1001
WEBCAD
1000
S3D3
 10
330.05242919921875
 20
192.5517120361328
 30
80.62506866455078
 11
317.965576171875
 21
181.18405151367188
 31
75.30015563964844
 12
323.9659423828125
 22
177.11570739746094
 32
75.30015563964844
 13
323.9659423828125
 23
177.11570739746094
 33
75.30015563964844
  0
3DFACE
  8
0
1001
WEBCAD
1000
S3D3
 10
330.05242919921875
 20
192.5517120361328
 30
80.62506866455078
 11
339.6697082519531
 21
206.73614501953125
 31
82.42628479003906
 12
327.2280578613281
 22
194.95077514648438
 32
80.62506866455078
 13
327.2280578613281
 23
194.95077514648438
 33
80.62506866455078
  0
3DFACE
  8
0
1001
WEBCAD
1000
S3D3
 10
330.05242919921875
 20
192.5517120361328
 30
80.62506866455078
 11
327.2280578613281
 21
194.95077514648438
 31
80.62506866455078
 12
317.965576171875
 22
181.18405151367188
 32
75.30015563964844
 13
317.965576171875
 23
181.18405151367188
 33
75.30015563964844
  0
3DFACE
  8
0
1001
WEBCAD
1000
S3D3
 10
371.034912109375
 20
169.8101806640625
 30
66.68426513671875
 11
362.3636169433594
 21
163.930908203125
 31
66.68426513671875
 12
374.0450439453125
 22
156.0363311767578
 32
55.15394973754883
 13
374.0450439453125
 23
156.0363311767578
 33
55.15394973754883
  0
3DFACE
  8
0
1001
WEBCAD
1000
S3D3
 10
371.034912109375
 20
169.8101806640625
 30
66.68426513671875
 11
374.0450439453125
 21
156.0363311767578
 31
55.15394973754883
 12
384.14031982421875
 22
164.61134338378906
 32
55.15394973754883
 13
384.14031982421875
 23
164.61134338378906
 33
55.15394973754883
  0
3DFACE
  8
0
1001
WEBCAD
1000
S3D3
 10
345.0935974121094
 20
173.65200805664062
 30
75.30015563964844
 11
337.85467529296875
 21
173.259521484375
 31
75.30015563964844
 12
342.2926940917969
 22
158.35824584960938
 32
66.68426513671875
 13
342.2926940917969
 23
158.35824584960938
 33
66.68426513671875
  0
3DFACE
  8
0
1001
WEBCAD
1000
S3D3
 10
345.0935974121094
 20
173.65200805664062
 30
75.30015563964844
 11
342.2926940917969
 21
158.35824584960938
 31
66.68426513671875
 12
352.6311950683594
 22
160.0531463623047
 32
66.68426513671875
 13
352.6311950683594
 23
160.0531463623047
 33
66.68426513671875
  0
3DFACE
  8
0
1001
WEBCAD
1000
S3D3
 10
400.5653076171875
 20
200.11334228515625
 30
55.15394973754883
 11
409.3840637207031
 21
191.39085388183594
 31
41.21314239501953
 12
411.052978515625
 22
206.73614501953125
 32
41.21314239501953
 13
411.052978515625
 23
206.73614501953125
 33
41.21314239501953
  0
3DFACE
  8
0
1001
WEBCAD
1000
S3D3
 10
400.5653076171875
 20
200.11334228515625
 30
55.15394973754883
 11
411.052978515625
 21
206.73614501953125
 31
41.21314239501953
 12
400.92437744140625
 22
206.73614501953125
 32
55.15394973754883
 13
400.92437744140625
 23
206.73614501953125
 33
55.15394973754883
  0
3DFACE
  8
0
1001
WEBCAD
1000
S3D3
 10
400.5653076171875
 20
200.11334228515625
 30
55.15394973754883
 11
400.92437744140625
 21
206.73614501953125
 31
55.15394973754883
 12
388.11865234375
 22
206.73614501953125
 32
66.68426513671875
 13
388.11865234375
 23
206.73614501953125
 33
66.68426513671875
  0
3DFACE
  8
0
1001
WEBCAD
1000
S3D3
 10
400.5653076171875
 20
200.11334228515625
 30
55.15394973754883
 11
397.7178955078125
 21
187.17742919921875
 31
55.15394973754883
 12
409.3840637207031
 22
191.39085388183594
 32
41.21314239501953
 13
409.3840637207031
 23
191.39085388183594
 33
41.21314239501953
  0
3DFACE
  8
0
1001
WEBCAD
1000
S3D3
 10
333.3265075683594
 20
190.81590270996094
 30
80.62506866455078
 11
339.6697082519531
 21
206.73614501953125
 31
82.42628479003906
 12
330.05242919921875
 22
192.5517120361328
 32
80.62506866455078
 13
330.05242919921875
 23
192.5517120361328
 33
80.62506866455078
  0
3DFACE
  8
0
1001
WEBCAD
1000
S3D3
 10
333.3265075683594
 20
190.81590270996094
 30
80.62506866455078
 11
330.05242919921875
 21
192.5517120361328
 31
80.62506866455078
 12
323.9659423828125
 22
177.11570739746094
 32
75.30015563964844
 13
323.9659423828125
 23
177.11570739746094
 33
75.30015563964844
  0
3DFACE
  8
0
1001
WEBCAD
1000
S3D3
 10
333.3265075683594
 20
190.81590270996094
 30
80.62506866455078
 11
323.9659423828125
 21
177.11570739746094
 31
75.30015563964844
 12
330.70062255859375
 22
174.432373046875
 32
75.30015563964844
 13
330.70062255859375
 23
174.432373046875
 33
75.30015563964844
  0
3DFACE
  8
0
1001
WEBCAD
1000
S3D3
 10
378.2395935058594
 20
177.41607666015625
 30
66.68426513671875
 11
384.14031982421875
 21
164.61134338378906
 31
55.15394973754883
 12
392.1562194824219
 22
175.15606689453125
 32
55.15394973754883
 13
392.1562194824219
 23
175.15606689453125
 33
55.15394973754883
  0
3DFACE
  8
0
1001
WEBCAD
1000
S3D3
 10
378.2395935058594
 20
177.41607666015625
 30
66.68426513671875
 11
371.034912109375
 21
169.8101806640625
 31
66.68426513671875
 12
384.14031982421875
 22
164.61134338378906
 32
55.15394973754883
 13
384.14031982421875
 23
164.61134338378906
 33
55.15394973754883
  0
3DFACE
  8
0
1001
WEBCAD
1000
S3D3
 10
352.0788879394531
 20
175.59146118164062
 30
75.30015563964844
 11
345.0935974121094
 21
173.65200805664062
 31
75.30015563964844
 12
352.6311950683594
 22
160.0531463623047
 32
66.68426513671875
 13
352.6311950683594
 23
160.0531463623047
 33
66.68426513671875
  0
3DFACE
  8
0
1001
WEBCAD
1000
S3D3
 10
352.0788879394531
 20
175.59146118164062
 30
75.30015563964844
 11
352.6311950683594
 21
160.0531463623047
 31
66.68426513671875
 12
362.3636169433594
 22
163.930908203125
 32
66.68426513671875
 13
362.3636169433594
 23
163.930908203125
 33
66.68426513671875
  0
3DFACE
  8
0
1001
WEBCAD
1000
S3D3
 10
336.8971862792969
 20
189.8245086669922
 30
80.62506866455078
 11
339.6697082519531
 21
206.73614501953125
 31
82.42628479003906
 12
333.3265075683594
 22
190.81590270996094
 32
80.62506866455078
 13
333.3265075683594
 23
190.81590270996094
 33
80.62506866455078
  0
3DFACE
  8
0
1001
WEBCAD
1000
S3D3
 10
336.8971862792969
 20
189.8245086669922
 30
80.62506866455078
 11
330.70062255859375
 21
174.432373046875
 31
75.30015563964844
 12
337.85467529296875
 22
173.259521484375
 32
75.30015563964844
 13
337.85467529296875
 23
173.259521484375
 33
75.30015563964844
  0
3DFACE
  8
0
1001
WEBCAD
1000
S3D3
 10
336.8971862792969
 20
189.8245086669922
 30
80.62506866455078
 11
333.3265075683594
 21
190.81590270996094
 31
80.62506866455078
 12
330.70062255859375
 22
174.432373046875
 32
75.30015563964844
 13
330.70062255859375
 23
174.432373046875
 33
75.30015563964844
  0
3DFACE
  8
0
1001
WEBCAD
1000
S3D3
 10
383.6407775878906
 20
186.39295959472656
 30
66.68426513671875
 11
392.1562194824219
 21
175.15606689453125
 31
55.15394973754883
 12
397.7178955078125
 22
187.17742919921875
 32
55.15394973754883
 13
397.7178955078125
 23
187.17742919921875
 33
55.15394973754883
  0
3DFACE
  8
0
1001
WEBCAD
1000
S3D3
 10
383.6407775878906
 20
186.39295959472656
 30
66.68426513671875
 11
378.2395935058594
 21
177.41607666015625
 31
66.68426513671875
 12
392.1562194824219
 22
175.15606689453125
 32
55.15394973754883
 13
392.1562194824219
 23
175.15606689453125
 33
55.15394973754883
  0
3DFACE
  8
0
1001
WEBCAD
1000
S3D3
 10
358.48394775390625
 20
178.98721313476562
 30
75.30015563964844
 11
362.3636169433594
 21
163.930908203125
 31
66.68426513671875
 12
371.034912109375
 22
169.8101806640625
 32
66.68426513671875
 13
371.034912109375
 23
169.8101806640625
 33
66.68426513671875
  0
3DFACE
  8
0
1001
WEBCAD
1000
S3D3
 10
358.48394775390625
 20
178.98721313476562
 30
75.30015563964844
 11
352.0788879394531
 21
175.59146118164062
 31
75.30015563964844
 12
362.3636169433594
 22
163.930908203125
 32
66.68426513671875
 13
362.3636169433594
 23
163.930908203125
 33
66.68426513671875
  0
3DFACE
  8
0
1001
WEBCAD
1000
S3D3
 10
340.5975036621094
 20
189.62388610839844
 30
80.62506866455078
 11
336.8971862792969
 21
189.8245086669922
 31
80.62506866455078
 12
337.85467529296875
 22
173.259521484375
 32
75.30015563964844
 13
337.85467529296875
 23
173.259521484375
 33
75.30015563964844
  0
3DFACE
  8
0
1001
WEBCAD
1000
S3D3
 10
340.5975036621094
 20
189.62388610839844
 30
80.62506866455078
 11
337.85467529296875
 21
173.259521484375
 31
75.30015563964844
 12
345.0935974121094
 22
173.65200805664062
 32
75.30015563964844
 13
345.0935974121094
 23
173.65200805664062
 33
75.30015563964844
  0
3DFACE
  8
0
1001
WEBCAD
1000
S3D3
 10
340.5975036621094
 20
189.62388610839844
 30
80.62506866455078
 11
339.6697082519531
 21
206.73614501953125
 31
82.42628479003906
 12
336.8971862792969
 22
189.8245086669922
 32
80.62506866455078
 13
336.8971862792969
 23
189.8245086669922
 33
80.62506866455078
  0
3DFACE
  8
0
1001
WEBCAD
1000
S3D3
 10
386.9859619140625
 20
196.321044921875
 30
66.68426513671875
 11
383.6407775878906
 21
186.39295959472656
 31
66.68426513671875
 12
397.7178955078125
 22
187.17742919921875
 32
55.15394973754883
 13
397.7178955078125
 23
187.17742919921875
 33
55.15394973754883
  0
3DFACE
  8
0
1001
WEBCAD
1000
S3D3
 10
386.9859619140625
 20
196.321044921875
 30
66.68426513671875
 11
400.5653076171875
 21
200.11334228515625
 31
55.15394973754883
 12
388.11865234375
 22
206.73614501953125
 32
66.68426513671875
 13
388.11865234375
 23
206.73614501953125
 33
66.68426513671875
  0
3DFACE
  8
0
1001
WEBCAD
1000
S3D3
 10
386.9859619140625
 20
196.321044921875
 30
66.68426513671875
 11
397.7178955078125
 21
187.17742919921875
 31
55.15394973754883
 12
400.5653076171875
 22
200.11334228515625
 32
55.15394973754883
 13
400.5653076171875
 23
200.11334228515625
 33
55.15394973754883
  0
3DFACE
  8
0
1001
WEBCAD
1000
S3D3
 10
364.00927734375
 20
183.6804656982422
 30
75.30015563964844
 11
358.48394775390625
 21
178.98721313476562
 31
75.30015563964844
 12
371.034912109375
 22
169.8101806640625
 32
66.68426513671875
 13
371.034912109375
 23
169.8101806640625
 33
66.68426513671875
  0
3DFACE
  8
0
1001
WEBCAD
1000
S3D3
 10
364.00927734375
 20
183.6804656982422
 30
75.30015563964844
 11
371.034912109375
 21
169.8101806640625
 31
66.68426513671875
 12
378.2395935058594
 22
177.41607666015625
 32
66.68426513671875
 13
378.2395935058594
 23
177.41607666015625
 33
66.68426513671875
  0
3DFACE
  8
0
1001
WEBCAD
1000
S3D3
 10
344.25445556640625
 20
190.22340393066406
 30
80.62506866455078
 11
345.0935974121094
 21
173.65200805664062
 31
75.30015563964844
 12
352.0788879394531
 22
175.59146118164062
 32
75.30015563964844
 13
352.0788879394531
 23
175.59146118164062
 33
75.30015563964844
  0
3DFACE
  8
0
1001
WEBCAD
1000
S3D3
 10
344.25445556640625
 20
190.22340393066406
 30
80.62506866455078
 11
340.5975036621094
 21
189.62388610839844
 31
80.62506866455078
 12
345.0935974121094
 22
173.65200805664062
 32
75.30015563964844
 13
345.0935974121094
 23
173.65200805664062
 33
75.30015563964844
  0
3DFACE
  8
0
1001
WEBCAD
1000
S3D3
 10
344.25445556640625
 20
190.22340393066406
 30
80.62506866455078
 11
339.6697082519531
 21
206.73614501953125
 31
82.42628479003906
 12
340.5975036621094
 22
189.62388610839844
 32
80.62506866455078
 13
340.5975036621094
 23
189.62388610839844
 33
80.62506866455078
  0
3DFACE
  8
0
1001
WEBCAD
1000
S3D3
 10
368.3965148925781
 20
189.4517822265625
 30
75.30015563964844
 11
364.00927734375
 21
183.6804656982422
 31
75.30015563964844
 12
378.2395935058594
 22
177.41607666015625
 32
66.68426513671875
 13
378.2395935058594
 23
177.41607666015625
 33
66.68426513671875
  0
3DFACE
  8
0
1001
WEBCAD
1000
S3D3
 10
368.3965148925781
 20
189.4517822265625
 30
75.30015563964844
 11
378.2395935058594
 21
177.41607666015625
 31
66.68426513671875
 12
383.6407775878906
 22
186.39295959472656
 32
66.68426513671875
 13
383.6407775878906
 23
186.39295959472656
 33
66.68426513671875
  0
3DFACE
  8
0
1001
WEBCAD
1000
S3D3
 10
347.697021484375
 20
191.5950469970703
 30
80.62506866455078
 11
352.0788879394531
 21
175.59146118164062
 31
75.30015563964844
 12
358.48394775390625
 22
178.98721313476562
 32
75.30015563964844
 13
358.48394775390625
 23
178.98721313476562
 33
75.30015563964844
  0
3DFACE
  8
0
1001
WEBCAD
1000
S3D3
 10
347.697021484375
 20
191.5950469970703
 30
80.62506866455078
 11
344.25445556640625
 21
190.22340393066406
 31
80.62506866455078
 12
352.0788879394531
 22
175.59146118164062
 32
75.30015563964844
 13
352.0788879394531
 23
175.59146118164062
 33
75.30015563964844
  0
3DFACE
  8
0
1001
WEBCAD
1000
S3D3
 10
347.697021484375
 20
191.5950469970703
 30
80.62506866455078
 11
339.6697082519531
 21
206.73614501953125
 31
82.42628479003906
 12
344.25445556640625
 22
190.22340393066406
 32
80.62506866455078
 13
344.25445556640625
 23
190.22340393066406
 33
80.62506866455078
  0
3DFACE
  8
0
1001
WEBCAD
1000
S3D3
 10
371.4405212402344
 20
196.03131103515625
 30
75.30015563964844
 11
383.6407775878906
 21
186.39295959472656
 31
66.68426513671875
 12
386.9859619140625
 22
196.321044921875
 32
66.68426513671875
 13
386.9859619140625
 23
196.321044921875
 33
66.68426513671875
  0
3DFACE
  8
0
1001
WEBCAD
1000
S3D3
 10
371.4405212402344
 20
196.03131103515625
 30
75.30015563964844
 11
368.3965148925781
 21
189.4517822265625
 31
75.30015563964844
 12
383.6407775878906
 22
186.39295959472656
 32
66.68426513671875
 13
383.6407775878906
 23
186.39295959472656
 33
66.68426513671875
  0
3DFACE
  8
0
1001
WEBCAD
1000
S3D3
 10
350.76422119140625
 20
193.67466735839844
 30
80.62506866455078
 11
358.48394775390625
 21
178.98721313476562
 31
75.30015563964844
 12
364.00927734375
 22
183.6804656982422
 32
75.30015563964844
 13
364.00927734375
 23
183.6804656982422
 33
75.30015563964844
  0
3DFACE
  8
0
1001
WEBCAD
1000
S3D3
 10
350.76422119140625
 20
193.67466735839844
 30
80.62506866455078
 11
347.697021484375
 21
191.5950469970703
 31
80.62506866455078
 12
358.48394775390625
 22
178.98721313476562
 32
75.30015563964844
 13
358.48394775390625
 23
178.98721313476562
 33
75.30015563964844
  0
3DFACE
  8
0
1001
WEBCAD
1000
S3D3
 10
350.76422119140625
 20
193.67466735839844
 30
80.62506866455078
 11
339.6697082519531
 21
206.73614501953125
 31
82.42628479003906
 12
347.697021484375
 22
191.5950469970703
 32
80.62506866455078
 13
347.697021484375
 23
191.5950469970703
 33
80.62506866455078
  0
3DFACE
  8
0
1001
WEBCAD
1000
S3D3
 10
372.99896240234375
 20
203.11135864257812
 30
75.30015563964844
 11
386.9859619140625
 21
196.321044921875
 31
66.68426513671875
 12
388.11865234375
 22
206.73614501953125
 32
66.68426513671875
 13
388.11865234375
 23
206.73614501953125
 33
66.68426513671875
  0
3DFACE
  8
0
1001
WEBCAD
1000
S3D3
 10
372.99896240234375
 20
203.11135864257812
 30
75.30015563964844
 11
371.4405212402344
 21
196.03131103515625
 31
75.30015563964844
 12
386.9859619140625
 22
196.321044921875
 32
66.68426513671875
 13
386.9859619140625
 23
196.321044921875
 33
66.68426513671875
  0
3DFACE
  8
0
1001
WEBCAD
1000
S3D3
 10
372.99896240234375
 20
203.11135864257812
 30
75.30015563964844
 11
388.11865234375
 21
206.73614501953125
 31
66.68426513671875
 12
373.19549560546875
 22
206.73614501953125
 32
75.30015563964844
 13
373.19549560546875
 23
206.73614501953125
 33
75.30015563964844
  0
3DFACE
  8
0
1001
WEBCAD
1000
S3D3
 10
372.99896240234375
 20
203.11135864257812
 30
75.30015563964844
 11
373.19549560546875
 21
206.73614501953125
 31
75.30015563964844
 12
356.8070983886719
 22
206.73614501953125
 32
80.62506866455078
 13
356.8070983886719
 23
206.73614501953125
 33
80.62506866455078
  0
3DFACE
  8
0
1001
WEBCAD
1000
S3D3
 10
353.31268310546875
 20
196.3650360107422
 30
80.62506866455078
 11
339.6697082519531
 21
206.73614501953125
 31
82.42628479003906
 12
350.76422119140625
 22
193.67466735839844
 32
80.62506866455078
 13
350.76422119140625
 23
193.67466735839844
 33
80.62506866455078
  0
3DFACE
  8
0
1001
WEBCAD
1000
S3D3
 10
353.31268310546875
 20
196.3650360107422
 30
80.62506866455078
 11
364.00927734375
 21
183.6804656982422
 31
75.30015563964844
 12
368.3965148925781
 22
189.4517822265625
 32
75.30015563964844
 13
368.3965148925781
 23
189.4517822265625
 33
75.30015563964844
  0
3DFACE
  8
0
1001
WEBCAD
1000
S3D3
 10
353.31268310546875
 20
196.3650360107422
 30
80.62506866455078
 11
350.76422119140625
 21
193.67466735839844
 31
80.62506866455078
 12
364.00927734375
 22
183.6804656982422
 32
75.30015563964844
 13
364.00927734375
 23
183.6804656982422
 33
75.30015563964844
  0
3DFACE
  8
0
1001
WEBCAD
1000
S3D3
 10
355.2231750488281
 20
199.54034423828125
 30
80.62506866455078
 11
368.3965148925781
 21
189.4517822265625
 31
75.30015563964844
 12
371.4405212402344
 22
196.03131103515625
 32
75.30015563964844
 13
371.4405212402344
 23
196.03131103515625
 33
75.30015563964844
  0
3DFACE
  8
0
1001
WEBCAD
1000
S3D3
 10
355.2231750488281
 20
199.54034423828125
 30
80.62506866455078
 11
339.6697082519531
 21
206.73614501953125
 31
82.42628479003906
 12
353.31268310546875
 22
196.3650360107422
 32
80.62506866455078
 13
353.31268310546875
 23
196.3650360107422
 33
80.62506866455078
  0
3DFACE
  8
0
1001
WEBCAD
1000
S3D3
 10
355.2231750488281
 20
199.54034423828125
 30
80.62506866455078
 11
353.31268310546875
 21
196.3650360107422
 31
80.62506866455078
 12
368.3965148925781
 22
189.4517822265625
 32
75.30015563964844
 13
368.3965148925781
 23
189.4517822265625
 33
75.30015563964844
  0
3DFACE
  8
0
1001
WEBCAD
1000
S3D3
 10
356.40643310546875
 20
203.05210876464844
 30
80.62506866455078
 11
356.8070983886719
 21
206.73614501953125
 31
80.62506866455078
 12
339.6697082519531
 22
206.73614501953125
 32
82.42628479003906
 13
339.6697082519531
 23
206.73614501953125
 33
82.42628479003906
  0
3DFACE
  8
0
1001
WEBCAD
1000
S3D3
 10
356.40643310546875
 20
203.05210876464844
 30
80.62506866455078
 11
371.4405212402344
 21
196.03131103515625
 31
75.30015563964844
 12
372.99896240234375
 22
203.11135864257812
 32
75.30015563964844
 13
372.99896240234375
 23
203.11135864257812
 33
75.30015563964844
  0
3DFACE
  8
0
1001
WEBCAD
1000
S3D3
 10
356.40643310546875
 20
203.05210876464844
 30
80.62506866455078
 11
372.99896240234375
 21
203.11135864257812
 31
75.30015563964844
 12
356.8070983886719
 22
206.73614501953125
 32
80.62506866455078
 13
356.8070983886719
 23
206.73614501953125
 33
80.62506866455078
  0
3DFACE
  8
0
1001
WEBCAD
1000
S3D3
 10
356.40643310546875
 20
203.05210876464844
 30
80.62506866455078
 11
355.2231750488281
 21
199.54034423828125
 31
80.62506866455078
 12
371.4405212402344
 22
196.03131103515625
 32
75.30015563964844
 13
371.4405212402344
 23
196.03131103515625
 33
75.30015563964844
  0
3DFACE
  8
0
1001
WEBCAD
1000
S3D3
 10
356.40643310546875
 20
203.05210876464844
 30
80.62506866455078
 11
339.6697082519531
 21
206.73614501953125
 31
82.42628479003906
 12
355.2231750488281
 22
199.54034423828125
 32
80.62506866455078
 13
355.2231750488281
 23
199.54034423828125
 33
80.62506866455078
  0
POLYLINE
  8
0
 66
1
 70
0
  0
VERTEX
  8
0
 10
102
 20
12
 30
0.0
  0
VERTEX
  8
0
 10
105
 20
18
 30
0.0
  0
VERTEX
  8
0
 10
105
 20
12
 30
0.0
  0
VERTEX
  8
0
 10
108
 20
18
 30
0.0
  0
VERTEX
  8
0
 10
108
 20
12
 30
0.0
  0
VERTEX
  8
0
 10
111
 20
18
 30
0.0
  0
VERTEX
  8
0
 10
111
 20
12
 30
0.0
  0
VERTEX
  8
0
 10
114
 20
18
 30
0.0
  0
VERTEX
  8
0
 10
114
 20
12
 30
0.0
  0
VERTEX
  8
0
 10
117
 20
18
 30
0.0
  0
VERTEX
  8
0
 10
117
 20
12
 30
0.0
  0
VERTEX
  8
0
 10
120
 20
18
 30
0.0
  0
VERTEX
  8
0
 10
120
 20
12
 30
0.0
  0
SEQEND
  0
3DFACE
  8
0
1001
WEBCAD
1000
S3D4
 10
105
 20
17.82564926147461
 30
1.4358940124511719
 11
105
 21
18
 31
0
 12
104
 22
16
 32
0
 13
104
 23
16
 33
0
  0
3DFACE
  8
0
1001
WEBCAD
1000
S3D4
 10
105
 20
18
 30
0
 11
105
 21
17.82564926147461
 31
-1.4358940124511719
 12
104
 22
16
 32
0
 13
104
 23
16
 33
0
  0
3DFACE
  8
0
1001
WEBCAD
1000
S3D4
 10
103
 20
13.770912170410156
 30
0.9294463396072388
 11
103
 21
14
 31
0
 12
102
 22
12
 32
0
 13
102
 23
12
 33
0
  0
3DFACE
  8
0
1001
WEBCAD
1000
S3D4
 10
103
 20
13.136131286621094
 30
1.645967721939087
 11
103
 21
13.770912170410156
 31
0.9294463396072388
 12
102
 22
12
 32
0
 13
102
 23
12
 33
0
  0
3DFACE
  8
0
1001
WEBCAD
1000
S3D4
 10
104
 20
15.541824340820312
 30
1.8588926792144775
 11
105
 21
17.31273651123047
 31
2.788339138031006
 12
105
 22
17.82564926147461
 32
1.4358940124511719
 13
105
 23
17.82564926147461
 33
1.4358940124511719
  0
3DFACE
  8
0
1001
WEBCAD
1000
S3D4
 10
104
 20
15.541824340820312
 30
1.8588926792144775
 11
105
 21
16.491065979003906
 31
3.97873592376709
 12
105
 22
17.31273651123047
 32
2.788339138031006
 13
105
 23
17.31273651123047
 33
2.788339138031006
  0
3DFACE
  8
0
1001
WEBCAD
1000
S3D4
 10
104
 20
15.541824340820312
 30
1.8588926792144775
 11
104
 21
16
 31
0
 12
103
 22
14
 32
0
 13
103
 23
14
 33
0
  0
3DFACE
  8
0
1001
WEBCAD
1000
S3D4
 10
104
 20
15.541824340820312
 30
1.8588926792144775
 11
105
 21
17.82564926147461
 31
1.4358940124511719
 12
104
 22
16
 32
0
 13
104
 23
16
 33
0
  0
3DFACE
  8
0
1001
WEBCAD
1000
S3D4
 10
104
 20
15.541824340820312
 30
1.8588926792144775
 11
103
 21
14
 31
0
 12
103
 22
13.770912170410156
 32
0.9294463396072388
 13
103
 23
13.770912170410156
 33
0.9294463396072388
  0
3DFACE
  8
0
1001
WEBCAD
1000
S3D4
 10
103
 20
12.241073608398438
 30
1.9854177236557007
 11
103
 21
13.136131286621094
 31
1.645967721939087
 12
102
 22
12
 32
0
 13
102
 23
12
 33
0
  0
3DFACE
  8
0
1001
WEBCAD
1000
S3D4
 10
104
 20
14.272258758544922
 30
3.291935443878174
 11
103
 21
13.770912170410156
 31
0.9294463396072388
 12
103
 22
13.136131286621094
 32
1.645967721939087
 13
103
 23
13.136131286621094
 33
1.645967721939087
  0
3DFACE
  8
0
1001
WEBCAD
1000
S3D4
 10
104
 20
14.272258758544922
 30
3.291935443878174
 11
105
 21
15.408390045166016
 31
4.93790340423584
 12
105
 22
16.491065979003906
 32
3.97873592376709
 13
105
 23
16.491065979003906
 33
3.97873592376709
  0
3DFACE
  8
0
1001
WEBCAD
1000
S3D4
 10
104
 20
14.272258758544922
 30
3.291935443878174
 11
105
 21
14.127628326416016
 31
5.610097408294678
 12
105
 22
15.408390045166016
 32
4.93790340423584
 13
105
 23
15.408390045166016
 33
4.93790340423584
  0
3DFACE
  8
0
1001
WEBCAD
1000
S3D4
 10
104
 20
14.272258758544922
 30
3.291935443878174
 11
104
 21
15.541824340820312
 31
1.8588926792144775
 12
103
 22
13.770912170410156
 32
0.9294463396072388
 13
103
 23
13.770912170410156
 33
0.9294463396072388
  0
3DFACE
  8
0
1001
WEBCAD
1000
S3D4
 10
104
 20
14.272258758544922
 30
3.291935443878174
 11
105
 21
16.491065979003906
 31
3.97873592376709
 12
104
 22
15.541824340820312
 32
1.8588926792144775
 13
104
 23
15.541824340820312
 33
1.8588926792144775
  0
3DFACE
  8
0
1001
WEBCAD
1000
S3D4
 10
104
 20
14.272258758544922
 30
3.291935443878174
 11
103
 21
13.136131286621094
 31
1.645967721939087
 12
103
 22
12.241073608398438
 32
1.9854177236557007
 13
103
 23
12.241073608398438
 33
1.9854177236557007
  0
3DFACE
  8
0
1001
WEBCAD
1000
S3D4
 10
103
 20
11.290790557861328
 30
1.8700324296951294
 11
103
 21
12.241073608398438
 31
1.9854177236557007
 12
102
 22
12
 32
0
 13
102
 23
12
 33
0
  0
3DFACE
  8
0
1001
WEBCAD
1000
S3D4
 10
104
 20
12.482147216796875
 30
3.9708354473114014
 11
105
 21
12.723220825195312
 31
5.9562530517578125
 12
105
 22
14.127628326416016
 32
5.610097408294678
 13
105
 23
14.127628326416016
 33
5.610097408294678
  0
3DFACE
  8
0
1001
WEBCAD
1000
S3D4
 10
104
 20
12.482147216796875
 30
3.9708354473114014
 11
105
 21
11.276779174804688
 31
5.9562530517578125
 12
105
 22
12.723220825195312
 32
5.9562530517578125
 13
105
 23
12.723220825195312
 33
5.9562530517578125
  0
3DFACE
  8
0
1001
WEBCAD
1000
S3D4
 10
104
 20
12.482147216796875
 30
3.9708354473114014
 11
104
 21
14.272258758544922
 31
3.291935443878174
 12
103
 22
12.241073608398438
 32
1.9854177236557007
 13
103
 23
12.241073608398438
 33
1.9854177236557007
  0
3DFACE
  8
0
1001
WEBCAD
1000
S3D4
 10
104
 20
12.482147216796875
 30
3.9708354473114014
 11
105
 21
14.127628326416016
 31
5.610097408294678
 12
104
 22
14.272258758544922
 32
3.291935443878174
 13
104
 23
14.272258758544922
 33
3.291935443878174
  0
3DFACE
  8
0
1001
WEBCAD
1000
S3D4
 10
103
 20
10.502979278564453
 30
1.3262453079223633
 11
103
 21
11.290790557861328
 31
1.8700324296951294
 12
102
 22
12
 32
0
 13
102
 23
12
 33
0
  0
3DFACE
  8
0
1001
WEBCAD
1000
S3D4
 10
104
 20
10.581581115722656
 30
3.740064859390259
 11
105
 21
9.872371673583984
 31
5.610097408294678
 12
105
 22
11.276779174804688
 32
5.9562530517578125
 13
105
 23
11.276779174804688
 33
5.9562530517578125
  0
3DFACE
  8
0
1001
WEBCAD
1000
S3D4
 10
104
 20
10.581581115722656
 30
3.740064859390259
 11
105
 21
8.591609954833984
 31
4.93790340423584
 12
105
 22
9.872371673583984
 32
5.610097408294678
 13
105
 23
9.872371673583984
 33
5.610097408294678
  0
3DFACE
  8
0
1001
WEBCAD
1000
S3D4
 10
104
 20
10.581581115722656
 30
3.740064859390259
 11
105
 21
11.276779174804688
 31
5.9562530517578125
 12
104
 22
12.482147216796875
 32
3.9708354473114014
 13
104
 23
12.482147216796875
 33
3.9708354473114014
  0
3DFACE
  8
0
1001
WEBCAD
1000
S3D4
 10
104
 20
10.581581115722656
 30
3.740064859390259
 11
104
 21
12.482147216796875
 31
3.9708354473114014
 12
103
 22
12.241073608398438
 32
1.9854177236557007
 13
103
 23
12.241073608398438
 33
1.9854177236557007
  0
3DFACE
  8
0
1001
WEBCAD
1000
S3D4
 10
104
 20
10.581581115722656
 30
3.740064859390259
 11
103
 21
12.241073608398438
 31
1.9854177236557007
 12
103
 22
11.290790557861328
 32
1.8700324296951294
 13
103
 23
11.290790557861328
 33
1.8700324296951294
  0
3DFACE
  8
0
1001
WEBCAD
1000
S3D4
 10
103
 20
10.058116912841797
 30
0.47863131761550903
 11
102
 21
12
 31
0
 12
102
 22
12
 32
0
 13
102
 23
12
 33
0
  0
3DFACE
  8
0
1001
WEBCAD
1000
S3D4
 10
103
 20
10.058116912841797
 30
0.47863131761550903
 11
103
 21
10.502979278564453
 31
1.3262453079223633
 12
102
 22
12
 32
0
 13
102
 23
12
 33
0
  0
3DFACE
  8
0
1001
WEBCAD
1000
S3D4
 10
104
 20
9.005958557128906
 30
2.6524906158447266
 11
105
 21
7.508934020996094
 31
3.97873592376709
 12
105
 22
8.591609954833984
 32
4.93790340423584
 13
105
 23
8.591609954833984
 33
4.93790340423584
  0
3DFACE
  8
0
1001
WEBCAD
1000
S3D4
 10
104
 20
9.005958557128906
 30
2.6524906158447266
 11
105
 21
6.687263488769531
 31
2.788339138031006
 12
105
 22
7.508934020996094
 32
3.97873592376709
 13
105
 23
7.508934020996094
 33
3.97873592376709
  0
3DFACE
  8
0
1001
WEBCAD
1000
S3D4
 10
104
 20
9.005958557128906
 30
2.6524906158447266
 11
103
 21
10.502979278564453
 31
1.3262453079223633
 12
103
 22
10.058116912841797
 32
0.47863131761550903
 13
103
 23
10.058116912841797
 33
0.47863131761550903
  0
3DFACE
  8
0
1001
WEBCAD
1000
S3D4
 10
104
 20
9.005958557128906
 30
2.6524906158447266
 11
103
 21
11.290790557861328
 31
1.8700324296951294
 12
103
 22
10.502979278564453
 32
1.3262453079223633
 13
103
 23
10.502979278564453
 33
1.3262453079223633
  0
3DFACE
  8
0
1001
WEBCAD
1000
S3D4
 10
104
 20
9.005958557128906
 30
2.6524906158447266
 11
105
 21
8.591609954833984
 31
4.93790340423584
 12
104
 22
10.581581115722656
 32
3.740064859390259
 13
104
 23
10.581581115722656
 33
3.740064859390259
  0
3DFACE
  8
0
1001
WEBCAD
1000
S3D4
 10
104
 20
9.005958557128906
 30
2.6524906158447266
 11
104
 21
10.581581115722656
 31
3.740064859390259
 12
103
 22
11.290790557861328
 32
1.8700324296951294
 13
103
 23
11.290790557861328
 33
1.8700324296951294
  0
3DFACE
  8
0
1001
WEBCAD
1000
S3D4
 10
103
 20
10.058116912841797
 30
-0.47863131761550903
 11
103
 21
10.058116912841797
 31
0.47863131761550903
 12
102
 22
12
 32
0
 13
102
 23
12
 33
0
  0
3DFACE
  8
0
1001
WEBCAD
1000
S3D4
 10
104
 20
8.116233825683594
 30
0.9572626352310181
 11
105
 21
6.174350738525391
 31
1.4358940124511719
 12
105
 22
6.687263488769531
 32
2.788339138031006
 13
105
 23
6.687263488769531
 33
2.788339138031006
  0
3DFACE
  8
0
1001
WEBCAD
1000
S3D4
 10
104
 20
8.116233825683594
 30
0.9572626352310181
 11
105
 21
6
 31
6.0638584709331745e-15
 12
105
 22
6.174350738525391
 32
1.4358940124511719
 13
105
 23
6.174350738525391
 33
1.4358940124511719
  0
3DFACE
  8
0
1001
WEBCAD
1000
S3D4
 10
104
 20
8.116233825683594
 30
0.9572626352310181
 11
105
 21
6.687263488769531
 31
2.788339138031006
 12
104
 22
9.005958557128906
 32
2.6524906158447266
 13
104
 23
9.005958557128906
 33
2.6524906158447266
  0
3DFACE
  8
0
1001
WEBCAD
1000
S3D4
 10
104
 20
8.116233825683594
 30
0.9572626352310181
 11
104
 21
9.005958557128906
 31
2.6524906158447266
 12
103
 22
10.058116912841797
 32
0.47863131761550903
 13
103
 23
10.058116912841797
 33
0.47863131761550903
  0
3DFACE
  8
0
1001
WEBCAD
1000
S3D4
 10
103
 20
10.502979278564453
 30
-1.3262453079223633
 11
103
 21
10.058116912841797
 31
-0.47863131761550903
 12
102
 22
12
 32
0
 13
102
 23
12
 33
0
  0
3DFACE
  8
0
1001
WEBCAD
1000
S3D4
 10
104
 20
8.116233825683594
 30
-0.9572626352310181
 11
105
 21
6.174350738525391
 31
-1.4358940124511719
 12
105
 22
6
 32
6.0638584709331745e-15
 13
105
 23
6
 33
6.0638584709331745e-15
  0
3DFACE
  8
0
1001
WEBCAD
1000
S3D4
 10
104
 20
8.116233825683594
 30
-0.9572626352310181
 11
105
 21
6.687263488769531
 31
-2.788339138031006
 12
105
 22
6.174350738525391
 32
-1.4358940124511719
 13
105
 23
6.174350738525391
 33
-1.4358940124511719
  0
3DFACE
  8
0
1001
WEBCAD
1000
S3D4
 10
104
 20
8.116233825683594
 30
-0.9572626352310181
 11
104
 21
8.116233825683594
 31
0.9572626352310181
 12
103
 22
10.058116912841797
 32
0.47863131761550903
 13
103
 23
10.058116912841797
 33
0.47863131761550903
  0
3DFACE
  8
0
1001
WEBCAD
1000
S3D4
 10
104
 20
8.116233825683594
 30
-0.9572626352310181
 11
103
 21
10.058116912841797
 31
0.47863131761550903
 12
103
 22
10.058116912841797
 32
-0.47863131761550903
 13
103
 23
10.058116912841797
 33
-0.47863131761550903
  0
3DFACE
  8
0
1001
WEBCAD
1000
S3D4
 10
104
 20
8.116233825683594
 30
-0.9572626352310181
 11
105
 21
6
 31
6.0638584709331745e-15
 12
104
 22
8.116233825683594
 32
0.9572626352310181
 13
104
 23
8.116233825683594
 33
0.9572626352310181
  0
3DFACE
  8
0
1001
WEBCAD
1000
S3D4
 10
103
 20
11.290790557861328
 30
-1.8700324296951294
 11
103
 21
10.502979278564453
 31
-1.3262453079223633
 12
102
 22
12
 32
0
 13
102
 23
12
 33
0
  0
3DFACE
  8
0
1001
WEBCAD
1000
S3D4
 10
104
 20
9.005958557128906
 30
-2.6524906158447266
 11
104
 21
8.116233825683594
 31
-0.9572626352310181
 12
103
 22
10.058116912841797
 32
-0.47863131761550903
 13
103
 23
10.058116912841797
 33
-0.47863131761550903
  0
3DFACE
  8
0
1001
WEBCAD
1000
S3D4
 10
104
 20
9.005958557128906
 30
-2.6524906158447266
 11
103
 21
10.058116912841797
 31
-0.47863131761550903
 12
103
 22
10.502979278564453
 32
-1.3262453079223633
 13
103
 23
10.502979278564453
 33
-1.3262453079223633
  0
3DFACE
  8
0
1001
WEBCAD
1000
S3D4
 10
104
 20
9.005958557128906
 30
-2.6524906158447266
 11
105
 21
7.508934020996094
 31
-3.97873592376709
 12
105
 22
6.687263488769531
 32
-2.788339138031006
 13
105
 23
6.687263488769531
 33
-2.788339138031006
  0
3DFACE
  8
0
1001
WEBCAD
1000
S3D4
 10
104
 20
9.005958557128906
 30
-2.6524906158447266
 11
105
 21
8.591609954833984
 31
-4.93790340423584
 12
105
 22
7.508934020996094
 32
-3.97873592376709
 13
105
 23
7.508934020996094
 33
-3.97873592376709
  0
3DFACE
  8
0
1001
WEBCAD
1000
S3D4
 10
104
 20
9.005958557128906
 30
-2.6524906158447266
 11
105
 21
6.687263488769531
 31
-2.788339138031006
 12
104
 22
8.116233825683594
 32
-0.9572626352310181
 13
104
 23
8.116233825683594
 33
-0.9572626352310181
  0
3DFACE
  8
0
1001
WEBCAD
1000
S3D4
 10
103
 20
12.241073608398438
 30
-1.9854177236557007
 11
103
 21
11.290790557861328
 31
-1.8700324296951294
 12
102
 22
12
 32
0
 13
102
 23
12
 33
0
  0
3DFACE
  8
0
1001
WEBCAD
1000
S3D4
 10
104
 20
10.581581115722656
 30
-3.740064859390259
 11
103
 21
10.502979278564453
 31
-1.3262453079223633
 12
103
 22
11.290790557861328
 32
-1.8700324296951294
 13
103
 23
11.290790557861328
 33
-1.8700324296951294
  0
3DFACE
  8
0
1001
WEBCAD
1000
S3D4
 10
104
 20
10.581581115722656
 30
-3.740064859390259
 11
105
 21
8.591609954833984
 31
-4.93790340423584
 12
104
 22
9.005958557128906
 32
-2.6524906158447266
 13
104
 23
9.005958557128906
 33
-2.6524906158447266
  0
3DFACE
  8
0
1001
WEBCAD
1000
S3D4
 10
104
 20
10.581581115722656
 30
-3.740064859390259
 11
105
 21
9.872371673583984
 31
-5.610097408294678
 12
105
 22
8.591609954833984
 32
-4.93790340423584
 13
105
 23
8.591609954833984
 33
-4.93790340423584
  0
3DFACE
  8
0
1001
WEBCAD
1000
S3D4
 10
104
 20
10.581581115722656
 30
-3.740064859390259
 11
105
 21
11.276779174804688
 31
-5.9562530517578125
 12
105
 22
9.872371673583984
 32
-5.610097408294678
 13
105
 23
9.872371673583984
 33
-5.610097408294678
  0
3DFACE
  8
0
1001
WEBCAD
1000
S3D4
 10
104
 20
10.581581115722656
 30
-3.740064859390259
 11
104
 21
9.005958557128906
 31
-2.6524906158447266
 12
103
 22
10.502979278564453
 32
-1.3262453079223633
 13
103
 23
10.502979278564453
 33
-1.3262453079223633
  0
3DFACE
  8
0
1001
WEBCAD
1000
S3D4
 10
103
 20
13.136131286621094
 30
-1.645967721939087
 11
103
 21
12.241073608398438
 31
-1.9854177236557007
 12
102
 22
12
 32
0
 13
102
 23
12
 33
0
  0
3DFACE
  8
0
1001
WEBCAD
1000
S3D4
 10
104
 20
12.482147216796875
 30
-3.9708354473114014
 11
103
 21
11.290790557861328
 31
-1.8700324296951294
 12
103
 22
12.241073608398438
 32
-1.9854177236557007
 13
103
 23
12.241073608398438
 33
-1.9854177236557007
  0
3DFACE
  8
0
1001
WEBCAD
1000
S3D4
 10
104
 20
12.482147216796875
 30
-3.9708354473114014
 11
105
 21
11.276779174804688
 31
-5.9562530517578125
 12
104
 22
10.581581115722656
 32
-3.740064859390259
 13
104
 23
10.581581115722656
 33
-3.740064859390259
  0
3DFACE
  8
0
1001
WEBCAD
1000
S3D4
 10
104
 20
12.482147216796875
 30
-3.9708354473114014
 11
103
 21
12.241073608398438
 31
-1.9854177236557007
 12
103
 22
13.136131286621094
 32
-1.645967721939087
 13
103
 23
13.136131286621094
 33
-1.645967721939087
  0
3DFACE
  8
0
1001
WEBCAD
1000
S3D4
 10
104
 20
12.482147216796875
 30
-3.9708354473114014
 11
105
 21
12.723220825195312
 31
-5.9562530517578125
 12
105
 22
11.276779174804688
 32
-5.9562530517578125
 13
105
 23
11.276779174804688
 33
-5.9562530517578125
  0
3DFACE
  8
0
1001
WEBCAD
1000
S3D4
 10
104
 20
12.482147216796875
 30
-3.9708354473114014
 11
105
 21
14.127628326416016
 31
-5.610097408294678
 12
105
 22
12.723220825195312
 32
-5.9562530517578125
 13
105
 23
12.723220825195312
 33
-5.9562530517578125
  0
3DFACE
  8
0
1001
WEBCAD
1000
S3D4
 10
104
 20
12.482147216796875
 30
-3.9708354473114014
 11
104
 21
10.581581115722656
 31
-3.740064859390259
 12
103
 22
11.290790557861328
 32
-1.8700324296951294
 13
103
 23
11.290790557861328
 33
-1.8700324296951294
  0
3DFACE
  8
0
1001
WEBCAD
1000
S3D4
 10
103
 20
13.770912170410156
 30
-0.9294463396072388
 11
102
 21
12
 31
0
 12
103
 22
14
 32
0
 13
103
 23
14
 33
0
  0
3DFACE
  8
0
1001
WEBCAD
1000
S3D4
 10
103
 20
13.770912170410156
 30
-0.9294463396072388
 11
103
 21
13.136131286621094
 31
-1.645967721939087
 12
102
 22
12
 32
0
 13
102
 23
12
 33
0
  0
3DFACE
  8
0
1001
WEBCAD
1000
S3D4
 10
104
 20
14.272258758544922
 30
-3.291935443878174
 11
104
 21
12.482147216796875
 31
-3.9708354473114014
 12
103
 22
13.136131286621094
 32
-1.645967721939087
 13
103
 23
13.136131286621094
 33
-1.645967721939087
  0
3DFACE
  8
0
1001
WEBCAD
1000
S3D4
 10
104
 20
14.272258758544922
 30
-3.291935443878174
 11
105
 21
14.127628326416016
 31
-5.610097408294678
 12
104
 22
12.482147216796875
 32
-3.9708354473114014
 13
104
 23
12.482147216796875
 33
-3.9708354473114014
  0
3DFACE
  8
0
1001
WEBCAD
1000
S3D4
 10
104
 20
14.272258758544922
 30
-3.291935443878174
 11
105
 21
15.408390045166016
 31
-4.93790340423584
 12
105
 22
14.127628326416016
 32
-5.610097408294678
 13
105
 23
14.127628326416016
 33
-5.610097408294678
  0
3DFACE
  8
0
1001
WEBCAD
1000
S3D4
 10
104
 20
14.272258758544922
 30
-3.291935443878174
 11
105
 21
16.491065979003906
 31
-3.97873592376709
 12
105
 22
15.408390045166016
 32
-4.93790340423584
 13
105
 23
15.408390045166016
 33
-4.93790340423584
  0
3DFACE
  8
0
1001
WEBCAD
1000
S3D4
 10
104
 20
15.541824340820312
 30
-1.8588926792144775
 11
104
 21
16
 31
0
 12
105
 22
17.82564926147461
 32
-1.4358940124511719
 13
105
 23
17.82564926147461
 33
-1.4358940124511719
  0
3DFACE
  8
0
1001
WEBCAD
1000
S3D4
 10
104
 20
15.541824340820312
 30
-1.8588926792144775
 11
103
 21
14
 31
0
 12
104
 22
16
 32
0
 13
104
 23
16
 33
0
  0
3DFACE
  8
0
1001
WEBCAD
1000
S3D4
 10
104
 20
15.541824340820312
 30
-1.8588926792144775
 11
103
 21
13.770912170410156
 31
-0.9294463396072388
 12
103
 22
14
 32
0
 13
103
 23
14
 33
0
  0
3DFACE
  8
0
1001
WEBCAD
1000
S3D4
 10
104
 20
15.541824340820312
 30
-1.8588926792144775
 11
103
 21
13.136131286621094
 31
-1.645967721939087
 12
103
 22
13.770912170410156
 32
-0.9294463396072388
 13
103
 23
13.770912170410156
 33
-0.9294463396072388
  0
3DFACE
  8
0
1001
WEBCAD
1000
S3D4
 10
104
 20
15.541824340820312
 30
-1.8588926792144775
 11
105
 21
17.31273651123047
 31
-2.788339138031006
 12
105
 22
16.491065979003906
 32
-3.97873592376709
 13
105
 23
16.491065979003906
 33
-3.97873592376709
  0
3DFACE
  8
0
1001
WEBCAD
1000
S3D4
 10
104
 20
15.541824340820312
 30
-1.8588926792144775
 11
105
 21
17.82564926147461
 31
-1.4358940124511719
 12
105
 22
17.31273651123047
 32
-2.788339138031006
 13
105
 23
17.31273651123047
 33
-2.788339138031006
  0
3DFACE
  8
0
1001
WEBCAD
1000
S3D4
 10
104
 20
15.541824340820312
 30
-1.8588926792144775
 11
105
 21
16.491065979003906
 31
-3.97873592376709
 12
104
 22
14.272258758544922
 32
-3.291935443878174
 13
104
 23
14.272258758544922
 33
-3.291935443878174
  0
3DFACE
  8
0
1001
WEBCAD
1000
S3D4
 10
104
 20
15.541824340820312
 30
-1.8588926792144775
 11
104
 21
14.272258758544922
 31
-3.291935443878174
 12
103
 22
13.136131286621094
 32
-1.645967721939087
 13
103
 23
13.136131286621094
 33
-1.645967721939087
  0
3DFACE
  8
0
1001
WEBCAD
1000
S3D4
 10
105
 20
6.174350738525391
 30
1.4358940124511719
 11
105
 21
6
 31
6.0638584709331745e-15
 12
105
 22
6.174350738525391
 32
-1.4358940124511719
 13
105
 23
6.174350738525391
 33
-1.4358940124511719
  0
3DFACE
  8
0
1001
WEBCAD
1000
S3D4
 10
105
 20
6.174350738525391
 30
1.4358940124511719
 11
105
 21
6.174350738525391
 31
-1.4358940124511719
 12
105
 22
6.687263488769531
 32
-2.788339138031006
 13
105
 23
6.687263488769531
 33
-2.788339138031006
  0
3DFACE
  8
0
1001
WEBCAD
1000
S3D4
 10
105
 20
6.174350738525391
 30
1.4358940124511719
 11
105
 21
6.687263488769531
 31
-2.788339138031006
 12
105
 22
7.508934020996094
 32
-3.97873592376709
 13
105
 23
7.508934020996094
 33
-3.97873592376709
  0
3DFACE
  8
0
1001
WEBCAD
1000
S3D4
 10
105
 20
6.174350738525391
 30
1.4358940124511719
 11
105
 21
7.508934020996094
 31
-3.97873592376709
 12
105
 22
8.591609954833984
 32
-4.93790340423584
 13
105
 23
8.591609954833984
 33
-4.93790340423584
  0
3DFACE
  8
0
1001
WEBCAD
1000
S3D4
 10
105
 20
6.174350738525391
 30
1.4358940124511719
 11
105
 21
8.591609954833984
 31
-4.93790340423584
 12
105
 22
9.872371673583984
 32
-5.610097408294678
 13
105
 23
9.872371673583984
 33
-5.610097408294678
  0
3DFACE
  8
0
1001
WEBCAD
1000
S3D4
 10
105
 20
7.508934020996094
 30
3.97873592376709
 11
105
 21
6.687263488769531
 31
2.788339138031006
 12
105
 22
6.174350738525391
 32
1.4358940124511719
 13
105
 23
6.174350738525391
 33
1.4358940124511719
  0
3DFACE
  8
0
1001
WEBCAD
1000
S3D4
 10
105
 20
9.872371673583984
 30
5.610097408294678
 11
105
 21
8.591609954833984
 31
4.93790340423584
 12
105
 22
7.508934020996094
 32
3.97873592376709
 13
105
 23
7.508934020996094
 33
3.97873592376709
  0
3DFACE
  8
0
1001
WEBCAD
1000
S3D4
 10
105
 20
9.872371673583984
 30
5.610097408294678
 11
105
 21
9.872371673583984
 31
-5.610097408294678
 12
105
 22
11.276779174804688
 32
-5.9562530517578125
 13
105
 23
11.276779174804688
 33
-5.9562530517578125
  0
3DFACE
  8
0
1001
WEBCAD
1000
S3D4
 10
105
 20
9.872371673583984
 30
5.610097408294678
 11
105
 21
6.174350738525391
 31
1.4358940124511719
 12
105
 22
9.872371673583984
 32
-5.610097408294678
 13
105
 23
9.872371673583984
 33
-5.610097408294678
  0
3DFACE
  8
0
1001
WEBCAD
1000
S3D4
 10
105
 20
9.872371673583984
 30
5.610097408294678
 11
105
 21
7.508934020996094
 31
3.97873592376709
 12
105
 22
6.174350738525391
 32
1.4358940124511719
 13
105
 23
6.174350738525391
 33
1.4358940124511719
  0
3DFACE
  8
0
1001
WEBCAD
1000
S3D4
 10
105
 20
17.82564926147461
 30
-1.4358940124511719
 11
105
 21
15.408390045166016
 31
-4.93790340423584
 12
105
 22
16.491065979003906
 32
-3.97873592376709
 13
105
 23
16.491065979003906
 33
-3.97873592376709
  0
3DFACE
  8
0
1001
WEBCAD
1000
S3D4
 10
105
 20
17.82564926147461
 30
-1.4358940124511719
 11
105
 21
16.491065979003906
 31
-3.97873592376709
 12
105
 22
17.31273651123047
 32
-2.788339138031006
 13
105
 23
17.31273651123047
 33
-2.788339138031006
  0
3DFACE
  8
0
1001
WEBCAD
1000
S3D4
 10
105
 20
18
 30
0
 11
105
 21
15.408390045166016
 31
-4.93790340423584
 12
105
 22
17.82564926147461
 32
-1.4358940124511719
 13
105
 23
17.82564926147461
 33
-1.4358940124511719
  0
3DFACE
  8
0
1001
WEBCAD
1000
S3D4
 10
105
 20
14.127628326416016
 30
5.610097408294678
 11
105
 21
12.723220825195312
 31
5.9562530517578125
 12
105
 22
11.276779174804688
 32
5.9562530517578125
 13
105
 23
11.276779174804688
 33
5.9562530517578125
  0
3DFACE
  8
0
1001
WEBCAD
1000
S3D4
 10
105
 20
14.127628326416016
 30
5.610097408294678
 11
105
 21
11.276779174804688
 31
5.9562530517578125
 12
105
 22
9.872371673583984
 32
5.610097408294678
 13
105
 23
9.872371673583984
 33
5.610097408294678
  0
3DFACE
  8
0
1001
WEBCAD
1000
S3D4
 10
105
 20
14.127628326416016
 30
5.610097408294678
 11
105
 21
11.276779174804688
 31
-5.9562530517578125
 12
105
 22
12.723220825195312
 32
-5.9562530517578125
 13
105
 23
12.723220825195312
 33
-5.9562530517578125
  0
3DFACE
  8
0
1001
WEBCAD
1000
S3D4
 10
105
 20
14.127628326416016
 30
5.610097408294678
 11
105
 21
12.723220825195312
 31
-5.9562530517578125
 12
105
 22
14.127628326416016
 32
-5.610097408294678
 13
105
 23
14.127628326416016
 33
-5.610097408294678
  0
3DFACE
  8
0
1001
WEBCAD
1000
S3D4
 10
105
 20
14.127628326416016
 30
5.610097408294678
 11
105
 21
9.872371673583984
 31
5.610097408294678
 12
105
 22
11.276779174804688
 32
-5.9562530517578125
 13
105
 23
11.276779174804688
 33
-5.9562530517578125
  0
3DFACE
  8
0
1001
WEBCAD
1000
S3D4
 10
105
 20
16.491065979003906
 30
3.97873592376709
 11
105
 21
18
 31
0
 12
105
 22
17.82564926147461
 32
1.4358940124511719
 13
105
 23
17.82564926147461
 33
1.4358940124511719
  0
3DFACE
  8
0
1001
WEBCAD
1000
S3D4
 10
105
 20
16.491065979003906
 30
3.97873592376709
 11
105
 21
17.82564926147461
 31
1.4358940124511719
 12
105
 22
17.31273651123047
 32
2.788339138031006
 13
105
 23
17.31273651123047
 33
2.788339138031006
  0
3DFACE
  8
0
1001
WEBCAD
1000
S3D4
 10
105
 20
16.491065979003906
 30
3.97873592376709
 11
105
 21
15.408390045166016
 31
4.93790340423584
 12
105
 22
14.127628326416016
 32
5.610097408294678
 13
105
 23
14.127628326416016
 33
5.610097408294678
  0
3DFACE
  8
0
1001
WEBCAD
1000
S3D4
 10
105
 20
16.491065979003906
 30
3.97873592376709
 11
105
 21
14.127628326416016
 31
-5.610097408294678
 12
105
 22
15.408390045166016
 32
-4.93790340423584
 13
105
 23
15.408390045166016
 33
-4.93790340423584
  0
3DFACE
  8
0
1001
WEBCAD
1000
S3D4
 10
105
 20
16.491065979003906
 30
3.97873592376709
 11
105
 21
15.408390045166016
 31
-4.93790340423584
 12
105
 22
18
 32
0
 13
105
 23
18
 33
0
  0
3DFACE
  8
0
1001
WEBCAD
1000
S3D4
 10
105
 20
16.491065979003906
 30
3.97873592376709
 11
105
 21
14.127628326416016
 31
5.610097408294678
 12
105
 22
14.127628326416016
 32
-5.610097408294678
 13
105
 23
14.127628326416016
 33
-5.610097408294678
  0
3DFACE
  8
0
1001
WEBCAD
1000
S3D4
 10
108
 20
17.82564926147461
 30
1.4358940124511719
 11
108
 21
18
 31
0
 12
107
 22
16
 32
0
 13
107
 23
16
 33
0
  0
3DFACE
  8
0
1001
WEBCAD
1000
S3D4
 10
108
 20
18
 30
0
 11
108
 21
17.82564926147461
 31
-1.4358940124511719
 12
107
 22
16
 32
0
 13
107
 23
16
 33
0
  0
3DFACE
  8
0
1001
WEBCAD
1000
S3D4
 10
106
 20
13.770912170410156
 30
0.9294463396072388
 11
106
 21
14
 31
0
 12
105
 22
12
 32
0
 13
105
 23
12
 33
0
  0
3DFACE
  8
0
1001
WEBCAD
1000
S3D4
 10
106
 20
13.136131286621094
 30
1.645967721939087
 11
106
 21
13.770912170410156
 31
0.9294463396072388
 12
105
 22
12
 32
0
 13
105
 23
12
 33
0
  0
3DFACE
  8
0
1001
WEBCAD
1000
S3D4
 10
107
 20
15.541824340820312
 30
1.8588926792144775
 11
108
 21
17.31273651123047
 31
2.788339138031006
 12
108
 22
17.82564926147461
 32
1.4358940124511719
 13
108
 23
17.82564926147461
 33
1.4358940124511719
  0
3DFACE
  8
0
1001
WEBCAD
1000
S3D4
 10
107
 20
15.541824340820312
 30
1.8588926792144775
 11
108
 21
16.491065979003906
 31
3.97873592376709
 12
108
 22
17.31273651123047
 32
2.788339138031006
 13
108
 23
17.31273651123047
 33
2.788339138031006
  0
3DFACE
  8
0
1001
WEBCAD
1000
S3D4
 10
107
 20
15.541824340820312
 30
1.8588926792144775
 11
107
 21
16
 31
0
 12
106
 22
14
 32
0
 13
106
 23
14
 33
0
  0
3DFACE
  8
0
1001
WEBCAD
1000
S3D4
 10
107
 20
15.541824340820312
 30
1.8588926792144775
 11
108
 21
17.82564926147461
 31
1.4358940124511719
 12
107
 22
16
 32
0
 13
107
 23
16
 33
0
  0
3DFACE
  8
0
1001
WEBCAD
1000
S3D4
 10
107
 20
15.541824340820312
 30
1.8588926792144775
 11
106
 21
14
 31
0
 12
106
 22
13.770912170410156
 32
0.9294463396072388
 13
106
 23
13.770912170410156
 33
0.9294463396072388
  0
3DFACE
  8
0
1001
WEBCAD
1000
S3D4
 10
106
 20
12.241073608398438
 30
1.9854177236557007
 11
106
 21
13.136131286621094
 31
1.645967721939087
 12
105
 22
12
 32
0
 13
105
 23
12
 33
0
  0
3DFACE
  8
0
1001
WEBCAD
1000
S3D4
 10
107
 20
14.272258758544922
 30
3.291935443878174
 11
106
 21
13.770912170410156
 31
0.9294463396072388
 12
106
 22
13.136131286621094
 32
1.645967721939087
 13
106
 23
13.136131286621094
 33
1.645967721939087
  0
3DFACE
  8
0
1001
WEBCAD
1000
S3D4
 10
107
 20
14.272258758544922
 30
3.291935443878174
 11
108
 21
15.408390045166016
 31
4.93790340423584
 12
108
 22
16.491065979003906
 32
3.97873592376709
 13
108
 23
16.491065979003906
 33
3.97873592376709
  0
3DFACE
  8
0
1001
WEBCAD
1000
S3D4
 10
107
 20
14.272258758544922
 30
3.291935443878174
 11
108
 21
14.127628326416016
 31
5.610097408294678
 12
108
 22
15.408390045166016
 32
4.93790340423584
 13
108
 23
15.408390045166016
 33
4.93790340423584
  0
3DFACE
  8
0
1001
WEBCAD
1000
S3D4
 10
107
 20
14.272258758544922
 30
3.291935443878174
 11
107
 21
15.541824340820312
 31
1.8588926792144775
 12
106
 22
13.770912170410156
 32
0.9294463396072388
 13
106
 23
13.770912170410156
 33
0.9294463396072388
  0
3DFACE
  8
0
1001
WEBCAD
1000
S3D4
 10
107
 20
14.272258758544922
 30
3.291935443878174
 11
108
 21
16.491065979003906
 31
3.97873592376709
 12
107
 22
15.541824340820312
 32
1.8588926792144775
 13
107
 23
15.541824340820312
 33
1.8588926792144775
  0
3DFACE
  8
0
1001
WEBCAD
1000
S3D4
 10
107
 20
14.272258758544922
 30
3.291935443878174
 11
106
 21
13.136131286621094
 31
1.645967721939087
 12
106
 22
12.241073608398438
 32
1.9854177236557007
 13
106
 23
12.241073608398438
 33
1.9854177236557007
  0
3DFACE
  8
0
1001
WEBCAD
1000
S3D4
 10
106
 20
11.290790557861328
 30
1.8700324296951294
 11
106
 21
12.241073608398438
 31
1.9854177236557007
 12
105
 22
12
 32
0
 13
105
 23
12
 33
0
  0
3DFACE
  8
0
1001
WEBCAD
1000
S3D4
 10
107
 20
12.482147216796875
 30
3.9708354473114014
 11
108
 21
12.723220825195312
 31
5.9562530517578125
 12
108
 22
14.127628326416016
 32
5.610097408294678
 13
108
 23
14.127628326416016
 33
5.610097408294678
  0
3DFACE
  8
0
1001
WEBCAD
1000
S3D4
 10
107
 20
12.482147216796875
 30
3.9708354473114014
 11
108
 21
11.276779174804688
 31
5.9562530517578125
 12
108
 22
12.723220825195312
 32
5.9562530517578125
 13
108
 23
12.723220825195312
 33
5.9562530517578125
  0
3DFACE
  8
0
1001
WEBCAD
1000
S3D4
 10
107
 20
12.482147216796875
 30
3.9708354473114014
 11
107
 21
14.272258758544922
 31
3.291935443878174
 12
106
 22
12.241073608398438
 32
1.9854177236557007
 13
106
 23
12.241073608398438
 33
1.9854177236557007
  0
3DFACE
  8
0
1001
WEBCAD
1000
S3D4
 10
107
 20
12.482147216796875
 30
3.9708354473114014
 11
108
 21
14.127628326416016
 31
5.610097408294678
 12
107
 22
14.272258758544922
 32
3.291935443878174
 13
107
 23
14.272258758544922
 33
3.291935443878174
  0
3DFACE
  8
0
1001
WEBCAD
1000
S3D4
 10
106
 20
10.502979278564453
 30
1.3262453079223633
 11
106
 21
11.290790557861328
 31
1.8700324296951294
 12
105
 22
12
 32
0
 13
105
 23
12
 33
0
  0
3DFACE
  8
0
1001
WEBCAD
1000
S3D4
 10
107
 20
10.581581115722656
 30
3.740064859390259
 11
108
 21
9.872371673583984
 31
5.610097408294678
 12
108
 22
11.276779174804688
 32
5.9562530517578125
 13
108
 23
11.276779174804688
 33
5.9562530517578125
  0
3DFACE
  8
0
1001
WEBCAD
1000
S3D4
 10
107
 20
10.581581115722656
 30
3.740064859390259
 11
108
 21
8.591609954833984
 31
4.93790340423584
 12
108
 22
9.872371673583984
 32
5.610097408294678
 13
108
 23
9.872371673583984
 33
5.610097408294678
  0
3DFACE
  8
0
1001
WEBCAD
1000
S3D4
 10
107
 20
10.581581115722656
 30
3.740064859390259
 11
108
 21
11.276779174804688
 31
5.9562530517578125
 12
107
 22
12.482147216796875
 32
3.9708354473114014
 13
107
 23
12.482147216796875
 33
3.9708354473114014
  0
3DFACE
  8
0
1001
WEBCAD
1000
S3D4
 10
107
 20
10.581581115722656
 30
3.740064859390259
 11
107
 21
12.482147216796875
 31
3.9708354473114014
 12
106
 22
12.241073608398438
 32
1.9854177236557007
 13
106
 23
12.241073608398438
 33
1.9854177236557007
  0
3DFACE
  8
0
1001
WEBCAD
1000
S3D4
 10
107
 20
10.581581115722656
 30
3.740064859390259
 11
106
 21
12.241073608398438
 31
1.9854177236557007
 12
106
 22
11.290790557861328
 32
1.8700324296951294
 13
106
 23
11.290790557861328
 33
1.8700324296951294
  0
3DFACE
  8
0
1001
WEBCAD
1000
S3D4
 10
106
 20
10.058116912841797
 30
0.47863131761550903
 11
105
 21
12
 31
0
 12
105
 22
12
 32
0
 13
105
 23
12
 33
0
  0
3DFACE
  8
0
1001
WEBCAD
1000
S3D4
 10
106
 20
10.058116912841797
 30
0.47863131761550903
 11
106
 21
10.502979278564453
 31
1.3262453079223633
 12
105
 22
12
 32
0
 13
105
 23
12
 33
0
  0
3DFACE
  8
0
1001
WEBCAD
1000
S3D4
 10
107
 20
9.005958557128906
 30
2.6524906158447266
 11
108
 21
7.508934020996094
 31
3.97873592376709
 12
108
 22
8.591609954833984
 32
4.93790340423584
 13
108
 23
8.591609954833984
 33
4.93790340423584
  0
3DFACE
  8
0
1001
WEBCAD
1000
S3D4
 10
107
 20
9.005958557128906
 30
2.6524906158447266
 11
108
 21
6.687263488769531
 31
2.788339138031006
 12
108
 22
7.508934020996094
 32
3.97873592376709
 13
108
 23
7.508934020996094
 33
3.97873592376709
  0
3DFACE
  8
0
1001
WEBCAD
1000
S3D4
 10
107
 20
9.005958557128906
 30
2.6524906158447266
 11
106
 21
10.502979278564453
 31
1.3262453079223633
 12
106
 22
10.058116912841797
 32
0.47863131761550903
 13
106
 23
10.058116912841797
 33
0.47863131761550903
  0
3DFACE
  8
0
1001
WEBCAD
1000
S3D4
 10
107
 20
9.005958557128906
 30
2.6524906158447266
 11
106
 21
11.290790557861328
 31
1.8700324296951294
 12
106
 22
10.502979278564453
 32
1.3262453079223633
 13
106
 23
10.502979278564453
 33
1.3262453079223633
  0
3DFACE
  8
0
1001
WEBCAD
1000
S3D4
 10
107
 20
9.005958557128906
 30
2.6524906158447266
 11
108
 21
8.591609954833984
 31
4.93790340423584
 12
107
 22
10.581581115722656
 32
3.740064859390259
 13
107
 23
10.581581115722656
 33
3.740064859390259
  0
3DFACE
  8
0
1001
WEBCAD
1000
S3D4
 10
107
 20
9.005958557128906
 30
2.6524906158447266
 11
107
 21
10.581581115722656
 31
3.740064859390259
 12
106
 22
11.290790557861328
 32
1.8700324296951294
 13
106
 23
11.290790557861328
 33
1.8700324296951294
  0
3DFACE
  8
0
1001
WEBCAD
1000
S3D4
 10
106
 20
10.058116912841797
 30
-0.47863131761550903
 11
106
 21
10.058116912841797
 31
0.47863131761550903
 12
105
 22
12
 32
0
 13
105
 23
12
 33
0
  0
3DFACE
  8
0
1001
WEBCAD
1000
S3D4
 10
107
 20
8.116233825683594
 30
0.9572626352310181
 11
108
 21
6.174350738525391
 31
1.4358940124511719
 12
108
 22
6.687263488769531
 32
2.788339138031006
 13
108
 23
6.687263488769531
 33
2.788339138031006
  0
3DFACE
  8
0
1001
WEBCAD
1000
S3D4
 10
107
 20
8.116233825683594
 30
0.9572626352310181
 11
108
 21
6
 31
6.0638584709331745e-15
 12
108
 22
6.174350738525391
 32
1.4358940124511719
 13
108
 23
6.174350738525391
 33
1.4358940124511719
  0
3DFACE
  8
0
1001
WEBCAD
1000
S3D4
 10
107
 20
8.116233825683594
 30
0.9572626352310181
 11
108
 21
6.687263488769531
 31
2.788339138031006
 12
107
 22
9.005958557128906
 32
2.6524906158447266
 13
107
 23
9.005958557128906
 33
2.6524906158447266
  0
3DFACE
  8
0
1001
WEBCAD
1000
S3D4
 10
107
 20
8.116233825683594
 30
0.9572626352310181
 11
107
 21
9.005958557128906
 31
2.6524906158447266
 12
106
 22
10.058116912841797
 32
0.47863131761550903
 13
106
 23
10.058116912841797
 33
0.47863131761550903
  0
3DFACE
  8
0
1001
WEBCAD
1000
S3D4
 10
106
 20
10.502979278564453
 30
-1.3262453079223633
 11
106
 21
10.058116912841797
 31
-0.47863131761550903
 12
105
 22
12
 32
0
 13
105
 23
12
 33
0
  0
3DFACE
  8
0
1001
WEBCAD
1000
S3D4
 10
107
 20
8.116233825683594
 30
-0.9572626352310181
 11
108
 21
6.174350738525391
 31
-1.4358940124511719
 12
108
 22
6
 32
6.0638584709331745e-15
 13
108
 23
6
 33
6.0638584709331745e-15
  0
3DFACE
  8
0
1001
WEBCAD
1000
S3D4
 10
107
 20
8.116233825683594
 30
-0.9572626352310181
 11
108
 21
6.687263488769531
 31
-2.788339138031006
 12
108
 22
6.174350738525391
 32
-1.4358940124511719
 13
108
 23
6.174350738525391
 33
-1.4358940124511719
  0
3DFACE
  8
0
1001
WEBCAD
1000
S3D4
 10
107
 20
8.116233825683594
 30
-0.9572626352310181
 11
107
 21
8.116233825683594
 31
0.9572626352310181
 12
106
 22
10.058116912841797
 32
0.47863131761550903
 13
106
 23
10.058116912841797
 33
0.47863131761550903
  0
3DFACE
  8
0
1001
WEBCAD
1000
S3D4
 10
107
 20
8.116233825683594
 30
-0.9572626352310181
 11
106
 21
10.058116912841797
 31
0.47863131761550903
 12
106
 22
10.058116912841797
 32
-0.47863131761550903
 13
106
 23
10.058116912841797
 33
-0.47863131761550903
  0
3DFACE
  8
0
1001
WEBCAD
1000
S3D4
 10
107
 20
8.116233825683594
 30
-0.9572626352310181
 11
108
 21
6
 31
6.0638584709331745e-15
 12
107
 22
8.116233825683594
 32
0.9572626352310181
 13
107
 23
8.116233825683594
 33
0.9572626352310181
  0
3DFACE
  8
0
1001
WEBCAD
1000
S3D4
 10
106
 20
11.290790557861328
 30
-1.8700324296951294
 11
106
 21
10.502979278564453
 31
-1.3262453079223633
 12
105
 22
12
 32
0
 13
105
 23
12
 33
0
  0
3DFACE
  8
0
1001
WEBCAD
1000
S3D4
 10
107
 20
9.005958557128906
 30
-2.6524906158447266
 11
107
 21
8.116233825683594
 31
-0.9572626352310181
 12
106
 22
10.058116912841797
 32
-0.47863131761550903
 13
106
 23
10.058116912841797
 33
-0.47863131761550903
  0
3DFACE
  8
0
1001
WEBCAD
1000
S3D4
 10
107
 20
9.005958557128906
 30
-2.6524906158447266
 11
106
 21
10.058116912841797
 31
-0.47863131761550903
 12
106
 22
10.502979278564453
 32
-1.3262453079223633
 13
106
 23
10.502979278564453
 33
-1.3262453079223633
  0
3DFACE
  8
0
1001
WEBCAD
1000
S3D4
 10
107
 20
9.005958557128906
 30
-2.6524906158447266
 11
108
 21
7.508934020996094
 31
-3.97873592376709
 12
108
 22
6.687263488769531
 32
-2.788339138031006
 13
108
 23
6.687263488769531
 33
-2.788339138031006
  0
3DFACE
  8
0
1001
WEBCAD
1000
S3D4
 10
107
 20
9.005958557128906
 30
-2.6524906158447266
 11
108
 21
8.591609954833984
 31
-4.93790340423584
 12
108
 22
7.508934020996094
 32
-3.97873592376709
 13
108
 23
7.508934020996094
 33
-3.97873592376709
  0
3DFACE
  8
0
1001
WEBCAD
1000
S3D4
 10
107
 20
9.005958557128906
 30
-2.6524906158447266
 11
108
 21
6.687263488769531
 31
-2.788339138031006
 12
107
 22
8.116233825683594
 32
-0.9572626352310181
 13
107
 23
8.116233825683594
 33
-0.9572626352310181
  0
3DFACE
  8
0
1001
WEBCAD
1000
S3D4
 10
106
 20
12.241073608398438
 30
-1.9854177236557007
 11
106
 21
11.290790557861328
 31
-1.8700324296951294
 12
105
 22
12
 32
0
 13
105
 23
12
 33
0
  0
3DFACE
  8
0
1001
WEBCAD
1000
S3D4
 10
107
 20
10.581581115722656
 30
-3.740064859390259
 11
106
 21
10.502979278564453
 31
-1.3262453079223633
 12
106
 22
11.290790557861328
 32
-1.8700324296951294
 13
106
 23
11.290790557861328
 33
-1.8700324296951294
  0
3DFACE
  8
0
1001
WEBCAD
1000
S3D4
 10
107
 20
10.581581115722656
 30
-3.740064859390259
 11
108
 21
8.591609954833984
 31
-4.93790340423584
 12
107
 22
9.005958557128906
 32
-2.6524906158447266
 13
107
 23
9.005958557128906
 33
-2.6524906158447266
  0
3DFACE
  8
0
1001
WEBCAD
1000
S3D4
 10
107
 20
10.581581115722656
 30
-3.740064859390259
 11
108
 21
9.872371673583984
 31
-5.610097408294678
 12
108
 22
8.591609954833984
 32
-4.93790340423584
 13
108
 23
8.591609954833984
 33
-4.93790340423584
  0
3DFACE
  8
0
1001
WEBCAD
1000
S3D4
 10
107
 20
10.581581115722656
 30
-3.740064859390259
 11
108
 21
11.276779174804688
 31
-5.9562530517578125
 12
108
 22
9.872371673583984
 32
-5.610097408294678
 13
108
 23
9.872371673583984
 33
-5.610097408294678
  0
3DFACE
  8
0
1001
WEBCAD
1000
S3D4
 10
107
 20
10.581581115722656
 30
-3.740064859390259
 11
107
 21
9.005958557128906
 31
-2.6524906158447266
 12
106
 22
10.502979278564453
 32
-1.3262453079223633
 13
106
 23
10.502979278564453
 33
-1.3262453079223633
  0
3DFACE
  8
0
1001
WEBCAD
1000
S3D4
 10
106
 20
13.136131286621094
 30
-1.645967721939087
 11
106
 21
12.241073608398438
 31
-1.9854177236557007
 12
105
 22
12
 32
0
 13
105
 23
12
 33
0
  0
3DFACE
  8
0
1001
WEBCAD
1000
S3D4
 10
107
 20
12.482147216796875
 30
-3.9708354473114014
 11
106
 21
11.290790557861328
 31
-1.8700324296951294
 12
106
 22
12.241073608398438
 32
-1.9854177236557007
 13
106
 23
12.241073608398438
 33
-1.9854177236557007
  0
3DFACE
  8
0
1001
WEBCAD
1000
S3D4
 10
107
 20
12.482147216796875
 30
-3.9708354473114014
 11
108
 21
11.276779174804688
 31
-5.9562530517578125
 12
107
 22
10.581581115722656
 32
-3.740064859390259
 13
107
 23
10.581581115722656
 33
-3.740064859390259
  0
3DFACE
  8
0
1001
WEBCAD
1000
S3D4
 10
107
 20
12.482147216796875
 30
-3.9708354473114014
 11
106
 21
12.241073608398438
 31
-1.9854177236557007
 12
106
 22
13.136131286621094
 32
-1.645967721939087
 13
106
 23
13.136131286621094
 33
-1.645967721939087
  0
3DFACE
  8
0
1001
WEBCAD
1000
S3D4
 10
107
 20
12.482147216796875
 30
-3.9708354473114014
 11
108
 21
12.723220825195312
 31
-5.9562530517578125
 12
108
 22
11.276779174804688
 32
-5.9562530517578125
 13
108
 23
11.276779174804688
 33
-5.9562530517578125
  0
3DFACE
  8
0
1001
WEBCAD
1000
S3D4
 10
107
 20
12.482147216796875
 30
-3.9708354473114014
 11
108
 21
14.127628326416016
 31
-5.610097408294678
 12
108
 22
12.723220825195312
 32
-5.9562530517578125
 13
108
 23
12.723220825195312
 33
-5.9562530517578125
  0
3DFACE
  8
0
1001
WEBCAD
1000
S3D4
 10
107
 20
12.482147216796875
 30
-3.9708354473114014
 11
107
 21
10.581581115722656
 31
-3.740064859390259
 12
106
 22
11.290790557861328
 32
-1.8700324296951294
 13
106
 23
11.290790557861328
 33
-1.8700324296951294
  0
3DFACE
  8
0
1001
WEBCAD
1000
S3D4
 10
106
 20
13.770912170410156
 30
-0.9294463396072388
 11
105
 21
12
 31
0
 12
106
 22
14
 32
0
 13
106
 23
14
 33
0
  0
3DFACE
  8
0
1001
WEBCAD
1000
S3D4
 10
106
 20
13.770912170410156
 30
-0.9294463396072388
 11
106
 21
13.136131286621094
 31
-1.645967721939087
 12
105
 22
12
 32
0
 13
105
 23
12
 33
0
  0
3DFACE
  8
0
1001
WEBCAD
1000
S3D4
 10
107
 20
14.272258758544922
 30
-3.291935443878174
 11
107
 21
12.482147216796875
 31
-3.9708354473114014
 12
106
 22
13.136131286621094
 32
-1.645967721939087
 13
106
 23
13.136131286621094
 33
-1.645967721939087
  0
3DFACE
  8
0
1001
WEBCAD
1000
S3D4
 10
107
 20
14.272258758544922
 30
-3.291935443878174
 11
108
 21
14.127628326416016
 31
-5.610097408294678
 12
107
 22
12.482147216796875
 32
-3.9708354473114014
 13
107
 23
12.482147216796875
 33
-3.9708354473114014
  0
3DFACE
  8
0
1001
WEBCAD
1000
S3D4
 10
107
 20
14.272258758544922
 30
-3.291935443878174
 11
108
 21
15.408390045166016
 31
-4.93790340423584
 12
108
 22
14.127628326416016
 32
-5.610097408294678
 13
108
 23
14.127628326416016
 33
-5.610097408294678
  0
3DFACE
  8
0
1001
WEBCAD
1000
S3D4
 10
107
 20
14.272258758544922
 30
-3.291935443878174
 11
108
 21
16.491065979003906
 31
-3.97873592376709
 12
108
 22
15.408390045166016
 32
-4.93790340423584
 13
108
 23
15.408390045166016
 33
-4.93790340423584
  0
3DFACE
  8
0
1001
WEBCAD
1000
S3D4
 10
107
 20
15.541824340820312
 30
-1.8588926792144775
 11
107
 21
16
 31
0
 12
108
 22
17.82564926147461
 32
-1.4358940124511719
 13
108
 23
17.82564926147461
 33
-1.4358940124511719
  0
3DFACE
  8
0
1001
WEBCAD
1000
S3D4
 10
107
 20
15.541824340820312
 30
-1.8588926792144775
 11
106
 21
14
 31
0
 12
107
 22
16
 32
0
 13
107
 23
16
 33
0
  0
3DFACE
  8
0
1001
WEBCAD
1000
S3D4
 10
107
 20
15.541824340820312
 30
-1.8588926792144775
 11
106
 21
13.770912170410156
 31
-0.9294463396072388
 12
106
 22
14
 32
0
 13
106
 23
14
 33
0
  0
3DFACE
  8
0
1001
WEBCAD
1000
S3D4
 10
107
 20
15.541824340820312
 30
-1.8588926792144775
 11
106
 21
13.136131286621094
 31
-1.645967721939087
 12
106
 22
13.770912170410156
 32
-0.9294463396072388
 13
106
 23
13.770912170410156
 33
-0.9294463396072388
  0
3DFACE
  8
0
1001
WEBCAD
1000
S3D4
 10
107
 20
15.541824340820312
 30
-1.8588926792144775
 11
108
 21
17.31273651123047
 31
-2.788339138031006
 12
108
 22
16.491065979003906
 32
-3.97873592376709
 13
108
 23
16.491065979003906
 33
-3.97873592376709
  0
3DFACE
  8
0
1001
WEBCAD
1000
S3D4
 10
107
 20
15.541824340820312
 30
-1.8588926792144775
 11
108
 21
17.82564926147461
 31
-1.4358940124511719
 12
108
 22
17.31273651123047
 32
-2.788339138031006
 13
108
 23
17.31273651123047
 33
-2.788339138031006
  0
3DFACE
  8
0
1001
WEBCAD
1000
S3D4
 10
107
 20
15.541824340820312
 30
-1.8588926792144775
 11
108
 21
16.491065979003906
 31
-3.97873592376709
 12
107
 22
14.272258758544922
 32
-3.291935443878174
 13
107
 23
14.272258758544922
 33
-3.291935443878174
  0
3DFACE
  8
0
1001
WEBCAD
1000
S3D4
 10
107
 20
15.541824340820312
 30
-1.8588926792144775
 11
107
 21
14.272258758544922
 31
-3.291935443878174
 12
106
 22
13.136131286621094
 32
-1.645967721939087
 13
106
 23
13.136131286621094
 33
-1.645967721939087
  0
3DFACE
  8
0
1001
WEBCAD
1000
S3D4
 10
108
 20
6.174350738525391
 30
1.4358940124511719
 11
108
 21
6
 31
6.0638584709331745e-15
 12
108
 22
6.174350738525391
 32
-1.4358940124511719
 13
108
 23
6.174350738525391
 33
-1.4358940124511719
  0
3DFACE
  8
0
1001
WEBCAD
1000
S3D4
 10
108
 20
6.174350738525391
 30
1.4358940124511719
 11
108
 21
6.174350738525391
 31
-1.4358940124511719
 12
108
 22
6.687263488769531
 32
-2.788339138031006
 13
108
 23
6.687263488769531
 33
-2.788339138031006
  0
3DFACE
  8
0
1001
WEBCAD
1000
S3D4
 10
108
 20
6.174350738525391
 30
1.4358940124511719
 11
108
 21
6.687263488769531
 31
-2.788339138031006
 12
108
 22
7.508934020996094
 32
-3.97873592376709
 13
108
 23
7.508934020996094
 33
-3.97873592376709
  0
3DFACE
  8
0
1001
WEBCAD
1000
S3D4
 10
108
 20
6.174350738525391
 30
1.4358940124511719
 11
108
 21
7.508934020996094
 31
-3.97873592376709
 12
108
 22
8.591609954833984
 32
-4.93790340423584
 13
108
 23
8.591609954833984
 33
-4.93790340423584
  0
3DFACE
  8
0
1001
WEBCAD
1000
S3D4
 10
108
 20
6.174350738525391
 30
1.4358940124511719
 11
108
 21
8.591609954833984
 31
-4.93790340423584
 12
108
 22
9.872371673583984
 32
-5.610097408294678
 13
108
 23
9.872371673583984
 33
-5.610097408294678
  0
3DFACE
  8
0
1001
WEBCAD
1000
S3D4
 10
108
 20
7.508934020996094
 30
3.97873592376709
 11
108
 21
6.687263488769531
 31
2.788339138031006
 12
108
 22
6.174350738525391
 32
1.4358940124511719
 13
108
 23
6.174350738525391
 33
1.4358940124511719
  0
3DFACE
  8
0
1001
WEBCAD
1000
S3D4
 10
108
 20
9.872371673583984
 30
5.610097408294678
 11
108
 21
8.591609954833984
 31
4.93790340423584
 12
108
 22
7.508934020996094
 32
3.97873592376709
 13
108
 23
7.508934020996094
 33
3.97873592376709
  0
3DFACE
  8
0
1001
WEBCAD
1000
S3D4
 10
108
 20
9.872371673583984
 30
5.610097408294678
 11
108
 21
9.872371673583984
 31
-5.610097408294678
 12
108
 22
11.276779174804688
 32
-5.9562530517578125
 13
108
 23
11.276779174804688
 33
-5.9562530517578125
  0
3DFACE
  8
0
1001
WEBCAD
1000
S3D4
 10
108
 20
9.872371673583984
 30
5.610097408294678
 11
108
 21
6.174350738525391
 31
1.4358940124511719
 12
108
 22
9.872371673583984
 32
-5.610097408294678
 13
108
 23
9.872371673583984
 33
-5.610097408294678
  0
3DFACE
  8
0
1001
WEBCAD
1000
S3D4
 10
108
 20
9.872371673583984
 30
5.610097408294678
 11
108
 21
7.508934020996094
 31
3.97873592376709
 12
108
 22
6.174350738525391
 32
1.4358940124511719
 13
108
 23
6.174350738525391
 33
1.4358940124511719
  0
3DFACE
  8
0
1001
WEBCAD
1000
S3D4
 10
108
 20
17.82564926147461
 30
-1.4358940124511719
 11
108
 21
15.408390045166016
 31
-4.93790340423584
 12
108
 22
16.491065979003906
 32
-3.97873592376709
 13
108
 23
16.491065979003906
 33
-3.97873592376709
  0
3DFACE
  8
0
1001
WEBCAD
1000
S3D4
 10
108
 20
17.82564926147461
 30
-1.4358940124511719
 11
108
 21
16.491065979003906
 31
-3.97873592376709
 12
108
 22
17.31273651123047
 32
-2.788339138031006
 13
108
 23
17.31273651123047
 33
-2.788339138031006
  0
3DFACE
  8
0
1001
WEBCAD
1000
S3D4
 10
108
 20
18
 30
0
 11
108
 21
15.408390045166016
 31
-4.93790340423584
 12
108
 22
17.82564926147461
 32
-1.4358940124511719
 13
108
 23
17.82564926147461
 33
-1.4358940124511719
  0
3DFACE
  8
0
1001
WEBCAD
1000
S3D4
 10
108
 20
14.127628326416016
 30
5.610097408294678
 11
108
 21
12.723220825195312
 31
5.9562530517578125
 12
108
 22
11.276779174804688
 32
5.9562530517578125
 13
108
 23
11.276779174804688
 33
5.9562530517578125
  0
3DFACE
  8
0
1001
WEBCAD
1000
S3D4
 10
108
 20
14.127628326416016
 30
5.610097408294678
 11
108
 21
11.276779174804688
 31
5.9562530517578125
 12
108
 22
9.872371673583984
 32
5.610097408294678
 13
108
 23
9.872371673583984
 33
5.610097408294678
  0
3DFACE
  8
0
1001
WEBCAD
1000
S3D4
 10
108
 20
14.127628326416016
 30
5.610097408294678
 11
108
 21
11.276779174804688
 31
-5.9562530517578125
 12
108
 22
12.723220825195312
 32
-5.9562530517578125
 13
108
 23
12.723220825195312
 33
-5.9562530517578125
  0
3DFACE
  8
0
1001
WEBCAD
1000
S3D4
 10
108
 20
14.127628326416016
 30
5.610097408294678
 11
108
 21
12.723220825195312
 31
-5.9562530517578125
 12
108
 22
14.127628326416016
 32
-5.610097408294678
 13
108
 23
14.127628326416016
 33
-5.610097408294678
  0
3DFACE
  8
0
1001
WEBCAD
1000
S3D4
 10
108
 20
14.127628326416016
 30
5.610097408294678
 11
108
 21
9.872371673583984
 31
5.610097408294678
 12
108
 22
11.276779174804688
 32
-5.9562530517578125
 13
108
 23
11.276779174804688
 33
-5.9562530517578125
  0
3DFACE
  8
0
1001
WEBCAD
1000
S3D4
 10
108
 20
16.491065979003906
 30
3.97873592376709
 11
108
 21
18
 31
0
 12
108
 22
17.82564926147461
 32
1.4358940124511719
 13
108
 23
17.82564926147461
 33
1.4358940124511719
  0
3DFACE
  8
0
1001
WEBCAD
1000
S3D4
 10
108
 20
16.491065979003906
 30
3.97873592376709
 11
108
 21
17.82564926147461
 31
1.4358940124511719
 12
108
 22
17.31273651123047
 32
2.788339138031006
 13
108
 23
17.31273651123047
 33
2.788339138031006
  0
3DFACE
  8
0
1001
WEBCAD
1000
S3D4
 10
108
 20
16.491065979003906
 30
3.97873592376709
 11
108
 21
15.408390045166016
 31
4.93790340423584
 12
108
 22
14.127628326416016
 32
5.610097408294678
 13
108
 23
14.127628326416016
 33
5.610097408294678
  0
3DFACE
  8
0
1001
WEBCAD
1000
S3D4
 10
108
 20
16.491065979003906
 30
3.97873592376709
 11
108
 21
14.127628326416016
 31
-5.610097408294678
 12
108
 22
15.408390045166016
 32
-4.93790340423584
 13
108
 23
15.408390045166016
 33
-4.93790340423584
  0
3DFACE
  8
0
1001
WEBCAD
1000
S3D4
 10
108
 20
16.491065979003906
 30
3.97873592376709
 11
108
 21
15.408390045166016
 31
-4.93790340423584
 12
108
 22
18
 32
0
 13
108
 23
18
 33
0
  0
3DFACE
  8
0
1001
WEBCAD
1000
S3D4
 10
108
 20
16.491065979003906
 30
3.97873592376709
 11
108
 21
14.127628326416016
 31
5.610097408294678
 12
108
 22
14.127628326416016
 32
-5.610097408294678
 13
108
 23
14.127628326416016
 33
-5.610097408294678
  0
3DFACE
  8
0
1001
WEBCAD
1000
S3D4
 10
111
 20
17.82564926147461
 30
1.4358940124511719
 11
111
 21
18
 31
0
 12
110
 22
16
 32
0
 13
110
 23
16
 33
0
  0
3DFACE
  8
0
1001
WEBCAD
1000
S3D4
 10
111
 20
18
 30
0
 11
111
 21
17.82564926147461
 31
-1.4358940124511719
 12
110
 22
16
 32
0
 13
110
 23
16
 33
0
  0
3DFACE
  8
0
1001
WEBCAD
1000
S3D4
 10
109
 20
13.770912170410156
 30
0.9294463396072388
 11
109
 21
14
 31
0
 12
108
 22
12
 32
0
 13
108
 23
12
 33
0
  0
3DFACE
  8
0
1001
WEBCAD
1000
S3D4
 10
109
 20
13.136131286621094
 30
1.645967721939087
 11
109
 21
13.770912170410156
 31
0.9294463396072388
 12
108
 22
12
 32
0
 13
108
 23
12
 33
0
  0
3DFACE
  8
0
1001
WEBCAD
1000
S3D4
 10
110
 20
15.541824340820312
 30
1.8588926792144775
 11
111
 21
17.31273651123047
 31
2.788339138031006
 12
111
 22
17.82564926147461
 32
1.4358940124511719
 13
111
 23
17.82564926147461
 33
1.4358940124511719
  0
3DFACE
  8
0
1001
WEBCAD
1000
S3D4
 10
110
 20
15.541824340820312
 30
1.8588926792144775
 11
111
 21
16.491065979003906
 31
3.97873592376709
 12
111
 22
17.31273651123047
 32
2.788339138031006
 13
111
 23
17.31273651123047
 33
2.788339138031006
  0
3DFACE
  8
0
1001
WEBCAD
1000
S3D4
 10
110
 20
15.541824340820312
 30
1.8588926792144775
 11
110
 21
16
 31
0
 12
109
 22
14
 32
0
 13
109
 23
14
 33
0
  0
3DFACE
  8
0
1001
WEBCAD
1000
S3D4
 10
110
 20
15.541824340820312
 30
1.8588926792144775
 11
111
 21
17.82564926147461
 31
1.4358940124511719
 12
110
 22
16
 32
0
 13
110
 23
16
 33
0
  0
3DFACE
  8
0
1001
WEBCAD
1000
S3D4
 10
110
 20
15.541824340820312
 30
1.8588926792144775
 11
109
 21
14
 31
0
 12
109
 22
13.770912170410156
 32
0.9294463396072388
 13
109
 23
13.770912170410156
 33
0.9294463396072388
  0
3DFACE
  8
0
1001
WEBCAD
1000
S3D4
 10
109
 20
12.241073608398438
 30
1.9854177236557007
 11
109
 21
13.136131286621094
 31
1.645967721939087
 12
108
 22
12
 32
0
 13
108
 23
12
 33
0
  0
3DFACE
  8
0
1001
WEBCAD
1000
S3D4
 10
110
 20
14.272258758544922
 30
3.291935443878174
 11
109
 21
13.770912170410156
 31
0.9294463396072388
 12
109
 22
13.136131286621094
 32
1.645967721939087
 13
109
 23
13.136131286621094
 33
1.645967721939087
  0
3DFACE
  8
0
1001
WEBCAD
1000
S3D4
 10
110
 20
14.272258758544922
 30
3.291935443878174
 11
111
 21
15.408390045166016
 31
4.93790340423584
 12
111
 22
16.491065979003906
 32
3.97873592376709
 13
111
 23
16.491065979003906
 33
3.97873592376709
  0
3DFACE
  8
0
1001
WEBCAD
1000
S3D4
 10
110
 20
14.272258758544922
 30
3.291935443878174
 11
111
 21
14.127628326416016
 31
5.610097408294678
 12
111
 22
15.408390045166016
 32
4.93790340423584
 13
111
 23
15.408390045166016
 33
4.93790340423584
  0
3DFACE
  8
0
1001
WEBCAD
1000
S3D4
 10
110
 20
14.272258758544922
 30
3.291935443878174
 11
110
 21
15.541824340820312
 31
1.8588926792144775
 12
109
 22
13.770912170410156
 32
0.9294463396072388
 13
109
 23
13.770912170410156
 33
0.9294463396072388
  0
3DFACE
  8
0
1001
WEBCAD
1000
S3D4
 10
110
 20
14.272258758544922
 30
3.291935443878174
 11
111
 21
16.491065979003906
 31
3.97873592376709
 12
110
 22
15.541824340820312
 32
1.8588926792144775
 13
110
 23
15.541824340820312
 33
1.8588926792144775
  0
3DFACE
  8
0
1001
WEBCAD
1000
S3D4
 10
110
 20
14.272258758544922
 30
3.291935443878174
 11
109
 21
13.136131286621094
 31
1.645967721939087
 12
109
 22
12.241073608398438
 32
1.9854177236557007
 13
109
 23
12.241073608398438
 33
1.9854177236557007
  0
3DFACE
  8
0
1001
WEBCAD
1000
S3D4
 10
109
 20
11.290790557861328
 30
1.8700324296951294
 11
109
 21
12.241073608398438
 31
1.9854177236557007
 12
108
 22
12
 32
0
 13
108
 23
12
 33
0
  0
3DFACE
  8
0
1001
WEBCAD
1000
S3D4
 10
110
 20
12.482147216796875
 30
3.9708354473114014
 11
111
 21
12.723220825195312
 31
5.9562530517578125
 12
111
 22
14.127628326416016
 32
5.610097408294678
 13
111
 23
14.127628326416016
 33
5.610097408294678
  0
3DFACE
  8
0
1001
WEBCAD
1000
S3D4
 10
110
 20
12.482147216796875
 30
3.9708354473114014
 11
111
 21
11.276779174804688
 31
5.9562530517578125
 12
111
 22
12.723220825195312
 32
5.9562530517578125
 13
111
 23
12.723220825195312
 33
5.9562530517578125
  0
3DFACE
  8
0
1001
WEBCAD
1000
S3D4
 10
110
 20
12.482147216796875
 30
3.9708354473114014
 11
110
 21
14.272258758544922
 31
3.291935443878174
 12
109
 22
12.241073608398438
 32
1.9854177236557007
 13
109
 23
12.241073608398438
 33
1.9854177236557007
  0
3DFACE
  8
0
1001
WEBCAD
1000
S3D4
 10
110
 20
12.482147216796875
 30
3.9708354473114014
 11
111
 21
14.127628326416016
 31
5.610097408294678
 12
110
 22
14.272258758544922
 32
3.291935443878174
 13
110
 23
14.272258758544922
 33
3.291935443878174
  0
3DFACE
  8
0
1001
WEBCAD
1000
S3D4
 10
109
 20
10.502979278564453
 30
1.3262453079223633
 11
109
 21
11.290790557861328
 31
1.8700324296951294
 12
108
 22
12
 32
0
 13
108
 23
12
 33
0
  0
3DFACE
  8
0
1001
WEBCAD
1000
S3D4
 10
110
 20
10.581581115722656
 30
3.740064859390259
 11
111
 21
9.872371673583984
 31
5.610097408294678
 12
111
 22
11.276779174804688
 32
5.9562530517578125
 13
111
 23
11.276779174804688
 33
5.9562530517578125
  0
3DFACE
  8
0
1001
WEBCAD
1000
S3D4
 10
110
 20
10.581581115722656
 30
3.740064859390259
 11
111
 21
8.591609954833984
 31
4.93790340423584
 12
111
 22
9.872371673583984
 32
5.610097408294678
 13
111
 23
9.872371673583984
 33
5.610097408294678
  0
3DFACE
  8
0
1001
WEBCAD
1000
S3D4
 10
110
 20
10.581581115722656
 30
3.740064859390259
 11
111
 21
11.276779174804688
 31
5.9562530517578125
 12
110
 22
12.482147216796875
 32
3.9708354473114014
 13
110
 23
12.482147216796875
 33
3.9708354473114014
  0
3DFACE
  8
0
1001
WEBCAD
1000
S3D4
 10
110
 20
10.581581115722656
 30
3.740064859390259
 11
110
 21
12.482147216796875
 31
3.9708354473114014
 12
109
 22
12.241073608398438
 32
1.9854177236557007
 13
109
 23
12.241073608398438
 33
1.9854177236557007
  0
3DFACE
  8
0
1001
WEBCAD
1000
S3D4
 10
110
 20
10.581581115722656
 30
3.740064859390259
 11
109
 21
12.241073608398438
 31
1.9854177236557007
 12
109
 22
11.290790557861328
 32
1.8700324296951294
 13
109
 23
11.290790557861328
 33
1.8700324296951294
  0
3DFACE
  8
0
1001
WEBCAD
1000
S3D4
 10
109
 20
10.058116912841797
 30
0.47863131761550903
 11
108
 21
12
 31
0
 12
108
 22
12
 32
0
 13
108
 23
12
 33
0
  0
3DFACE
  8
0
1001
WEBCAD
1000
S3D4
 10
109
 20
10.058116912841797
 30
0.47863131761550903
 11
109
 21
10.502979278564453
 31
1.3262453079223633
 12
108
 22
12
 32
0
 13
108
 23
12
 33
0
  0
3DFACE
  8
0
1001
WEBCAD
1000
S3D4
 10
110
 20
9.005958557128906
 30
2.6524906158447266
 11
111
 21
7.508934020996094
 31
3.97873592376709
 12
111
 22
8.591609954833984
 32
4.93790340423584
 13
111
 23
8.591609954833984
 33
4.93790340423584
  0
3DFACE
  8
0
1001
WEBCAD
1000
S3D4
 10
110
 20
9.005958557128906
 30
2.6524906158447266
 11
111
 21
6.687263488769531
 31
2.788339138031006
 12
111
 22
7.508934020996094
 32
3.97873592376709
 13
111
 23
7.508934020996094
 33
3.97873592376709
  0
3DFACE
  8
0
1001
WEBCAD
1000
S3D4
 10
110
 20
9.005958557128906
 30
2.6524906158447266
 11
109
 21
10.502979278564453
 31
1.3262453079223633
 12
109
 22
10.058116912841797
 32
0.47863131761550903
 13
109
 23
10.058116912841797
 33
0.47863131761550903
  0
3DFACE
  8
0
1001
WEBCAD
1000
S3D4
 10
110
 20
9.005958557128906
 30
2.6524906158447266
 11
109
 21
11.290790557861328
 31
1.8700324296951294
 12
109
 22
10.502979278564453
 32
1.3262453079223633
 13
109
 23
10.502979278564453
 33
1.3262453079223633
  0
3DFACE
  8
0
1001
WEBCAD
1000
S3D4
 10
110
 20
9.005958557128906
 30
2.6524906158447266
 11
111
 21
8.591609954833984
 31
4.93790340423584
 12
110
 22
10.581581115722656
 32
3.740064859390259
 13
110
 23
10.581581115722656
 33
3.740064859390259
  0
3DFACE
  8
0
1001
WEBCAD
1000
S3D4
 10
110
 20
9.005958557128906
 30
2.6524906158447266
 11
110
 21
10.581581115722656
 31
3.740064859390259
 12
109
 22
11.290790557861328
 32
1.8700324296951294
 13
109
 23
11.290790557861328
 33
1.8700324296951294
  0
3DFACE
  8
0
1001
WEBCAD
1000
S3D4
 10
109
 20
10.058116912841797
 30
-0.47863131761550903
 11
109
 21
10.058116912841797
 31
0.47863131761550903
 12
108
 22
12
 32
0
 13
108
 23
12
 33
0
  0
3DFACE
  8
0
1001
WEBCAD
1000
S3D4
 10
110
 20
8.116233825683594
 30
0.9572626352310181
 11
111
 21
6.174350738525391
 31
1.4358940124511719
 12
111
 22
6.687263488769531
 32
2.788339138031006
 13
111
 23
6.687263488769531
 33
2.788339138031006
  0
3DFACE
  8
0
1001
WEBCAD
1000
S3D4
 10
110
 20
8.116233825683594
 30
0.9572626352310181
 11
111
 21
6
 31
6.0638584709331745e-15
 12
111
 22
6.174350738525391
 32
1.4358940124511719
 13
111
 23
6.174350738525391
 33
1.4358940124511719
  0
3DFACE
  8
0
1001
WEBCAD
1000
S3D4
 10
110
 20
8.116233825683594
 30
0.9572626352310181
 11
111
 21
6.687263488769531
 31
2.788339138031006
 12
110
 22
9.005958557128906
 32
2.6524906158447266
 13
110
 23
9.005958557128906
 33
2.6524906158447266
  0
3DFACE
  8
0
1001
WEBCAD
1000
S3D4
 10
110
 20
8.116233825683594
 30
0.9572626352310181
 11
110
 21
9.005958557128906
 31
2.6524906158447266
 12
109
 22
10.058116912841797
 32
0.47863131761550903
 13
109
 23
10.058116912841797
 33
0.47863131761550903
  0
3DFACE
  8
0
1001
WEBCAD
1000
S3D4
 10
109
 20
10.502979278564453
 30
-1.3262453079223633
 11
109
 21
10.058116912841797
 31
-0.47863131761550903
 12
108
 22
12
 32
0
 13
108
 23
12
 33
0
  0
3DFACE
  8
0
1001
WEBCAD
1000
S3D4
 10
110
 20
8.116233825683594
 30
-0.9572626352310181
 11
111
 21
6.174350738525391
 31
-1.4358940124511719
 12
111
 22
6
 32
6.0638584709331745e-15
 13
111
 23
6
 33
6.0638584709331745e-15
  0
3DFACE
  8
0
1001
WEBCAD
1000
S3D4
 10
110
 20
8.116233825683594
 30
-0.9572626352310181
 11
111
 21
6.687263488769531
 31
-2.788339138031006
 12
111
 22
6.174350738525391
 32
-1.4358940124511719
 13
111
 23
6.174350738525391
 33
-1.4358940124511719
  0
3DFACE
  8
0
1001
WEBCAD
1000
S3D4
 10
110
 20
8.116233825683594
 30
-0.9572626352310181
 11
110
 21
8.116233825683594
 31
0.9572626352310181
 12
109
 22
10.058116912841797
 32
0.47863131761550903
 13
109
 23
10.058116912841797
 33
0.47863131761550903
  0
3DFACE
  8
0
1001
WEBCAD
1000
S3D4
 10
110
 20
8.116233825683594
 30
-0.9572626352310181
 11
109
 21
10.058116912841797
 31
0.47863131761550903
 12
109
 22
10.058116912841797
 32
-0.47863131761550903
 13
109
 23
10.058116912841797
 33
-0.47863131761550903
  0
3DFACE
  8
0
1001
WEBCAD
1000
S3D4
 10
110
 20
8.116233825683594
 30
-0.9572626352310181
 11
111
 21
6
 31
6.0638584709331745e-15
 12
110
 22
8.116233825683594
 32
0.9572626352310181
 13
110
 23
8.116233825683594
 33
0.9572626352310181
  0
3DFACE
  8
0
1001
WEBCAD
1000
S3D4
 10
109
 20
11.290790557861328
 30
-1.8700324296951294
 11
109
 21
10.502979278564453
 31
-1.3262453079223633
 12
108
 22
12
 32
0
 13
108
 23
12
 33
0
  0
3DFACE
  8
0
1001
WEBCAD
1000
S3D4
 10
110
 20
9.005958557128906
 30
-2.6524906158447266
 11
110
 21
8.116233825683594
 31
-0.9572626352310181
 12
109
 22
10.058116912841797
 32
-0.47863131761550903
 13
109
 23
10.058116912841797
 33
-0.47863131761550903
  0
3DFACE
  8
0
1001
WEBCAD
1000
S3D4
 10
110
 20
9.005958557128906
 30
-2.6524906158447266
 11
109
 21
10.058116912841797
 31
-0.47863131761550903
 12
109
 22
10.502979278564453
 32
-1.3262453079223633
 13
109
 23
10.502979278564453
 33
-1.3262453079223633
  0
3DFACE
  8
0
1001
WEBCAD
1000
S3D4
 10
110
 20
9.005958557128906
 30
-2.6524906158447266
 11
111
 21
7.508934020996094
 31
-3.97873592376709
 12
111
 22
6.687263488769531
 32
-2.788339138031006
 13
111
 23
6.687263488769531
 33
-2.788339138031006
  0
3DFACE
  8
0
1001
WEBCAD
1000
S3D4
 10
110
 20
9.005958557128906
 30
-2.6524906158447266
 11
111
 21
8.591609954833984
 31
-4.93790340423584
 12
111
 22
7.508934020996094
 32
-3.97873592376709
 13
111
 23
7.508934020996094
 33
-3.97873592376709
  0
3DFACE
  8
0
1001
WEBCAD
1000
S3D4
 10
110
 20
9.005958557128906
 30
-2.6524906158447266
 11
111
 21
6.687263488769531
 31
-2.788339138031006
 12
110
 22
8.116233825683594
 32
-0.9572626352310181
 13
110
 23
8.116233825683594
 33
-0.9572626352310181
  0
3DFACE
  8
0
1001
WEBCAD
1000
S3D4
 10
109
 20
12.241073608398438
 30
-1.9854177236557007
 11
109
 21
11.290790557861328
 31
-1.8700324296951294
 12
108
 22
12
 32
0
 13
108
 23
12
 33
0
  0
3DFACE
  8
0
1001
WEBCAD
1000
S3D4
 10
110
 20
10.581581115722656
 30
-3.740064859390259
 11
109
 21
10.502979278564453
 31
-1.3262453079223633
 12
109
 22
11.290790557861328
 32
-1.8700324296951294
 13
109
 23
11.290790557861328
 33
-1.8700324296951294
  0
3DFACE
  8
0
1001
WEBCAD
1000
S3D4
 10
110
 20
10.581581115722656
 30
-3.740064859390259
 11
111
 21
8.591609954833984
 31
-4.93790340423584
 12
110
 22
9.005958557128906
 32
-2.6524906158447266
 13
110
 23
9.005958557128906
 33
-2.6524906158447266
  0
3DFACE
  8
0
1001
WEBCAD
1000
S3D4
 10
110
 20
10.581581115722656
 30
-3.740064859390259
 11
111
 21
9.872371673583984
 31
-5.610097408294678
 12
111
 22
8.591609954833984
 32
-4.93790340423584
 13
111
 23
8.591609954833984
 33
-4.93790340423584
  0
3DFACE
  8
0
1001
WEBCAD
1000
S3D4
 10
110
 20
10.581581115722656
 30
-3.740064859390259
 11
111
 21
11.276779174804688
 31
-5.9562530517578125
 12
111
 22
9.872371673583984
 32
-5.610097408294678
 13
111
 23
9.872371673583984
 33
-5.610097408294678
  0
3DFACE
  8
0
1001
WEBCAD
1000
S3D4
 10
110
 20
10.581581115722656
 30
-3.740064859390259
 11
110
 21
9.005958557128906
 31
-2.6524906158447266
 12
109
 22
10.502979278564453
 32
-1.3262453079223633
 13
109
 23
10.502979278564453
 33
-1.3262453079223633
  0
3DFACE
  8
0
1001
WEBCAD
1000
S3D4
 10
109
 20
13.136131286621094
 30
-1.645967721939087
 11
109
 21
12.241073608398438
 31
-1.9854177236557007
 12
108
 22
12
 32
0
 13
108
 23
12
 33
0
  0
3DFACE
  8
0
1001
WEBCAD
1000
S3D4
 10
110
 20
12.482147216796875
 30
-3.9708354473114014
 11
109
 21
11.290790557861328
 31
-1.8700324296951294
 12
109
 22
12.241073608398438
 32
-1.9854177236557007
 13
109
 23
12.241073608398438
 33
-1.9854177236557007
  0
3DFACE
  8
0
1001
WEBCAD
1000
S3D4
 10
110
 20
12.482147216796875
 30
-3.9708354473114014
 11
111
 21
11.276779174804688
 31
-5.9562530517578125
 12
110
 22
10.581581115722656
 32
-3.740064859390259
 13
110
 23
10.581581115722656
 33
-3.740064859390259
  0
3DFACE
  8
0
1001
WEBCAD
1000
S3D4
 10
110
 20
12.482147216796875
 30
-3.9708354473114014
 11
109
 21
12.241073608398438
 31
-1.9854177236557007
 12
109
 22
13.136131286621094
 32
-1.645967721939087
 13
109
 23
13.136131286621094
 33
-1.645967721939087
  0
3DFACE
  8
0
1001
WEBCAD
1000
S3D4
 10
110
 20
12.482147216796875
 30
-3.9708354473114014
 11
111
 21
12.723220825195312
 31
-5.9562530517578125
 12
111
 22
11.276779174804688
 32
-5.9562530517578125
 13
111
 23
11.276779174804688
 33
-5.9562530517578125
  0
3DFACE
  8
0
1001
WEBCAD
1000
S3D4
 10
110
 20
12.482147216796875
 30
-3.9708354473114014
 11
111
 21
14.127628326416016
 31
-5.610097408294678
 12
111
 22
12.723220825195312
 32
-5.9562530517578125
 13
111
 23
12.723220825195312
 33
-5.9562530517578125
  0
3DFACE
  8
0
1001
WEBCAD
1000
S3D4
 10
110
 20
12.482147216796875
 30
-3.9708354473114014
 11
110
 21
10.581581115722656
 31
-3.740064859390259
 12
109
 22
11.290790557861328
 32
-1.8700324296951294
 13
109
 23
11.290790557861328
 33
-1.8700324296951294
  0
3DFACE
  8
0
1001
WEBCAD
1000
S3D4
 10
109
 20
13.770912170410156
 30
-0.9294463396072388
 11
108
 21
12
 31
0
 12
109
 22
14
 32
0
 13
109
 23
14
 33
0
  0
3DFACE
  8
0
1001
WEBCAD
1000
S3D4
 10
109
 20
13.770912170410156
 30
-0.9294463396072388
 11
109
 21
13.136131286621094
 31
-1.645967721939087
 12
108
 22
12
 32
0
 13
108
 23
12
 33
0
  0
3DFACE
  8
0
1001
WEBCAD
1000
S3D4
 10
110
 20
14.272258758544922
 30
-3.291935443878174
 11
110
 21
12.482147216796875
 31
-3.9708354473114014
 12
109
 22
13.136131286621094
 32
-1.645967721939087
 13
109
 23
13.136131286621094
 33
-1.645967721939087
  0
3DFACE
  8
0
1001
WEBCAD
1000
S3D4
 10
110
 20
14.272258758544922
 30
-3.291935443878174
 11
111
 21
14.127628326416016
 31
-5.610097408294678
 12
110
 22
12.482147216796875
 32
-3.9708354473114014
 13
110
 23
12.482147216796875
 33
-3.9708354473114014
  0
3DFACE
  8
0
1001
WEBCAD
1000
S3D4
 10
110
 20
14.272258758544922
 30
-3.291935443878174
 11
111
 21
15.408390045166016
 31
-4.93790340423584
 12
111
 22
14.127628326416016
 32
-5.610097408294678
 13
111
 23
14.127628326416016
 33
-5.610097408294678
  0
3DFACE
  8
0
1001
WEBCAD
1000
S3D4
 10
110
 20
14.272258758544922
 30
-3.291935443878174
 11
111
 21
16.491065979003906
 31
-3.97873592376709
 12
111
 22
15.408390045166016
 32
-4.93790340423584
 13
111
 23
15.408390045166016
 33
-4.93790340423584
  0
3DFACE
  8
0
1001
WEBCAD
1000
S3D4
 10
110
 20
15.541824340820312
 30
-1.8588926792144775
 11
110
 21
16
 31
0
 12
111
 22
17.82564926147461
 32
-1.4358940124511719
 13
111
 23
17.82564926147461
 33
-1.4358940124511719
  0
3DFACE
  8
0
1001
WEBCAD
1000
S3D4
 10
110
 20
15.541824340820312
 30
-1.8588926792144775
 11
109
 21
14
 31
0
 12
110
 22
16
 32
0
 13
110
 23
16
 33
0
  0
3DFACE
  8
0
1001
WEBCAD
1000
S3D4
 10
110
 20
15.541824340820312
 30
-1.8588926792144775
 11
109
 21
13.770912170410156
 31
-0.9294463396072388
 12
109
 22
14
 32
0
 13
109
 23
14
 33
0
  0
3DFACE
  8
0
1001
WEBCAD
1000
S3D4
 10
110
 20
15.541824340820312
 30
-1.8588926792144775
 11
109
 21
13.136131286621094
 31
-1.645967721939087
 12
109
 22
13.770912170410156
 32
-0.9294463396072388
 13
109
 23
13.770912170410156
 33
-0.9294463396072388
  0
3DFACE
  8
0
1001
WEBCAD
1000
S3D4
 10
110
 20
15.541824340820312
 30
-1.8588926792144775
 11
111
 21
17.31273651123047
 31
-2.788339138031006
 12
111
 22
16.491065979003906
 32
-3.97873592376709
 13
111
 23
16.491065979003906
 33
-3.97873592376709
  0
3DFACE
  8
0
1001
WEBCAD
1000
S3D4
 10
110
 20
15.541824340820312
 30
-1.8588926792144775
 11
111
 21
17.82564926147461
 31
-1.4358940124511719
 12
111
 22
17.31273651123047
 32
-2.788339138031006
 13
111
 23
17.31273651123047
 33
-2.788339138031006
  0
3DFACE
  8
0
1001
WEBCAD
1000
S3D4
 10
110
 20
15.541824340820312
 30
-1.8588926792144775
 11
111
 21
16.491065979003906
 31
-3.97873592376709
 12
110
 22
14.272258758544922
 32
-3.291935443878174
 13
110
 23
14.272258758544922
 33
-3.291935443878174
  0
3DFACE
  8
0
1001
WEBCAD
1000
S3D4
 10
110
 20
15.541824340820312
 30
-1.8588926792144775
 11
110
 21
14.272258758544922
 31
-3.291935443878174
 12
109
 22
13.136131286621094
 32
-1.645967721939087
 13
109
 23
13.136131286621094
 33
-1.645967721939087
  0
3DFACE
  8
0
1001
WEBCAD
1000
S3D4
 10
111
 20
6.174350738525391
 30
1.4358940124511719
 11
111
 21
6
 31
6.0638584709331745e-15
 12
111
 22
6.174350738525391
 32
-1.4358940124511719
 13
111
 23
6.174350738525391
 33
-1.4358940124511719
  0
3DFACE
  8
0
1001
WEBCAD
1000
S3D4
 10
111
 20
6.174350738525391
 30
1.4358940124511719
 11
111
 21
6.174350738525391
 31
-1.4358940124511719
 12
111
 22
6.687263488769531
 32
-2.788339138031006
 13
111
 23
6.687263488769531
 33
-2.788339138031006
  0
3DFACE
  8
0
1001
WEBCAD
1000
S3D4
 10
111
 20
6.174350738525391
 30
1.4358940124511719
 11
111
 21
6.687263488769531
 31
-2.788339138031006
 12
111
 22
7.508934020996094
 32
-3.97873592376709
 13
111
 23
7.508934020996094
 33
-3.97873592376709
  0
3DFACE
  8
0
1001
WEBCAD
1000
S3D4
 10
111
 20
6.174350738525391
 30
1.4358940124511719
 11
111
 21
7.508934020996094
 31
-3.97873592376709
 12
111
 22
8.591609954833984
 32
-4.93790340423584
 13
111
 23
8.591609954833984
 33
-4.93790340423584
  0
3DFACE
  8
0
1001
WEBCAD
1000
S3D4
 10
111
 20
6.174350738525391
 30
1.4358940124511719
 11
111
 21
8.591609954833984
 31
-4.93790340423584
 12
111
 22
9.872371673583984
 32
-5.610097408294678
 13
111
 23
9.872371673583984
 33
-5.610097408294678
  0
3DFACE
  8
0
1001
WEBCAD
1000
S3D4
 10
111
 20
7.508934020996094
 30
3.97873592376709
 11
111
 21
6.687263488769531
 31
2.788339138031006
 12
111
 22
6.174350738525391
 32
1.4358940124511719
 13
111
 23
6.174350738525391
 33
1.4358940124511719
  0
3DFACE
  8
0
1001
WEBCAD
1000
S3D4
 10
111
 20
9.872371673583984
 30
5.610097408294678
 11
111
 21
8.591609954833984
 31
4.93790340423584
 12
111
 22
7.508934020996094
 32
3.97873592376709
 13
111
 23
7.508934020996094
 33
3.97873592376709
  0
3DFACE
  8
0
1001
WEBCAD
1000
S3D4
 10
111
 20
9.872371673583984
 30
5.610097408294678
 11
111
 21
9.872371673583984
 31
-5.610097408294678
 12
111
 22
11.276779174804688
 32
-5.9562530517578125
 13
111
 23
11.276779174804688
 33
-5.9562530517578125
  0
3DFACE
  8
0
1001
WEBCAD
1000
S3D4
 10
111
 20
9.872371673583984
 30
5.610097408294678
 11
111
 21
6.174350738525391
 31
1.4358940124511719
 12
111
 22
9.872371673583984
 32
-5.610097408294678
 13
111
 23
9.872371673583984
 33
-5.610097408294678
  0
3DFACE
  8
0
1001
WEBCAD
1000
S3D4
 10
111
 20
9.872371673583984
 30
5.610097408294678
 11
111
 21
7.508934020996094
 31
3.97873592376709
 12
111
 22
6.174350738525391
 32
1.4358940124511719
 13
111
 23
6.174350738525391
 33
1.4358940124511719
  0
3DFACE
  8
0
1001
WEBCAD
1000
S3D4
 10
111
 20
17.82564926147461
 30
-1.4358940124511719
 11
111
 21
15.408390045166016
 31
-4.93790340423584
 12
111
 22
16.491065979003906
 32
-3.97873592376709
 13
111
 23
16.491065979003906
 33
-3.97873592376709
  0
3DFACE
  8
0
1001
WEBCAD
1000
S3D4
 10
111
 20
17.82564926147461
 30
-1.4358940124511719
 11
111
 21
16.491065979003906
 31
-3.97873592376709
 12
111
 22
17.31273651123047
 32
-2.788339138031006
 13
111
 23
17.31273651123047
 33
-2.788339138031006
  0
3DFACE
  8
0
1001
WEBCAD
1000
S3D4
 10
111
 20
18
 30
0
 11
111
 21
15.408390045166016
 31
-4.93790340423584
 12
111
 22
17.82564926147461
 32
-1.4358940124511719
 13
111
 23
17.82564926147461
 33
-1.4358940124511719
  0
3DFACE
  8
0
1001
WEBCAD
1000
S3D4
 10
111
 20
14.127628326416016
 30
5.610097408294678
 11
111
 21
12.723220825195312
 31
5.9562530517578125
 12
111
 22
11.276779174804688
 32
5.9562530517578125
 13
111
 23
11.276779174804688
 33
5.9562530517578125
  0
3DFACE
  8
0
1001
WEBCAD
1000
S3D4
 10
111
 20
14.127628326416016
 30
5.610097408294678
 11
111
 21
11.276779174804688
 31
5.9562530517578125
 12
111
 22
9.872371673583984
 32
5.610097408294678
 13
111
 23
9.872371673583984
 33
5.610097408294678
  0
3DFACE
  8
0
1001
WEBCAD
1000
S3D4
 10
111
 20
14.127628326416016
 30
5.610097408294678
 11
111
 21
11.276779174804688
 31
-5.9562530517578125
 12
111
 22
12.723220825195312
 32
-5.9562530517578125
 13
111
 23
12.723220825195312
 33
-5.9562530517578125
  0
3DFACE
  8
0
1001
WEBCAD
1000
S3D4
 10
111
 20
14.127628326416016
 30
5.610097408294678
 11
111
 21
12.723220825195312
 31
-5.9562530517578125
 12
111
 22
14.127628326416016
 32
-5.610097408294678
 13
111
 23
14.127628326416016
 33
-5.610097408294678
  0
3DFACE
  8
0
1001
WEBCAD
1000
S3D4
 10
111
 20
14.127628326416016
 30
5.610097408294678
 11
111
 21
9.872371673583984
 31
5.610097408294678
 12
111
 22
11.276779174804688
 32
-5.9562530517578125
 13
111
 23
11.276779174804688
 33
-5.9562530517578125
  0
3DFACE
  8
0
1001
WEBCAD
1000
S3D4
 10
111
 20
16.491065979003906
 30
3.97873592376709
 11
111
 21
18
 31
0
 12
111
 22
17.82564926147461
 32
1.4358940124511719
 13
111
 23
17.82564926147461
 33
1.4358940124511719
  0
3DFACE
  8
0
1001
WEBCAD
1000
S3D4
 10
111
 20
16.491065979003906
 30
3.97873592376709
 11
111
 21
17.82564926147461
 31
1.4358940124511719
 12
111
 22
17.31273651123047
 32
2.788339138031006
 13
111
 23
17.31273651123047
 33
2.788339138031006
  0
3DFACE
  8
0
1001
WEBCAD
1000
S3D4
 10
111
 20
16.491065979003906
 30
3.97873592376709
 11
111
 21
15.408390045166016
 31
4.93790340423584
 12
111
 22
14.127628326416016
 32
5.610097408294678
 13
111
 23
14.127628326416016
 33
5.610097408294678
  0
3DFACE
  8
0
1001
WEBCAD
1000
S3D4
 10
111
 20
16.491065979003906
 30
3.97873592376709
 11
111
 21
14.127628326416016
 31
-5.610097408294678
 12
111
 22
15.408390045166016
 32
-4.93790340423584
 13
111
 23
15.408390045166016
 33
-4.93790340423584
  0
3DFACE
  8
0
1001
WEBCAD
1000
S3D4
 10
111
 20
16.491065979003906
 30
3.97873592376709
 11
111
 21
15.408390045166016
 31
-4.93790340423584
 12
111
 22
18
 32
0
 13
111
 23
18
 33
0
  0
3DFACE
  8
0
1001
WEBCAD
1000
S3D4
 10
111
 20
16.491065979003906
 30
3.97873592376709
 11
111
 21
14.127628326416016
 31
5.610097408294678
 12
111
 22
14.127628326416016
 32
-5.610097408294678
 13
111
 23
14.127628326416016
 33
-5.610097408294678
  0
3DFACE
  8
0
1001
WEBCAD
1000
S3D4
 10
114
 20
17.82564926147461
 30
1.4358940124511719
 11
114
 21
18
 31
0
 12
113
 22
16
 32
0
 13
113
 23
16
 33
0
  0
3DFACE
  8
0
1001
WEBCAD
1000
S3D4
 10
114
 20
18
 30
0
 11
114
 21
17.82564926147461
 31
-1.4358940124511719
 12
113
 22
16
 32
0
 13
113
 23
16
 33
0
  0
3DFACE
  8
0
1001
WEBCAD
1000
S3D4
 10
112
 20
13.770912170410156
 30
0.9294463396072388
 11
112
 21
14
 31
0
 12
111
 22
12
 32
0
 13
111
 23
12
 33
0
  0
3DFACE
  8
0
1001
WEBCAD
1000
S3D4
 10
112
 20
13.136131286621094
 30
1.645967721939087
 11
112
 21
13.770912170410156
 31
0.9294463396072388
 12
111
 22
12
 32
0
 13
111
 23
12
 33
0
  0
3DFACE
  8
0
1001
WEBCAD
1000
S3D4
 10
113
 20
15.541824340820312
 30
1.8588926792144775
 11
114
 21
17.31273651123047
 31
2.788339138031006
 12
114
 22
17.82564926147461
 32
1.4358940124511719
 13
114
 23
17.82564926147461
 33
1.4358940124511719
  0
3DFACE
  8
0
1001
WEBCAD
1000
S3D4
 10
113
 20
15.541824340820312
 30
1.8588926792144775
 11
114
 21
16.491065979003906
 31
3.97873592376709
 12
114
 22
17.31273651123047
 32
2.788339138031006
 13
114
 23
17.31273651123047
 33
2.788339138031006
  0
3DFACE
  8
0
1001
WEBCAD
1000
S3D4
 10
113
 20
15.541824340820312
 30
1.8588926792144775
 11
113
 21
16
 31
0
 12
112
 22
14
 32
0
 13
112
 23
14
 33
0
  0
3DFACE
  8
0
1001
WEBCAD
1000
S3D4
 10
113
 20
15.541824340820312
 30
1.8588926792144775
 11
114
 21
17.82564926147461
 31
1.4358940124511719
 12
113
 22
16
 32
0
 13
113
 23
16
 33
0
  0
3DFACE
  8
0
1001
WEBCAD
1000
S3D4
 10
113
 20
15.541824340820312
 30
1.8588926792144775
 11
112
 21
14
 31
0
 12
112
 22
13.770912170410156
 32
0.9294463396072388
 13
112
 23
13.770912170410156
 33
0.9294463396072388
  0
3DFACE
  8
0
1001
WEBCAD
1000
S3D4
 10
112
 20
12.241073608398438
 30
1.9854177236557007
 11
112
 21
13.136131286621094
 31
1.645967721939087
 12
111
 22
12
 32
0
 13
111
 23
12
 33
0
  0
3DFACE
  8
0
1001
WEBCAD
1000
S3D4
 10
113
 20
14.272258758544922
 30
3.291935443878174
 11
112
 21
13.770912170410156
 31
0.9294463396072388
 12
112
 22
13.136131286621094
 32
1.645967721939087
 13
112
 23
13.136131286621094
 33
1.645967721939087
  0
3DFACE
  8
0
1001
WEBCAD
1000
S3D4
 10
113
 20
14.272258758544922
 30
3.291935443878174
 11
114
 21
15.408390045166016
 31
4.93790340423584
 12
114
 22
16.491065979003906
 32
3.97873592376709
 13
114
 23
16.491065979003906
 33
3.97873592376709
  0
3DFACE
  8
0
1001
WEBCAD
1000
S3D4
 10
113
 20
14.272258758544922
 30
3.291935443878174
 11
114
 21
14.127628326416016
 31
5.610097408294678
 12
114
 22
15.408390045166016
 32
4.93790340423584
 13
114
 23
15.408390045166016
 33
4.93790340423584
  0
3DFACE
  8
0
1001
WEBCAD
1000
S3D4
 10
113
 20
14.272258758544922
 30
3.291935443878174
 11
113
 21
15.541824340820312
 31
1.8588926792144775
 12
112
 22
13.770912170410156
 32
0.9294463396072388
 13
112
 23
13.770912170410156
 33
0.9294463396072388
  0
3DFACE
  8
0
1001
WEBCAD
1000
S3D4
 10
113
 20
14.272258758544922
 30
3.291935443878174
 11
114
 21
16.491065979003906
 31
3.97873592376709
 12
113
 22
15.541824340820312
 32
1.8588926792144775
 13
113
 23
15.541824340820312
 33
1.8588926792144775
  0
3DFACE
  8
0
1001
WEBCAD
1000
S3D4
 10
113
 20
14.272258758544922
 30
3.291935443878174
 11
112
 21
13.136131286621094
 31
1.645967721939087
 12
112
 22
12.241073608398438
 32
1.9854177236557007
 13
112
 23
12.241073608398438
 33
1.9854177236557007
  0
3DFACE
  8
0
1001
WEBCAD
1000
S3D4
 10
112
 20
11.290790557861328
 30
1.8700324296951294
 11
112
 21
12.241073608398438
 31
1.9854177236557007
 12
111
 22
12
 32
0
 13
111
 23
12
 33
0
  0
3DFACE
  8
0
1001
WEBCAD
1000
S3D4
 10
113
 20
12.482147216796875
 30
3.9708354473114014
 11
114
 21
12.723220825195312
 31
5.9562530517578125
 12
114
 22
14.127628326416016
 32
5.610097408294678
 13
114
 23
14.127628326416016
 33
5.610097408294678
  0
3DFACE
  8
0
1001
WEBCAD
1000
S3D4
 10
113
 20
12.482147216796875
 30
3.9708354473114014
 11
114
 21
11.276779174804688
 31
5.9562530517578125
 12
114
 22
12.723220825195312
 32
5.9562530517578125
 13
114
 23
12.723220825195312
 33
5.9562530517578125
  0
3DFACE
  8
0
1001
WEBCAD
1000
S3D4
 10
113
 20
12.482147216796875
 30
3.9708354473114014
 11
113
 21
14.272258758544922
 31
3.291935443878174
 12
112
 22
12.241073608398438
 32
1.9854177236557007
 13
112
 23
12.241073608398438
 33
1.9854177236557007
  0
3DFACE
  8
0
1001
WEBCAD
1000
S3D4
 10
113
 20
12.482147216796875
 30
3.9708354473114014
 11
114
 21
14.127628326416016
 31
5.610097408294678
 12
113
 22
14.272258758544922
 32
3.291935443878174
 13
113
 23
14.272258758544922
 33
3.291935443878174
  0
3DFACE
  8
0
1001
WEBCAD
1000
S3D4
 10
112
 20
10.502979278564453
 30
1.3262453079223633
 11
112
 21
11.290790557861328
 31
1.8700324296951294
 12
111
 22
12
 32
0
 13
111
 23
12
 33
0
  0
3DFACE
  8
0
1001
WEBCAD
1000
S3D4
 10
113
 20
10.581581115722656
 30
3.740064859390259
 11
114
 21
9.872371673583984
 31
5.610097408294678
 12
114
 22
11.276779174804688
 32
5.9562530517578125
 13
114
 23
11.276779174804688
 33
5.9562530517578125
  0
3DFACE
  8
0
1001
WEBCAD
1000
S3D4
 10
113
 20
10.581581115722656
 30
3.740064859390259
 11
114
 21
8.591609954833984
 31
4.93790340423584
 12
114
 22
9.872371673583984
 32
5.610097408294678
 13
114
 23
9.872371673583984
 33
5.610097408294678
  0
3DFACE
  8
0
1001
WEBCAD
1000
S3D4
 10
113
 20
10.581581115722656
 30
3.740064859390259
 11
114
 21
11.276779174804688
 31
5.9562530517578125
 12
113
 22
12.482147216796875
 32
3.9708354473114014
 13
113
 23
12.482147216796875
 33
3.9708354473114014
  0
3DFACE
  8
0
1001
WEBCAD
1000
S3D4
 10
113
 20
10.581581115722656
 30
3.740064859390259
 11
113
 21
12.482147216796875
 31
3.9708354473114014
 12
112
 22
12.241073608398438
 32
1.9854177236557007
 13
112
 23
12.241073608398438
 33
1.9854177236557007
  0
3DFACE
  8
0
1001
WEBCAD
1000
S3D4
 10
113
 20
10.581581115722656
 30
3.740064859390259
 11
112
 21
12.241073608398438
 31
1.9854177236557007
 12
112
 22
11.290790557861328
 32
1.8700324296951294
 13
112
 23
11.290790557861328
 33
1.8700324296951294
  0
3DFACE
  8
0
1001
WEBCAD
1000
S3D4
 10
112
 20
10.058116912841797
 30
0.47863131761550903
 11
111
 21
12
 31
0
 12
111
 22
12
 32
0
 13
111
 23
12
 33
0
  0
3DFACE
  8
0
1001
WEBCAD
1000
S3D4
 10
112
 20
10.058116912841797
 30
0.47863131761550903
 11
112
 21
10.502979278564453
 31
1.3262453079223633
 12
111
 22
12
 32
0
 13
111
 23
12
 33
0
  0
3DFACE
  8
0
1001
WEBCAD
1000
S3D4
 10
113
 20
9.005958557128906
 30
2.6524906158447266
 11
114
 21
7.508934020996094
 31
3.97873592376709
 12
114
 22
8.591609954833984
 32
4.93790340423584
 13
114
 23
8.591609954833984
 33
4.93790340423584
  0
3DFACE
  8
0
1001
WEBCAD
1000
S3D4
 10
113
 20
9.005958557128906
 30
2.6524906158447266
 11
114
 21
6.687263488769531
 31
2.788339138031006
 12
114
 22
7.508934020996094
 32
3.97873592376709
 13
114
 23
7.508934020996094
 33
3.97873592376709
  0
3DFACE
  8
0
1001
WEBCAD
1000
S3D4
 10
113
 20
9.005958557128906
 30
2.6524906158447266
 11
112
 21
10.502979278564453
 31
1.3262453079223633
 12
112
 22
10.058116912841797
 32
0.47863131761550903
 13
112
 23
10.058116912841797
 33
0.47863131761550903
  0
3DFACE
  8
0
1001
WEBCAD
1000
S3D4
 10
113
 20
9.005958557128906
 30
2.6524906158447266
 11
112
 21
11.290790557861328
 31
1.8700324296951294
 12
112
 22
10.502979278564453
 32
1.3262453079223633
 13
112
 23
10.502979278564453
 33
1.3262453079223633
  0
3DFACE
  8
0
1001
WEBCAD
1000
S3D4
 10
113
 20
9.005958557128906
 30
2.6524906158447266
 11
114
 21
8.591609954833984
 31
4.93790340423584
 12
113
 22
10.581581115722656
 32
3.740064859390259
 13
113
 23
10.581581115722656
 33
3.740064859390259
  0
3DFACE
  8
0
1001
WEBCAD
1000
S3D4
 10
113
 20
9.005958557128906
 30
2.6524906158447266
 11
113
 21
10.581581115722656
 31
3.740064859390259
 12
112
 22
11.290790557861328
 32
1.8700324296951294
 13
112
 23
11.290790557861328
 33
1.8700324296951294
  0
3DFACE
  8
0
1001
WEBCAD
1000
S3D4
 10
112
 20
10.058116912841797
 30
-0.47863131761550903
 11
112
 21
10.058116912841797
 31
0.47863131761550903
 12
111
 22
12
 32
0
 13
111
 23
12
 33
0
  0
3DFACE
  8
0
1001
WEBCAD
1000
S3D4
 10
113
 20
8.116233825683594
 30
0.9572626352310181
 11
114
 21
6.174350738525391
 31
1.4358940124511719
 12
114
 22
6.687263488769531
 32
2.788339138031006
 13
114
 23
6.687263488769531
 33
2.788339138031006
  0
3DFACE
  8
0
1001
WEBCAD
1000
S3D4
 10
113
 20
8.116233825683594
 30
0.9572626352310181
 11
114
 21
6
 31
6.0638584709331745e-15
 12
114
 22
6.174350738525391
 32
1.4358940124511719
 13
114
 23
6.174350738525391
 33
1.4358940124511719
  0
3DFACE
  8
0
1001
WEBCAD
1000
S3D4
 10
113
 20
8.116233825683594
 30
0.9572626352310181
 11
114
 21
6.687263488769531
 31
2.788339138031006
 12
113
 22
9.005958557128906
 32
2.6524906158447266
 13
113
 23
9.005958557128906
 33
2.6524906158447266
  0
3DFACE
  8
0
1001
WEBCAD
1000
S3D4
 10
113
 20
8.116233825683594
 30
0.9572626352310181
 11
113
 21
9.005958557128906
 31
2.6524906158447266
 12
112
 22
10.058116912841797
 32
0.47863131761550903
 13
112
 23
10.058116912841797
 33
0.47863131761550903
  0
3DFACE
  8
0
1001
WEBCAD
1000
S3D4
 10
112
 20
10.502979278564453
 30
-1.3262453079223633
 11
112
 21
10.058116912841797
 31
-0.47863131761550903
 12
111
 22
12
 32
0
 13
111
 23
12
 33
0
  0
3DFACE
  8
0
1001
WEBCAD
1000
S3D4
 10
113
 20
8.116233825683594
 30
-0.9572626352310181
 11
114
 21
6.174350738525391
 31
-1.4358940124511719
 12
114
 22
6
 32
6.0638584709331745e-15
 13
114
 23
6
 33
6.0638584709331745e-15
  0
3DFACE
  8
0
1001
WEBCAD
1000
S3D4
 10
113
 20
8.116233825683594
 30
-0.9572626352310181
 11
114
 21
6.687263488769531
 31
-2.788339138031006
 12
114
 22
6.174350738525391
 32
-1.4358940124511719
 13
114
 23
6.174350738525391
 33
-1.4358940124511719
  0
3DFACE
  8
0
1001
WEBCAD
1000
S3D4
 10
113
 20
8.116233825683594
 30
-0.9572626352310181
 11
113
 21
8.116233825683594
 31
0.9572626352310181
 12
112
 22
10.058116912841797
 32
0.47863131761550903
 13
112
 23
10.058116912841797
 33
0.47863131761550903
  0
3DFACE
  8
0
1001
WEBCAD
1000
S3D4
 10
113
 20
8.116233825683594
 30
-0.9572626352310181
 11
112
 21
10.058116912841797
 31
0.47863131761550903
 12
112
 22
10.058116912841797
 32
-0.47863131761550903
 13
112
 23
10.058116912841797
 33
-0.47863131761550903
  0
3DFACE
  8
0
1001
WEBCAD
1000
S3D4
 10
113
 20
8.116233825683594
 30
-0.9572626352310181
 11
114
 21
6
 31
6.0638584709331745e-15
 12
113
 22
8.116233825683594
 32
0.9572626352310181
 13
113
 23
8.116233825683594
 33
0.9572626352310181
  0
3DFACE
  8
0
1001
WEBCAD
1000
S3D4
 10
112
 20
11.290790557861328
 30
-1.8700324296951294
 11
112
 21
10.502979278564453
 31
-1.3262453079223633
 12
111
 22
12
 32
0
 13
111
 23
12
 33
0
  0
3DFACE
  8
0
1001
WEBCAD
1000
S3D4
 10
113
 20
9.005958557128906
 30
-2.6524906158447266
 11
113
 21
8.116233825683594
 31
-0.9572626352310181
 12
112
 22
10.058116912841797
 32
-0.47863131761550903
 13
112
 23
10.058116912841797
 33
-0.47863131761550903
  0
3DFACE
  8
0
1001
WEBCAD
1000
S3D4
 10
113
 20
9.005958557128906
 30
-2.6524906158447266
 11
112
 21
10.058116912841797
 31
-0.47863131761550903
 12
112
 22
10.502979278564453
 32
-1.3262453079223633
 13
112
 23
10.502979278564453
 33
-1.3262453079223633
  0
3DFACE
  8
0
1001
WEBCAD
1000
S3D4
 10
113
 20
9.005958557128906
 30
-2.6524906158447266
 11
114
 21
7.508934020996094
 31
-3.97873592376709
 12
114
 22
6.687263488769531
 32
-2.788339138031006
 13
114
 23
6.687263488769531
 33
-2.788339138031006
  0
3DFACE
  8
0
1001
WEBCAD
1000
S3D4
 10
113
 20
9.005958557128906
 30
-2.6524906158447266
 11
114
 21
8.591609954833984
 31
-4.93790340423584
 12
114
 22
7.508934020996094
 32
-3.97873592376709
 13
114
 23
7.508934020996094
 33
-3.97873592376709
  0
3DFACE
  8
0
1001
WEBCAD
1000
S3D4
 10
113
 20
9.005958557128906
 30
-2.6524906158447266
 11
114
 21
6.687263488769531
 31
-2.788339138031006
 12
113
 22
8.116233825683594
 32
-0.9572626352310181
 13
113
 23
8.116233825683594
 33
-0.9572626352310181
  0
3DFACE
  8
0
1001
WEBCAD
1000
S3D4
 10
112
 20
12.241073608398438
 30
-1.9854177236557007
 11
112
 21
11.290790557861328
 31
-1.8700324296951294
 12
111
 22
12
 32
0
 13
111
 23
12
 33
0
  0
3DFACE
  8
0
1001
WEBCAD
1000
S3D4
 10
113
 20
10.581581115722656
 30
-3.740064859390259
 11
112
 21
10.502979278564453
 31
-1.3262453079223633
 12
112
 22
11.290790557861328
 32
-1.8700324296951294
 13
112
 23
11.290790557861328
 33
-1.8700324296951294
  0
3DFACE
  8
0
1001
WEBCAD
1000
S3D4
 10
113
 20
10.581581115722656
 30
-3.740064859390259
 11
114
 21
8.591609954833984
 31
-4.93790340423584
 12
113
 22
9.005958557128906
 32
-2.6524906158447266
 13
113
 23
9.005958557128906
 33
-2.6524906158447266
  0
3DFACE
  8
0
1001
WEBCAD
1000
S3D4
 10
113
 20
10.581581115722656
 30
-3.740064859390259
 11
114
 21
9.872371673583984
 31
-5.610097408294678
 12
114
 22
8.591609954833984
 32
-4.93790340423584
 13
114
 23
8.591609954833984
 33
-4.93790340423584
  0
3DFACE
  8
0
1001
WEBCAD
1000
S3D4
 10
113
 20
10.581581115722656
 30
-3.740064859390259
 11
114
 21
11.276779174804688
 31
-5.9562530517578125
 12
114
 22
9.872371673583984
 32
-5.610097408294678
 13
114
 23
9.872371673583984
 33
-5.610097408294678
  0
3DFACE
  8
0
1001
WEBCAD
1000
S3D4
 10
113
 20
10.581581115722656
 30
-3.740064859390259
 11
113
 21
9.005958557128906
 31
-2.6524906158447266
 12
112
 22
10.502979278564453
 32
-1.3262453079223633
 13
112
 23
10.502979278564453
 33
-1.3262453079223633
  0
3DFACE
  8
0
1001
WEBCAD
1000
S3D4
 10
112
 20
13.136131286621094
 30
-1.645967721939087
 11
112
 21
12.241073608398438
 31
-1.9854177236557007
 12
111
 22
12
 32
0
 13
111
 23
12
 33
0
  0
3DFACE
  8
0
1001
WEBCAD
1000
S3D4
 10
113
 20
12.482147216796875
 30
-3.9708354473114014
 11
112
 21
11.290790557861328
 31
-1.8700324296951294
 12
112
 22
12.241073608398438
 32
-1.9854177236557007
 13
112
 23
12.241073608398438
 33
-1.9854177236557007
  0
3DFACE
  8
0
1001
WEBCAD
1000
S3D4
 10
113
 20
12.482147216796875
 30
-3.9708354473114014
 11
114
 21
11.276779174804688
 31
-5.9562530517578125
 12
113
 22
10.581581115722656
 32
-3.740064859390259
 13
113
 23
10.581581115722656
 33
-3.740064859390259
  0
3DFACE
  8
0
1001
WEBCAD
1000
S3D4
 10
113
 20
12.482147216796875
 30
-3.9708354473114014
 11
112
 21
12.241073608398438
 31
-1.9854177236557007
 12
112
 22
13.136131286621094
 32
-1.645967721939087
 13
112
 23
13.136131286621094
 33
-1.645967721939087
  0
3DFACE
  8
0
1001
WEBCAD
1000
S3D4
 10
113
 20
12.482147216796875
 30
-3.9708354473114014
 11
114
 21
12.723220825195312
 31
-5.9562530517578125
 12
114
 22
11.276779174804688
 32
-5.9562530517578125
 13
114
 23
11.276779174804688
 33
-5.9562530517578125
  0
3DFACE
  8
0
1001
WEBCAD
1000
S3D4
 10
113
 20
12.482147216796875
 30
-3.9708354473114014
 11
114
 21
14.127628326416016
 31
-5.610097408294678
 12
114
 22
12.723220825195312
 32
-5.9562530517578125
 13
114
 23
12.723220825195312
 33
-5.9562530517578125
  0
3DFACE
  8
0
1001
WEBCAD
1000
S3D4
 10
113
 20
12.482147216796875
 30
-3.9708354473114014
 11
113
 21
10.581581115722656
 31
-3.740064859390259
 12
112
 22
11.290790557861328
 32
-1.8700324296951294
 13
112
 23
11.290790557861328
 33
-1.8700324296951294
  0
3DFACE
  8
0
1001
WEBCAD
1000
S3D4
 10
112
 20
13.770912170410156
 30
-0.9294463396072388
 11
111
 21
12
 31
0
 12
112
 22
14
 32
0
 13
112
 23
14
 33
0
  0
3DFACE
  8
0
1001
WEBCAD
1000
S3D4
 10
112
 20
13.770912170410156
 30
-0.9294463396072388
 11
112
 21
13.136131286621094
 31
-1.645967721939087
 12
111
 22
12
 32
0
 13
111
 23
12
 33
0
  0
3DFACE
  8
0
1001
WEBCAD
1000
S3D4
 10
113
 20
14.272258758544922
 30
-3.291935443878174
 11
113
 21
12.482147216796875
 31
-3.9708354473114014
 12
112
 22
13.136131286621094
 32
-1.645967721939087
 13
112
 23
13.136131286621094
 33
-1.645967721939087
  0
3DFACE
  8
0
1001
WEBCAD
1000
S3D4
 10
113
 20
14.272258758544922
 30
-3.291935443878174
 11
114
 21
14.127628326416016
 31
-5.610097408294678
 12
113
 22
12.482147216796875
 32
-3.9708354473114014
 13
113
 23
12.482147216796875
 33
-3.9708354473114014
  0
3DFACE
  8
0
1001
WEBCAD
1000
S3D4
 10
113
 20
14.272258758544922
 30
-3.291935443878174
 11
114
 21
15.408390045166016
 31
-4.93790340423584
 12
114
 22
14.127628326416016
 32
-5.610097408294678
 13
114
 23
14.127628326416016
 33
-5.610097408294678
  0
3DFACE
  8
0
1001
WEBCAD
1000
S3D4
 10
113
 20
14.272258758544922
 30
-3.291935443878174
 11
114
 21
16.491065979003906
 31
-3.97873592376709
 12
114
 22
15.408390045166016
 32
-4.93790340423584
 13
114
 23
15.408390045166016
 33
-4.93790340423584
  0
3DFACE
  8
0
1001
WEBCAD
1000
S3D4
 10
113
 20
15.541824340820312
 30
-1.8588926792144775
 11
113
 21
16
 31
0
 12
114
 22
17.82564926147461
 32
-1.4358940124511719
 13
114
 23
17.82564926147461
 33
-1.4358940124511719
  0
3DFACE
  8
0
1001
WEBCAD
1000
S3D4
 10
113
 20
15.541824340820312
 30
-1.8588926792144775
 11
112
 21
14
 31
0
 12
113
 22
16
 32
0
 13
113
 23
16
 33
0
  0
3DFACE
  8
0
1001
WEBCAD
1000
S3D4
 10
113
 20
15.541824340820312
 30
-1.8588926792144775
 11
112
 21
13.770912170410156
 31
-0.9294463396072388
 12
112
 22
14
 32
0
 13
112
 23
14
 33
0
  0
3DFACE
  8
0
1001
WEBCAD
1000
S3D4
 10
113
 20
15.541824340820312
 30
-1.8588926792144775
 11
112
 21
13.136131286621094
 31
-1.645967721939087
 12
112
 22
13.770912170410156
 32
-0.9294463396072388
 13
112
 23
13.770912170410156
 33
-0.9294463396072388
  0
3DFACE
  8
0
1001
WEBCAD
1000
S3D4
 10
113
 20
15.541824340820312
 30
-1.8588926792144775
 11
114
 21
17.31273651123047
 31
-2.788339138031006
 12
114
 22
16.491065979003906
 32
-3.97873592376709
 13
114
 23
16.491065979003906
 33
-3.97873592376709
  0
3DFACE
  8
0
1001
WEBCAD
1000
S3D4
 10
113
 20
15.541824340820312
 30
-1.8588926792144775
 11
114
 21
17.82564926147461
 31
-1.4358940124511719
 12
114
 22
17.31273651123047
 32
-2.788339138031006
 13
114
 23
17.31273651123047
 33
-2.788339138031006
  0
3DFACE
  8
0
1001
WEBCAD
1000
S3D4
 10
113
 20
15.541824340820312
 30
-1.8588926792144775
 11
114
 21
16.491065979003906
 31
-3.97873592376709
 12
113
 22
14.272258758544922
 32
-3.291935443878174
 13
113
 23
14.272258758544922
 33
-3.291935443878174
  0
3DFACE
  8
0
1001
WEBCAD
1000
S3D4
 10
113
 20
15.541824340820312
 30
-1.8588926792144775
 11
113
 21
14.272258758544922
 31
-3.291935443878174
 12
112
 22
13.136131286621094
 32
-1.645967721939087
 13
112
 23
13.136131286621094
 33
-1.645967721939087
  0
3DFACE
  8
0
1001
WEBCAD
1000
S3D4
 10
114
 20
6.174350738525391
 30
1.4358940124511719
 11
114
 21
6
 31
6.0638584709331745e-15
 12
114
 22
6.174350738525391
 32
-1.4358940124511719
 13
114
 23
6.174350738525391
 33
-1.4358940124511719
  0
3DFACE
  8
0
1001
WEBCAD
1000
S3D4
 10
114
 20
6.174350738525391
 30
1.4358940124511719
 11
114
 21
6.174350738525391
 31
-1.4358940124511719
 12
114
 22
6.687263488769531
 32
-2.788339138031006
 13
114
 23
6.687263488769531
 33
-2.788339138031006
  0
3DFACE
  8
0
1001
WEBCAD
1000
S3D4
 10
114
 20
6.174350738525391
 30
1.4358940124511719
 11
114
 21
6.687263488769531
 31
-2.788339138031006
 12
114
 22
7.508934020996094
 32
-3.97873592376709
 13
114
 23
7.508934020996094
 33
-3.97873592376709
  0
3DFACE
  8
0
1001
WEBCAD
1000
S3D4
 10
114
 20
6.174350738525391
 30
1.4358940124511719
 11
114
 21
7.508934020996094
 31
-3.97873592376709
 12
114
 22
8.591609954833984
 32
-4.93790340423584
 13
114
 23
8.591609954833984
 33
-4.93790340423584
  0
3DFACE
  8
0
1001
WEBCAD
1000
S3D4
 10
114
 20
6.174350738525391
 30
1.4358940124511719
 11
114
 21
8.591609954833984
 31
-4.93790340423584
 12
114
 22
9.872371673583984
 32
-5.610097408294678
 13
114
 23
9.872371673583984
 33
-5.610097408294678
  0
3DFACE
  8
0
1001
WEBCAD
1000
S3D4
 10
114
 20
7.508934020996094
 30
3.97873592376709
 11
114
 21
6.687263488769531
 31
2.788339138031006
 12
114
 22
6.174350738525391
 32
1.4358940124511719
 13
114
 23
6.174350738525391
 33
1.4358940124511719
  0
3DFACE
  8
0
1001
WEBCAD
1000
S3D4
 10
114
 20
9.872371673583984
 30
5.610097408294678
 11
114
 21
8.591609954833984
 31
4.93790340423584
 12
114
 22
7.508934020996094
 32
3.97873592376709
 13
114
 23
7.508934020996094
 33
3.97873592376709
  0
3DFACE
  8
0
1001
WEBCAD
1000
S3D4
 10
114
 20
9.872371673583984
 30
5.610097408294678
 11
114
 21
9.872371673583984
 31
-5.610097408294678
 12
114
 22
11.276779174804688
 32
-5.9562530517578125
 13
114
 23
11.276779174804688
 33
-5.9562530517578125
  0
3DFACE
  8
0
1001
WEBCAD
1000
S3D4
 10
114
 20
9.872371673583984
 30
5.610097408294678
 11
114
 21
6.174350738525391
 31
1.4358940124511719
 12
114
 22
9.872371673583984
 32
-5.610097408294678
 13
114
 23
9.872371673583984
 33
-5.610097408294678
  0
3DFACE
  8
0
1001
WEBCAD
1000
S3D4
 10
114
 20
9.872371673583984
 30
5.610097408294678
 11
114
 21
7.508934020996094
 31
3.97873592376709
 12
114
 22
6.174350738525391
 32
1.4358940124511719
 13
114
 23
6.174350738525391
 33
1.4358940124511719
  0
3DFACE
  8
0
1001
WEBCAD
1000
S3D4
 10
114
 20
17.82564926147461
 30
-1.4358940124511719
 11
114
 21
15.408390045166016
 31
-4.93790340423584
 12
114
 22
16.491065979003906
 32
-3.97873592376709
 13
114
 23
16.491065979003906
 33
-3.97873592376709
  0
3DFACE
  8
0
1001
WEBCAD
1000
S3D4
 10
114
 20
17.82564926147461
 30
-1.4358940124511719
 11
114
 21
16.491065979003906
 31
-3.97873592376709
 12
114
 22
17.31273651123047
 32
-2.788339138031006
 13
114
 23
17.31273651123047
 33
-2.788339138031006
  0
3DFACE
  8
0
1001
WEBCAD
1000
S3D4
 10
114
 20
18
 30
0
 11
114
 21
15.408390045166016
 31
-4.93790340423584
 12
114
 22
17.82564926147461
 32
-1.4358940124511719
 13
114
 23
17.82564926147461
 33
-1.4358940124511719
  0
3DFACE
  8
0
1001
WEBCAD
1000
S3D4
 10
114
 20
14.127628326416016
 30
5.610097408294678
 11
114
 21
12.723220825195312
 31
5.9562530517578125
 12
114
 22
11.276779174804688
 32
5.9562530517578125
 13
114
 23
11.276779174804688
 33
5.9562530517578125
  0
3DFACE
  8
0
1001
WEBCAD
1000
S3D4
 10
114
 20
14.127628326416016
 30
5.610097408294678
 11
114
 21
11.276779174804688
 31
5.9562530517578125
 12
114
 22
9.872371673583984
 32
5.610097408294678
 13
114
 23
9.872371673583984
 33
5.610097408294678
  0
3DFACE
  8
0
1001
WEBCAD
1000
S3D4
 10
114
 20
14.127628326416016
 30
5.610097408294678
 11
114
 21
11.276779174804688
 31
-5.9562530517578125
 12
114
 22
12.723220825195312
 32
-5.9562530517578125
 13
114
 23
12.723220825195312
 33
-5.9562530517578125
  0
3DFACE
  8
0
1001
WEBCAD
1000
S3D4
 10
114
 20
14.127628326416016
 30
5.610097408294678
 11
114
 21
12.723220825195312
 31
-5.9562530517578125
 12
114
 22
14.127628326416016
 32
-5.610097408294678
 13
114
 23
14.127628326416016
 33
-5.610097408294678
  0
3DFACE
  8
0
1001
WEBCAD
1000
S3D4
 10
114
 20
14.127628326416016
 30
5.610097408294678
 11
114
 21
9.872371673583984
 31
5.610097408294678
 12
114
 22
11.276779174804688
 32
-5.9562530517578125
 13
114
 23
11.276779174804688
 33
-5.9562530517578125
  0
3DFACE
  8
0
1001
WEBCAD
1000
S3D4
 10
114
 20
16.491065979003906
 30
3.97873592376709
 11
114
 21
18
 31
0
 12
114
 22
17.82564926147461
 32
1.4358940124511719
 13
114
 23
17.82564926147461
 33
1.4358940124511719
  0
3DFACE
  8
0
1001
WEBCAD
1000
S3D4
 10
114
 20
16.491065979003906
 30
3.97873592376709
 11
114
 21
17.82564926147461
 31
1.4358940124511719
 12
114
 22
17.31273651123047
 32
2.788339138031006
 13
114
 23
17.31273651123047
 33
2.788339138031006
  0
3DFACE
  8
0
1001
WEBCAD
1000
S3D4
 10
114
 20
16.491065979003906
 30
3.97873592376709
 11
114
 21
15.408390045166016
 31
4.93790340423584
 12
114
 22
14.127628326416016
 32
5.610097408294678
 13
114
 23
14.127628326416016
 33
5.610097408294678
  0
3DFACE
  8
0
1001
WEBCAD
1000
S3D4
 10
114
 20
16.491065979003906
 30
3.97873592376709
 11
114
 21
14.127628326416016
 31
-5.610097408294678
 12
114
 22
15.408390045166016
 32
-4.93790340423584
 13
114
 23
15.408390045166016
 33
-4.93790340423584
  0
3DFACE
  8
0
1001
WEBCAD
1000
S3D4
 10
114
 20
16.491065979003906
 30
3.97873592376709
 11
114
 21
15.408390045166016
 31
-4.93790340423584
 12
114
 22
18
 32
0
 13
114
 23
18
 33
0
  0
3DFACE
  8
0
1001
WEBCAD
1000
S3D4
 10
114
 20
16.491065979003906
 30
3.97873592376709
 11
114
 21
14.127628326416016
 31
5.610097408294678
 12
114
 22
14.127628326416016
 32
-5.610097408294678
 13
114
 23
14.127628326416016
 33
-5.610097408294678
  0
3DFACE
  8
0
1001
WEBCAD
1000
S3D4
 10
117
 20
17.82564926147461
 30
1.4358940124511719
 11
117
 21
18
 31
0
 12
116
 22
16
 32
0
 13
116
 23
16
 33
0
  0
3DFACE
  8
0
1001
WEBCAD
1000
S3D4
 10
117
 20
18
 30
0
 11
117
 21
17.82564926147461
 31
-1.4358940124511719
 12
116
 22
16
 32
0
 13
116
 23
16
 33
0
  0
3DFACE
  8
0
1001
WEBCAD
1000
S3D4
 10
115
 20
13.770912170410156
 30
0.9294463396072388
 11
115
 21
14
 31
0
 12
114
 22
12
 32
0
 13
114
 23
12
 33
0
  0
3DFACE
  8
0
1001
WEBCAD
1000
S3D4
 10
115
 20
13.136131286621094
 30
1.645967721939087
 11
115
 21
13.770912170410156
 31
0.9294463396072388
 12
114
 22
12
 32
0
 13
114
 23
12
 33
0
  0
3DFACE
  8
0
1001
WEBCAD
1000
S3D4
 10
116
 20
15.541824340820312
 30
1.8588926792144775
 11
117
 21
17.31273651123047
 31
2.788339138031006
 12
117
 22
17.82564926147461
 32
1.4358940124511719
 13
117
 23
17.82564926147461
 33
1.4358940124511719
  0
3DFACE
  8
0
1001
WEBCAD
1000
S3D4
 10
116
 20
15.541824340820312
 30
1.8588926792144775
 11
117
 21
16.491065979003906
 31
3.97873592376709
 12
117
 22
17.31273651123047
 32
2.788339138031006
 13
117
 23
17.31273651123047
 33
2.788339138031006
  0
3DFACE
  8
0
1001
WEBCAD
1000
S3D4
 10
116
 20
15.541824340820312
 30
1.8588926792144775
 11
116
 21
16
 31
0
 12
115
 22
14
 32
0
 13
115
 23
14
 33
0
  0
3DFACE
  8
0
1001
WEBCAD
1000
S3D4
 10
116
 20
15.541824340820312
 30
1.8588926792144775
 11
117
 21
17.82564926147461
 31
1.4358940124511719
 12
116
 22
16
 32
0
 13
116
 23
16
 33
0
  0
3DFACE
  8
0
1001
WEBCAD
1000
S3D4
 10
116
 20
15.541824340820312
 30
1.8588926792144775
 11
115
 21
14
 31
0
 12
115
 22
13.770912170410156
 32
0.9294463396072388
 13
115
 23
13.770912170410156
 33
0.9294463396072388
  0
3DFACE
  8
0
1001
WEBCAD
1000
S3D4
 10
115
 20
12.241073608398438
 30
1.9854177236557007
 11
115
 21
13.136131286621094
 31
1.645967721939087
 12
114
 22
12
 32
0
 13
114
 23
12
 33
0
  0
3DFACE
  8
0
1001
WEBCAD
1000
S3D4
 10
116
 20
14.272258758544922
 30
3.291935443878174
 11
115
 21
13.770912170410156
 31
0.9294463396072388
 12
115
 22
13.136131286621094
 32
1.645967721939087
 13
115
 23
13.136131286621094
 33
1.645967721939087
  0
3DFACE
  8
0
1001
WEBCAD
1000
S3D4
 10
116
 20
14.272258758544922
 30
3.291935443878174
 11
117
 21
15.408390045166016
 31
4.93790340423584
 12
117
 22
16.491065979003906
 32
3.97873592376709
 13
117
 23
16.491065979003906
 33
3.97873592376709
  0
3DFACE
  8
0
1001
WEBCAD
1000
S3D4
 10
116
 20
14.272258758544922
 30
3.291935443878174
 11
117
 21
14.127628326416016
 31
5.610097408294678
 12
117
 22
15.408390045166016
 32
4.93790340423584
 13
117
 23
15.408390045166016
 33
4.93790340423584
  0
3DFACE
  8
0
1001
WEBCAD
1000
S3D4
 10
116
 20
14.272258758544922
 30
3.291935443878174
 11
116
 21
15.541824340820312
 31
1.8588926792144775
 12
115
 22
13.770912170410156
 32
0.9294463396072388
 13
115
 23
13.770912170410156
 33
0.9294463396072388
  0
3DFACE
  8
0
1001
WEBCAD
1000
S3D4
 10
116
 20
14.272258758544922
 30
3.291935443878174
 11
117
 21
16.491065979003906
 31
3.97873592376709
 12
116
 22
15.541824340820312
 32
1.8588926792144775
 13
116
 23
15.541824340820312
 33
1.8588926792144775
  0
3DFACE
  8
0
1001
WEBCAD
1000
S3D4
 10
116
 20
14.272258758544922
 30
3.291935443878174
 11
115
 21
13.136131286621094
 31
1.645967721939087
 12
115
 22
12.241073608398438
 32
1.9854177236557007
 13
115
 23
12.241073608398438
 33
1.9854177236557007
  0
3DFACE
  8
0
1001
WEBCAD
1000
S3D4
 10
115
 20
11.290790557861328
 30
1.8700324296951294
 11
115
 21
12.241073608398438
 31
1.9854177236557007
 12
114
 22
12
 32
0
 13
114
 23
12
 33
0
  0
3DFACE
  8
0
1001
WEBCAD
1000
S3D4
 10
116
 20
12.482147216796875
 30
3.9708354473114014
 11
117
 21
12.723220825195312
 31
5.9562530517578125
 12
117
 22
14.127628326416016
 32
5.610097408294678
 13
117
 23
14.127628326416016
 33
5.610097408294678
  0
3DFACE
  8
0
1001
WEBCAD
1000
S3D4
 10
116
 20
12.482147216796875
 30
3.9708354473114014
 11
117
 21
11.276779174804688
 31
5.9562530517578125
 12
117
 22
12.723220825195312
 32
5.9562530517578125
 13
117
 23
12.723220825195312
 33
5.9562530517578125
  0
3DFACE
  8
0
1001
WEBCAD
1000
S3D4
 10
116
 20
12.482147216796875
 30
3.9708354473114014
 11
116
 21
14.272258758544922
 31
3.291935443878174
 12
115
 22
12.241073608398438
 32
1.9854177236557007
 13
115
 23
12.241073608398438
 33
1.9854177236557007
  0
3DFACE
  8
0
1001
WEBCAD
1000
S3D4
 10
116
 20
12.482147216796875
 30
3.9708354473114014
 11
117
 21
14.127628326416016
 31
5.610097408294678
 12
116
 22
14.272258758544922
 32
3.291935443878174
 13
116
 23
14.272258758544922
 33
3.291935443878174
  0
3DFACE
  8
0
1001
WEBCAD
1000
S3D4
 10
115
 20
10.502979278564453
 30
1.3262453079223633
 11
115
 21
11.290790557861328
 31
1.8700324296951294
 12
114
 22
12
 32
0
 13
114
 23
12
 33
0
  0
3DFACE
  8
0
1001
WEBCAD
1000
S3D4
 10
116
 20
10.581581115722656
 30
3.740064859390259
 11
117
 21
9.872371673583984
 31
5.610097408294678
 12
117
 22
11.276779174804688
 32
5.9562530517578125
 13
117
 23
11.276779174804688
 33
5.9562530517578125
  0
3DFACE
  8
0
1001
WEBCAD
1000
S3D4
 10
116
 20
10.581581115722656
 30
3.740064859390259
 11
117
 21
8.591609954833984
 31
4.93790340423584
 12
117
 22
9.872371673583984
 32
5.610097408294678
 13
117
 23
9.872371673583984
 33
5.610097408294678
  0
3DFACE
  8
0
1001
WEBCAD
1000
S3D4
 10
116
 20
10.581581115722656
 30
3.740064859390259
 11
117
 21
11.276779174804688
 31
5.9562530517578125
 12
116
 22
12.482147216796875
 32
3.9708354473114014
 13
116
 23
12.482147216796875
 33
3.9708354473114014
  0
3DFACE
  8
0
1001
WEBCAD
1000
S3D4
 10
116
 20
10.581581115722656
 30
3.740064859390259
 11
116
 21
12.482147216796875
 31
3.9708354473114014
 12
115
 22
12.241073608398438
 32
1.9854177236557007
 13
115
 23
12.241073608398438
 33
1.9854177236557007
  0
3DFACE
  8
0
1001
WEBCAD
1000
S3D4
 10
116
 20
10.581581115722656
 30
3.740064859390259
 11
115
 21
12.241073608398438
 31
1.9854177236557007
 12
115
 22
11.290790557861328
 32
1.8700324296951294
 13
115
 23
11.290790557861328
 33
1.8700324296951294
  0
3DFACE
  8
0
1001
WEBCAD
1000
S3D4
 10
115
 20
10.058116912841797
 30
0.47863131761550903
 11
114
 21
12
 31
0
 12
114
 22
12
 32
0
 13
114
 23
12
 33
0
  0
3DFACE
  8
0
1001
WEBCAD
1000
S3D4
 10
115
 20
10.058116912841797
 30
0.47863131761550903
 11
115
 21
10.502979278564453
 31
1.3262453079223633
 12
114
 22
12
 32
0
 13
114
 23
12
 33
0
  0
3DFACE
  8
0
1001
WEBCAD
1000
S3D4
 10
116
 20
9.005958557128906
 30
2.6524906158447266
 11
117
 21
7.508934020996094
 31
3.97873592376709
 12
117
 22
8.591609954833984
 32
4.93790340423584
 13
117
 23
8.591609954833984
 33
4.93790340423584
  0
3DFACE
  8
0
1001
WEBCAD
1000
S3D4
 10
116
 20
9.005958557128906
 30
2.6524906158447266
 11
117
 21
6.687263488769531
 31
2.788339138031006
 12
117
 22
7.508934020996094
 32
3.97873592376709
 13
117
 23
7.508934020996094
 33
3.97873592376709
  0
3DFACE
  8
0
1001
WEBCAD
1000
S3D4
 10
116
 20
9.005958557128906
 30
2.6524906158447266
 11
115
 21
10.502979278564453
 31
1.3262453079223633
 12
115
 22
10.058116912841797
 32
0.47863131761550903
 13
115
 23
10.058116912841797
 33
0.47863131761550903
  0
3DFACE
  8
0
1001
WEBCAD
1000
S3D4
 10
116
 20
9.005958557128906
 30
2.6524906158447266
 11
115
 21
11.290790557861328
 31
1.8700324296951294
 12
115
 22
10.502979278564453
 32
1.3262453079223633
 13
115
 23
10.502979278564453
 33
1.3262453079223633
  0
3DFACE
  8
0
1001
WEBCAD
1000
S3D4
 10
116
 20
9.005958557128906
 30
2.6524906158447266
 11
117
 21
8.591609954833984
 31
4.93790340423584
 12
116
 22
10.581581115722656
 32
3.740064859390259
 13
116
 23
10.581581115722656
 33
3.740064859390259
  0
3DFACE
  8
0
1001
WEBCAD
1000
S3D4
 10
116
 20
9.005958557128906
 30
2.6524906158447266
 11
116
 21
10.581581115722656
 31
3.740064859390259
 12
115
 22
11.290790557861328
 32
1.8700324296951294
 13
115
 23
11.290790557861328
 33
1.8700324296951294
  0
3DFACE
  8
0
1001
WEBCAD
1000
S3D4
 10
115
 20
10.058116912841797
 30
-0.47863131761550903
 11
115
 21
10.058116912841797
 31
0.47863131761550903
 12
114
 22
12
 32
0
 13
114
 23
12
 33
0
  0
3DFACE
  8
0
1001
WEBCAD
1000
S3D4
 10
116
 20
8.116233825683594
 30
0.9572626352310181
 11
117
 21
6.174350738525391
 31
1.4358940124511719
 12
117
 22
6.687263488769531
 32
2.788339138031006
 13
117
 23
6.687263488769531
 33
2.788339138031006
  0
3DFACE
  8
0
1001
WEBCAD
1000
S3D4
 10
116
 20
8.116233825683594
 30
0.9572626352310181
 11
117
 21
6
 31
6.0638584709331745e-15
 12
117
 22
6.174350738525391
 32
1.4358940124511719
 13
117
 23
6.174350738525391
 33
1.4358940124511719
  0
3DFACE
  8
0
1001
WEBCAD
1000
S3D4
 10
116
 20
8.116233825683594
 30
0.9572626352310181
 11
117
 21
6.687263488769531
 31
2.788339138031006
 12
116
 22
9.005958557128906
 32
2.6524906158447266
 13
116
 23
9.005958557128906
 33
2.6524906158447266
  0
3DFACE
  8
0
1001
WEBCAD
1000
S3D4
 10
116
 20
8.116233825683594
 30
0.9572626352310181
 11
116
 21
9.005958557128906
 31
2.6524906158447266
 12
115
 22
10.058116912841797
 32
0.47863131761550903
 13
115
 23
10.058116912841797
 33
0.47863131761550903
  0
3DFACE
  8
0
1001
WEBCAD
1000
S3D4
 10
115
 20
10.502979278564453
 30
-1.3262453079223633
 11
115
 21
10.058116912841797
 31
-0.47863131761550903
 12
114
 22
12
 32
0
 13
114
 23
12
 33
0
  0
3DFACE
  8
0
1001
WEBCAD
1000
S3D4
 10
116
 20
8.116233825683594
 30
-0.9572626352310181
 11
117
 21
6.174350738525391
 31
-1.4358940124511719
 12
117
 22
6
 32
6.0638584709331745e-15
 13
117
 23
6
 33
6.0638584709331745e-15
  0
3DFACE
  8
0
1001
WEBCAD
1000
S3D4
 10
116
 20
8.116233825683594
 30
-0.9572626352310181
 11
117
 21
6.687263488769531
 31
-2.788339138031006
 12
117
 22
6.174350738525391
 32
-1.4358940124511719
 13
117
 23
6.174350738525391
 33
-1.4358940124511719
  0
3DFACE
  8
0
1001
WEBCAD
1000
S3D4
 10
116
 20
8.116233825683594
 30
-0.9572626352310181
 11
116
 21
8.116233825683594
 31
0.9572626352310181
 12
115
 22
10.058116912841797
 32
0.47863131761550903
 13
115
 23
10.058116912841797
 33
0.47863131761550903
  0
3DFACE
  8
0
1001
WEBCAD
1000
S3D4
 10
116
 20
8.116233825683594
 30
-0.9572626352310181
 11
115
 21
10.058116912841797
 31
0.47863131761550903
 12
115
 22
10.058116912841797
 32
-0.47863131761550903
 13
115
 23
10.058116912841797
 33
-0.47863131761550903
  0
3DFACE
  8
0
1001
WEBCAD
1000
S3D4
 10
116
 20
8.116233825683594
 30
-0.9572626352310181
 11
117
 21
6
 31
6.0638584709331745e-15
 12
116
 22
8.116233825683594
 32
0.9572626352310181
 13
116
 23
8.116233825683594
 33
0.9572626352310181
  0
3DFACE
  8
0
1001
WEBCAD
1000
S3D4
 10
115
 20
11.290790557861328
 30
-1.8700324296951294
 11
115
 21
10.502979278564453
 31
-1.3262453079223633
 12
114
 22
12
 32
0
 13
114
 23
12
 33
0
  0
3DFACE
  8
0
1001
WEBCAD
1000
S3D4
 10
116
 20
9.005958557128906
 30
-2.6524906158447266
 11
116
 21
8.116233825683594
 31
-0.9572626352310181
 12
115
 22
10.058116912841797
 32
-0.47863131761550903
 13
115
 23
10.058116912841797
 33
-0.47863131761550903
  0
3DFACE
  8
0
1001
WEBCAD
1000
S3D4
 10
116
 20
9.005958557128906
 30
-2.6524906158447266
 11
115
 21
10.058116912841797
 31
-0.47863131761550903
 12
115
 22
10.502979278564453
 32
-1.3262453079223633
 13
115
 23
10.502979278564453
 33
-1.3262453079223633
  0
3DFACE
  8
0
1001
WEBCAD
1000
S3D4
 10
116
 20
9.005958557128906
 30
-2.6524906158447266
 11
117
 21
7.508934020996094
 31
-3.97873592376709
 12
117
 22
6.687263488769531
 32
-2.788339138031006
 13
117
 23
6.687263488769531
 33
-2.788339138031006
  0
3DFACE
  8
0
1001
WEBCAD
1000
S3D4
 10
116
 20
9.005958557128906
 30
-2.6524906158447266
 11
117
 21
8.591609954833984
 31
-4.93790340423584
 12
117
 22
7.508934020996094
 32
-3.97873592376709
 13
117
 23
7.508934020996094
 33
-3.97873592376709
  0
3DFACE
  8
0
1001
WEBCAD
1000
S3D4
 10
116
 20
9.005958557128906
 30
-2.6524906158447266
 11
117
 21
6.687263488769531
 31
-2.788339138031006
 12
116
 22
8.116233825683594
 32
-0.9572626352310181
 13
116
 23
8.116233825683594
 33
-0.9572626352310181
  0
3DFACE
  8
0
1001
WEBCAD
1000
S3D4
 10
115
 20
12.241073608398438
 30
-1.9854177236557007
 11
115
 21
11.290790557861328
 31
-1.8700324296951294
 12
114
 22
12
 32
0
 13
114
 23
12
 33
0
  0
3DFACE
  8
0
1001
WEBCAD
1000
S3D4
 10
116
 20
10.581581115722656
 30
-3.740064859390259
 11
115
 21
10.502979278564453
 31
-1.3262453079223633
 12
115
 22
11.290790557861328
 32
-1.8700324296951294
 13
115
 23
11.290790557861328
 33
-1.8700324296951294
  0
3DFACE
  8
0
1001
WEBCAD
1000
S3D4
 10
116
 20
10.581581115722656
 30
-3.740064859390259
 11
117
 21
8.591609954833984
 31
-4.93790340423584
 12
116
 22
9.005958557128906
 32
-2.6524906158447266
 13
116
 23
9.005958557128906
 33
-2.6524906158447266
  0
3DFACE
  8
0
1001
WEBCAD
1000
S3D4
 10
116
 20
10.581581115722656
 30
-3.740064859390259
 11
117
 21
9.872371673583984
 31
-5.610097408294678
 12
117
 22
8.591609954833984
 32
-4.93790340423584
 13
117
 23
8.591609954833984
 33
-4.93790340423584
  0
3DFACE
  8
0
1001
WEBCAD
1000
S3D4
 10
116
 20
10.581581115722656
 30
-3.740064859390259
 11
117
 21
11.276779174804688
 31
-5.9562530517578125
 12
117
 22
9.872371673583984
 32
-5.610097408294678
 13
117
 23
9.872371673583984
 33
-5.610097408294678
  0
3DFACE
  8
0
1001
WEBCAD
1000
S3D4
 10
116
 20
10.581581115722656
 30
-3.740064859390259
 11
116
 21
9.005958557128906
 31
-2.6524906158447266
 12
115
 22
10.502979278564453
 32
-1.3262453079223633
 13
115
 23
10.502979278564453
 33
-1.3262453079223633
  0
3DFACE
  8
0
1001
WEBCAD
1000
S3D4
 10
115
 20
13.136131286621094
 30
-1.645967721939087
 11
115
 21
12.241073608398438
 31
-1.9854177236557007
 12
114
 22
12
 32
0
 13
114
 23
12
 33
0
  0
3DFACE
  8
0
1001
WEBCAD
1000
S3D4
 10
116
 20
12.482147216796875
 30
-3.9708354473114014
 11
115
 21
11.290790557861328
 31
-1.8700324296951294
 12
115
 22
12.241073608398438
 32
-1.9854177236557007
 13
115
 23
12.241073608398438
 33
-1.9854177236557007
  0
3DFACE
  8
0
1001
WEBCAD
1000
S3D4
 10
116
 20
12.482147216796875
 30
-3.9708354473114014
 11
117
 21
11.276779174804688
 31
-5.9562530517578125
 12
116
 22
10.581581115722656
 32
-3.740064859390259
 13
116
 23
10.581581115722656
 33
-3.740064859390259
  0
3DFACE
  8
0
1001
WEBCAD
1000
S3D4
 10
116
 20
12.482147216796875
 30
-3.9708354473114014
 11
115
 21
12.241073608398438
 31
-1.9854177236557007
 12
115
 22
13.136131286621094
 32
-1.645967721939087
 13
115
 23
13.136131286621094
 33
-1.645967721939087
  0
3DFACE
  8
0
1001
WEBCAD
1000
S3D4
 10
116
 20
12.482147216796875
 30
-3.9708354473114014
 11
117
 21
12.723220825195312
 31
-5.9562530517578125
 12
117
 22
11.276779174804688
 32
-5.9562530517578125
 13
117
 23
11.276779174804688
 33
-5.9562530517578125
  0
3DFACE
  8
0
1001
WEBCAD
1000
S3D4
 10
116
 20
12.482147216796875
 30
-3.9708354473114014
 11
117
 21
14.127628326416016
 31
-5.610097408294678
 12
117
 22
12.723220825195312
 32
-5.9562530517578125
 13
117
 23
12.723220825195312
 33
-5.9562530517578125
  0
3DFACE
  8
0
1001
WEBCAD
1000
S3D4
 10
116
 20
12.482147216796875
 30
-3.9708354473114014
 11
116
 21
10.581581115722656
 31
-3.740064859390259
 12
115
 22
11.290790557861328
 32
-1.8700324296951294
 13
115
 23
11.290790557861328
 33
-1.8700324296951294
  0
3DFACE
  8
0
1001
WEBCAD
1000
S3D4
 10
115
 20
13.770912170410156
 30
-0.9294463396072388
 11
114
 21
12
 31
0
 12
115
 22
14
 32
0
 13
115
 23
14
 33
0
  0
3DFACE
  8
0
1001
WEBCAD
1000
S3D4
 10
115
 20
13.770912170410156
 30
-0.9294463396072388
 11
115
 21
13.136131286621094
 31
-1.645967721939087
 12
114
 22
12
 32
0
 13
114
 23
12
 33
0
  0
3DFACE
  8
0
1001
WEBCAD
1000
S3D4
 10
116
 20
14.272258758544922
 30
-3.291935443878174
 11
116
 21
12.482147216796875
 31
-3.9708354473114014
 12
115
 22
13.136131286621094
 32
-1.645967721939087
 13
115
 23
13.136131286621094
 33
-1.645967721939087
  0
3DFACE
  8
0
1001
WEBCAD
1000
S3D4
 10
116
 20
14.272258758544922
 30
-3.291935443878174
 11
117
 21
14.127628326416016
 31
-5.610097408294678
 12
116
 22
12.482147216796875
 32
-3.9708354473114014
 13
116
 23
12.482147216796875
 33
-3.9708354473114014
  0
3DFACE
  8
0
1001
WEBCAD
1000
S3D4
 10
116
 20
14.272258758544922
 30
-3.291935443878174
 11
117
 21
15.408390045166016
 31
-4.93790340423584
 12
117
 22
14.127628326416016
 32
-5.610097408294678
 13
117
 23
14.127628326416016
 33
-5.610097408294678
  0
3DFACE
  8
0
1001
WEBCAD
1000
S3D4
 10
116
 20
14.272258758544922
 30
-3.291935443878174
 11
117
 21
16.491065979003906
 31
-3.97873592376709
 12
117
 22
15.408390045166016
 32
-4.93790340423584
 13
117
 23
15.408390045166016
 33
-4.93790340423584
  0
3DFACE
  8
0
1001
WEBCAD
1000
S3D4
 10
116
 20
15.541824340820312
 30
-1.8588926792144775
 11
116
 21
16
 31
0
 12
117
 22
17.82564926147461
 32
-1.4358940124511719
 13
117
 23
17.82564926147461
 33
-1.4358940124511719
  0
3DFACE
  8
0
1001
WEBCAD
1000
S3D4
 10
116
 20
15.541824340820312
 30
-1.8588926792144775
 11
115
 21
14
 31
0
 12
116
 22
16
 32
0
 13
116
 23
16
 33
0
  0
3DFACE
  8
0
1001
WEBCAD
1000
S3D4
 10
116
 20
15.541824340820312
 30
-1.8588926792144775
 11
115
 21
13.770912170410156
 31
-0.9294463396072388
 12
115
 22
14
 32
0
 13
115
 23
14
 33
0
  0
3DFACE
  8
0
1001
WEBCAD
1000
S3D4
 10
116
 20
15.541824340820312
 30
-1.8588926792144775
 11
115
 21
13.136131286621094
 31
-1.645967721939087
 12
115
 22
13.770912170410156
 32
-0.9294463396072388
 13
115
 23
13.770912170410156
 33
-0.9294463396072388
  0
3DFACE
  8
0
1001
WEBCAD
1000
S3D4
 10
116
 20
15.541824340820312
 30
-1.8588926792144775
 11
117
 21
17.31273651123047
 31
-2.788339138031006
 12
117
 22
16.491065979003906
 32
-3.97873592376709
 13
117
 23
16.491065979003906
 33
-3.97873592376709
  0
3DFACE
  8
0
1001
WEBCAD
1000
S3D4
 10
116
 20
15.541824340820312
 30
-1.8588926792144775
 11
117
 21
17.82564926147461
 31
-1.4358940124511719
 12
117
 22
17.31273651123047
 32
-2.788339138031006
 13
117
 23
17.31273651123047
 33
-2.788339138031006
  0
3DFACE
  8
0
1001
WEBCAD
1000
S3D4
 10
116
 20
15.541824340820312
 30
-1.8588926792144775
 11
117
 21
16.491065979003906
 31
-3.97873592376709
 12
116
 22
14.272258758544922
 32
-3.291935443878174
 13
116
 23
14.272258758544922
 33
-3.291935443878174
  0
3DFACE
  8
0
1001
WEBCAD
1000
S3D4
 10
116
 20
15.541824340820312
 30
-1.8588926792144775
 11
116
 21
14.272258758544922
 31
-3.291935443878174
 12
115
 22
13.136131286621094
 32
-1.645967721939087
 13
115
 23
13.136131286621094
 33
-1.645967721939087
  0
3DFACE
  8
0
1001
WEBCAD
1000
S3D4
 10
117
 20
6.174350738525391
 30
1.4358940124511719
 11
117
 21
6
 31
6.0638584709331745e-15
 12
117
 22
6.174350738525391
 32
-1.4358940124511719
 13
117
 23
6.174350738525391
 33
-1.4358940124511719
  0
3DFACE
  8
0
1001
WEBCAD
1000
S3D4
 10
117
 20
6.174350738525391
 30
1.4358940124511719
 11
117
 21
6.174350738525391
 31
-1.4358940124511719
 12
117
 22
6.687263488769531
 32
-2.788339138031006
 13
117
 23
6.687263488769531
 33
-2.788339138031006
  0
3DFACE
  8
0
1001
WEBCAD
1000
S3D4
 10
117
 20
6.174350738525391
 30
1.4358940124511719
 11
117
 21
6.687263488769531
 31
-2.788339138031006
 12
117
 22
7.508934020996094
 32
-3.97873592376709
 13
117
 23
7.508934020996094
 33
-3.97873592376709
  0
3DFACE
  8
0
1001
WEBCAD
1000
S3D4
 10
117
 20
6.174350738525391
 30
1.4358940124511719
 11
117
 21
7.508934020996094
 31
-3.97873592376709
 12
117
 22
8.591609954833984
 32
-4.93790340423584
 13
117
 23
8.591609954833984
 33
-4.93790340423584
  0
3DFACE
  8
0
1001
WEBCAD
1000
S3D4
 10
117
 20
6.174350738525391
 30
1.4358940124511719
 11
117
 21
8.591609954833984
 31
-4.93790340423584
 12
117
 22
9.872371673583984
 32
-5.610097408294678
 13
117
 23
9.872371673583984
 33
-5.610097408294678
  0
3DFACE
  8
0
1001
WEBCAD
1000
S3D4
 10
117
 20
7.508934020996094
 30
3.97873592376709
 11
117
 21
6.687263488769531
 31
2.788339138031006
 12
117
 22
6.174350738525391
 32
1.4358940124511719
 13
117
 23
6.174350738525391
 33
1.4358940124511719
  0
3DFACE
  8
0
1001
WEBCAD
1000
S3D4
 10
117
 20
9.872371673583984
 30
5.610097408294678
 11
117
 21
8.591609954833984
 31
4.93790340423584
 12
117
 22
7.508934020996094
 32
3.97873592376709
 13
117
 23
7.508934020996094
 33
3.97873592376709
  0
3DFACE
  8
0
1001
WEBCAD
1000
S3D4
 10
117
 20
9.872371673583984
 30
5.610097408294678
 11
117
 21
9.872371673583984
 31
-5.610097408294678
 12
117
 22
11.276779174804688
 32
-5.9562530517578125
 13
117
 23
11.276779174804688
 33
-5.9562530517578125
  0
3DFACE
  8
0
1001
WEBCAD
1000
S3D4
 10
117
 20
9.872371673583984
 30
5.610097408294678
 11
117
 21
6.174350738525391
 31
1.4358940124511719
 12
117
 22
9.872371673583984
 32
-5.610097408294678
 13
117
 23
9.872371673583984
 33
-5.610097408294678
  0
3DFACE
  8
0
1001
WEBCAD
1000
S3D4
 10
117
 20
9.872371673583984
 30
5.610097408294678
 11
117
 21
7.508934020996094
 31
3.97873592376709
 12
117
 22
6.174350738525391
 32
1.4358940124511719
 13
117
 23
6.174350738525391
 33
1.4358940124511719
  0
3DFACE
  8
0
1001
WEBCAD
1000
S3D4
 10
117
 20
17.82564926147461
 30
-1.4358940124511719
 11
117
 21
15.408390045166016
 31
-4.93790340423584
 12
117
 22
16.491065979003906
 32
-3.97873592376709
 13
117
 23
16.491065979003906
 33
-3.97873592376709
  0
3DFACE
  8
0
1001
WEBCAD
1000
S3D4
 10
117
 20
17.82564926147461
 30
-1.4358940124511719
 11
117
 21
16.491065979003906
 31
-3.97873592376709
 12
117
 22
17.31273651123047
 32
-2.788339138031006
 13
117
 23
17.31273651123047
 33
-2.788339138031006
  0
3DFACE
  8
0
1001
WEBCAD
1000
S3D4
 10
117
 20
18
 30
0
 11
117
 21
15.408390045166016
 31
-4.93790340423584
 12
117
 22
17.82564926147461
 32
-1.4358940124511719
 13
117
 23
17.82564926147461
 33
-1.4358940124511719
  0
3DFACE
  8
0
1001
WEBCAD
1000
S3D4
 10
117
 20
14.127628326416016
 30
5.610097408294678
 11
117
 21
12.723220825195312
 31
5.9562530517578125
 12
117
 22
11.276779174804688
 32
5.9562530517578125
 13
117
 23
11.276779174804688
 33
5.9562530517578125
  0
3DFACE
  8
0
1001
WEBCAD
1000
S3D4
 10
117
 20
14.127628326416016
 30
5.610097408294678
 11
117
 21
11.276779174804688
 31
5.9562530517578125
 12
117
 22
9.872371673583984
 32
5.610097408294678
 13
117
 23
9.872371673583984
 33
5.610097408294678
  0
3DFACE
  8
0
1001
WEBCAD
1000
S3D4
 10
117
 20
14.127628326416016
 30
5.610097408294678
 11
117
 21
11.276779174804688
 31
-5.9562530517578125
 12
117
 22
12.723220825195312
 32
-5.9562530517578125
 13
117
 23
12.723220825195312
 33
-5.9562530517578125
  0
3DFACE
  8
0
1001
WEBCAD
1000
S3D4
 10
117
 20
14.127628326416016
 30
5.610097408294678
 11
117
 21
12.723220825195312
 31
-5.9562530517578125
 12
117
 22
14.127628326416016
 32
-5.610097408294678
 13
117
 23
14.127628326416016
 33
-5.610097408294678
  0
3DFACE
  8
0
1001
WEBCAD
1000
S3D4
 10
117
 20
14.127628326416016
 30
5.610097408294678
 11
117
 21
9.872371673583984
 31
5.610097408294678
 12
117
 22
11.276779174804688
 32
-5.9562530517578125
 13
117
 23
11.276779174804688
 33
-5.9562530517578125
  0
3DFACE
  8
0
1001
WEBCAD
1000
S3D4
 10
117
 20
16.491065979003906
 30
3.97873592376709
 11
117
 21
18
 31
0
 12
117
 22
17.82564926147461
 32
1.4358940124511719
 13
117
 23
17.82564926147461
 33
1.4358940124511719
  0
3DFACE
  8
0
1001
WEBCAD
1000
S3D4
 10
117
 20
16.491065979003906
 30
3.97873592376709
 11
117
 21
17.82564926147461
 31
1.4358940124511719
 12
117
 22
17.31273651123047
 32
2.788339138031006
 13
117
 23
17.31273651123047
 33
2.788339138031006
  0
3DFACE
  8
0
1001
WEBCAD
1000
S3D4
 10
117
 20
16.491065979003906
 30
3.97873592376709
 11
117
 21
15.408390045166016
 31
4.93790340423584
 12
117
 22
14.127628326416016
 32
5.610097408294678
 13
117
 23
14.127628326416016
 33
5.610097408294678
  0
3DFACE
  8
0
1001
WEBCAD
1000
S3D4
 10
117
 20
16.491065979003906
 30
3.97873592376709
 11
117
 21
14.127628326416016
 31
-5.610097408294678
 12
117
 22
15.408390045166016
 32
-4.93790340423584
 13
117
 23
15.408390045166016
 33
-4.93790340423584
  0
3DFACE
  8
0
1001
WEBCAD
1000
S3D4
 10
117
 20
16.491065979003906
 30
3.97873592376709
 11
117
 21
15.408390045166016
 31
-4.93790340423584
 12
117
 22
18
 32
0
 13
117
 23
18
 33
0
  0
3DFACE
  8
0
1001
WEBCAD
1000
S3D4
 10
117
 20
16.491065979003906
 30
3.97873592376709
 11
117
 21
14.127628326416016
 31
5.610097408294678
 12
117
 22
14.127628326416016
 32
-5.610097408294678
 13
117
 23
14.127628326416016
 33
-5.610097408294678
  0
3DFACE
  8
0
1001
WEBCAD
1000
S3D4
 10
120
 20
17.82564926147461
 30
1.4358940124511719
 11
120
 21
18
 31
0
 12
119
 22
16
 32
0
 13
119
 23
16
 33
0
  0
3DFACE
  8
0
1001
WEBCAD
1000
S3D4
 10
120
 20
18
 30
0
 11
120
 21
17.82564926147461
 31
-1.4358940124511719
 12
119
 22
16
 32
0
 13
119
 23
16
 33
0
  0
3DFACE
  8
0
1001
WEBCAD
1000
S3D4
 10
118
 20
13.770912170410156
 30
0.9294463396072388
 11
118
 21
14
 31
0
 12
117
 22
12
 32
0
 13
117
 23
12
 33
0
  0
3DFACE
  8
0
1001
WEBCAD
1000
S3D4
 10
118
 20
13.136131286621094
 30
1.645967721939087
 11
118
 21
13.770912170410156
 31
0.9294463396072388
 12
117
 22
12
 32
0
 13
117
 23
12
 33
0
  0
3DFACE
  8
0
1001
WEBCAD
1000
S3D4
 10
119
 20
15.541824340820312
 30
1.8588926792144775
 11
120
 21
17.31273651123047
 31
2.788339138031006
 12
120
 22
17.82564926147461
 32
1.4358940124511719
 13
120
 23
17.82564926147461
 33
1.4358940124511719
  0
3DFACE
  8
0
1001
WEBCAD
1000
S3D4
 10
119
 20
15.541824340820312
 30
1.8588926792144775
 11
120
 21
16.491065979003906
 31
3.97873592376709
 12
120
 22
17.31273651123047
 32
2.788339138031006
 13
120
 23
17.31273651123047
 33
2.788339138031006
  0
3DFACE
  8
0
1001
WEBCAD
1000
S3D4
 10
119
 20
15.541824340820312
 30
1.8588926792144775
 11
119
 21
16
 31
0
 12
118
 22
14
 32
0
 13
118
 23
14
 33
0
  0
3DFACE
  8
0
1001
WEBCAD
1000
S3D4
 10
119
 20
15.541824340820312
 30
1.8588926792144775
 11
120
 21
17.82564926147461
 31
1.4358940124511719
 12
119
 22
16
 32
0
 13
119
 23
16
 33
0
  0
3DFACE
  8
0
1001
WEBCAD
1000
S3D4
 10
119
 20
15.541824340820312
 30
1.8588926792144775
 11
118
 21
14
 31
0
 12
118
 22
13.770912170410156
 32
0.9294463396072388
 13
118
 23
13.770912170410156
 33
0.9294463396072388
  0
3DFACE
  8
0
1001
WEBCAD
1000
S3D4
 10
118
 20
12.241073608398438
 30
1.9854177236557007
 11
118
 21
13.136131286621094
 31
1.645967721939087
 12
117
 22
12
 32
0
 13
117
 23
12
 33
0
  0
3DFACE
  8
0
1001
WEBCAD
1000
S3D4
 10
119
 20
14.272258758544922
 30
3.291935443878174
 11
118
 21
13.770912170410156
 31
0.9294463396072388
 12
118
 22
13.136131286621094
 32
1.645967721939087
 13
118
 23
13.136131286621094
 33
1.645967721939087
  0
3DFACE
  8
0
1001
WEBCAD
1000
S3D4
 10
119
 20
14.272258758544922
 30
3.291935443878174
 11
120
 21
15.408390045166016
 31
4.93790340423584
 12
120
 22
16.491065979003906
 32
3.97873592376709
 13
120
 23
16.491065979003906
 33
3.97873592376709
  0
3DFACE
  8
0
1001
WEBCAD
1000
S3D4
 10
119
 20
14.272258758544922
 30
3.291935443878174
 11
120
 21
14.127628326416016
 31
5.610097408294678
 12
120
 22
15.408390045166016
 32
4.93790340423584
 13
120
 23
15.408390045166016
 33
4.93790340423584
  0
3DFACE
  8
0
1001
WEBCAD
1000
S3D4
 10
119
 20
14.272258758544922
 30
3.291935443878174
 11
119
 21
15.541824340820312
 31
1.8588926792144775
 12
118
 22
13.770912170410156
 32
0.9294463396072388
 13
118
 23
13.770912170410156
 33
0.9294463396072388
  0
3DFACE
  8
0
1001
WEBCAD
1000
S3D4
 10
119
 20
14.272258758544922
 30
3.291935443878174
 11
120
 21
16.491065979003906
 31
3.97873592376709
 12
119
 22
15.541824340820312
 32
1.8588926792144775
 13
119
 23
15.541824340820312
 33
1.8588926792144775
  0
3DFACE
  8
0
1001
WEBCAD
1000
S3D4
 10
119
 20
14.272258758544922
 30
3.291935443878174
 11
118
 21
13.136131286621094
 31
1.645967721939087
 12
118
 22
12.241073608398438
 32
1.9854177236557007
 13
118
 23
12.241073608398438
 33
1.9854177236557007
  0
3DFACE
  8
0
1001
WEBCAD
1000
S3D4
 10
118
 20
11.290790557861328
 30
1.8700324296951294
 11
118
 21
12.241073608398438
 31
1.9854177236557007
 12
117
 22
12
 32
0
 13
117
 23
12
 33
0
  0
3DFACE
  8
0
1001
WEBCAD
1000
S3D4
 10
119
 20
12.482147216796875
 30
3.9708354473114014
 11
120
 21
12.723220825195312
 31
5.9562530517578125
 12
120
 22
14.127628326416016
 32
5.610097408294678
 13
120
 23
14.127628326416016
 33
5.610097408294678
  0
3DFACE
  8
0
1001
WEBCAD
1000
S3D4
 10
119
 20
12.482147216796875
 30
3.9708354473114014
 11
120
 21
11.276779174804688
 31
5.9562530517578125
 12
120
 22
12.723220825195312
 32
5.9562530517578125
 13
120
 23
12.723220825195312
 33
5.9562530517578125
  0
3DFACE
  8
0
1001
WEBCAD
1000
S3D4
 10
119
 20
12.482147216796875
 30
3.9708354473114014
 11
119
 21
14.272258758544922
 31
3.291935443878174
 12
118
 22
12.241073608398438
 32
1.9854177236557007
 13
118
 23
12.241073608398438
 33
1.9854177236557007
  0
3DFACE
  8
0
1001
WEBCAD
1000
S3D4
 10
119
 20
12.482147216796875
 30
3.9708354473114014
 11
120
 21
14.127628326416016
 31
5.610097408294678
 12
119
 22
14.272258758544922
 32
3.291935443878174
 13
119
 23
14.272258758544922
 33
3.291935443878174
  0
3DFACE
  8
0
1001
WEBCAD
1000
S3D4
 10
118
 20
10.502979278564453
 30
1.3262453079223633
 11
118
 21
11.290790557861328
 31
1.8700324296951294
 12
117
 22
12
 32
0
 13
117
 23
12
 33
0
  0
3DFACE
  8
0
1001
WEBCAD
1000
S3D4
 10
119
 20
10.581581115722656
 30
3.740064859390259
 11
120
 21
9.872371673583984
 31
5.610097408294678
 12
120
 22
11.276779174804688
 32
5.9562530517578125
 13
120
 23
11.276779174804688
 33
5.9562530517578125
  0
3DFACE
  8
0
1001
WEBCAD
1000
S3D4
 10
119
 20
10.581581115722656
 30
3.740064859390259
 11
120
 21
8.591609954833984
 31
4.93790340423584
 12
120
 22
9.872371673583984
 32
5.610097408294678
 13
120
 23
9.872371673583984
 33
5.610097408294678
  0
3DFACE
  8
0
1001
WEBCAD
1000
S3D4
 10
119
 20
10.581581115722656
 30
3.740064859390259
 11
120
 21
11.276779174804688
 31
5.9562530517578125
 12
119
 22
12.482147216796875
 32
3.9708354473114014
 13
119
 23
12.482147216796875
 33
3.9708354473114014
  0
3DFACE
  8
0
1001
WEBCAD
1000
S3D4
 10
119
 20
10.581581115722656
 30
3.740064859390259
 11
119
 21
12.482147216796875
 31
3.9708354473114014
 12
118
 22
12.241073608398438
 32
1.9854177236557007
 13
118
 23
12.241073608398438
 33
1.9854177236557007
  0
3DFACE
  8
0
1001
WEBCAD
1000
S3D4
 10
119
 20
10.581581115722656
 30
3.740064859390259
 11
118
 21
12.241073608398438
 31
1.9854177236557007
 12
118
 22
11.290790557861328
 32
1.8700324296951294
 13
118
 23
11.290790557861328
 33
1.8700324296951294
  0
3DFACE
  8
0
1001
WEBCAD
1000
S3D4
 10
118
 20
10.058116912841797
 30
0.47863131761550903
 11
117
 21
12
 31
0
 12
117
 22
12
 32
0
 13
117
 23
12
 33
0
  0
3DFACE
  8
0
1001
WEBCAD
1000
S3D4
 10
118
 20
10.058116912841797
 30
0.47863131761550903
 11
118
 21
10.502979278564453
 31
1.3262453079223633
 12
117
 22
12
 32
0
 13
117
 23
12
 33
0
  0
3DFACE
  8
0
1001
WEBCAD
1000
S3D4
 10
119
 20
9.005958557128906
 30
2.6524906158447266
 11
120
 21
7.508934020996094
 31
3.97873592376709
 12
120
 22
8.591609954833984
 32
4.93790340423584
 13
120
 23
8.591609954833984
 33
4.93790340423584
  0
3DFACE
  8
0
1001
WEBCAD
1000
S3D4
 10
119
 20
9.005958557128906
 30
2.6524906158447266
 11
120
 21
6.687263488769531
 31
2.788339138031006
 12
120
 22
7.508934020996094
 32
3.97873592376709
 13
120
 23
7.508934020996094
 33
3.97873592376709
  0
3DFACE
  8
0
1001
WEBCAD
1000
S3D4
 10
119
 20
9.005958557128906
 30
2.6524906158447266
 11
118
 21
10.502979278564453
 31
1.3262453079223633
 12
118
 22
10.058116912841797
 32
0.47863131761550903
 13
118
 23
10.058116912841797
 33
0.47863131761550903
  0
3DFACE
  8
0
1001
WEBCAD
1000
S3D4
 10
119
 20
9.005958557128906
 30
2.6524906158447266
 11
118
 21
11.290790557861328
 31
1.8700324296951294
 12
118
 22
10.502979278564453
 32
1.3262453079223633
 13
118
 23
10.502979278564453
 33
1.3262453079223633
  0
3DFACE
  8
0
1001
WEBCAD
1000
S3D4
 10
119
 20
9.005958557128906
 30
2.6524906158447266
 11
120
 21
8.591609954833984
 31
4.93790340423584
 12
119
 22
10.581581115722656
 32
3.740064859390259
 13
119
 23
10.581581115722656
 33
3.740064859390259
  0
3DFACE
  8
0
1001
WEBCAD
1000
S3D4
 10
119
 20
9.005958557128906
 30
2.6524906158447266
 11
119
 21
10.581581115722656
 31
3.740064859390259
 12
118
 22
11.290790557861328
 32
1.8700324296951294
 13
118
 23
11.290790557861328
 33
1.8700324296951294
  0
3DFACE
  8
0
1001
WEBCAD
1000
S3D4
 10
118
 20
10.058116912841797
 30
-0.47863131761550903
 11
118
 21
10.058116912841797
 31
0.47863131761550903
 12
117
 22
12
 32
0
 13
117
 23
12
 33
0
  0
3DFACE
  8
0
1001
WEBCAD
1000
S3D4
 10
119
 20
8.116233825683594
 30
0.9572626352310181
 11
120
 21
6.174350738525391
 31
1.4358940124511719
 12
120
 22
6.687263488769531
 32
2.788339138031006
 13
120
 23
6.687263488769531
 33
2.788339138031006
  0
3DFACE
  8
0
1001
WEBCAD
1000
S3D4
 10
119
 20
8.116233825683594
 30
0.9572626352310181
 11
120
 21
6
 31
6.0638584709331745e-15
 12
120
 22
6.174350738525391
 32
1.4358940124511719
 13
120
 23
6.174350738525391
 33
1.4358940124511719
  0
3DFACE
  8
0
1001
WEBCAD
1000
S3D4
 10
119
 20
8.116233825683594
 30
0.9572626352310181
 11
120
 21
6.687263488769531
 31
2.788339138031006
 12
119
 22
9.005958557128906
 32
2.6524906158447266
 13
119
 23
9.005958557128906
 33
2.6524906158447266
  0
3DFACE
  8
0
1001
WEBCAD
1000
S3D4
 10
119
 20
8.116233825683594
 30
0.9572626352310181
 11
119
 21
9.005958557128906
 31
2.6524906158447266
 12
118
 22
10.058116912841797
 32
0.47863131761550903
 13
118
 23
10.058116912841797
 33
0.47863131761550903
  0
3DFACE
  8
0
1001
WEBCAD
1000
S3D4
 10
118
 20
10.502979278564453
 30
-1.3262453079223633
 11
118
 21
10.058116912841797
 31
-0.47863131761550903
 12
117
 22
12
 32
0
 13
117
 23
12
 33
0
  0
3DFACE
  8
0
1001
WEBCAD
1000
S3D4
 10
119
 20
8.116233825683594
 30
-0.9572626352310181
 11
120
 21
6.174350738525391
 31
-1.4358940124511719
 12
120
 22
6
 32
6.0638584709331745e-15
 13
120
 23
6
 33
6.0638584709331745e-15
  0
3DFACE
  8
0
1001
WEBCAD
1000
S3D4
 10
119
 20
8.116233825683594
 30
-0.9572626352310181
 11
120
 21
6.687263488769531
 31
-2.788339138031006
 12
120
 22
6.174350738525391
 32
-1.4358940124511719
 13
120
 23
6.174350738525391
 33
-1.4358940124511719
  0
3DFACE
  8
0
1001
WEBCAD
1000
S3D4
 10
119
 20
8.116233825683594
 30
-0.9572626352310181
 11
119
 21
8.116233825683594
 31
0.9572626352310181
 12
118
 22
10.058116912841797
 32
0.47863131761550903
 13
118
 23
10.058116912841797
 33
0.47863131761550903
  0
3DFACE
  8
0
1001
WEBCAD
1000
S3D4
 10
119
 20
8.116233825683594
 30
-0.9572626352310181
 11
118
 21
10.058116912841797
 31
0.47863131761550903
 12
118
 22
10.058116912841797
 32
-0.47863131761550903
 13
118
 23
10.058116912841797
 33
-0.47863131761550903
  0
3DFACE
  8
0
1001
WEBCAD
1000
S3D4
 10
119
 20
8.116233825683594
 30
-0.9572626352310181
 11
120
 21
6
 31
6.0638584709331745e-15
 12
119
 22
8.116233825683594
 32
0.9572626352310181
 13
119
 23
8.116233825683594
 33
0.9572626352310181
  0
3DFACE
  8
0
1001
WEBCAD
1000
S3D4
 10
118
 20
11.290790557861328
 30
-1.8700324296951294
 11
118
 21
10.502979278564453
 31
-1.3262453079223633
 12
117
 22
12
 32
0
 13
117
 23
12
 33
0
  0
3DFACE
  8
0
1001
WEBCAD
1000
S3D4
 10
119
 20
9.005958557128906
 30
-2.6524906158447266
 11
119
 21
8.116233825683594
 31
-0.9572626352310181
 12
118
 22
10.058116912841797
 32
-0.47863131761550903
 13
118
 23
10.058116912841797
 33
-0.47863131761550903
  0
3DFACE
  8
0
1001
WEBCAD
1000
S3D4
 10
119
 20
9.005958557128906
 30
-2.6524906158447266
 11
118
 21
10.058116912841797
 31
-0.47863131761550903
 12
118
 22
10.502979278564453
 32
-1.3262453079223633
 13
118
 23
10.502979278564453
 33
-1.3262453079223633
  0
3DFACE
  8
0
1001
WEBCAD
1000
S3D4
 10
119
 20
9.005958557128906
 30
-2.6524906158447266
 11
120
 21
7.508934020996094
 31
-3.97873592376709
 12
120
 22
6.687263488769531
 32
-2.788339138031006
 13
120
 23
6.687263488769531
 33
-2.788339138031006
  0
3DFACE
  8
0
1001
WEBCAD
1000
S3D4
 10
119
 20
9.005958557128906
 30
-2.6524906158447266
 11
120
 21
8.591609954833984
 31
-4.93790340423584
 12
120
 22
7.508934020996094
 32
-3.97873592376709
 13
120
 23
7.508934020996094
 33
-3.97873592376709
  0
3DFACE
  8
0
1001
WEBCAD
1000
S3D4
 10
119
 20
9.005958557128906
 30
-2.6524906158447266
 11
120
 21
6.687263488769531
 31
-2.788339138031006
 12
119
 22
8.116233825683594
 32
-0.9572626352310181
 13
119
 23
8.116233825683594
 33
-0.9572626352310181
  0
3DFACE
  8
0
1001
WEBCAD
1000
S3D4
 10
118
 20
12.241073608398438
 30
-1.9854177236557007
 11
118
 21
11.290790557861328
 31
-1.8700324296951294
 12
117
 22
12
 32
0
 13
117
 23
12
 33
0
  0
3DFACE
  8
0
1001
WEBCAD
1000
S3D4
 10
119
 20
10.581581115722656
 30
-3.740064859390259
 11
118
 21
10.502979278564453
 31
-1.3262453079223633
 12
118
 22
11.290790557861328
 32
-1.8700324296951294
 13
118
 23
11.290790557861328
 33
-1.8700324296951294
  0
3DFACE
  8
0
1001
WEBCAD
1000
S3D4
 10
119
 20
10.581581115722656
 30
-3.740064859390259
 11
120
 21
8.591609954833984
 31
-4.93790340423584
 12
119
 22
9.005958557128906
 32
-2.6524906158447266
 13
119
 23
9.005958557128906
 33
-2.6524906158447266
  0
3DFACE
  8
0
1001
WEBCAD
1000
S3D4
 10
119
 20
10.581581115722656
 30
-3.740064859390259
 11
120
 21
9.872371673583984
 31
-5.610097408294678
 12
120
 22
8.591609954833984
 32
-4.93790340423584
 13
120
 23
8.591609954833984
 33
-4.93790340423584
  0
3DFACE
  8
0
1001
WEBCAD
1000
S3D4
 10
119
 20
10.581581115722656
 30
-3.740064859390259
 11
120
 21
11.276779174804688
 31
-5.9562530517578125
 12
120
 22
9.872371673583984
 32
-5.610097408294678
 13
120
 23
9.872371673583984
 33
-5.610097408294678
  0
3DFACE
  8
0
1001
WEBCAD
1000
S3D4
 10
119
 20
10.581581115722656
 30
-3.740064859390259
 11
119
 21
9.005958557128906
 31
-2.6524906158447266
 12
118
 22
10.502979278564453
 32
-1.3262453079223633
 13
118
 23
10.502979278564453
 33
-1.3262453079223633
  0
3DFACE
  8
0
1001
WEBCAD
1000
S3D4
 10
118
 20
13.136131286621094
 30
-1.645967721939087
 11
118
 21
12.241073608398438
 31
-1.9854177236557007
 12
117
 22
12
 32
0
 13
117
 23
12
 33
0
  0
3DFACE
  8
0
1001
WEBCAD
1000
S3D4
 10
119
 20
12.482147216796875
 30
-3.9708354473114014
 11
118
 21
11.290790557861328
 31
-1.8700324296951294
 12
118
 22
12.241073608398438
 32
-1.9854177236557007
 13
118
 23
12.241073608398438
 33
-1.9854177236557007
  0
3DFACE
  8
0
1001
WEBCAD
1000
S3D4
 10
119
 20
12.482147216796875
 30
-3.9708354473114014
 11
120
 21
11.276779174804688
 31
-5.9562530517578125
 12
119
 22
10.581581115722656
 32
-3.740064859390259
 13
119
 23
10.581581115722656
 33
-3.740064859390259
  0
3DFACE
  8
0
1001
WEBCAD
1000
S3D4
 10
119
 20
12.482147216796875
 30
-3.9708354473114014
 11
118
 21
12.241073608398438
 31
-1.9854177236557007
 12
118
 22
13.136131286621094
 32
-1.645967721939087
 13
118
 23
13.136131286621094
 33
-1.645967721939087
  0
3DFACE
  8
0
1001
WEBCAD
1000
S3D4
 10
119
 20
12.482147216796875
 30
-3.9708354473114014
 11
120
 21
12.723220825195312
 31
-5.9562530517578125
 12
120
 22
11.276779174804688
 32
-5.9562530517578125
 13
120
 23
11.276779174804688
 33
-5.9562530517578125
  0
3DFACE
  8
0
1001
WEBCAD
1000
S3D4
 10
119
 20
12.482147216796875
 30
-3.9708354473114014
 11
120
 21
14.127628326416016
 31
-5.610097408294678
 12
120
 22
12.723220825195312
 32
-5.9562530517578125
 13
120
 23
12.723220825195312
 33
-5.9562530517578125
  0
3DFACE
  8
0
1001
WEBCAD
1000
S3D4
 10
119
 20
12.482147216796875
 30
-3.9708354473114014
 11
119
 21
10.581581115722656
 31
-3.740064859390259
 12
118
 22
11.290790557861328
 32
-1.8700324296951294
 13
118
 23
11.290790557861328
 33
-1.8700324296951294
  0
3DFACE
  8
0
1001
WEBCAD
1000
S3D4
 10
118
 20
13.770912170410156
 30
-0.9294463396072388
 11
117
 21
12
 31
0
 12
118
 22
14
 32
0
 13
118
 23
14
 33
0
  0
3DFACE
  8
0
1001
WEBCAD
1000
S3D4
 10
118
 20
13.770912170410156
 30
-0.9294463396072388
 11
118
 21
13.136131286621094
 31
-1.645967721939087
 12
117
 22
12
 32
0
 13
117
 23
12
 33
0
  0
3DFACE
  8
0
1001
WEBCAD
1000
S3D4
 10
119
 20
14.272258758544922
 30
-3.291935443878174
 11
119
 21
12.482147216796875
 31
-3.9708354473114014
 12
118
 22
13.136131286621094
 32
-1.645967721939087
 13
118
 23
13.136131286621094
 33
-1.645967721939087
  0
3DFACE
  8
0
1001
WEBCAD
1000
S3D4
 10
119
 20
14.272258758544922
 30
-3.291935443878174
 11
120
 21
14.127628326416016
 31
-5.610097408294678
 12
119
 22
12.482147216796875
 32
-3.9708354473114014
 13
119
 23
12.482147216796875
 33
-3.9708354473114014
  0
3DFACE
  8
0
1001
WEBCAD
1000
S3D4
 10
119
 20
14.272258758544922
 30
-3.291935443878174
 11
120
 21
15.408390045166016
 31
-4.93790340423584
 12
120
 22
14.127628326416016
 32
-5.610097408294678
 13
120
 23
14.127628326416016
 33
-5.610097408294678
  0
3DFACE
  8
0
1001
WEBCAD
1000
S3D4
 10
119
 20
14.272258758544922
 30
-3.291935443878174
 11
120
 21
16.491065979003906
 31
-3.97873592376709
 12
120
 22
15.408390045166016
 32
-4.93790340423584
 13
120
 23
15.408390045166016
 33
-4.93790340423584
  0
3DFACE
  8
0
1001
WEBCAD
1000
S3D4
 10
119
 20
15.541824340820312
 30
-1.8588926792144775
 11
119
 21
16
 31
0
 12
120
 22
17.82564926147461
 32
-1.4358940124511719
 13
120
 23
17.82564926147461
 33
-1.4358940124511719
  0
3DFACE
  8
0
1001
WEBCAD
1000
S3D4
 10
119
 20
15.541824340820312
 30
-1.8588926792144775
 11
118
 21
14
 31
0
 12
119
 22
16
 32
0
 13
119
 23
16
 33
0
  0
3DFACE
  8
0
1001
WEBCAD
1000
S3D4
 10
119
 20
15.541824340820312
 30
-1.8588926792144775
 11
118
 21
13.770912170410156
 31
-0.9294463396072388
 12
118
 22
14
 32
0
 13
118
 23
14
 33
0
  0
3DFACE
  8
0
1001
WEBCAD
1000
S3D4
 10
119
 20
15.541824340820312
 30
-1.8588926792144775
 11
118
 21
13.136131286621094
 31
-1.645967721939087
 12
118
 22
13.770912170410156
 32
-0.9294463396072388
 13
118
 23
13.770912170410156
 33
-0.9294463396072388
  0
3DFACE
  8
0
1001
WEBCAD
1000
S3D4
 10
119
 20
15.541824340820312
 30
-1.8588926792144775
 11
120
 21
17.31273651123047
 31
-2.788339138031006
 12
120
 22
16.491065979003906
 32
-3.97873592376709
 13
120
 23
16.491065979003906
 33
-3.97873592376709
  0
3DFACE
  8
0
1001
WEBCAD
1000
S3D4
 10
119
 20
15.541824340820312
 30
-1.8588926792144775
 11
120
 21
17.82564926147461
 31
-1.4358940124511719
 12
120
 22
17.31273651123047
 32
-2.788339138031006
 13
120
 23
17.31273651123047
 33
-2.788339138031006
  0
3DFACE
  8
0
1001
WEBCAD
1000
S3D4
 10
119
 20
15.541824340820312
 30
-1.8588926792144775
 11
120
 21
16.491065979003906
 31
-3.97873592376709
 12
119
 22
14.272258758544922
 32
-3.291935443878174
 13
119
 23
14.272258758544922
 33
-3.291935443878174
  0
3DFACE
  8
0
1001
WEBCAD
1000
S3D4
 10
119
 20
15.541824340820312
 30
-1.8588926792144775
 11
119
 21
14.272258758544922
 31
-3.291935443878174
 12
118
 22
13.136131286621094
 32
-1.645967721939087
 13
118
 23
13.136131286621094
 33
-1.645967721939087
  0
3DFACE
  8
0
1001
WEBCAD
1000
S3D4
 10
120
 20
6.174350738525391
 30
1.4358940124511719
 11
120
 21
6
 31
6.0638584709331745e-15
 12
120
 22
6.174350738525391
 32
-1.4358940124511719
 13
120
 23
6.174350738525391
 33
-1.4358940124511719
  0
3DFACE
  8
0
1001
WEBCAD
1000
S3D4
 10
120
 20
6.174350738525391
 30
1.4358940124511719
 11
120
 21
6.174350738525391
 31
-1.4358940124511719
 12
120
 22
6.687263488769531
 32
-2.788339138031006
 13
120
 23
6.687263488769531
 33
-2.788339138031006
  0
3DFACE
  8
0
1001
WEBCAD
1000
S3D4
 10
120
 20
6.174350738525391
 30
1.4358940124511719
 11
120
 21
6.687263488769531
 31
-2.788339138031006
 12
120
 22
7.508934020996094
 32
-3.97873592376709
 13
120
 23
7.508934020996094
 33
-3.97873592376709
  0
3DFACE
  8
0
1001
WEBCAD
1000
S3D4
 10
120
 20
6.174350738525391
 30
1.4358940124511719
 11
120
 21
7.508934020996094
 31
-3.97873592376709
 12
120
 22
8.591609954833984
 32
-4.93790340423584
 13
120
 23
8.591609954833984
 33
-4.93790340423584
  0
3DFACE
  8
0
1001
WEBCAD
1000
S3D4
 10
120
 20
6.174350738525391
 30
1.4358940124511719
 11
120
 21
8.591609954833984
 31
-4.93790340423584
 12
120
 22
9.872371673583984
 32
-5.610097408294678
 13
120
 23
9.872371673583984
 33
-5.610097408294678
  0
3DFACE
  8
0
1001
WEBCAD
1000
S3D4
 10
120
 20
7.508934020996094
 30
3.97873592376709
 11
120
 21
6.687263488769531
 31
2.788339138031006
 12
120
 22
6.174350738525391
 32
1.4358940124511719
 13
120
 23
6.174350738525391
 33
1.4358940124511719
  0
3DFACE
  8
0
1001
WEBCAD
1000
S3D4
 10
120
 20
9.872371673583984
 30
5.610097408294678
 11
120
 21
8.591609954833984
 31
4.93790340423584
 12
120
 22
7.508934020996094
 32
3.97873592376709
 13
120
 23
7.508934020996094
 33
3.97873592376709
  0
3DFACE
  8
0
1001
WEBCAD
1000
S3D4
 10
120
 20
9.872371673583984
 30
5.610097408294678
 11
120
 21
9.872371673583984
 31
-5.610097408294678
 12
120
 22
11.276779174804688
 32
-5.9562530517578125
 13
120
 23
11.276779174804688
 33
-5.9562530517578125
  0
3DFACE
  8
0
1001
WEBCAD
1000
S3D4
 10
120
 20
9.872371673583984
 30
5.610097408294678
 11
120
 21
6.174350738525391
 31
1.4358940124511719
 12
120
 22
9.872371673583984
 32
-5.610097408294678
 13
120
 23
9.872371673583984
 33
-5.610097408294678
  0
3DFACE
  8
0
1001
WEBCAD
1000
S3D4
 10
120
 20
9.872371673583984
 30
5.610097408294678
 11
120
 21
7.508934020996094
 31
3.97873592376709
 12
120
 22
6.174350738525391
 32
1.4358940124511719
 13
120
 23
6.174350738525391
 33
1.4358940124511719
  0
3DFACE
  8
0
1001
WEBCAD
1000
S3D4
 10
120
 20
17.82564926147461
 30
-1.4358940124511719
 11
120
 21
15.408390045166016
 31
-4.93790340423584
 12
120
 22
16.491065979003906
 32
-3.97873592376709
 13
120
 23
16.491065979003906
 33
-3.97873592376709
  0
3DFACE
  8
0
1001
WEBCAD
1000
S3D4
 10
120
 20
17.82564926147461
 30
-1.4358940124511719
 11
120
 21
16.491065979003906
 31
-3.97873592376709
 12
120
 22
17.31273651123047
 32
-2.788339138031006
 13
120
 23
17.31273651123047
 33
-2.788339138031006
  0
3DFACE
  8
0
1001
WEBCAD
1000
S3D4
 10
120
 20
18
 30
0
 11
120
 21
15.408390045166016
 31
-4.93790340423584
 12
120
 22
17.82564926147461
 32
-1.4358940124511719
 13
120
 23
17.82564926147461
 33
-1.4358940124511719
  0
3DFACE
  8
0
1001
WEBCAD
1000
S3D4
 10
120
 20
14.127628326416016
 30
5.610097408294678
 11
120
 21
12.723220825195312
 31
5.9562530517578125
 12
120
 22
11.276779174804688
 32
5.9562530517578125
 13
120
 23
11.276779174804688
 33
5.9562530517578125
  0
3DFACE
  8
0
1001
WEBCAD
1000
S3D4
 10
120
 20
14.127628326416016
 30
5.610097408294678
 11
120
 21
11.276779174804688
 31
5.9562530517578125
 12
120
 22
9.872371673583984
 32
5.610097408294678
 13
120
 23
9.872371673583984
 33
5.610097408294678
  0
3DFACE
  8
0
1001
WEBCAD
1000
S3D4
 10
120
 20
14.127628326416016
 30
5.610097408294678
 11
120
 21
11.276779174804688
 31
-5.9562530517578125
 12
120
 22
12.723220825195312
 32
-5.9562530517578125
 13
120
 23
12.723220825195312
 33
-5.9562530517578125
  0
3DFACE
  8
0
1001
WEBCAD
1000
S3D4
 10
120
 20
14.127628326416016
 30
5.610097408294678
 11
120
 21
12.723220825195312
 31
-5.9562530517578125
 12
120
 22
14.127628326416016
 32
-5.610097408294678
 13
120
 23
14.127628326416016
 33
-5.610097408294678
  0
3DFACE
  8
0
1001
WEBCAD
1000
S3D4
 10
120
 20
14.127628326416016
 30
5.610097408294678
 11
120
 21
9.872371673583984
 31
5.610097408294678
 12
120
 22
11.276779174804688
 32
-5.9562530517578125
 13
120
 23
11.276779174804688
 33
-5.9562530517578125
  0
3DFACE
  8
0
1001
WEBCAD
1000
S3D4
 10
120
 20
16.491065979003906
 30
3.97873592376709
 11
120
 21
18
 31
0
 12
120
 22
17.82564926147461
 32
1.4358940124511719
 13
120
 23
17.82564926147461
 33
1.4358940124511719
  0
3DFACE
  8
0
1001
WEBCAD
1000
S3D4
 10
120
 20
16.491065979003906
 30
3.97873592376709
 11
120
 21
17.82564926147461
 31
1.4358940124511719
 12
120
 22
17.31273651123047
 32
2.788339138031006
 13
120
 23
17.31273651123047
 33
2.788339138031006
  0
3DFACE
  8
0
1001
WEBCAD
1000
S3D4
 10
120
 20
16.491065979003906
 30
3.97873592376709
 11
120
 21
15.408390045166016
 31
4.93790340423584
 12
120
 22
14.127628326416016
 32
5.610097408294678
 13
120
 23
14.127628326416016
 33
5.610097408294678
  0
3DFACE
  8
0
1001
WEBCAD
1000
S3D4
 10
120
 20
16.491065979003906
 30
3.97873592376709
 11
120
 21
14.127628326416016
 31
-5.610097408294678
 12
120
 22
15.408390045166016
 32
-4.93790340423584
 13
120
 23
15.408390045166016
 33
-4.93790340423584
  0
3DFACE
  8
0
1001
WEBCAD
1000
S3D4
 10
120
 20
16.491065979003906
 30
3.97873592376709
 11
120
 21
15.408390045166016
 31
-4.93790340423584
 12
120
 22
18
 32
0
 13
120
 23
18
 33
0
  0
3DFACE
  8
0
1001
WEBCAD
1000
S3D4
 10
120
 20
16.491065979003906
 30
3.97873592376709
 11
120
 21
14.127628326416016
 31
5.610097408294678
 12
120
 22
14.127628326416016
 32
-5.610097408294678
 13
120
 23
14.127628326416016
 33
-5.610097408294678
  0
3DFACE
  8
0
1001
WEBCAD
1000
E8
 10
147.15069299716197
 20
-141.27404978131892
 30
-3.4374758126321154
 11
146.39024072665416
 21
-141.281036377691
 31
-3.72994913939867
 12
146.39024072665416
 22
-41.30955594701863
 32
-6.118065656591135
 13
146.39024072665416
 23
-41.30955594701863
 33
-6.118065656591135
  0
3DFACE
  8
0
1001
WEBCAD
1000
E8
 10
147.15069299716197
 20
-141.27404978131892
 30
-3.4374758126321154
 11
146.39024072665416
 21
-41.30955594701863
 31
-6.118065656591135
 12
147.15069299716197
 22
-41.30256935064654
 32
-5.82559232982458
 13
147.15069299716197
 23
-41.30256935064654
 33
-5.82559232982458
  0
3DFACE
  8
0
1001
WEBCAD
1000
E8
 10
147.15069299716197
 20
-141.27404978131892
 30
-3.4374758126321154
 11
147.15069299716197
 21
-41.30256935064654
 31
-5.82559232982458
 12
147.9318056680604
 22
-41.29593321372581
 32
-5.547789958152052
 13
147.9318056680604
 23
-41.29593321372581
 33
-5.547789958152052
  0
3DFACE
  8
0
1001
WEBCAD
1000
E8
 10
147.9318056680604
 20
-141.26741364439818
 30
-3.159673440959587
 11
147.15069299716197
 21
-141.27404978131892
 31
-3.4374758126321154
 12
147.9318056680604
 22
-41.29593321372581
 32
-5.547789958152052
 13
147.9318056680604
 23
-41.29593321372581
 33
-5.547789958152052
  0
3DFACE
  8
0
1001
WEBCAD
1000
E8
 10
148.73325830477916
 20
-141.26111985908085
 30
-2.8962026131506775
 11
147.9318056680604
 21
-141.26741364439818
 31
-3.159673440959587
 12
147.9318056680604
 22
-41.29593321372581
 32
-5.547789958152052
 13
147.9318056680604
 23
-41.29593321372581
 33
-5.547789958152052
  0
3DFACE
  8
0
1001
WEBCAD
1000
E8
 10
148.73325830477916
 20
-141.26111985908085
 30
-2.8962026131506775
 11
147.9318056680604
 21
-41.29593321372581
 31
-5.547789958152052
 12
148.73325830477916
 22
-41.28963942840846
 32
-5.2843191303431425
 13
148.73325830477916
 23
-41.28963942840846
 33
-5.2843191303431425
  0
3DFACE
  8
0
1001
WEBCAD
1000
E8
 10
149.55471521395884
 20
-141.25516068191655
 30
-2.6467391724123033
 11
148.73325830477916
 21
-141.26111985908085
 31
-2.8962026131506775
 12
148.73325830477916
 22
-41.28963942840846
 32
-5.2843191303431425
 13
148.73325830477916
 23
-41.28963942840846
 33
-5.2843191303431425
  0
3DFACE
  8
0
1001
WEBCAD
1000
E8
 10
149.55471521395884
 20
-141.25516068191655
 30
-2.6467391724123033
 11
148.73325830477916
 21
-41.28963942840846
 31
-5.2843191303431425
 12
149.55471521395884
 22
-41.283680251244164
 32
-5.034855689604768
 13
149.55471521395884
 23
-41.283680251244164
 33
-5.034855689604768
  0
3DFACE
  8
0
1001
WEBCAD
1000
E8
 10
150.39587121981822
 20
-141.24952818725617
 30
-2.4109513347327223
 11
149.55471521395884
 21
-141.25516068191655
 31
-2.6467391724123033
 12
149.55471521395884
 22
-41.283680251244164
 32
-5.034855689604768
 13
149.55471521395884
 23
-41.283680251244164
 33
-5.034855689604768
  0
3DFACE
  8
0
1001
WEBCAD
1000
E8
 10
150.39587121981822
 20
-141.24952818725617
 30
-2.4109513347327223
 11
149.55471521395884
 21
-41.283680251244164
 31
-5.034855689604768
 12
150.39587121981822
 22
-41.27804775658379
 32
-4.799067851925187
 13
150.39587121981822
 23
-41.27804775658379
 33
-4.799067851925187
  0
3DFACE
  8
0
1001
WEBCAD
1000
E8
 10
151.25636011141978
 20
-141.24421444945057
 30
-2.1885073161001856
 11
150.39587121981822
 21
-141.24952818725617
 31
-2.4109513347327223
 12
150.39587121981822
 22
-41.27804775658379
 32
-4.799067851925187
 13
150.39587121981822
 23
-41.27804775658379
 33
-4.799067851925187
  0
3DFACE
  8
0
1001
WEBCAD
1000
E8
 10
151.25636011141978
 20
-141.24421444945057
 30
-2.1885073161001856
 11
150.39587121981822
 21
-41.27804775658379
 31
-4.799067851925187
 12
151.25636011141978
 22
-41.27273401877818
 32
-4.5766238332926505
 13
151.25636011141978
 23
-41.27273401877818
 33
-4.5766238332926505
  0
3DFACE
  8
0
1001
WEBCAD
1000
E8
 10
151.25636011141978
 20
-141.24421444945057
 30
-2.1885073161001856
 11
151.25636011141978
 21
-41.27273401877818
 31
-4.5766238332926505
 12
152.13587671298228
 22
-41.26773129437702
 32
-4.367199476914081
 13
152.13587671298228
 23
-41.26773129437702
 33
-4.367199476914081
  0
3DFACE
  8
0
1001
WEBCAD
1000
E8
 10
152.13587671298228
 20
-141.23921172504942
 30
-1.979082959721616
 11
151.25636011141978
 21
-141.24421444945057
 31
-2.1885073161001856
 12
152.13587671298228
 22
-41.26773129437702
 32
-4.367199476914081
 13
152.13587671298228
 23
-41.26773129437702
 33
-4.367199476914081
  0
3DFACE
  8
0
1001
WEBCAD
1000
E8
 10
153.03408533114634
 20
-141.23451208840356
 30
-1.7823464815852716
 11
152.13587671298228
 21
-141.23921172504942
 31
-1.979082959721616
 12
152.13587671298228
 22
-41.26773129437702
 32
-4.367199476914081
 13
152.13587671298228
 23
-41.26773129437702
 33
-4.367199476914081
  0
3DFACE
  8
0
1001
WEBCAD
1000
E8
 10
153.03408533114634
 20
-141.23451208840356
 30
-1.7823464815852716
 11
152.13587671298228
 21
-41.26773129437702
 31
-4.367199476914081
 12
153.03408533114634
 22
-41.263031657731176
 32
-4.170462998777737
 13
153.03408533114634
 23
-41.263031657731176
 33
-4.170462998777737
  0
3DFACE
  8
0
1001
WEBCAD
1000
E8
 10
153.9506502725526
 20
-141.23010752276446
 30
-1.5979622840700642
 11
153.03408533114634
 21
-141.23451208840356
 31
-1.7823464815852716
 12
153.03408533114634
 22
-41.263031657731176
 32
-4.170462998777737
 13
153.03408533114634
 23
-41.263031657731176
 33
-4.170462998777737
  0
3DFACE
  8
0
1001
WEBCAD
1000
E8
 10
153.9506502725526
 20
-141.23010752276446
 30
-1.5979622840700642
 11
153.03408533114634
 21
-41.263031657731176
 31
-4.170462998777737
 12
153.9506502725526
 22
-41.25862709209207
 32
-3.9860788012625292
 13
153.9506502725526
 23
-41.25862709209207
 33
-3.9860788012625292
  0
3DFACE
  8
0
1001
WEBCAD
1000
E8
 10
154.88523584384166
 20
-141.22599028468179
 30
-1.4256062103829237
 11
153.9506502725526
 21
-141.23010752276446
 31
-1.5979622840700642
 12
153.9506502725526
 22
-41.25862709209207
 32
-3.9860788012625292
 13
153.9506502725526
 23
-41.25862709209207
 33
-3.9860788012625292
  0
3DFACE
  8
0
1001
WEBCAD
1000
E8
 10
154.88523584384166
 20
-141.22599028468179
 30
-1.4256062103829237
 11
153.9506502725526
 21
-41.25862709209207
 31
-3.9860788012625292
 12
154.88523584384166
 22
-41.25450985400939
 32
-3.8137227275753887
 13
154.88523584384166
 23
-41.25450985400939
 33
-3.8137227275753887
  0
3DFACE
  8
0
1001
WEBCAD
1000
E8
 10
155.83753686923228
 20
-141.2221524485064
 30
-1.264946476512094
 11
154.88523584384166
 21
-141.22599028468179
 31
-1.4256062103829237
 12
154.88523584384166
 22
-41.25450985400939
 32
-3.8137227275753887
 13
154.88523584384166
 23
-41.25450985400939
 33
-3.8137227275753887
  0
3DFACE
  8
0
1001
WEBCAD
1000
E8
 10
155.83753686923228
 20
-141.2221524485064
 30
-1.264946476512094
 11
154.88523584384166
 21
-41.25450985400939
 31
-3.8137227275753887
 12
155.83753686923228
 22
-41.250672017834
 32
-3.653062993704559
 13
155.83753686923228
 23
-41.250672017834
 33
-3.653062993704559
  0
3DFACE
  8
0
1001
WEBCAD
1000
E8
 10
156.80720239657603
 20
-141.21858617968854
 30
-1.1156551120551725
 11
155.83753686923228
 21
-141.2221524485064
 31
-1.264946476512094
 12
155.83753686923228
 22
-41.250672017834
 32
-3.653062993704559
 13
155.83753686923228
 23
-41.250672017834
 33
-3.653062993704559
  0
3DFACE
  8
0
1001
WEBCAD
1000
E8
 10
156.80720239657603
 20
-141.21858617968854
 30
-1.1156551120551725
 11
155.83753686923228
 21
-41.250672017834
 31
-3.653062993704559
 12
156.80720239657603
 22
-41.24710574901615
 32
-3.5037716292476375
 13
156.80720239657603
 23
-41.24710574901615
 33
-3.5037716292476375
  0
3DFACE
  8
0
1001
WEBCAD
1000
E8
 10
157.7939119913026
 20
-141.21528355257908
 30
-0.9774003330004106
 11
156.80720239657603
 21
-141.21858617968854
 31
-1.1156551120551725
 12
156.80720239657603
 22
-41.24710574901615
 32
-3.5037716292476375
 13
156.80720239657603
 23
-41.24710574901615
 33
-3.5037716292476375
  0
3DFACE
  8
0
1001
WEBCAD
1000
E8
 10
157.7939119913026
 20
-141.21528355257908
 30
-0.9774003330004106
 11
156.80720239657603
 21
-41.24710574901615
 31
-3.5037716292476375
 12
157.7939119913026
 22
-41.24380312190671
 32
-3.3655168501928756
 13
157.7939119913026
 23
-41.24380312190671
 33
-3.3655168501928756
  0
3DFACE
  8
0
1001
WEBCAD
1000
E8
 10
157.7939119913026
 20
-141.21528355257908
 30
-0.9774003330004106
 11
157.7939119913026
 21
-41.24380312190671
 31
-3.3655168501928756
 12
158.79731470126353
 22
-41.240756210856524
 32
-3.2379668725285313
 13
158.79731470126353
 23
-41.240756210856524
 33
-3.2379668725285313
  0
3DFACE
  8
0
1001
WEBCAD
1000
E8
 10
158.79731470126353
 20
-141.2122366415289
 30
-0.8498503553360663
 11
157.7939119913026
 21
-141.21528355257908
 31
-0.9774003330004106
 12
158.79731470126353
 22
-41.240756210856524
 32
-3.2379668725285313
 13
158.79731470126353
 23
-41.240756210856524
 33
-3.2379668725285313
  0
3DFACE
  8
0
1001
WEBCAD
1000
E8
 10
159.81712060946666
 20
-141.20943770308764
 30
-0.7326810222690483
 11
158.79731470126353
 21
-141.2122366415289
 31
-0.8498503553360663
 12
158.79731470126353
 22
-41.240756210856524
 32
-3.2379668725285313
 13
158.79731470126353
 23
-41.240756210856524
 33
-3.2379668725285313
  0
3DFACE
  8
0
1001
WEBCAD
1000
E8
 10
159.81712060946666
 20
-141.20943770308764
 30
-0.7326810222690483
 11
158.79731470126353
 21
-41.240756210856524
 31
-3.2379668725285313
 12
159.81712060946666
 22
-41.23795727241528
 32
-3.1207975394615133
 13
159.81712060946666
 23
-41.23795727241528
 33
-3.1207975394615133
  0
3DFACE
  8
0
1001
WEBCAD
1000
E8
 10
160.85296350497447
 20
-141.20687862940738
 30
-0.6255529225689571
 11
159.81712060946666
 21
-141.20943770308764
 31
-0.7326810222690483
 12
159.81712060946666
 22
-41.23795727241528
 32
-3.1207975394615133
 13
159.81712060946666
 23
-41.23795727241528
 33
-3.1207975394615133
  0
3DFACE
  8
0
1001
WEBCAD
1000
E8
 10
160.85296350497447
 20
-141.20687862940738
 30
-0.6255529225689571
 11
159.81712060946666
 21
-41.23795727241528
 31
-3.1207975394615133
 12
160.85296350497447
 22
-41.23539819873499
 32
-3.013669439761422
 13
160.85296350497447
 23
-41.23539819873499
 33
-3.013669439761422
  0
3DFACE
  8
0
1001
WEBCAD
1000
E8
 10
161.90452295321666
 20
-141.20455176813715
 30
-0.5281457130520408
 11
160.85296350497447
 21
-141.20687862940738
 31
-0.6255529225689571
 12
160.85296350497447
 22
-41.23539819873499
 32
-3.013669439761422
 13
160.85296350497447
 23
-41.23539819873499
 33
-3.013669439761422
  0
3DFACE
  8
0
1001
WEBCAD
1000
E8
 10
161.90452295321666
 20
-141.20455176813715
 30
-0.5281457130520408
 11
160.85296350497447
 21
-41.23539819873499
 31
-3.013669439761422
 12
161.90452295321666
 22
-41.23307133746477
 32
-2.916262230244506
 13
161.90452295321666
 23
-41.23307133746477
 33
-2.916262230244506
  0
3DFACE
  8
0
1001
WEBCAD
1000
E8
 10
162.9714785196229
 20
-141.20244919362784
 30
-0.4401276097065576
 11
161.90452295321666
 21
-141.20455176813715
 31
-0.5281457130520408
 12
161.90452295321666
 22
-41.23307133746477
 32
-2.916262230244506
 13
161.90452295321666
 23
-41.23307133746477
 33
-2.916262230244506
  0
3DFACE
  8
0
1001
WEBCAD
1000
E8
 10
162.9714785196229
 20
-141.20244919362784
 30
-0.4401276097065576
 11
161.90452295321666
 21
-41.23307133746477
 31
-2.916262230244506
 12
162.9714785196229
 22
-41.23096876295546
 32
-2.8282441268990226
 13
162.9714785196229
 23
-41.23096876295546
 33
-2.8282441268990226
  0
3DFACE
  8
0
1001
WEBCAD
1000
E8
 10
162.9714785196229
 20
-141.20244919362784
 30
-0.4401276097065576
 11
162.9714785196229
 21
-41.23096876295546
 31
-2.8282441268990226
 12
164.05349451083384
 22
-41.22908254955792
 32
-2.7492833457132235
 13
164.05349451083384
 23
-41.22908254955792
 33
-2.7492833457132235
  0
3DFACE
  8
0
1001
WEBCAD
1000
E8
 10
164.05349451083384
 20
-141.2005629802303
 30
-0.36116682852075854
 11
162.9714785196229
 21
-141.20244919362784
 31
-0.4401276097065576
 12
164.05349451083384
 22
-41.22908254955792
 32
-2.7492833457132235
 13
164.05349451083384
 23
-41.22908254955792
 33
-2.7492833457132235
  0
3DFACE
  8
0
1001
WEBCAD
1000
E8
 10
165.1502352334901
 20
-141.1988852022954
 30
-0.29093158548289466
 11
164.05349451083384
 21
-141.2005629802303
 31
-0.36116682852075854
 12
164.05349451083384
 22
-41.22908254955792
 32
-2.7492833457132235
 13
164.05349451083384
 23
-41.22908254955792
 33
-2.7492833457132235
  0
3DFACE
  8
0
1001
WEBCAD
1000
E8
 10
165.1502352334901
 20
-141.1988852022954
 30
-0.29093158548289466
 11
164.05349451083384
 21
-41.22908254955792
 31
-2.7492833457132235
 12
165.1502352334901
 22
-41.227404771623
 32
-2.6790481026753596
 13
165.1502352334901
 23
-41.227404771623
 33
-2.6790481026753596
  0
3DFACE
  8
0
1001
WEBCAD
1000
E8
 10
166.26138025302134
 20
-141.19740802527338
 30
-0.22909391019056358
 11
165.1502352334901
 21
-141.1988852022954
 31
-0.29093158548289466
 12
165.1502352334901
 22
-41.227404771623
 32
-2.6790481026753596
 13
165.1502352334901
 23
-41.227404771623
 33
-2.6790481026753596
  0
3DFACE
  8
0
1001
WEBCAD
1000
E8
 10
166.26138025302134
 20
-141.19740802527338
 30
-0.22909391019056358
 11
165.1502352334901
 21
-41.227404771623
 31
-2.6790481026753596
 12
166.26138025302134
 22
-41.225927594600975
 32
-2.6172104273830286
 13
166.26138025302134
 23
-41.225927594600975
 33
-2.6172104273830286
  0
3DFACE
  8
0
1001
WEBCAD
1000
E8
 10
167.38659387606822
 20
-141.19612352351507
 30
-0.17532201863200925
 11
166.26138025302134
 21
-141.19740802527338
 31
-0.22909391019056358
 12
166.26138025302134
 22
-41.225927594600975
 32
-2.6172104273830286
 13
166.26138025302134
 23
-41.225927594600975
 33
-2.6172104273830286
  0
3DFACE
  8
0
1001
WEBCAD
1000
E8
 10
167.38659387606822
 20
-141.19612352351507
 30
-0.17532201863200925
 11
166.26138025302134
 21
-41.225927594600975
 31
-2.6172104273830286
 12
167.38659387606822
 22
-41.22464309284269
 32
-2.5634385358244742
 13
167.38659387606822
 23
-41.22464309284269
 33
-2.5634385358244742
  0
3DFACE
  8
0
1001
WEBCAD
1000
E8
 10
168.5255556680604
 20
-141.19502395357023
 30
-0.1292917540141616
 11
167.38659387606822
 21
-141.19612352351507
 31
-0.17532201863200925
 12
167.38659387606822
 22
-41.22464309284269
 32
-2.5634385358244742
 13
167.38659387606822
 23
-41.22464309284269
 33
-2.5634385358244742
  0
3DFACE
  8
0
1001
WEBCAD
1000
E8
 10
168.5255556680604
 20
-141.19502395357023
 30
-0.1292917540141616
 11
167.38659387606822
 21
-41.22464309284269
 31
-2.5634385358244742
 12
168.5255556680604
 22
-41.22354352289783
 32
-2.5174082712066266
 13
168.5255556680604
 23
-41.22354352289783
 33
-2.5174082712066266
  0
3DFACE
  8
0
1001
WEBCAD
1000
E8
 10
169.67791467684947
 20
-141.1941012986902
 30
-0.09066751871593226
 11
168.5255556680604
 21
-141.19502395357023
 31
-0.1292917540141616
 12
168.5255556680604
 22
-41.22354352289783
 32
-2.5174082712066266
 13
168.5255556680604
 23
-41.22354352289783
 33
-2.5174082712066266
  0
3DFACE
  8
0
1001
WEBCAD
1000
E8
 10
169.67791467684947
 20
-141.1941012986902
 30
-0.09066751871593226
 11
168.5255556680604
 21
-41.22354352289783
 31
-2.5174082712066266
 12
169.67791467684947
 22
-41.222620868017835
 32
-2.4787840359083972
 13
169.67791467684947
 23
-41.222620868017835
 33
-2.4787840359083972
  0
3DFACE
  8
0
1001
WEBCAD
1000
E8
 10
170.84336572665416
 20
-141.19334772432535
 30
-0.05912134233491173
 11
169.67791467684947
 21
-141.1941012986902
 31
-0.09066751871593226
 12
169.67791467684947
 22
-41.222620868017835
 32
-2.4787840359083972
 13
169.67791467684947
 23
-41.222620868017835
 33
-2.4787840359083972
  0
3DFACE
  8
0
1001
WEBCAD
1000
E8
 10
170.84336572665416
 20
-141.19334772432535
 30
-0.05912134233491173
 11
169.67791467684947
 21
-41.222620868017835
 31
-2.4787840359083972
 12
170.84336572665416
 22
-41.22186729365297
 32
-2.4472378595273767
 13
170.84336572665416
 23
-41.22186729365297
 33
-2.4472378595273767
  0
3DFACE
  8
0
1001
WEBCAD
1000
E8
 10
172.02155786532603
 20
-141.1927553959259
 30
-0.03432525446869761
 11
170.84336572665416
 21
-141.19334772432535
 31
-0.05912134233491173
 12
170.84336572665416
 22
-41.22186729365297
 32
-2.4472378595273767
 13
170.84336572665416
 23
-41.22186729365297
 33
-2.4472378595273767
  0
3DFACE
  8
0
1001
WEBCAD
1000
E8
 10
172.02155786532603
 20
-141.1927553959259
 30
-0.03432525446869761
 11
170.84336572665416
 21
-41.22186729365297
 31
-2.4472378595273767
 12
172.02155786532603
 22
-41.221274965253514
 32
-2.4224417716611626
 13
172.02155786532603
 23
-41.221274965253514
 33
-2.4224417716611626
  0
3DFACE
  8
0
1001
WEBCAD
1000
E8
 10
173.21217065829478
 20
-141.1923162967433
 30
-0.01594365749619442
 11
172.02155786532603
 21
-141.1927553959259
 31
-0.03432525446869761
 12
172.02155786532603
 22
-41.221274965253514
 32
-2.4224417716611626
 13
172.02155786532603
 23
-41.221274965253514
 33
-2.4224417716611626
  0
3DFACE
  8
0
1001
WEBCAD
1000
E8
 10
173.21217065829478
 20
-141.1923162967433
 30
-0.01594365749619442
 11
172.02155786532603
 21
-41.221274965253514
 31
-2.4224417716611626
 12
173.21217065829478
 22
-41.22083586607089
 32
-2.4040601746886594
 13
173.21217065829478
 23
-41.22083586607089
 33
-2.4040601746886594
  0
3DFACE
  8
0
1001
WEBCAD
1000
E8
 10
174.4148836709901
 20
-141.1920226833272
 30
-0.0036523946243391947
 11
173.21217065829478
 21
-141.1923162967433
 31
-0.01594365749619442
 12
173.21217065829478
 22
-41.22083586607089
 32
-2.4040601746886594
 13
173.21217065829478
 23
-41.22083586607089
 33
-2.4040601746886594
  0
3DFACE
  8
0
1001
WEBCAD
1000
E8
 10
174.4148836709901
 20
-141.1920226833272
 30
-0.0036523946243391947
 11
173.21217065829478
 21
-41.22083586607089
 31
-2.4040601746886594
 12
174.4148836709901
 22
-41.220542252654795
 32
-2.391768911816804
 13
174.4148836709901
 23
-41.220542252654795
 33
-2.391768911816804
  0
3DFACE
  8
0
1001
WEBCAD
1000
E8
 10
175.62934595126353
 20
-141.19186663002847
 30
0.0028803181586241067
 11
174.4148836709901
 21
-141.1920226833272
 31
-0.0036523946243391947
 12
174.4148836709901
 22
-41.220542252654795
 32
-2.391768911816804
 13
174.4148836709901
 23
-41.220542252654795
 33
-2.391768911816804
  0
3DFACE
  8
0
1001
WEBCAD
1000
E8
 10
175.62934595126353
 20
-141.19186663002847
 30
0.0028803181586241067
 11
174.4148836709901
 21
-41.220542252654795
 31
-2.391768911816804
 12
175.62934595126353
 22
-41.22038619935608
 32
-2.385236199033841
 13
175.62934595126353
 23
-41.22038619935608
 33
-2.385236199033841
  0
3DFACE
  8
0
1001
WEBCAD
1000
E8
 10
176.85523706454478
 20
-141.19184021119798
 30
0.003986264864437317
 11
175.62934595126353
 21
-141.19186663002847
 31
0.0028803181586241067
 12
175.62934595126353
 22
-41.22038619935608
 32
-2.385236199033841
 13
175.62934595126353
 23
-41.22038619935608
 33
-2.385236199033841
  0
3DFACE
  8
0
1001
WEBCAD
1000
E8
 10
176.85523706454478
 20
-141.19184021119798
 30
0.003986264864437317
 11
175.62934595126353
 21
-41.22038619935608
 31
-2.385236199033841
 12
176.85523706454478
 22
-41.22035978052559
 32
-2.3841302523280277
 13
176.85523706454478
 23
-41.22035978052559
 33
-2.3841302523280277
  0
3DFACE
  8
0
1001
WEBCAD
1000
E8
 10
176.85523706454478
 20
-141.19184021119798
 30
0.003986264864437317
 11
176.85523706454478
 21
-41.22035978052559
 31
-2.3841302523280277
 12
178.09223657626353
 22
-41.2204551616136
 32
-2.388123101296948
 13
178.09223657626353
 23
-41.2204551616136
 33
-2.388123101296948
  0
3DFACE
  8
0
1001
WEBCAD
1000
E8
 10
178.09223657626353
 20
-141.19193559228597
 30
-0.00000658410448295399
 11
176.85523706454478
 21
-141.19184021119798
 31
0.003986264864437317
 12
178.09223657626353
 22
-41.2204551616136
 32
-2.388123101296948
 13
178.09223657626353
 23
-41.2204551616136
 33
-2.388123101296948
  0
3DFACE
  8
0
1001
WEBCAD
1000
E8
 10
179.33999353427134
 20
-141.19214493874276
 30
-0.0087702583457272
 11
178.09223657626353
 21
-141.19193559228597
 31
-0.00000658410448295399
 12
178.09223657626353
 22
-41.2204551616136
 32
-2.388123101296948
 13
178.09223657626353
 23
-41.2204551616136
 33
-2.388123101296948
  0
3DFACE
  8
0
1001
WEBCAD
1000
E8
 10
179.33999353427134
 20
-141.19214493874276
 30
-0.0087702583457272
 11
178.09223657626353
 21
-41.2204551616136
 31
-2.388123101296948
 12
179.33999353427134
 22
-41.22066450807037
 32
-2.396886775538192
 13
179.33999353427134
 23
-41.22066450807037
 33
-2.396886775538192
  0
3DFACE
  8
0
1001
WEBCAD
1000
E8
 10
180.59820276278697
 20
-141.19246032491915
 30
-0.021972973847546484
 11
179.33999353427134
 21
-141.19214493874276
 31
-0.0087702583457272
 12
179.33999353427134
 22
-41.22066450807037
 32
-2.396886775538192
 13
179.33999353427134
 23
-41.22066450807037
 33
-2.396886775538192
  0
3DFACE
  8
0
1001
WEBCAD
1000
E8
 10
180.59820276278697
 20
-141.19246032491915
 30
-0.021972973847546484
 11
179.33999353427134
 21
-41.22066450807037
 31
-2.396886775538192
 12
180.59820276278697
 22
-41.22097989424677
 32
-2.4100894910400115
 13
180.59820276278697
 23
-41.22097989424677
 33
-2.4100894910400115
  0
3DFACE
  8
0
1001
WEBCAD
1000
E8
 10
181.86651330966197
 20
-141.19287382516603
 30
-0.03928294659820608
 11
180.59820276278697
 21
-141.19246032491915
 31
-0.021972973847546484
 12
180.59820276278697
 22
-41.22097989424677
 32
-2.4100894910400115
 13
180.59820276278697
 23
-41.22097989424677
 33
-2.4100894910400115
  0
3DFACE
  8
0
1001
WEBCAD
1000
E8
 10
181.86651330966197
 20
-141.19287382516603
 30
-0.03928294659820608
 11
180.59820276278697
 21
-41.22097989424677
 31
-2.4100894910400115
 12
181.86651330966197
 22
-41.22139339449364
 32
-2.427399463790671
 13
181.86651330966197
 23
-41.22139339449364
 33
-2.427399463790671
  0
3DFACE
  8
0
1001
WEBCAD
1000
E8
 10
183.1446199991151
 20
-141.19337760493363
 30
-0.060372206195282274
 11
181.86651330966197
 21
-141.19287382516603
 31
-0.03928294659820608
 12
181.86651330966197
 22
-41.22139339449364
 32
-2.427399463790671
 13
181.86651330966197
 23
-41.22139339449364
 33
-2.427399463790671
  0
3DFACE
  8
0
1001
WEBCAD
1000
E8
 10
183.1446199991151
 20
-141.19337760493363
 30
-0.060372206195282274
 11
181.86651330966197
 21
-41.22139339449364
 31
-2.427399463790671
 12
183.1446199991151
 22
-41.22189717426125
 32
-2.4484887233877473
 13
183.1446199991151
 23
-41.22189717426125
 33
-2.4484887233877473
  0
3DFACE
  8
0
1001
WEBCAD
1000
E8
 10
184.43215662020884
 20
-141.19396373857285
 30
-0.08490896862703323
 11
183.1446199991151
 21
-141.19337760493363
 31
-0.060372206195282274
 12
183.1446199991151
 22
-41.22189717426125
 32
-2.4484887233877473
 13
183.1446199991151
 23
-41.22189717426125
 33
-2.4484887233877473
  0
3DFACE
  8
0
1001
WEBCAD
1000
E8
 10
184.43215662020884
 20
-141.19396373857285
 30
-0.08490896862703323
 11
183.1446199991151
 21
-41.22189717426125
 31
-2.4484887233877473
 12
184.43215662020884
 22
-41.222483307900454
 32
-2.473025485819498
 13
184.43215662020884
 23
-41.222483307900454
 33
-2.473025485819498
  0
3DFACE
  8
0
1001
WEBCAD
1000
E8
 10
184.43215662020884
 20
-141.19396373857285
 30
-0.08490896862703323
 11
184.43215662020884
 21
-41.222483307900454
 31
-2.473025485819498
 12
185.72883325595103
 22
-41.22314396086153
 32
-2.5006817806835144
 13
185.72883325595103
 23
-41.22314396086153
 33
-2.5006817806835144
  0
3DFACE
  8
0
1001
WEBCAD
1000
E8
 10
185.72883325595103
 20
-141.19462439153392
 30
-0.11256526349104945
 11
184.43215662020884
 21
-141.19396373857285
 31
-0.08490896862703323
 12
185.72883325595103
 22
-41.22314396086153
 32
-2.5006817806835144
 13
185.72883325595103
 23
-41.22314396086153
 33
-2.5006817806835144
  0
3DFACE
  8
0
1001
WEBCAD
1000
E8
 10
187.03428369540416
 20
-141.19535172926712
 30
-0.14301312038491432
 11
185.72883325595103
 21
-141.19462439153392
 31
-0.11256526349104945
 12
185.72883325595103
 22
-41.22314396086153
 32
-2.5006817806835144
 13
185.72883325595103
 23
-41.22314396086153
 33
-2.5006817806835144
  0
3DFACE
  8
0
1001
WEBCAD
1000
E8
 10
187.03428369540416
 20
-141.19535172926712
 30
-0.14301312038491432
 11
185.72883325595103
 21
-41.22314396086153
 31
-2.5006817806835144
 12
187.03428369540416
 22
-41.22387129859473
 32
-2.5311296375773793
 13
187.03428369540416
 23
-41.22387129859473
 33
-2.5311296375773793
  0
3DFACE
  8
0
1001
WEBCAD
1000
E8
 10
188.34820276278697
 20
-141.19613773502388
 30
-0.17591694168755367
 11
187.03428369540416
 21
-141.19535172926712
 31
-0.14301312038491432
 12
187.03428369540416
 22
-41.22387129859473
 32
-2.5311296375773793
 13
187.03428369540416
 23
-41.22387129859473
 33
-2.5311296375773793
  0
3DFACE
  8
0
1001
WEBCAD
1000
E8
 10
188.34820276278697
 20
-141.19613773502388
 30
-0.17591694168755367
 11
187.03428369540416
 21
-41.22387129859473
 31
-2.5311296375773793
 12
188.34820276278697
 22
-41.2246573043515
 32
-2.5640334588800187
 13
188.34820276278697
 23
-41.2246573043515
 33
-2.5640334588800187
  0
3DFACE
  8
0
1001
WEBCAD
1000
E8
 10
189.67023950595103
 20
-141.19697466535393
 30
-0.21095257060587613
 11
188.34820276278697
 21
-141.19613773502388
 31
-0.17591694168755367
 12
188.34820276278697
 22
-41.2246573043515
 32
-2.5640334588800187
 13
188.34820276278697
 23
-41.2246573043515
 33
-2.5640334588800187
  0
3DFACE
  8
0
1001
WEBCAD
1000
E8
 10
189.67023950595103
 20
-141.19697466535393
 30
-0.21095257060587613
 11
188.34820276278697
 21
-41.2246573043515
 31
-2.5640334588800187
 12
189.67023950595103
 22
-41.22549423468153
 32
-2.599069087798341
 13
189.67023950595103
 23
-41.22549423468153
 33
-2.599069087798341
  0
3DFACE
  8
0
1001
WEBCAD
1000
E8
 10
191.0000887491151
 20
-141.19785459460803
 30
-0.24778822312815407
 11
189.67023950595103
 21
-141.19697466535393
 31
-0.21095257060587613
 12
189.67023950595103
 22
-41.22549423468153
 32
-2.599069087798341
 13
189.67023950595103
 23
-41.22549423468153
 33
-2.599069087798341
  0
3DFACE
  8
0
1001
WEBCAD
1000
E8
 10
191.0000887491151
 20
-141.19785459460803
 30
-0.24778822312815407
 11
189.67023950595103
 21
-41.22549423468153
 31
-2.599069087798341
 12
191.0000887491151
 22
-41.22637416393566
 32
-2.635904740320619
 13
191.0000887491151
 23
-41.22637416393566
 33
-2.635904740320619
  0
3DFACE
  8
0
1001
WEBCAD
1000
E8
 10
192.33739954013072
 20
-141.19876959713713
 30
-0.28609211524262435
 11
191.0000887491151
 21
-141.19785459460803
 31
-0.24778822312815407
 12
191.0000887491151
 22
-41.22637416393566
 32
-2.635904740320619
 13
191.0000887491151
 23
-41.22637416393566
 33
-2.635904740320619
  0
3DFACE
  8
0
1001
WEBCAD
1000
E8
 10
192.33739954013072
 20
-141.19876959713713
 30
-0.28609211524262435
 11
191.0000887491151
 21
-41.22637416393566
 31
-2.635904740320619
 12
192.33739954013072
 22
-41.22728916646476
 32
-2.6742086324350893
 13
192.33739954013072
 23
-41.22728916646476
 33
-2.6742086324350893
  0
3DFACE
  8
0
1001
WEBCAD
1000
E8
 10
193.6818514444276
 20
-141.19971183839147
 30
-0.32553627654688455
 11
192.33739954013072
 21
-141.19876959713713
 31
-0.28609211524262435
 12
192.33739954013072
 22
-41.22728916646476
 32
-2.6742086324350893
 13
192.33739954013072
 23
-41.22728916646476
 33
-2.6742086324350893
  0
3DFACE
  8
0
1001
WEBCAD
1000
E8
 10
193.6818514444276
 20
-141.19971183839147
 30
-0.32553627654688455
 11
192.33739954013072
 21
-41.22728916646476
 31
-2.6742086324350893
 12
193.6818514444276
 22
-41.22823140771908
 32
-2.7136527937393495
 13
193.6818514444276
 23
-41.22823140771908
 33
-2.7136527937393495
  0
3DFACE
  8
0
1001
WEBCAD
1000
E8
 10
195.0331240274354
 20
-141.20067339272185
 30
-0.36578892302919286
 11
193.6818514444276
 21
-141.19971183839147
 31
-0.32553627654688455
 12
193.6818514444276
 22
-41.22823140771908
 32
-2.7136527937393495
 13
193.6818514444276
 23
-41.22823140771908
 33
-2.7136527937393495
  0
3DFACE
  8
0
1001
WEBCAD
1000
E8
 10
195.0331240274354
 20
-141.20067339272185
 30
-0.36578892302919286
 11
193.6818514444276
 21
-41.22823140771908
 31
-2.7136527937393495
 12
195.0331240274354
 22
-41.22919296204948
 32
-2.753905440221658
 13
195.0331240274354
 23
-41.22919296204948
 33
-2.753905440221658
  0
3DFACE
  8
0
1001
WEBCAD
1000
E8
 10
196.39086633700572
 20
-141.20164642557864
 30
-0.40652208428712555
 11
195.0331240274354
 21
-141.20067339272185
 31
-0.36578892302919286
 12
195.0331240274354
 22
-41.22919296204948
 32
-2.753905440221658
 13
195.0331240274354
 23
-41.22919296204948
 33
-2.753905440221658
  0
3DFACE
  8
0
1001
WEBCAD
1000
E8
 10
196.39086633700572
 20
-141.20164642557864
 30
-0.40652208428712555
 11
195.0331240274354
 21
-41.22919296204948
 31
-2.753905440221658
 12
196.39086633700572
 22
-41.23016599490624
 32
-2.7946386014795905
 13
196.39086633700572
 23
-41.23016599490624
 33
-2.7946386014795905
  0
3DFACE
  8
0
1001
WEBCAD
1000
E8
 10
197.75475793856822
 20
-141.2026230113126
 30
-0.4474039763089479
 11
196.39086633700572
 21
-141.20164642557864
 31
-0.40652208428712555
 12
196.39086633700572
 22
-41.23016599490624
 32
-2.7946386014795905
 13
196.39086633700572
 23
-41.23016599490624
 33
-2.7946386014795905
  0
3DFACE
  8
0
1001
WEBCAD
1000
E8
 10
197.75475793856822
 20
-141.2026230113126
 30
-0.4474039763089479
 11
196.39086633700572
 21
-41.23016599490624
 31
-2.7946386014795905
 12
197.75475793856822
 22
-41.231142580640196
 32
-2.835520493501413
 13
197.75475793856822
 23
-41.231142580640196
 33
-2.835520493501413
  0
3DFACE
  8
0
1001
WEBCAD
1000
E8
 10
199.1244783975526
 20
-141.20359540647343
 30
-0.4881104423015685
 11
197.75475793856822
 21
-141.2026230113126
 31
-0.4474039763089479
 12
197.75475793856822
 22
-41.231142580640196
 32
-2.835520493501413
 13
197.75475793856822
 23
-41.231142580640196
 33
-2.835520493501413
  0
3DFACE
  8
0
1001
WEBCAD
1000
E8
 10
199.1244783975526
 20
-141.20359540647343
 30
-0.4881104423015685
 11
197.75475793856822
 21
-41.231142580640196
 31
-2.835520493501413
 12
199.1244783975526
 22
-41.232114975801046
 32
-2.8762269594940335
 13
199.1244783975526
 23
-41.232114975801046
 33
-2.8762269594940335
  0
3DFACE
  8
0
1001
WEBCAD
1000
E8
 10
199.1244783975526
 20
-141.20359540647343
 30
-0.4881104423015685
 11
199.1244783975526
 21
-41.232114975801046
 31
-2.8762269594940335
 12
200.4996767618104
 22
-41.23307507254081
 32
-2.916418588227053
 13
200.4996767618104
 23
-41.23307507254081
 33
-2.916418588227053
  0
3DFACE
  8
0
1001
WEBCAD
1000
E8
 10
200.4996767618104
 20
-141.2045555032132
 30
-0.528302071034588
 11
199.1244783975526
 21
-141.20359540647343
 31
-0.4881104423015685
 12
200.4996767618104
 22
-41.23307507254081
 32
-2.916418588227053
 13
200.4996767618104
 23
-41.23307507254081
 33
-2.916418588227053
  0
3DFACE
  8
0
1001
WEBCAD
1000
E8
 10
201.8800478555604
 20
-141.20549555808154
 30
-0.5676547057149222
 11
200.4996767618104
 21
-141.2045555032132
 31
-0.528302071034588
 12
200.4996767618104
 22
-41.23307507254081
 32
-2.916418588227053
 13
200.4996767618104
 23
-41.23307507254081
 33
-2.916418588227053
  0
3DFACE
  8
0
1001
WEBCAD
1000
E8
 10
201.8800478555604
 20
-141.20549555808154
 30
-0.5676547057149222
 11
200.4996767618104
 21
-41.23307507254081
 31
-2.916418588227053
 12
201.8800478555604
 22
-41.23401512740915
 32
-2.955771222907387
 13
201.8800478555604
 23
-41.23401512740915
 33
-2.955771222907387
  0
3DFACE
  8
0
1001
WEBCAD
1000
E8
 10
201.8800478555604
 20
-141.20549555808154
 30
-0.5676547057149222
 11
201.8800478555604
 21
-41.23401512740915
 31
-2.955771222907387
 12
203.26524072665416
 22
-41.23492730585637
 32
-2.9939568931326193
 13
203.26524072665416
 23
-41.23492730585637
 33
-2.9939568931326193
  0
3DFACE
  8
0
1001
WEBCAD
1000
E8
 10
203.26524072665416
 20
-141.20640773652877
 30
-0.6058403759401543
 11
201.8800478555604
 21
-141.20549555808154
 31
-0.5676547057149222
 12
203.26524072665416
 22
-41.23492730585637
 32
-2.9939568931326193
 13
203.26524072665416
 23
-41.23492730585637
 33
-2.9939568931326193
  0
3DFACE
  8
0
1001
WEBCAD
1000
E8
 10
204.65493494052134
 20
-141.2072840218063
 30
-0.6425234840892102
 11
203.26524072665416
 21
-141.20640773652877
 31
-0.6058403759401543
 12
203.26524072665416
 22
-41.23492730585637
 32
-2.9939568931326193
 13
203.26524072665416
 23
-41.23492730585637
 33
-2.9939568931326193
  0
3DFACE
  8
0
1001
WEBCAD
1000
E8
 10
204.65493494052134
 20
-141.2072840218063
 30
-0.6425234840892102
 11
203.26524072665416
 21
-41.23492730585637
 31
-2.9939568931326193
 12
204.65493494052134
 22
-41.23580359113388
 32
-3.030640001281675
 13
204.65493494052134
 23
-41.23580359113388
 33
-3.030640001281675
  0
3DFACE
  8
0
1001
WEBCAD
1000
E8
 10
206.0487948038026
 20
-141.20811667046377
 30
-0.6773798733690128
 11
204.65493494052134
 21
-141.2072840218063
 31
-0.6425234840892102
 12
204.65493494052134
 22
-41.23580359113388
 32
-3.030640001281675
 13
204.65493494052134
 23
-41.23580359113388
 33
-3.030640001281675
  0
3DFACE
  8
0
1001
WEBCAD
1000
E8
 10
206.0487948038026
 20
-141.20811667046377
 30
-0.6773798733690128
 11
204.65493494052134
 21
-41.23580359113388
 31
-3.030640001281675
 12
206.0487948038026
 22
-41.23663623979138
 32
-3.065496390561478
 13
206.0487948038026
 23
-41.23663623979138
 33
-3.065496390561478
  0
3DFACE
  8
0
1001
WEBCAD
1000
E8
 10
207.4464998819276
 20
-141.2088976657527
 30
-0.7100739461584737
 11
206.0487948038026
 21
-141.20811667046377
 31
-0.6773798733690128
 12
206.0487948038026
 22
-41.23663623979138
 32
-3.065496390561478
 13
206.0487948038026
 23
-41.23663623979138
 33
-3.065496390561478
  0
3DFACE
  8
0
1001
WEBCAD
1000
E8
 10
207.4464998819276
 20
-141.2088976657527
 30
-0.7100739461584737
 11
206.0487948038026
 21
-41.23663623979138
 31
-3.065496390561478
 12
207.4464998819276
 22
-41.2374172350803
 32
-3.0981904633509387
 13
207.4464998819276
 23
-41.2374172350803
 33
-3.0981904633509387
  0
3DFACE
  8
0
1001
WEBCAD
1000
E8
 10
208.84771448153697
 20
-141.20961926422274
 30
-0.7402815456645229
 11
207.4464998819276
 21
-141.2088976657527
 31
-0.7100739461584737
 12
207.4464998819276
 22
-41.2374172350803
 32
-3.0981904633509387
 13
207.4464998819276
 23
-41.2374172350803
 33
-3.0981904633509387
  0
3DFACE
  8
0
1001
WEBCAD
1000
E8
 10
208.84771448153697
 20
-141.20961926422274
 30
-0.7402815456645229
 11
207.4464998819276
 21
-41.2374172350803
 31
-3.0981904633509387
 12
208.84771448153697
 22
-41.23813883355033
 32
-3.128398062856988
 13
208.84771448153697
 23
-41.23813883355033
 33
-3.128398062856988
  0
3DFACE
  8
0
1001
WEBCAD
1000
E8
 10
210.2521181680604
 20
-141.2102735402247
 30
-0.7676708878754113
 11
208.84771448153697
 21
-141.20961926422274
 31
-0.7402815456645229
 12
208.84771448153697
 22
-41.23813883355033
 32
-3.128398062856988
 13
208.84771448153697
 23
-41.23813883355033
 33
-3.128398062856988
  0
3DFACE
  8
0
1001
WEBCAD
1000
E8
 10
210.2521181680604
 20
-141.2102735402247
 30
-0.7676708878754113
 11
208.84771448153697
 21
-41.23813883355033
 31
-3.128398062856988
 12
210.2521181680604
 22
-41.23879310955232
 32
-3.1557874050678763
 13
210.2521181680604
 23
-41.23879310955232
 33
-3.1557874050678763
  0
3DFACE
  8
0
1001
WEBCAD
1000
E8
 10
211.65935998934947
 20
-141.2108524770101
 30
-0.7919063751700648
 11
210.2521181680604
 21
-141.2102735402247
 31
-0.7676708878754113
 12
210.2521181680604
 22
-41.23879310955232
 32
-3.1557874050678763
 13
210.2521181680604
 23
-41.23879310955232
 33
-3.1557874050678763
  0
3DFACE
  8
0
1001
WEBCAD
1000
E8
 10
211.65935998934947
 20
-141.2108524770101
 30
-0.7919063751700648
 11
210.2521181680604
 21
-41.23879310955232
 31
-3.1557874050678763
 12
211.65935998934947
 22
-41.2393720463377
 32
-3.1800228923625298
 13
211.65935998934947
 23
-41.2393720463377
 33
-3.1800228923625298
  0
3DFACE
  8
0
1001
WEBCAD
1000
E8
 10
213.06911951083384
 20
-141.21134842222796
 30
-0.8126676643647244
 11
211.65935998934947
 21
-141.2108524770101
 31
-0.7919063751700648
 12
211.65935998934947
 22
-41.2393720463377
 32
-3.1800228923625298
 13
211.65935998934947
 23
-41.2393720463377
 33
-3.1800228923625298
  0
3DFACE
  8
0
1001
WEBCAD
1000
E8
 10
213.06911951083384
 20
-141.21134842222796
 30
-0.8126676643647244
 11
211.65935998934947
 21
-41.2393720463377
 31
-3.1800228923625298
 12
213.06911951083384
 22
-41.23986799155558
 32
-3.2007841815571894
 13
213.06911951083384
 23
-41.23986799155558
 33
-3.2007841815571894
  0
3DFACE
  8
0
1001
WEBCAD
1000
E8
 10
214.48107629794322
 20
-141.21175326803035
 30
-0.8296153442289977
 11
213.06911951083384
 21
-141.21134842222796
 31
-0.8126676643647244
 12
213.06911951083384
 22
-41.23986799155558
 32
-3.2007841815571894
 13
213.06911951083384
 23
-41.23986799155558
 33
-3.2007841815571894
  0
3DFACE
  8
0
1001
WEBCAD
1000
E8
 10
214.48107629794322
 20
-141.21175326803035
 30
-0.8296153442289977
 11
213.06911951083384
 21
-41.23986799155558
 31
-3.2007841815571894
 12
214.48107629794322
 22
-41.24027283735798
 32
-3.2177318614214627
 13
214.48107629794322
 23
-41.24027283735798
 33
-3.2177318614214627
  0
3DFACE
  8
0
1001
WEBCAD
1000
E8
 10
215.89489465731822
 20
-141.21205936206638
 30
-0.8424290715791187
 11
214.48107629794322
 21
-141.21175326803035
 31
-0.8296153442289977
 12
214.48107629794322
 22
-41.24027283735798
 32
-3.2177318614214627
 13
214.48107629794322
 23
-41.24027283735798
 33
-3.2177318614214627
  0
3DFACE
  8
0
1001
WEBCAD
1000
E8
 10
215.89489465731822
 20
-141.21205936206638
 30
-0.8424290715791187
 11
214.48107629794322
 21
-41.24027283735798
 31
-3.2177318614214627
 12
215.89489465731822
 22
-41.240578931394
 32
-3.2305455887715837
 13
215.89489465731822
 23
-41.240578931394
 33
-3.2305455887715837
  0
3DFACE
  8
0
1001
WEBCAD
1000
E8
 10
215.89489465731822
 20
-141.21205936206638
 30
-0.8424290715791187
 11
215.89489465731822
 21
-41.240578931394
 31
-3.2305455887715837
 12
217.31023889559947
 22
-41.240778165815655
 32
-3.238885952377153
 13
217.31023889559947
 23
-41.240778165815655
 33
-3.238885952377153
  0
3DFACE
  8
0
1001
WEBCAD
1000
E8
 10
217.31023889559947
 20
-141.21225859648803
 30
-0.850769435184688
 11
215.89489465731822
 21
-141.21205936206638
 31
-0.8424290715791187
 12
217.31023889559947
 22
-41.240778165815655
 32
-3.238885952377153
 13
217.31023889559947
 23
-41.240778165815655
 33
-3.238885952377153
  0
3DFACE
  8
0
1001
WEBCAD
1000
E8
 10
218.72678857821666
 20
-141.21234331894442
 30
-0.8543160918619535
 11
217.31023889559947
 21
-141.21225859648803
 31
-0.850769435184688
 12
217.31023889559947
 22
-41.240778165815655
 32
-3.238885952377153
 13
217.31023889559947
 23
-41.240778165815655
 33
-3.238885952377153
  0
3DFACE
  8
0
1001
WEBCAD
1000
E8
 10
218.72678857821666
 20
-141.21234331894442
 30
-0.8543160918619535
 11
217.31023889559947
 21
-41.240778165815655
 31
-3.238885952377153
 12
218.72678857821666
 22
-41.240862888272055
 32
-3.2424326090544184
 13
218.72678857821666
 23
-41.240862888272055
 33
-3.2424326090544184
  0
3DFACE
  8
0
1001
WEBCAD
1000
E8
 10
220.1442080118104
 20
-141.2123054215876
 30
-0.8527296303805088
 11
218.72678857821666
 21
-141.21234331894442
 31
-0.8543160918619535
 12
218.72678857821666
 22
-41.240862888272055
 32
-3.2424326090544184
 13
218.72678857821666
 23
-41.240862888272055
 33
-3.2424326090544184
  0
3DFACE
  8
0
1001
WEBCAD
1000
E8
 10
220.1442080118104
 20
-141.2123054215876
 30
-0.8527296303805088
 11
218.72678857821666
 21
-41.240862888272055
 31
-3.2424326090544184
 12
220.1442080118104
 22
-41.240824990915215
 32
-3.2408461475729737
 13
220.1442080118104
 23
-41.240824990915215
 33
-3.2408461475729737
  0
3DFACE
  8
0
1001
WEBCAD
1000
E8
 10
221.56216150302134
 20
-141.2121371609672
 30
-0.8456858939472767
 11
220.1442080118104
 21
-141.2123054215876
 31
-0.8527296303805088
 12
220.1442080118104
 22
-41.240824990915215
 32
-3.2408461475729737
 13
220.1442080118104
 23
-41.240824990915215
 33
-3.2408461475729737
  0
3DFACE
  8
0
1001
WEBCAD
1000
E8
 10
221.56216150302134
 20
-141.2121371609672
 30
-0.8456858939472767
 11
220.1442080118104
 21
-41.240824990915215
 31
-3.2408461475729737
 12
221.56216150302134
 22
-41.240656730294816
 32
-3.2338024111397417
 13
221.56216150302134
 23
-41.240656730294816
 33
-3.2338024111397417
  0
3DFACE
  8
0
1001
WEBCAD
1000
E8
 10
222.9803133584901
 20
-141.21183070253352
 30
-0.8328569121598264
 11
221.56216150302134
 21
-141.2121371609672
 31
-0.8456858939472767
 12
221.56216150302134
 22
-41.240656730294816
 32
-3.2338024111397417
 13
221.56216150302134
 23
-41.240656730294816
 33
-3.2338024111397417
  0
3DFACE
  8
0
1001
WEBCAD
1000
E8
 10
222.9803133584901
 20
-141.21183070253352
 30
-0.8328569121598264
 11
221.56216150302134
 21
-41.240656730294816
 31
-3.2338024111397417
 12
222.9803133584901
 22
-41.24035027186114
 32
-3.2209734293522914
 13
222.9803133584901
 23
-41.24035027186114
 33
-3.2209734293522914
  0
3DFACE
  8
0
1001
WEBCAD
1000
E8
 10
222.9803133584901
 20
-141.21183070253352
 30
-0.8328569121598264
 11
222.9803133584901
 21
-41.24035027186114
 31
-3.2209734293522914
 12
224.3983584024354
 22
-41.23989759886561
 32
-3.20202360458957
 13
224.3983584024354
 23
-41.23989759886561
 33
-3.20202360458957
  0
3DFACE
  8
0
1001
WEBCAD
1000
E8
 10
224.3983584024354
 20
-141.211378029538
 30
-0.813907087397105
 11
222.9803133584901
 21
-141.21183070253352
 31
-0.8328569121598264
 12
224.3983584024354
 22
-41.23989759886561
 32
-3.20202360458957
 13
224.3983584024354
 23
-41.23989759886561
 33
-3.20202360458957
  0
3DFACE
  8
0
1001
WEBCAD
1000
E8
 10
225.8159609414979
 20
-141.2107713074309
 30
-0.7885084492566818
 11
224.3983584024354
 21
-141.211378029538
 31
-0.813907087397105
 12
224.3983584024354
 22
-41.23989759886561
 32
-3.20202360458957
 13
224.3983584024354
 23
-41.23989759886561
 33
-3.20202360458957
  0
3DFACE
  8
0
1001
WEBCAD
1000
E8
 10
225.8159609414979
 20
-141.2107713074309
 30
-0.7885084492566818
 11
224.3983584024354
 21
-41.23989759886561
 31
-3.20202360458957
 12
225.8159609414979
 22
-41.23929087675851
 32
-3.176624966449147
 13
225.8159609414979
 23
-41.23929087675851
 33
-3.176624966449147
  0
3DFACE
  8
0
1001
WEBCAD
1000
E8
 10
227.23277002352916
 20
-141.21000270166246
 30
-0.7563330273361473
 11
225.8159609414979
 21
-141.2107713074309
 31
-0.7885084492566818
 12
225.8159609414979
 22
-41.23929087675851
 32
-3.176624966449147
 13
225.8159609414979
 23
-41.23929087675851
 33
-3.176624966449147
  0
3DFACE
  8
0
1001
WEBCAD
1000
E8
 10
227.23277002352916
 20
-141.21000270166246
 30
-0.7563330273361473
 11
225.8159609414979
 21
-41.23929087675851
 31
-3.176624966449147
 12
227.23277002352916
 22
-41.23852227099009
 32
-3.1444495445286123
 13
227.23277002352916
 23
-41.23852227099009
 33
-3.1444495445286123
  0
3DFACE
  8
0
1001
WEBCAD
1000
E8
 10
228.6484804727479
 20
-141.2090642865836
 30
-0.7170490376237666
 11
227.23277002352916
 21
-141.21000270166246
 31
-0.7563330273361473
 12
227.23277002352916
 22
-41.23852227099009
 32
-3.1444495445286123
 13
227.23277002352916
 23
-41.23852227099009
 33
-3.1444495445286123
  0
3DFACE
  8
0
1001
WEBCAD
1000
E8
 10
228.6484804727479
 20
-141.2090642865836
 30
-0.7170490376237666
 11
227.23277002352916
 21
-41.23852227099009
 31
-3.1444495445286123
 12
228.6484804727479
 22
-41.23758385591122
 32
-3.1051655548162316
 13
228.6484804727479
 23
-41.23758385591122
 33
-3.1051655548162316
  0
3DFACE
  8
0
1001
WEBCAD
1000
E8
 10
228.6484804727479
 20
-141.2090642865836
 30
-0.7170490376237666
 11
228.6484804727479
 21
-41.23758385591122
 31
-3.1051655548162316
 12
230.06274133700572
 22
-41.23646779697216
 32
-3.058445026909574
 13
230.06274133700572
 23
-41.23646779697216
 33
-3.058445026909574
  0
3DFACE
  8
0
1001
WEBCAD
1000
E8
 10
230.06274133700572
 20
-141.20794822764455
 30
-0.670328509717109
 11
228.6484804727479
 21
-141.2090642865836
 31
-0.7170490376237666
 12
230.06274133700572
 22
-41.23646779697216
 32
-3.058445026909574
 13
230.06274133700572
 23
-41.23646779697216
 33
-3.058445026909574
  0
3DFACE
  8
0
1001
WEBCAD
1000
E8
 10
231.47524744052134
 20
-141.20664650809672
 30
-0.6158358459951145
 11
230.06274133700572
 21
-141.20794822764455
 31
-0.670328509717109
 12
230.06274133700572
 22
-41.23646779697216
 32
-3.058445026909574
 13
230.06274133700572
 23
-41.23646779697216
 33
-3.058445026909574
  0
3DFACE
  8
0
1001
WEBCAD
1000
E8
 10
231.47524744052134
 20
-141.20664650809672
 30
-0.6158358459951145
 11
230.06274133700572
 21
-41.23646779697216
 31
-3.058445026909574
 12
231.47524744052134
 22
-41.235166077424346
 32
-3.0039523631875795
 13
231.47524744052134
 23
-41.235166077424346
 33
-3.0039523631875795
  0
3DFACE
  8
0
1001
WEBCAD
1000
E8
 10
232.88563257235728
 20
-141.20515147558928
 30
-0.5532507032740241
 11
231.47524744052134
 21
-141.20664650809672
 31
-0.6158358459951145
 12
231.47524744052134
 22
-41.235166077424346
 32
-3.0039523631875795
 13
231.47524744052134
 23
-41.235166077424346
 33
-3.0039523631875795
  0
3DFACE
  8
0
1001
WEBCAD
1000
E8
 10
232.88563257235728
 20
-141.20515147558928
 30
-0.5532507032740241
 11
231.47524744052134
 21
-41.235166077424346
 31
-3.0039523631875795
 12
232.88563257235728
 22
-41.23367104491688
 32
-2.941367220466489
 13
232.88563257235728
 23
-41.23367104491688
 33
-2.941367220466489
  0
3DFACE
  8
0
1001
WEBCAD
1000
E8
 10
234.29360681552134
 20
-141.2034551133736
 30
-0.48223748393276367
 11
232.88563257235728
 21
-141.20515147558928
 31
-0.5532507032740241
 12
232.88563257235728
 22
-41.23367104491688
 32
-2.941367220466489
 13
232.88563257235728
 23
-41.23367104491688
 33
-2.941367220466489
  0
3DFACE
  8
0
1001
WEBCAD
1000
E8
 10
234.29360681552134
 20
-141.2034551133736
 30
-0.48223748393276367
 11
232.88563257235728
 21
-41.23367104491688
 31
-2.941367220466489
 12
234.29360681552134
 22
-41.23197468270121
 32
-2.8703540011252286
 13
234.29360681552134
 23
-41.23197468270121
 33
-2.8703540011252286
  0
3DFACE
  8
0
1001
WEBCAD
1000
E8
 10
235.69880395907603
 20
-141.20154949580055
 30
-0.40246440395959127
 11
234.29360681552134
 21
-141.2034551133736
 31
-0.48223748393276367
 12
234.29360681552134
 22
-41.23197468270121
 32
-2.8703540011252286
 13
234.29360681552134
 23
-41.23197468270121
 33
-2.8703540011252286
  0
3DFACE
  8
0
1001
WEBCAD
1000
E8
 10
235.69880395907603
 20
-141.20154949580055
 30
-0.40246440395959127
 11
234.29360681552134
 21
-41.23197468270121
 31
-2.8703540011252286
 12
235.69880395907603
 22
-41.23006906512817
 32
-2.7905809211520562
 13
235.69880395907603
 23
-41.23006906512817
 33
-2.7905809211520562
  0
3DFACE
  8
0
1001
WEBCAD
1000
E8
 10
237.1009188272401
 20
-141.1994267883204
 30
-0.31360349295208323
 11
235.69880395907603
 21
-141.20154949580055
 31
-0.40246440395959127
 12
235.69880395907603
 22
-41.23006906512817
 32
-2.7905809211520562
 13
235.69880395907603
 23
-41.23006906512817
 33
-2.7905809211520562
  0
3DFACE
  8
0
1001
WEBCAD
1000
E8
 10
237.1009188272401
 20
-141.1994267883204
 30
-0.31360349295208323
 11
235.69880395907603
 21
-41.23006906512817
 31
-2.7905809211520562
 12
237.1009188272401
 22
-41.22794635764804
 32
-2.701720010144548
 13
237.1009188272401
 23
-41.22794635764804
 33
-2.701720010144548
  0
3DFACE
  8
0
1001
WEBCAD
1000
E8
 10
238.49961572665416
 20
-141.19707915638347
 30
-0.21532678050783716
 11
237.1009188272401
 21
-141.1994267883204
 31
-0.31360349295208323
 12
237.1009188272401
 22
-41.22794635764804
 32
-2.701720010144548
 13
237.1009188272401
 23
-41.22794635764804
 33
-2.701720010144548
  0
3DFACE
  8
0
1001
WEBCAD
1000
E8
 10
238.49961572665416
 20
-141.19707915638347
 30
-0.21532678050783716
 11
237.1009188272401
 21
-41.22794635764804
 31
-2.701720010144548
 12
238.49961572665416
 22
-41.22559872571109
 32
-2.603443297700302
 13
238.49961572665416
 23
-41.22559872571109
 33
-2.603443297700302
  0
3DFACE
  8
0
1001
WEBCAD
1000
E8
 10
239.89455896395884
 20
-141.19449867434054
 30
-0.10730248261511122
 11
238.49961572665416
 21
-141.19707915638347
 31
-0.21532678050783716
 12
238.49961572665416
 22
-41.22559872571109
 32
-2.603443297700302
 13
238.49961572665416
 23
-41.22559872571109
 33
-2.603443297700302
  0
3DFACE
  8
0
1001
WEBCAD
1000
E8
 10
239.89455896395884
 20
-141.19449867434054
 30
-0.10730248261511122
 11
238.49961572665416
 21
-41.22559872571109
 31
-2.603443297700302
 12
239.89455896395884
 22
-41.223018243668164
 32
-2.495418999807576
 13
239.89455896395884
 23
-41.223018243668164
 33
-2.495418999807576
  0
3DFACE
  8
0
1001
WEBCAD
1000
E8
 10
241.28542810458384
 20
-141.19167750764194
 30
0.010797371128525413
 11
239.89455896395884
 21
-141.19449867434054
 31
-0.10730248261511122
 12
239.89455896395884
 22
-41.223018243668164
 32
-2.495418999807576
 13
239.89455896395884
 23
-41.223018243668164
 33
-2.495418999807576
  0
3DFACE
  8
0
1001
WEBCAD
1000
E8
 10
241.28542810458384
 20
-141.19167750764194
 30
0.010797371128525413
 11
239.89455896395884
 21
-41.223018243668164
 31
-2.495418999807576
 12
241.28542810458384
 22
-41.22019707696954
 32
-2.3773191460639396
 13
241.28542810458384
 23
-41.22019707696954
 33
-2.3773191460639396
  0
3DFACE
  8
0
1001
WEBCAD
1000
E8
 10
242.67188745516978
 20
-141.18860763953904
 30
0.13930837834413268
 11
241.28542810458384
 21
-141.19167750764194
 31
0.010797371128525413
 12
241.28542810458384
 22
-41.22019707696954
 32
-2.3773191460639396
 13
241.28542810458384
 23
-41.22019707696954
 33
-2.3773191460639396
  0
3DFACE
  8
0
1001
WEBCAD
1000
E8
 10
242.67188745516978
 20
-141.18860763953904
 30
0.13930837834413268
 11
241.28542810458384
 21
-41.22019707696954
 31
-2.3773191460639396
 12
242.67188745516978
 22
-41.21712720886665
 32
-2.2488081388483323
 13
242.67188745516978
 23
-41.21712720886665
 33
-2.2488081388483323
  0
3DFACE
  8
0
1001
WEBCAD
1000
E8
 10
244.05360132235728
 20
-141.18528141768098
 30
0.27855088221546254
 11
242.67188745516978
 21
-141.18860763953904
 31
0.13930837834413268
 12
242.67188745516978
 22
-41.21712720886665
 32
-2.2488081388483323
 13
242.67188745516978
 23
-41.21712720886665
 33
-2.2488081388483323
  0
3DFACE
  8
0
1001
WEBCAD
1000
E8
 10
244.05360132235728
 20
-141.18528141768098
 30
0.27855088221546254
 11
242.67188745516978
 21
-41.21712720886665
 31
-2.2488081388483323
 12
244.05360132235728
 22
-41.2138009870086
 32
-2.1095656349770024
 13
244.05360132235728
 23
-41.2138009870086
 33
-2.1095656349770024
  0
3DFACE
  8
0
1001
WEBCAD
1000
E8
 10
245.43023401278697
 20
-141.18169073421979
 30
0.4288642939729286
 11
244.05360132235728
 21
-141.18528141768098
 31
0.27855088221546254
 12
244.05360132235728
 22
-41.2138009870086
 32
-2.1095656349770024
 13
244.05360132235728
 23
-41.2138009870086
 33
-2.1095656349770024
  0
3DFACE
  8
0
1001
WEBCAD
1000
E8
 10
245.43023401278697
 20
-141.18169073421979
 30
0.4288642939729286
 11
244.05360132235728
 21
-41.2138009870086
 31
-2.1095656349770024
 12
245.43023401278697
 22
-41.210210303547406
 32
-1.9592522232195364
 13
245.43023401278697
 23
-41.210210303547406
 33
-1.9592522232195364
  0
3DFACE
  8
0
1001
WEBCAD
1000
E8
 10
246.8014803506776
 20
-141.17782784570514
 30
0.5905727704096151
 11
245.43023401278697
 21
-141.18169073421979
 31
0.4288642939729286
 12
245.43023401278697
 22
-41.210210303547406
 32
-1.9592522232195364
 13
245.43023401278697
 23
-41.210210303547406
 33
-1.9592522232195364
  0
3DFACE
  8
0
1001
WEBCAD
1000
E8
 10
246.8014803506776
 20
-141.17782784570514
 30
0.5905727704096151
 11
245.43023401278697
 21
-41.210210303547406
 31
-1.9592522232195364
 12
246.8014803506776
 22
-41.20634741503275
 32
-1.79754374678285
 13
246.8014803506776
 23
-41.20634741503275
 33
-1.79754374678285
  0
3DFACE
  8
0
1001
WEBCAD
1000
E8
 10
248.16700464266978
 20
-141.1736848264879
 30
0.7640080955372568
 11
246.8014803506776
 21
-141.17782784570514
 31
0.5905727704096151
 12
246.8014803506776
 22
-41.20634741503275
 32
-1.79754374678285
 13
246.8014803506776
 23
-41.20634741503275
 33
-1.79754374678285
  0
3DFACE
  8
0
1001
WEBCAD
1000
E8
 10
248.16700464266978
 20
-141.1736848264879
 30
0.7640080955372568
 11
246.8014803506776
 21
-41.20634741503275
 31
-1.79754374678285
 12
248.16700464266978
 22
-41.20220439581549
 32
-1.6241084216552082
 13
248.16700464266978
 23
-41.20220439581549
 33
-1.6241084216552082
  0
3DFACE
  8
0
1001
WEBCAD
1000
E8
 10
249.5264559366151
 20
-141.16925375091887
 30
0.9495020533676097
 11
248.16700464266978
 21
-141.1736848264879
 31
0.7640080955372568
 12
248.16700464266978
 22
-41.20220439581549
 32
-1.6241084216552082
 13
248.16700464266978
 23
-41.20220439581549
 33
-1.6241084216552082
  0
3DFACE
  8
0
1001
WEBCAD
1000
E8
 10
249.5264559366151
 20
-141.16925375091887
 30
0.9495020533676097
 11
248.16700464266978
 21
-41.20220439581549
 31
-1.6241084216552082
 12
249.5264559366151
 22
-41.19777332024648
 32
-1.4386144638248552
 13
249.5264559366151
 23
-41.19777332024648
 33
-1.4386144638248552
  0
3DFACE
  8
0
1001
WEBCAD
1000
E8
 10
250.87951379794322
 20
-141.16452687554778
 30
1.147378800693744
 11
249.5264559366151
 21
-141.16925375091887
 31
0.9495020533676097
 12
249.5264559366151
 22
-41.19777332024648
 32
-1.4386144638248552
 13
249.5264559366151
 23
-41.19777332024648
 33
-1.4386144638248552
  0
3DFACE
  8
0
1001
WEBCAD
1000
E8
 10
250.87951379794322
 20
-141.16452687554778
 30
1.147378800693744
 11
249.5264559366151
 21
-41.19777332024648
 31
-1.4386144638248552
 12
250.87951379794322
 22
-41.19304644487541
 32
-1.240737716498721
 13
250.87951379794322
 23
-41.19304644487541
 33
-1.240737716498721
  0
3DFACE
  8
0
1001
WEBCAD
1000
E8
 10
252.2258730508729
 20
-141.1594961836261
 30
1.357973935136748
 11
250.87951379794322
 21
-141.16452687554778
 31
1.147378800693744
 12
250.87951379794322
 22
-41.19304644487541
 32
-1.240737716498721
 13
250.87951379794322
 23
-41.19304644487541
 33
-1.240737716498721
  0
3DFACE
  8
0
1001
WEBCAD
1000
E8
 10
252.2258730508729
 20
-141.1594961836261
 30
1.357973935136748
 11
250.87951379794322
 21
-41.19304644487541
 31
-1.240737716498721
 12
252.2258730508729
 22
-41.188015752953696
 32
-1.030142582055717
 13
252.2258730508729
 23
-41.188015752953696
 33
-1.030142582055717
  0
3DFACE
  8
0
1001
WEBCAD
1000
E8
 10
252.2258730508729
 20
-141.1594961836261
 30
1.357973935136748
 11
252.2258730508729
 21
-41.188015752953696
 31
-1.030142582055717
 12
253.56516748446666
 22
-41.18267340993163
 32
-0.8065010900934411
 13
253.56516748446666
 23
-41.18267340993163
 33
-0.8065010900934411
  0
3DFACE
  8
0
1001
WEBCAD
1000
E8
 10
253.56516748446666
 20
-141.154153840604
 30
1.581615427099024
 11
252.2258730508729
 21
-141.1594961836261
 31
1.357973935136748
 12
253.56516748446666
 22
-41.18267340993163
 32
-0.8065010900934411
 13
253.56516748446666
 23
-41.18267340993163
 33
-0.8065010900934411
  0
3DFACE
  8
0
1001
WEBCAD
1000
E8
 10
254.89707666415416
 20
-141.14849201193186
 30
1.8186312469829886
 11
253.56516748446666
 21
-141.154153840604
 31
1.581615427099024
 12
253.56516748446666
 22
-41.18267340993163
 32
-0.8065010900934411
 13
253.56516748446666
 23
-41.18267340993163
 33
-0.8065010900934411
  0
3DFACE
  8
0
1001
WEBCAD
1000
E8
 10
254.89707666415416
 20
-141.14849201193186
 30
1.8186312469829886
 11
253.56516748446666
 21
-41.18267340993163
 31
-0.8065010900934411
 12
254.89707666415416
 22
-41.17701158125947
 32
-0.5694852702094764
 13
254.89707666415416
 23
-41.17701158125947
 33
-0.5694852702094764
  0
3DFACE
  8
0
1001
WEBCAD
1000
E8
 10
254.89707666415416
 20
-141.14849201193186
 30
1.8186312469829886
 11
254.89707666415416
 21
-41.17701158125947
 31
-0.5694852702094764
 12
256.2212801553651
 22
-41.17102225018865
 32
-0.3187595247827417
 13
256.2212801553651
 23
-41.17102225018865
 33
-0.3187595247827417
  0
3DFACE
  8
0
1001
WEBCAD
1000
E8
 10
256.2212801553651
 20
-141.14250268086104
 30
2.0693569924097233
 11
254.89707666415416
 21
-141.14849201193186
 31
1.8186312469829886
 12
256.2212801553651
 22
-41.17102225018865
 32
-0.3187595247827417
 13
256.2212801553651
 23
-41.17102225018865
 33
-0.3187595247827417
  0
3DFACE
  8
0
1001
WEBCAD
1000
E8
 10
257.53745752352916
 20
-141.13617810394123
 30
2.334116820172305
 11
256.2212801553651
 21
-141.14250268086104
 31
2.0693569924097233
 12
256.2212801553651
 22
-41.17102225018865
 32
-0.3187595247827417
 13
256.2212801553651
 23
-41.17102225018865
 33
-0.3187595247827417
  0
3DFACE
  8
0
1001
WEBCAD
1000
E8
 10
257.53745752352916
 20
-141.13617810394123
 30
2.334116820172305
 11
256.2212801553651
 21
-41.17102225018865
 31
-0.3187595247827417
 12
257.53745752352916
 22
-41.16469767326886
 32
-0.05399969702015994
 13
257.53745752352916
 23
-41.16469767326886
 33
-0.05399969702015994
  0
3DFACE
  8
0
1001
WEBCAD
1000
E8
 10
258.8452272989198
 20
-141.12951035552334
 30
2.613242514282483
 11
257.53745752352916
 21
-141.13617810394123
 31
2.334116820172305
 12
257.53745752352916
 22
-41.16469767326886
 32
-0.05399969702015994
 13
257.53745752352916
 23
-41.16469767326886
 33
-0.05399969702015994
  0
3DFACE
  8
0
1001
WEBCAD
1000
E8
 10
258.8452272989198
 20
-141.12951035552334
 30
2.613242514282483
 11
257.53745752352916
 21
-41.16469767326886
 31
-0.05399969702015994
 12
258.8452272989198
 22
-41.15802992485096
 32
0.2251259970900179
 13
258.8452272989198
 23
-41.15802992485096
 33
0.2251259970900179
  0
3DFACE
  8
0
1001
WEBCAD
1000
E8
 10
260.1443300821229
 20
-141.1224916010576
 30
2.9070620451426663
 11
258.8452272989198
 21
-141.12951035552334
 31
2.613242514282483
 12
258.8452272989198
 22
-41.15802992485096
 32
0.2251259970900179
 13
258.8452272989198
 23
-41.15802992485096
 33
0.2251259970900179
  0
3DFACE
  8
0
1001
WEBCAD
1000
E8
 10
260.1443300821229
 20
-141.1224916010576
 30
2.9070620451426663
 11
258.8452272989198
 21
-41.15802992485096
 31
0.2251259970900179
 12
260.1443300821229
 22
-41.1510111703852
 32
0.5189455279502013
 13
260.1443300821229
 23
-41.1510111703852
 33
0.5189455279502013
  0
3DFACE
  8
0
1001
WEBCAD
1000
E8
 10
260.1443300821229
 20
-141.1224916010576
 30
2.9070620451426663
 11
260.1443300821229
 21
-41.1510111703852
 31
0.5189455279502013
 12
261.43439966220103
 22
-41.14363339312304
 32
0.8277944931814645
 13
261.43439966220103
 23
-41.14363339312304
 33
0.8277944931814645
  0
3DFACE
  8
0
1001
WEBCAD
1000
E8
 10
261.43439966220103
 20
-141.1151138237954
 30
3.2159110103739295
 11
260.1443300821229
 21
-141.1224916010576
 31
2.9070620451426663
 12
261.43439966220103
 22
-41.14363339312304
 32
0.8277944931814645
 13
261.43439966220103
 23
-41.14363339312304
 33
0.8277944931814645
  0
3DFACE
  8
0
1001
WEBCAD
1000
E8
 10
261.43439966220103
 20
-141.1151138237954
 30
3.2159110103739295
 11
261.43439966220103
 21
-41.14363339312304
 31
0.8277944931814645
 12
262.7151003457948
 22
-41.13588884961414
 32
1.1519970495768916
 13
262.7151003457948
 23
-41.13588884961414
 33
1.1519970495768916
  0
3DFACE
  8
0
1001
WEBCAD
1000
E8
 10
262.7151003457948
 20
-141.10736928028655
 30
3.5401135667693566
 11
261.43439966220103
 21
-141.1151138237954
 31
3.2159110103739295
 12
262.7151003457948
 22
-41.13588884961414
 32
1.1519970495768916
 13
262.7151003457948
 23
-41.13588884961414
 33
1.1519970495768916
  0
3DFACE
  8
0
1001
WEBCAD
1000
E8
 10
263.9861269571229
 20
-141.09925004488176
 30
3.8800014983406967
 11
262.7151003457948
 21
-141.10736928028655
 31
3.5401135667693566
 12
262.7151003457948
 22
-41.13588884961414
 32
1.1519970495768916
 13
262.7151003457948
 23
-41.13588884961414
 33
1.1519970495768916
  0
3DFACE
  8
0
1001
WEBCAD
1000
E8
 10
263.9861269571229
 20
-141.09925004488176
 30
3.8800014983406967
 11
262.7151003457948
 21
-41.13588884961414
 31
1.1519970495768916
 12
263.9861269571229
 22
-41.12776961420937
 32
1.4918849811482318
 13
263.9861269571229
 23
-41.12776961420937
 33
1.4918849811482318
  0
3DFACE
  8
0
1001
WEBCAD
1000
E8
 10
265.2471132852479
 20
-141.0907482830314
 30
4.235902775490352
 11
263.9861269571229
 21
-141.09925004488176
 31
3.8800014983406967
 12
263.9861269571229
 22
-41.12776961420937
 32
1.4918849811482318
 13
263.9861269571229
 23
-41.12776961420937
 33
1.4918849811482318
  0
3DFACE
  8
0
1001
WEBCAD
1000
E8
 10
265.2471132852479
 20
-141.0907482830314
 30
4.235902775490352
 11
263.9861269571229
 21
-41.12776961420937
 31
1.4918849811482318
 12
265.2471132852479
 22
-41.119267852358995
 32
1.8477862582978872
 13
265.2471132852479
 23
-41.119267852358995
 33
1.8477862582978872
  0
3DFACE
  8
0
1001
WEBCAD
1000
E8
 10
266.49775415438853
 20
-141.08185597798683
 30
4.608152995839411
 11
265.2471132852479
 21
-141.0907482830314
 31
4.235902775490352
 12
265.2471132852479
 22
-41.119267852358995
 32
1.8477862582978872
 13
265.2471132852479
 23
-41.119267852358995
 33
1.8477862582978872
  0
3DFACE
  8
0
1001
WEBCAD
1000
E8
 10
266.49775415438853
 20
-141.08185597798683
 30
4.608152995839411
 11
265.2471132852479
 21
-41.119267852358995
 31
1.8477862582978872
 12
266.49775415438853
 22
-41.110375547314455
 32
2.2200364786469464
 13
266.49775415438853
 23
-41.110375547314455
 33
2.2200364786469464
  0
3DFACE
  8
0
1001
WEBCAD
1000
E8
 10
266.49775415438853
 20
-141.08185597798683
 30
4.608152995839411
 11
266.49775415438853
 21
-41.110375547314455
 31
2.2200364786469464
 12
267.7377138711854
 22
-41.101084955625424
 32
2.6089597989884865
 13
267.7377138711854
 23
-41.101084955625424
 33
2.6089597989884865
  0
3DFACE
  8
0
1001
WEBCAD
1000
E8
 10
267.7377138711854
 20
-141.0725653862978
 30
4.9970763161809515
 11
266.49775415438853
 21
-141.08185597798683
 31
4.608152995839411
 12
267.7377138711854
 22
-41.101084955625424
 32
2.6089597989884865
 13
267.7377138711854
 23
-41.101084955625424
 33
2.6089597989884865
  0
3DFACE
  8
0
1001
WEBCAD
1000
E8
 10
268.9666872598573
 20
-141.06286858231516
 30
5.403004520526721
 11
267.7377138711854
 21
-141.0725653862978
 31
4.9970763161809515
 12
267.7377138711854
 22
-41.101084955625424
 32
2.6089597989884865
 13
267.7377138711854
 23
-41.101084955625424
 33
2.6089597989884865
  0
3DFACE
  8
0
1001
WEBCAD
1000
E8
 10
268.9666872598573
 20
-141.06286858231516
 30
5.403004520526721
 11
267.7377138711854
 21
-41.101084955625424
 31
2.6089597989884865
 12
268.9666872598573
 22
-41.09138815164277
 32
3.0148880033342564
 13
268.9666872598573
 23
-41.09138815164277
 33
3.0148880033342564
  0
3DFACE
  8
0
1001
WEBCAD
1000
E8
 10
270.18430810946666
 20
-141.0527576403897
 30
5.826269392888456
 11
268.9666872598573
 21
-141.06286858231516
 31
5.403004520526721
 12
268.9666872598573
 22
-41.09138815164277
 32
3.0148880033342564
 13
268.9666872598573
 23
-41.09138815164277
 33
3.0148880033342564
  0
3DFACE
  8
0
1001
WEBCAD
1000
E8
 10
270.18430810946666
 20
-141.0527576403897
 30
5.826269392888456
 11
268.9666872598573
 21
-41.09138815164277
 31
3.0148880033342564
 12
270.18430810946666
 22
-41.081277209717335
 32
3.438152875695991
 13
270.18430810946666
 23
-41.081277209717335
 33
3.438152875695991
  0
3DFACE
  8
0
1001
WEBCAD
1000
E8
 10
271.39024072665416
 20
-141.04222472597178
 30
6.267198903668572
 11
270.18430810946666
 21
-141.0527576403897
 31
5.826269392888456
 12
270.18430810946666
 22
-41.081277209717335
 32
3.438152875695991
 13
270.18430810946666
 23
-41.081277209717335
 33
3.438152875695991
  0
3DFACE
  8
0
1001
WEBCAD
1000
E8
 10
271.39024072665416
 20
-141.04222472597178
 30
6.267198903668572
 11
270.18430810946666
 21
-41.081277209717335
 31
3.438152875695991
 12
271.39024072665416
 22
-41.070744295299384
 32
3.8790823864761066
 13
271.39024072665416
 23
-41.070744295299384
 33
3.8790823864761066
  0
ENDSEC
  0
EOF
