  0
SECTION
  2
HEADER
  9
$ACADVER
  1
AC1015
  0
ENDSEC
  0
SECTION
  2
TABLES
  0
TABLE
  2
LTYPE
 70
1
  0
LTYPE
  2
CONTINUOUS
 70
0
  3
Solid line
 72
65
 73
0
 40
0.0
  0
ENDTAB
  0
TABLE
  2
LAYER
 70
1
  0
LAYER
  2
0
 70
0
 62
7
  6
CONTINUOUS
  0
ENDTAB
  0
ENDSEC
  0
SECTION
  2
BLOCKS
  0
ENDSEC
  0
SECTION
  2
ENTITIES
  0
3DFACE
  8
0
1001
WEBCAD
1000
E42_1778941710833
 10
28.706630332612406
 20
79.25139582688772
 30
54.73299272955676
 11
25.706630332612406
 21
79.25139582688772
 31
12.87082582087876
 12
25.706630332612406
 22
79.25139582688772
 32
51.73299272955676
 13
25.706630332612406
 23
79.25139582688772
 33
51.73299272955676
  0
3DFACE
  8
0
1001
WEBCAD
1000
E42_1778941710833
 10
104.45956280348241
 20
79.25139582688772
 30
54.73299272955676
 11
107.45956280348241
 21
79.25139582688772
 31
12.87082582087876
 12
25.706630332612406
 22
79.25139582688772
 32
12.87082582087876
 13
25.706630332612406
 23
79.25139582688772
 33
12.87082582087876
  0
3DFACE
  8
0
1001
WEBCAD
1000
E42_1778941710833
 10
104.45956280348241
 20
79.25139582688772
 30
54.73299272955676
 11
25.706630332612406
 21
79.25139582688772
 31
12.87082582087876
 12
28.706630332612406
 22
79.25139582688772
 32
54.73299272955676
 13
28.706630332612406
 23
79.25139582688772
 33
54.73299272955676
  0
3DFACE
  8
0
1001
WEBCAD
1000
E42_1778941710833
 10
107.45956280348241
 20
79.25139582688772
 30
51.73299272955676
 11
107.45956280348241
 21
79.25139582688772
 31
12.87082582087876
 12
104.45956280348241
 22
79.25139582688772
 32
54.73299272955676
 13
104.45956280348241
 23
79.25139582688772
 33
54.73299272955676
  0
3DFACE
  8
0
1001
WEBCAD
1000
E42_1778941710833
 10
25.706630332612406
 20
79.25139582688772
 30
51.73299272955676
 11
25.706630332612406
 21
11.34205335459771
 31
51.73299272955676
 12
30.706630332612406
 22
16.34205335459771
 32
56.73299272955676
 13
30.706630332612406
 23
16.34205335459771
 33
56.73299272955676
  0
3DFACE
  8
0
1001
WEBCAD
1000
E42_1778941710833
 10
30.706630332612406
 20
77.25139582688772
 30
56.73299272955676
 11
28.706630332612406
 21
79.25139582688772
 31
54.73299272955676
 12
25.706630332612406
 22
79.25139582688772
 32
51.73299272955676
 13
25.706630332612406
 23
79.25139582688772
 33
51.73299272955676
  0
3DFACE
  8
0
1001
WEBCAD
1000
E42_1778941710833
 10
30.706630332612406
 20
77.25139582688772
 30
56.73299272955676
 11
25.706630332612406
 21
79.25139582688772
 31
51.73299272955676
 12
30.706630332612406
 22
16.34205335459771
 32
56.73299272955676
 13
30.706630332612406
 23
16.34205335459771
 33
56.73299272955676
  0
3DFACE
  8
0
1001
WEBCAD
1000
E42_1778941710833
 10
28.706630332612406
 20
79.25139582688772
 30
54.73299272955676
 11
102.45956280348241
 21
77.25139582688772
 31
56.73299272955676
 12
104.45956280348241
 22
79.25139582688772
 32
54.73299272955676
 13
104.45956280348241
 23
79.25139582688772
 33
54.73299272955676
  0
3DFACE
  8
0
1001
WEBCAD
1000
E42_1778941710833
 10
30.706630332612406
 20
77.25139582688772
 30
56.73299272955676
 11
102.45956280348241
 21
77.25139582688772
 31
56.73299272955676
 12
28.706630332612406
 22
79.25139582688772
 32
54.73299272955676
 13
28.706630332612406
 23
79.25139582688772
 33
54.73299272955676
  0
3DFACE
  8
0
1001
WEBCAD
1000
E42_1778941710833
 10
25.706630332612406
 20
11.34205335459771
 30
51.73299272955676
 11
25.706630332612406
 21
79.25139582688772
 31
51.73299272955676
 12
25.706630332612406
 22
79.25139582688772
 32
12.87082582087876
 13
25.706630332612406
 23
79.25139582688772
 33
12.87082582087876
  0
3DFACE
  8
0
1001
WEBCAD
1000
E42_1778941710833
 10
25.706630332612406
 20
11.34205335459771
 30
51.73299272955676
 11
25.706630332612406
 21
79.25139582688772
 31
12.87082582087876
 12
25.706630332612406
 22
11.34205335459771
 32
12.87082582087876
 13
25.706630332612406
 23
11.34205335459771
 33
12.87082582087876
  0
3DFACE
  8
0
1001
WEBCAD
1000
E42_1778941710833
 10
107.45956280348241
 20
79.25139582688772
 30
51.73299272955676
 11
104.45956280348241
 21
79.25139582688772
 31
54.73299272955676
 12
102.45956280348241
 22
77.25139582688772
 32
56.73299272955676
 13
102.45956280348241
 23
77.25139582688772
 33
56.73299272955676
  0
3DFACE
  8
0
1001
WEBCAD
1000
E42_1778941710833
 10
102.45956280348241
 20
16.34205335459771
 30
56.73299272955676
 11
107.45956280348241
 21
79.25139582688772
 31
51.73299272955676
 12
102.45956280348241
 22
77.25139582688772
 32
56.73299272955676
 13
102.45956280348241
 23
77.25139582688772
 33
56.73299272955676
  0
3DFACE
  8
0
1001
WEBCAD
1000
E42_1778941710833
 10
107.45956280348241
 20
11.34205335459771
 30
51.73299272955676
 11
107.45956280348241
 21
79.25139582688772
 31
51.73299272955676
 12
102.45956280348241
 22
16.34205335459771
 32
56.73299272955676
 13
102.45956280348241
 23
16.34205335459771
 33
56.73299272955676
  0
3DFACE
  8
0
1001
WEBCAD
1000
E42_1778941710833
 10
41.23193609433804
 20
29.34410195673462
 30
12.87082582087876
 11
43.505020614879925
 21
26.919094248776872
 31
12.87082582087876
 12
25.706630332612406
 22
11.34205335459771
 32
12.87082582087876
 13
25.706630332612406
 23
11.34205335459771
 33
12.87082582087876
  0
3DFACE
  8
0
1001
WEBCAD
1000
E42_1778941710833
 10
46.047474876643605
 20
24.77818277278783
 30
12.87082582087876
 11
25.706630332612406
 21
11.34205335459771
 31
12.87082582087876
 12
43.505020614879925
 22
26.919094248776872
 32
12.87082582087876
 13
43.505020614879925
 23
26.919094248776872
 33
12.87082582087876
  0
3DFACE
  8
0
1001
WEBCAD
1000
E42_1778941710833
 10
39.259757402917785
 20
32.019562072357644
 30
12.87082582087876
 11
41.23193609433804
 21
29.34410195673462
 31
12.87082582087876
 12
25.706630332612406
 22
11.34205335459771
 32
12.87082582087876
 13
25.706630332612406
 23
11.34205335459771
 33
12.87082582087876
  0
3DFACE
  8
0
1001
WEBCAD
1000
E42_1778941710833
 10
48.82402563732069
 20
22.951069887779028
 30
12.87082582087876
 11
25.706630332612406
 21
11.34205335459771
 31
12.87082582087876
 12
46.047474876643605
 22
24.77818277278783
 32
12.87082582087876
 13
46.047474876643605
 23
24.77818277278783
 33
12.87082582087876
  0
3DFACE
  8
0
1001
WEBCAD
1000
E42_1778941710833
 10
37.61584595195467
 20
34.908356070304535
 30
12.87082582087876
 11
39.259757402917785
 21
32.019562072357644
 31
12.87082582087876
 12
25.706630332612406
 22
11.34205335459771
 32
12.87082582087876
 13
25.706630332612406
 23
11.34205335459771
 33
12.87082582087876
  0
3DFACE
  8
0
1001
WEBCAD
1000
E42_1778941710833
 10
51.79615187050155
 20
21.463104405914663
 30
12.87082582087876
 11
25.706630332612406
 21
11.34205335459771
 31
12.87082582087876
 12
48.82402563732069
 22
22.951069887779028
 32
12.87082582087876
 13
48.82402563732069
 23
22.951069887779028
 33
12.87082582087876
  0
3DFACE
  8
0
1001
WEBCAD
1000
E42_1778941710833
 10
36.323008872265234
 20
37.97040569540238
 30
12.87082582087876
 11
37.61584595195467
 21
34.908356070304535
 31
12.87082582087876
 12
25.706630332612406
 22
11.34205335459771
 32
12.87082582087876
 13
25.706630332612406
 23
11.34205335459771
 33
12.87082582087876
  0
3DFACE
  8
0
1001
WEBCAD
1000
E42_1778941710833
 10
54.92261919475777
 20
20.334929910750077
 30
12.87082582087876
 11
25.706630332612406
 21
11.34205335459771
 31
12.87082582087876
 12
51.79615187050155
 22
21.463104405914663
 32
12.87082582087876
 13
51.79615187050155
 23
21.463104405914663
 33
12.87082582087876
  0
3DFACE
  8
0
1001
WEBCAD
1000
E42_1778941710833
 10
35.399182594904744
 20
41.163228996250695
 30
12.87082582087876
 11
36.323008872265234
 21
37.97040569540238
 31
12.87082582087876
 12
25.706630332612406
 22
11.34205335459771
 32
12.87082582087876
 13
25.706630332612406
 23
11.34205335459771
 33
12.87082582087876
  0
3DFACE
  8
0
1001
WEBCAD
1000
E42_1778941710833
 10
58.16005194699238
 20
19.5821983543901
 30
12.87082582087876
 11
25.706630332612406
 21
11.34205335459771
 31
12.87082582087876
 12
54.92261919475777
 22
20.334929910750077
 32
12.87082582087876
 13
54.92261919475777
 23
20.334929910750077
 33
12.87082582087876
  0
3DFACE
  8
0
1001
WEBCAD
1000
E42_1778941710833
 10
34.85718400654133
 20
44.442529706980594
 30
12.87082582087876
 11
35.399182594904744
 21
41.163228996250695
 31
12.87082582087876
 12
25.706630332612406
 22
11.34205335459771
 32
12.87082582087876
 13
25.706630332612406
 23
11.34205335459771
 33
12.87082582087876
  0
3DFACE
  8
0
1001
WEBCAD
1000
E42_1778941710833
 10
61.46353496328538
 20
19.215352907034514
 30
12.87082582087876
 11
25.706630332612406
 21
11.34205335459771
 31
12.87082582087876
 12
58.16005194699238
 22
19.5821983543901
 32
12.87082582087876
 13
58.16005194699238
 23
19.5821983543901
 33
12.87082582087876
  0
3DFACE
  8
0
1001
WEBCAD
1000
E42_1778941710833
 10
34.704532631842824
 20
47.7628118002649
 30
12.87082582087876
 11
34.85718400654133
 21
44.442529706980594
 31
12.87082582087876
 12
25.706630332612406
 22
11.34205335459771
 32
12.87082582087876
 13
25.706630332612406
 23
11.34205335459771
 33
12.87082582087876
  0
3DFACE
  8
0
1001
WEBCAD
1000
E42_1778941710833
 10
64.78723671830795
 20
19.239483071589547
 30
12.87082582087876
 11
25.706630332612406
 21
11.34205335459771
 31
12.87082582087876
 12
61.46353496328538
 22
19.215352907034514
 32
12.87082582087876
 13
61.46353496328538
 23
19.215352907034514
 33
12.87082582087876
  0
3DFACE
  8
0
1001
WEBCAD
1000
E42_1778941710833
 10
25.706630332612406
 20
79.25139582688772
 30
12.87082582087876
 11
39.66700756071742
 21
63.38247336159705
 31
12.87082582087876
 12
37.94864054436124
 22
60.53733884486843
 32
12.87082582087876
 13
37.94864054436124
 23
60.53733884486843
 33
12.87082582087876
  0
3DFACE
  8
0
1001
WEBCAD
1000
E42_1778941710833
 10
25.706630332612406
 20
79.25139582688772
 30
12.87082582087876
 11
37.94864054436124
 21
60.53733884486843
 31
12.87082582087876
 12
36.57673080764664
 22
57.50989119123517
 32
12.87082582087876
 13
36.57673080764664
 23
57.50989119123517
 33
12.87082582087876
  0
3DFACE
  8
0
1001
WEBCAD
1000
E42_1778941710833
 10
25.706630332612406
 20
79.25139582688772
 30
12.87082582087876
 11
36.57673080764664
 21
57.50989119123517
 31
12.87082582087876
 12
35.57031181178331
 22
54.34213229479954
 32
12.87082582087876
 13
35.57031181178331
 23
54.34213229479954
 33
12.87082582087876
  0
3DFACE
  8
0
1001
WEBCAD
1000
E42_1778941710833
 10
25.706630332612406
 20
79.25139582688772
 30
12.87082582087876
 11
35.57031181178331
 21
54.34213229479954
 31
12.87082582087876
 12
34.94334630986316
 22
51.07801068545595
 32
12.87082582087876
 13
34.94334630986316
 23
51.07801068545595
 33
12.87082582087876
  0
3DFACE
  8
0
1001
WEBCAD
1000
E42_1778941710833
 10
25.706630332612406
 20
79.25139582688772
 30
12.87082582087876
 11
34.94334630986316
 21
51.07801068545595
 31
12.87082582087876
 12
34.704532631842824
 22
47.7628118002649
 32
12.87082582087876
 13
34.704532631842824
 23
47.7628118002649
 33
12.87082582087876
  0
3DFACE
  8
0
1001
WEBCAD
1000
E42_1778941710833
 10
25.706630332612406
 20
79.25139582688772
 30
12.87082582087876
 11
34.704532631842824
 21
47.7628118002649
 31
12.87082582087876
 12
25.706630332612406
 22
11.34205335459771
 32
12.87082582087876
 13
25.706630332612406
 23
11.34205335459771
 33
12.87082582087876
  0
3DFACE
  8
0
1001
WEBCAD
1000
E42_1778941710833
 10
41.70799175187881
 20
66.00582220470031
 30
12.87082582087876
 11
39.66700756071742
 21
63.38247336159705
 31
12.87082582087876
 12
25.706630332612406
 22
79.25139582688772
 32
12.87082582087876
 13
25.706630332612406
 23
79.25139582688772
 33
12.87082582087876
  0
3DFACE
  8
0
1001
WEBCAD
1000
E42_1778941710833
 10
44.043277119793686
 20
68.370989824888
 30
12.87082582087876
 11
41.70799175187881
 21
66.00582220470031
 31
12.87082582087876
 12
25.706630332612406
 22
79.25139582688772
 32
12.87082582087876
 13
25.706630332612406
 23
79.25139582688772
 33
12.87082582087876
  0
3DFACE
  8
0
1001
WEBCAD
1000
E42_1778941710833
 10
46.64046462079773
 20
70.44516260115566
 30
12.87082582087876
 11
44.043277119793686
 21
68.370989824888
 31
12.87082582087876
 12
25.706630332612406
 22
79.25139582688772
 32
12.87082582087876
 13
25.706630332612406
 23
79.25139582688772
 33
12.87082582087876
  0
3DFACE
  8
0
1001
WEBCAD
1000
E42_1778941710833
 10
107.45956280348241
 20
11.34205335459771
 30
12.87082582087876
 11
82.63200520693243
 21
27.20315721420772
 31
12.87082582087876
 12
84.81840571502994
 22
29.28058004745904
 32
12.87082582087876
 13
84.81840571502994
 23
29.28058004745904
 33
12.87082582087876
  0
3DFACE
  8
0
1001
WEBCAD
1000
E42_1778941710833
 10
107.45956280348241
 20
11.34205335459771
 30
12.87082582087876
 11
84.81840571502994
 21
29.28058004745904
 31
12.87082582087876
 12
86.76784989756123
 22
31.581818885371717
 32
12.87082582087876
 13
86.76784989756123
 23
31.581818885371717
 33
12.87082582087876
  0
3DFACE
  8
0
1001
WEBCAD
1000
E42_1778941710833
 10
107.45956280348241
 20
11.34205335459771
 30
12.87082582087876
 11
64.78723671830795
 21
19.239483071589547
 31
12.87082582087876
 12
68.08504517805875
 22
19.654254073442303
 32
12.87082582087876
 13
68.08504517805875
 23
19.654254073442303
 33
12.87082582087876
  0
3DFACE
  8
0
1001
WEBCAD
1000
E42_1778941710833
 10
107.45956280348241
 20
11.34205335459771
 30
12.87082582087876
 11
68.08504517805875
 21
19.654254073442303
 31
12.87082582087876
 12
71.31120754429202
 22
20.453911505022575
 32
12.87082582087876
 13
71.31120754429202
 23
20.453911505022575
 33
12.87082582087876
  0
3DFACE
  8
0
1001
WEBCAD
1000
E42_1778941710833
 10
107.45956280348241
 20
11.34205335459771
 30
12.87082582087876
 11
71.31120754429202
 21
20.453911505022575
 31
12.87082582087876
 12
74.42096501501817
 22
21.62736116071497
 32
12.87082582087876
 13
74.42096501501817
 23
21.62736116071497
 33
12.87082582087876
  0
3DFACE
  8
0
1001
WEBCAD
1000
E42_1778941710833
 10
107.45956280348241
 20
11.34205335459771
 30
12.87082582087876
 11
74.42096501501817
 21
21.62736116071497
 31
12.87082582087876
 12
77.3711737545998
 22
23.158322954515796
 32
12.87082582087876
 13
77.3711737545998
 23
23.158322954515796
 33
12.87082582087876
  0
3DFACE
  8
0
1001
WEBCAD
1000
E42_1778941710833
 10
107.45956280348241
 20
11.34205335459771
 30
12.87082582087876
 11
77.3711737545998
 21
23.158322954515796
 31
12.87082582087876
 12
80.12090345829301
 22
25.025556785027902
 32
12.87082582087876
 13
80.12090345829301
 23
25.025556785027902
 33
12.87082582087876
  0
3DFACE
  8
0
1001
WEBCAD
1000
E42_1778941710833
 10
107.45956280348241
 20
11.34205335459771
 30
12.87082582087876
 11
80.12090345829301
 21
25.025556785027902
 31
12.87082582087876
 12
82.63200520693243
 22
27.20315721420772
 32
12.87082582087876
 13
82.63200520693243
 23
27.20315721420772
 33
12.87082582087876
  0
3DFACE
  8
0
1001
WEBCAD
1000
E42_1778941710833
 10
107.45956280348241
 20
11.34205335459771
 30
12.87082582087876
 11
25.706630332612406
 21
11.34205335459771
 31
12.87082582087876
 12
64.78723671830795
 22
19.239483071589547
 32
12.87082582087876
 13
64.78723671830795
 23
19.239483071589547
 33
12.87082582087876
  0
3DFACE
  8
0
1001
WEBCAD
1000
E42_1778941710833
 10
49.46352166015731
 20
72.1995640870488
 30
12.87082582087876
 11
46.64046462079773
 21
70.44516260115566
 31
12.87082582087876
 12
25.706630332612406
 22
79.25139582688772
 32
12.87082582087876
 13
25.706630332612406
 23
79.25139582688772
 33
12.87082582087876
  0
3DFACE
  8
0
1001
WEBCAD
1000
E42_1778941710833
 10
88.45756819483466
 20
34.079995197360574
 30
12.87082582087876
 11
107.45956280348241
 21
11.34205335459771
 31
12.87082582087876
 12
86.76784989756123
 22
31.581818885371717
 32
12.87082582087876
 13
86.76784989756123
 23
31.581818885371717
 33
12.87082582087876
  0
3DFACE
  8
0
1001
WEBCAD
1000
E42_1778941710833
 10
52.47328199740241
 20
73.60985424638773
 30
12.87082582087876
 11
49.46352166015731
 21
72.1995640870488
 31
12.87082582087876
 12
25.706630332612406
 22
79.25139582688772
 32
12.87082582087876
 13
25.706630332612406
 23
79.25139582688772
 33
12.87082582087876
  0
3DFACE
  8
0
1001
WEBCAD
1000
E42_1778941710833
 10
89.86782465237843
 20
36.74593021792637
 30
12.87082582087876
 11
107.45956280348241
 21
11.34205335459771
 31
12.87082582087876
 12
88.45756819483466
 22
34.079995197360574
 32
12.87082582087876
 13
88.45756819483466
 23
34.079995197360574
 33
12.87082582087876
  0
3DFACE
  8
0
1001
WEBCAD
1000
E42_1778941710833
 10
55.537964481118706
 20
74.86050698426104
 30
12.87082582087876
 11
52.47328199740241
 21
73.60985424638773
 31
12.87082582087876
 12
25.706630332612406
 22
79.25139582688772
 32
12.87082582087876
 13
25.706630332612406
 23
79.25139582688772
 33
12.87082582087876
  0
3DFACE
  8
0
1001
WEBCAD
1000
E42_1778941710833
 10
90.98214743741147
 20
39.548485755409814
 30
12.87082582087876
 11
107.45956280348241
 21
11.34205335459771
 31
12.87082582087876
 12
89.86782465237843
 22
36.74593021792637
 32
12.87082582087876
 13
89.86782465237843
 23
36.74593021792637
 33
12.87082582087876
  0
3DFACE
  8
0
1001
WEBCAD
1000
E42_1778941710833
 10
91.78752123028687
 20
42.454927886895035
 30
12.87082582087876
 11
107.45956280348241
 21
11.34205335459771
 31
12.87082582087876
 12
90.98214743741147
 22
39.548485755409814
 32
12.87082582087876
 13
90.98214743741147
 23
39.548485755409814
 33
12.87082582087876
  0
3DFACE
  8
0
1001
WEBCAD
1000
E42_1778941710833
 10
58.72917041470845
 20
75.73949258492135
 30
12.87082582087876
 11
55.537964481118706
 21
74.86050698426104
 31
12.87082582087876
 12
25.706630332612406
 22
79.25139582688772
 32
12.87082582087876
 13
25.706630332612406
 23
79.25139582688772
 33
12.87082582087876
  0
3DFACE
  8
0
1001
WEBCAD
1000
E42_1778941710833
 10
92.27453924376994
 20
45.431309291296344
 30
12.87082582087876
 11
107.45956280348241
 21
11.34205335459771
 31
12.87082582087876
 12
91.78752123028687
 22
42.454927886895035
 32
12.87082582087876
 13
91.78752123028687
 23
42.454927886895035
 33
12.87082582087876
  0
3DFACE
  8
0
1001
WEBCAD
1000
E42_1778941710833
 10
92.4375130945624
 20
48.44286575496773
 30
12.87082582087876
 11
107.45956280348241
 21
11.34205335459771
 31
12.87082582087876
 12
92.27453924376994
 22
45.431309291296344
 32
12.87082582087876
 13
92.27453924376994
 23
45.431309291296344
 33
12.87082582087876
  0
3DFACE
  8
0
1001
WEBCAD
1000
E42_1778941710833
 10
107.45956280348241
 20
79.25139582688772
 30
12.87082582087876
 11
92.4375130945624
 21
48.44286575496773
 31
12.87082582087876
 12
92.24120680056387
 22
51.74708651570441
 32
12.87082582087876
 13
92.24120680056387
 23
51.74708651570441
 33
12.87082582087876
  0
3DFACE
  8
0
1001
WEBCAD
1000
E42_1778941710833
 10
107.45956280348241
 20
79.25139582688772
 30
12.87082582087876
 11
92.24120680056387
 21
51.74708651570441
 31
12.87082582087876
 12
91.655049732073
 22
55.004820526916006
 32
12.87082582087876
 13
91.655049732073
 23
55.004820526916006
 33
12.87082582087876
  0
3DFACE
  8
0
1001
WEBCAD
1000
E42_1778941710833
 10
107.45956280348241
 20
79.25139582688772
 30
12.87082582087876
 11
91.655049732073
 21
55.004820526916006
 31
12.87082582087876
 12
90.68728847392725
 22
58.17023505648061
 32
12.87082582087876
 13
90.68728847392725
 23
58.17023505648061
 33
12.87082582087876
  0
3DFACE
  8
0
1001
WEBCAD
1000
E42_1778941710833
 10
107.45956280348241
 20
79.25139582688772
 30
12.87082582087876
 11
90.68728847392725
 21
58.17023505648061
 31
12.87082582087876
 12
89.35153836192438
 22
61.1987962057776
 32
12.87082582087876
 13
89.35153836192438
 23
61.1987962057776
 33
12.87082582087876
  0
3DFACE
  8
0
1001
WEBCAD
1000
E42_1778941710833
 10
107.45956280348241
 20
79.25139582688772
 30
12.87082582087876
 11
89.35153836192438
 21
61.1987962057776
 31
12.87082582087876
 12
87.66659193003272
 22
64.04789545262776
 32
12.87082582087876
 13
87.66659193003272
 23
64.04789545262776
 33
12.87082582087876
  0
3DFACE
  8
0
1001
WEBCAD
1000
E42_1778941710833
 10
107.45956280348241
 20
79.25139582688772
 30
12.87082582087876
 11
87.66659193003272
 21
64.04789545262776
 31
12.87082582087876
 12
85.65615452012082
 22
66.67744910630617
 32
12.87082582087876
 13
85.65615452012082
 23
66.67744910630617
 33
12.87082582087876
  0
3DFACE
  8
0
1001
WEBCAD
1000
E42_1778941710833
 10
107.45956280348241
 20
79.25139582688772
 30
12.87082582087876
 11
85.65615452012082
 21
66.67744910630617
 31
12.87082582087876
 12
83.34851077388726
 22
69.05046224095497
 32
12.87082582087876
 13
83.34851077388726
 23
69.05046224095497
 33
12.87082582087876
  0
3DFACE
  8
0
1001
WEBCAD
1000
E42_1778941710833
 10
107.45956280348241
 20
79.25139582688772
 30
12.87082582087876
 11
83.34851077388726
 21
69.05046224095497
 31
12.87082582087876
 12
80.7761266990816
 22
71.13354917347428
 32
12.87082582087876
 13
80.7761266990816
 23
71.13354917347428
 33
12.87082582087876
  0
3DFACE
  8
0
1001
WEBCAD
1000
E42_1778941710833
 10
107.45956280348241
 20
79.25139582688772
 30
12.87082582087876
 11
80.7761266990816
 21
71.13354917347428
 31
12.87082582087876
 12
77.97519290850687
 22
72.89740316333948
 32
12.87082582087876
 13
77.97519290850687
 23
72.89740316333948
 33
12.87082582087876
  0
3DFACE
  8
0
1001
WEBCAD
1000
E42_1778941710833
 10
107.45956280348241
 20
79.25139582688772
 30
12.87082582087876
 11
77.97519290850687
 21
72.89740316333948
 31
12.87082582087876
 12
74.98511545792849
 22
74.31720872618578
 32
12.87082582087876
 13
74.98511545792849
 23
74.31720872618578
 33
12.87082582087876
  0
3DFACE
  8
0
1001
WEBCAD
1000
E42_1778941710833
 10
107.45956280348241
 20
79.25139582688772
 30
12.87082582087876
 11
74.98511545792849
 21
74.31720872618578
 31
12.87082582087876
 12
71.84796144623931
 22
75.37299076036189
 32
12.87082582087876
 13
71.84796144623931
 23
75.37299076036189
 33
12.87082582087876
  0
3DFACE
  8
0
1001
WEBCAD
1000
E42_1778941710833
 10
107.45956280348241
 20
79.25139582688772
 30
12.87082582087876
 11
107.45956280348241
 21
11.34205335459771
 31
12.87082582087876
 12
92.4375130945624
 22
48.44286575496773
 32
12.87082582087876
 13
92.4375130945624
 23
48.44286575496773
 33
12.87082582087876
  0
3DFACE
  8
0
1001
WEBCAD
1000
E42_1778941710833
 10
107.45956280348241
 20
79.25139582688772
 30
12.87082582087876
 11
65.31041721259709
 21
76.33839986323213
 31
12.87082582087876
 12
25.706630332612406
 22
79.25139582688772
 32
12.87082582087876
 13
25.706630332612406
 23
79.25139582688772
 33
12.87082582087876
  0
3DFACE
  8
0
1001
WEBCAD
1000
E42_1778941710833
 10
65.31041721259709
 20
76.33839986323213
 30
12.87082582087876
 11
62.00200304288302
 21
76.23444468836442
 31
12.87082582087876
 12
25.706630332612406
 22
79.25139582688772
 32
12.87082582087876
 13
25.706630332612406
 23
79.25139582688772
 33
12.87082582087876
  0
3DFACE
  8
0
1001
WEBCAD
1000
E42_1778941710833
 10
62.00200304288302
 20
76.23444468836442
 30
12.87082582087876
 11
58.72917041470845
 21
75.73949258492135
 31
12.87082582087876
 12
25.706630332612406
 22
79.25139582688772
 32
12.87082582087876
 13
25.706630332612406
 23
79.25139582688772
 33
12.87082582087876
  0
3DFACE
  8
0
1001
WEBCAD
1000
E42_1778941710833
 10
107.45956280348241
 20
79.25139582688772
 30
12.87082582087876
 11
68.6078671776765
 21
76.04989557462562
 31
12.87082582087876
 12
65.31041721259709
 22
76.33839986323213
 32
12.87082582087876
 13
65.31041721259709
 23
76.33839986323213
 33
12.87082582087876
  0
3DFACE
  8
0
1001
WEBCAD
1000
E42_1778941710833
 10
107.45956280348241
 20
79.25139582688772
 30
12.87082582087876
 11
71.84796144623931
 21
75.37299076036189
 31
12.87082582087876
 12
68.6078671776765
 22
76.04989557462562
 32
12.87082582087876
 13
68.6078671776765
 23
76.04989557462562
 33
12.87082582087876
  0
3DFACE
  8
0
1001
WEBCAD
1000
E42_1778941710833
 10
107.45956280348241
 20
11.34205335459771
 30
51.73299272955676
 11
107.45956280348241
 21
11.34205335459771
 31
12.87082582087876
 12
107.45956280348241
 22
79.25139582688772
 32
12.87082582087876
 13
107.45956280348241
 23
79.25139582688772
 33
12.87082582087876
  0
3DFACE
  8
0
1001
WEBCAD
1000
E42_1778941710833
 10
107.45956280348241
 20
11.34205335459771
 30
51.73299272955676
 11
107.45956280348241
 21
79.25139582688772
 31
12.87082582087876
 12
107.45956280348241
 22
79.25139582688772
 32
51.73299272955676
 13
107.45956280348241
 23
79.25139582688772
 33
51.73299272955676
  0
3DFACE
  8
0
1001
WEBCAD
1000
E42_1778941710833
 10
46.94760033807893
 20
26.772866246993033
 30
56.73299272955676
 11
44.508037643776674
 21
29.00462157243811
 31
56.73299272955676
 12
30.706630332612406
 22
16.34205335459771
 32
56.73299272955676
 13
30.706630332612406
 23
16.34205335459771
 33
56.73299272955676
  0
3DFACE
  8
0
1001
WEBCAD
1000
E42_1778941710833
 10
42.3495547848558
 20
31.50924723704918
 30
56.73299272955676
 11
30.706630332612406
 21
16.34205335459771
 31
56.73299272955676
 12
44.508037643776674
 22
29.00462157243811
 32
56.73299272955676
 13
44.508037643776674
 23
29.00462157243811
 33
56.73299272955676
  0
3DFACE
  8
0
1001
WEBCAD
1000
E42_1778941710833
 10
49.63399675512187
 20
24.84531021341516
 30
56.73299272955676
 11
46.94760033807893
 21
26.772866246993033
 31
56.73299272955676
 12
30.706630332612406
 22
16.34205335459771
 32
56.73299272955676
 13
30.706630332612406
 23
16.34205335459771
 33
56.73299272955676
  0
3DFACE
  8
0
1001
WEBCAD
1000
E42_1778941710833
 10
40.50245212920271
 20
34.25158378670224
 30
56.73299272955676
 11
30.706630332612406
 21
16.34205335459771
 31
56.73299272955676
 12
42.3495547848558
 22
31.50924723704918
 32
56.73299272955676
 13
42.3495547848558
 23
31.50924723704918
 33
56.73299272955676
  0
3DFACE
  8
0
1001
WEBCAD
1000
E42_1778941710833
 10
52.52951577786388
 20
23.24901213316099
 30
56.73299272955676
 11
49.63399675512187
 21
24.84531021341516
 31
56.73299272955676
 12
30.706630332612406
 22
16.34205335459771
 32
56.73299272955676
 13
30.706630332612406
 23
16.34205335459771
 33
56.73299272955676
  0
3DFACE
  8
0
1001
WEBCAD
1000
E42_1778941710833
 10
38.99265894920387
 20
37.19313482751605
 30
56.73299272955676
 11
30.706630332612406
 21
16.34205335459771
 31
56.73299272955676
 12
40.50245212920271
 22
34.25158378670224
 32
56.73299272955676
 13
40.50245212920271
 23
34.25158378670224
 33
56.73299272955676
  0
3DFACE
  8
0
1001
WEBCAD
1000
E42_1778941710833
 10
55.59351066628153
 20
22.006380532148768
 30
56.73299272955676
 11
52.52951577786388
 21
23.24901213316099
 31
56.73299272955676
 12
30.706630332612406
 22
16.34205335459771
 32
56.73299272955676
 13
30.706630332612406
 23
16.34205335459771
 33
56.73299272955676
  0
3DFACE
  8
0
1001
WEBCAD
1000
E42_1778941710833
 10
37.84136943159899
 20
40.29260743083694
 30
56.73299272955676
 11
30.706630332612406
 21
16.34205335459771
 31
56.73299272955676
 12
38.99265894920387
 22
37.19313482751605
 32
56.73299272955676
 13
38.99265894920387
 23
37.19313482751605
 33
56.73299272955676
  0
3DFACE
  8
0
1001
WEBCAD
1000
E42_1778941710833
 10
58.78296964850114
 20
21.134859234174655
 30
56.73299272955676
 11
55.59351066628153
 21
22.006380532148768
 31
56.73299272955676
 12
30.706630332612406
 22
16.34205335459771
 32
56.73299272955676
 13
30.706630332612406
 23
16.34205335459771
 33
56.73299272955676
  0
3DFACE
  8
0
1001
WEBCAD
1000
E42_1778941710833
 10
37.06474515755747
 20
43.50649179544206
 30
56.73299272955676
 11
30.706630332612406
 21
16.34205335459771
 31
56.73299272955676
 12
37.84136943159899
 22
40.29260743083694
 32
56.73299272955676
 13
37.84136943159899
 23
40.29260743083694
 33
56.73299272955676
  0
3DFACE
  8
0
1001
WEBCAD
1000
E42_1778941710833
 10
62.05311971179259
 20
20.646682487863927
 30
56.73299272955676
 11
58.78296964850114
 21
21.134859234174655
 31
56.73299272955676
 12
30.706630332612406
 22
16.34205335459771
 32
56.73299272955676
 13
30.706630332612406
 23
16.34205335459771
 33
56.73299272955676
  0
3DFACE
  8
0
1001
WEBCAD
1000
E42_1778941710833
 10
36.673688229505444
 20
46.789672029773726
 30
56.73299272955676
 11
30.706630332612406
 21
16.34205335459771
 31
56.73299272955676
 12
37.06474515755747
 22
43.50649179544206
 32
56.73299272955676
 13
37.06474515755747
 23
43.50649179544206
 33
56.73299272955676
  0
3DFACE
  8
0
1001
WEBCAD
1000
E42_1778941710833
 10
65.35805511752471
 20
20.54870322463816
 30
56.73299272955676
 11
62.05311971179259
 21
20.646682487863927
 31
56.73299272955676
 12
30.706630332612406
 22
16.34205335459771
 32
56.73299272955676
 13
30.706630332612406
 23
16.34205335459771
 33
56.73299272955676
  0
3DFACE
  8
0
1001
WEBCAD
1000
E42_1778941710833
 10
30.706630332612406
 20
77.25139582688772
 30
56.73299272955676
 11
40.502452129202766
 21
62.63414772323327
 31
56.73299272955676
 12
42.349554784855854
 22
65.37648427288636
 32
56.73299272955676
 13
42.349554784855854
 23
65.37648427288636
 33
56.73299272955676
  0
3DFACE
  8
0
1001
WEBCAD
1000
E42_1778941710833
 10
30.706630332612406
 20
77.25139582688772
 30
56.73299272955676
 11
38.99265894920387
 21
59.69259668241949
 31
56.73299272955676
 12
40.502452129202766
 22
62.63414772323327
 32
56.73299272955676
 13
40.502452129202766
 23
62.63414772323327
 33
56.73299272955676
  0
3DFACE
  8
0
1001
WEBCAD
1000
E42_1778941710833
 10
30.706630332612406
 20
77.25139582688772
 30
56.73299272955676
 11
37.84136943159899
 21
56.5931240790986
 31
56.73299272955676
 12
38.99265894920387
 22
59.69259668241949
 32
56.73299272955676
 13
38.99265894920387
 23
59.69259668241949
 33
56.73299272955676
  0
3DFACE
  8
0
1001
WEBCAD
1000
E42_1778941710833
 10
30.706630332612406
 20
77.25139582688772
 30
56.73299272955676
 11
37.06474515755747
 21
53.37923971449348
 31
56.73299272955676
 12
37.84136943159899
 22
56.5931240790986
 32
56.73299272955676
 13
37.84136943159899
 23
56.5931240790986
 33
56.73299272955676
  0
3DFACE
  8
0
1001
WEBCAD
1000
E42_1778941710833
 10
30.706630332612406
 20
77.25139582688772
 30
56.73299272955676
 11
36.673688229505444
 21
50.09605948016181
 31
56.73299272955676
 12
37.06474515755747
 22
53.37923971449348
 32
56.73299272955676
 13
37.06474515755747
 23
53.37923971449348
 33
56.73299272955676
  0
3DFACE
  8
0
1001
WEBCAD
1000
E42_1778941710833
 10
30.706630332612406
 20
77.25139582688772
 30
56.73299272955676
 11
36.673688229505444
 21
46.789672029773726
 31
56.73299272955676
 12
36.673688229505444
 22
50.09605948016181
 32
56.73299272955676
 13
36.673688229505444
 23
50.09605948016181
 33
56.73299272955676
  0
3DFACE
  8
0
1001
WEBCAD
1000
E42_1778941710833
 10
30.706630332612406
 20
77.25139582688772
 30
56.73299272955676
 11
30.706630332612406
 21
16.34205335459771
 31
56.73299272955676
 12
36.673688229505444
 22
46.789672029773726
 32
56.73299272955676
 13
36.673688229505444
 23
46.789672029773726
 33
56.73299272955676
  0
3DFACE
  8
0
1001
WEBCAD
1000
E42_1778941710833
 10
44.50803764377673
 20
67.8811099374974
 30
56.73299272955676
 11
30.706630332612406
 21
77.25139582688772
 31
56.73299272955676
 12
42.349554784855854
 22
65.37648427288636
 32
56.73299272955676
 13
42.349554784855854
 23
65.37648427288636
 33
56.73299272955676
  0
3DFACE
  8
0
1001
WEBCAD
1000
E42_1778941710833
 10
46.947600338078985
 20
70.11286526294248
 30
56.73299272955676
 11
30.706630332612406
 21
77.25139582688772
 31
56.73299272955676
 12
44.50803764377673
 22
67.8811099374974
 32
56.73299272955676
 13
44.50803764377673
 23
67.8811099374974
 33
56.73299272955676
  0
3DFACE
  8
0
1001
WEBCAD
1000
E42_1778941710833
 10
102.45956280348241
 20
16.34205335459771
 30
56.73299272955676
 11
68.6513818171087
 21
20.842296858579886
 31
56.73299272955676
 12
65.35805511752471
 22
20.54870322463816
 32
56.73299272955676
 13
65.35805511752471
 23
20.54870322463816
 33
56.73299272955676
  0
3DFACE
  8
0
1001
WEBCAD
1000
E42_1778941710833
 10
102.45956280348241
 20
16.34205335459771
 30
56.73299272955676
 11
71.88686872274354
 21
21.523341978633738
 31
56.73299272955676
 12
68.6513818171087
 22
20.842296858579886
 32
56.73299272955676
 13
68.6513818171087
 23
20.842296858579886
 33
56.73299272955676
  0
3DFACE
  8
0
1001
WEBCAD
1000
E42_1778941710833
 10
102.45956280348241
 20
16.34205335459771
 30
56.73299272955676
 11
75.01909669054896
 21
22.58227820418344
 31
56.73299272955676
 12
71.88686872274354
 22
21.523341978633738
 32
56.73299272955676
 13
71.88686872274354
 23
21.523341978633738
 33
56.73299272955676
  0
3DFACE
  8
0
1001
WEBCAD
1000
E42_1778941710833
 10
102.45956280348241
 20
16.34205335459771
 30
56.73299272955676
 11
78.00409610578527
 21
24.004240391839147
 31
56.73299272955676
 12
75.01909669054896
 22
22.58227820418344
 32
56.73299272955676
 13
75.01909669054896
 23
22.58227820418344
 33
56.73299272955676
  0
3DFACE
  8
0
1001
WEBCAD
1000
E42_1778941710833
 10
102.45956280348241
 20
16.34205335459771
 30
56.73299272955676
 11
80.79996411986201
 21
25.769267309465704
 31
56.73299272955676
 12
78.00409610578527
 22
24.004240391839147
 32
56.73299272955676
 13
78.00409610578527
 23
24.004240391839147
 33
56.73299272955676
  0
3DFACE
  8
0
1001
WEBCAD
1000
E42_1778941710833
 10
102.45956280348241
 20
16.34205335459771
 30
56.73299272955676
 11
83.36745287447985
 21
27.852581848126363
 31
56.73299272955676
 12
80.79996411986201
 22
25.769267309465704
 32
56.73299272955676
 13
80.79996411986201
 23
25.769267309465704
 33
56.73299272955676
  0
3DFACE
  8
0
1001
WEBCAD
1000
E42_1778941710833
 10
102.45956280348241
 20
16.34205335459771
 30
56.73299272955676
 11
85.67052045552862
 21
30.224938838380126
 31
56.73299272955676
 12
83.36745287447985
 22
27.852581848126363
 32
56.73299272955676
 13
83.36745287447985
 23
27.852581848126363
 33
56.73299272955676
  0
3DFACE
  8
0
1001
WEBCAD
1000
E42_1778941710833
 10
102.45956280348241
 20
16.34205335459771
 30
56.73299272955676
 11
65.35805511752471
 21
20.54870322463816
 31
56.73299272955676
 12
30.706630332612406
 22
16.34205335459771
 32
56.73299272955676
 13
30.706630332612406
 23
16.34205335459771
 33
56.73299272955676
  0
3DFACE
  8
0
1001
WEBCAD
1000
E42_1778941710833
 10
87.6768368425569
 20
32.85303558835449
 30
56.73299272955676
 11
85.67052045552862
 21
30.224938838380126
 31
56.73299272955676
 12
102.45956280348241
 22
16.34205335459771
 32
56.73299272955676
 13
102.45956280348241
 23
16.34205335459771
 33
56.73299272955676
  0
3DFACE
  8
0
1001
WEBCAD
1000
E42_1778941710833
 10
49.63399675512193
 20
72.04042129652035
 30
56.73299272955676
 11
30.706630332612406
 21
77.25139582688772
 31
56.73299272955676
 12
46.947600338078985
 22
70.11286526294248
 32
56.73299272955676
 13
46.947600338078985
 23
70.11286526294248
 33
56.73299272955676
  0
3DFACE
  8
0
1001
WEBCAD
1000
E42_1778941710833
 10
89.35823775139045
 20
35.699979380538906
 30
56.73299272955676
 11
87.6768368425569
 21
32.85303558835449
 31
56.73299272955676
 12
102.45956280348241
 22
16.34205335459771
 32
56.73299272955676
 13
102.45956280348241
 23
16.34205335459771
 33
56.73299272955676
  0
3DFACE
  8
0
1001
WEBCAD
1000
E42_1778941710833
 10
52.529515777863935
 20
73.6367193767745
 30
56.73299272955676
 11
30.706630332612406
 21
77.25139582688772
 31
56.73299272955676
 12
49.63399675512193
 22
72.04042129652035
 32
56.73299272955676
 13
49.63399675512193
 23
72.04042129652035
 33
56.73299272955676
  0
3DFACE
  8
0
1001
WEBCAD
1000
E42_1778941710833
 10
90.69111999894562
 20
38.72580536466887
 30
56.73299272955676
 11
89.35823775139045
 21
35.699979380538906
 31
56.73299272955676
 12
102.45956280348241
 22
16.34205335459771
 32
56.73299272955676
 13
102.45956280348241
 23
16.34205335459771
 33
56.73299272955676
  0
3DFACE
  8
0
1001
WEBCAD
1000
E42_1778941710833
 10
55.59351066628159
 20
74.87935097778669
 30
56.73299272955676
 11
30.706630332612406
 21
77.25139582688772
 31
56.73299272955676
 12
52.529515777863935
 22
73.6367193767745
 32
56.73299272955676
 13
52.529515777863935
 23
73.6367193767745
 33
56.73299272955676
  0
3DFACE
  8
0
1001
WEBCAD
1000
E42_1778941710833
 10
91.65677284018057
 20
41.88803757661958
 30
56.73299272955676
 11
90.69111999894562
 21
38.72580536466887
 31
56.73299272955676
 12
102.45956280348241
 22
16.34205335459771
 32
56.73299272955676
 13
102.45956280348241
 23
16.34205335459771
 33
56.73299272955676
  0
3DFACE
  8
0
1001
WEBCAD
1000
E42_1778941710833
 10
58.782969648501194
 20
75.75087227576083
 30
56.73299272955676
 11
30.706630332612406
 21
77.25139582688772
 31
56.73299272955676
 12
55.59351066628159
 22
74.87935097778669
 32
56.73299272955676
 13
55.59351066628159
 23
74.87935097778669
 33
56.73299272955676
  0
3DFACE
  8
0
1001
WEBCAD
1000
E42_1778941710833
 10
92.24164062594156
 20
45.14228520783374
 30
56.73299272955676
 11
91.65677284018057
 21
41.88803757661958
 31
56.73299272955676
 12
102.45956280348241
 22
16.34205335459771
 32
56.73299272955676
 13
102.45956280348241
 23
16.34205335459771
 33
56.73299272955676
  0
3DFACE
  8
0
1001
WEBCAD
1000
E42_1778941710833
 10
92.4375130945624
 20
48.44286575496773
 30
56.73299272955676
 11
92.24164062594156
 21
45.14228520783374
 31
56.73299272955676
 12
102.45956280348241
 22
16.34205335459771
 32
56.73299272955676
 13
102.45956280348241
 23
16.34205335459771
 33
56.73299272955676
  0
3DFACE
  8
0
1001
WEBCAD
1000
E42_1778941710833
 10
102.45956280348241
 20
77.25139582688772
 30
56.73299272955676
 11
92.2416406259415
 21
51.74344630210183
 31
56.73299272955676
 12
92.4375130945624
 22
48.44286575496773
 32
56.73299272955676
 13
92.4375130945624
 23
48.44286575496773
 33
56.73299272955676
  0
3DFACE
  8
0
1001
WEBCAD
1000
E42_1778941710833
 10
102.45956280348241
 20
77.25139582688772
 30
56.73299272955676
 11
91.65677284018057
 21
54.99769393331596
 31
56.73299272955676
 12
92.2416406259415
 22
51.74344630210183
 32
56.73299272955676
 13
92.2416406259415
 23
51.74344630210183
 33
56.73299272955676
  0
3DFACE
  8
0
1001
WEBCAD
1000
E42_1778941710833
 10
102.45956280348241
 20
77.25139582688772
 30
56.73299272955676
 11
90.69111999894557
 21
58.15992614526667
 31
56.73299272955676
 12
91.65677284018057
 22
54.99769393331596
 32
56.73299272955676
 13
91.65677284018057
 23
54.99769393331596
 33
56.73299272955676
  0
3DFACE
  8
0
1001
WEBCAD
1000
E42_1778941710833
 10
102.45956280348241
 20
77.25139582688772
 30
56.73299272955676
 11
89.35823775139045
 21
61.18575212939663
 31
56.73299272955676
 12
90.69111999894557
 22
58.15992614526667
 32
56.73299272955676
 13
90.69111999894557
 23
58.15992614526667
 33
56.73299272955676
  0
3DFACE
  8
0
1001
WEBCAD
1000
E42_1778941710833
 10
102.45956280348241
 20
77.25139582688772
 30
56.73299272955676
 11
87.67683684255684
 21
64.03269592158102
 31
56.73299272955676
 12
89.35823775139045
 22
61.18575212939663
 32
56.73299272955676
 13
89.35823775139045
 23
61.18575212939663
 33
56.73299272955676
  0
3DFACE
  8
0
1001
WEBCAD
1000
E42_1778941710833
 10
102.45956280348241
 20
77.25139582688772
 30
56.73299272955676
 11
85.67052045552862
 21
66.66079267155536
 31
56.73299272955676
 12
87.67683684255684
 22
64.03269592158102
 32
56.73299272955676
 13
87.67683684255684
 23
64.03269592158102
 33
56.73299272955676
  0
3DFACE
  8
0
1001
WEBCAD
1000
E42_1778941710833
 10
102.45956280348241
 20
77.25139582688772
 30
56.73299272955676
 11
83.3674528744798
 21
69.03314966180912
 31
56.73299272955676
 12
85.67052045552862
 22
66.66079267155536
 32
56.73299272955676
 13
85.67052045552862
 23
66.66079267155536
 33
56.73299272955676
  0
3DFACE
  8
0
1001
WEBCAD
1000
E42_1778941710833
 10
102.45956280348241
 20
77.25139582688772
 30
56.73299272955676
 11
80.79996411986201
 21
71.11646420046978
 31
56.73299272955676
 12
83.3674528744798
 22
69.03314966180912
 32
56.73299272955676
 13
83.3674528744798
 23
69.03314966180912
 33
56.73299272955676
  0
3DFACE
  8
0
1001
WEBCAD
1000
E42_1778941710833
 10
102.45956280348241
 20
77.25139582688772
 30
56.73299272955676
 11
78.00409610578527
 21
72.8814911180963
 31
56.73299272955676
 12
80.79996411986201
 22
71.11646420046978
 32
56.73299272955676
 13
80.79996411986201
 23
71.11646420046978
 33
56.73299272955676
  0
3DFACE
  8
0
1001
WEBCAD
1000
E42_1778941710833
 10
102.45956280348241
 20
77.25139582688772
 30
56.73299272955676
 11
75.0190966905489
 21
74.30345330575202
 31
56.73299272955676
 12
78.00409610578527
 22
72.8814911180963
 32
56.73299272955676
 13
78.00409610578527
 23
72.8814911180963
 33
56.73299272955676
  0
3DFACE
  8
0
1001
WEBCAD
1000
E42_1778941710833
 10
102.45956280348241
 20
77.25139582688772
 30
56.73299272955676
 11
71.88686872274354
 21
75.36238953130172
 31
56.73299272955676
 12
75.0190966905489
 22
74.30345330575202
 32
56.73299272955676
 13
75.0190966905489
 23
74.30345330575202
 33
56.73299272955676
  0
3DFACE
  8
0
1001
WEBCAD
1000
E42_1778941710833
 10
102.45956280348241
 20
77.25139582688772
 30
56.73299272955676
 11
92.4375130945624
 21
48.44286575496773
 31
56.73299272955676
 12
102.45956280348241
 22
16.34205335459771
 32
56.73299272955676
 13
102.45956280348241
 23
16.34205335459771
 33
56.73299272955676
  0
3DFACE
  8
0
1001
WEBCAD
1000
E42_1778941710833
 10
102.45956280348241
 20
77.25139582688772
 30
56.73299272955676
 11
30.706630332612406
 21
77.25139582688772
 31
56.73299272955676
 12
65.35805511752471
 22
76.3370282852973
 32
56.73299272955676
 13
65.35805511752471
 23
76.3370282852973
 33
56.73299272955676
  0
3DFACE
  8
0
1001
WEBCAD
1000
E42_1778941710833
 10
65.35805511752471
 20
76.3370282852973
 30
56.73299272955676
 11
30.706630332612406
 21
77.25139582688772
 31
56.73299272955676
 12
62.05311971179265
 22
76.23904902207155
 32
56.73299272955676
 13
62.05311971179265
 23
76.23904902207155
 33
56.73299272955676
  0
3DFACE
  8
0
1001
WEBCAD
1000
E42_1778941710833
 10
62.05311971179265
 20
76.23904902207155
 30
56.73299272955676
 11
30.706630332612406
 21
77.25139582688772
 31
56.73299272955676
 12
58.782969648501194
 22
75.75087227576083
 32
56.73299272955676
 13
58.782969648501194
 23
75.75087227576083
 33
56.73299272955676
  0
3DFACE
  8
0
1001
WEBCAD
1000
E42_1778941710833
 10
102.45956280348241
 20
77.25139582688772
 30
56.73299272955676
 11
65.35805511752471
 21
76.3370282852973
 31
56.73299272955676
 12
68.6513818171087
 22
76.04343465135557
 32
56.73299272955676
 13
68.6513818171087
 23
76.04343465135557
 33
56.73299272955676
  0
3DFACE
  8
0
1001
WEBCAD
1000
E42_1778941710833
 10
102.45956280348241
 20
77.25139582688772
 30
56.73299272955676
 11
68.6513818171087
 21
76.04343465135557
 31
56.73299272955676
 12
71.88686872274354
 22
75.36238953130172
 32
56.73299272955676
 13
71.88686872274354
 23
75.36238953130172
 33
56.73299272955676
  0
3DFACE
  8
0
1001
WEBCAD
1000
E42_1778941710833
 10
25.706630332612406
 20
11.34205335459771
 30
51.73299272955676
 11
107.45956280348241
 21
11.34205335459771
 31
51.73299272955676
 12
102.45956280348241
 22
16.34205335459771
 32
56.73299272955676
 13
102.45956280348241
 23
16.34205335459771
 33
56.73299272955676
  0
3DFACE
  8
0
1001
WEBCAD
1000
E42_1778941710833
 10
30.706630332612406
 20
16.34205335459771
 30
56.73299272955676
 11
25.706630332612406
 21
11.34205335459771
 31
51.73299272955676
 12
102.45956280348241
 22
16.34205335459771
 32
56.73299272955676
 13
102.45956280348241
 23
16.34205335459771
 33
56.73299272955676
  0
3DFACE
  8
0
1001
WEBCAD
1000
E42_1778941710833
 10
107.45956280348241
 20
11.34205335459771
 30
51.73299272955676
 11
25.706630332612406
 21
11.34205335459771
 31
51.73299272955676
 12
25.706630332612406
 22
11.34205335459771
 32
12.87082582087876
 13
25.706630332612406
 23
11.34205335459771
 33
12.87082582087876
  0
3DFACE
  8
0
1001
WEBCAD
1000
E42_1778941710833
 10
107.45956280348241
 20
11.34205335459771
 30
51.73299272955676
 11
25.706630332612406
 21
11.34205335459771
 31
12.87082582087876
 12
107.45956280348241
 22
11.34205335459771
 32
12.87082582087876
 13
107.45956280348241
 23
11.34205335459771
 33
12.87082582087876
  0
3DFACE
  8
0
1001
WEBCAD
1000
E42_1778941710833
 10
92.4375130945624
 20
48.44286575496773
 30
12.87082582087876
 11
92.4375130945624
 21
48.44286575496773
 31
12.014831641297759
 12
92.25895175447477
 22
51.59471134791053
 32
12.014831641297759
 13
92.25895175447477
 23
51.59471134791053
 33
12.014831641297759
  0
3DFACE
  8
0
1001
WEBCAD
1000
E42_1778941710833
 10
92.24120680056387
 20
51.74708651570441
 30
12.87082582087876
 11
92.25895175447477
 21
51.59471134791053
 31
12.014831641297759
 12
91.72555281086784
 22
54.70622229291553
 32
12.014831641297759
 13
91.72555281086784
 23
54.70622229291553
 33
12.014831641297759
  0
3DFACE
  8
0
1001
WEBCAD
1000
E42_1778941710833
 10
92.24120680056387
 20
51.74708651570441
 30
12.87082582087876
 11
92.4375130945624
 21
48.44286575496773
 31
12.87082582087876
 12
92.25895175447477
 22
51.59471134791053
 32
12.014831641297759
 13
92.25895175447477
 23
51.59471134791053
 33
12.014831641297759
  0
3DFACE
  8
0
1001
WEBCAD
1000
E42_1778941710833
 10
91.655049732073
 20
55.004820526916006
 30
12.87082582087876
 11
91.72555281086784
 21
54.70622229291553
 31
12.014831641297759
 12
90.84414225123567
 22
57.73758011067571
 32
12.014831641297759
 13
90.84414225123567
 23
57.73758011067571
 33
12.014831641297759
  0
3DFACE
  8
0
1001
WEBCAD
1000
E42_1778941710833
 10
91.655049732073
 20
55.004820526916006
 30
12.87082582087876
 11
92.24120680056387
 21
51.74708651570441
 31
12.87082582087876
 12
91.72555281086784
 22
54.70622229291553
 32
12.014831641297759
 13
91.72555281086784
 23
54.70622229291553
 33
12.014831641297759
  0
3DFACE
  8
0
1001
WEBCAD
1000
E42_1778941710833
 10
90.68728847392725
 20
58.17023505648061
 30
12.87082582087876
 11
90.84414225123567
 21
57.73758011067571
 31
12.014831641297759
 12
89.62599962070931
 22
60.6499920536572
 32
12.014831641297759
 13
89.62599962070931
 23
60.6499920536572
 33
12.014831641297759
  0
3DFACE
  8
0
1001
WEBCAD
1000
E42_1778941710833
 10
90.68728847392725
 20
58.17023505648061
 30
12.87082582087876
 11
91.655049732073
 21
55.004820526916006
 31
12.87082582087876
 12
90.84414225123567
 22
57.73758011067571
 32
12.014831641297759
 13
90.84414225123567
 23
57.73758011067571
 33
12.014831641297759
  0
3DFACE
  8
0
1001
WEBCAD
1000
E42_1778941710833
 10
89.35153836192438
 20
61.1987962057776
 30
12.87082582087876
 11
89.62599962070931
 21
60.6499920536572
 31
12.014831641297759
 12
88.08671367600016
 22
63.40618754279575
 32
12.014831641297759
 13
88.08671367600016
 23
63.40618754279575
 33
12.014831641297759
  0
3DFACE
  8
0
1001
WEBCAD
1000
E42_1778941710833
 10
89.35153836192438
 20
61.1987962057776
 30
12.87082582087876
 11
90.68728847392725
 21
58.17023505648061
 31
12.87082582087876
 12
89.62599962070931
 22
60.6499920536572
 32
12.014831641297759
 13
89.62599962070931
 23
60.6499920536572
 33
12.014831641297759
  0
3DFACE
  8
0
1001
WEBCAD
1000
E42_1778941710833
 10
87.66659193003272
 20
64.04789545262776
 30
12.87082582087876
 11
88.08671367600016
 21
63.40618754279575
 31
12.014831641297759
 12
86.24598289370692
 22
65.97089512477172
 32
12.014831641297759
 13
86.24598289370692
 23
65.97089512477172
 33
12.014831641297759
  0
3DFACE
  8
0
1001
WEBCAD
1000
E42_1778941710833
 10
87.66659193003272
 20
64.04789545262776
 30
12.87082582087876
 11
89.35153836192438
 21
61.1987962057776
 31
12.87082582087876
 12
88.08671367600016
 22
63.40618754279575
 32
12.014831641297759
 13
88.08671367600016
 23
63.40618754279575
 33
12.014831641297759
  0
3DFACE
  8
0
1001
WEBCAD
1000
E42_1778941710833
 10
85.65615452012082
 20
66.67744910630617
 30
12.87082582087876
 11
86.24598289370692
 21
65.97089512477172
 31
12.014831641297759
 12
84.12736338591151
 22
68.31129384616844
 32
12.014831641297759
 13
84.12736338591151
 23
68.31129384616844
 33
12.014831641297759
  0
3DFACE
  8
0
1001
WEBCAD
1000
E42_1778941710833
 10
85.65615452012082
 20
66.67744910630617
 30
12.87082582087876
 11
87.66659193003272
 21
64.04789545262776
 31
12.87082582087876
 12
86.24598289370692
 22
65.97089512477172
 32
12.014831641297759
 13
86.24598289370692
 23
65.97089512477172
 33
12.014831641297759
  0
3DFACE
  8
0
1001
WEBCAD
1000
E42_1778941710833
 10
83.34851077388726
 20
69.05046224095497
 30
12.87082582087876
 11
84.12736338591151
 21
68.31129384616844
 31
12.014831641297759
 12
81.75796744902595
 22
70.39743326821034
 32
12.014831641297759
 13
81.75796744902595
 23
70.39743326821034
 33
12.014831641297759
  0
3DFACE
  8
0
1001
WEBCAD
1000
E42_1778941710833
 10
83.34851077388726
 20
69.05046224095497
 30
12.87082582087876
 11
85.65615452012082
 21
66.67744910630617
 31
12.87082582087876
 12
84.12736338591151
 22
68.31129384616844
 32
12.014831641297759
 13
84.12736338591151
 23
68.31129384616844
 33
12.014831641297759
  0
3DFACE
  8
0
1001
WEBCAD
1000
E42_1778941710833
 10
80.7761266990816
 20
71.13354917347428
 30
12.87082582087876
 11
81.75796744902595
 21
70.39743326821034
 31
12.014831641297759
 12
79.16811660360759
 22
72.20261674708794
 32
12.014831641297759
 13
79.16811660360759
 23
72.20261674708794
 33
12.014831641297759
  0
3DFACE
  8
0
1001
WEBCAD
1000
E42_1778941710833
 10
80.7761266990816
 20
71.13354917347428
 30
12.87082582087876
 11
83.34851077388726
 21
69.05046224095497
 31
12.87082582087876
 12
81.75796744902595
 22
70.39743326821034
 32
12.014831641297759
 13
81.75796744902595
 23
70.39743326821034
 33
12.014831641297759
  0
3DFACE
  8
0
1001
WEBCAD
1000
E42_1778941710833
 10
77.97519290850687
 20
72.89740316333948
 30
12.87082582087876
 11
79.16811660360759
 21
72.20261674708794
 31
12.014831641297759
 12
76.39095356524342
 22
73.7037430749734
 32
12.014831641297759
 13
76.39095356524342
 23
73.7037430749734
 33
12.014831641297759
  0
3DFACE
  8
0
1001
WEBCAD
1000
E42_1778941710833
 10
77.97519290850687
 20
72.89740316333948
 30
12.87082582087876
 11
80.7761266990816
 21
71.13354917347428
 31
12.87082582087876
 12
79.16811660360759
 22
72.20261674708794
 32
12.014831641297759
 13
79.16811660360759
 23
72.20261674708794
 33
12.014831641297759
  0
3DFACE
  8
0
1001
WEBCAD
1000
E42_1778941710833
 10
74.98511545792849
 20
74.31720872618578
 30
12.87082582087876
 11
76.39095356524342
 21
73.7037430749734
 31
12.014831641297759
 12
73.46201811217304
 22
74.88160210969451
 32
12.014831641297759
 13
73.46201811217304
 23
74.88160210969451
 33
12.014831641297759
  0
3DFACE
  8
0
1001
WEBCAD
1000
E42_1778941710833
 10
74.98511545792849
 20
74.31720872618578
 30
12.87082582087876
 11
77.97519290850687
 21
72.89740316333948
 31
12.87082582087876
 12
76.39095356524342
 22
73.7037430749734
 32
12.014831641297759
 13
76.39095356524342
 23
73.7037430749734
 33
12.014831641297759
  0
3DFACE
  8
0
1001
WEBCAD
1000
E42_1778941710833
 10
71.84796144623931
 20
75.37299076036189
 30
12.87082582087876
 11
73.46201811217304
 21
74.88160210969451
 31
12.014831641297759
 12
70.418792277335
 22
75.72112060984875
 32
12.014831641297759
 13
70.418792277335
 23
75.72112060984875
 33
12.014831641297759
  0
3DFACE
  8
0
1001
WEBCAD
1000
E42_1778941710833
 10
71.84796144623931
 20
75.37299076036189
 30
12.87082582087876
 11
74.98511545792849
 21
74.31720872618578
 31
12.87082582087876
 12
73.46201811217304
 22
74.88160210969451
 32
12.014831641297759
 13
73.46201811217304
 23
74.88160210969451
 33
12.014831641297759
  0
3DFACE
  8
0
1001
WEBCAD
1000
E42_1778941710833
 10
68.6078671776765
 20
76.04989557462562
 30
12.87082582087876
 11
70.418792277335
 21
75.72112060984875
 31
12.014831641297759
 12
67.30022068508475
 22
76.2115551293686
 32
12.014831641297759
 13
67.30022068508475
 23
76.2115551293686
 33
12.014831641297759
  0
3DFACE
  8
0
1001
WEBCAD
1000
E42_1778941710833
 10
68.6078671776765
 20
76.04989557462562
 30
12.87082582087876
 11
71.84796144623931
 21
75.37299076036189
 31
12.87082582087876
 12
70.418792277335
 22
75.72112060984875
 32
12.014831641297759
 13
70.418792277335
 23
75.72112060984875
 33
12.014831641297759
  0
3DFACE
  8
0
1001
WEBCAD
1000
E42_1778941710833
 10
65.31041721259709
 20
76.33839986323213
 30
12.87082582087876
 11
67.30022068508475
 21
76.2115551293686
 31
12.014831641297759
 12
64.14621217090712
 22
76.3466295030365
 32
12.014831641297759
 13
64.14621217090712
 23
76.3466295030365
 33
12.014831641297759
  0
3DFACE
  8
0
1001
WEBCAD
1000
E42_1778941710833
 10
65.31041721259709
 20
76.33839986323213
 30
12.87082582087876
 11
68.6078671776765
 21
76.04989557462562
 31
12.87082582087876
 12
67.30022068508475
 22
76.2115551293686
 32
12.014831641297759
 13
67.30022068508475
 23
76.2115551293686
 33
12.014831641297759
  0
3DFACE
  8
0
1001
WEBCAD
1000
E42_1778941710833
 10
62.00200304288302
 20
76.23444468836442
 30
12.87082582087876
 11
64.14621217090712
 21
76.3466295030365
 31
12.014831641297759
 12
60.99712906197226
 22
76.1246151635269
 32
12.014831641297759
 13
60.99712906197226
 23
76.1246151635269
 33
12.014831641297759
  0
3DFACE
  8
0
1001
WEBCAD
1000
E42_1778941710833
 10
62.00200304288302
 20
76.23444468836442
 30
12.87082582087876
 11
65.31041721259709
 21
76.33839986323213
 31
12.87082582087876
 12
64.14621217090712
 22
76.3466295030365
 32
12.014831641297759
 13
64.14621217090712
 23
76.3466295030365
 33
12.014831641297759
  0
3DFACE
  8
0
1001
WEBCAD
1000
E42_1778941710833
 10
58.72917041470845
 20
75.73949258492135
 30
12.87082582087876
 11
62.00200304288302
 21
76.23444468836442
 31
12.87082582087876
 12
60.99712906197226
 22
76.1246151635269
 32
12.014831641297759
 13
60.99712906197226
 23
76.1246151635269
 33
12.014831641297759
  0
3DFACE
  8
0
1001
WEBCAD
1000
E42_1778941710833
 10
58.72917041470845
 20
75.73949258492135
 30
12.87082582087876
 11
60.99712906197226
 21
76.1246151635269
 31
12.014831641297759
 12
57.893270654289495
 22
75.5483532621453
 32
12.014831641297759
 13
57.893270654289495
 23
75.5483532621453
 33
12.014831641297759
  0
3DFACE
  8
0
1001
WEBCAD
1000
E42_1778941710833
 10
55.537964481118706
 20
74.86050698426104
 30
12.87082582087876
 11
58.72917041470845
 21
75.73949258492135
 31
12.87082582087876
 12
57.893270654289495
 22
75.5483532621453
 32
12.014831641297759
 13
57.893270654289495
 23
75.5483532621453
 33
12.014831641297759
  0
3DFACE
  8
0
1001
WEBCAD
1000
E42_1778941710833
 10
55.537964481118706
 20
74.86050698426104
 30
12.87082582087876
 11
57.893270654289495
 21
75.5483532621453
 31
12.014831641297759
 12
54.87435749648239
 22
74.62521831017773
 32
12.014831641297759
 13
54.87435749648239
 23
74.62521831017773
 33
12.014831641297759
  0
3DFACE
  8
0
1001
WEBCAD
1000
E42_1778941710833
 10
52.47328199740241
 20
73.60985424638773
 30
12.87082582087876
 11
55.537964481118706
 21
74.86050698426104
 31
12.87082582087876
 12
54.87435749648239
 22
74.62521831017773
 32
12.014831641297759
 13
54.87435749648239
 23
74.62521831017773
 33
12.014831641297759
  0
3DFACE
  8
0
1001
WEBCAD
1000
E42_1778941710833
 10
84.81840571502994
 20
29.28058004745904
 30
12.87082582087876
 11
82.63200520693243
 21
27.20315721420772
 31
12.87082582087876
 12
84.53501171637242
 22
28.98492430318771
 32
12.014831641297759
 13
84.53501171637242
 23
28.98492430318771
 33
12.014831641297759
  0
3DFACE
  8
0
1001
WEBCAD
1000
E42_1778941710833
 10
84.81840571502994
 20
29.28058004745904
 30
12.87082582087876
 11
84.53501171637242
 21
28.98492430318771
 31
12.014831641297759
 12
86.553998589446
 22
31.30344081225593
 32
12.014831641297759
 13
86.553998589446
 23
31.30344081225593
 33
12.014831641297759
  0
3DFACE
  8
0
1001
WEBCAD
1000
E42_1778941710833
 10
86.76784989756123
 20
31.581818885371717
 30
12.87082582087876
 11
86.553998589446
 21
31.30344081225593
 31
12.014831641297759
 12
88.30569581390364
 22
33.82997670756663
 32
12.014831641297759
 13
88.30569581390364
 23
33.82997670756663
 33
12.014831641297759
  0
3DFACE
  8
0
1001
WEBCAD
1000
E42_1778941710833
 10
86.76784989756123
 20
31.581818885371717
 30
12.87082582087876
 11
84.81840571502994
 21
29.28058004745904
 31
12.87082582087876
 12
86.553998589446
 22
31.30344081225593
 32
12.014831641297759
 13
86.553998589446
 23
31.30344081225593
 33
12.014831641297759
  0
3DFACE
  8
0
1001
WEBCAD
1000
E42_1778941710833
 10
88.45756819483466
 20
34.079995197360574
 30
12.87082582087876
 11
88.30569581390364
 21
33.82997670756663
 31
12.014831641297759
 12
89.7688432259593
 22
36.533867690402474
 32
12.014831641297759
 13
89.7688432259593
 23
36.533867690402474
 33
12.014831641297759
  0
3DFACE
  8
0
1001
WEBCAD
1000
E42_1778941710833
 10
88.45756819483466
 20
34.079995197360574
 30
12.87082582087876
 11
86.76784989756123
 21
31.581818885371717
 31
12.87082582087876
 12
88.30569581390364
 22
33.82997670756663
 32
12.014831641297759
 13
88.30569581390364
 23
33.82997670756663
 33
12.014831641297759
  0
3DFACE
  8
0
1001
WEBCAD
1000
E42_1778941710833
 10
89.86782465237843
 20
36.74593021792637
 30
12.87082582087876
 11
89.7688432259593
 21
36.533867690402474
 31
12.014831641297759
 12
90.92568276035377
 22
39.382296922124425
 32
12.014831641297759
 13
90.92568276035377
 23
39.382296922124425
 33
12.014831641297759
  0
3DFACE
  8
0
1001
WEBCAD
1000
E42_1778941710833
 10
89.86782465237843
 20
36.74593021792637
 30
12.87082582087876
 11
88.45756819483466
 21
34.079995197360574
 31
12.87082582087876
 12
89.7688432259593
 22
36.533867690402474
 32
12.014831641297759
 13
89.7688432259593
 23
36.533867690402474
 33
12.014831641297759
  0
3DFACE
  8
0
1001
WEBCAD
1000
E42_1778941710833
 10
90.98214743741147
 20
39.548485755409814
 30
12.87082582087876
 11
90.92568276035377
 21
39.382296922124425
 31
12.014831641297759
 12
91.76217397811513
 22
42.340693318666695
 32
12.014831641297759
 13
91.76217397811513
 23
42.340693318666695
 33
12.014831641297759
  0
3DFACE
  8
0
1001
WEBCAD
1000
E42_1778941710833
 10
90.98214743741147
 20
39.548485755409814
 30
12.87082582087876
 11
89.86782465237843
 21
36.74593021792637
 31
12.87082582087876
 12
90.92568276035377
 22
39.382296922124425
 32
12.014831641297759
 13
90.92568276035377
 23
39.382296922124425
 33
12.014831641297759
  0
3DFACE
  8
0
1001
WEBCAD
1000
E42_1778941710833
 10
91.78752123028687
 20
42.454927886895035
 30
12.87082582087876
 11
91.76217397811513
 21
42.340693318666695
 31
12.014831641297759
 12
92.26816447387989
 22
45.37315113612465
 32
12.014831641297759
 13
92.26816447387989
 23
45.37315113612465
 33
12.014831641297759
  0
3DFACE
  8
0
1001
WEBCAD
1000
E42_1778941710833
 10
91.78752123028687
 20
42.454927886895035
 30
12.87082582087876
 11
90.98214743741147
 21
39.548485755409814
 31
12.87082582087876
 12
91.76217397811513
 22
42.340693318666695
 32
12.014831641297759
 13
91.76217397811513
 23
42.340693318666695
 33
12.014831641297759
  0
3DFACE
  8
0
1001
WEBCAD
1000
E42_1778941710833
 10
92.27453924376994
 20
45.431309291296344
 30
12.87082582087876
 11
92.26816447387989
 21
45.37315113612465
 31
12.014831641297759
 12
92.4375130945624
 22
48.44286575496773
 32
12.014831641297759
 13
92.4375130945624
 23
48.44286575496773
 33
12.014831641297759
  0
3DFACE
  8
0
1001
WEBCAD
1000
E42_1778941710833
 10
92.27453924376994
 20
45.431309291296344
 30
12.87082582087876
 11
91.78752123028687
 21
42.454927886895035
 31
12.87082582087876
 12
92.26816447387989
 22
45.37315113612465
 32
12.014831641297759
 13
92.26816447387989
 23
45.37315113612465
 33
12.014831641297759
  0
3DFACE
  8
0
1001
WEBCAD
1000
E42_1778941710833
 10
92.4375130945624
 20
48.44286575496773
 30
12.87082582087876
 11
92.27453924376994
 21
45.431309291296344
 31
12.87082582087876
 12
92.4375130945624
 22
48.44286575496773
 32
12.014831641297759
 13
92.4375130945624
 23
48.44286575496773
 33
12.014831641297759
  0
3DFACE
  8
0
1001
WEBCAD
1000
E42_1778941710833
 10
79.52553971367661
 20
47.39642007570771
 30
69.96491474108714
 11
78.42548904218495
 21
44.940730953054526
 31
74.42261344106277
 12
78.61875596757244
 22
47.39642007570771
 32
74.42261344106277
 13
78.61875596757244
 23
47.39642007570771
 33
74.42261344106277
  0
3DFACE
  8
0
1001
WEBCAD
1000
E42_1778941710833
 10
91.11764719097584
 20
44.06532990580854
 30
12.014831641297759
 11
90.40694466694663
 21
47.39642007570771
 31
16.47253034128156
 12
91.31372841305244
 22
47.39642007570771
 32
12.014831641297759
 13
91.31372841305244
 23
47.39642007570771
 33
12.014831641297759
  0
3DFACE
  8
0
1001
WEBCAD
1000
E42_1778941710833
 10
79.52553971367661
 20
47.39642007570771
 30
69.96491474108714
 11
78.61875596757244
 21
47.39642007570771
 31
74.42261344106277
 12
78.42548904218495
 22
49.85210919836089
 32
74.42261344106277
 13
78.42548904218495
 23
49.85210919836089
 33
74.42261344106277
  0
3DFACE
  8
0
1001
WEBCAD
1000
E42_1778941710833
 10
91.31372841305244
 20
47.39642007570771
 30
12.014831641297759
 11
90.40694466694663
 21
47.39642007570771
 31
16.47253034128156
 12
91.12247699032116
 22
50.68636975913461
 32
12.014831641297759
 13
91.12247699032116
 23
50.68636975913461
 33
12.014831641297759
  0
3DFACE
  8
0
1001
WEBCAD
1000
E42_1778941710833
 10
79.29907377216301
 20
44.66338260468737
 30
69.96491474107884
 11
79.52553971367661
 21
47.39642007570771
 31
69.96491474108714
 12
80.43232345978242
 22
47.39642007570771
 32
65.50721604110335
 13
80.43232345978242
 23
47.39642007570771
 33
65.50721604110335
  0
3DFACE
  8
0
1001
WEBCAD
1000
E42_1778941710833
 10
79.29907377216301
 20
44.66338260468737
 30
69.96491474107884
 11
78.42548904218495
 21
44.940730953054526
 31
74.42261344106277
 12
79.52553971367661
 22
47.39642007570771
 32
69.96491474108714
 13
79.52553971367661
 23
47.39642007570771
 33
69.96491474108714
  0
3DFACE
  8
0
1001
WEBCAD
1000
E42_1778941710833
 10
79.29907377216301
 20
44.66338260468737
 30
69.96491474107884
 11
77.85044713915369
 21
42.545509046565996
 31
74.42261344106277
 12
78.42548904218495
 22
44.940730953054526
 32
74.42261344106277
 13
78.42548904218495
 23
44.940730953054526
 33
74.42261344106277
  0
3DFACE
  8
0
1001
WEBCAD
1000
E42_1778941710833
 10
78.62585334814867
 20
42.00489527137262
 30
69.96491474107884
 11
76.9077896985819
 21
40.26973266886566
 31
74.42261344106277
 12
77.85044713915369
 22
42.545509046565996
 32
74.42261344106277
 13
77.85044713915369
 23
42.545509046565996
 33
74.42261344106277
  0
3DFACE
  8
0
1001
WEBCAD
1000
E42_1778941710833
 10
78.62585334814867
 20
42.00489527137262
 30
69.96491474107884
 11
77.85044713915369
 21
42.545509046565996
 31
74.42261344106277
 12
79.29907377216301
 22
44.66338260468737
 32
69.96491474107884
 13
79.29907377216301
 23
44.66338260468737
 33
69.96491474107884
  0
3DFACE
  8
0
1001
WEBCAD
1000
E42_1778941710833
 10
80.19349016987655
 20
44.51413090552421
 30
65.50721604109505
 11
80.43232345978242
 21
47.39642007570771
 31
65.50721604110335
 12
81.3391072058883
 22
47.39642007570771
 32
61.04951734111954
 13
81.3391072058883
 23
47.39642007570771
 33
61.04951734111954
  0
3DFACE
  8
0
1001
WEBCAD
1000
E42_1778941710833
 10
80.19349016987655
 20
44.51413090552421
 30
65.50721604109505
 11
79.29907377216301
 21
44.66338260468737
 31
69.96491474107884
 12
80.43232345978242
 22
47.39642007570771
 32
65.50721604110335
 13
80.43232345978242
 23
47.39642007570771
 33
65.50721604110335
  0
3DFACE
  8
0
1001
WEBCAD
1000
E42_1778941710833
 10
77.5242421398471
 20
39.49347468006394
 30
69.96491474107884
 11
76.9077896985819
 21
40.26973266886566
 31
74.42261344106277
 12
78.62585334814867
 22
42.00489527137262
 32
69.96491474107884
 13
78.62585334814867
 23
42.00489527137262
 33
69.96491474107884
  0
3DFACE
  8
0
1001
WEBCAD
1000
E42_1778941710833
 10
77.5242421398471
 20
39.49347468006394
 30
69.96491474107884
 11
75.6207280751571
 21
38.16943898724122
 31
74.42261344106277
 12
76.9077896985819
 22
40.26973266886566
 32
74.42261344106277
 13
76.9077896985819
 23
40.26973266886566
 33
74.42261344106277
  0
3DFACE
  8
0
1001
WEBCAD
1000
E42_1778941710833
 10
79.48350504970972
 20
41.710463070328956
 30
65.50721604109505
 11
79.29907377216301
 21
44.66338260468737
 31
69.96491474107884
 12
80.19349016987655
 22
44.51413090552421
 32
65.50721604109505
 13
80.19349016987655
 23
44.51413090552421
 33
65.50721604109505
  0
3DFACE
  8
0
1001
WEBCAD
1000
E42_1778941710833
 10
79.48350504970972
 20
41.710463070328956
 30
65.50721604109505
 11
78.62585334814867
 21
42.00489527137262
 31
69.96491474107884
 12
79.29907377216301
 22
44.66338260468737
 32
69.96491474107884
 13
79.29907377216301
 23
44.66338260468737
 33
69.96491474107884
  0
3DFACE
  8
0
1001
WEBCAD
1000
E42_1778941710833
 10
81.0879065675901
 20
44.364879206361024
 30
61.04951734111128
 11
81.3391072058883
 21
47.39642007570771
 31
61.04951734111954
 12
82.24589095199411
 22
47.39642007570771
 32
56.59181864113575
 13
82.24589095199411
 23
47.39642007570771
 33
56.59181864113575
  0
3DFACE
  8
0
1001
WEBCAD
1000
E42_1778941710833
 10
81.0879065675901
 20
44.364879206361024
 30
61.04951734111128
 11
80.19349016987655
 21
44.51413090552421
 31
65.50721604109505
 12
81.3391072058883
 22
47.39642007570771
 32
61.04951734111954
 13
81.3391072058883
 23
47.39642007570771
 33
61.04951734111954
  0
3DFACE
  8
0
1001
WEBCAD
1000
E42_1778941710833
 10
76.02428922933467
 20
37.19762583770731
 30
69.96491474107884
 11
74.02095399756075
 21
36.29634420260939
 31
74.42261344106277
 12
75.6207280751571
 22
38.16943898724122
 32
74.42261344106277
 13
75.6207280751571
 23
38.16943898724122
 33
74.42261344106277
  0
3DFACE
  8
0
1001
WEBCAD
1000
E42_1778941710833
 10
76.02428922933467
 20
37.19762583770731
 30
69.96491474107884
 11
75.6207280751571
 21
38.16943898724122
 31
74.42261344106277
 12
77.5242421398471
 22
39.49347468006394
 32
69.96491474107884
 13
77.5242421398471
 23
39.49347468006394
 33
69.96491474107884
  0
3DFACE
  8
0
1001
WEBCAD
1000
E42_1778941710833
 10
78.32173464256817
 20
39.061893320056754
 30
65.50721604109505
 11
78.62585334814867
 21
42.00489527137262
 31
69.96491474107884
 12
79.48350504970972
 22
41.710463070328956
 32
65.50721604109505
 13
79.48350504970972
 23
41.710463070328956
 33
65.50721604109505
  0
3DFACE
  8
0
1001
WEBCAD
1000
E42_1778941710833
 10
78.32173464256817
 20
39.061893320056754
 30
65.50721604109505
 11
76.02428922933467
 21
37.19762583770731
 31
69.96491474107884
 12
77.5242421398471
 22
39.49347468006394
 32
69.96491474107884
 13
77.5242421398471
 23
39.49347468006394
 33
69.96491474107884
  0
3DFACE
  8
0
1001
WEBCAD
1000
E42_1778941710833
 10
78.32173464256817
 20
39.061893320056754
 30
65.50721604109505
 11
77.5242421398471
 21
39.49347468006394
 31
69.96491474107884
 12
78.62585334814867
 22
42.00489527137262
 32
69.96491474107884
 13
78.62585334814867
 23
42.00489527137262
 33
69.96491474107884
  0
3DFACE
  8
0
1001
WEBCAD
1000
E42_1778941710833
 10
80.34115675127072
 20
41.416030869285265
 30
61.04951734111128
 11
78.32173464256817
 21
39.061893320056754
 31
65.50721604109505
 12
79.48350504970972
 22
41.710463070328956
 32
65.50721604109505
 13
79.48350504970972
 23
41.710463070328956
 33
65.50721604109505
  0
3DFACE
  8
0
1001
WEBCAD
1000
E42_1778941710833
 10
80.34115675127072
 20
41.416030869285265
 30
61.04951734111128
 11
79.48350504970972
 21
41.710463070328956
 31
65.50721604109505
 12
80.19349016987655
 22
44.51413090552421
 32
65.50721604109505
 13
80.19349016987655
 23
44.51413090552421
 33
65.50721604109505
  0
3DFACE
  8
0
1001
WEBCAD
1000
E42_1778941710833
 10
80.34115675127072
 20
41.416030869285265
 30
61.04951734111128
 11
80.19349016987655
 21
44.51413090552421
 31
65.50721604109505
 12
81.0879065675901
 22
44.364879206361024
 32
61.04951734111128
 13
81.0879065675901
 23
44.364879206361024
 33
61.04951734111128
  0
3DFACE
  8
0
1001
WEBCAD
1000
E42_1778941710833
 10
81.98232296530358
 20
44.215627507197865
 30
56.5918186411275
 11
82.24589095199411
 21
47.39642007570771
 31
56.59181864113575
 12
83.15267469809993
 22
47.39642007570771
 32
52.134119941151944
 13
83.15267469809993
 23
47.39642007570771
 33
52.134119941151944
  0
3DFACE
  8
0
1001
WEBCAD
1000
E42_1778941710833
 10
81.98232296530358
 20
44.215627507197865
 30
56.5918186411275
 11
81.0879065675901
 21
44.364879206361024
 31
61.04951734111128
 12
82.24589095199411
 22
47.39642007570771
 32
56.59181864113575
 13
82.24589095199411
 23
47.39642007570771
 33
56.59181864113575
  0
3DFACE
  8
0
1001
WEBCAD
1000
E42_1778941710833
 10
74.16690942192474
 20
35.17997351589099
 30
69.96491474107884
 11
72.14785921292889
 21
34.69657012501301
 31
74.42261344106277
 12
74.02095399756075
 22
36.29634420260939
 32
74.42261344106277
 13
74.02095399756075
 23
36.29634420260939
 33
74.42261344106277
  0
3DFACE
  8
0
1001
WEBCAD
1000
E42_1778941710833
 10
74.16690942192474
 20
35.17997351589099
 30
69.96491474107884
 11
74.02095399756075
 21
36.29634420260939
 31
74.42261344106277
 12
76.02428922933467
 22
37.19762583770731
 32
69.96491474107884
 13
76.02428922933467
 23
37.19762583770731
 33
69.96491474107884
  0
3DFACE
  8
0
1001
WEBCAD
1000
E42_1778941710833
 10
76.73986901664932
 20
36.64066773318896
 30
65.50721604109505
 11
76.02428922933467
 21
37.19762583770731
 31
69.96491474107884
 12
78.32173464256817
 22
39.061893320056754
 32
65.50721604109505
 13
78.32173464256817
 23
39.061893320056754
 33
65.50721604109505
  0
3DFACE
  8
0
1001
WEBCAD
1000
E42_1778941710833
 10
79.11922714528924
 20
38.63031196004957
 30
61.04951734111128
 11
76.73986901664932
 21
36.64066773318896
 31
65.50721604109505
 12
78.32173464256817
 22
39.061893320056754
 32
65.50721604109505
 13
78.32173464256817
 23
39.061893320056754
 33
65.50721604109505
  0
3DFACE
  8
0
1001
WEBCAD
1000
E42_1778941710833
 10
79.11922714528924
 20
38.63031196004957
 30
61.04951734111128
 11
78.32173464256817
 21
39.061893320056754
 31
65.50721604109505
 12
80.34115675127072
 22
41.416030869285265
 32
61.04951734111128
 13
80.34115675127072
 23
41.416030869285265
 33
61.04951734111128
  0
3DFACE
  8
0
1001
WEBCAD
1000
E42_1778941710833
 10
81.19880845283177
 20
41.121598668241575
 30
56.5918186411275
 11
80.34115675127072
 21
41.416030869285265
 31
61.04951734111128
 12
81.0879065675901
 22
44.364879206361024
 32
61.04951734111128
 13
81.0879065675901
 23
44.364879206361024
 33
61.04951734111128
  0
3DFACE
  8
0
1001
WEBCAD
1000
E42_1778941710833
 10
81.19880845283177
 20
41.121598668241575
 30
56.5918186411275
 11
81.0879065675901
 21
44.364879206361024
 31
61.04951734111128
 12
81.98232296530358
 22
44.215627507197865
 32
56.5918186411275
 13
81.98232296530358
 23
44.215627507197865
 33
56.5918186411275
  0
3DFACE
  8
0
1001
WEBCAD
1000
E42_1778941710833
 10
72.00276719693568
 20
33.49555401032708
 30
69.96491474107884
 11
72.14785921292889
 21
34.69657012501301
 31
74.42261344106277
 12
74.16690942192474
 22
35.17997351589099
 32
69.96491474107884
 13
74.16690942192474
 23
35.17997351589099
 33
69.96491474107884
  0
3DFACE
  8
0
1001
WEBCAD
1000
E42_1778941710833
 10
72.00276719693568
 20
33.49555401032708
 30
69.96491474107884
 11
70.04756553130449
 21
33.40950850158825
 31
74.42261344106277
 12
72.14785921292889
 22
34.69657012501301
 32
74.42261344106277
 13
72.14785921292889
 23
34.69657012501301
 33
74.42261344106277
  0
3DFACE
  8
0
1001
WEBCAD
1000
E42_1778941710833
 10
82.87673936301712
 20
44.06637580803471
 30
52.13411994114373
 11
83.15267469809993
 21
47.39642007570771
 31
52.134119941151944
 12
84.0594584442058
 22
47.39642007570771
 32
47.67642124116815
 13
84.0594584442058
 23
47.39642007570771
 33
47.67642124116815
  0
3DFACE
  8
0
1001
WEBCAD
1000
E42_1778941710833
 10
82.87673936301712
 20
44.06637580803471
 30
52.13411994114373
 11
81.98232296530358
 21
44.215627507197865
 31
56.5918186411275
 12
83.15267469809993
 22
47.39642007570771
 32
52.134119941151944
 13
83.15267469809993
 23
47.39642007570771
 33
52.134119941151944
  0
3DFACE
  8
0
1001
WEBCAD
1000
E42_1778941710833
 10
82.87673936301712
 20
44.06637580803471
 30
52.13411994114373
 11
81.19880845283177
 21
41.121598668241575
 31
56.5918186411275
 12
81.98232296530358
 22
44.215627507197865
 32
56.5918186411275
 13
81.98232296530358
 23
44.215627507197865
 33
56.5918186411275
  0
3DFACE
  8
0
1001
WEBCAD
1000
E42_1778941710833
 10
74.78105734261237
 20
34.51283103207135
 30
65.50721604109505
 11
76.02428922933467
 21
37.19762583770731
 31
69.96491474107884
 12
76.73986901664932
 22
36.64066773318896
 32
65.50721604109505
 13
76.73986901664932
 23
36.64066773318896
 33
65.50721604109505
  0
3DFACE
  8
0
1001
WEBCAD
1000
E42_1778941710833
 10
74.78105734261237
 20
34.51283103207135
 30
65.50721604109505
 11
72.00276719693568
 21
33.49555401032708
 31
69.96491474107884
 12
74.16690942192474
 22
35.17997351589099
 32
69.96491474107884
 13
74.16690942192474
 23
35.17997351589099
 33
69.96491474107884
  0
3DFACE
  8
0
1001
WEBCAD
1000
E42_1778941710833
 10
74.78105734261237
 20
34.51283103207135
 30
65.50721604109505
 11
74.16690942192474
 21
35.17997351589099
 31
69.96491474107884
 12
76.02428922933467
 22
37.19762583770731
 32
69.96491474107884
 13
76.02428922933467
 23
37.19762583770731
 33
69.96491474107884
  0
3DFACE
  8
0
1001
WEBCAD
1000
E42_1778941710833
 10
77.45544880396398
 20
36.08370962867065
 30
61.04951734111128
 11
76.73986901664932
 21
36.64066773318896
 31
65.50721604109505
 12
79.11922714528924
 22
38.63031196004957
 32
61.04951734111128
 13
79.11922714528924
 23
38.63031196004957
 33
61.04951734111128
  0
3DFACE
  8
0
1001
WEBCAD
1000
E42_1778941710833
 10
79.91671964801026
 20
38.19873060004238
 30
56.5918186411275
 11
80.34115675127072
 21
41.416030869285265
 31
61.04951734111128
 12
81.19880845283177
 22
41.121598668241575
 32
56.5918186411275
 13
81.19880845283177
 23
41.121598668241575
 33
56.5918186411275
  0
3DFACE
  8
0
1001
WEBCAD
1000
E42_1778941710833
 10
79.91671964801026
 20
38.19873060004238
 30
56.5918186411275
 11
79.11922714528924
 21
38.63031196004957
 31
61.04951734111128
 12
80.34115675127072
 22
41.416030869285265
 32
61.04951734111128
 13
80.34115675127072
 23
41.416030869285265
 33
61.04951734111128
  0
3DFACE
  8
0
1001
WEBCAD
1000
E42_1778941710833
 10
69.59089471276741
 20
32.190313894173386
 30
69.96491474107884
 11
67.77178915360412
 21
32.46685106101643
 31
74.42261344106277
 12
70.04756553130449
 22
33.40950850158825
 32
74.42261344106277
 13
70.04756553130449
 23
33.40950850158825
 33
74.42261344106277
  0
3DFACE
  8
0
1001
WEBCAD
1000
E42_1778941710833
 10
69.59089471276741
 20
32.190313894173386
 30
69.96491474107884
 11
70.04756553130449
 21
33.40950850158825
 31
74.42261344106277
 12
72.00276719693568
 22
33.49555401032708
 32
69.96491474107884
 13
72.00276719693568
 23
33.49555401032708
 33
69.96491474107884
  0
3DFACE
  8
0
1001
WEBCAD
1000
E42_1778941710833
 10
82.05646015439277
 20
40.82716646719791
 30
52.13411994114373
 11
81.19880845283177
 21
41.121598668241575
 31
56.5918186411275
 12
82.87673936301712
 22
44.06637580803471
 32
52.13411994114373
 13
82.87673936301712
 23
44.06637580803471
 33
52.13411994114373
  0
3DFACE
  8
0
1001
WEBCAD
1000
E42_1778941710833
 10
72.49873089668398
 20
32.73642505505407
 30
65.50721604109505
 11
72.00276719693568
 21
33.49555401032708
 31
69.96491474107884
 12
74.78105734261237
 22
34.51283103207135
 32
65.50721604109505
 13
74.78105734261237
 23
34.51283103207135
 33
65.50721604109505
  0
3DFACE
  8
0
1001
WEBCAD
1000
E42_1778941710833
 10
83.77115576073066
 20
43.91712410887152
 30
47.67642124115996
 11
84.0594584442058
 21
47.39642007570771
 31
47.67642124116815
 12
84.96624219031162
 22
47.39642007570771
 32
43.21872254118435
 13
84.96624219031162
 23
47.39642007570771
 33
43.21872254118435
  0
3DFACE
  8
0
1001
WEBCAD
1000
E42_1778941710833
 10
83.77115576073066
 20
43.91712410887152
 30
47.67642124115996
 11
82.87673936301712
 21
44.06637580803471
 31
52.13411994114373
 12
84.0594584442058
 22
47.39642007570771
 32
47.67642124116815
 13
84.0594584442058
 23
47.39642007570771
 33
47.67642124116815
  0
3DFACE
  8
0
1001
WEBCAD
1000
E42_1778941710833
 10
75.39520526329994
 20
33.8456885482517
 30
61.04951734111128
 11
76.73986901664932
 21
36.64066773318896
 31
65.50721604109505
 12
77.45544880396398
 22
36.08370962867065
 32
61.04951734111128
 13
77.45544880396398
 23
36.08370962867065
 33
61.04951734111128
  0
3DFACE
  8
0
1001
WEBCAD
1000
E42_1778941710833
 10
75.39520526329994
 20
33.8456885482517
 30
61.04951734111128
 11
72.49873089668398
 21
32.73642505505407
 31
65.50721604109505
 12
74.78105734261237
 22
34.51283103207135
 32
65.50721604109505
 13
74.78105734261237
 23
34.51283103207135
 33
65.50721604109505
  0
3DFACE
  8
0
1001
WEBCAD
1000
E42_1778941710833
 10
75.39520526329994
 20
33.8456885482517
 30
61.04951734111128
 11
74.78105734261237
 21
34.51283103207135
 31
65.50721604109505
 12
76.73986901664932
 22
36.64066773318896
 32
65.50721604109505
 13
76.73986901664932
 23
36.64066773318896
 33
65.50721604109505
  0
3DFACE
  8
0
1001
WEBCAD
1000
E42_1778941710833
 10
78.17102859127863
 20
35.5267515241523
 30
56.5918186411275
 11
77.45544880396398
 21
36.08370962867065
 31
61.04951734111128
 12
79.11922714528924
 22
38.63031196004957
 32
61.04951734111128
 13
79.11922714528924
 23
38.63031196004957
 33
61.04951734111128
  0
3DFACE
  8
0
1001
WEBCAD
1000
E42_1778941710833
 10
78.17102859127863
 20
35.5267515241523
 30
56.5918186411275
 11
79.11922714528924
 21
38.63031196004957
 31
61.04951734111128
 12
79.91671964801026
 22
38.19873060004238
 32
56.5918186411275
 13
79.91671964801026
 23
38.19873060004238
 33
56.5918186411275
  0
3DFACE
  8
0
1001
WEBCAD
1000
E42_1778941710833
 10
66.99708156350573
 20
31.299856715291554
 30
69.96491474107884
 11
65.37656724711559
 21
31.891809157985165
 31
74.42261344106277
 12
67.77178915360412
 22
32.46685106101643
 32
74.42261344106277
 13
67.77178915360412
 23
32.46685106101643
 33
74.42261344106277
  0
3DFACE
  8
0
1001
WEBCAD
1000
E42_1778941710833
 10
66.99708156350573
 20
31.299856715291554
 30
69.96491474107884
 11
67.77178915360412
 21
32.46685106101643
 31
74.42261344106277
 12
69.59089471276741
 22
32.190313894173386
 32
69.96491474107884
 13
69.59089471276741
 23
32.190313894173386
 33
69.96491474107884
  0
3DFACE
  8
0
1001
WEBCAD
1000
E42_1778941710833
 10
80.71421215073133
 20
37.767149240035195
 30
52.13411994114373
 11
79.91671964801026
 21
38.19873060004238
 31
56.5918186411275
 12
81.19880845283177
 22
41.121598668241575
 32
56.5918186411275
 13
81.19880845283177
 23
41.121598668241575
 33
56.5918186411275
  0
3DFACE
  8
0
1001
WEBCAD
1000
E42_1778941710833
 10
80.71421215073133
 20
37.767149240035195
 30
52.13411994114373
 11
81.19880845283177
 21
41.121598668241575
 31
56.5918186411275
 12
82.05646015439277
 22
40.82716646719791
 32
52.13411994114373
 13
82.05646015439277
 23
40.82716646719791
 33
52.13411994114373
  0
3DFACE
  8
0
1001
WEBCAD
1000
E42_1778941710833
 10
69.95514559472815
 20
31.359905526445345
 30
65.50721604109505
 11
72.00276719693568
 21
33.49555401032708
 31
69.96491474107884
 12
72.49873089668398
 22
32.73642505505407
 32
65.50721604109505
 13
72.49873089668398
 23
32.73642505505407
 33
65.50721604109505
  0
3DFACE
  8
0
1001
WEBCAD
1000
E42_1778941710833
 10
69.95514559472815
 20
31.359905526445345
 30
65.50721604109505
 11
66.99708156350573
 21
31.299856715291554
 31
69.96491474107884
 12
69.59089471276741
 22
32.190313894173386
 32
69.96491474107884
 13
69.59089471276741
 23
32.190313894173386
 33
69.96491474107884
  0
3DFACE
  8
0
1001
WEBCAD
1000
E42_1778941710833
 10
69.95514559472815
 20
31.359905526445345
 30
65.50721604109505
 11
69.59089471276741
 21
32.190313894173386
 31
69.96491474107884
 12
72.00276719693568
 22
33.49555401032708
 32
69.96491474107884
 13
72.00276719693568
 23
33.49555401032708
 33
69.96491474107884
  0
3DFACE
  8
0
1001
WEBCAD
1000
E42_1778941710833
 10
82.91411185595376
 20
40.53273426615422
 30
47.67642124115996
 11
82.87673936301712
 21
44.06637580803471
 31
52.13411994114373
 12
83.77115576073066
 22
43.91712410887152
 32
47.67642124115996
 13
83.77115576073066
 23
43.91712410887152
 33
47.67642124115996
  0
3DFACE
  8
0
1001
WEBCAD
1000
E42_1778941710833
 10
82.91411185595376
 20
40.53273426615422
 30
47.67642124115996
 11
82.05646015439277
 21
40.82716646719791
 31
52.13411994114373
 12
82.87673936301712
 22
44.06637580803471
 32
52.13411994114373
 13
82.87673936301712
 23
44.06637580803471
 33
52.13411994114373
  0
3DFACE
  8
0
1001
WEBCAD
1000
E42_1778941710833
 10
72.99469459643228
 20
31.977296099781057
 30
61.04951734111128
 11
72.49873089668398
 21
32.73642505505407
 31
65.50721604109505
 12
75.39520526329994
 22
33.8456885482517
 32
61.04951734111128
 13
75.39520526329994
 23
33.8456885482517
 33
61.04951734111128
  0
3DFACE
  8
0
1001
WEBCAD
1000
E42_1778941710833
 10
84.66557215844415
 20
43.76787240970836
 30
43.218722541176184
 11
84.96624219031162
 21
47.39642007570771
 31
43.21872254118435
 12
85.87302593641743
 22
47.39642007570771
 32
38.761023841200554
 13
85.87302593641743
 23
47.39642007570771
 33
38.761023841200554
  0
3DFACE
  8
0
1001
WEBCAD
1000
E42_1778941710833
 10
84.66557215844415
 20
43.76787240970836
 30
43.218722541176184
 11
83.77115576073066
 21
43.91712410887152
 31
47.67642124115996
 12
84.96624219031162
 22
47.39642007570771
 32
43.21872254118435
 13
84.96624219031162
 23
47.39642007570771
 33
43.21872254118435
  0
3DFACE
  8
0
1001
WEBCAD
1000
E42_1778941710833
 10
76.00935318398751
 20
33.178546064432055
 30
56.5918186411275
 11
77.45544880396398
 21
36.08370962867065
 31
61.04951734111128
 12
78.17102859127863
 22
35.5267515241523
 32
56.5918186411275
 13
78.17102859127863
 23
35.5267515241523
 33
56.5918186411275
  0
3DFACE
  8
0
1001
WEBCAD
1000
E42_1778941710833
 10
76.00935318398751
 20
33.178546064432055
 30
56.5918186411275
 11
75.39520526329994
 21
33.8456885482517
 31
61.04951734111128
 12
77.45544880396398
 22
36.08370962867065
 32
61.04951734111128
 13
77.45544880396398
 23
36.08370962867065
 33
61.04951734111128
  0
3DFACE
  8
0
1001
WEBCAD
1000
E42_1778941710833
 10
64.29208021029626
 20
30.848471824272877
 30
69.96491474107884
 11
62.92087812446243
 21
31.69854223260171
 31
74.42261344106277
 12
65.37656724711559
 22
31.891809157985165
 32
74.42261344106277
 13
65.37656724711559
 23
31.891809157985165
 33
74.42261344106277
  0
3DFACE
  8
0
1001
WEBCAD
1000
E42_1778941710833
 10
64.29208021029626
 20
30.848471824272877
 30
69.96491474107884
 11
65.37656724711559
 21
31.891809157985165
 31
74.42261344106277
 12
66.99708156350573
 22
31.299856715291554
 32
69.96491474107884
 13
66.99708156350573
 23
31.299856715291554
 33
69.96491474107884
  0
3DFACE
  8
0
1001
WEBCAD
1000
E42_1778941710833
 10
78.88660837859328
 20
34.96979341963396
 30
52.13411994114373
 11
78.17102859127863
 21
35.5267515241523
 31
56.5918186411275
 12
79.91671964801026
 22
38.19873060004238
 32
56.5918186411275
 13
79.91671964801026
 23
38.19873060004238
 33
56.5918186411275
  0
3DFACE
  8
0
1001
WEBCAD
1000
E42_1778941710833
 10
78.88660837859328
 20
34.96979341963396
 30
52.13411994114373
 11
79.91671964801026
 21
38.19873060004238
 31
56.5918186411275
 12
80.71421215073133
 22
37.767149240035195
 32
52.13411994114373
 13
80.71421215073133
 23
37.767149240035195
 33
52.13411994114373
  0
3DFACE
  8
0
1001
WEBCAD
1000
E42_1778941710833
 10
67.21968381315025
 20
30.420820310667096
 30
65.50721604109505
 11
66.99708156350573
 21
31.299856715291554
 31
69.96491474107884
 12
69.95514559472815
 22
31.359905526445345
 32
65.50721604109505
 13
69.95514559472815
 23
31.359905526445345
 33
65.50721604109505
  0
3DFACE
  8
0
1001
WEBCAD
1000
E42_1778941710833
 10
81.51170465345234
 20
37.33556788002801
 30
47.67642124115996
 11
82.05646015439277
 21
40.82716646719791
 31
52.13411994114373
 12
82.91411185595376
 22
40.53273426615422
 32
47.67642124115996
 13
82.91411185595376
 23
40.53273426615422
 33
47.67642124115996
  0
3DFACE
  8
0
1001
WEBCAD
1000
E42_1778941710833
 10
81.51170465345234
 20
37.33556788002801
 30
47.67642124115996
 11
80.71421215073133
 21
37.767149240035195
 31
52.13411994114373
 12
82.05646015439277
 22
40.82716646719791
 32
52.13411994114373
 13
82.05646015439277
 23
40.82716646719791
 33
52.13411994114373
  0
3DFACE
  8
0
1001
WEBCAD
1000
E42_1778941710833
 10
70.31939647668895
 20
30.529497158717334
 30
61.04951734111128
 11
72.49873089668398
 21
32.73642505505407
 31
65.50721604109505
 12
72.99469459643228
 22
31.977296099781057
 32
61.04951734111128
 13
72.99469459643228
 23
31.977296099781057
 33
61.04951734111128
  0
3DFACE
  8
0
1001
WEBCAD
1000
E42_1778941710833
 10
70.31939647668895
 20
30.529497158717334
 30
61.04951734111128
 11
69.95514559472815
 21
31.359905526445345
 31
65.50721604109505
 12
72.49873089668398
 22
32.73642505505407
 32
65.50721604109505
 13
72.49873089668398
 23
32.73642505505407
 33
65.50721604109505
  0
3DFACE
  8
0
1001
WEBCAD
1000
E42_1778941710833
 10
70.31939647668895
 20
30.529497158717334
 30
61.04951734111128
 11
67.21968381315025
 21
30.420820310667096
 31
65.50721604109505
 12
69.95514559472815
 22
31.359905526445345
 32
65.50721604109505
 13
69.95514559472815
 23
31.359905526445345
 33
65.50721604109505
  0
3DFACE
  8
0
1001
WEBCAD
1000
E42_1778941710833
 10
83.77176355751476
 20
40.23830206511056
 30
43.218722541176184
 11
83.77115576073066
 21
43.91712410887152
 31
47.67642124115996
 12
84.66557215844415
 22
43.76787240970836
 32
43.218722541176184
 13
84.66557215844415
 23
43.76787240970836
 33
43.218722541176184
  0
3DFACE
  8
0
1001
WEBCAD
1000
E42_1778941710833
 10
83.77176355751476
 20
40.23830206511056
 30
43.218722541176184
 11
82.91411185595376
 21
40.53273426615422
 31
47.67642124115996
 12
83.77115576073066
 22
43.91712410887152
 32
47.67642124115996
 13
83.77115576073066
 23
43.91712410887152
 33
47.67642124115996
  0
3DFACE
  8
0
1001
WEBCAD
1000
E42_1778941710833
 10
73.49065829618064
 20
31.218167144508044
 30
56.5918186411275
 11
75.39520526329994
 21
33.8456885482517
 31
61.04951734111128
 12
76.00935318398751
 22
33.178546064432055
 32
56.5918186411275
 13
76.00935318398751
 23
33.178546064432055
 33
56.5918186411275
  0
3DFACE
  8
0
1001
WEBCAD
1000
E42_1778941710833
 10
73.49065829618064
 20
31.218167144508044
 30
56.5918186411275
 11
72.99469459643228
 21
31.977296099781057
 31
61.04951734111128
 12
75.39520526329994
 22
33.8456885482517
 32
61.04951734111128
 13
75.39520526329994
 23
33.8456885482517
 33
61.04951734111128
  0
3DFACE
  8
0
1001
WEBCAD
1000
E42_1778941710833
 10
85.55998855615769
 20
43.6186207105452
 30
38.761023841192404
 11
85.87302593641743
 21
47.39642007570771
 31
38.761023841200554
 12
86.77980968252325
 22
47.39642007570771
 32
34.30332514121675
 13
86.77980968252325
 23
47.39642007570771
 33
34.30332514121675
  0
3DFACE
  8
0
1001
WEBCAD
1000
E42_1778941710833
 10
85.55998855615769
 20
43.6186207105452
 30
38.761023841192404
 11
84.66557215844415
 21
43.76787240970836
 31
43.218722541176184
 12
85.87302593641743
 22
47.39642007570771
 32
38.761023841200554
 13
85.87302593641743
 23
47.39642007570771
 33
38.761023841200554
  0
3DFACE
  8
0
1001
WEBCAD
1000
E42_1778941710833
 10
61.5496760386423
 20
30.84847182427174
 30
69.96491474107884
 11
62.92087812446243
 21
31.69854223260171
 31
74.42261344106277
 12
64.29208021029626
 22
30.848471824272877
 32
69.96491474107884
 13
64.29208021029626
 23
30.848471824272877
 33
69.96491474107884
  0
3DFACE
  8
0
1001
WEBCAD
1000
E42_1778941710833
 10
61.5496760386423
 20
30.84847182427174
 30
69.96491474107884
 11
60.46518900180928
 21
31.891809157985165
 31
74.42261344106277
 12
62.92087812446243
 22
31.69854223260171
 32
74.42261344106277
 13
62.92087812446243
 23
31.69854223260171
 33
74.42261344106277
  0
3DFACE
  8
0
1001
WEBCAD
1000
E42_1778941710833
 10
76.62350110467509
 20
32.51140358061241
 30
52.13411994114373
 11
78.17102859127863
 21
35.5267515241523
 31
56.5918186411275
 12
78.88660837859328
 22
34.96979341963396
 32
52.13411994114373
 13
78.88660837859328
 23
34.96979341963396
 33
52.13411994114373
  0
3DFACE
  8
0
1001
WEBCAD
1000
E42_1778941710833
 10
76.62350110467509
 20
32.51140358061241
 30
52.13411994114373
 11
76.00935318398751
 21
33.178546064432055
 31
56.5918186411275
 12
78.17102859127863
 22
35.5267515241523
 32
56.5918186411275
 13
78.17102859127863
 23
35.5267515241523
 33
56.5918186411275
  0
3DFACE
  8
0
1001
WEBCAD
1000
E42_1778941710833
 10
64.366961818535
 20
29.94478520439324
 30
65.50721604109505
 11
64.29208021029626
 21
30.848471824272877
 31
69.96491474107884
 12
66.99708156350573
 22
31.299856715291554
 32
69.96491474107884
 13
66.99708156350573
 23
31.299856715291554
 33
69.96491474107884
  0
3DFACE
  8
0
1001
WEBCAD
1000
E42_1778941710833
 10
64.366961818535
 20
29.94478520439324
 30
65.50721604109505
 11
66.99708156350573
 21
31.299856715291554
 31
69.96491474107884
 12
67.21968381315025
 22
30.420820310667096
 32
65.50721604109505
 13
67.21968381315025
 23
30.420820310667096
 33
65.50721604109505
  0
3DFACE
  8
0
1001
WEBCAD
1000
E42_1778941710833
 10
79.60218816590793
 20
34.41283531511564
 30
47.67642124115996
 11
78.88660837859328
 21
34.96979341963396
 31
52.13411994114373
 12
80.71421215073133
 22
37.767149240035195
 32
52.13411994114373
 13
80.71421215073133
 23
37.767149240035195
 33
52.13411994114373
  0
3DFACE
  8
0
1001
WEBCAD
1000
E42_1778941710833
 10
79.60218816590793
 20
34.41283531511564
 30
47.67642124115996
 11
80.71421215073133
 21
37.767149240035195
 31
52.13411994114373
 12
81.51170465345234
 22
37.33556788002801
 32
47.67642124115996
 13
81.51170465345234
 23
37.33556788002801
 33
47.67642124115996
  0
3DFACE
  8
0
1001
WEBCAD
1000
E42_1778941710833
 10
67.44228606279478
 20
29.54178390604261
 30
61.04951734111128
 11
67.21968381315025
 21
30.420820310667096
 31
65.50721604109505
 12
70.31939647668895
 22
30.529497158717334
 32
61.04951734111128
 13
70.31939647668895
 23
30.529497158717334
 33
61.04951734111128
  0
3DFACE
  8
0
1001
WEBCAD
1000
E42_1778941710833
 10
82.30919715617341
 20
36.90398652002082
 30
43.218722541176184
 11
82.91411185595376
 21
40.53273426615422
 31
47.67642124115996
 12
83.77176355751476
 22
40.23830206511056
 32
43.218722541176184
 13
83.77176355751476
 23
40.23830206511056
 33
43.218722541176184
  0
3DFACE
  8
0
1001
WEBCAD
1000
E42_1778941710833
 10
82.30919715617341
 20
36.90398652002082
 30
43.218722541176184
 11
81.51170465345234
 21
37.33556788002801
 31
47.67642124115996
 12
82.91411185595376
 22
40.53273426615422
 32
47.67642124115996
 13
82.91411185595376
 23
40.53273426615422
 33
47.67642124115996
  0
3DFACE
  8
0
1001
WEBCAD
1000
E42_1778941710833
 10
70.68364735864975
 20
29.699088790989293
 30
56.5918186411275
 11
70.31939647668895
 21
30.529497158717334
 31
61.04951734111128
 12
72.99469459643228
 22
31.977296099781057
 32
61.04951734111128
 13
72.99469459643228
 23
31.977296099781057
 33
61.04951734111128
  0
3DFACE
  8
0
1001
WEBCAD
1000
E42_1778941710833
 10
70.68364735864975
 20
29.699088790989293
 30
56.5918186411275
 11
67.44228606279478
 21
29.54178390604261
 31
61.04951734111128
 12
70.31939647668895
 22
30.529497158717334
 32
61.04951734111128
 13
70.31939647668895
 23
30.529497158717334
 33
61.04951734111128
  0
3DFACE
  8
0
1001
WEBCAD
1000
E42_1778941710833
 10
70.68364735864975
 20
29.699088790989293
 30
56.5918186411275
 11
72.99469459643228
 21
31.977296099781057
 31
61.04951734111128
 12
73.49065829618064
 22
31.218167144508044
 32
56.5918186411275
 13
73.49065829618064
 23
31.218167144508044
 33
56.5918186411275
  0
3DFACE
  8
0
1001
WEBCAD
1000
E42_1778941710833
 10
84.62941525907581
 20
39.94386986406687
 30
38.761023841192404
 11
82.30919715617341
 21
36.90398652002082
 31
43.218722541176184
 12
83.77176355751476
 22
40.23830206511056
 32
43.218722541176184
 13
83.77176355751476
 23
40.23830206511056
 33
43.218722541176184
  0
3DFACE
  8
0
1001
WEBCAD
1000
E42_1778941710833
 10
84.62941525907581
 20
39.94386986406687
 30
38.761023841192404
 11
84.66557215844415
 21
43.76787240970836
 31
43.218722541176184
 12
85.55998855615769
 22
43.6186207105452
 32
38.761023841192404
 13
85.55998855615769
 23
43.6186207105452
 33
38.761023841192404
  0
3DFACE
  8
0
1001
WEBCAD
1000
E42_1778941710833
 10
84.62941525907581
 20
39.94386986406687
 30
38.761023841192404
 11
83.77176355751476
 21
40.23830206511056
 31
43.218722541176184
 12
84.66557215844415
 22
43.76787240970836
 32
43.218722541176184
 13
84.66557215844415
 23
43.76787240970836
 33
43.218722541176184
  0
3DFACE
  8
0
1001
WEBCAD
1000
E42_1778941710833
 10
58.844674685432494
 20
31.2998567152882
 30
69.96491474107884
 11
58.06996709532075
 21
32.46685106101643
 31
74.42261344106277
 12
60.46518900180928
 22
31.891809157985165
 32
74.42261344106277
 13
60.46518900180928
 23
31.891809157985165
 33
74.42261344106277
  0
3DFACE
  8
0
1001
WEBCAD
1000
E42_1778941710833
 10
58.844674685432494
 20
31.2998567152882
 30
69.96491474107884
 11
60.46518900180928
 21
31.891809157985165
 31
74.42261344106277
 12
61.5496760386423
 22
30.84847182427174
 32
69.96491474107884
 13
61.5496760386423
 23
30.84847182427174
 33
69.96491474107884
  0
3DFACE
  8
0
1001
WEBCAD
1000
E42_1778941710833
 10
73.98662199592894
 20
30.45903818923503
 30
52.13411994114373
 11
73.49065829618064
 21
31.218167144508044
 31
56.5918186411275
 12
76.00935318398751
 22
33.178546064432055
 32
56.5918186411275
 13
76.00935318398751
 23
33.178546064432055
 33
56.5918186411275
  0
3DFACE
  8
0
1001
WEBCAD
1000
E42_1778941710833
 10
73.98662199592894
 20
30.45903818923503
 30
52.13411994114373
 11
76.00935318398751
 21
33.178546064432055
 31
56.5918186411275
 12
76.62350110467509
 22
32.51140358061241
 32
52.13411994114373
 13
76.62350110467509
 23
32.51140358061241
 33
52.13411994114373
  0
3DFACE
  8
0
1001
WEBCAD
1000
E42_1778941710833
 10
86.45440495387123
 20
43.46936901138204
 30
34.30332514120863
 11
86.77980968252325
 21
47.39642007570771
 31
34.30332514121675
 12
87.68659342862912
 22
47.39642007570771
 32
29.84562644123295
 13
87.68659342862912
 23
47.39642007570771
 33
29.84562644123295
  0
3DFACE
  8
0
1001
WEBCAD
1000
E42_1778941710833
 10
86.45440495387123
 20
43.46936901138204
 30
34.30332514120863
 11
85.55998855615769
 21
43.6186207105452
 31
38.761023841192404
 12
86.77980968252325
 22
47.39642007570771
 32
34.30332514121675
 13
86.77980968252325
 23
47.39642007570771
 33
34.30332514121675
  0
3DFACE
  8
0
1001
WEBCAD
1000
E42_1778941710833
 10
61.4747944304043
 20
29.944785204392048
 30
65.50721604109505
 11
64.29208021029626
 21
30.848471824272877
 31
69.96491474107884
 12
64.366961818535
 22
29.94478520439324
 32
65.50721604109505
 13
64.366961818535
 23
29.94478520439324
 33
65.50721604109505
  0
3DFACE
  8
0
1001
WEBCAD
1000
E42_1778941710833
 10
61.4747944304043
 20
29.944785204392048
 30
65.50721604109505
 11
61.5496760386423
 21
30.84847182427174
 31
69.96491474107884
 12
64.29208021029626
 22
30.848471824272877
 32
69.96491474107884
 13
64.29208021029626
 23
30.848471824272877
 33
69.96491474107884
  0
3DFACE
  8
0
1001
WEBCAD
1000
E42_1778941710833
 10
77.23764902536271
 20
31.844261096792764
 30
47.67642124115996
 11
78.88660837859328
 21
34.96979341963396
 31
52.13411994114373
 12
79.60218816590793
 22
34.41283531511564
 32
47.67642124115996
 13
79.60218816590793
 23
34.41283531511564
 33
47.67642124115996
  0
3DFACE
  8
0
1001
WEBCAD
1000
E42_1778941710833
 10
77.23764902536271
 20
31.844261096792764
 30
47.67642124115996
 11
76.62350110467509
 21
32.51140358061241
 31
52.13411994114373
 12
78.88660837859328
 22
34.96979341963396
 32
52.13411994114373
 13
78.88660837859328
 23
34.96979341963396
 33
52.13411994114373
  0
3DFACE
  8
0
1001
WEBCAD
1000
E42_1778941710833
 10
64.44184342677374
 20
29.041098584513577
 30
61.04951734111128
 11
64.366961818535
 21
29.94478520439324
 31
65.50721604109505
 12
67.21968381315025
 22
30.420820310667096
 32
65.50721604109505
 13
67.21968381315025
 23
30.420820310667096
 33
65.50721604109505
  0
3DFACE
  8
0
1001
WEBCAD
1000
E42_1778941710833
 10
64.44184342677374
 20
29.041098584513577
 30
61.04951734111128
 11
67.21968381315025
 21
30.420820310667096
 31
65.50721604109505
 12
67.44228606279478
 22
29.54178390604261
 32
61.04951734111128
 13
67.44228606279478
 23
29.54178390604261
 33
61.04951734111128
  0
3DFACE
  8
0
1001
WEBCAD
1000
E42_1778941710833
 10
80.31776795322259
 20
33.8558772105973
 30
43.218722541176184
 11
79.60218816590793
 21
34.41283531511564
 31
47.67642124115996
 12
81.51170465345234
 22
37.33556788002801
 32
47.67642124115996
 13
81.51170465345234
 23
37.33556788002801
 33
47.67642124115996
  0
3DFACE
  8
0
1001
WEBCAD
1000
E42_1778941710833
 10
80.31776795322259
 20
33.8558772105973
 30
43.218722541176184
 11
81.51170465345234
 21
37.33556788002801
 31
47.67642124115996
 12
82.30919715617341
 22
36.90398652002082
 32
43.218722541176184
 13
82.30919715617341
 23
36.90398652002082
 33
43.218722541176184
  0
3DFACE
  8
0
1001
WEBCAD
1000
E42_1778941710833
 10
67.66488831243936
 20
28.662747501418153
 30
56.5918186411275
 11
67.44228606279478
 21
29.54178390604261
 31
61.04951734111128
 12
70.68364735864975
 22
29.699088790989293
 32
56.5918186411275
 13
70.68364735864975
 23
29.699088790989293
 33
56.5918186411275
  0
3DFACE
  8
0
1001
WEBCAD
1000
E42_1778941710833
 10
83.10668965889448
 20
36.472405160013636
 30
38.761023841192404
 11
82.30919715617341
 21
36.90398652002082
 31
43.218722541176184
 12
84.62941525907581
 22
39.94386986406687
 32
38.761023841192404
 13
84.62941525907581
 23
39.94386986406687
 33
38.761023841192404
  0
3DFACE
  8
0
1001
WEBCAD
1000
E42_1778941710833
 10
56.25086153617008
 20
32.19031389416787
 30
69.96491474107884
 11
58.06996709532075
 21
32.46685106101643
 31
74.42261344106277
 12
58.844674685432494
 22
31.2998567152882
 32
69.96491474107884
 13
58.844674685432494
 23
31.2998567152882
 33
69.96491474107884
  0
3DFACE
  8
0
1001
WEBCAD
1000
E42_1778941710833
 10
56.25086153617008
 20
32.19031389416787
 30
69.96491474107884
 11
55.79419071762038
 21
33.40950850158825
 31
74.42261344106277
 12
58.06996709532075
 22
32.46685106101643
 32
74.42261344106277
 13
58.06996709532075
 23
32.46685106101643
 33
74.42261344106277
  0
3DFACE
  8
0
1001
WEBCAD
1000
E42_1778941710833
 10
71.0478982406105
 20
28.86868042326128
 30
52.13411994114373
 11
70.68364735864975
 21
29.699088790989293
 31
56.5918186411275
 12
73.49065829618064
 22
31.218167144508044
 32
56.5918186411275
 13
73.49065829618064
 23
31.218167144508044
 33
56.5918186411275
  0
3DFACE
  8
0
1001
WEBCAD
1000
E42_1778941710833
 10
71.0478982406105
 20
28.86868042326128
 30
52.13411994114373
 11
73.49065829618064
 21
31.218167144508044
 31
56.5918186411275
 12
73.98662199592894
 22
30.45903818923503
 32
52.13411994114373
 13
73.98662199592894
 23
30.45903818923503
 33
52.13411994114373
  0
3DFACE
  8
0
1001
WEBCAD
1000
E42_1778941710833
 10
71.0478982406105
 20
28.86868042326128
 30
52.13411994114373
 11
67.66488831243936
 21
28.662747501418153
 31
56.5918186411275
 12
70.68364735864975
 22
29.699088790989293
 32
56.5918186411275
 13
70.68364735864975
 23
29.699088790989293
 33
56.5918186411275
  0
3DFACE
  8
0
1001
WEBCAD
1000
E42_1778941710833
 10
85.48706696063681
 20
39.64943766302318
 30
34.30332514120863
 11
84.62941525907581
 21
39.94386986406687
 31
38.761023841192404
 12
85.55998855615769
 22
43.6186207105452
 32
38.761023841192404
 13
85.55998855615769
 23
43.6186207105452
 33
38.761023841192404
  0
3DFACE
  8
0
1001
WEBCAD
1000
E42_1778941710833
 10
85.48706696063681
 20
39.64943766302318
 30
34.30332514120863
 11
85.55998855615769
 21
43.6186207105452
 31
38.761023841192404
 12
86.45440495387123
 22
43.46936901138204
 32
34.30332514120863
 13
86.45440495387123
 23
43.46936901138204
 33
34.30332514120863
  0
3DFACE
  8
0
1001
WEBCAD
1000
E42_1778941710833
 10
58.62207243578865
 20
30.420820310663515
 30
65.50721604109505
 11
61.5496760386423
 21
30.84847182427174
 31
69.96491474107884
 12
61.4747944304043
 22
29.944785204392048
 32
65.50721604109505
 13
61.4747944304043
 23
29.944785204392048
 33
65.50721604109505
  0
3DFACE
  8
0
1001
WEBCAD
1000
E42_1778941710833
 10
58.62207243578865
 20
30.420820310663515
 30
65.50721604109505
 11
56.25086153617008
 21
32.19031389416787
 31
69.96491474107884
 12
58.844674685432494
 22
31.2998567152882
 32
69.96491474107884
 13
58.844674685432494
 23
31.2998567152882
 33
69.96491474107884
  0
3DFACE
  8
0
1001
WEBCAD
1000
E42_1778941710833
 10
58.62207243578865
 20
30.420820310663515
 30
65.50721604109505
 11
58.844674685432494
 21
31.2998567152882
 31
69.96491474107884
 12
61.5496760386423
 22
30.84847182427174
 32
69.96491474107884
 13
61.5496760386423
 23
30.84847182427174
 33
69.96491474107884
  0
3DFACE
  8
0
1001
WEBCAD
1000
E42_1778941710833
 10
74.48258569567724
 20
29.699909233962018
 30
47.67642124115996
 11
76.62350110467509
 21
32.51140358061241
 31
52.13411994114373
 12
77.23764902536271
 22
31.844261096792764
 32
47.67642124115996
 13
77.23764902536271
 23
31.844261096792764
 33
47.67642124115996
  0
3DFACE
  8
0
1001
WEBCAD
1000
E42_1778941710833
 10
74.48258569567724
 20
29.699909233962018
 30
47.67642124115996
 11
73.98662199592894
 21
30.45903818923503
 31
52.13411994114373
 12
76.62350110467509
 22
32.51140358061241
 32
52.13411994114373
 13
76.62350110467509
 23
32.51140358061241
 33
52.13411994114373
  0
3DFACE
  8
0
1001
WEBCAD
1000
E42_1778941710833
 10
87.34882135158477
 20
43.320117312218855
 30
29.845626441224855
 11
87.68659342862912
 21
47.39642007570771
 31
29.84562644123295
 12
88.59337717473494
 22
47.39642007570771
 32
25.387927741249158
 13
88.59337717473494
 23
47.39642007570771
 33
25.387927741249158
  0
3DFACE
  8
0
1001
WEBCAD
1000
E42_1778941710833
 10
87.34882135158477
 20
43.320117312218855
 30
29.845626441224855
 11
85.48706696063681
 21
39.64943766302318
 31
34.30332514120863
 12
86.45440495387123
 22
43.46936901138204
 32
34.30332514120863
 13
86.45440495387123
 23
43.46936901138204
 33
34.30332514120863
  0
3DFACE
  8
0
1001
WEBCAD
1000
E42_1778941710833
 10
87.34882135158477
 20
43.320117312218855
 30
29.845626441224855
 11
86.45440495387123
 21
43.46936901138204
 31
34.30332514120863
 12
87.68659342862912
 22
47.39642007570771
 32
29.84562644123295
 13
87.68659342862912
 23
47.39642007570771
 33
29.84562644123295
  0
3DFACE
  8
0
1001
WEBCAD
1000
E42_1778941710833
 10
61.3999128221663
 20
29.041098584512326
 30
61.04951734111128
 11
61.4747944304043
 21
29.944785204392048
 31
65.50721604109505
 12
64.366961818535
 22
29.94478520439324
 32
65.50721604109505
 13
64.366961818535
 23
29.94478520439324
 33
65.50721604109505
  0
3DFACE
  8
0
1001
WEBCAD
1000
E42_1778941710833
 10
61.3999128221663
 20
29.041098584512326
 30
61.04951734111128
 11
64.366961818535
 21
29.94478520439324
 31
65.50721604109505
 12
64.44184342677374
 22
29.041098584513577
 32
61.04951734111128
 13
64.44184342677374
 23
29.041098584513577
 33
61.04951734111128
  0
3DFACE
  8
0
1001
WEBCAD
1000
E42_1778941710833
 10
77.85179694605029
 20
31.177118612973146
 30
43.218722541176184
 11
77.23764902536271
 21
31.844261096792764
 31
47.67642124115996
 12
79.60218816590793
 22
34.41283531511564
 32
47.67642124115996
 13
79.60218816590793
 23
34.41283531511564
 33
47.67642124115996
  0
3DFACE
  8
0
1001
WEBCAD
1000
E42_1778941710833
 10
77.85179694605029
 20
31.177118612973146
 30
43.218722541176184
 11
79.60218816590793
 21
34.41283531511564
 31
47.67642124115996
 12
80.31776795322259
 22
33.8558772105973
 32
43.218722541176184
 13
80.31776795322259
 23
33.8558772105973
 33
43.218722541176184
  0
3DFACE
  8
0
1001
WEBCAD
1000
E42_1778941710833
 10
64.51672503501254
 20
28.13741196463394
 30
56.5918186411275
 11
64.44184342677374
 21
29.041098584513577
 31
61.04951734111128
 12
67.44228606279478
 22
29.54178390604261
 32
61.04951734111128
 13
67.44228606279478
 23
29.54178390604261
 33
61.04951734111128
  0
3DFACE
  8
0
1001
WEBCAD
1000
E42_1778941710833
 10
64.51672503501254
 20
28.13741196463394
 30
56.5918186411275
 11
67.44228606279478
 21
29.54178390604261
 31
61.04951734111128
 12
67.66488831243936
 22
28.662747501418153
 32
56.5918186411275
 13
67.66488831243936
 23
28.662747501418153
 33
56.5918186411275
  0
3DFACE
  8
0
1001
WEBCAD
1000
E42_1778941710833
 10
81.03334774053724
 20
33.298919106078955
 30
38.761023841192404
 11
82.30919715617341
 21
36.90398652002082
 31
43.218722541176184
 12
83.10668965889448
 22
36.472405160013636
 32
38.761023841192404
 13
83.10668965889448
 23
36.472405160013636
 33
38.761023841192404
  0
3DFACE
  8
0
1001
WEBCAD
1000
E42_1778941710833
 10
81.03334774053724
 20
33.298919106078955
 30
38.761023841192404
 11
77.85179694605029
 21
31.177118612973146
 31
43.218722541176184
 12
80.31776795322259
 22
33.8558772105973
 32
43.218722541176184
 13
80.31776795322259
 23
33.8558772105973
 33
43.218722541176184
  0
3DFACE
  8
0
1001
WEBCAD
1000
E42_1778941710833
 10
81.03334774053724
 20
33.298919106078955
 30
38.761023841192404
 11
80.31776795322259
 21
33.8558772105973
 31
43.218722541176184
 12
82.30919715617341
 22
36.90398652002082
 32
43.218722541176184
 13
82.30919715617341
 23
36.90398652002082
 33
43.218722541176184
  0
3DFACE
  8
0
1001
WEBCAD
1000
E42_1778941710833
 10
53.83898905200073
 20
33.49555401031955
 30
69.96491474107884
 11
55.79419071762038
 21
33.40950850158825
 31
74.42261344106277
 12
56.25086153617008
 22
32.19031389416787
 32
69.96491474107884
 13
56.25086153617008
 23
32.19031389416787
 33
69.96491474107884
  0
3DFACE
  8
0
1001
WEBCAD
1000
E42_1778941710833
 10
53.83898905200073
 20
33.49555401031955
 30
69.96491474107884
 11
53.693897035995974
 21
34.69657012501301
 31
74.42261344106277
 12
55.79419071762038
 22
33.40950850158825
 32
74.42261344106277
 13
55.79419071762038
 23
33.40950850158825
 33
74.42261344106277
  0
3DFACE
  8
0
1001
WEBCAD
1000
E42_1778941710833
 10
67.88749056208388
 20
27.783711096793667
 30
52.13411994114373
 11
67.66488831243936
 21
28.662747501418153
 31
56.5918186411275
 12
71.0478982406105
 22
28.86868042326128
 32
52.13411994114373
 13
71.0478982406105
 23
28.86868042326128
 33
52.13411994114373
  0
3DFACE
  8
0
1001
WEBCAD
1000
E42_1778941710833
 10
83.9041821616155
 20
36.04082380000645
 30
34.30332514120863
 11
81.03334774053724
 21
33.298919106078955
 31
38.761023841192404
 12
83.10668965889448
 22
36.472405160013636
 32
38.761023841192404
 13
83.10668965889448
 23
36.472405160013636
 33
38.761023841192404
  0
3DFACE
  8
0
1001
WEBCAD
1000
E42_1778941710833
 10
83.9041821616155
 20
36.04082380000645
 30
34.30332514120863
 11
84.62941525907581
 21
39.94386986406687
 31
38.761023841192404
 12
85.48706696063681
 22
39.64943766302318
 32
34.30332514120863
 13
85.48706696063681
 23
39.64943766302318
 33
34.30332514120863
  0
3DFACE
  8
0
1001
WEBCAD
1000
E42_1778941710833
 10
83.9041821616155
 20
36.04082380000645
 30
34.30332514120863
 11
83.10668965889448
 21
36.472405160013636
 31
38.761023841192404
 12
84.62941525907581
 22
39.94386986406687
 32
38.761023841192404
 13
84.62941525907581
 23
39.94386986406687
 33
38.761023841192404
  0
3DFACE
  8
0
1001
WEBCAD
1000
E42_1778941710833
 10
55.88661065420996
 20
31.35990552643952
 30
65.50721604109505
 11
56.25086153617008
 21
32.19031389416787
 31
69.96491474107884
 12
58.62207243578865
 22
30.420820310663515
 32
65.50721604109505
 13
58.62207243578865
 23
30.420820310663515
 33
65.50721604109505
  0
3DFACE
  8
0
1001
WEBCAD
1000
E42_1778941710833
 10
71.4121491225713
 20
28.03827205553324
 30
47.67642124115996
 11
73.98662199592894
 21
30.45903818923503
 31
52.13411994114373
 12
74.48258569567724
 22
29.699909233962018
 32
47.67642124115996
 13
74.48258569567724
 23
29.699909233962018
 33
47.67642124115996
  0
3DFACE
  8
0
1001
WEBCAD
1000
E42_1778941710833
 10
71.4121491225713
 20
28.03827205553324
 30
47.67642124115996
 11
71.0478982406105
 21
28.86868042326128
 31
52.13411994114373
 12
73.98662199592894
 22
30.45903818923503
 32
52.13411994114373
 13
73.98662199592894
 23
30.45903818923503
 33
52.13411994114373
  0
3DFACE
  8
0
1001
WEBCAD
1000
E42_1778941710833
 10
86.3447186621978
 20
39.355005461979516
 30
29.845626441224855
 11
83.9041821616155
 21
36.04082380000645
 31
34.30332514120863
 12
85.48706696063681
 22
39.64943766302318
 32
34.30332514120863
 13
85.48706696063681
 23
39.64943766302318
 33
34.30332514120863
  0
3DFACE
  8
0
1001
WEBCAD
1000
E42_1778941710833
 10
86.3447186621978
 20
39.355005461979516
 30
29.845626441224855
 11
85.48706696063681
 21
39.64943766302318
 31
34.30332514120863
 12
87.34882135158477
 22
43.320117312218855
 32
29.845626441224855
 13
87.34882135158477
 23
43.320117312218855
 33
29.845626441224855
  0
3DFACE
  8
0
1001
WEBCAD
1000
E42_1778941710833
 10
58.39947018614487
 20
29.541783906038887
 30
61.04951734111128
 11
61.4747944304043
 21
29.944785204392048
 31
65.50721604109505
 12
61.3999128221663
 22
29.041098584512326
 32
61.04951734111128
 13
61.3999128221663
 23
29.041098584512326
 33
61.04951734111128
  0
3DFACE
  8
0
1001
WEBCAD
1000
E42_1778941710833
 10
58.39947018614487
 20
29.541783906038887
 30
61.04951734111128
 11
55.88661065420996
 21
31.35990552643952
 31
65.50721604109505
 12
58.62207243578865
 22
30.420820310663515
 32
65.50721604109505
 13
58.62207243578865
 23
30.420820310663515
 33
65.50721604109505
  0
3DFACE
  8
0
1001
WEBCAD
1000
E42_1778941710833
 10
58.39947018614487
 20
29.541783906038887
 30
61.04951734111128
 11
58.62207243578865
 21
30.420820310663515
 31
65.50721604109505
 12
61.4747944304043
 22
29.944785204392048
 32
65.50721604109505
 13
61.4747944304043
 23
29.944785204392048
 33
65.50721604109505
  0
3DFACE
  8
0
1001
WEBCAD
1000
E42_1778941710833
 10
74.97854939542555
 20
28.940780278689004
 30
43.218722541176184
 11
77.23764902536271
 21
31.844261096792764
 31
47.67642124115996
 12
77.85179694605029
 22
31.177118612973146
 32
43.218722541176184
 13
77.85179694605029
 23
31.177118612973146
 33
43.218722541176184
  0
3DFACE
  8
0
1001
WEBCAD
1000
E42_1778941710833
 10
74.97854939542555
 20
28.940780278689004
 30
43.218722541176184
 11
71.4121491225713
 21
28.03827205553324
 31
47.67642124115996
 12
74.48258569567724
 22
29.699909233962018
 32
47.67642124115996
 13
74.48258569567724
 23
29.699909233962018
 33
47.67642124115996
  0
3DFACE
  8
0
1001
WEBCAD
1000
E42_1778941710833
 10
74.97854939542555
 20
28.940780278689004
 30
43.218722541176184
 11
74.48258569567724
 21
29.699909233962018
 31
47.67642124115996
 12
77.23764902536271
 22
31.844261096792764
 32
47.67642124115996
 13
77.23764902536271
 23
31.844261096792764
 33
47.67642124115996
  0
3DFACE
  8
0
1001
WEBCAD
1000
E42_1778941710833
 10
88.24323774929826
 20
43.170865613055696
 30
25.387927741241082
 11
88.59337717473494
 21
47.39642007570771
 31
25.387927741249158
 12
89.50016092084076
 22
47.39642007570771
 32
20.930229041265356
 13
89.50016092084076
 23
47.39642007570771
 33
20.930229041265356
  0
3DFACE
  8
0
1001
WEBCAD
1000
E42_1778941710833
 10
88.24323774929826
 20
43.170865613055696
 30
25.387927741241082
 11
87.34882135158477
 21
43.320117312218855
 31
29.845626441224855
 12
88.59337717473494
 22
47.39642007570771
 32
25.387927741249158
 13
88.59337717473494
 23
47.39642007570771
 33
25.387927741249158
  0
3DFACE
  8
0
1001
WEBCAD
1000
E42_1778941710833
 10
61.3250312139283
 20
28.137411964632605
 30
56.5918186411275
 11
61.3999128221663
 21
29.041098584512326
 31
61.04951734111128
 12
64.44184342677374
 22
29.041098584513577
 32
61.04951734111128
 13
64.44184342677374
 23
29.041098584513577
 33
61.04951734111128
  0
3DFACE
  8
0
1001
WEBCAD
1000
E42_1778941710833
 10
61.3250312139283
 20
28.137411964632605
 30
56.5918186411275
 11
64.44184342677374
 21
29.041098584513577
 31
61.04951734111128
 12
64.51672503501254
 22
28.13741196463394
 32
56.5918186411275
 13
64.51672503501254
 23
28.13741196463394
 33
56.5918186411275
  0
3DFACE
  8
0
1001
WEBCAD
1000
E42_1778941710833
 10
78.46594486673786
 20
30.5099761291535
 30
38.761023841192404
 11
77.85179694605029
 21
31.177118612973146
 31
43.218722541176184
 12
81.03334774053724
 22
33.298919106078955
 32
38.761023841192404
 13
81.03334774053724
 23
33.298919106078955
 33
38.761023841192404
  0
3DFACE
  8
0
1001
WEBCAD
1000
E42_1778941710833
 10
51.67484682701024
 20
35.1799735158817
 30
69.96491474107884
 11
53.693897035995974
 21
34.69657012501301
 31
74.42261344106277
 12
53.83898905200073
 22
33.49555401031955
 32
69.96491474107884
 13
53.83898905200073
 23
33.49555401031955
 33
69.96491474107884
  0
3DFACE
  8
0
1001
WEBCAD
1000
E42_1778941710833
 10
51.67484682701024
 20
35.1799735158817
 30
69.96491474107884
 11
51.820802251364114
 21
36.29634420260939
 31
74.42261344106277
 12
53.693897035995974
 22
34.69657012501301
 32
74.42261344106277
 13
53.693897035995974
 23
34.69657012501301
 33
74.42261344106277
  0
3DFACE
  8
0
1001
WEBCAD
1000
E42_1778941710833
 10
64.59160664325128
 20
27.233725344754276
 30
52.13411994114373
 11
67.66488831243936
 21
28.662747501418153
 31
56.5918186411275
 12
67.88749056208388
 22
27.783711096793667
 32
52.13411994114373
 13
67.88749056208388
 23
27.783711096793667
 33
52.13411994114373
  0
3DFACE
  8
0
1001
WEBCAD
1000
E42_1778941710833
 10
64.59160664325128
 20
27.233725344754276
 30
52.13411994114373
 11
64.51672503501254
 21
28.13741196463394
 31
56.5918186411275
 12
67.66488831243936
 22
28.662747501418153
 32
56.5918186411275
 13
67.66488831243936
 23
28.662747501418153
 33
56.5918186411275
  0
3DFACE
  8
0
1001
WEBCAD
1000
E42_1778941710833
 10
81.74892752785183
 20
32.74196100156064
 30
34.30332514120863
 11
81.03334774053724
 21
33.298919106078955
 31
38.761023841192404
 12
83.9041821616155
 22
36.04082380000645
 32
34.30332514120863
 13
83.9041821616155
 23
36.04082380000645
 33
34.30332514120863
  0
3DFACE
  8
0
1001
WEBCAD
1000
E42_1778941710833
 10
53.343025352252994
 20
32.73642505504611
 30
65.50721604109505
 11
56.25086153617008
 21
32.19031389416787
 31
69.96491474107884
 12
55.88661065420996
 22
31.35990552643952
 32
65.50721604109505
 13
55.88661065420996
 23
31.35990552643952
 33
65.50721604109505
  0
3DFACE
  8
0
1001
WEBCAD
1000
E42_1778941710833
 10
53.343025352252994
 20
32.73642505504611
 30
65.50721604109505
 11
51.67484682701024
 21
35.1799735158817
 31
69.96491474107884
 12
53.83898905200073
 22
33.49555401031955
 32
69.96491474107884
 13
53.83898905200073
 23
33.49555401031955
 33
69.96491474107884
  0
3DFACE
  8
0
1001
WEBCAD
1000
E42_1778941710833
 10
53.343025352252994
 20
32.73642505504611
 30
65.50721604109505
 11
53.83898905200073
 21
33.49555401031955
 31
69.96491474107884
 12
56.25086153617008
 22
32.19031389416787
 32
69.96491474107884
 13
56.25086153617008
 23
32.19031389416787
 33
69.96491474107884
  0
3DFACE
  8
0
1001
WEBCAD
1000
E42_1778941710833
 10
68.1100928117284
 20
26.90467469216921
 30
47.67642124115996
 11
67.88749056208388
 21
27.783711096793667
 31
52.13411994114373
 12
71.0478982406105
 22
28.86868042326128
 32
52.13411994114373
 13
71.0478982406105
 23
28.86868042326128
 33
52.13411994114373
  0
3DFACE
  8
0
1001
WEBCAD
1000
E42_1778941710833
 10
68.1100928117284
 20
26.90467469216921
 30
47.67642124115996
 11
71.0478982406105
 21
28.86868042326128
 31
52.13411994114373
 12
71.4121491225713
 22
28.03827205553324
 32
47.67642124115996
 13
71.4121491225713
 23
28.03827205553324
 33
47.67642124115996
  0
3DFACE
  8
0
1001
WEBCAD
1000
E42_1778941710833
 10
84.70167466433657
 20
35.609242439999264
 30
29.845626441224855
 11
83.9041821616155
 21
36.04082380000645
 31
34.30332514120863
 12
86.3447186621978
 22
39.355005461979516
 32
29.845626441224855
 13
86.3447186621978
 23
39.355005461979516
 33
29.845626441224855
  0
3DFACE
  8
0
1001
WEBCAD
1000
E42_1778941710833
 10
55.5223597722499
 20
30.529497158711195
 30
61.04951734111128
 11
55.88661065420996
 21
31.35990552643952
 31
65.50721604109505
 12
58.39947018614487
 22
29.541783906038887
 32
61.04951734111128
 13
58.39947018614487
 23
29.541783906038887
 33
61.04951734111128
  0
3DFACE
  8
0
1001
WEBCAD
1000
E42_1778941710833
 10
71.77640000453209
 20
27.20786368780523
 30
43.218722541176184
 11
71.4121491225713
 21
28.03827205553324
 31
47.67642124115996
 12
74.97854939542555
 22
28.940780278689004
 32
43.218722541176184
 13
74.97854939542555
 23
28.940780278689004
 33
43.218722541176184
  0
3DFACE
  8
0
1001
WEBCAD
1000
E42_1778941710833
 10
87.20237036375886
 20
39.060573260935826
 30
25.387927741241082
 11
86.3447186621978
 21
39.355005461979516
 31
29.845626441224855
 12
87.34882135158477
 22
43.320117312218855
 32
29.845626441224855
 13
87.34882135158477
 23
43.320117312218855
 33
29.845626441224855
  0
3DFACE
  8
0
1001
WEBCAD
1000
E42_1778941710833
 10
87.20237036375886
 20
39.060573260935826
 30
25.387927741241082
 11
87.34882135158477
 21
43.320117312218855
 31
29.845626441224855
 12
88.24323774929826
 22
43.170865613055696
 32
25.387927741241082
 13
88.24323774929826
 23
43.170865613055696
 33
25.387927741241082
  0
3DFACE
  8
0
1001
WEBCAD
1000
E42_1778941710833
 10
58.176867936501026
 20
28.662747501414202
 30
56.5918186411275
 11
61.3999128221663
 21
29.041098584512326
 31
61.04951734111128
 12
61.3250312139283
 22
28.137411964632605
 32
56.5918186411275
 13
61.3250312139283
 23
28.137411964632605
 33
56.5918186411275
  0
3DFACE
  8
0
1001
WEBCAD
1000
E42_1778941710833
 10
58.176867936501026
 20
28.662747501414202
 30
56.5918186411275
 11
58.39947018614487
 21
29.541783906038887
 31
61.04951734111128
 12
61.3999128221663
 22
29.041098584512326
 32
61.04951734111128
 13
61.3999128221663
 23
29.041098584512326
 33
61.04951734111128
  0
3DFACE
  8
0
1001
WEBCAD
1000
E42_1778941710833
 10
75.47451309517385
 20
28.18165132341599
 30
38.761023841192404
 11
74.97854939542555
 21
28.940780278689004
 31
43.218722541176184
 12
77.85179694605029
 22
31.177118612973146
 32
43.218722541176184
 13
77.85179694605029
 23
31.177118612973146
 33
43.218722541176184
  0
3DFACE
  8
0
1001
WEBCAD
1000
E42_1778941710833
 10
75.47451309517385
 20
28.18165132341599
 30
38.761023841192404
 11
71.77640000453209
 21
27.20786368780523
 31
43.218722541176184
 12
74.97854939542555
 22
28.940780278689004
 32
43.218722541176184
 13
74.97854939542555
 23
28.940780278689004
 33
43.218722541176184
  0
3DFACE
  8
0
1001
WEBCAD
1000
E42_1778941710833
 10
75.47451309517385
 20
28.18165132341599
 30
38.761023841192404
 11
77.85179694605029
 21
31.177118612973146
 31
43.218722541176184
 12
78.46594486673786
 22
30.5099761291535
 32
38.761023841192404
 13
78.46594486673786
 23
30.5099761291535
 33
38.761023841192404
  0
3DFACE
  8
0
1001
WEBCAD
1000
E42_1778941710833
 10
89.1376541470118
 20
43.02161391389254
 30
20.930229041257306
 11
89.50016092084076
 21
47.39642007570771
 31
20.930229041265356
 12
90.40694466694663
 22
47.39642007570771
 32
16.47253034128156
 13
90.40694466694663
 23
47.39642007570771
 33
16.47253034128156
  0
3DFACE
  8
0
1001
WEBCAD
1000
E42_1778941710833
 10
89.1376541470118
 20
43.02161391389254
 30
20.930229041257306
 11
88.24323774929826
 21
43.170865613055696
 31
25.387927741241082
 12
89.50016092084076
 22
47.39642007570771
 32
20.930229041265356
 13
89.50016092084076
 23
47.39642007570771
 33
20.930229041265356
  0
3DFACE
  8
0
1001
WEBCAD
1000
E42_1778941710833
 10
49.81746701959861
 20
37.19762583769648
 30
69.96491474107884
 11
50.22102817376776
 21
38.16943898724122
 31
74.42261344106277
 12
51.820802251364114
 22
36.29634420260939
 32
74.42261344106277
 13
51.820802251364114
 23
36.29634420260939
 33
74.42261344106277
  0
3DFACE
  8
0
1001
WEBCAD
1000
E42_1778941710833
 10
49.81746701959861
 20
37.19762583769648
 30
69.96491474107884
 11
51.820802251364114
 21
36.29634420260939
 31
74.42261344106277
 12
51.67484682701024
 22
35.1799735158817
 32
69.96491474107884
 13
51.67484682701024
 23
35.1799735158817
 33
69.96491474107884
  0
3DFACE
  8
0
1001
WEBCAD
1000
E42_1778941710833
 10
61.2501496056903
 20
27.233725344752912
 30
52.13411994114373
 11
61.3250312139283
 21
28.137411964632605
 31
56.5918186411275
 12
64.51672503501254
 22
28.13741196463394
 32
56.5918186411275
 13
64.51672503501254
 23
28.13741196463394
 33
56.5918186411275
  0
3DFACE
  8
0
1001
WEBCAD
1000
E42_1778941710833
 10
61.2501496056903
 20
27.233725344752912
 30
52.13411994114373
 11
64.51672503501254
 21
28.13741196463394
 31
56.5918186411275
 12
64.59160664325128
 22
27.233725344754276
 32
52.13411994114373
 13
64.59160664325128
 23
27.233725344754276
 33
52.13411994114373
  0
3DFACE
  8
0
1001
WEBCAD
1000
E42_1778941710833
 10
79.08009278742549
 20
29.842833645333855
 30
34.30332514120863
 11
81.03334774053724
 21
33.298919106078955
 31
38.761023841192404
 12
81.74892752785183
 22
32.74196100156064
 32
34.30332514120863
 13
81.74892752785183
 23
32.74196100156064
 33
34.30332514120863
  0
3DFACE
  8
0
1001
WEBCAD
1000
E42_1778941710833
 10
79.08009278742549
 20
29.842833645333855
 30
34.30332514120863
 11
78.46594486673786
 21
30.5099761291535
 31
38.761023841192404
 12
81.03334774053724
 22
33.298919106078955
 32
38.761023841192404
 13
81.03334774053724
 23
33.298919106078955
 33
38.761023841192404
  0
3DFACE
  8
0
1001
WEBCAD
1000
E42_1778941710833
 10
51.06069890632318
 20
34.51283103206154
 30
65.50721604109505
 11
49.81746701959861
 21
37.19762583769648
 31
69.96491474107884
 12
51.67484682701024
 22
35.1799735158817
 32
69.96491474107884
 13
51.67484682701024
 23
35.1799735158817
 33
69.96491474107884
  0
3DFACE
  8
0
1001
WEBCAD
1000
E42_1778941710833
 10
51.06069890632318
 20
34.51283103206154
 30
65.50721604109505
 11
51.67484682701024
 21
35.1799735158817
 31
69.96491474107884
 12
53.343025352252994
 22
32.73642505504611
 32
65.50721604109505
 13
53.343025352252994
 23
32.73642505504611
 33
65.50721604109505
  0
3DFACE
  8
0
1001
WEBCAD
1000
E42_1778941710833
 10
64.66648825149002
 20
26.33003872487464
 30
47.67642124115996
 11
64.59160664325128
 21
27.233725344754276
 31
52.13411994114373
 12
67.88749056208388
 22
27.783711096793667
 32
52.13411994114373
 13
67.88749056208388
 23
27.783711096793667
 33
52.13411994114373
  0
3DFACE
  8
0
1001
WEBCAD
1000
E42_1778941710833
 10
64.66648825149002
 20
26.33003872487464
 30
47.67642124115996
 11
67.88749056208388
 21
27.783711096793667
 31
52.13411994114373
 12
68.1100928117284
 22
26.90467469216921
 32
47.67642124115996
 13
68.1100928117284
 23
26.90467469216921
 33
47.67642124115996
  0
3DFACE
  8
0
1001
WEBCAD
1000
E42_1778941710833
 10
82.46450731516649
 20
32.185002897042295
 30
29.845626441224855
 11
81.74892752785183
 21
32.74196100156064
 31
34.30332514120863
 12
83.9041821616155
 22
36.04082380000645
 32
34.30332514120863
 13
83.9041821616155
 23
36.04082380000645
 33
34.30332514120863
  0
3DFACE
  8
0
1001
WEBCAD
1000
E42_1778941710833
 10
82.46450731516649
 20
32.185002897042295
 30
29.845626441224855
 11
83.9041821616155
 21
36.04082380000645
 31
34.30332514120863
 12
84.70167466433657
 22
35.609242439999264
 32
29.845626441224855
 13
84.70167466433657
 23
35.609242439999264
 33
29.845626441224855
  0
3DFACE
  8
0
1001
WEBCAD
1000
E42_1778941710833
 10
82.46450731516649
 20
32.185002897042295
 30
29.845626441224855
 11
79.08009278742549
 21
29.842833645333855
 31
34.30332514120863
 12
81.74892752785183
 22
32.74196100156064
 32
34.30332514120863
 13
81.74892752785183
 23
32.74196100156064
 33
34.30332514120863
  0
3DFACE
  8
0
1001
WEBCAD
1000
E42_1778941710833
 10
52.84706165250532
 20
31.9772960997727
 30
61.04951734111128
 11
55.88661065420996
 21
31.35990552643952
 31
65.50721604109505
 12
55.5223597722499
 22
30.529497158711195
 32
61.04951734111128
 13
55.5223597722499
 23
30.529497158711195
 33
61.04951734111128
  0
3DFACE
  8
0
1001
WEBCAD
1000
E42_1778941710833
 10
52.84706165250532
 20
31.9772960997727
 30
61.04951734111128
 11
53.343025352252994
 21
32.73642505504611
 31
65.50721604109505
 12
55.88661065420996
 22
31.35990552643952
 32
65.50721604109505
 13
55.88661065420996
 23
31.35990552643952
 33
65.50721604109505
  0
3DFACE
  8
0
1001
WEBCAD
1000
E42_1778941710833
 10
68.33269506137293
 20
26.025638287544723
 30
43.218722541176184
 11
68.1100928117284
 21
26.90467469216921
 31
47.67642124115996
 12
71.4121491225713
 22
28.03827205553324
 32
47.67642124115996
 13
71.4121491225713
 23
28.03827205553324
 33
47.67642124115996
  0
3DFACE
  8
0
1001
WEBCAD
1000
E42_1778941710833
 10
68.33269506137293
 20
26.025638287544723
 30
43.218722541176184
 11
71.4121491225713
 21
28.03827205553324
 31
47.67642124115996
 12
71.77640000453209
 22
27.20786368780523
 32
43.218722541176184
 13
71.77640000453209
 23
27.20786368780523
 33
43.218722541176184
  0
3DFACE
  8
0
1001
WEBCAD
1000
E42_1778941710833
 10
85.49916716705758
 20
35.17766107999208
 30
25.387927741241082
 11
84.70167466433657
 21
35.609242439999264
 31
29.845626441224855
 12
86.3447186621978
 22
39.355005461979516
 32
29.845626441224855
 13
86.3447186621978
 23
39.355005461979516
 33
29.845626441224855
  0
3DFACE
  8
0
1001
WEBCAD
1000
E42_1778941710833
 10
85.49916716705758
 20
35.17766107999208
 30
25.387927741241082
 11
86.3447186621978
 21
39.355005461979516
 31
29.845626441224855
 12
87.20237036375886
 22
39.060573260935826
 32
25.387927741241082
 13
87.20237036375886
 23
39.060573260935826
 33
25.387927741241082
  0
3DFACE
  8
0
1001
WEBCAD
1000
E42_1778941710833
 10
55.15810889028978
 20
29.69908879098287
 30
56.5918186411275
 11
55.5223597722499
 21
30.529497158711195
 31
61.04951734111128
 12
58.39947018614487
 22
29.541783906038887
 32
61.04951734111128
 13
58.39947018614487
 23
29.541783906038887
 33
61.04951734111128
  0
3DFACE
  8
0
1001
WEBCAD
1000
E42_1778941710833
 10
55.15810889028978
 20
29.69908879098287
 30
56.5918186411275
 11
58.39947018614487
 21
29.541783906038887
 31
61.04951734111128
 12
58.176867936501026
 22
28.662747501414202
 32
56.5918186411275
 13
58.176867936501026
 23
28.662747501414202
 33
56.5918186411275
  0
3DFACE
  8
0
1001
WEBCAD
1000
E42_1778941710833
 10
72.14065088649284
 20
26.37745532007719
 30
38.761023841192404
 11
71.77640000453209
 21
27.20786368780523
 31
43.218722541176184
 12
75.47451309517385
 22
28.18165132341599
 32
38.761023841192404
 13
75.47451309517385
 23
28.18165132341599
 33
38.761023841192404
  0
3DFACE
  8
0
1001
WEBCAD
1000
E42_1778941710833
 10
88.06002206531986
 20
38.766141059892135
 30
20.930229041257306
 11
88.24323774929826
 21
43.170865613055696
 31
25.387927741241082
 12
89.1376541470118
 22
43.02161391389254
 32
20.930229041257306
 13
89.1376541470118
 23
43.02161391389254
 33
20.930229041257306
  0
3DFACE
  8
0
1001
WEBCAD
1000
E42_1778941710833
 10
88.06002206531986
 20
38.766141059892135
 30
20.930229041257306
 11
85.49916716705758
 21
35.17766107999208
 31
25.387927741241082
 12
87.20237036375886
 22
39.060573260935826
 32
25.387927741241082
 13
87.20237036375886
 23
39.060573260935826
 33
25.387927741241082
  0
3DFACE
  8
0
1001
WEBCAD
1000
E42_1778941710833
 10
88.06002206531986
 20
38.766141059892135
 30
20.930229041257306
 11
87.20237036375886
 21
39.060573260935826
 31
25.387927741241082
 12
88.24323774929826
 22
43.170865613055696
 32
25.387927741241082
 13
88.24323774929826
 23
43.170865613055696
 33
25.387927741241082
  0
3DFACE
  8
0
1001
WEBCAD
1000
E42_1778941710833
 10
48.3175141090843
 20
39.49347468005183
 30
69.96491474107884
 11
50.22102817376776
 21
38.16943898724122
 31
74.42261344106277
 12
49.81746701959861
 22
37.19762583769648
 32
69.96491474107884
 13
49.81746701959861
 23
37.19762583769648
 33
69.96491474107884
  0
3DFACE
  8
0
1001
WEBCAD
1000
E42_1778941710833
 10
48.3175141090843
 20
39.49347468005183
 30
69.96491474107884
 11
48.93396655034297
 21
40.26973266886566
 31
74.42261344106277
 12
50.22102817376776
 22
38.16943898724122
 32
74.42261344106277
 13
50.22102817376776
 23
38.16943898724122
 33
74.42261344106277
  0
3DFACE
  8
0
1001
WEBCAD
1000
E42_1778941710833
 10
57.95426568685724
 20
27.783711096789546
 30
52.13411994114373
 11
55.15810889028978
 21
29.69908879098287
 31
56.5918186411275
 12
58.176867936501026
 22
28.662747501414202
 32
56.5918186411275
 13
58.176867936501026
 23
28.662747501414202
 33
56.5918186411275
  0
3DFACE
  8
0
1001
WEBCAD
1000
E42_1778941710833
 10
57.95426568685724
 20
27.783711096789546
 30
52.13411994114373
 11
58.176867936501026
 21
28.662747501414202
 31
56.5918186411275
 12
61.3250312139283
 22
28.137411964632605
 32
56.5918186411275
 13
61.3250312139283
 23
28.137411964632605
 33
56.5918186411275
  0
3DFACE
  8
0
1001
WEBCAD
1000
E42_1778941710833
 10
57.95426568685724
 20
27.783711096789546
 30
52.13411994114373
 11
61.3250312139283
 21
28.137411964632605
 31
56.5918186411275
 12
61.2501496056903
 22
27.233725344752912
 32
52.13411994114373
 13
61.2501496056903
 23
27.233725344752912
 33
52.13411994114373
  0
3DFACE
  8
0
1001
WEBCAD
1000
E42_1778941710833
 10
75.9704767949222
 20
27.422522368142978
 30
34.30332514120863
 11
78.46594486673786
 21
30.5099761291535
 31
38.761023841192404
 12
79.08009278742549
 22
29.842833645333855
 32
34.30332514120863
 13
79.08009278742549
 23
29.842833645333855
 33
34.30332514120863
  0
3DFACE
  8
0
1001
WEBCAD
1000
E42_1778941710833
 10
75.9704767949222
 20
27.422522368142978
 30
34.30332514120863
 11
75.47451309517385
 21
28.18165132341599
 31
38.761023841192404
 12
78.46594486673786
 22
30.5099761291535
 32
38.761023841192404
 13
78.46594486673786
 23
30.5099761291535
 33
38.761023841192404
  0
3DFACE
  8
0
1001
WEBCAD
1000
E42_1778941710833
 10
90.03207054472534
 20
42.87236221472938
 30
16.472530341273533
 11
91.11764719097584
 21
44.06532990580854
 31
12.014831641297759
 12
90.53211180131984
 22
40.78024879979145
 32
12.014831641297759
 13
90.53211180131984
 23
40.78024879979145
 33
12.014831641297759
  0
3DFACE
  8
0
1001
WEBCAD
1000
E42_1778941710833
 10
90.03207054472534
 20
42.87236221472938
 30
16.472530341273533
 11
90.40694466694663
 21
47.39642007570771
 31
16.47253034128156
 12
91.11764719097584
 22
44.06532990580854
 32
12.014831641297759
 13
91.11764719097584
 23
44.06532990580854
 33
12.014831641297759
  0
3DFACE
  8
0
1001
WEBCAD
1000
E42_1778941710833
 10
90.03207054472534
 20
42.87236221472938
 30
16.472530341273533
 11
89.1376541470118
 21
43.02161391389254
 31
20.930229041257306
 12
90.40694466694663
 22
47.39642007570771
 32
16.47253034128156
 13
90.40694466694663
 23
47.39642007570771
 33
16.47253034128156
  0
3DFACE
  8
0
1001
WEBCAD
1000
E42_1778941710833
 10
49.10188723228441
 20
36.64066773317754
 30
65.50721604109505
 11
49.81746701959861
 21
37.19762583769648
 31
69.96491474107884
 12
51.06069890632318
 22
34.51283103206154
 32
65.50721604109505
 13
51.06069890632318
 23
34.51283103206154
 33
65.50721604109505
  0
3DFACE
  8
0
1001
WEBCAD
1000
E42_1778941710833
 10
49.10188723228441
 20
36.64066773317754
 30
65.50721604109505
 11
48.3175141090843
 21
39.49347468005183
 31
69.96491474107884
 12
49.81746701959861
 22
37.19762583769648
 32
69.96491474107884
 13
49.81746701959861
 23
37.19762583769648
 33
69.96491474107884
  0
3DFACE
  8
0
1001
WEBCAD
1000
E42_1778941710833
 10
61.175267997452295
 20
26.33003872487319
 30
47.67642124115996
 11
64.59160664325128
 21
27.233725344754276
 31
52.13411994114373
 12
64.66648825149002
 22
26.33003872487464
 32
47.67642124115996
 13
64.66648825149002
 23
26.33003872487464
 33
47.67642124115996
  0
3DFACE
  8
0
1001
WEBCAD
1000
E42_1778941710833
 10
61.175267997452295
 20
26.33003872487319
 30
47.67642124115996
 11
61.2501496056903
 21
27.233725344752912
 31
52.13411994114373
 12
64.59160664325128
 22
27.233725344754276
 32
52.13411994114373
 13
64.59160664325128
 23
27.233725344754276
 33
52.13411994114373
  0
3DFACE
  8
0
1001
WEBCAD
1000
E42_1778941710833
 10
79.69424070811306
 20
29.17569116151421
 30
29.845626441224855
 11
75.9704767949222
 21
27.422522368142978
 31
34.30332514120863
 12
79.08009278742549
 22
29.842833645333855
 32
34.30332514120863
 13
79.08009278742549
 23
29.842833645333855
 33
34.30332514120863
  0
3DFACE
  8
0
1001
WEBCAD
1000
E42_1778941710833
 10
79.69424070811306
 20
29.17569116151421
 30
29.845626441224855
 11
79.08009278742549
 21
29.842833645333855
 31
34.30332514120863
 12
82.46450731516649
 22
32.185002897042295
 32
29.845626441224855
 13
82.46450731516649
 23
32.185002897042295
 33
29.845626441224855
  0
3DFACE
  8
0
1001
WEBCAD
1000
E42_1778941710833
 10
50.44655098563612
 20
33.845688548241384
 30
61.04951734111128
 11
53.343025352252994
 21
32.73642505504611
 31
65.50721604109505
 12
52.84706165250532
 22
31.9772960997727
 32
61.04951734111128
 13
52.84706165250532
 23
31.9772960997727
 33
61.04951734111128
  0
3DFACE
  8
0
1001
WEBCAD
1000
E42_1778941710833
 10
50.44655098563612
 20
33.845688548241384
 30
61.04951734111128
 11
51.06069890632318
 21
34.51283103206154
 31
65.50721604109505
 12
53.343025352252994
 22
32.73642505504611
 32
65.50721604109505
 13
53.343025352252994
 23
32.73642505504611
 33
65.50721604109505
  0
3DFACE
  8
0
1001
WEBCAD
1000
E42_1778941710833
 10
64.74136985972876
 20
25.426352104994976
 30
43.218722541176184
 11
68.1100928117284
 21
26.90467469216921
 31
47.67642124115996
 12
68.33269506137293
 22
26.025638287544723
 32
43.218722541176184
 13
68.33269506137293
 23
26.025638287544723
 33
43.218722541176184
  0
3DFACE
  8
0
1001
WEBCAD
1000
E42_1778941710833
 10
64.74136985972876
 20
25.426352104994976
 30
43.218722541176184
 11
64.66648825149002
 21
26.33003872487464
 31
47.67642124115996
 12
68.1100928117284
 22
26.90467469216921
 32
47.67642124115996
 13
68.1100928117284
 23
26.90467469216921
 33
47.67642124115996
  0
3DFACE
  8
0
1001
WEBCAD
1000
E42_1778941710833
 10
83.18008710248114
 20
31.62804479252395
 30
25.387927741241082
 11
84.70167466433657
 21
35.609242439999264
 31
29.845626441224855
 12
85.49916716705758
 22
35.17766107999208
 32
25.387927741241082
 13
85.49916716705758
 23
35.17766107999208
 33
25.387927741241082
  0
3DFACE
  8
0
1001
WEBCAD
1000
E42_1778941710833
 10
83.18008710248114
 20
31.62804479252395
 30
25.387927741241082
 11
82.46450731516649
 21
32.185002897042295
 31
29.845626441224855
 12
84.70167466433657
 22
35.609242439999264
 32
29.845626441224855
 13
84.70167466433657
 23
35.609242439999264
 33
29.845626441224855
  0
3DFACE
  8
0
1001
WEBCAD
1000
E42_1778941710833
 10
52.35109795275764
 20
31.21816714449929
 30
56.5918186411275
 11
52.84706165250532
 21
31.9772960997727
 31
61.04951734111128
 12
55.5223597722499
 22
30.529497158711195
 32
61.04951734111128
 13
55.5223597722499
 23
30.529497158711195
 33
61.04951734111128
  0
3DFACE
  8
0
1001
WEBCAD
1000
E42_1778941710833
 10
52.35109795275764
 20
31.21816714449929
 30
56.5918186411275
 11
55.5223597722499
 21
30.529497158711195
 31
61.04951734111128
 12
55.15810889028978
 22
29.69908879098287
 32
56.5918186411275
 13
55.15810889028978
 23
29.69908879098287
 33
56.5918186411275
  0
3DFACE
  8
0
1001
WEBCAD
1000
E42_1778941710833
 10
68.55529731101751
 20
25.146601882920237
 30
38.761023841192404
 11
71.77640000453209
 21
27.20786368780523
 31
43.218722541176184
 12
72.14065088649284
 22
26.37745532007719
 32
38.761023841192404
 13
72.14065088649284
 23
26.37745532007719
 33
38.761023841192404
  0
3DFACE
  8
0
1001
WEBCAD
1000
E42_1778941710833
 10
68.55529731101751
 20
25.146601882920237
 30
38.761023841192404
 11
64.74136985972876
 21
25.426352104994976
 31
43.218722541176184
 12
68.33269506137293
 22
26.025638287544723
 32
43.218722541176184
 13
68.33269506137293
 23
26.025638287544723
 33
43.218722541176184
  0
3DFACE
  8
0
1001
WEBCAD
1000
E42_1778941710833
 10
68.55529731101751
 20
25.146601882920237
 30
38.761023841192404
 11
68.33269506137293
 21
26.025638287544723
 31
43.218722541176184
 12
71.77640000453209
 22
27.20786368780523
 32
43.218722541176184
 13
71.77640000453209
 23
27.20786368780523
 33
43.218722541176184
  0
3DFACE
  8
0
1001
WEBCAD
1000
E42_1778941710833
 10
86.29665966977865
 20
34.74607971998489
 30
20.930229041257306
 11
85.49916716705758
 21
35.17766107999208
 31
25.387927741241082
 12
88.06002206531986
 22
38.766141059892135
 32
20.930229041257306
 13
88.06002206531986
 23
38.766141059892135
 33
20.930229041257306
  0
3DFACE
  8
0
1001
WEBCAD
1000
E42_1778941710833
 10
47.215902900780634
 20
42.00489527135963
 30
69.96491474107884
 11
47.99130910977118
 21
42.545509046566025
 31
74.42261344106277
 12
48.93396655034297
 22
40.26973266886566
 32
74.42261344106277
 13
48.93396655034297
 23
40.26973266886566
 33
74.42261344106277
  0
3DFACE
  8
0
1001
WEBCAD
1000
E42_1778941710833
 10
47.215902900780634
 20
42.00489527135963
 30
69.96491474107884
 11
48.93396655034297
 21
40.26973266886566
 31
74.42261344106277
 12
48.3175141090843
 22
39.49347468005183
 32
69.96491474107884
 13
48.3175141090843
 23
39.49347468005183
 33
69.96491474107884
  0
3DFACE
  8
0
1001
WEBCAD
1000
E42_1778941710833
 10
54.793858008329664
 20
28.868680423254546
 30
52.13411994114373
 11
55.15810889028978
 21
29.69908879098287
 31
56.5918186411275
 12
57.95426568685724
 22
27.783711096789546
 32
52.13411994114373
 13
57.95426568685724
 23
27.783711096789546
 33
52.13411994114373
  0
3DFACE
  8
0
1001
WEBCAD
1000
E42_1778941710833
 10
72.50490176845364
 20
25.547046952349177
 30
34.30332514120863
 11
72.14065088649284
 21
26.37745532007719
 31
38.761023841192404
 12
75.47451309517385
 22
28.18165132341599
 32
38.761023841192404
 13
75.47451309517385
 23
28.18165132341599
 33
38.761023841192404
  0
3DFACE
  8
0
1001
WEBCAD
1000
E42_1778941710833
 10
72.50490176845364
 20
25.547046952349177
 30
34.30332514120863
 11
75.47451309517385
 21
28.18165132341599
 31
38.761023841192404
 12
75.9704767949222
 22
27.422522368142978
 32
34.30332514120863
 13
75.9704767949222
 23
27.422522368142978
 33
34.30332514120863
  0
3DFACE
  8
0
1001
WEBCAD
1000
E42_1778941710833
 10
72.50490176845364
 20
25.547046952349177
 30
34.30332514120863
 11
68.55529731101751
 21
25.146601882920237
 31
38.761023841192404
 12
72.14065088649284
 22
26.37745532007719
 32
38.761023841192404
 13
72.14065088649284
 23
26.37745532007719
 33
38.761023841192404
  0
3DFACE
  8
0
1001
WEBCAD
1000
E42_1778941710833
 10
88.91767376688085
 20
38.47170885884847
 30
16.472530341273533
 11
89.56520966705239
 21
37.58655034370656
 31
12.014831641297759
 12
88.23029565393625
 22
34.528345945168695
 32
12.014831641297759
 13
88.23029565393625
 23
34.528345945168695
 33
12.014831641297759
  0
3DFACE
  8
0
1001
WEBCAD
1000
E42_1778941710833
 10
88.91767376688085
 20
38.47170885884847
 30
16.472530341273533
 11
90.03207054472534
 21
42.87236221472938
 31
16.472530341273533
 12
90.53211180131984
 22
40.78024879979145
 32
12.014831641297759
 13
90.53211180131984
 23
40.78024879979145
 33
12.014831641297759
  0
3DFACE
  8
0
1001
WEBCAD
1000
E42_1778941710833
 10
88.91767376688085
 20
38.47170885884847
 30
16.472530341273533
 11
90.53211180131984
 21
40.78024879979145
 31
12.014831641297759
 12
89.56520966705239
 22
37.58655034370656
 32
12.014831641297759
 13
89.56520966705239
 23
37.58655034370656
 33
12.014831641297759
  0
3DFACE
  8
0
1001
WEBCAD
1000
E42_1778941710833
 10
88.91767376688085
 20
38.47170885884847
 30
16.472530341273533
 11
89.1376541470118
 21
43.02161391389254
 31
20.930229041257306
 12
90.03207054472534
 22
42.87236221472938
 32
16.472530341273533
 13
90.03207054472534
 23
42.87236221472938
 33
16.472530341273533
  0
3DFACE
  8
0
1001
WEBCAD
1000
E42_1778941710833
 10
88.91767376688085
 20
38.47170885884847
 30
16.472530341273533
 11
88.06002206531986
 21
38.766141059892135
 31
20.930229041257306
 12
89.1376541470118
 22
43.02161391389254
 32
20.930229041257306
 13
89.1376541470118
 23
43.02161391389254
 33
20.930229041257306
  0
3DFACE
  8
0
1001
WEBCAD
1000
E42_1778941710833
 10
47.52002160636357
 20
39.06189332004399
 30
65.50721604109505
 11
48.3175141090843
 21
39.49347468005183
 31
69.96491474107884
 12
49.10188723228441
 22
36.64066773317754
 32
65.50721604109505
 13
49.10188723228441
 23
36.64066773317754
 33
65.50721604109505
  0
3DFACE
  8
0
1001
WEBCAD
1000
E42_1778941710833
 10
57.7316634372134
 20
26.90467469216489
 30
47.67642124115996
 11
57.95426568685724
 21
27.783711096789546
 31
52.13411994114373
 12
61.2501496056903
 22
27.233725344752912
 32
52.13411994114373
 13
61.2501496056903
 23
27.233725344752912
 33
52.13411994114373
  0
3DFACE
  8
0
1001
WEBCAD
1000
E42_1778941710833
 10
57.7316634372134
 20
26.90467469216489
 30
47.67642124115996
 11
61.2501496056903
 21
27.233725344752912
 31
52.13411994114373
 12
61.175267997452295
 22
26.33003872487319
 32
47.67642124115996
 13
61.175267997452295
 23
26.33003872487319
 33
47.67642124115996
  0
3DFACE
  8
0
1001
WEBCAD
1000
E42_1778941710833
 10
76.46644049467051
 20
26.663393412869965
 30
29.845626441224855
 11
75.9704767949222
 21
27.422522368142978
 31
34.30332514120863
 12
79.69424070811306
 22
29.17569116151421
 32
29.845626441224855
 13
79.69424070811306
 23
29.17569116151421
 33
29.845626441224855
  0
3DFACE
  8
0
1001
WEBCAD
1000
E42_1778941710833
 10
48.38630744497027
 20
36.083709628658596
 30
61.04951734111128
 11
49.10188723228441
 21
36.64066773317754
 31
65.50721604109505
 12
51.06069890632318
 22
34.51283103206154
 32
65.50721604109505
 13
51.06069890632318
 23
34.51283103206154
 33
65.50721604109505
  0
3DFACE
  8
0
1001
WEBCAD
1000
E42_1778941710833
 10
48.38630744497027
 20
36.083709628658596
 30
61.04951734111128
 11
51.06069890632318
 21
34.51283103206154
 31
65.50721604109505
 12
50.44655098563612
 22
33.845688548241384
 32
61.04951734111128
 13
50.44655098563612
 23
33.845688548241384
 33
61.04951734111128
  0
3DFACE
  8
0
1001
WEBCAD
1000
E42_1778941710833
 10
48.38630744497027
 20
36.083709628658596
 30
61.04951734111128
 11
47.52002160636357
 21
39.06189332004399
 31
65.50721604109505
 12
49.10188723228441
 22
36.64066773317754
 32
65.50721604109505
 13
49.10188723228441
 23
36.64066773317754
 33
65.50721604109505
  0
3DFACE
  8
0
1001
WEBCAD
1000
E42_1778941710833
 10
61.10038638921429
 20
25.42635210499347
 30
43.218722541176184
 11
64.66648825149002
 21
26.33003872487464
 31
47.67642124115996
 12
64.74136985972876
 22
25.426352104994976
 32
43.218722541176184
 13
64.74136985972876
 23
25.426352104994976
 33
43.218722541176184
  0
3DFACE
  8
0
1001
WEBCAD
1000
E42_1778941710833
 10
61.10038638921429
 20
25.42635210499347
 30
43.218722541176184
 11
61.175267997452295
 21
26.33003872487319
 31
47.67642124115996
 12
64.66648825149002
 22
26.33003872487464
 32
47.67642124115996
 13
64.66648825149002
 23
26.33003872487464
 33
47.67642124115996
  0
3DFACE
  8
0
1001
WEBCAD
1000
E42_1778941710833
 10
80.30838862880063
 20
28.508548677694563
 30
25.387927741241082
 11
82.46450731516649
 21
32.185002897042295
 31
29.845626441224855
 12
83.18008710248114
 22
31.62804479252395
 32
25.387927741241082
 13
83.18008710248114
 23
31.62804479252395
 33
25.387927741241082
  0
3DFACE
  8
0
1001
WEBCAD
1000
E42_1778941710833
 10
80.30838862880063
 20
28.508548677694563
 30
25.387927741241082
 11
79.69424070811306
 21
29.17569116151421
 31
29.845626441224855
 12
82.46450731516649
 22
32.185002897042295
 32
29.845626441224855
 13
82.46450731516649
 23
32.185002897042295
 33
29.845626441224855
  0
3DFACE
  8
0
1001
WEBCAD
1000
E42_1778941710833
 10
49.83240306494912
 20
33.178546064421226
 30
56.5918186411275
 11
50.44655098563612
 21
33.845688548241384
 31
61.04951734111128
 12
52.84706165250532
 22
31.9772960997727
 32
61.04951734111128
 13
52.84706165250532
 23
31.9772960997727
 33
61.04951734111128
  0
3DFACE
  8
0
1001
WEBCAD
1000
E42_1778941710833
 10
49.83240306494912
 20
33.178546064421226
 30
56.5918186411275
 11
52.84706165250532
 21
31.9772960997727
 31
61.04951734111128
 12
52.35109795275764
 22
31.21816714449929
 32
56.5918186411275
 13
52.35109795275764
 23
31.21816714449929
 33
56.5918186411275
  0
3DFACE
  8
0
1001
WEBCAD
1000
E42_1778941710833
 10
64.8162514679675
 20
24.52266548511534
 30
38.761023841192404
 11
64.74136985972876
 21
25.426352104994976
 31
43.218722541176184
 12
68.55529731101751
 22
25.146601882920237
 32
38.761023841192404
 13
68.55529731101751
 23
25.146601882920237
 33
38.761023841192404
  0
3DFACE
  8
0
1001
WEBCAD
1000
E42_1778941710833
 10
83.89566688979579
 20
31.071086688005636
 30
20.930229041257306
 11
83.18008710248114
 21
31.62804479252395
 31
25.387927741241082
 12
85.49916716705758
 22
35.17766107999208
 32
25.387927741241082
 13
85.49916716705758
 23
35.17766107999208
 33
25.387927741241082
  0
3DFACE
  8
0
1001
WEBCAD
1000
E42_1778941710833
 10
83.89566688979579
 20
31.071086688005636
 30
20.930229041257306
 11
85.49916716705758
 21
35.17766107999208
 31
25.387927741241082
 12
86.29665966977865
 22
34.74607971998489
 32
20.930229041257306
 13
86.29665966977865
 23
34.74607971998489
 33
20.930229041257306
  0
3DFACE
  8
0
1001
WEBCAD
1000
E42_1778941710833
 10
46.54268247676413
 20
44.663382604673814
 30
69.96491474107884
 11
47.41626720673992
 21
44.940730953054526
 31
74.42261344106277
 12
47.99130910977118
 22
42.545509046566025
 32
74.42261344106277
 13
47.99130910977118
 23
42.545509046566025
 33
74.42261344106277
  0
3DFACE
  8
0
1001
WEBCAD
1000
E42_1778941710833
 10
46.54268247676413
 20
44.663382604673814
 30
69.96491474107884
 11
47.99130910977118
 21
42.545509046566025
 31
74.42261344106277
 12
47.215902900780634
 22
42.00489527135963
 32
69.96491474107884
 13
47.215902900780634
 23
42.00489527135963
 33
69.96491474107884
  0
3DFACE
  8
0
1001
WEBCAD
1000
E42_1778941710833
 10
51.855134253009965
 20
30.45903818922585
 30
52.13411994114373
 11
52.35109795275764
 21
31.21816714449929
 31
56.5918186411275
 12
55.15810889028978
 22
29.69908879098287
 32
56.5918186411275
 13
55.15810889028978
 23
29.69908879098287
 33
56.5918186411275
  0
3DFACE
  8
0
1001
WEBCAD
1000
E42_1778941710833
 10
51.855134253009965
 20
30.45903818922585
 30
52.13411994114373
 11
55.15810889028978
 21
29.69908879098287
 31
56.5918186411275
 12
54.793858008329664
 22
28.868680423254546
 32
52.13411994114373
 13
54.793858008329664
 23
28.868680423254546
 33
52.13411994114373
  0
3DFACE
  8
0
1001
WEBCAD
1000
E42_1778941710833
 10
68.77789956066204
 20
24.26756547829578
 30
34.30332514120863
 11
68.55529731101751
 21
25.146601882920237
 31
38.761023841192404
 12
72.50490176845364
 22
25.547046952349177
 32
34.30332514120863
 13
72.50490176845364
 23
25.547046952349177
 33
34.30332514120863
  0
3DFACE
  8
0
1001
WEBCAD
1000
E42_1778941710833
 10
87.09415217249966
 20
34.314498359977705
 30
16.472530341273533
 11
88.23029565393625
 21
34.528345945168695
 31
12.014831641297759
 12
86.5458076129375
 22
31.64787556598023
 32
12.014831641297759
 13
86.5458076129375
 23
31.64787556598023
 33
12.014831641297759
  0
3DFACE
  8
0
1001
WEBCAD
1000
E42_1778941710833
 10
87.09415217249966
 20
34.314498359977705
 30
16.472530341273533
 11
88.91767376688085
 21
38.47170885884847
 31
16.472530341273533
 12
88.23029565393625
 22
34.528345945168695
 32
12.014831641297759
 13
88.23029565393625
 23
34.528345945168695
 33
12.014831641297759
  0
3DFACE
  8
0
1001
WEBCAD
1000
E42_1778941710833
 10
87.09415217249966
 20
34.314498359977705
 30
16.472530341273533
 11
86.29665966977865
 21
34.74607971998489
 31
20.930229041257306
 12
88.06002206531986
 22
38.766141059892135
 32
20.930229041257306
 13
88.06002206531986
 23
38.766141059892135
 33
20.930229041257306
  0
3DFACE
  8
0
1001
WEBCAD
1000
E42_1778941710833
 10
87.09415217249966
 20
34.314498359977705
 30
16.472530341273533
 11
88.06002206531986
 21
38.766141059892135
 31
20.930229041257306
 12
88.91767376688085
 22
38.47170885884847
 32
16.472530341273533
 13
88.91767376688085
 23
38.47170885884847
 33
16.472530341273533
  0
3DFACE
  8
0
1001
WEBCAD
1000
E42_1778941710833
 10
46.358251199219865
 20
41.71046307031523
 30
65.50721604109505
 11
47.215902900780634
 21
42.00489527135963
 31
69.96491474107884
 12
48.3175141090843
 22
39.49347468005183
 32
69.96491474107884
 13
48.3175141090843
 23
39.49347468005183
 33
69.96491474107884
  0
3DFACE
  8
0
1001
WEBCAD
1000
E42_1778941710833
 10
46.358251199219865
 20
41.71046307031523
 30
65.50721604109505
 11
48.3175141090843
 21
39.49347468005183
 31
69.96491474107884
 12
47.52002160636357
 22
39.06189332004399
 32
65.50721604109505
 13
47.52002160636357
 23
39.06189332004399
 33
65.50721604109505
  0
3DFACE
  8
0
1001
WEBCAD
1000
E42_1778941710833
 10
54.4296071263696
 20
28.03827205552622
 30
47.67642124115996
 11
54.793858008329664
 21
28.868680423254546
 31
52.13411994114373
 12
57.95426568685724
 22
27.783711096789546
 32
52.13411994114373
 13
57.95426568685724
 23
27.783711096789546
 33
52.13411994114373
  0
3DFACE
  8
0
1001
WEBCAD
1000
E42_1778941710833
 10
54.4296071263696
 20
28.03827205552622
 30
47.67642124115996
 11
57.95426568685724
 21
27.783711096789546
 31
52.13411994114373
 12
57.7316634372134
 22
26.90467469216489
 32
47.67642124115996
 13
57.7316634372134
 23
26.90467469216489
 33
47.67642124115996
  0
3DFACE
  8
0
1001
WEBCAD
1000
E42_1778941710833
 10
72.86915265041443
 20
24.716638584621165
 30
29.845626441224855
 11
72.50490176845364
 21
25.547046952349177
 31
34.30332514120863
 12
75.9704767949222
 22
27.422522368142978
 32
34.30332514120863
 13
75.9704767949222
 23
27.422522368142978
 33
34.30332514120863
  0
3DFACE
  8
0
1001
WEBCAD
1000
E42_1778941710833
 10
72.86915265041443
 20
24.716638584621165
 30
29.845626441224855
 11
75.9704767949222
 21
27.422522368142978
 31
34.30332514120863
 12
76.46644049467051
 22
26.663393412869965
 32
29.845626441224855
 13
76.46644049467051
 23
26.663393412869965
 33
29.845626441224855
  0
3DFACE
  8
0
1001
WEBCAD
1000
E42_1778941710833
 10
46.7225291036429
 20
38.63031196003615
 30
61.04951734111128
 11
47.52002160636357
 21
39.06189332004399
 31
65.50721604109505
 12
48.38630744497027
 22
36.083709628658596
 32
61.04951734111128
 13
48.38630744497027
 23
36.083709628658596
 33
61.04951734111128
  0
3DFACE
  8
0
1001
WEBCAD
1000
E42_1778941710833
 10
57.509061187569614
 20
26.025638287540232
 30
43.218722541176184
 11
61.175267997452295
 21
26.33003872487319
 31
47.67642124115996
 12
61.10038638921429
 22
25.42635210499347
 32
43.218722541176184
 13
61.10038638921429
 23
25.42635210499347
 33
43.218722541176184
  0
3DFACE
  8
0
1001
WEBCAD
1000
E42_1778941710833
 10
57.509061187569614
 20
26.025638287540232
 30
43.218722541176184
 11
54.4296071263696
 21
28.03827205552622
 31
47.67642124115996
 12
57.7316634372134
 22
26.90467469216489
 32
47.67642124115996
 13
57.7316634372134
 23
26.90467469216489
 33
47.67642124115996
  0
3DFACE
  8
0
1001
WEBCAD
1000
E42_1778941710833
 10
57.509061187569614
 20
26.025638287540232
 30
43.218722541176184
 11
57.7316634372134
 21
26.90467469216489
 31
47.67642124115996
 12
61.175267997452295
 22
26.33003872487319
 32
47.67642124115996
 13
61.175267997452295
 23
26.33003872487319
 33
47.67642124115996
  0
3DFACE
  8
0
1001
WEBCAD
1000
E42_1778941710833
 10
76.96240419441881
 20
25.904264457596952
 30
25.387927741241082
 11
76.46644049467051
 21
26.663393412869965
 31
29.845626441224855
 12
79.69424070811306
 22
29.17569116151421
 32
29.845626441224855
 13
79.69424070811306
 23
29.17569116151421
 33
29.845626441224855
  0
3DFACE
  8
0
1001
WEBCAD
1000
E42_1778941710833
 10
76.96240419441881
 20
25.904264457596952
 30
25.387927741241082
 11
79.69424070811306
 21
29.17569116151421
 31
29.845626441224855
 12
80.30838862880063
 22
28.508548677694563
 32
25.387927741241082
 13
80.30838862880063
 23
28.508548677694563
 33
25.387927741241082
  0
3DFACE
  8
0
1001
WEBCAD
1000
E42_1778941710833
 10
47.67072765765607
 20
35.526751524139684
 30
56.5918186411275
 11
50.44655098563612
 21
33.845688548241384
 31
61.04951734111128
 12
49.83240306494912
 22
33.178546064421226
 32
56.5918186411275
 13
49.83240306494912
 23
33.178546064421226
 33
56.5918186411275
  0
3DFACE
  8
0
1001
WEBCAD
1000
E42_1778941710833
 10
47.67072765765607
 20
35.526751524139684
 30
56.5918186411275
 11
46.7225291036429
 21
38.63031196003615
 31
61.04951734111128
 12
48.38630744497027
 22
36.083709628658596
 32
61.04951734111128
 13
48.38630744497027
 23
36.083709628658596
 33
61.04951734111128
  0
3DFACE
  8
0
1001
WEBCAD
1000
E42_1778941710833
 10
47.67072765765607
 20
35.526751524139684
 30
56.5918186411275
 11
48.38630744497027
 21
36.083709628658596
 31
61.04951734111128
 12
50.44655098563612
 22
33.845688548241384
 32
61.04951734111128
 13
50.44655098563612
 23
33.845688548241384
 33
61.04951734111128
  0
3DFACE
  8
0
1001
WEBCAD
1000
E42_1778941710833
 10
61.02550478097629
 20
24.522665485113777
 30
38.761023841192404
 11
61.10038638921429
 21
25.42635210499347
 31
43.218722541176184
 12
64.74136985972876
 22
25.426352104994976
 32
43.218722541176184
 13
64.74136985972876
 23
25.426352104994976
 33
43.218722541176184
  0
3DFACE
  8
0
1001
WEBCAD
1000
E42_1778941710833
 10
61.02550478097629
 20
24.522665485113777
 30
38.761023841192404
 11
64.74136985972876
 21
25.426352104994976
 31
43.218722541176184
 12
64.8162514679675
 22
24.52266548511534
 32
38.761023841192404
 13
64.8162514679675
 23
24.52266548511534
 33
38.761023841192404
  0
3DFACE
  8
0
1001
WEBCAD
1000
E42_1778941710833
 10
80.9225365494882
 20
27.841406193874917
 30
20.930229041257306
 11
80.30838862880063
 21
28.508548677694563
 31
25.387927741241082
 12
83.18008710248114
 22
31.62804479252395
 32
25.387927741241082
 13
83.18008710248114
 23
31.62804479252395
 33
25.387927741241082
  0
3DFACE
  8
0
1001
WEBCAD
1000
E42_1778941710833
 10
80.9225365494882
 20
27.841406193874917
 30
20.930229041257306
 11
83.18008710248114
 21
31.62804479252395
 31
25.387927741241082
 12
83.89566688979579
 22
31.071086688005636
 32
20.930229041257306
 13
83.89566688979579
 23
31.071086688005636
 33
20.930229041257306
  0
3DFACE
  8
0
1001
WEBCAD
1000
E42_1778941710833
 10
46.31621653524718
 20
47.39642007570083
 30
69.96491474107884
 11
47.41626720673992
 21
44.940730953054526
 31
74.42261344106277
 12
46.54268247676413
 22
44.663382604673814
 32
69.96491474107884
 13
46.54268247676413
 23
44.663382604673814
 33
69.96491474107884
  0
3DFACE
  8
0
1001
WEBCAD
1000
E42_1778941710833
 10
46.31621653524718
 20
47.39642007570083
 30
69.96491474107884
 11
47.41626720673992
 21
49.85210919836089
 31
74.42261344106277
 12
47.22300028135646
 22
47.39642007570771
 32
74.42261344106277
 13
47.22300028135646
 23
47.39642007570771
 33
74.42261344106277
  0
3DFACE
  8
0
1001
WEBCAD
1000
E42_1778941710833
 10
46.31621653524718
 20
47.39642007570083
 30
69.96491474107884
 11
47.22300028135646
 21
47.39642007570771
 31
74.42261344106277
 12
47.41626720673992
 22
44.940730953054526
 32
74.42261344106277
 13
47.41626720673992
 23
44.940730953054526
 33
74.42261344106277
  0
3DFACE
  8
0
1001
WEBCAD
1000
E42_1778941710833
 10
49.21825514426206
 20
32.51140358060107
 30
52.13411994114373
 11
49.83240306494912
 21
33.178546064421226
 31
56.5918186411275
 12
52.35109795275764
 22
31.21816714449929
 32
56.5918186411275
 13
52.35109795275764
 23
31.21816714449929
 33
56.5918186411275
  0
3DFACE
  8
0
1001
WEBCAD
1000
E42_1778941710833
 10
49.21825514426206
 20
32.51140358060107
 30
52.13411994114373
 11
47.67072765765607
 21
35.526751524139684
 31
56.5918186411275
 12
49.83240306494912
 22
33.178546064421226
 32
56.5918186411275
 13
49.83240306494912
 23
33.178546064421226
 33
56.5918186411275
  0
3DFACE
  8
0
1001
WEBCAD
1000
E42_1778941710833
 10
49.21825514426206
 20
32.51140358060107
 30
52.13411994114373
 11
52.35109795275764
 21
31.21816714449929
 31
56.5918186411275
 12
51.855134253009965
 22
30.45903818922585
 32
52.13411994114373
 13
51.855134253009965
 23
30.45903818922585
 33
52.13411994114373
  0
3DFACE
  8
0
1001
WEBCAD
1000
E42_1778941710833
 10
64.8911330762063
 20
23.618978865235675
 30
34.30332514120863
 11
64.8162514679675
 21
24.52266548511534
 31
38.761023841192404
 12
68.55529731101751
 22
25.146601882920237
 32
38.761023841192404
 13
68.55529731101751
 23
25.146601882920237
 33
38.761023841192404
  0
3DFACE
  8
0
1001
WEBCAD
1000
E42_1778941710833
 10
64.8911330762063
 20
23.618978865235675
 30
34.30332514120863
 11
61.02550478097629
 21
24.522665485113777
 31
38.761023841192404
 12
64.8162514679675
 22
24.52266548511534
 32
38.761023841192404
 13
64.8162514679675
 23
24.52266548511534
 33
38.761023841192404
  0
3DFACE
  8
0
1001
WEBCAD
1000
E42_1778941710833
 10
64.8911330762063
 20
23.618978865235675
 30
34.30332514120863
 11
68.55529731101751
 21
25.146601882920237
 31
38.761023841192404
 12
68.77789956066204
 22
24.26756547829578
 32
34.30332514120863
 13
68.77789956066204
 23
24.26756547829578
 33
34.30332514120863
  0
3DFACE
  8
0
1001
WEBCAD
1000
E42_1778941710833
 10
84.61124667711044
 20
30.51412858348729
 30
16.472530341273533
 11
84.53501171637242
 21
28.98492430318771
 31
12.014831641297759
 12
82.63200520693243
 22
27.20315721420772
 32
12.87082582087876
 13
82.63200520693243
 23
27.20315721420772
 33
12.87082582087876
  0
3DFACE
  8
0
1001
WEBCAD
1000
E42_1778941710833
 10
84.61124667711044
 20
30.51412858348729
 30
16.472530341273533
 11
86.5458076129375
 21
31.64787556598023
 31
12.014831641297759
 12
84.53501171637242
 22
28.98492430318771
 32
12.014831641297759
 13
84.53501171637242
 23
28.98492430318771
 33
12.014831641297759
  0
3DFACE
  8
0
1001
WEBCAD
1000
E42_1778941710833
 10
84.61124667711044
 20
30.51412858348729
 30
16.472530341273533
 11
83.89566688979579
 21
31.071086688005636
 31
20.930229041257306
 12
86.29665966977865
 22
34.74607971998489
 32
20.930229041257306
 13
86.29665966977865
 23
34.74607971998489
 33
20.930229041257306
  0
3DFACE
  8
0
1001
WEBCAD
1000
E42_1778941710833
 10
84.61124667711044
 20
30.51412858348729
 30
16.472530341273533
 11
86.29665966977865
 21
34.74607971998489
 31
20.930229041257306
 12
87.09415217249966
 22
34.314498359977705
 32
16.472530341273533
 13
87.09415217249966
 23
34.314498359977705
 33
16.472530341273533
  0
3DFACE
  8
0
1001
WEBCAD
1000
E42_1778941710833
 10
84.61124667711044
 20
30.51412858348729
 30
16.472530341273533
 11
87.09415217249966
 21
34.314498359977705
 31
16.472530341273533
 12
86.5458076129375
 22
31.64787556598023
 32
12.014831641297759
 13
86.5458076129375
 23
31.64787556598023
 33
12.014831641297759
  0
3DFACE
  8
0
1001
WEBCAD
1000
E42_1778941710833
 10
45.6482660790507
 20
44.51413090550989
 30
65.50721604109505
 11
46.54268247676413
 21
44.663382604673814
 31
69.96491474107884
 12
47.215902900780634
 22
42.00489527135963
 32
69.96491474107884
 13
47.215902900780634
 23
42.00489527135963
 33
69.96491474107884
  0
3DFACE
  8
0
1001
WEBCAD
1000
E42_1778941710833
 10
45.6482660790507
 20
44.51413090550989
 30
65.50721604109505
 11
47.215902900780634
 21
42.00489527135963
 31
69.96491474107884
 12
46.358251199219865
 22
41.71046307031523
 32
65.50721604109505
 13
46.358251199219865
 23
41.71046307031523
 33
65.50721604109505
  0
3DFACE
  8
0
1001
WEBCAD
1000
E42_1778941710833
 10
51.35917055326229
 20
29.69990923395244
 30
47.67642124115996
 11
51.855134253009965
 21
30.45903818922585
 31
52.13411994114373
 12
54.793858008329664
 22
28.868680423254546
 32
52.13411994114373
 13
54.793858008329664
 23
28.868680423254546
 33
52.13411994114373
  0
3DFACE
  8
0
1001
WEBCAD
1000
E42_1778941710833
 10
51.35917055326229
 20
29.69990923395244
 30
47.67642124115996
 11
54.793858008329664
 21
28.868680423254546
 31
52.13411994114373
 12
54.4296071263696
 22
28.03827205552622
 32
47.67642124115996
 13
54.4296071263696
 23
28.03827205552622
 33
47.67642124115996
  0
3DFACE
  8
0
1001
WEBCAD
1000
E42_1778941710833
 10
51.35917055326229
 20
29.69990923395244
 30
47.67642124115996
 11
49.21825514426206
 21
32.51140358060107
 31
52.13411994114373
 12
51.855134253009965
 22
30.45903818922585
 32
52.13411994114373
 13
51.855134253009965
 23
30.45903818922585
 33
52.13411994114373
  0
3DFACE
  8
0
1001
WEBCAD
1000
E42_1778941710833
 10
69.00050181030656
 20
23.388529073671293
 30
29.845626441224855
 11
72.50490176845364
 21
25.547046952349177
 31
34.30332514120863
 12
72.86915265041443
 22
24.716638584621165
 32
29.845626441224855
 13
72.86915265041443
 23
24.716638584621165
 33
29.845626441224855
  0
3DFACE
  8
0
1001
WEBCAD
1000
E42_1778941710833
 10
69.00050181030656
 20
23.388529073671293
 30
29.845626441224855
 11
68.77789956066204
 21
24.26756547829578
 31
34.30332514120863
 12
72.50490176845364
 22
25.547046952349177
 32
34.30332514120863
 13
72.50490176845364
 23
25.547046952349177
 33
34.30332514120863
  0
3DFACE
  8
0
1001
WEBCAD
1000
E42_1778941710833
 10
45.500599497659096
 20
41.416030869270855
 30
61.04951734111128
 11
47.52002160636357
 21
39.06189332004399
 31
65.50721604109505
 12
46.7225291036429
 22
38.63031196003615
 32
61.04951734111128
 13
46.7225291036429
 23
38.63031196003615
 33
61.04951734111128
  0
3DFACE
  8
0
1001
WEBCAD
1000
E42_1778941710833
 10
45.500599497659096
 20
41.416030869270855
 30
61.04951734111128
 11
46.358251199219865
 21
41.71046307031523
 31
65.50721604109505
 12
47.52002160636357
 22
39.06189332004399
 32
65.50721604109505
 13
47.52002160636357
 23
39.06189332004399
 33
65.50721604109505
  0
3DFACE
  8
0
1001
WEBCAD
1000
E42_1778941710833
 10
45.500599497659096
 20
41.416030869270855
 30
61.04951734111128
 11
45.6482660790507
 21
44.51413090550989
 31
65.50721604109505
 12
46.358251199219865
 22
41.71046307031523
 32
65.50721604109505
 13
46.358251199219865
 23
41.71046307031523
 33
65.50721604109505
  0
3DFACE
  8
0
1001
WEBCAD
1000
E42_1778941710833
 10
54.065356244409486
 20
27.207863687797897
 30
43.218722541176184
 11
54.4296071263696
 21
28.03827205552622
 31
47.67642124115996
 12
57.509061187569614
 22
26.025638287540232
 32
43.218722541176184
 13
57.509061187569614
 23
26.025638287540232
 33
43.218722541176184
  0
3DFACE
  8
0
1001
WEBCAD
1000
E42_1778941710833
 10
73.23340353237523
 20
23.886230216893125
 30
25.387927741241082
 11
76.46644049467051
 21
26.663393412869965
 31
29.845626441224855
 12
76.96240419441881
 22
25.904264457596952
 32
25.387927741241082
 13
76.96240419441881
 23
25.904264457596952
 33
25.387927741241082
  0
3DFACE
  8
0
1001
WEBCAD
1000
E42_1778941710833
 10
73.23340353237523
 20
23.886230216893125
 30
25.387927741241082
 11
72.86915265041443
 21
24.716638584621165
 31
29.845626441224855
 12
76.46644049467051
 22
26.663393412869965
 32
29.845626441224855
 13
76.46644049467051
 23
26.663393412869965
 33
29.845626441224855
  0
3DFACE
  8
0
1001
WEBCAD
1000
E42_1778941710833
 10
45.925036600922226
 20
38.19873060002831
 30
56.5918186411275
 11
46.7225291036429
 21
38.63031196003615
 31
61.04951734111128
 12
47.67072765765607
 22
35.526751524139684
 32
56.5918186411275
 13
47.67072765765607
 23
35.526751524139684
 33
56.5918186411275
  0
3DFACE
  8
0
1001
WEBCAD
1000
E42_1778941710833
 10
57.28645893792577
 20
25.146601882915576
 30
38.761023841192404
 11
57.509061187569614
 21
26.025638287540232
 31
43.218722541176184
 12
61.10038638921429
 22
25.42635210499347
 32
43.218722541176184
 13
61.10038638921429
 23
25.42635210499347
 33
43.218722541176184
  0
3DFACE
  8
0
1001
WEBCAD
1000
E42_1778941710833
 10
57.28645893792577
 20
25.146601882915576
 30
38.761023841192404
 11
61.10038638921429
 21
25.42635210499347
 31
43.218722541176184
 12
61.02550478097629
 22
24.522665485113777
 32
38.761023841192404
 13
61.02550478097629
 23
24.522665485113777
 33
38.761023841192404
  0
3DFACE
  8
0
1001
WEBCAD
1000
E42_1778941710833
 10
57.28645893792577
 20
25.146601882915576
 30
38.761023841192404
 11
54.065356244409486
 21
27.207863687797897
 31
43.218722541176184
 12
57.509061187569614
 22
26.025638287540232
 32
43.218722541176184
 13
57.509061187569614
 23
26.025638287540232
 33
43.218722541176184
  0
3DFACE
  8
0
1001
WEBCAD
1000
E42_1778941710833
 10
77.45836789416711
 20
25.14513550232394
 30
20.930229041257306
 11
80.30838862880063
 21
28.508548677694563
 31
25.387927741241082
 12
80.9225365494882
 22
27.841406193874917
 32
20.930229041257306
 13
80.9225365494882
 23
27.841406193874917
 33
20.930229041257306
  0
3DFACE
  8
0
1001
WEBCAD
1000
E42_1778941710833
 10
77.45836789416711
 20
25.14513550232394
 30
20.930229041257306
 11
76.96240419441881
 21
25.904264457596952
 31
25.387927741241082
 12
80.30838862880063
 22
28.508548677694563
 32
25.387927741241082
 13
80.30838862880063
 23
28.508548677694563
 33
25.387927741241082
  0
3DFACE
  8
0
1001
WEBCAD
1000
E42_1778941710833
 10
46.542682476761854
 20
50.12945754672805
 30
69.96491474107884
 11
47.99130910977118
 21
52.24733110484942
 31
74.42261344106277
 12
47.41626720673992
 22
49.85210919836089
 32
74.42261344106277
 13
47.41626720673992
 23
49.85210919836089
 33
74.42261344106277
  0
3DFACE
  8
0
1001
WEBCAD
1000
E42_1778941710833
 10
46.542682476761854
 20
50.12945754672805
 30
69.96491474107884
 11
47.41626720673992
 21
49.85210919836089
 31
74.42261344106277
 12
46.31621653524718
 22
47.39642007570083
 32
69.96491474107884
 13
46.31621653524718
 23
47.39642007570083
 33
69.96491474107884
  0
3DFACE
  8
0
1001
WEBCAD
1000
E42_1778941710833
 10
46.955147870341875
 20
34.96979341962074
 30
52.13411994114373
 11
45.925036600922226
 21
38.19873060002831
 31
56.5918186411275
 12
47.67072765765607
 22
35.526751524139684
 32
56.5918186411275
 13
47.67072765765607
 23
35.526751524139684
 33
56.5918186411275
  0
3DFACE
  8
0
1001
WEBCAD
1000
E42_1778941710833
 10
46.955147870341875
 20
34.96979341962074
 30
52.13411994114373
 11
47.67072765765607
 21
35.526751524139684
 31
56.5918186411275
 12
49.21825514426206
 22
32.51140358060107
 32
52.13411994114373
 13
49.21825514426206
 23
32.51140358060107
 33
52.13411994114373
  0
3DFACE
  8
0
1001
WEBCAD
1000
E42_1778941710833
 10
60.95062317273829
 20
23.618978865234055
 30
34.30332514120863
 11
61.02550478097629
 21
24.522665485113777
 31
38.761023841192404
 12
64.8911330762063
 22
23.618978865235675
 32
34.30332514120863
 13
64.8911330762063
 23
23.618978865235675
 33
34.30332514120863
  0
3DFACE
  8
0
1001
WEBCAD
1000
E42_1778941710833
 10
81.53668447017583
 20
27.17426371005527
 30
16.472530341273533
 11
82.63200520693243
 21
27.20315721420772
 31
12.87082582087876
 12
80.12090345829301
 22
25.025556785027902
 32
12.87082582087876
 13
80.12090345829301
 23
25.025556785027902
 33
12.87082582087876
  0
3DFACE
  8
0
1001
WEBCAD
1000
E42_1778941710833
 10
81.53668447017583
 20
27.17426371005527
 30
16.472530341273533
 11
84.61124667711044
 21
30.51412858348729
 31
16.472530341273533
 12
82.63200520693243
 22
27.20315721420772
 32
12.87082582087876
 13
82.63200520693243
 23
27.20315721420772
 33
12.87082582087876
  0
3DFACE
  8
0
1001
WEBCAD
1000
E42_1778941710833
 10
81.53668447017583
 20
27.17426371005527
 30
16.472530341273533
 11
80.9225365494882
 21
27.841406193874917
 31
20.930229041257306
 12
83.89566688979579
 22
31.071086688005636
 32
20.930229041257306
 13
83.89566688979579
 23
31.071086688005636
 33
20.930229041257306
  0
3DFACE
  8
0
1001
WEBCAD
1000
E42_1778941710833
 10
81.53668447017583
 20
27.17426371005527
 30
16.472530341273533
 11
83.89566688979579
 21
31.071086688005636
 31
20.930229041257306
 12
84.61124667711044
 22
30.51412858348729
 32
16.472530341273533
 13
84.61124667711044
 23
30.51412858348729
 33
16.472530341273533
  0
3DFACE
  8
0
1001
WEBCAD
1000
E42_1778941710833
 10
45.40943278914125
 20
47.39642007570046
 30
65.50721604109505
 11
46.54268247676413
 21
44.663382604673814
 31
69.96491474107884
 12
45.6482660790507
 22
44.51413090550989
 32
65.50721604109505
 13
45.6482660790507
 23
44.51413090550989
 33
65.50721604109505
  0
3DFACE
  8
0
1001
WEBCAD
1000
E42_1778941710833
 10
45.40943278914125
 20
47.39642007570046
 30
65.50721604109505
 11
46.31621653524718
 21
47.39642007570083
 31
69.96491474107884
 12
46.54268247676413
 22
44.663382604673814
 32
69.96491474107884
 13
46.54268247676413
 23
44.663382604673814
 33
69.96491474107884
  0
3DFACE
  8
0
1001
WEBCAD
1000
E42_1778941710833
 10
45.40943278914125
 20
47.39642007570046
 30
65.50721604109505
 11
46.542682476761854
 21
50.12945754672805
 31
69.96491474107884
 12
46.31621653524718
 22
47.39642007570083
 32
69.96491474107884
 13
46.31621653524718
 23
47.39642007570083
 33
69.96491474107884
  0
3DFACE
  8
0
1001
WEBCAD
1000
E42_1778941710833
 10
48.604107223575056
 20
31.84426109678091
 30
47.67642124115996
 11
49.21825514426206
 21
32.51140358060107
 31
52.13411994114373
 12
51.35917055326229
 22
29.69990923395244
 32
47.67642124115996
 13
51.35917055326229
 23
29.69990923395244
 33
47.67642124115996
  0
3DFACE
  8
0
1001
WEBCAD
1000
E42_1778941710833
 10
64.96601468444504
 20
22.71529224535604
 30
29.845626441224855
 11
68.77789956066204
 21
24.26756547829578
 31
34.30332514120863
 12
69.00050181030656
 22
23.388529073671293
 32
29.845626441224855
 13
69.00050181030656
 23
23.388529073671293
 33
29.845626441224855
  0
3DFACE
  8
0
1001
WEBCAD
1000
E42_1778941710833
 10
64.96601468444504
 20
22.71529224535604
 30
29.845626441224855
 11
64.8911330762063
 21
23.618978865235675
 31
34.30332514120863
 12
68.77789956066204
 22
24.26756547829578
 32
34.30332514120863
 13
68.77789956066204
 23
24.26756547829578
 33
34.30332514120863
  0
3DFACE
  8
0
1001
WEBCAD
1000
E42_1778941710833
 10
64.96601468444504
 20
22.71529224535604
 30
29.845626441224855
 11
60.95062317273829
 21
23.618978865234055
 31
34.30332514120863
 12
64.8911330762063
 22
23.618978865235675
 32
34.30332514120863
 13
64.8911330762063
 23
23.618978865235675
 33
34.30332514120863
  0
3DFACE
  8
0
1001
WEBCAD
1000
E42_1778941710833
 10
44.75384968133733
 20
44.36487920634599
 30
61.04951734111128
 11
45.6482660790507
 21
44.51413090550989
 31
65.50721604109505
 12
45.500599497659096
 22
41.416030869270855
 32
61.04951734111128
 13
45.500599497659096
 23
41.416030869270855
 33
61.04951734111128
  0
3DFACE
  8
0
1001
WEBCAD
1000
E42_1778941710833
 10
50.86320685351461
 20
28.94078027867903
 30
43.218722541176184
 11
51.35917055326229
 21
29.69990923395244
 31
47.67642124115996
 12
54.4296071263696
 22
28.03827205552622
 32
47.67642124115996
 13
54.4296071263696
 23
28.03827205552622
 33
47.67642124115996
  0
3DFACE
  8
0
1001
WEBCAD
1000
E42_1778941710833
 10
50.86320685351461
 20
28.94078027867903
 30
43.218722541176184
 11
54.4296071263696
 21
28.03827205552622
 31
47.67642124115996
 12
54.065356244409486
 22
27.207863687797897
 32
43.218722541176184
 13
54.065356244409486
 23
27.207863687797897
 33
43.218722541176184
  0
3DFACE
  8
0
1001
WEBCAD
1000
E42_1778941710833
 10
69.22310405995114
 20
22.509492669046836
 30
25.387927741241082
 11
72.86915265041443
 21
24.716638584621165
 31
29.845626441224855
 12
73.23340353237523
 22
23.886230216893125
 32
25.387927741241082
 13
73.23340353237523
 23
23.886230216893125
 33
25.387927741241082
  0
3DFACE
  8
0
1001
WEBCAD
1000
E42_1778941710833
 10
69.22310405995114
 20
22.509492669046836
 30
25.387927741241082
 11
69.00050181030656
 21
23.388529073671293
 31
29.845626441224855
 12
72.86915265041443
 22
24.716638584621165
 32
29.845626441224855
 13
72.86915265041443
 23
24.716638584621165
 33
29.845626441224855
  0
3DFACE
  8
0
1001
WEBCAD
1000
E42_1778941710833
 10
44.642947796098326
 20
41.121598668226454
 30
56.5918186411275
 11
46.7225291036429
 21
38.63031196003615
 31
61.04951734111128
 12
45.925036600922226
 22
38.19873060002831
 32
56.5918186411275
 13
45.925036600922226
 23
38.19873060002831
 33
56.5918186411275
  0
3DFACE
  8
0
1001
WEBCAD
1000
E42_1778941710833
 10
44.642947796098326
 20
41.121598668226454
 30
56.5918186411275
 11
45.500599497659096
 21
41.416030869270855
 31
61.04951734111128
 12
46.7225291036429
 22
38.63031196003615
 32
61.04951734111128
 13
46.7225291036429
 23
38.63031196003615
 33
61.04951734111128
  0
3DFACE
  8
0
1001
WEBCAD
1000
E42_1778941710833
 10
53.701105362449425
 20
26.377455320069572
 30
38.761023841192404
 11
54.065356244409486
 21
27.207863687797897
 31
43.218722541176184
 12
57.28645893792577
 22
25.146601882915576
 32
38.761023841192404
 13
57.28645893792577
 23
25.146601882915576
 33
38.761023841192404
  0
3DFACE
  8
0
1001
WEBCAD
1000
E42_1778941710833
 10
73.59765441433598
 20
23.055821849165113
 30
20.930229041257306
 11
73.23340353237523
 21
23.886230216893125
 31
25.387927741241082
 12
76.96240419441881
 22
25.904264457596952
 32
25.387927741241082
 13
76.96240419441881
 23
25.904264457596952
 33
25.387927741241082
  0
3DFACE
  8
0
1001
WEBCAD
1000
E42_1778941710833
 10
73.59765441433598
 20
23.055821849165113
 30
20.930229041257306
 11
76.96240419441881
 21
25.904264457596952
 31
25.387927741241082
 12
77.45836789416711
 22
25.14513550232394
 32
20.930229041257306
 13
77.45836789416711
 23
25.14513550232394
 33
20.930229041257306
  0
3DFACE
  8
0
1001
WEBCAD
1000
E42_1778941710833
 10
47.2159029007762
 20
52.7879448800428
 30
69.96491474107884
 11
48.93396655034297
 21
54.52310748254976
 31
74.42261344106277
 12
47.99130910977118
 22
52.24733110484942
 32
74.42261344106277
 13
47.99130910977118
 23
52.24733110484942
 33
74.42261344106277
  0
3DFACE
  8
0
1001
WEBCAD
1000
E42_1778941710833
 10
47.2159029007762
 20
52.7879448800428
 30
69.96491474107884
 11
47.99130910977118
 21
52.24733110484942
 31
74.42261344106277
 12
46.542682476761854
 22
50.12945754672805
 32
69.96491474107884
 13
46.542682476761854
 23
50.12945754672805
 33
69.96491474107884
  0
3DFACE
  8
0
1001
WEBCAD
1000
E42_1778941710833
 10
45.1275440982015
 20
37.767149240020444
 30
52.13411994114373
 11
45.925036600922226
 21
38.19873060002831
 31
56.5918186411275
 12
46.955147870341875
 22
34.96979341962074
 32
52.13411994114373
 13
46.955147870341875
 23
34.96979341962074
 33
52.13411994114373
  0
3DFACE
  8
0
1001
WEBCAD
1000
E42_1778941710833
 10
57.06385668828199
 20
24.26756547829092
 30
34.30332514120863
 11
57.28645893792577
 21
25.146601882915576
 31
38.761023841192404
 12
61.02550478097629
 22
24.522665485113777
 32
38.761023841192404
 13
61.02550478097629
 23
24.522665485113777
 33
38.761023841192404
  0
3DFACE
  8
0
1001
WEBCAD
1000
E42_1778941710833
 10
57.06385668828199
 20
24.26756547829092
 30
34.30332514120863
 11
61.02550478097629
 21
24.522665485113777
 31
38.761023841192404
 12
60.95062317273829
 22
23.618978865234055
 32
34.30332514120863
 13
60.95062317273829
 23
23.618978865234055
 33
34.30332514120863
  0
3DFACE
  8
0
1001
WEBCAD
1000
E42_1778941710833
 10
77.95433159391547
 20
24.386006547050926
 30
16.472530341273533
 11
80.9225365494882
 21
27.841406193874917
 31
20.930229041257306
 12
81.53668447017583
 22
27.17426371005527
 32
16.472530341273533
 13
81.53668447017583
 23
27.17426371005527
 33
16.472530341273533
  0
3DFACE
  8
0
1001
WEBCAD
1000
E42_1778941710833
 10
77.95433159391547
 20
24.386006547050926
 30
16.472530341273533
 11
81.53668447017583
 21
27.17426371005527
 31
16.472530341273533
 12
80.12090345829301
 22
25.025556785027902
 32
12.87082582087876
 13
80.12090345829301
 23
25.025556785027902
 33
12.87082582087876
  0
3DFACE
  8
0
1001
WEBCAD
1000
E42_1778941710833
 10
77.95433159391547
 20
24.386006547050926
 30
16.472530341273533
 11
77.45836789416711
 21
25.14513550232394
 31
20.930229041257306
 12
80.9225365494882
 22
27.841406193874917
 32
20.930229041257306
 13
80.9225365494882
 23
27.841406193874917
 33
20.930229041257306
  0
3DFACE
  8
0
1001
WEBCAD
1000
E42_1778941710833
 10
77.95433159391547
 20
24.386006547050926
 30
16.472530341273533
 11
80.12090345829301
 21
25.025556785027902
 31
12.87082582087876
 12
77.3711737545998
 22
23.158322954515796
 32
12.87082582087876
 13
77.3711737545998
 23
23.158322954515796
 33
12.87082582087876
  0
3DFACE
  8
0
1001
WEBCAD
1000
E42_1778941710833
 10
45.64826607904831
 20
50.27870924589121
 30
65.50721604109505
 11
46.542682476761854
 21
50.12945754672805
 31
69.96491474107884
 12
45.40943278914125
 22
47.39642007570046
 32
65.50721604109505
 13
45.40943278914125
 23
47.39642007570046
 33
65.50721604109505
  0
3DFACE
  8
0
1001
WEBCAD
1000
E42_1778941710833
 10
45.64826607904831
 20
50.27870924589121
 30
65.50721604109505
 11
47.2159029007762
 21
52.7879448800428
 31
69.96491474107884
 12
46.542682476761854
 22
50.12945754672805
 32
69.96491474107884
 13
46.542682476761854
 23
50.12945754672805
 33
69.96491474107884
  0
3DFACE
  8
0
1001
WEBCAD
1000
E42_1778941710833
 10
46.23956808302768
 20
34.41283531510183
 30
47.67642124115996
 11
49.21825514426206
 21
32.51140358060107
 31
52.13411994114373
 12
48.604107223575056
 22
31.84426109678091
 32
47.67642124115996
 13
48.604107223575056
 23
31.84426109678091
 33
47.67642124115996
  0
3DFACE
  8
0
1001
WEBCAD
1000
E42_1778941710833
 10
46.23956808302768
 20
34.41283531510183
 30
47.67642124115996
 11
46.955147870341875
 21
34.96979341962074
 31
52.13411994114373
 12
49.21825514426206
 22
32.51140358060107
 32
52.13411994114373
 13
49.21825514426206
 23
32.51140358060107
 33
52.13411994114373
  0
3DFACE
  8
0
1001
WEBCAD
1000
E42_1778941710833
 10
60.87574156450029
 20
22.715292245354334
 30
29.845626441224855
 11
60.95062317273829
 21
23.618978865234055
 31
34.30332514120863
 12
64.96601468444504
 22
22.71529224535604
 32
29.845626441224855
 13
64.96601468444504
 23
22.71529224535604
 33
29.845626441224855
  0
3DFACE
  8
0
1001
WEBCAD
1000
E42_1778941710833
 10
44.50264904303532
 20
47.39642007570009
 30
61.04951734111128
 11
45.40943278914125
 21
47.39642007570046
 31
65.50721604109505
 12
45.6482660790507
 22
44.51413090550989
 32
65.50721604109505
 13
45.6482660790507
 23
44.51413090550989
 33
65.50721604109505
  0
3DFACE
  8
0
1001
WEBCAD
1000
E42_1778941710833
 10
44.50264904303532
 20
47.39642007570009
 30
61.04951734111128
 11
45.6482660790507
 21
44.51413090550989
 31
65.50721604109505
 12
44.75384968133733
 22
44.36487920634599
 32
61.04951734111128
 13
44.75384968133733
 23
44.36487920634599
 33
61.04951734111128
  0
3DFACE
  8
0
1001
WEBCAD
1000
E42_1778941710833
 10
44.50264904303532
 20
47.39642007570009
 30
61.04951734111128
 11
45.64826607904831
 21
50.27870924589121
 31
65.50721604109505
 12
45.40943278914125
 22
47.39642007570046
 32
65.50721604109505
 13
45.40943278914125
 23
47.39642007570046
 33
65.50721604109505
  0
3DFACE
  8
0
1001
WEBCAD
1000
E42_1778941710833
 10
47.989959302887996
 20
31.177118612960783
 30
43.218722541176184
 11
48.604107223575056
 21
31.84426109678091
 31
47.67642124115996
 12
51.35917055326229
 22
29.69990923395244
 32
47.67642124115996
 13
51.35917055326229
 23
29.69990923395244
 33
47.67642124115996
  0
3DFACE
  8
0
1001
WEBCAD
1000
E42_1778941710833
 10
47.989959302887996
 20
31.177118612960783
 30
43.218722541176184
 11
51.35917055326229
 21
29.69990923395244
 31
47.67642124115996
 12
50.86320685351461
 22
28.94078027867903
 32
43.218722541176184
 13
50.86320685351461
 23
28.94078027867903
 33
43.218722541176184
  0
3DFACE
  8
0
1001
WEBCAD
1000
E42_1778941710833
 10
65.04089629268378
 20
21.811605625476375
 30
25.387927741241082
 11
64.96601468444504
 21
22.71529224535604
 31
29.845626441224855
 12
69.00050181030656
 22
23.388529073671293
 32
29.845626441224855
 13
69.00050181030656
 23
23.388529073671293
 33
29.845626441224855
  0
3DFACE
  8
0
1001
WEBCAD
1000
E42_1778941710833
 10
65.04089629268378
 20
21.811605625476375
 30
25.387927741241082
 11
69.00050181030656
 21
23.388529073671293
 31
29.845626441224855
 12
69.22310405995114
 22
22.509492669046836
 32
25.387927741241082
 13
69.22310405995114
 23
22.509492669046836
 33
25.387927741241082
  0
3DFACE
  8
0
1001
WEBCAD
1000
E42_1778941710833
 10
43.8594332836239
 20
44.21562750718209
 30
56.5918186411275
 11
45.500599497659096
 21
41.416030869270855
 31
61.04951734111128
 12
44.642947796098326
 22
41.121598668226454
 32
56.5918186411275
 13
44.642947796098326
 23
41.121598668226454
 33
56.5918186411275
  0
3DFACE
  8
0
1001
WEBCAD
1000
E42_1778941710833
 10
43.8594332836239
 20
44.21562750718209
 30
56.5918186411275
 11
44.75384968133733
 21
44.36487920634599
 31
61.04951734111128
 12
45.500599497659096
 22
41.416030869270855
 32
61.04951734111128
 13
45.500599497659096
 23
41.416030869270855
 33
61.04951734111128
  0
3DFACE
  8
0
1001
WEBCAD
1000
E42_1778941710833
 10
50.36724315376688
 20
28.18165132340559
 30
38.761023841192404
 11
54.065356244409486
 21
27.207863687797897
 31
43.218722541176184
 12
53.701105362449425
 22
26.377455320069572
 32
38.761023841192404
 13
53.701105362449425
 23
26.377455320069572
 33
38.761023841192404
  0
3DFACE
  8
0
1001
WEBCAD
1000
E42_1778941710833
 10
50.36724315376688
 20
28.18165132340559
 30
38.761023841192404
 11
47.989959302887996
 21
31.177118612960783
 31
43.218722541176184
 12
50.86320685351461
 22
28.94078027867903
 32
43.218722541176184
 13
50.86320685351461
 23
28.94078027867903
 33
43.218722541176184
  0
3DFACE
  8
0
1001
WEBCAD
1000
E42_1778941710833
 10
50.36724315376688
 20
28.18165132340559
 30
38.761023841192404
 11
50.86320685351461
 21
28.94078027867903
 31
43.218722541176184
 12
54.065356244409486
 22
27.207863687797897
 32
43.218722541176184
 13
54.065356244409486
 23
27.207863687797897
 33
43.218722541176184
  0
3DFACE
  8
0
1001
WEBCAD
1000
E42_1778941710833
 10
69.44570630959566
 20
21.63045626442235
 30
20.930229041257306
 11
69.22310405995114
 21
22.509492669046836
 31
25.387927741241082
 12
73.23340353237523
 22
23.886230216893125
 32
25.387927741241082
 13
73.23340353237523
 23
23.886230216893125
 33
25.387927741241082
  0
3DFACE
  8
0
1001
WEBCAD
1000
E42_1778941710833
 10
69.44570630959566
 20
21.63045626442235
 30
20.930229041257306
 11
73.23340353237523
 21
23.886230216893125
 31
25.387927741241082
 12
73.59765441433598
 22
23.055821849165113
 32
20.930229041257306
 13
73.59765441433598
 23
23.055821849165113
 33
20.930229041257306
  0
3DFACE
  8
0
1001
WEBCAD
1000
E42_1778941710833
 10
48.31751410907776
 20
55.29936547135148
 30
69.96491474107884
 11
50.22102817376776
 21
56.6234011641742
 31
74.42261344106277
 12
48.93396655034297
 22
54.52310748254976
 32
74.42261344106277
 13
48.93396655034297
 23
54.52310748254976
 33
74.42261344106277
  0
3DFACE
  8
0
1001
WEBCAD
1000
E42_1778941710833
 10
48.31751410907776
 20
55.29936547135148
 30
69.96491474107884
 11
48.93396655034297
 21
54.52310748254976
 31
74.42261344106277
 12
47.2159029007762
 22
52.7879448800428
 32
69.96491474107884
 13
47.2159029007762
 23
52.7879448800428
 33
69.96491474107884
  0
3DFACE
  8
0
1001
WEBCAD
1000
E42_1778941710833
 10
43.78529609453756
 20
40.82716646718205
 30
52.13411994114373
 11
45.925036600922226
 21
38.19873060002831
 31
56.5918186411275
 12
45.1275440982015
 22
37.767149240020444
 32
52.13411994114373
 13
45.1275440982015
 23
37.767149240020444
 33
52.13411994114373
  0
3DFACE
  8
0
1001
WEBCAD
1000
E42_1778941710833
 10
43.78529609453756
 20
40.82716646718205
 30
52.13411994114373
 11
44.642947796098326
 21
41.121598668226454
 31
56.5918186411275
 12
45.925036600922226
 22
38.19873060002831
 32
56.5918186411275
 13
45.925036600922226
 23
38.19873060002831
 33
56.5918186411275
  0
3DFACE
  8
0
1001
WEBCAD
1000
E42_1778941710833
 10
53.33685448048931
 20
25.547046952341248
 30
34.30332514120863
 11
53.701105362449425
 21
26.377455320069572
 31
38.761023841192404
 12
57.28645893792577
 22
25.146601882915576
 32
38.761023841192404
 13
57.28645893792577
 23
25.146601882915576
 33
38.761023841192404
  0
3DFACE
  8
0
1001
WEBCAD
1000
E42_1778941710833
 10
53.33685448048931
 20
25.547046952341248
 30
34.30332514120863
 11
57.28645893792577
 21
25.146601882915576
 31
38.761023841192404
 12
57.06385668828199
 22
24.26756547829092
 32
34.30332514120863
 13
57.06385668828199
 23
24.26756547829092
 33
34.30332514120863
  0
3DFACE
  8
0
1001
WEBCAD
1000
E42_1778941710833
 10
53.33685448048931
 20
25.547046952341248
 30
34.30332514120863
 11
50.36724315376688
 21
28.18165132340559
 31
38.761023841192404
 12
53.701105362449425
 22
26.377455320069572
 32
38.761023841192404
 13
53.701105362449425
 23
26.377455320069572
 33
38.761023841192404
  0
3DFACE
  8
0
1001
WEBCAD
1000
E42_1778941710833
 10
73.96190529629678
 20
22.225413481437073
 30
16.472530341273533
 11
77.45836789416711
 21
25.14513550232394
 31
20.930229041257306
 12
77.95433159391547
 22
24.386006547050926
 32
16.472530341273533
 13
77.95433159391547
 23
24.386006547050926
 33
16.472530341273533
  0
3DFACE
  8
0
1001
WEBCAD
1000
E42_1778941710833
 10
73.96190529629678
 20
22.225413481437073
 30
16.472530341273533
 11
77.95433159391547
 21
24.386006547050926
 31
16.472530341273533
 12
77.3711737545998
 22
23.158322954515796
 32
12.87082582087876
 13
77.3711737545998
 23
23.158322954515796
 33
12.87082582087876
  0
3DFACE
  8
0
1001
WEBCAD
1000
E42_1778941710833
 10
73.96190529629678
 20
22.225413481437073
 30
16.472530341273533
 11
69.44570630959566
 21
21.63045626442235
 31
20.930229041257306
 12
73.59765441433598
 22
23.055821849165113
 32
20.930229041257306
 13
73.59765441433598
 23
23.055821849165113
 33
20.930229041257306
  0
3DFACE
  8
0
1001
WEBCAD
1000
E42_1778941710833
 10
73.96190529629678
 20
22.225413481437073
 30
16.472530341273533
 11
73.59765441433598
 21
23.055821849165113
 31
20.930229041257306
 12
77.45836789416711
 22
25.14513550232394
 32
20.930229041257306
 13
77.45836789416711
 23
25.14513550232394
 33
20.930229041257306
  0
3DFACE
  8
0
1001
WEBCAD
1000
E42_1778941710833
 10
73.96190529629678
 20
22.225413481437073
 30
16.472530341273533
 11
74.42096501501817
 21
21.62736116071497
 31
12.87082582087876
 12
71.31120754429202
 22
20.453911505022575
 32
12.87082582087876
 13
71.31120754429202
 23
20.453911505022575
 33
12.87082582087876
  0
3DFACE
  8
0
1001
WEBCAD
1000
E42_1778941710833
 10
73.96190529629678
 20
22.225413481437073
 30
16.472530341273533
 11
77.3711737545998
 21
23.158322954515796
 31
12.87082582087876
 12
74.42096501501817
 22
21.62736116071497
 32
12.87082582087876
 13
74.42096501501817
 23
21.62736116071497
 33
12.87082582087876
  0
3DFACE
  8
0
1001
WEBCAD
1000
E42_1778941710833
 10
46.35825119921515
 20
53.08237708108646
 30
65.50721604109505
 11
47.2159029007762
 21
52.7879448800428
 31
69.96491474107884
 12
45.64826607904831
 22
50.27870924589121
 32
65.50721604109505
 13
45.64826607904831
 23
50.27870924589121
 33
65.50721604109505
  0
3DFACE
  8
0
1001
WEBCAD
1000
E42_1778941710833
 10
44.330051595480825
 20
37.335567880012604
 30
47.67642124115996
 11
45.1275440982015
 21
37.767149240020444
 31
52.13411994114373
 12
46.955147870341875
 22
34.96979341962074
 32
52.13411994114373
 13
46.955147870341875
 23
34.96979341962074
 33
52.13411994114373
  0
3DFACE
  8
0
1001
WEBCAD
1000
E42_1778941710833
 10
44.330051595480825
 20
37.335567880012604
 30
47.67642124115996
 11
46.955147870341875
 21
34.96979341962074
 31
52.13411994114373
 12
46.23956808302768
 22
34.41283531510183
 32
47.67642124115996
 13
46.23956808302768
 23
34.41283531510183
 33
47.67642124115996
  0
3DFACE
  8
0
1001
WEBCAD
1000
E42_1778941710833
 10
44.330051595480825
 20
37.335567880012604
 30
47.67642124115996
 11
43.78529609453756
 21
40.82716646718205
 31
52.13411994114373
 12
45.1275440982015
 22
37.767149240020444
 32
52.13411994114373
 13
45.1275440982015
 23
37.767149240020444
 33
52.13411994114373
  0
3DFACE
  8
0
1001
WEBCAD
1000
E42_1778941710833
 10
56.841254438638146
 20
23.388529073666263
 30
29.845626441224855
 11
57.06385668828199
 21
24.26756547829092
 31
34.30332514120863
 12
60.95062317273829
 22
23.618978865234055
 32
34.30332514120863
 13
60.95062317273829
 23
23.618978865234055
 33
34.30332514120863
  0
3DFACE
  8
0
1001
WEBCAD
1000
E42_1778941710833
 10
56.841254438638146
 20
23.388529073666263
 30
29.845626441224855
 11
60.95062317273829
 21
23.618978865234055
 31
34.30332514120863
 12
60.87574156450029
 22
22.715292245354334
 32
29.845626441224855
 13
60.87574156450029
 23
22.715292245354334
 33
29.845626441224855
  0
3DFACE
  8
0
1001
WEBCAD
1000
E42_1778941710833
 10
56.841254438638146
 20
23.388529073666263
 30
29.845626441224855
 11
53.33685448048931
 21
25.547046952341248
 31
34.30332514120863
 12
57.06385668828199
 22
24.26756547829092
 32
34.30332514120863
 13
57.06385668828199
 23
24.26756547829092
 33
34.30332514120863
  0
3DFACE
  8
0
1001
WEBCAD
1000
E42_1778941710833
 10
44.75384968133477
 20
50.427960945054394
 30
61.04951734111128
 11
45.64826607904831
 21
50.27870924589121
 31
65.50721604109505
 12
44.50264904303532
 22
47.39642007570009
 32
61.04951734111128
 13
44.50264904303532
 23
47.39642007570009
 33
61.04951734111128
  0
3DFACE
  8
0
1001
WEBCAD
1000
E42_1778941710833
 10
45.52398829571348
 20
33.85587721058289
 30
43.218722541176184
 11
48.604107223575056
 21
31.84426109678091
 31
47.67642124115996
 12
47.989959302887996
 22
31.177118612960783
 32
43.218722541176184
 13
47.989959302887996
 23
31.177118612960783
 33
43.218722541176184
  0
3DFACE
  8
0
1001
WEBCAD
1000
E42_1778941710833
 10
45.52398829571348
 20
33.85587721058289
 30
43.218722541176184
 11
46.23956808302768
 21
34.41283531510183
 31
47.67642124115996
 12
48.604107223575056
 22
31.84426109678091
 32
47.67642124115996
 13
48.604107223575056
 23
31.84426109678091
 33
47.67642124115996
  0
3DFACE
  8
0
1001
WEBCAD
1000
E42_1778941710833
 10
60.800859956262286
 20
21.811605625474613
 30
25.387927741241082
 11
60.87574156450029
 21
22.715292245354334
 31
29.845626441224855
 12
64.96601468444504
 22
22.71529224535604
 32
29.845626441224855
 13
64.96601468444504
 23
22.71529224535604
 33
29.845626441224855
  0
3DFACE
  8
0
1001
WEBCAD
1000
E42_1778941710833
 10
60.800859956262286
 20
21.811605625474613
 30
25.387927741241082
 11
64.96601468444504
 21
22.71529224535604
 31
29.845626441224855
 12
65.04089629268378
 22
21.811605625476375
 32
25.387927741241082
 13
65.04089629268378
 23
21.811605625476375
 33
25.387927741241082
  0
3DFACE
  8
0
1001
WEBCAD
1000
E42_1778941710833
 10
43.59586529692933
 20
47.396420075699695
 30
56.5918186411275
 11
44.50264904303532
 21
47.39642007570009
 31
61.04951734111128
 12
44.75384968133733
 22
44.36487920634599
 32
61.04951734111128
 13
44.75384968133733
 23
44.36487920634599
 33
61.04951734111128
  0
3DFACE
  8
0
1001
WEBCAD
1000
E42_1778941710833
 10
43.59586529692933
 20
47.396420075699695
 30
56.5918186411275
 11
44.75384968133733
 21
44.36487920634599
 31
61.04951734111128
 12
43.8594332836239
 22
44.21562750718209
 32
56.5918186411275
 13
43.8594332836239
 23
44.21562750718209
 33
56.5918186411275
  0
3DFACE
  8
0
1001
WEBCAD
1000
E42_1778941710833
 10
47.37581138220099
 20
30.509976129140625
 30
38.761023841192404
 11
47.989959302887996
 21
31.177118612960783
 31
43.218722541176184
 12
50.36724315376688
 22
28.18165132340559
 32
38.761023841192404
 13
50.36724315376688
 23
28.18165132340559
 33
38.761023841192404
  0
3DFACE
  8
0
1001
WEBCAD
1000
E42_1778941710833
 10
47.37581138220099
 20
30.509976129140625
 30
38.761023841192404
 11
45.52398829571348
 21
33.85587721058289
 31
43.218722541176184
 12
47.989959302887996
 22
31.177118612960783
 32
43.218722541176184
 13
47.989959302887996
 23
31.177118612960783
 33
43.218722541176184
  0
3DFACE
  8
0
1001
WEBCAD
1000
E42_1778941710833
 10
65.11577790092252
 20
20.90791900559674
 30
20.930229041257306
 11
69.22310405995114
 21
22.509492669046836
 31
25.387927741241082
 12
69.44570630959566
 22
21.63045626442235
 32
20.930229041257306
 13
69.44570630959566
 23
21.63045626442235
 33
20.930229041257306
  0
3DFACE
  8
0
1001
WEBCAD
1000
E42_1778941710833
 10
65.11577790092252
 20
20.90791900559674
 30
20.930229041257306
 11
65.04089629268378
 21
21.811605625476375
 31
25.387927741241082
 12
69.22310405995114
 22
22.509492669046836
 32
25.387927741241082
 13
69.22310405995114
 23
22.509492669046836
 33
25.387927741241082
  0
3DFACE
  8
0
1001
WEBCAD
1000
E42_1778941710833
 10
49.8174670195902
 20
57.59521431370811
 30
69.96491474107884
 11
51.820802251364114
 21
58.49649594880603
 31
74.42261344106277
 12
50.22102817376776
 22
56.6234011641742
 32
74.42261344106277
 13
50.22102817376776
 23
56.6234011641742
 33
74.42261344106277
  0
3DFACE
  8
0
1001
WEBCAD
1000
E42_1778941710833
 10
49.8174670195902
 20
57.59521431370811
 30
69.96491474107884
 11
50.22102817376776
 21
56.6234011641742
 31
74.42261344106277
 12
48.31751410907776
 22
55.29936547135148
 32
69.96491474107884
 13
48.31751410907776
 23
55.29936547135148
 33
69.96491474107884
  0
3DFACE
  8
0
1001
WEBCAD
1000
E42_1778941710833
 10
42.96501688591047
 20
44.066375808018165
 30
52.13411994114373
 11
44.642947796098326
 21
41.121598668226454
 31
56.5918186411275
 12
43.78529609453756
 22
40.82716646718205
 32
52.13411994114373
 13
43.78529609453756
 23
40.82716646718205
 33
52.13411994114373
  0
3DFACE
  8
0
1001
WEBCAD
1000
E42_1778941710833
 10
42.96501688591047
 20
44.066375808018165
 30
52.13411994114373
 11
43.8594332836239
 21
44.21562750718209
 31
56.5918186411275
 12
44.642947796098326
 22
41.121598668226454
 32
56.5918186411275
 13
44.642947796098326
 23
41.121598668226454
 33
56.5918186411275
  0
3DFACE
  8
0
1001
WEBCAD
1000
E42_1778941710833
 10
49.8712794540192
 20
27.422522368132178
 30
34.30332514120863
 11
50.36724315376688
 21
28.18165132340559
 31
38.761023841192404
 12
53.33685448048931
 22
25.547046952341248
 32
34.30332514120863
 13
53.33685448048931
 23
25.547046952341248
 33
34.30332514120863
  0
3DFACE
  8
0
1001
WEBCAD
1000
E42_1778941710833
 10
69.66830855924019
 20
20.751419859797892
 30
16.472530341273533
 11
69.44570630959566
 21
21.63045626442235
 31
20.930229041257306
 12
73.96190529629678
 22
22.225413481437073
 32
16.472530341273533
 13
73.96190529629678
 23
22.225413481437073
 33
16.472530341273533
  0
3DFACE
  8
0
1001
WEBCAD
1000
E42_1778941710833
 10
69.66830855924019
 20
20.751419859797892
 30
16.472530341273533
 11
73.96190529629678
 21
22.225413481437073
 31
16.472530341273533
 12
71.31120754429202
 22
20.453911505022575
 32
12.87082582087876
 13
71.31120754429202
 23
20.453911505022575
 33
12.87082582087876
  0
3DFACE
  8
0
1001
WEBCAD
1000
E42_1778941710833
 10
69.66830855924019
 20
20.751419859797892
 30
16.472530341273533
 11
71.31120754429202
 21
20.453911505022575
 31
12.87082582087876
 12
68.08504517805875
 22
19.654254073442303
 32
12.87082582087876
 13
68.08504517805875
 23
19.654254073442303
 33
12.87082582087876
  0
3DFACE
  8
0
1001
WEBCAD
1000
E42_1778941710833
 10
47.52002160635669
 20
55.730946831358665
 30
65.50721604109505
 11
48.31751410907776
 21
55.29936547135148
 31
69.96491474107884
 12
47.2159029007762
 22
52.7879448800428
 32
69.96491474107884
 13
47.2159029007762
 23
52.7879448800428
 33
69.96491474107884
  0
3DFACE
  8
0
1001
WEBCAD
1000
E42_1778941710833
 10
47.52002160635669
 20
55.730946831358665
 30
65.50721604109505
 11
49.8174670195902
 21
57.59521431370811
 31
69.96491474107884
 12
48.31751410907776
 22
55.29936547135148
 32
69.96491474107884
 13
48.31751410907776
 23
55.29936547135148
 33
69.96491474107884
  0
3DFACE
  8
0
1001
WEBCAD
1000
E42_1778941710833
 10
47.52002160635669
 20
55.730946831358665
 30
65.50721604109505
 11
47.2159029007762
 21
52.7879448800428
 31
69.96491474107884
 12
46.35825119921515
 22
53.08237708108646
 32
65.50721604109505
 13
46.35825119921515
 23
53.08237708108646
 33
65.50721604109505
  0
3DFACE
  8
0
1001
WEBCAD
1000
E42_1778941710833
 10
42.92764439297679
 20
40.53273426613768
 30
47.67642124115996
 11
43.78529609453756
 21
40.82716646718205
 31
52.13411994114373
 12
44.330051595480825
 22
37.335567880012604
 32
47.67642124115996
 13
44.330051595480825
 23
37.335567880012604
 33
47.67642124115996
  0
3DFACE
  8
0
1001
WEBCAD
1000
E42_1778941710833
 10
52.97260359852919
 20
24.716638584612923
 30
29.845626441224855
 11
53.33685448048931
 21
25.547046952341248
 31
34.30332514120863
 12
56.841254438638146
 22
23.388529073666263
 32
29.845626441224855
 13
56.841254438638146
 23
23.388529073666263
 33
29.845626441224855
  0
3DFACE
  8
0
1001
WEBCAD
1000
E42_1778941710833
 10
45.50059949765415
 20
53.376809282130154
 30
61.04951734111128
 11
46.35825119921515
 21
53.08237708108646
 31
65.50721604109505
 12
45.64826607904831
 22
50.27870924589121
 32
65.50721604109505
 13
45.64826607904831
 23
50.27870924589121
 33
65.50721604109505
  0
3DFACE
  8
0
1001
WEBCAD
1000
E42_1778941710833
 10
45.50059949765415
 20
53.376809282130154
 30
61.04951734111128
 11
45.64826607904831
 21
50.27870924589121
 31
65.50721604109505
 12
44.75384968133477
 22
50.427960945054394
 32
61.04951734111128
 13
44.75384968133477
 23
50.427960945054394
 33
61.04951734111128
  0
3DFACE
  8
0
1001
WEBCAD
1000
E42_1778941710833
 10
45.50059949765415
 20
53.376809282130154
 30
61.04951734111128
 11
47.52002160635669
 21
55.730946831358665
 31
65.50721604109505
 12
46.35825119921515
 22
53.08237708108646
 32
65.50721604109505
 13
46.35825119921515
 23
53.08237708108646
 33
65.50721604109505
  0
3DFACE
  8
0
1001
WEBCAD
1000
E42_1778941710833
 10
43.53255909276015
 20
36.903986520004764
 30
43.218722541176184
 11
46.23956808302768
 21
34.41283531510183
 31
47.67642124115996
 12
45.52398829571348
 22
33.85587721058289
 32
43.218722541176184
 13
45.52398829571348
 23
33.85587721058289
 33
43.218722541176184
  0
3DFACE
  8
0
1001
WEBCAD
1000
E42_1778941710833
 10
43.53255909276015
 20
36.903986520004764
 30
43.218722541176184
 11
44.330051595480825
 21
37.335567880012604
 31
47.67642124115996
 12
46.23956808302768
 22
34.41283531510183
 32
47.67642124115996
 13
46.23956808302768
 23
34.41283531510183
 33
47.67642124115996
  0
3DFACE
  8
0
1001
WEBCAD
1000
E42_1778941710833
 10
56.61865218899436
 20
22.509492669041606
 30
25.387927741241082
 11
56.841254438638146
 21
23.388529073666263
 31
29.845626441224855
 12
60.87574156450029
 22
22.715292245354334
 32
29.845626441224855
 13
60.87574156450029
 23
22.715292245354334
 33
29.845626441224855
  0
3DFACE
  8
0
1001
WEBCAD
1000
E42_1778941710833
 10
56.61865218899436
 20
22.509492669041606
 30
25.387927741241082
 11
60.87574156450029
 21
22.715292245354334
 31
29.845626441224855
 12
60.800859956262286
 22
21.811605625474613
 32
25.387927741241082
 13
60.800859956262286
 23
21.811605625474613
 33
25.387927741241082
  0
3DFACE
  8
0
1001
WEBCAD
1000
E42_1778941710833
 10
43.859433283621286
 20
50.57721264421755
 30
56.5918186411275
 11
44.75384968133477
 21
50.427960945054394
 31
61.04951734111128
 12
44.50264904303532
 22
47.39642007570009
 32
61.04951734111128
 13
44.50264904303532
 23
47.39642007570009
 33
61.04951734111128
  0
3DFACE
  8
0
1001
WEBCAD
1000
E42_1778941710833
 10
43.859433283621286
 20
50.57721264421755
 30
56.5918186411275
 11
44.50264904303532
 21
47.39642007570009
 31
61.04951734111128
 12
43.59586529692933
 22
47.396420075699695
 32
56.5918186411275
 13
43.59586529692933
 23
47.396420075699695
 33
56.5918186411275
  0
3DFACE
  8
0
1001
WEBCAD
1000
E42_1778941710833
 10
44.80840850839934
 20
33.29891910606398
 30
38.761023841192404
 11
45.52398829571348
 21
33.85587721058289
 31
43.218722541176184
 12
47.37581138220099
 22
30.509976129140625
 32
38.761023841192404
 13
47.37581138220099
 23
30.509976129140625
 33
38.761023841192404
  0
3DFACE
  8
0
1001
WEBCAD
1000
E42_1778941710833
 10
60.725978348024285
 20
20.90791900559492
 30
20.930229041257306
 11
60.800859956262286
 21
21.811605625474613
 31
25.387927741241082
 12
65.04089629268378
 22
21.811605625476375
 32
25.387927741241082
 13
65.04089629268378
 23
21.811605625476375
 33
25.387927741241082
  0
3DFACE
  8
0
1001
WEBCAD
1000
E42_1778941710833
 10
60.725978348024285
 20
20.90791900559492
 30
20.930229041257306
 11
65.04089629268378
 21
21.811605625476375
 31
25.387927741241082
 12
65.11577790092252
 22
20.90791900559674
 32
20.930229041257306
 13
65.11577790092252
 23
20.90791900559674
 33
20.930229041257306
  0
3DFACE
  8
0
1001
WEBCAD
1000
E42_1778941710833
 10
51.674846827000124
 20
59.612866635524426
 30
69.96491474107884
 11
51.820802251364114
 21
58.49649594880603
 31
74.42261344106277
 12
49.8174670195902
 22
57.59521431370811
 32
69.96491474107884
 13
49.8174670195902
 23
57.59521431370811
 33
69.96491474107884
  0
3DFACE
  8
0
1001
WEBCAD
1000
E42_1778941710833
 10
51.674846827000124
 20
59.612866635524426
 30
69.96491474107884
 11
53.693897035995974
 21
60.09627002640241
 31
74.42261344106277
 12
51.820802251364114
 22
58.49649594880603
 32
74.42261344106277
 13
51.820802251364114
 23
58.49649594880603
 33
74.42261344106277
  0
3DFACE
  8
0
1001
WEBCAD
1000
E42_1778941710833
 10
42.6890815508234
 20
47.396420075699325
 30
52.13411994114373
 11
43.8594332836239
 21
44.21562750718209
 31
56.5918186411275
 12
42.96501688591047
 22
44.066375808018165
 32
52.13411994114373
 13
42.96501688591047
 23
44.066375808018165
 33
52.13411994114373
  0
3DFACE
  8
0
1001
WEBCAD
1000
E42_1778941710833
 10
42.6890815508234
 20
47.396420075699325
 30
52.13411994114373
 11
43.859433283621286
 21
50.57721264421755
 31
56.5918186411275
 12
43.59586529692933
 22
47.396420075699695
 32
56.5918186411275
 13
43.59586529692933
 23
47.396420075699695
 33
56.5918186411275
  0
3DFACE
  8
0
1001
WEBCAD
1000
E42_1778941710833
 10
42.6890815508234
 20
47.396420075699325
 30
52.13411994114373
 11
43.59586529692933
 21
47.396420075699695
 31
56.5918186411275
 12
43.8594332836239
 22
44.21562750718209
 32
56.5918186411275
 13
43.8594332836239
 23
44.21562750718209
 33
56.5918186411275
  0
3DFACE
  8
0
1001
WEBCAD
1000
E42_1778941710833
 10
46.76166346151393
 20
29.842833645320468
 30
34.30332514120863
 11
47.37581138220099
 21
30.509976129140625
 31
38.761023841192404
 12
50.36724315376688
 22
28.18165132340559
 32
38.761023841192404
 13
50.36724315376688
 23
28.18165132340559
 33
38.761023841192404
  0
3DFACE
  8
0
1001
WEBCAD
1000
E42_1778941710833
 10
46.76166346151393
 20
29.842833645320468
 30
34.30332514120863
 11
50.36724315376688
 21
28.18165132340559
 31
38.761023841192404
 12
49.8712794540192
 22
27.422522368132178
 32
34.30332514120863
 13
49.8712794540192
 23
27.422522368132178
 33
34.30332514120863
  0
3DFACE
  8
0
1001
WEBCAD
1000
E42_1778941710833
 10
65.19065950916126
 20
20.004232385717074
 30
16.472530341273533
 11
69.44570630959566
 21
21.63045626442235
 31
20.930229041257306
 12
69.66830855924019
 22
20.751419859797892
 32
16.472530341273533
 13
69.66830855924019
 23
20.751419859797892
 33
16.472530341273533
  0
3DFACE
  8
0
1001
WEBCAD
1000
E42_1778941710833
 10
65.19065950916126
 20
20.004232385717074
 30
16.472530341273533
 11
65.11577790092252
 21
20.90791900559674
 31
20.930229041257306
 12
69.44570630959566
 22
21.63045626442235
 32
20.930229041257306
 13
69.44570630959566
 23
21.63045626442235
 33
20.930229041257306
  0
3DFACE
  8
0
1001
WEBCAD
1000
E42_1778941710833
 10
65.19065950916126
 20
20.004232385717074
 30
16.472530341273533
 11
69.66830855924019
 21
20.751419859797892
 31
16.472530341273533
 12
68.08504517805875
 22
19.654254073442303
 32
12.87082582087876
 13
68.08504517805875
 23
19.654254073442303
 33
12.87082582087876
  0
3DFACE
  8
0
1001
WEBCAD
1000
E42_1778941710833
 10
65.19065950916126
 20
20.004232385717074
 30
16.472530341273533
 11
60.725978348024285
 21
20.90791900559492
 31
20.930229041257306
 12
65.11577790092252
 22
20.90791900559674
 32
20.930229041257306
 13
65.11577790092252
 23
20.90791900559674
 33
20.930229041257306
  0
3DFACE
  8
0
1001
WEBCAD
1000
E42_1778941710833
 10
65.19065950916126
 20
20.004232385717074
 30
16.472530341273533
 11
64.78723671830795
 21
19.239483071589547
 31
12.87082582087876
 12
61.46353496328538
 22
19.215352907034514
 32
12.87082582087876
 13
61.46353496328538
 23
19.215352907034514
 33
12.87082582087876
  0
3DFACE
  8
0
1001
WEBCAD
1000
E42_1778941710833
 10
65.19065950916126
 20
20.004232385717074
 30
16.472530341273533
 11
68.08504517805875
 21
19.654254073442303
 31
12.87082582087876
 12
64.78723671830795
 22
19.239483071589547
 32
12.87082582087876
 13
64.78723671830795
 23
19.239483071589547
 33
12.87082582087876
  0
3DFACE
  8
0
1001
WEBCAD
1000
E42_1778941710833
 10
49.101887232275544
 20
58.152172418226456
 30
65.50721604109505
 11
49.8174670195902
 21
57.59521431370811
 31
69.96491474107884
 12
47.52002160635669
 22
55.730946831358665
 32
65.50721604109505
 13
47.52002160635669
 23
55.730946831358665
 33
65.50721604109505
  0
3DFACE
  8
0
1001
WEBCAD
1000
E42_1778941710833
 10
42.0706004881971
 20
43.91712410885427
 30
47.67642124115996
 11
42.96501688591047
 21
44.066375808018165
 31
52.13411994114373
 12
43.78529609453756
 22
40.82716646718205
 32
52.13411994114373
 13
43.78529609453756
 23
40.82716646718205
 33
52.13411994114373
  0
3DFACE
  8
0
1001
WEBCAD
1000
E42_1778941710833
 10
42.0706004881971
 20
43.91712410885427
 30
47.67642124115996
 11
42.6890815508234
 21
47.396420075699325
 31
52.13411994114373
 12
42.96501688591047
 22
44.066375808018165
 32
52.13411994114373
 13
42.96501688591047
 23
44.066375808018165
 33
52.13411994114373
  0
3DFACE
  8
0
1001
WEBCAD
1000
E42_1778941710833
 10
42.0706004881971
 20
43.91712410885427
 30
47.67642124115996
 11
43.78529609453756
 21
40.82716646718205
 31
52.13411994114373
 12
42.92764439297679
 22
40.53273426613768
 32
47.67642124115996
 13
42.92764439297679
 23
40.53273426613768
 33
47.67642124115996
  0
3DFACE
  8
0
1001
WEBCAD
1000
E42_1778941710833
 10
49.375315754271526
 20
26.66339341285874
 30
29.845626441224855
 11
49.8712794540192
 21
27.422522368132178
 31
34.30332514120863
 12
53.33685448048931
 22
25.547046952341248
 32
34.30332514120863
 13
53.33685448048931
 23
25.547046952341248
 33
34.30332514120863
  0
3DFACE
  8
0
1001
WEBCAD
1000
E42_1778941710833
 10
49.375315754271526
 20
26.66339341285874
 30
29.845626441224855
 11
53.33685448048931
 21
25.547046952341248
 31
34.30332514120863
 12
52.97260359852919
 22
24.716638584612923
 32
29.845626441224855
 13
52.97260359852919
 23
24.716638584612923
 33
29.845626441224855
  0
3DFACE
  8
0
1001
WEBCAD
1000
E42_1778941710833
 10
46.72252910363562
 20
56.16252819136585
 30
61.04951734111128
 11
47.52002160635669
 21
55.730946831358665
 31
65.50721604109505
 12
45.50059949765415
 22
53.376809282130154
 32
61.04951734111128
 13
45.50059949765415
 23
53.376809282130154
 33
61.04951734111128
  0
3DFACE
  8
0
1001
WEBCAD
1000
E42_1778941710833
 10
42.06999269141602
 20
40.23830206509328
 30
43.218722541176184
 11
42.92764439297679
 21
40.53273426613768
 31
47.67642124115996
 12
44.330051595480825
 22
37.335567880012604
 32
47.67642124115996
 13
44.330051595480825
 23
37.335567880012604
 33
47.67642124115996
  0
3DFACE
  8
0
1001
WEBCAD
1000
E42_1778941710833
 10
42.06999269141602
 20
40.23830206509328
 30
43.218722541176184
 11
44.330051595480825
 21
37.335567880012604
 31
47.67642124115996
 12
43.53255909276015
 22
36.903986520004764
 32
43.218722541176184
 13
43.53255909276015
 23
36.903986520004764
 33
43.218722541176184
  0
3DFACE
  8
0
1001
WEBCAD
1000
E42_1778941710833
 10
52.60835271656913
 20
23.8862302168846
 30
25.387927741241082
 11
56.841254438638146
 21
23.388529073666263
 31
29.845626441224855
 12
56.61865218899436
 22
22.509492669041606
 32
25.387927741241082
 13
56.61865218899436
 23
22.509492669041606
 33
25.387927741241082
  0
3DFACE
  8
0
1001
WEBCAD
1000
E42_1778941710833
 10
52.60835271656913
 20
23.8862302168846
 30
25.387927741241082
 11
49.375315754271526
 21
26.66339341285874
 31
29.845626441224855
 12
52.97260359852919
 22
24.716638584612923
 32
29.845626441224855
 13
52.97260359852919
 23
24.716638584612923
 33
29.845626441224855
  0
3DFACE
  8
0
1001
WEBCAD
1000
E42_1778941710833
 10
52.60835271656913
 20
23.8862302168846
 30
25.387927741241082
 11
52.97260359852919
 21
24.716638584612923
 31
29.845626441224855
 12
56.841254438638146
 22
23.388529073666263
 32
29.845626441224855
 13
56.841254438638146
 23
23.388529073666263
 33
29.845626441224855
  0
3DFACE
  8
0
1001
WEBCAD
1000
E42_1778941710833
 10
44.6429477960931
 20
53.671241483173844
 30
56.5918186411275
 11
45.50059949765415
 21
53.376809282130154
 31
61.04951734111128
 12
44.75384968133477
 22
50.427960945054394
 32
61.04951734111128
 13
44.75384968133477
 23
50.427960945054394
 33
61.04951734111128
  0
3DFACE
  8
0
1001
WEBCAD
1000
E42_1778941710833
 10
44.6429477960931
 20
53.671241483173844
 30
56.5918186411275
 11
44.75384968133477
 21
50.427960945054394
 31
61.04951734111128
 12
43.859433283621286
 22
50.57721264421755
 32
56.5918186411275
 13
43.859433283621286
 23
50.57721264421755
 33
56.5918186411275
  0
3DFACE
  8
0
1001
WEBCAD
1000
E42_1778941710833
 10
44.6429477960931
 20
53.671241483173844
 30
56.5918186411275
 11
46.72252910363562
 21
56.16252819136585
 31
61.04951734111128
 12
45.50059949765415
 22
53.376809282130154
 32
61.04951734111128
 13
45.50059949765415
 23
53.376809282130154
 33
61.04951734111128
  0
3DFACE
  8
0
1001
WEBCAD
1000
E42_1778941710833
 10
42.73506659003948
 20
36.472405159996924
 30
38.761023841192404
 11
43.53255909276015
 21
36.903986520004764
 31
43.218722541176184
 12
45.52398829571348
 22
33.85587721058289
 32
43.218722541176184
 13
45.52398829571348
 23
33.85587721058289
 33
43.218722541176184
  0
3DFACE
  8
0
1001
WEBCAD
1000
E42_1778941710833
 10
42.73506659003948
 20
36.472405159996924
 30
38.761023841192404
 11
45.52398829571348
 21
33.85587721058289
 31
43.218722541176184
 12
44.80840850839934
 22
33.29891910606398
 32
38.761023841192404
 13
44.80840850839934
 23
33.29891910606398
 33
38.761023841192404
  0
3DFACE
  8
0
1001
WEBCAD
1000
E42_1778941710833
 10
56.39604993935052
 20
21.63045626441695
 30
20.930229041257306
 11
60.800859956262286
 21
21.811605625474613
 31
25.387927741241082
 12
60.725978348024285
 22
20.90791900559492
 32
20.930229041257306
 13
60.725978348024285
 23
20.90791900559492
 33
20.930229041257306
  0
3DFACE
  8
0
1001
WEBCAD
1000
E42_1778941710833
 10
56.39604993935052
 20
21.63045626441695
 30
20.930229041257306
 11
52.60835271656913
 21
23.8862302168846
 31
25.387927741241082
 12
56.61865218899436
 22
22.509492669041606
 32
25.387927741241082
 13
56.61865218899436
 23
22.509492669041606
 33
25.387927741241082
  0
3DFACE
  8
0
1001
WEBCAD
1000
E42_1778941710833
 10
56.39604993935052
 20
21.63045626441695
 30
20.930229041257306
 11
56.61865218899436
 21
22.509492669041606
 31
25.387927741241082
 12
60.800859956262286
 22
21.811605625474613
 32
25.387927741241082
 13
60.800859956262286
 23
21.811605625474613
 33
25.387927741241082
  0
3DFACE
  8
0
1001
WEBCAD
1000
E42_1778941710833
 10
53.83898905198919
 20
61.297286141088335
 30
69.96491474107884
 11
53.693897035995974
 21
60.09627002640241
 31
74.42261344106277
 12
51.674846827000124
 22
59.612866635524426
 32
69.96491474107884
 13
51.674846827000124
 23
59.612866635524426
 33
69.96491474107884
  0
3DFACE
  8
0
1001
WEBCAD
1000
E42_1778941710833
 10
53.83898905198919
 20
61.297286141088335
 30
69.96491474107884
 11
55.79419071762038
 21
61.38333164982717
 31
74.42261344106277
 12
53.693897035995974
 22
60.09627002640241
 32
74.42261344106277
 13
53.693897035995974
 23
60.09627002640241
 33
74.42261344106277
  0
3DFACE
  8
0
1001
WEBCAD
1000
E42_1778941710833
 10
42.965016885907744
 20
50.72646434338071
 30
52.13411994114373
 11
43.859433283621286
 21
50.57721264421755
 31
56.5918186411275
 12
42.6890815508234
 22
47.396420075699325
 32
52.13411994114373
 13
42.6890815508234
 23
47.396420075699325
 33
52.13411994114373
  0
3DFACE
  8
0
1001
WEBCAD
1000
E42_1778941710833
 10
44.09282872108514
 20
32.741961001545036
 30
34.30332514120863
 11
47.37581138220099
 21
30.509976129140625
 31
38.761023841192404
 12
46.76166346151393
 22
29.842833645320468
 32
34.30332514120863
 13
46.76166346151393
 23
29.842833645320468
 33
34.30332514120863
  0
3DFACE
  8
0
1001
WEBCAD
1000
E42_1778941710833
 10
44.09282872108514
 20
32.741961001545036
 30
34.30332514120863
 11
44.80840850839934
 21
33.29891910606398
 31
38.761023841192404
 12
47.37581138220099
 22
30.509976129140625
 32
38.761023841192404
 13
47.37581138220099
 23
30.509976129140625
 33
38.761023841192404
  0
3DFACE
  8
0
1001
WEBCAD
1000
E42_1778941710833
 10
60.65109673978628
 20
20.0042323857152
 30
16.472530341273533
 11
65.19065950916126
 21
20.004232385717074
 31
16.472530341273533
 12
61.46353496328538
 22
19.215352907034514
 32
12.87082582087876
 13
61.46353496328538
 23
19.215352907034514
 33
12.87082582087876
  0
3DFACE
  8
0
1001
WEBCAD
1000
E42_1778941710833
 10
60.65109673978628
 20
20.0042323857152
 30
16.472530341273533
 11
60.725978348024285
 21
20.90791900559492
 31
20.930229041257306
 12
65.19065950916126
 22
20.004232385717074
 32
16.472530341273533
 13
65.19065950916126
 23
20.004232385717074
 33
16.472530341273533
  0
3DFACE
  8
0
1001
WEBCAD
1000
E42_1778941710833
 10
60.65109673978628
 20
20.0042323857152
 30
16.472530341273533
 11
61.46353496328538
 21
19.215352907034514
 31
12.87082582087876
 12
58.16005194699238
 22
19.5821983543901
 32
12.87082582087876
 13
58.16005194699238
 23
19.5821983543901
 33
12.87082582087876
  0
3DFACE
  8
0
1001
WEBCAD
1000
E42_1778941710833
 10
51.060698906312496
 20
60.28000911934407
 30
65.50721604109505
 11
49.8174670195902
 21
57.59521431370811
 31
69.96491474107884
 12
49.101887232275544
 22
58.152172418226456
 32
65.50721604109505
 13
49.101887232275544
 23
58.152172418226456
 33
65.50721604109505
  0
3DFACE
  8
0
1001
WEBCAD
1000
E42_1778941710833
 10
51.060698906312496
 20
60.28000911934407
 30
65.50721604109505
 11
51.674846827000124
 21
59.612866635524426
 31
69.96491474107884
 12
49.8174670195902
 22
57.59521431370811
 32
69.96491474107884
 13
49.8174670195902
 23
57.59521431370811
 33
69.96491474107884
  0
3DFACE
  8
0
1001
WEBCAD
1000
E42_1778941710833
 10
41.78229780471747
 20
47.396420075698956
 30
47.67642124115996
 11
42.6890815508234
 21
47.396420075699325
 31
52.13411994114373
 12
42.0706004881971
 22
43.91712410885427
 32
47.67642124115996
 13
42.0706004881971
 23
43.91712410885427
 33
47.67642124115996
  0
3DFACE
  8
0
1001
WEBCAD
1000
E42_1778941710833
 10
46.14751554082693
 20
29.17569116150031
 30
29.845626441224855
 11
46.76166346151393
 21
29.842833645320468
 31
34.30332514120863
 12
49.8712794540192
 22
27.422522368132178
 32
34.30332514120863
 13
49.8712794540192
 23
27.422522368132178
 33
34.30332514120863
  0
3DFACE
  8
0
1001
WEBCAD
1000
E42_1778941710833
 10
46.14751554082693
 20
29.17569116150031
 30
29.845626441224855
 11
49.8712794540192
 21
27.422522368132178
 31
34.30332514120863
 12
49.375315754271526
 22
26.66339341285874
 32
29.845626441224855
 13
49.375315754271526
 23
26.66339341285874
 33
29.845626441224855
  0
3DFACE
  8
0
1001
WEBCAD
1000
E42_1778941710833
 10
48.38630744496089
 20
58.70913052274477
 30
61.04951734111128
 11
49.101887232275544
 21
58.152172418226456
 31
65.50721604109505
 12
47.52002160635669
 22
55.730946831358665
 32
65.50721604109505
 13
47.52002160635669
 23
55.730946831358665
 33
65.50721604109505
  0
3DFACE
  8
0
1001
WEBCAD
1000
E42_1778941710833
 10
48.38630744496089
 20
58.70913052274477
 30
61.04951734111128
 11
51.060698906312496
 21
60.28000911934407
 31
65.50721604109505
 12
49.101887232275544
 22
58.152172418226456
 32
65.50721604109505
 13
49.101887232275544
 23
58.152172418226456
 33
65.50721604109505
  0
3DFACE
  8
0
1001
WEBCAD
1000
E42_1778941710833
 10
48.38630744496089
 20
58.70913052274477
 30
61.04951734111128
 11
47.52002160635669
 21
55.730946831358665
 31
65.50721604109505
 12
46.72252910363562
 22
56.16252819136585
 32
61.04951734111128
 13
46.72252910363562
 23
56.16252819136585
 33
61.04951734111128
  0
3DFACE
  8
0
1001
WEBCAD
1000
E42_1778941710833
 10
41.17618409048367
 20
43.76787240969037
 30
43.218722541176184
 11
42.0706004881971
 21
43.91712410885427
 31
47.67642124115996
 12
42.92764439297679
 22
40.53273426613768
 32
47.67642124115996
 13
42.92764439297679
 23
40.53273426613768
 33
47.67642124115996
  0
3DFACE
  8
0
1001
WEBCAD
1000
E42_1778941710833
 10
41.17618409048367
 20
43.76787240969037
 30
43.218722541176184
 11
42.92764439297679
 21
40.53273426613768
 31
47.67642124115996
 12
42.06999269141602
 22
40.23830206509328
 32
43.218722541176184
 13
42.06999269141602
 23
40.23830206509328
 33
43.218722541176184
  0
3DFACE
  8
0
1001
WEBCAD
1000
E42_1778941710833
 10
48.87935205452385
 20
25.904264457585327
 30
25.387927741241082
 11
49.375315754271526
 21
26.66339341285874
 31
29.845626441224855
 12
52.60835271656913
 22
23.8862302168846
 32
25.387927741241082
 13
52.60835271656913
 23
23.8862302168846
 33
25.387927741241082
  0
3DFACE
  8
0
1001
WEBCAD
1000
E42_1778941710833
 10
45.92503660091461
 20
56.59410955137304
 30
56.5918186411275
 11
46.72252910363562
 21
56.16252819136585
 31
61.04951734111128
 12
44.6429477960931
 22
53.671241483173844
 32
56.5918186411275
 13
44.6429477960931
 23
53.671241483173844
 33
56.5918186411275
  0
3DFACE
  8
0
1001
WEBCAD
1000
E42_1778941710833
 10
41.21234098985525
 20
39.94386986404891
 30
38.761023841192404
 11
43.53255909276015
 21
36.903986520004764
 31
43.218722541176184
 12
42.73506659003948
 22
36.472405159996924
 32
38.761023841192404
 13
42.73506659003948
 23
36.472405159996924
 33
38.761023841192404
  0
3DFACE
  8
0
1001
WEBCAD
1000
E42_1778941710833
 10
41.21234098985525
 20
39.94386986404891
 30
38.761023841192404
 11
42.06999269141602
 21
40.23830206509328
 31
43.218722541176184
 12
43.53255909276015
 22
36.903986520004764
 32
43.218722541176184
 13
43.53255909276015
 23
36.903986520004764
 33
43.218722541176184
  0
3DFACE
  8
0
1001
WEBCAD
1000
E42_1778941710833
 10
52.24410183460901
 20
23.055821849156274
 30
20.930229041257306
 11
52.60835271656913
 21
23.8862302168846
 31
25.387927741241082
 12
56.39604993935052
 22
21.63045626441695
 32
20.930229041257306
 13
56.39604993935052
 23
21.63045626441695
 33
20.930229041257306
  0
3DFACE
  8
0
1001
WEBCAD
1000
E42_1778941710833
 10
56.25086153615746
 20
62.60252625724203
 30
69.96491474107884
 11
58.06996709532075
 21
62.32598909039899
 31
74.42261344106277
 12
55.79419071762038
 22
61.38333164982717
 32
74.42261344106277
 13
55.79419071762038
 23
61.38333164982717
 33
74.42261344106277
  0
3DFACE
  8
0
1001
WEBCAD
1000
E42_1778941710833
 10
56.25086153615746
 20
62.60252625724203
 30
69.96491474107884
 11
55.79419071762038
 21
61.38333164982717
 31
74.42261344106277
 12
53.83898905198919
 22
61.297286141088335
 32
69.96491474107884
 13
53.83898905198919
 23
61.297286141088335
 33
69.96491474107884
  0
3DFACE
  8
0
1001
WEBCAD
1000
E42_1778941710833
 10
43.7852960945321
 20
53.965673684217506
 30
52.13411994114373
 11
43.859433283621286
 21
50.57721264421755
 31
56.5918186411275
 12
42.965016885907744
 22
50.72646434338071
 32
52.13411994114373
 13
42.965016885907744
 23
50.72646434338071
 33
52.13411994114373
  0
3DFACE
  8
0
1001
WEBCAD
1000
E42_1778941710833
 10
43.7852960945321
 20
53.965673684217506
 30
52.13411994114373
 11
44.6429477960931
 21
53.671241483173844
 31
56.5918186411275
 12
43.859433283621286
 22
50.57721264421755
 32
56.5918186411275
 13
43.859433283621286
 23
50.57721264421755
 33
56.5918186411275
  0
3DFACE
  8
0
1001
WEBCAD
1000
E42_1778941710833
 10
41.93757408731875
 20
36.040823799989084
 30
34.30332514120863
 11
44.80840850839934
 21
33.29891910606398
 31
38.761023841192404
 12
44.09282872108514
 22
32.741961001545036
 32
34.30332514120863
 13
44.09282872108514
 23
32.741961001545036
 33
34.30332514120863
  0
3DFACE
  8
0
1001
WEBCAD
1000
E42_1778941710833
 10
41.93757408731875
 20
36.040823799989084
 30
34.30332514120863
 11
42.73506659003948
 21
36.472405159996924
 31
38.761023841192404
 12
44.80840850839934
 22
33.29891910606398
 32
38.761023841192404
 13
44.80840850839934
 23
33.29891910606398
 33
38.761023841192404
  0
3DFACE
  8
0
1001
WEBCAD
1000
E42_1778941710833
 10
56.173447689706734
 20
20.751419859792293
 30
16.472530341273533
 11
56.39604993935052
 21
21.63045626441695
 31
20.930229041257306
 12
60.725978348024285
 22
20.90791900559492
 32
20.930229041257306
 13
60.725978348024285
 23
20.90791900559492
 33
20.930229041257306
  0
3DFACE
  8
0
1001
WEBCAD
1000
E42_1778941710833
 10
56.173447689706734
 20
20.751419859792293
 30
16.472530341273533
 11
60.65109673978628
 21
20.0042323857152
 31
16.472530341273533
 12
58.16005194699238
 22
19.5821983543901
 32
12.87082582087876
 13
58.16005194699238
 23
19.5821983543901
 33
12.87082582087876
  0
3DFACE
  8
0
1001
WEBCAD
1000
E42_1778941710833
 10
56.173447689706734
 20
20.751419859792293
 30
16.472530341273533
 11
60.725978348024285
 21
20.90791900559492
 31
20.930229041257306
 12
60.65109673978628
 22
20.0042323857152
 32
16.472530341273533
 13
60.65109673978628
 23
20.0042323857152
 33
16.472530341273533
  0
3DFACE
  8
0
1001
WEBCAD
1000
E42_1778941710833
 10
56.173447689706734
 20
20.751419859792293
 30
16.472530341273533
 11
58.16005194699238
 21
19.5821983543901
 31
12.87082582087876
 12
54.92261919475777
 22
20.334929910750077
 32
12.87082582087876
 13
54.92261919475777
 23
20.334929910750077
 33
12.87082582087876
  0
3DFACE
  8
0
1001
WEBCAD
1000
E42_1778941710833
 10
53.343025352240886
 20
62.05641509636135
 30
65.50721604109505
 11
53.83898905198919
 21
61.297286141088335
 31
69.96491474107884
 12
51.674846827000124
 22
59.612866635524426
 32
69.96491474107884
 13
51.674846827000124
 23
59.612866635524426
 33
69.96491474107884
  0
3DFACE
  8
0
1001
WEBCAD
1000
E42_1778941710833
 10
53.343025352240886
 20
62.05641509636135
 30
65.50721604109505
 11
51.674846827000124
 21
59.612866635524426
 31
69.96491474107884
 12
51.060698906312496
 22
60.28000911934407
 32
65.50721604109505
 13
51.060698906312496
 23
60.28000911934407
 33
65.50721604109505
  0
3DFACE
  8
0
1001
WEBCAD
1000
E42_1778941710833
 10
42.0706004881942
 20
50.87571604254387
 30
47.67642124115996
 11
42.965016885907744
 21
50.72646434338071
 31
52.13411994114373
 12
42.6890815508234
 22
47.396420075699325
 32
52.13411994114373
 13
42.6890815508234
 23
47.396420075699325
 33
52.13411994114373
  0
3DFACE
  8
0
1001
WEBCAD
1000
E42_1778941710833
 10
42.0706004881942
 20
50.87571604254387
 30
47.67642124115996
 11
43.7852960945321
 21
53.965673684217506
 31
52.13411994114373
 12
42.965016885907744
 22
50.72646434338071
 32
52.13411994114373
 13
42.965016885907744
 23
50.72646434338071
 33
52.13411994114373
  0
3DFACE
  8
0
1001
WEBCAD
1000
E42_1778941710833
 10
42.0706004881942
 20
50.87571604254387
 30
47.67642124115996
 11
42.6890815508234
 21
47.396420075699325
 31
52.13411994114373
 12
41.78229780471747
 22
47.396420075698956
 32
47.67642124115996
 13
41.78229780471747
 23
47.396420075698956
 33
47.67642124115996
  0
3DFACE
  8
0
1001
WEBCAD
1000
E42_1778941710833
 10
43.37724893377094
 20
32.18500289702612
 30
29.845626441224855
 11
46.76166346151393
 21
29.842833645320468
 31
34.30332514120863
 12
46.14751554082693
 22
29.17569116150031
 32
29.845626441224855
 13
46.14751554082693
 23
29.17569116150031
 33
29.845626441224855
  0
3DFACE
  8
0
1001
WEBCAD
1000
E42_1778941710833
 10
43.37724893377094
 20
32.18500289702612
 30
29.845626441224855
 11
44.09282872108514
 21
32.741961001545036
 31
34.30332514120863
 12
46.76166346151393
 22
29.842833645320468
 32
34.30332514120863
 13
46.76166346151393
 23
29.842833645320468
 33
34.30332514120863
  0
3DFACE
  8
0
1001
WEBCAD
1000
E42_1778941710833
 10
50.446550985624924
 20
60.94715160316372
 30
61.04951734111128
 11
51.060698906312496
 21
60.28000911934407
 31
65.50721604109505
 12
48.38630744496089
 22
58.70913052274477
 32
61.04951734111128
 13
48.38630744496089
 23
58.70913052274477
 33
61.04951734111128
  0
3DFACE
  8
0
1001
WEBCAD
1000
E42_1778941710833
 10
40.87551405861154
 20
47.396420075698586
 30
43.218722541176184
 11
42.0706004881971
 21
43.91712410885427
 31
47.67642124115996
 12
41.17618409048367
 22
43.76787240969037
 32
43.218722541176184
 13
41.17618409048367
 23
43.76787240969037
 33
43.218722541176184
  0
3DFACE
  8
0
1001
WEBCAD
1000
E42_1778941710833
 10
40.87551405861154
 20
47.396420075698586
 30
43.218722541176184
 11
41.78229780471747
 21
47.396420075698956
 31
47.67642124115996
 12
42.0706004881971
 22
43.91712410885427
 32
47.67642124115996
 13
42.0706004881971
 23
43.91712410885427
 33
47.67642124115996
  0
3DFACE
  8
0
1001
WEBCAD
1000
E42_1778941710833
 10
40.87551405861154
 20
47.396420075698586
 30
43.218722541176184
 11
42.0706004881942
 21
50.87571604254387
 31
47.67642124115996
 12
41.78229780471747
 22
47.396420075698956
 32
47.67642124115996
 13
41.78229780471747
 23
47.396420075698956
 33
47.67642124115996
  0
3DFACE
  8
0
1001
WEBCAD
1000
E42_1778941710833
 10
45.53336762013987
 20
28.508548677680153
 30
25.387927741241082
 11
49.375315754271526
 21
26.66339341285874
 31
29.845626441224855
 12
48.87935205452385
 22
25.904264457585327
 32
25.387927741241082
 13
48.87935205452385
 23
25.904264457585327
 33
25.387927741241082
  0
3DFACE
  8
0
1001
WEBCAD
1000
E42_1778941710833
 10
45.53336762013987
 20
28.508548677680153
 30
25.387927741241082
 11
46.14751554082693
 21
29.17569116150031
 31
29.845626441224855
 12
49.375315754271526
 22
26.66339341285874
 32
29.845626441224855
 13
49.375315754271526
 23
26.66339341285874
 33
29.845626441224855
  0
3DFACE
  8
0
1001
WEBCAD
1000
E42_1778941710833
 10
47.67072765764624
 20
59.266088627263116
 30
56.5918186411275
 11
50.446550985624924
 21
60.94715160316372
 31
61.04951734111128
 12
48.38630744496089
 22
58.70913052274477
 32
61.04951734111128
 13
48.38630744496089
 23
58.70913052274477
 33
61.04951734111128
  0
3DFACE
  8
0
1001
WEBCAD
1000
E42_1778941710833
 10
47.67072765764624
 20
59.266088627263116
 30
56.5918186411275
 11
46.72252910363562
 21
56.16252819136585
 31
61.04951734111128
 12
45.92503660091461
 22
56.59410955137304
 32
56.5918186411275
 13
45.92503660091461
 23
56.59410955137304
 33
56.5918186411275
  0
3DFACE
  8
0
1001
WEBCAD
1000
E42_1778941710833
 10
47.67072765764624
 20
59.266088627263116
 30
56.5918186411275
 11
48.38630744496089
 21
58.70913052274477
 31
61.04951734111128
 12
46.72252910363562
 22
56.16252819136585
 32
61.04951734111128
 13
46.72252910363562
 23
56.16252819136585
 33
61.04951734111128
  0
3DFACE
  8
0
1001
WEBCAD
1000
E42_1778941710833
 10
40.2817676927703
 20
43.61862071052644
 30
38.761023841192404
 11
41.17618409048367
 21
43.76787240969037
 31
43.218722541176184
 12
42.06999269141602
 22
40.23830206509328
 32
43.218722541176184
 13
42.06999269141602
 23
40.23830206509328
 33
43.218722541176184
  0
3DFACE
  8
0
1001
WEBCAD
1000
E42_1778941710833
 10
40.2817676927703
 20
43.61862071052644
 30
38.761023841192404
 11
42.06999269141602
 21
40.23830206509328
 31
43.218722541176184
 12
41.21234098985525
 22
39.94386986404891
 32
38.761023841192404
 13
41.21234098985525
 23
39.94386986404891
 33
38.761023841192404
  0
3DFACE
  8
0
1001
WEBCAD
1000
E42_1778941710833
 10
48.38338835477617
 20
25.145135502311916
 30
20.930229041257306
 11
48.87935205452385
 21
25.904264457585327
 31
25.387927741241082
 12
52.60835271656913
 22
23.8862302168846
 32
25.387927741241082
 13
52.60835271656913
 23
23.8862302168846
 33
25.387927741241082
  0
3DFACE
  8
0
1001
WEBCAD
1000
E42_1778941710833
 10
48.38338835477617
 20
25.145135502311916
 30
20.930229041257306
 11
52.60835271656913
 21
23.8862302168846
 31
25.387927741241082
 12
52.24410183460901
 22
23.055821849156274
 32
20.930229041257306
 13
52.24410183460901
 23
23.055821849156274
 33
20.930229041257306
  0
3DFACE
  8
0
1001
WEBCAD
1000
E42_1778941710833
 10
58.844674685419136
 20
63.492983436123865
 30
69.96491474107884
 11
60.46518900180928
 21
62.901030993430254
 31
74.42261344106277
 12
58.06996709532075
 22
62.32598909039899
 32
74.42261344106277
 13
58.06996709532075
 23
62.32598909039899
 33
74.42261344106277
  0
3DFACE
  8
0
1001
WEBCAD
1000
E42_1778941710833
 10
58.844674685419136
 20
63.492983436123865
 30
69.96491474107884
 11
58.06996709532075
 21
62.32598909039899
 31
74.42261344106277
 12
56.25086153615746
 22
62.60252625724203
 32
69.96491474107884
 13
56.25086153615746
 23
62.60252625724203
 33
69.96491474107884
  0
3DFACE
  8
0
1001
WEBCAD
1000
E42_1778941710833
 10
45.12754409819354
 20
57.025690911380224
 30
52.13411994114373
 11
45.92503660091461
 21
56.59410955137304
 31
56.5918186411275
 12
44.6429477960931
 22
53.671241483173844
 32
56.5918186411275
 13
44.6429477960931
 23
53.671241483173844
 33
56.5918186411275
  0
3DFACE
  8
0
1001
WEBCAD
1000
E42_1778941710833
 10
45.12754409819354
 20
57.025690911380224
 30
52.13411994114373
 11
47.67072765764624
 21
59.266088627263116
 31
56.5918186411275
 12
45.92503660091461
 22
56.59410955137304
 32
56.5918186411275
 13
45.92503660091461
 23
56.59410955137304
 33
56.5918186411275
  0
3DFACE
  8
0
1001
WEBCAD
1000
E42_1778941710833
 10
45.12754409819354
 20
57.025690911380224
 30
52.13411994114373
 11
44.6429477960931
 21
53.671241483173844
 31
56.5918186411275
 12
43.7852960945321
 22
53.965673684217506
 32
52.13411994114373
 13
43.7852960945321
 23
53.965673684217506
 33
52.13411994114373
  0
3DFACE
  8
0
1001
WEBCAD
1000
E42_1778941710833
 10
40.35468928829448
 20
39.649437663004505
 30
34.30332514120863
 11
40.2817676927703
 21
43.61862071052644
 31
38.761023841192404
 12
41.21234098985525
 22
39.94386986404891
 32
38.761023841192404
 13
41.21234098985525
 23
39.94386986404891
 33
38.761023841192404
  0
3DFACE
  8
0
1001
WEBCAD
1000
E42_1778941710833
 10
40.35468928829448
 20
39.649437663004505
 30
34.30332514120863
 11
41.21234098985525
 21
39.94386986404891
 31
38.761023841192404
 12
42.73506659003948
 22
36.472405159996924
 32
38.761023841192404
 13
42.73506659003948
 23
36.472405159996924
 33
38.761023841192404
  0
3DFACE
  8
0
1001
WEBCAD
1000
E42_1778941710833
 10
40.35468928829448
 20
39.649437663004505
 30
34.30332514120863
 11
42.73506659003948
 21
36.472405159996924
 31
38.761023841192404
 12
41.93757408731875
 22
36.040823799989084
 32
34.30332514120863
 13
41.93757408731875
 23
36.040823799989084
 33
34.30332514120863
  0
3DFACE
  8
0
1001
WEBCAD
1000
E42_1778941710833
 10
51.87985095264895
 20
22.22541348142792
 30
16.472530341273533
 11
56.39604993935052
 21
21.63045626441695
 31
20.930229041257306
 12
56.173447689706734
 22
20.751419859792293
 32
16.472530341273533
 13
56.173447689706734
 23
20.751419859792293
 33
16.472530341273533
  0
3DFACE
  8
0
1001
WEBCAD
1000
E42_1778941710833
 10
51.87985095264895
 20
22.22541348142792
 30
16.472530341273533
 11
56.173447689706734
 21
20.751419859792293
 31
16.472530341273533
 12
54.92261919475777
 22
20.334929910750077
 32
12.87082582087876
 13
54.92261919475777
 23
20.334929910750077
 33
12.87082582087876
  0
3DFACE
  8
0
1001
WEBCAD
1000
E42_1778941710833
 10
51.87985095264895
 20
22.22541348142792
 30
16.472530341273533
 11
52.24410183460901
 21
23.055821849156274
 31
20.930229041257306
 12
56.39604993935052
 22
21.63045626441695
 32
20.930229041257306
 13
56.39604993935052
 23
21.63045626441695
 33
20.930229041257306
  0
3DFACE
  8
0
1001
WEBCAD
1000
E42_1778941710833
 10
51.87985095264895
 20
22.22541348142792
 30
16.472530341273533
 11
51.79615187050155
 21
21.463104405914663
 31
12.87082582087876
 12
48.82402563732069
 22
22.951069887779028
 32
12.87082582087876
 13
48.82402563732069
 23
22.951069887779028
 33
12.87082582087876
  0
3DFACE
  8
0
1001
WEBCAD
1000
E42_1778941710833
 10
51.87985095264895
 20
22.22541348142792
 30
16.472530341273533
 11
54.92261919475777
 21
20.334929910750077
 31
12.87082582087876
 12
51.79615187050155
 22
21.463104405914663
 32
12.87082582087876
 13
51.79615187050155
 23
21.463104405914663
 33
12.87082582087876
  0
3DFACE
  8
0
1001
WEBCAD
1000
E42_1778941710833
 10
55.88661065419666
 20
63.432934624970045
 30
65.50721604109505
 11
53.83898905198919
 21
61.297286141088335
 31
69.96491474107884
 12
53.343025352240886
 22
62.05641509636135
 32
65.50721604109505
 13
53.343025352240886
 23
62.05641509636135
 33
65.50721604109505
  0
3DFACE
  8
0
1001
WEBCAD
1000
E42_1778941710833
 10
55.88661065419666
 20
63.432934624970045
 30
65.50721604109505
 11
56.25086153615746
 21
62.60252625724203
 31
69.96491474107884
 12
53.83898905198919
 22
61.297286141088335
 32
69.96491474107884
 13
53.83898905198919
 23
61.297286141088335
 33
69.96491474107884
  0
3DFACE
  8
0
1001
WEBCAD
1000
E42_1778941710833
 10
42.927644392971104
 20
54.2601058852612
 30
47.67642124115996
 11
43.7852960945321
 21
53.965673684217506
 31
52.13411994114373
 12
42.0706004881942
 22
50.87571604254387
 32
47.67642124115996
 13
42.0706004881942
 23
50.87571604254387
 33
47.67642124115996
  0
3DFACE
  8
0
1001
WEBCAD
1000
E42_1778941710833
 10
41.14008158459808
 20
35.609242439981216
 30
29.845626441224855
 11
41.93757408731875
 21
36.040823799989084
 31
34.30332514120863
 12
44.09282872108514
 22
32.741961001545036
 32
34.30332514120863
 13
44.09282872108514
 23
32.741961001545036
 33
34.30332514120863
  0
3DFACE
  8
0
1001
WEBCAD
1000
E42_1778941710833
 10
41.14008158459808
 20
35.609242439981216
 30
29.845626441224855
 11
44.09282872108514
 21
32.741961001545036
 31
34.30332514120863
 12
43.37724893377094
 22
32.18500289702612
 32
29.845626441224855
 13
43.37724893377094
 23
32.18500289702612
 33
29.845626441224855
  0
3DFACE
  8
0
1001
WEBCAD
1000
E42_1778941710833
 10
52.847061652492584
 20
62.81554405163436
 30
61.04951734111128
 11
53.343025352240886
 21
62.05641509636135
 31
65.50721604109505
 12
51.060698906312496
 22
60.28000911934407
 32
65.50721604109505
 13
51.060698906312496
 23
60.28000911934407
 33
65.50721604109505
  0
3DFACE
  8
0
1001
WEBCAD
1000
E42_1778941710833
 10
52.847061652492584
 20
62.81554405163436
 30
61.04951734111128
 11
51.060698906312496
 21
60.28000911934407
 31
65.50721604109505
 12
50.446550985624924
 22
60.94715160316372
 32
61.04951734111128
 13
50.446550985624924
 23
60.94715160316372
 33
61.04951734111128
  0
3DFACE
  8
0
1001
WEBCAD
1000
E42_1778941710833
 10
41.17618409048072
 20
51.02496774170706
 30
43.218722541176184
 11
42.0706004881942
 21
50.87571604254387
 31
47.67642124115996
 12
40.87551405861154
 22
47.396420075698586
 32
43.218722541176184
 13
40.87551405861154
 23
47.396420075698586
 33
43.218722541176184
  0
3DFACE
  8
0
1001
WEBCAD
1000
E42_1778941710833
 10
42.661669146456745
 20
31.628044792507183
 30
25.387927741241082
 11
46.14751554082693
 21
29.17569116150031
 31
29.845626441224855
 12
45.53336762013987
 22
28.508548677680153
 32
25.387927741241082
 13
45.53336762013987
 23
28.508548677680153
 33
25.387927741241082
  0
3DFACE
  8
0
1001
WEBCAD
1000
E42_1778941710833
 10
42.661669146456745
 20
31.628044792507183
 30
25.387927741241082
 11
43.37724893377094
 21
32.18500289702612
 31
29.845626441224855
 12
46.14751554082693
 22
29.17569116150031
 32
29.845626441224855
 13
46.14751554082693
 23
29.17569116150031
 33
29.845626441224855
  0
3DFACE
  8
0
1001
WEBCAD
1000
E42_1778941710833
 10
42.661669146456745
 20
31.628044792507183
 30
25.387927741241082
 11
41.14008158459808
 21
35.609242439981216
 31
29.845626441224855
 12
43.37724893377094
 22
32.18500289702612
 32
29.845626441224855
 13
43.37724893377094
 23
32.18500289702612
 33
29.845626441224855
  0
3DFACE
  8
0
1001
WEBCAD
1000
E42_1778941710833
 10
49.83240306493735
 20
61.614294086983364
 30
56.5918186411275
 11
50.446550985624924
 21
60.94715160316372
 31
61.04951734111128
 12
47.67072765764624
 22
59.266088627263116
 32
56.5918186411275
 13
47.67072765764624
 23
59.266088627263116
 33
56.5918186411275
  0
3DFACE
  8
0
1001
WEBCAD
1000
E42_1778941710833
 10
39.96873031250561
 20
47.39642007569822
 30
38.761023841192404
 11
41.17618409048367
 21
43.76787240969037
 31
43.218722541176184
 12
40.2817676927703
 22
43.61862071052644
 32
38.761023841192404
 13
40.2817676927703
 23
43.61862071052644
 33
38.761023841192404
  0
3DFACE
  8
0
1001
WEBCAD
1000
E42_1778941710833
 10
39.96873031250561
 20
47.39642007569822
 30
38.761023841192404
 11
40.87551405861154
 21
47.396420075698586
 31
43.218722541176184
 12
41.17618409048367
 22
43.76787240969037
 32
43.218722541176184
 13
41.17618409048367
 23
43.76787240969037
 33
43.218722541176184
  0
3DFACE
  8
0
1001
WEBCAD
1000
E42_1778941710833
 10
44.91921969945281
 20
27.841406193860024
 30
20.930229041257306
 11
48.87935205452385
 21
25.904264457585327
 31
25.387927741241082
 12
48.38338835477617
 22
25.145135502311916
 32
20.930229041257306
 13
48.38338835477617
 23
25.145135502311916
 33
20.930229041257306
  0
3DFACE
  8
0
1001
WEBCAD
1000
E42_1778941710833
 10
44.91921969945281
 20
27.841406193860024
 30
20.930229041257306
 11
45.53336762013987
 21
28.508548677680153
 31
25.387927741241082
 12
48.87935205452385
 22
25.904264457585327
 32
25.387927741241082
 13
48.87935205452385
 23
25.904264457585327
 33
25.387927741241082
  0
3DFACE
  8
0
1001
WEBCAD
1000
E42_1778941710833
 10
61.549676038628604
 20
63.94436832714254
 30
69.96491474107884
 11
62.92087812446243
 21
63.09429791881371
 31
74.42261344106277
 12
60.46518900180928
 22
62.901030993430254
 32
74.42261344106277
 13
60.46518900180928
 23
62.901030993430254
 33
74.42261344106277
  0
3DFACE
  8
0
1001
WEBCAD
1000
E42_1778941710833
 10
61.549676038628604
 20
63.94436832714254
 30
69.96491474107884
 11
60.46518900180928
 21
62.901030993430254
 31
74.42261344106277
 12
58.844674685419136
 22
63.492983436123865
 32
69.96491474107884
 13
58.844674685419136
 23
63.492983436123865
 33
69.96491474107884
  0
3DFACE
  8
0
1001
WEBCAD
1000
E42_1778941710833
 10
46.95514787033159
 20
59.82304673178146
 30
52.13411994114373
 11
47.67072765764624
 21
59.266088627263116
 31
56.5918186411275
 12
45.12754409819354
 22
57.025690911380224
 32
52.13411994114373
 13
45.12754409819354
 23
57.025690911380224
 33
52.13411994114373
  0
3DFACE
  8
0
1001
WEBCAD
1000
E42_1778941710833
 10
39.387351295056874
 20
43.469369011362545
 30
34.30332514120863
 11
40.2817676927703
 21
43.61862071052644
 31
38.761023841192404
 12
40.35468928829448
 22
39.649437663004505
 32
34.30332514120863
 13
40.35468928829448
 23
39.649437663004505
 33
34.30332514120863
  0
3DFACE
  8
0
1001
WEBCAD
1000
E42_1778941710833
 10
47.88742465502844
 20
24.386006547038477
 30
16.472530341273533
 11
52.24410183460901
 21
23.055821849156274
 31
20.930229041257306
 12
51.87985095264895
 22
22.22541348142792
 32
16.472530341273533
 13
51.87985095264895
 23
22.22541348142792
 33
16.472530341273533
  0
3DFACE
  8
0
1001
WEBCAD
1000
E42_1778941710833
 10
47.88742465502844
 20
24.386006547038477
 30
16.472530341273533
 11
48.38338835477617
 21
25.145135502311916
 31
20.930229041257306
 12
52.24410183460901
 22
23.055821849156274
 32
20.930229041257306
 13
52.24410183460901
 23
23.055821849156274
 33
20.930229041257306
  0
3DFACE
  8
0
1001
WEBCAD
1000
E42_1778941710833
 10
47.88742465502844
 20
24.386006547038477
 30
16.472530341273533
 11
51.87985095264895
 21
22.22541348142792
 31
16.472530341273533
 12
48.82402563732069
 22
22.951069887779028
 32
12.87082582087876
 13
48.82402563732069
 23
22.951069887779028
 33
12.87082582087876
  0
3DFACE
  8
0
1001
WEBCAD
1000
E42_1778941710833
 10
47.88742465502844
 20
24.386006547038477
 30
16.472530341273533
 11
48.82402563732069
 21
22.951069887779028
 31
12.87082582087876
 12
46.047474876643605
 22
24.77818277278783
 32
12.87082582087876
 13
46.047474876643605
 23
24.77818277278783
 33
12.87082582087876
  0
3DFACE
  8
0
1001
WEBCAD
1000
E42_1778941710833
 10
58.62207243577461
 20
64.37201984074832
 30
65.50721604109505
 11
58.844674685419136
 21
63.492983436123865
 31
69.96491474107884
 12
56.25086153615746
 22
62.60252625724203
 32
69.96491474107884
 13
56.25086153615746
 23
62.60252625724203
 33
69.96491474107884
  0
3DFACE
  8
0
1001
WEBCAD
1000
E42_1778941710833
 10
58.62207243577461
 20
64.37201984074832
 30
65.50721604109505
 11
56.25086153615746
 21
62.60252625724203
 31
69.96491474107884
 12
55.88661065419666
 22
63.432934624970045
 32
65.50721604109505
 13
55.88661065419666
 23
63.432934624970045
 33
65.50721604109505
  0
3DFACE
  8
0
1001
WEBCAD
1000
E42_1778941710833
 10
44.330051595472526
 20
57.45727227138741
 30
47.67642124115996
 11
46.95514787033159
 21
59.82304673178146
 31
52.13411994114373
 12
45.12754409819354
 22
57.025690911380224
 32
52.13411994114373
 13
45.12754409819354
 23
57.025690911380224
 33
52.13411994114373
  0
3DFACE
  8
0
1001
WEBCAD
1000
E42_1778941710833
 10
44.330051595472526
 20
57.45727227138741
 30
47.67642124115996
 11
45.12754409819354
 21
57.025690911380224
 31
52.13411994114373
 12
43.7852960945321
 22
53.965673684217506
 32
52.13411994114373
 13
43.7852960945321
 23
53.965673684217506
 33
52.13411994114373
  0
3DFACE
  8
0
1001
WEBCAD
1000
E42_1778941710833
 10
44.330051595472526
 20
57.45727227138741
 30
47.67642124115996
 11
43.7852960945321
 21
53.965673684217506
 31
52.13411994114373
 12
42.927644392971104
 22
54.2601058852612
 32
47.67642124115996
 13
42.927644392971104
 23
54.2601058852612
 33
47.67642124115996
  0
3DFACE
  8
0
1001
WEBCAD
1000
E42_1778941710833
 10
39.49703758673371
 20
39.355005461960104
 30
29.845626441224855
 11
41.93757408731875
 21
36.040823799989084
 31
34.30332514120863
 12
41.14008158459808
 22
35.609242439981216
 32
29.845626441224855
 13
41.14008158459808
 23
35.609242439981216
 33
29.845626441224855
  0
3DFACE
  8
0
1001
WEBCAD
1000
E42_1778941710833
 10
39.49703758673371
 20
39.355005461960104
 30
29.845626441224855
 11
40.35468928829448
 21
39.649437663004505
 31
34.30332514120863
 12
41.93757408731875
 22
36.040823799989084
 32
34.30332514120863
 13
41.93757408731875
 23
36.040823799989084
 33
34.30332514120863
  0
3DFACE
  8
0
1001
WEBCAD
1000
E42_1778941710833
 10
55.522359772235916
 20
64.26334299269809
 30
61.04951734111128
 11
58.62207243577461
 21
64.37201984074832
 31
65.50721604109505
 12
55.88661065419666
 22
63.432934624970045
 32
65.50721604109505
 13
55.88661065419666
 23
63.432934624970045
 33
65.50721604109505
  0
3DFACE
  8
0
1001
WEBCAD
1000
E42_1778941710833
 10
55.522359772235916
 20
64.26334299269809
 30
61.04951734111128
 11
55.88661065419666
 21
63.432934624970045
 31
65.50721604109505
 12
53.343025352240886
 22
62.05641509636135
 32
65.50721604109505
 13
53.343025352240886
 23
62.05641509636135
 33
65.50721604109505
  0
3DFACE
  8
0
1001
WEBCAD
1000
E42_1778941710833
 10
55.522359772235916
 20
64.26334299269809
 30
61.04951734111128
 11
53.343025352240886
 21
62.05641509636135
 31
65.50721604109505
 12
52.847061652492584
 22
62.81554405163436
 32
61.04951734111128
 13
52.847061652492584
 23
62.81554405163436
 33
61.04951734111128
  0
3DFACE
  8
0
1001
WEBCAD
1000
E42_1778941710833
 10
42.06999269141011
 20
54.55453808630486
 30
43.218722541176184
 11
42.927644392971104
 21
54.2601058852612
 31
47.67642124115996
 12
42.0706004881942
 22
50.87571604254387
 32
47.67642124115996
 13
42.0706004881942
 23
50.87571604254387
 33
47.67642124115996
  0
3DFACE
  8
0
1001
WEBCAD
1000
E42_1778941710833
 10
42.06999269141011
 20
54.55453808630486
 30
43.218722541176184
 11
42.0706004881942
 21
50.87571604254387
 31
47.67642124115996
 12
41.17618409048072
 22
51.02496774170706
 32
43.218722541176184
 13
41.17618409048072
 23
51.02496774170706
 33
43.218722541176184
  0
3DFACE
  8
0
1001
WEBCAD
1000
E42_1778941710833
 10
40.342589081877406
 20
35.177661079973376
 30
25.387927741241082
 11
41.14008158459808
 21
35.609242439981216
 31
29.845626441224855
 12
42.661669146456745
 22
31.628044792507183
 32
25.387927741241082
 13
42.661669146456745
 23
31.628044792507183
 33
25.387927741241082
  0
3DFACE
  8
0
1001
WEBCAD
1000
E42_1778941710833
 10
52.351097952744226
 20
63.574673006907375
 30
56.5918186411275
 11
52.847061652492584
 21
62.81554405163436
 31
61.04951734111128
 12
50.446550985624924
 22
60.94715160316372
 32
61.04951734111128
 13
50.446550985624924
 23
60.94715160316372
 33
61.04951734111128
  0
3DFACE
  8
0
1001
WEBCAD
1000
E42_1778941710833
 10
52.351097952744226
 20
63.574673006907375
 30
56.5918186411275
 11
50.446550985624924
 21
60.94715160316372
 31
61.04951734111128
 12
49.83240306493735
 22
61.614294086983364
 32
56.5918186411275
 13
49.83240306493735
 23
61.614294086983364
 33
56.5918186411275
  0
3DFACE
  8
0
1001
WEBCAD
1000
E42_1778941710833
 10
40.281767692767176
 20
51.17421944087022
 30
38.761023841192404
 11
40.87551405861154
 21
47.396420075698586
 31
43.218722541176184
 12
39.96873031250561
 22
47.39642007569822
 32
38.761023841192404
 13
39.96873031250561
 23
47.39642007569822
 33
38.761023841192404
  0
3DFACE
  8
0
1001
WEBCAD
1000
E42_1778941710833
 10
40.281767692767176
 20
51.17421944087022
 30
38.761023841192404
 11
41.17618409048072
 21
51.02496774170706
 31
43.218722541176184
 12
40.87551405861154
 22
47.396420075698586
 32
43.218722541176184
 13
40.87551405861154
 23
47.396420075698586
 33
43.218722541176184
  0
3DFACE
  8
0
1001
WEBCAD
1000
E42_1778941710833
 10
41.946089359142604
 20
31.07108668798827
 30
20.930229041257306
 11
45.53336762013987
 21
28.508548677680153
 31
25.387927741241082
 12
44.91921969945281
 22
27.841406193860024
 32
20.930229041257306
 13
44.91921969945281
 23
27.841406193860024
 33
20.930229041257306
  0
3DFACE
  8
0
1001
WEBCAD
1000
E42_1778941710833
 10
41.946089359142604
 20
31.07108668798827
 30
20.930229041257306
 11
42.661669146456745
 21
31.628044792507183
 31
25.387927741241082
 12
45.53336762013987
 22
28.508548677680153
 32
25.387927741241082
 13
45.53336762013987
 23
28.508548677680153
 33
25.387927741241082
  0
3DFACE
  8
0
1001
WEBCAD
1000
E42_1778941710833
 10
64.2920802102825
 20
63.94436832714368
 30
69.96491474107884
 11
65.37656724711559
 21
62.901030993430254
 31
74.42261344106277
 12
62.92087812446243
 22
63.09429791881371
 32
74.42261344106277
 13
62.92087812446243
 23
63.09429791881371
 33
74.42261344106277
  0
3DFACE
  8
0
1001
WEBCAD
1000
E42_1778941710833
 10
64.2920802102825
 20
63.94436832714368
 30
69.96491474107884
 11
62.92087812446243
 21
63.09429791881371
 31
74.42261344106277
 12
61.549676038628604
 22
63.94436832714254
 32
69.96491474107884
 13
61.549676038628604
 23
63.94436832714254
 33
69.96491474107884
  0
3DFACE
  8
0
1001
WEBCAD
1000
E42_1778941710833
 10
49.21825514424978
 20
62.28143657080301
 30
52.13411994114373
 11
52.351097952744226
 21
63.574673006907375
 31
56.5918186411275
 12
49.83240306493735
 22
61.614294086983364
 32
56.5918186411275
 13
49.83240306493735
 23
61.614294086983364
 33
56.5918186411275
  0
3DFACE
  8
0
1001
WEBCAD
1000
E42_1778941710833
 10
49.21825514424978
 20
62.28143657080301
 30
52.13411994114373
 11
49.83240306493735
 21
61.614294086983364
 31
56.5918186411275
 12
47.67072765764624
 22
59.266088627263116
 32
56.5918186411275
 13
47.67072765764624
 23
59.266088627263116
 33
56.5918186411275
  0
3DFACE
  8
0
1001
WEBCAD
1000
E42_1778941710833
 10
49.21825514424978
 20
62.28143657080301
 30
52.13411994114373
 11
47.67072765764624
 21
59.266088627263116
 31
56.5918186411275
 12
46.95514787033159
 22
59.82304673178146
 32
52.13411994114373
 13
46.95514787033159
 23
59.82304673178146
 33
52.13411994114373
  0
3DFACE
  8
0
1001
WEBCAD
1000
E42_1778941710833
 10
39.06194656639963
 20
47.39642007569782
 30
34.30332514120863
 11
40.2817676927703
 21
43.61862071052644
 31
38.761023841192404
 12
39.387351295056874
 22
43.469369011362545
 32
34.30332514120863
 13
39.387351295056874
 23
43.469369011362545
 33
34.30332514120863
  0
3DFACE
  8
0
1001
WEBCAD
1000
E42_1778941710833
 10
39.06194656639963
 20
47.39642007569782
 30
34.30332514120863
 11
40.281767692767176
 21
51.17421944087022
 31
38.761023841192404
 12
39.96873031250561
 22
47.39642007569822
 32
38.761023841192404
 13
39.96873031250561
 23
47.39642007569822
 33
38.761023841192404
  0
3DFACE
  8
0
1001
WEBCAD
1000
E42_1778941710833
 10
39.06194656639963
 20
47.39642007569782
 30
34.30332514120863
 11
39.96873031250561
 21
47.39642007569822
 31
38.761023841192404
 12
40.2817676927703
 22
43.61862071052644
 32
38.761023841192404
 13
40.2817676927703
 23
43.61862071052644
 33
38.761023841192404
  0
3DFACE
  8
0
1001
WEBCAD
1000
E42_1778941710833
 10
44.30507177876581
 20
27.174263710039867
 30
16.472530341273533
 11
48.38338835477617
 21
25.145135502311916
 31
20.930229041257306
 12
47.88742465502844
 22
24.386006547038477
 32
16.472530341273533
 13
47.88742465502844
 23
24.386006547038477
 33
16.472530341273533
  0
3DFACE
  8
0
1001
WEBCAD
1000
E42_1778941710833
 10
44.30507177876581
 20
27.174263710039867
 30
16.472530341273533
 11
47.88742465502844
 21
24.386006547038477
 31
16.472530341273533
 12
46.047474876643605
 22
24.77818277278783
 32
12.87082582087876
 13
46.047474876643605
 23
24.77818277278783
 33
12.87082582087876
  0
3DFACE
  8
0
1001
WEBCAD
1000
E42_1778941710833
 10
44.30507177876581
 20
27.174263710039867
 30
16.472530341273533
 11
41.946089359142604
 21
31.07108668798827
 31
20.930229041257306
 12
44.91921969945281
 22
27.841406193860024
 32
20.930229041257306
 13
44.91921969945281
 23
27.841406193860024
 33
20.930229041257306
  0
3DFACE
  8
0
1001
WEBCAD
1000
E42_1778941710833
 10
44.30507177876581
 20
27.174263710039867
 30
16.472530341273533
 11
43.505020614879925
 21
26.919094248776872
 31
12.87082582087876
 12
41.23193609433804
 22
29.34410195673462
 32
12.87082582087876
 13
41.23193609433804
 23
29.34410195673462
 33
12.87082582087876
  0
3DFACE
  8
0
1001
WEBCAD
1000
E42_1778941710833
 10
44.30507177876581
 20
27.174263710039867
 30
16.472530341273533
 11
44.91921969945281
 21
27.841406193860024
 31
20.930229041257306
 12
48.38338835477617
 22
25.145135502311916
 32
20.930229041257306
 13
48.38338835477617
 23
25.145135502311916
 33
20.930229041257306
  0
3DFACE
  8
0
1001
WEBCAD
1000
E42_1778941710833
 10
44.30507177876581
 20
27.174263710039867
 30
16.472530341273533
 11
46.047474876643605
 21
24.77818277278783
 31
12.87082582087876
 12
43.505020614879925
 22
26.919094248776872
 32
12.87082582087876
 13
43.505020614879925
 23
26.919094248776872
 33
12.87082582087876
  0
3DFACE
  8
0
1001
WEBCAD
1000
E42_1778941710833
 10
61.47479443038986
 20
64.84805494702218
 30
65.50721604109505
 11
61.549676038628604
 21
63.94436832714254
 31
69.96491474107884
 12
58.844674685419136
 22
63.492983436123865
 32
69.96491474107884
 13
58.844674685419136
 23
63.492983436123865
 33
69.96491474107884
  0
3DFACE
  8
0
1001
WEBCAD
1000
E42_1778941710833
 10
61.47479443038986
 20
64.84805494702218
 30
65.50721604109505
 11
58.844674685419136
 21
63.492983436123865
 31
69.96491474107884
 12
58.62207243577461
 22
64.37201984074832
 32
65.50721604109505
 13
58.62207243577461
 23
64.37201984074832
 33
65.50721604109505
  0
3DFACE
  8
0
1001
WEBCAD
1000
E42_1778941710833
 10
46.239568083016934
 20
60.380004836299776
 30
47.67642124115996
 11
46.95514787033159
 21
59.82304673178146
 31
52.13411994114373
 12
44.330051595472526
 22
57.45727227138741
 32
47.67642124115996
 13
44.330051595472526
 23
57.45727227138741
 33
47.67642124115996
  0
3DFACE
  8
0
1001
WEBCAD
1000
E42_1778941710833
 10
38.4929348973435
 20
43.32011731219865
 30
29.845626441224855
 11
39.387351295056874
 21
43.469369011362545
 31
34.30332514120863
 12
40.35468928829448
 22
39.649437663004505
 32
34.30332514120863
 13
40.35468928829448
 23
39.649437663004505
 33
34.30332514120863
  0
3DFACE
  8
0
1001
WEBCAD
1000
E42_1778941710833
 10
38.4929348973435
 20
43.32011731219865
 30
29.845626441224855
 11
40.35468928829448
 21
39.649437663004505
 31
34.30332514120863
 12
39.49703758673371
 22
39.355005461960104
 32
29.845626441224855
 13
39.49703758673371
 23
39.355005461960104
 33
29.845626441224855
  0
3DFACE
  8
0
1001
WEBCAD
1000
E42_1778941710833
 10
58.39947018613003
 20
65.25105624537281
 30
61.04951734111128
 11
58.62207243577461
 21
64.37201984074832
 31
65.50721604109505
 12
55.522359772235916
 22
64.26334299269809
 32
61.04951734111128
 13
55.522359772235916
 23
64.26334299269809
 33
61.04951734111128
  0
3DFACE
  8
0
1001
WEBCAD
1000
E42_1778941710833
 10
43.532559092751455
 20
57.888853631394596
 30
43.218722541176184
 11
42.927644392971104
 21
54.2601058852612
 31
47.67642124115996
 12
42.06999269141011
 22
54.55453808630486
 32
43.218722541176184
 13
42.06999269141011
 23
54.55453808630486
 33
43.218722541176184
  0
3DFACE
  8
0
1001
WEBCAD
1000
E42_1778941710833
 10
43.532559092751455
 20
57.888853631394596
 30
43.218722541176184
 11
44.330051595472526
 21
57.45727227138741
 31
47.67642124115996
 12
42.927644392971104
 22
54.2601058852612
 32
47.67642124115996
 13
42.927644392971104
 23
54.2601058852612
 33
47.67642124115996
  0
3DFACE
  8
0
1001
WEBCAD
1000
E42_1778941710833
 10
43.532559092751455
 20
57.888853631394596
 30
43.218722541176184
 11
46.239568083016934
 21
60.380004836299776
 31
47.67642124115996
 12
44.330051595472526
 22
57.45727227138741
 32
47.67642124115996
 13
44.330051595472526
 23
57.45727227138741
 33
47.67642124115996
  0
3DFACE
  8
0
1001
WEBCAD
1000
E42_1778941710833
 10
38.63938588517294
 20
39.06057326091573
 30
25.387927741241082
 11
39.49703758673371
 21
39.355005461960104
 31
29.845626441224855
 12
41.14008158459808
 22
35.609242439981216
 32
29.845626441224855
 13
41.14008158459808
 23
35.609242439981216
 33
29.845626441224855
  0
3DFACE
  8
0
1001
WEBCAD
1000
E42_1778941710833
 10
38.63938588517294
 20
39.06057326091573
 30
25.387927741241082
 11
41.14008158459808
 21
35.609242439981216
 31
29.845626441224855
 12
40.342589081877406
 22
35.177661079973376
 32
25.387927741241082
 13
40.342589081877406
 23
35.177661079973376
 33
25.387927741241082
  0
3DFACE
  8
0
1001
WEBCAD
1000
E42_1778941710833
 10
55.158108890275116
 20
65.09375136042613
 30
56.5918186411275
 11
52.847061652492584
 21
62.81554405163436
 31
61.04951734111128
 12
52.351097952744226
 22
63.574673006907375
 32
56.5918186411275
 13
52.351097952744226
 23
63.574673006907375
 33
56.5918186411275
  0
3DFACE
  8
0
1001
WEBCAD
1000
E42_1778941710833
 10
55.158108890275116
 20
65.09375136042613
 30
56.5918186411275
 11
55.522359772235916
 21
64.26334299269809
 31
61.04951734111128
 12
52.847061652492584
 22
62.81554405163436
 32
61.04951734111128
 13
52.847061652492584
 23
62.81554405163436
 33
61.04951734111128
  0
3DFACE
  8
0
1001
WEBCAD
1000
E42_1778941710833
 10
41.212340989849054
 20
54.84897028734855
 30
38.761023841192404
 11
42.06999269141011
 21
54.55453808630486
 31
43.218722541176184
 12
41.17618409048072
 22
51.02496774170706
 32
43.218722541176184
 13
41.17618409048072
 23
51.02496774170706
 33
43.218722541176184
  0
3DFACE
  8
0
1001
WEBCAD
1000
E42_1778941710833
 10
41.212340989849054
 20
54.84897028734855
 30
38.761023841192404
 11
41.17618409048072
 21
51.02496774170706
 31
43.218722541176184
 12
40.281767692767176
 22
51.17421944087022
 32
38.761023841192404
 13
40.281767692767176
 23
51.17421944087022
 33
38.761023841192404
  0
3DFACE
  8
0
1001
WEBCAD
1000
E42_1778941710833
 10
39.54509657915668
 20
34.746079719965536
 30
20.930229041257306
 11
42.661669146456745
 21
31.628044792507183
 31
25.387927741241082
 12
41.946089359142604
 22
31.07108668798827
 32
20.930229041257306
 13
41.946089359142604
 23
31.07108668798827
 33
20.930229041257306
  0
3DFACE
  8
0
1001
WEBCAD
1000
E42_1778941710833
 10
39.54509657915668
 20
34.746079719965536
 30
20.930229041257306
 11
40.342589081877406
 21
35.177661079973376
 31
25.387927741241082
 12
42.661669146456745
 22
31.628044792507183
 32
25.387927741241082
 13
42.661669146456745
 23
31.628044792507183
 33
25.387927741241082
  0
3DFACE
  8
0
1001
WEBCAD
1000
E42_1778941710833
 10
66.99708156349237
 20
63.49298343612725
 30
69.96491474107884
 11
67.77178915360412
 21
62.32598909039899
 31
74.42261344106277
 12
65.37656724711559
 22
62.901030993430254
 32
74.42261344106277
 13
65.37656724711559
 23
62.901030993430254
 33
74.42261344106277
  0
3DFACE
  8
0
1001
WEBCAD
1000
E42_1778941710833
 10
66.99708156349237
 20
63.49298343612725
 30
69.96491474107884
 11
65.37656724711559
 21
62.901030993430254
 31
74.42261344106277
 12
64.2920802102825
 22
63.94436832714368
 32
69.96491474107884
 13
64.2920802102825
 23
63.94436832714368
 33
69.96491474107884
  0
3DFACE
  8
0
1001
WEBCAD
1000
E42_1778941710833
 10
51.855134252995924
 20
64.33380196218039
 30
52.13411994114373
 11
52.351097952744226
 21
63.574673006907375
 31
56.5918186411275
 12
49.21825514424978
 22
62.28143657080301
 32
52.13411994114373
 13
49.21825514424978
 23
62.28143657080301
 33
52.13411994114373
  0
3DFACE
  8
0
1001
WEBCAD
1000
E42_1778941710833
 10
39.387351295053634
 20
51.32347114003338
 30
34.30332514120863
 11
40.281767692767176
 21
51.17421944087022
 31
38.761023841192404
 12
39.06194656639963
 22
47.39642007569782
 32
34.30332514120863
 13
39.06194656639963
 23
47.39642007569782
 33
34.30332514120863
  0
3DFACE
  8
0
1001
WEBCAD
1000
E42_1778941710833
 10
41.23050957182841
 20
30.51412858346933
 30
16.472530341273533
 11
41.946089359142604
 21
31.07108668798827
 31
20.930229041257306
 12
44.30507177876581
 22
27.174263710039867
 32
16.472530341273533
 13
44.30507177876581
 23
27.174263710039867
 33
16.472530341273533
  0
3DFACE
  8
0
1001
WEBCAD
1000
E42_1778941710833
 10
41.23050957182841
 20
30.51412858346933
 30
16.472530341273533
 11
44.30507177876581
 21
27.174263710039867
 31
16.472530341273533
 12
41.23193609433804
 22
29.34410195673462
 32
12.87082582087876
 13
41.23193609433804
 23
29.34410195673462
 33
12.87082582087876
  0
3DFACE
  8
0
1001
WEBCAD
1000
E42_1778941710833
 10
41.23050957182841
 20
30.51412858346933
 30
16.472530341273533
 11
41.23193609433804
 21
29.34410195673462
 31
12.87082582087876
 12
39.259757402917785
 22
32.019562072357644
 32
12.87082582087876
 13
39.259757402917785
 23
32.019562072357644
 33
12.87082582087876
  0
3DFACE
  8
0
1001
WEBCAD
1000
E42_1778941710833
 10
64.36696181852051
 20
64.84805494702337
 30
65.50721604109505
 11
66.99708156349237
 21
63.49298343612725
 31
69.96491474107884
 12
64.2920802102825
 22
63.94436832714368
 32
69.96491474107884
 13
64.2920802102825
 23
63.94436832714368
 33
69.96491474107884
  0
3DFACE
  8
0
1001
WEBCAD
1000
E42_1778941710833
 10
64.36696181852051
 20
64.84805494702337
 30
65.50721604109505
 11
64.2920802102825
 21
63.94436832714368
 31
69.96491474107884
 12
61.549676038628604
 22
63.94436832714254
 32
69.96491474107884
 13
61.549676038628604
 23
63.94436832714254
 33
69.96491474107884
  0
3DFACE
  8
0
1001
WEBCAD
1000
E42_1778941710833
 10
64.36696181852051
 20
64.84805494702337
 30
65.50721604109505
 11
61.549676038628604
 21
63.94436832714254
 31
69.96491474107884
 12
61.47479443038986
 22
64.84805494702218
 32
65.50721604109505
 13
61.47479443038986
 23
64.84805494702218
 33
65.50721604109505
  0
3DFACE
  8
0
1001
WEBCAD
1000
E42_1778941710833
 10
48.60410722356215
 20
62.948579054622655
 30
47.67642124115996
 11
49.21825514424978
 21
62.28143657080301
 31
52.13411994114373
 12
46.95514787033159
 22
59.82304673178146
 32
52.13411994114373
 13
46.95514787033159
 23
59.82304673178146
 33
52.13411994114373
  0
3DFACE
  8
0
1001
WEBCAD
1000
E42_1778941710833
 10
48.60410722356215
 20
62.948579054622655
 30
47.67642124115996
 11
46.95514787033159
 21
59.82304673178146
 31
52.13411994114373
 12
46.239568083016934
 22
60.380004836299776
 32
47.67642124115996
 13
46.239568083016934
 23
60.380004836299776
 33
47.67642124115996
  0
3DFACE
  8
0
1001
WEBCAD
1000
E42_1778941710833
 10
38.1551628202937
 20
47.39642007569745
 30
29.845626441224855
 11
39.387351295056874
 21
43.469369011362545
 31
34.30332514120863
 12
38.4929348973435
 22
43.32011731219865
 32
29.845626441224855
 13
38.4929348973435
 23
43.32011731219865
 33
29.845626441224855
  0
3DFACE
  8
0
1001
WEBCAD
1000
E42_1778941710833
 10
38.1551628202937
 20
47.39642007569745
 30
29.845626441224855
 11
39.06194656639963
 21
47.39642007569782
 31
34.30332514120863
 12
39.387351295056874
 22
43.469369011362545
 32
34.30332514120863
 13
39.387351295056874
 23
43.469369011362545
 33
34.30332514120863
  0
3DFACE
  8
0
1001
WEBCAD
1000
E42_1778941710833
 10
38.1551628202937
 20
47.39642007569745
 30
29.845626441224855
 11
39.387351295053634
 21
51.32347114003338
 31
34.30332514120863
 12
39.06194656639963
 22
47.39642007569782
 32
34.30332514120863
 13
39.06194656639963
 23
47.39642007569782
 33
34.30332514120863
  0
3DFACE
  8
0
1001
WEBCAD
1000
E42_1778941710833
 10
61.399912822151066
 20
65.75174156690184
 30
61.04951734111128
 11
61.47479443038986
 21
64.84805494702218
 31
65.50721604109505
 12
58.62207243577461
 22
64.37201984074832
 32
65.50721604109505
 13
58.62207243577461
 23
64.37201984074832
 33
65.50721604109505
  0
3DFACE
  8
0
1001
WEBCAD
1000
E42_1778941710833
 10
61.399912822151066
 20
65.75174156690184
 30
61.04951734111128
 11
64.36696181852051
 21
64.84805494702337
 31
65.50721604109505
 12
61.47479443038986
 22
64.84805494702218
 32
65.50721604109505
 13
61.47479443038986
 23
64.84805494702218
 33
65.50721604109505
  0
3DFACE
  8
0
1001
WEBCAD
1000
E42_1778941710833
 10
61.399912822151066
 20
65.75174156690184
 30
61.04951734111128
 11
58.62207243577461
 21
64.37201984074832
 31
65.50721604109505
 12
58.39947018613003
 22
65.25105624537281
 32
61.04951734111128
 13
58.39947018613003
 23
65.25105624537281
 33
61.04951734111128
  0
3DFACE
  8
0
1001
WEBCAD
1000
E42_1778941710833
 10
45.52398829570228
 20
60.93696294081812
 30
43.218722541176184
 11
46.239568083016934
 21
60.380004836299776
 31
47.67642124115996
 12
43.532559092751455
 22
57.888853631394596
 32
43.218722541176184
 13
43.532559092751455
 23
57.888853631394596
 33
43.218722541176184
  0
3DFACE
  8
0
1001
WEBCAD
1000
E42_1778941710833
 10
37.598518499630075
 20
43.17086561303472
 30
25.387927741241082
 11
38.4929348973435
 21
43.32011731219865
 31
29.845626441224855
 12
39.49703758673371
 22
39.355005461960104
 32
29.845626441224855
 13
39.49703758673371
 23
39.355005461960104
 33
29.845626441224855
  0
3DFACE
  8
0
1001
WEBCAD
1000
E42_1778941710833
 10
37.598518499630075
 20
43.17086561303472
 30
25.387927741241082
 11
39.49703758673371
 21
39.355005461960104
 31
29.845626441224855
 12
38.63938588517294
 22
39.06057326091573
 32
25.387927741241082
 13
38.63938588517294
 23
39.06057326091573
 33
25.387927741241082
  0
3DFACE
  8
0
1001
WEBCAD
1000
E42_1778941710833
 10
58.17686793648551
 20
66.13009264999727
 30
56.5918186411275
 11
55.522359772235916
 21
64.26334299269809
 31
61.04951734111128
 12
55.158108890275116
 22
65.09375136042613
 32
56.5918186411275
 13
55.158108890275116
 23
65.09375136042613
 33
56.5918186411275
  0
3DFACE
  8
0
1001
WEBCAD
1000
E42_1778941710833
 10
58.17686793648551
 20
66.13009264999727
 30
56.5918186411275
 11
58.39947018613003
 21
65.25105624537281
 31
61.04951734111128
 12
55.522359772235916
 22
64.26334299269809
 32
61.04951734111128
 13
55.522359772235916
 23
64.26334299269809
 33
61.04951734111128
  0
3DFACE
  8
0
1001
WEBCAD
1000
E42_1778941710833
 10
42.735066590030385
 20
58.32043499140178
 30
38.761023841192404
 11
43.532559092751455
 21
57.888853631394596
 31
43.218722541176184
 12
42.06999269141011
 22
54.55453808630486
 32
43.218722541176184
 13
42.06999269141011
 23
54.55453808630486
 33
43.218722541176184
  0
3DFACE
  8
0
1001
WEBCAD
1000
E42_1778941710833
 10
42.735066590030385
 20
58.32043499140178
 30
38.761023841192404
 11
42.06999269141011
 21
54.55453808630486
 31
43.218722541176184
 12
41.212340989849054
 22
54.84897028734855
 32
38.761023841192404
 13
41.212340989849054
 23
54.84897028734855
 33
38.761023841192404
  0
3DFACE
  8
0
1001
WEBCAD
1000
E42_1778941710833
 10
37.78173418361217
 20
38.76614105987133
 30
20.930229041257306
 11
38.63938588517294
 21
39.06057326091573
 31
25.387927741241082
 12
40.342589081877406
 22
35.177661079973376
 32
25.387927741241082
 13
40.342589081877406
 23
35.177661079973376
 33
25.387927741241082
  0
3DFACE
  8
0
1001
WEBCAD
1000
E42_1778941710833
 10
37.78173418361217
 20
38.76614105987133
 30
20.930229041257306
 11
40.342589081877406
 21
35.177661079973376
 31
25.387927741241082
 12
39.54509657915668
 22
34.746079719965536
 32
20.930229041257306
 13
39.54509657915668
 23
34.746079719965536
 33
20.930229041257306
  0
3DFACE
  8
0
1001
WEBCAD
1000
E42_1778941710833
 10
69.59089471275479
 20
62.602526257247575
 30
69.96491474107884
 11
67.77178915360412
 21
62.32598909039899
 31
74.42261344106277
 12
66.99708156349237
 22
63.49298343612725
 32
69.96491474107884
 13
66.99708156349237
 23
63.49298343612725
 33
69.96491474107884
  0
3DFACE
  8
0
1001
WEBCAD
1000
E42_1778941710833
 10
69.59089471275479
 20
62.602526257247575
 30
69.96491474107884
 11
70.04756553130449
 21
61.38333164982717
 31
74.42261344106277
 12
67.77178915360412
 22
62.32598909039899
 32
74.42261344106277
 13
67.77178915360412
 23
62.32598909039899
 33
74.42261344106277
  0
3DFACE
  8
0
1001
WEBCAD
1000
E42_1778941710833
 10
54.79385800831432
 20
65.92415972815414
 30
52.13411994114373
 11
52.351097952744226
 21
63.574673006907375
 31
56.5918186411275
 12
51.855134252995924
 22
64.33380196218039
 32
52.13411994114373
 13
51.855134252995924
 23
64.33380196218039
 33
52.13411994114373
  0
3DFACE
  8
0
1001
WEBCAD
1000
E42_1778941710833
 10
54.79385800831432
 20
65.92415972815414
 30
52.13411994114373
 11
58.17686793648551
 21
66.13009264999727
 31
56.5918186411275
 12
55.158108890275116
 22
65.09375136042613
 32
56.5918186411275
 13
55.158108890275116
 23
65.09375136042613
 33
56.5918186411275
  0
3DFACE
  8
0
1001
WEBCAD
1000
E42_1778941710833
 10
54.79385800831432
 20
65.92415972815414
 30
52.13411994114373
 11
55.158108890275116
 21
65.09375136042613
 31
56.5918186411275
 12
52.351097952744226
 22
63.574673006907375
 32
56.5918186411275
 13
52.351097952744226
 23
63.574673006907375
 33
56.5918186411275
  0
3DFACE
  8
0
1001
WEBCAD
1000
E42_1778941710833
 10
40.35468928828806
 20
55.14340248839224
 30
34.30332514120863
 11
41.212340989849054
 21
54.84897028734855
 31
38.761023841192404
 12
40.281767692767176
 22
51.17421944087022
 32
38.761023841192404
 13
40.281767692767176
 23
51.17421944087022
 33
38.761023841192404
  0
3DFACE
  8
0
1001
WEBCAD
1000
E42_1778941710833
 10
40.35468928828806
 20
55.14340248839224
 30
34.30332514120863
 11
40.281767692767176
 21
51.17421944087022
 31
38.761023841192404
 12
39.387351295053634
 22
51.32347114003338
 32
34.30332514120863
 13
39.387351295053634
 23
51.32347114003338
 33
34.30332514120863
  0
3DFACE
  8
0
1001
WEBCAD
1000
E42_1778941710833
 10
38.747604076436005
 20
34.314498359957696
 30
16.472530341273533
 11
41.946089359142604
 21
31.07108668798827
 31
20.930229041257306
 12
41.23050957182841
 22
30.51412858346933
 32
16.472530341273533
 13
41.23050957182841
 23
30.51412858346933
 33
16.472530341273533
  0
3DFACE
  8
0
1001
WEBCAD
1000
E42_1778941710833
 10
38.747604076436005
 20
34.314498359957696
 30
16.472530341273533
 11
39.54509657915668
 21
34.746079719965536
 31
20.930229041257306
 12
41.946089359142604
 22
31.07108668798827
 32
20.930229041257306
 13
41.946089359142604
 23
31.07108668798827
 33
20.930229041257306
  0
3DFACE
  8
0
1001
WEBCAD
1000
E42_1778941710833
 10
38.747604076436005
 20
34.314498359957696
 30
16.472530341273533
 11
39.259757402917785
 21
32.019562072357644
 31
12.87082582087876
 12
37.61584595195467
 22
34.908356070304535
 32
12.87082582087876
 13
37.61584595195467
 23
34.908356070304535
 33
12.87082582087876
  0
3DFACE
  8
0
1001
WEBCAD
1000
E42_1778941710833
 10
38.747604076436005
 20
34.314498359957696
 30
16.472530341273533
 11
41.23050957182841
 21
30.51412858346933
 31
16.472530341273533
 12
39.259757402917785
 22
32.019562072357644
 32
12.87082582087876
 13
39.259757402917785
 23
32.019562072357644
 33
12.87082582087876
  0
3DFACE
  8
0
1001
WEBCAD
1000
E42_1778941710833
 10
67.21968381313616
 20
64.3720198407519
 30
65.50721604109505
 11
66.99708156349237
 21
63.49298343612725
 31
69.96491474107884
 12
64.36696181852051
 22
64.84805494702337
 32
65.50721604109505
 13
64.36696181852051
 23
64.84805494702337
 33
65.50721604109505
  0
3DFACE
  8
0
1001
WEBCAD
1000
E42_1778941710833
 10
51.35917055324762
 20
65.0929309174534
 30
47.67642124115996
 11
49.21825514424978
 21
62.28143657080301
 31
52.13411994114373
 12
48.60410722356215
 22
62.948579054622655
 32
47.67642124115996
 13
48.60410722356215
 23
62.948579054622655
 33
47.67642124115996
  0
3DFACE
  8
0
1001
WEBCAD
1000
E42_1778941710833
 10
51.35917055324762
 20
65.0929309174534
 30
47.67642124115996
 11
51.855134252995924
 21
64.33380196218039
 31
52.13411994114373
 12
49.21825514424978
 22
62.28143657080301
 32
52.13411994114373
 13
49.21825514424978
 23
62.28143657080301
 33
52.13411994114373
  0
3DFACE
  8
0
1001
WEBCAD
1000
E42_1778941710833
 10
38.49293489734009
 20
51.472722839196564
 30
29.845626441224855
 11
39.387351295053634
 21
51.32347114003338
 31
34.30332514120863
 12
38.1551628202937
 22
47.39642007569745
 32
29.845626441224855
 13
38.1551628202937
 23
47.39642007569745
 33
29.845626441224855
  0
3DFACE
  8
0
1001
WEBCAD
1000
E42_1778941710833
 10
64.44184342675851
 20
65.75174156690309
 30
61.04951734111128
 11
64.36696181852051
 21
64.84805494702337
 31
65.50721604109505
 12
61.399912822151066
 22
65.75174156690184
 32
61.04951734111128
 13
61.399912822151066
 23
65.75174156690184
 33
61.04951734111128
  0
3DFACE
  8
0
1001
WEBCAD
1000
E42_1778941710833
 10
47.98995930287458
 20
63.61572153844227
 30
43.218722541176184
 11
46.239568083016934
 21
60.380004836299776
 31
47.67642124115996
 12
45.52398829570228
 22
60.93696294081812
 32
43.218722541176184
 13
45.52398829570228
 23
60.93696294081812
 33
43.218722541176184
  0
3DFACE
  8
0
1001
WEBCAD
1000
E42_1778941710833
 10
47.98995930287458
 20
63.61572153844227
 30
43.218722541176184
 11
48.60410722356215
 21
62.948579054622655
 31
47.67642124115996
 12
46.239568083016934
 22
60.380004836299776
 32
47.67642124115996
 13
46.239568083016934
 23
60.380004836299776
 33
47.67642124115996
  0
3DFACE
  8
0
1001
WEBCAD
1000
E42_1778941710833
 10
37.24837907418777
 20
47.39642007569708
 30
25.387927741241082
 11
38.49293489734009
 21
51.472722839196564
 31
29.845626441224855
 12
38.1551628202937
 22
47.39642007569745
 32
29.845626441224855
 13
38.1551628202937
 23
47.39642007569745
 33
29.845626441224855
  0
3DFACE
  8
0
1001
WEBCAD
1000
E42_1778941710833
 10
37.24837907418777
 20
47.39642007569708
 30
25.387927741241082
 11
38.4929348973435
 21
43.32011731219865
 31
29.845626441224855
 12
37.598518499630075
 22
43.17086561303472
 32
25.387927741241082
 13
37.598518499630075
 23
43.17086561303472
 33
25.387927741241082
  0
3DFACE
  8
0
1001
WEBCAD
1000
E42_1778941710833
 10
37.24837907418777
 20
47.39642007569708
 30
25.387927741241082
 11
38.1551628202937
 21
47.39642007569745
 31
29.845626441224855
 12
38.4929348973435
 22
43.32011731219865
 32
29.845626441224855
 13
38.4929348973435
 23
43.32011731219865
 33
29.845626441224855
  0
3DFACE
  8
0
1001
WEBCAD
1000
E42_1778941710833
 10
61.325031213912325
 20
66.65542818678148
 30
56.5918186411275
 11
58.39947018613003
 21
65.25105624537281
 31
61.04951734111128
 12
58.17686793648551
 22
66.13009264999727
 32
56.5918186411275
 13
58.17686793648551
 23
66.13009264999727
 33
56.5918186411275
  0
3DFACE
  8
0
1001
WEBCAD
1000
E42_1778941710833
 10
61.325031213912325
 20
66.65542818678148
 30
56.5918186411275
 11
64.44184342675851
 21
65.75174156690309
 31
61.04951734111128
 12
61.399912822151066
 22
65.75174156690184
 32
61.04951734111128
 13
61.399912822151066
 23
65.75174156690184
 33
61.04951734111128
  0
3DFACE
  8
0
1001
WEBCAD
1000
E42_1778941710833
 10
61.325031213912325
 20
66.65542818678148
 30
56.5918186411275
 11
61.399912822151066
 21
65.75174156690184
 31
61.04951734111128
 12
58.39947018613003
 22
65.25105624537281
 32
61.04951734111128
 13
58.39947018613003
 23
65.25105624537281
 33
61.04951734111128
  0
3DFACE
  8
0
1001
WEBCAD
1000
E42_1778941710833
 10
44.80840850838763
 20
61.493921045336464
 30
38.761023841192404
 11
43.532559092751455
 21
57.888853631394596
 31
43.218722541176184
 12
42.735066590030385
 22
58.32043499140178
 32
38.761023841192404
 13
42.735066590030385
 23
58.32043499140178
 33
38.761023841192404
  0
3DFACE
  8
0
1001
WEBCAD
1000
E42_1778941710833
 10
44.80840850838763
 20
61.493921045336464
 30
38.761023841192404
 11
45.52398829570228
 21
60.93696294081812
 31
43.218722541176184
 12
43.532559092751455
 22
57.888853631394596
 32
43.218722541176184
 13
43.532559092751455
 23
57.888853631394596
 33
43.218722541176184
  0
3DFACE
  8
0
1001
WEBCAD
1000
E42_1778941710833
 10
36.7041021019167
 20
43.02161391387082
 30
20.930229041257306
 11
37.24837907418777
 21
47.39642007569708
 31
25.387927741241082
 12
37.598518499630075
 22
43.17086561303472
 32
25.387927741241082
 13
37.598518499630075
 23
43.17086561303472
 33
25.387927741241082
  0
3DFACE
  8
0
1001
WEBCAD
1000
E42_1778941710833
 10
36.7041021019167
 20
43.02161391387082
 30
20.930229041257306
 11
37.598518499630075
 21
43.17086561303472
 31
25.387927741241082
 12
38.63938588517294
 22
39.06057326091573
 32
25.387927741241082
 13
38.63938588517294
 23
39.06057326091573
 33
25.387927741241082
  0
3DFACE
  8
0
1001
WEBCAD
1000
E42_1778941710833
 10
36.7041021019167
 20
43.02161391387082
 30
20.930229041257306
 11
38.63938588517294
 21
39.06057326091573
 31
25.387927741241082
 12
37.78173418361217
 22
38.76614105987133
 32
20.930229041257306
 13
37.78173418361217
 23
38.76614105987133
 33
20.930229041257306
  0
3DFACE
  8
0
1001
WEBCAD
1000
E42_1778941710833
 10
72.00276719692414
 20
61.297286141095896
 30
69.96491474107884
 11
72.14785921292889
 21
60.09627002640241
 31
74.42261344106277
 12
70.04756553130449
 22
61.38333164982717
 32
74.42261344106277
 13
70.04756553130449
 23
61.38333164982717
 33
74.42261344106277
  0
3DFACE
  8
0
1001
WEBCAD
1000
E42_1778941710833
 10
72.00276719692414
 20
61.297286141095896
 30
69.96491474107884
 11
70.04756553130449
 21
61.38333164982717
 31
74.42261344106277
 12
69.59089471275479
 22
62.602526257247575
 32
69.96491474107884
 13
69.59089471275479
 23
62.602526257247575
 33
69.96491474107884
  0
3DFACE
  8
0
1001
WEBCAD
1000
E42_1778941710833
 10
57.954265686840984
 20
67.00912905462175
 30
52.13411994114373
 11
58.17686793648551
 21
66.13009264999727
 31
56.5918186411275
 12
54.79385800831432
 22
65.92415972815414
 32
52.13411994114373
 13
54.79385800831432
 23
65.92415972815414
 33
52.13411994114373
  0
3DFACE
  8
0
1001
WEBCAD
1000
E42_1778941710833
 10
41.93757408730937
 20
58.75201635140897
 30
34.30332514120863
 11
42.735066590030385
 21
58.32043499140178
 31
38.761023841192404
 12
41.212340989849054
 22
54.84897028734855
 32
38.761023841192404
 13
41.212340989849054
 23
54.84897028734855
 33
38.761023841192404
  0
3DFACE
  8
0
1001
WEBCAD
1000
E42_1778941710833
 10
41.93757408730937
 20
58.75201635140897
 30
34.30332514120863
 11
41.212340989849054
 21
54.84897028734855
 31
38.761023841192404
 12
40.35468928828806
 22
55.14340248839224
 32
34.30332514120863
 13
40.35468928828806
 23
55.14340248839224
 33
34.30332514120863
  0
3DFACE
  8
0
1001
WEBCAD
1000
E42_1778941710833
 10
41.93757408730937
 20
58.75201635140897
 30
34.30332514120863
 11
44.80840850838763
 21
61.493921045336464
 31
38.761023841192404
 12
42.735066590030385
 22
58.32043499140178
 32
38.761023841192404
 13
42.735066590030385
 23
58.32043499140178
 33
38.761023841192404
  0
3DFACE
  8
0
1001
WEBCAD
1000
E42_1778941710833
 10
36.9240824820514
 20
38.47170885882696
 30
16.472530341273533
 11
39.54509657915668
 21
34.746079719965536
 31
20.930229041257306
 12
38.747604076436005
 22
34.314498359957696
 32
16.472530341273533
 13
38.747604076436005
 23
34.314498359957696
 33
16.472530341273533
  0
3DFACE
  8
0
1001
WEBCAD
1000
E42_1778941710833
 10
36.9240824820514
 20
38.47170885882696
 30
16.472530341273533
 11
38.747604076436005
 21
34.314498359957696
 31
16.472530341273533
 12
37.61584595195467
 22
34.908356070304535
 32
12.87082582087876
 13
37.61584595195467
 23
34.908356070304535
 33
12.87082582087876
  0
3DFACE
  8
0
1001
WEBCAD
1000
E42_1778941710833
 10
36.9240824820514
 20
38.47170885882696
 30
16.472530341273533
 11
36.7041021019167
 21
43.02161391387082
 31
20.930229041257306
 12
37.78173418361217
 22
38.76614105987133
 32
20.930229041257306
 13
37.78173418361217
 23
38.76614105987133
 33
20.930229041257306
  0
3DFACE
  8
0
1001
WEBCAD
1000
E42_1778941710833
 10
36.9240824820514
 20
38.47170885882696
 30
16.472530341273533
 11
37.78173418361217
 21
38.76614105987133
 31
20.930229041257306
 12
39.54509657915668
 22
34.746079719965536
 32
20.930229041257306
 13
39.54509657915668
 23
34.746079719965536
 33
20.930229041257306
  0
3DFACE
  8
0
1001
WEBCAD
1000
E42_1778941710833
 10
36.9240824820514
 20
38.47170885882696
 30
16.472530341273533
 11
36.323008872265234
 21
37.97040569540238
 31
12.87082582087876
 12
35.399182594904744
 22
41.163228996250695
 32
12.87082582087876
 13
35.399182594904744
 23
41.163228996250695
 33
12.87082582087876
  0
3DFACE
  8
0
1001
WEBCAD
1000
E42_1778941710833
 10
36.9240824820514
 20
38.47170885882696
 30
16.472530341273533
 11
37.61584595195467
 21
34.908356070304535
 31
12.87082582087876
 12
36.323008872265234
 22
37.97040569540238
 32
12.87082582087876
 13
36.323008872265234
 23
37.97040569540238
 33
12.87082582087876
  0
3DFACE
  8
0
1001
WEBCAD
1000
E42_1778941710833
 10
69.95514559471485
 20
63.4329346249759
 30
65.50721604109505
 11
66.99708156349237
 21
63.49298343612725
 31
69.96491474107884
 12
67.21968381313616
 22
64.3720198407519
 32
65.50721604109505
 13
67.21968381313616
 23
64.3720198407519
 33
65.50721604109505
  0
3DFACE
  8
0
1001
WEBCAD
1000
E42_1778941710833
 10
69.95514559471485
 20
63.4329346249759
 30
65.50721604109505
 11
69.59089471275479
 21
62.602526257247575
 31
69.96491474107884
 12
66.99708156349237
 22
63.49298343612725
 32
69.96491474107884
 13
66.99708156349237
 23
63.49298343612725
 33
69.96491474107884
  0
3DFACE
  8
0
1001
WEBCAD
1000
E42_1778941710833
 10
54.429607126353574
 20
66.75456809588215
 30
47.67642124115996
 11
54.79385800831432
 21
65.92415972815414
 31
52.13411994114373
 12
51.855134252995924
 22
64.33380196218039
 32
52.13411994114373
 13
51.855134252995924
 23
64.33380196218039
 33
52.13411994114373
  0
3DFACE
  8
0
1001
WEBCAD
1000
E42_1778941710833
 10
54.429607126353574
 20
66.75456809588215
 30
47.67642124115996
 11
51.855134252995924
 21
64.33380196218039
 31
52.13411994114373
 12
51.35917055324762
 22
65.0929309174534
 32
47.67642124115996
 13
51.35917055324762
 23
65.0929309174534
 33
47.67642124115996
  0
3DFACE
  8
0
1001
WEBCAD
1000
E42_1778941710833
 10
39.49703758672706
 20
55.4378346894359
 30
29.845626441224855
 11
39.387351295053634
 21
51.32347114003338
 31
34.30332514120863
 12
38.49293489734009
 22
51.472722839196564
 32
29.845626441224855
 13
38.49293489734009
 23
51.472722839196564
 33
29.845626441224855
  0
3DFACE
  8
0
1001
WEBCAD
1000
E42_1778941710833
 10
39.49703758672706
 20
55.4378346894359
 30
29.845626441224855
 11
40.35468928828806
 21
55.14340248839224
 31
34.30332514120863
 12
39.387351295053634
 22
51.32347114003338
 32
34.30332514120863
 13
39.387351295053634
 23
51.32347114003338
 33
34.30332514120863
  0
3DFACE
  8
0
1001
WEBCAD
1000
E42_1778941710833
 10
67.44228606278
 20
65.25105624537656
 30
61.04951734111128
 11
67.21968381313616
 21
64.3720198407519
 31
65.50721604109505
 12
64.36696181852051
 22
64.84805494702337
 32
65.50721604109505
 13
64.36696181852051
 23
64.84805494702337
 33
65.50721604109505
  0
3DFACE
  8
0
1001
WEBCAD
1000
E42_1778941710833
 10
67.44228606278
 20
65.25105624537656
 30
61.04951734111128
 11
69.95514559471485
 21
63.4329346249759
 31
65.50721604109505
 12
67.21968381313616
 22
64.3720198407519
 32
65.50721604109505
 13
67.21968381313616
 23
64.3720198407519
 33
65.50721604109505
  0
3DFACE
  8
0
1001
WEBCAD
1000
E42_1778941710833
 10
67.44228606278
 20
65.25105624537656
 30
61.04951734111128
 11
64.36696181852051
 21
64.84805494702337
 31
65.50721604109505
 12
64.44184342675851
 22
65.75174156690309
 32
61.04951734111128
 13
64.44184342675851
 23
65.75174156690309
 33
61.04951734111128
  0
3DFACE
  8
0
1001
WEBCAD
1000
E42_1778941710833
 10
50.86320685349932
 20
65.85205987272641
 30
43.218722541176184
 11
51.35917055324762
 21
65.0929309174534
 31
47.67642124115996
 12
48.60410722356215
 22
62.948579054622655
 32
47.67642124115996
 13
48.60410722356215
 23
62.948579054622655
 33
47.67642124115996
  0
3DFACE
  8
0
1001
WEBCAD
1000
E42_1778941710833
 10
50.86320685349932
 20
65.85205987272641
 30
43.218722541176184
 11
48.60410722356215
 21
62.948579054622655
 31
47.67642124115996
 12
47.98995930287458
 22
63.61572153844227
 32
43.218722541176184
 13
47.98995930287458
 23
63.61572153844227
 33
43.218722541176184
  0
3DFACE
  8
0
1001
WEBCAD
1000
E42_1778941710833
 10
37.59851849962661
 20
51.62197453835972
 30
25.387927741241082
 11
38.49293489734009
 21
51.472722839196564
 31
29.845626441224855
 12
37.24837907418777
 22
47.39642007569708
 32
25.387927741241082
 13
37.24837907418777
 23
47.39642007569708
 33
25.387927741241082
  0
3DFACE
  8
0
1001
WEBCAD
1000
E42_1778941710833
 10
64.51672503499651
 20
66.65542818678281
 30
56.5918186411275
 11
64.44184342675851
 21
65.75174156690309
 31
61.04951734111128
 12
61.325031213912325
 22
66.65542818678148
 32
56.5918186411275
 13
61.325031213912325
 23
66.65542818678148
 33
56.5918186411275
  0
3DFACE
  8
0
1001
WEBCAD
1000
E42_1778941710833
 10
47.37581138218701
 20
64.28286402226192
 30
38.761023841192404
 11
50.86320685349932
 21
65.85205987272641
 31
43.218722541176184
 12
47.98995930287458
 22
63.61572153844227
 32
43.218722541176184
 13
47.98995930287458
 23
63.61572153844227
 33
43.218722541176184
  0
3DFACE
  8
0
1001
WEBCAD
1000
E42_1778941710833
 10
47.37581138218701
 20
64.28286402226192
 30
38.761023841192404
 11
45.52398829570228
 21
60.93696294081812
 31
43.218722541176184
 12
44.80840850838763
 22
61.493921045336464
 32
38.761023841192404
 13
44.80840850838763
 23
61.493921045336464
 33
38.761023841192404
  0
3DFACE
  8
0
1001
WEBCAD
1000
E42_1778941710833
 10
47.37581138218701
 20
64.28286402226192
 30
38.761023841192404
 11
47.98995930287458
 21
63.61572153844227
 31
43.218722541176184
 12
45.52398829570228
 22
60.93696294081812
 32
43.218722541176184
 13
45.52398829570228
 23
60.93696294081812
 33
43.218722541176184
  0
3DFACE
  8
0
1001
WEBCAD
1000
E42_1778941710833
 10
36.34159532808178
 20
47.39642007569671
 30
20.930229041257306
 11
37.59851849962661
 21
51.62197453835972
 31
25.387927741241082
 12
37.24837907418777
 22
47.39642007569708
 32
25.387927741241082
 13
37.24837907418777
 23
47.39642007569708
 33
25.387927741241082
  0
3DFACE
  8
0
1001
WEBCAD
1000
E42_1778941710833
 10
36.34159532808178
 20
47.39642007569671
 30
20.930229041257306
 11
37.24837907418777
 21
47.39642007569708
 31
25.387927741241082
 12
36.7041021019167
 22
43.02161391387082
 32
20.930229041257306
 13
36.7041021019167
 23
43.02161391387082
 33
20.930229041257306
  0
3DFACE
  8
0
1001
WEBCAD
1000
E42_1778941710833
 10
74.16690942191462
 20
59.61286663553378
 30
69.96491474107884
 11
74.02095399756075
 21
58.49649594880603
 31
74.42261344106277
 12
72.14785921292889
 22
60.09627002640241
 32
74.42261344106277
 13
72.14785921292889
 23
60.09627002640241
 33
74.42261344106277
  0
3DFACE
  8
0
1001
WEBCAD
1000
E42_1778941710833
 10
74.16690942191462
 20
59.61286663553378
 30
69.96491474107884
 11
72.14785921292889
 21
60.09627002640241
 31
74.42261344106277
 12
72.00276719692414
 22
61.297286141095896
 32
69.96491474107884
 13
72.00276719692414
 23
61.297286141095896
 33
69.96491474107884
  0
3DFACE
  8
0
1001
WEBCAD
1000
E42_1778941710833
 10
61.250149605673585
 20
67.55911480666114
 30
52.13411994114373
 11
61.325031213912325
 21
66.65542818678148
 31
56.5918186411275
 12
58.17686793648551
 22
66.13009264999727
 32
56.5918186411275
 13
58.17686793648551
 23
66.13009264999727
 33
56.5918186411275
  0
3DFACE
  8
0
1001
WEBCAD
1000
E42_1778941710833
 10
61.250149605673585
 20
67.55911480666114
 30
52.13411994114373
 11
58.17686793648551
 21
66.13009264999727
 31
56.5918186411275
 12
57.954265686840984
 22
67.00912905462175
 32
52.13411994114373
 13
57.954265686840984
 23
67.00912905462175
 33
52.13411994114373
  0
3DFACE
  8
0
1001
WEBCAD
1000
E42_1778941710833
 10
44.09282872107303
 20
62.05087914985478
 30
34.30332514120863
 11
44.80840850838763
 21
61.493921045336464
 31
38.761023841192404
 12
41.93757408730937
 22
58.75201635140897
 32
34.30332514120863
 13
41.93757408730937
 23
58.75201635140897
 33
34.30332514120863
  0
3DFACE
  8
0
1001
WEBCAD
1000
E42_1778941710833
 10
35.809685704203275
 20
42.872362214706925
 30
16.472530341273533
 11
36.9240824820514
 21
38.47170885882696
 31
16.472530341273533
 12
35.399182594904744
 22
41.163228996250695
 32
12.87082582087876
 13
35.399182594904744
 23
41.163228996250695
 33
12.87082582087876
  0
3DFACE
  8
0
1001
WEBCAD
1000
E42_1778941710833
 10
35.809685704203275
 20
42.872362214706925
 30
16.472530341273533
 11
35.399182594904744
 21
41.163228996250695
 31
12.87082582087876
 12
34.85718400654133
 22
44.442529706980594
 32
12.87082582087876
 13
34.85718400654133
 23
44.442529706980594
 33
12.87082582087876
  0
3DFACE
  8
0
1001
WEBCAD
1000
E42_1778941710833
 10
35.809685704203275
 20
42.872362214706925
 30
16.472530341273533
 11
36.7041021019167
 21
43.02161391387082
 31
20.930229041257306
 12
36.9240824820514
 22
38.47170885882696
 32
16.472530341273533
 13
36.9240824820514
 23
38.47170885882696
 33
16.472530341273533
  0
3DFACE
  8
0
1001
WEBCAD
1000
E42_1778941710833
 10
72.49873089667182
 20
62.05641509636931
 30
65.50721604109505
 11
72.00276719692414
 21
61.297286141095896
 31
69.96491474107884
 12
69.59089471275479
 22
62.602526257247575
 32
69.96491474107884
 13
69.59089471275479
 23
62.602526257247575
 33
69.96491474107884
  0
3DFACE
  8
0
1001
WEBCAD
1000
E42_1778941710833
 10
72.49873089667182
 20
62.05641509636931
 30
65.50721604109505
 11
69.59089471275479
 21
62.602526257247575
 31
69.96491474107884
 12
69.95514559471485
 22
63.4329346249759
 32
65.50721604109505
 13
69.95514559471485
 23
63.4329346249759
 33
65.50721604109505
  0
3DFACE
  8
0
1001
WEBCAD
1000
E42_1778941710833
 10
57.73166343719646
 20
67.88816545924621
 30
47.67642124115996
 11
54.79385800831432
 21
65.92415972815414
 31
52.13411994114373
 12
54.429607126353574
 22
66.75456809588215
 32
47.67642124115996
 13
54.429607126353574
 23
66.75456809588215
 33
47.67642124115996
  0
3DFACE
  8
0
1001
WEBCAD
1000
E42_1778941710833
 10
57.73166343719646
 20
67.88816545924621
 30
47.67642124115996
 11
57.954265686840984
 21
67.00912905462175
 31
52.13411994114373
 12
54.79385800831432
 22
65.92415972815414
 32
52.13411994114373
 13
54.79385800831432
 23
65.92415972815414
 33
52.13411994114373
  0
3DFACE
  8
0
1001
WEBCAD
1000
E42_1778941710833
 10
41.1400815845883
 20
59.183597711416155
 30
29.845626441224855
 11
41.93757408730937
 21
58.75201635140897
 31
34.30332514120863
 12
40.35468928828806
 22
55.14340248839224
 32
34.30332514120863
 13
40.35468928828806
 23
55.14340248839224
 33
34.30332514120863
  0
3DFACE
  8
0
1001
WEBCAD
1000
E42_1778941710833
 10
41.1400815845883
 20
59.183597711416155
 30
29.845626441224855
 11
40.35468928828806
 21
55.14340248839224
 31
34.30332514120863
 12
39.49703758672706
 22
55.4378346894359
 32
29.845626441224855
 13
39.49703758672706
 23
55.4378346894359
 33
29.845626441224855
  0
3DFACE
  8
0
1001
WEBCAD
1000
E42_1778941710833
 10
70.31939647667497
 20
64.26334299270422
 30
61.04951734111128
 11
69.95514559471485
 21
63.4329346249759
 31
65.50721604109505
 12
67.44228606278
 22
65.25105624537656
 32
61.04951734111128
 13
67.44228606278
 23
65.25105624537656
 33
61.04951734111128
  0
3DFACE
  8
0
1001
WEBCAD
1000
E42_1778941710833
 10
54.065356244392774
 20
67.58497646361019
 30
43.218722541176184
 11
51.35917055324762
 21
65.0929309174534
 31
47.67642124115996
 12
50.86320685349932
 22
65.85205987272641
 32
43.218722541176184
 13
50.86320685349932
 23
65.85205987272641
 33
43.218722541176184
  0
3DFACE
  8
0
1001
WEBCAD
1000
E42_1778941710833
 10
54.065356244392774
 20
67.58497646361019
 30
43.218722541176184
 11
54.429607126353574
 21
66.75456809588215
 31
47.67642124115996
 12
51.35917055324762
 22
65.0929309174534
 32
47.67642124115996
 13
51.35917055324762
 23
65.0929309174534
 33
47.67642124115996
  0
3DFACE
  8
0
1001
WEBCAD
1000
E42_1778941710833
 10
54.065356244392774
 20
67.58497646361019
 30
43.218722541176184
 11
57.73166343719646
 21
67.88816545924621
 31
47.67642124115996
 12
54.429607126353574
 22
66.75456809588215
 32
47.67642124115996
 13
54.429607126353574
 23
66.75456809588215
 33
47.67642124115996
  0
3DFACE
  8
0
1001
WEBCAD
1000
E42_1778941710833
 10
38.63938588516601
 20
55.73226689047959
 30
25.387927741241082
 11
38.49293489734009
 21
51.472722839196564
 31
29.845626441224855
 12
37.59851849962661
 22
51.62197453835972
 32
25.387927741241082
 13
37.59851849962661
 23
51.62197453835972
 33
25.387927741241082
  0
3DFACE
  8
0
1001
WEBCAD
1000
E42_1778941710833
 10
38.63938588516601
 20
55.73226689047959
 30
25.387927741241082
 11
39.49703758672706
 21
55.4378346894359
 31
29.845626441224855
 12
38.49293489734009
 22
51.472722839196564
 32
29.845626441224855
 13
38.49293489734009
 23
51.472722839196564
 33
29.845626441224855
  0
3DFACE
  8
0
1001
WEBCAD
1000
E42_1778941710833
 10
67.66488831242378
 20
66.13009265000122
 30
56.5918186411275
 11
67.44228606278
 21
65.25105624537656
 31
61.04951734111128
 12
64.44184342675851
 22
65.75174156690309
 32
61.04951734111128
 13
64.44184342675851
 23
65.75174156690309
 33
61.04951734111128
  0
3DFACE
  8
0
1001
WEBCAD
1000
E42_1778941710833
 10
67.66488831242378
 20
66.13009265000122
 30
56.5918186411275
 11
64.44184342675851
 21
65.75174156690309
 31
61.04951734111128
 12
64.51672503499651
 22
66.65542818678281
 32
56.5918186411275
 13
64.51672503499651
 23
66.65542818678281
 33
56.5918186411275
  0
3DFACE
  8
0
1001
WEBCAD
1000
E42_1778941710833
 10
50.36724315375102
 20
66.61118882799943
 30
38.761023841192404
 11
50.86320685349932
 21
65.85205987272641
 31
43.218722541176184
 12
47.37581138218701
 22
64.28286402226192
 32
38.761023841192404
 13
47.37581138218701
 23
64.28286402226192
 33
38.761023841192404
  0
3DFACE
  8
0
1001
WEBCAD
1000
E42_1778941710833
 10
36.704102101913065
 20
51.77122623752288
 30
20.930229041257306
 11
37.59851849962661
 21
51.62197453835972
 31
25.387927741241082
 12
36.34159532808178
 22
47.39642007569671
 32
20.930229041257306
 13
36.34159532808178
 23
47.39642007569671
 33
20.930229041257306
  0
3DFACE
  8
0
1001
WEBCAD
1000
E42_1778941710833
 10
76.0242892293262
 20
57.595214313719
 30
69.96491474107884
 11
75.6207280751571
 21
56.6234011641742
 31
74.42261344106277
 12
74.02095399756075
 22
58.49649594880603
 32
74.42261344106277
 13
74.02095399756075
 23
58.49649594880603
 33
74.42261344106277
  0
3DFACE
  8
0
1001
WEBCAD
1000
E42_1778941710833
 10
76.0242892293262
 20
57.595214313719
 30
69.96491474107884
 11
74.02095399756075
 21
58.49649594880603
 31
74.42261344106277
 12
74.16690942191462
 22
59.61286663553378
 32
69.96491474107884
 13
74.16690942191462
 23
59.61286663553378
 33
69.96491474107884
  0
3DFACE
  8
0
1001
WEBCAD
1000
E42_1778941710833
 10
64.59160664323451
 20
67.55911480666254
 30
52.13411994114373
 11
64.51672503499651
 21
66.65542818678281
 31
56.5918186411275
 12
61.325031213912325
 22
66.65542818678148
 32
56.5918186411275
 13
61.325031213912325
 23
66.65542818678148
 33
56.5918186411275
  0
3DFACE
  8
0
1001
WEBCAD
1000
E42_1778941710833
 10
64.59160664323451
 20
67.55911480666254
 30
52.13411994114373
 11
61.325031213912325
 21
66.65542818678148
 31
56.5918186411275
 12
61.250149605673585
 22
67.55911480666114
 32
52.13411994114373
 13
61.250149605673585
 23
67.55911480666114
 33
52.13411994114373
  0
3DFACE
  8
0
1001
WEBCAD
1000
E42_1778941710833
 10
46.76166346149938
 20
64.95000650608156
 30
34.30332514120863
 11
47.37581138218701
 21
64.28286402226192
 31
38.761023841192404
 12
44.80840850838763
 22
61.493921045336464
 32
38.761023841192404
 13
44.80840850838763
 23
61.493921045336464
 33
38.761023841192404
  0
3DFACE
  8
0
1001
WEBCAD
1000
E42_1778941710833
 10
46.76166346149938
 20
64.95000650608156
 30
34.30332514120863
 11
44.80840850838763
 21
61.493921045336464
 31
38.761023841192404
 12
44.09282872107303
 22
62.05087914985478
 32
34.30332514120863
 13
44.09282872107303
 23
62.05087914985478
 33
34.30332514120863
  0
3DFACE
  8
0
1001
WEBCAD
1000
E42_1778941710833
 10
35.43481158197585
 20
47.39642007569634
 30
16.472530341273533
 11
36.34159532808178
 21
47.39642007569671
 31
20.930229041257306
 12
36.7041021019167
 22
43.02161391387082
 32
20.930229041257306
 13
36.7041021019167
 23
43.02161391387082
 33
20.930229041257306
  0
3DFACE
  8
0
1001
WEBCAD
1000
E42_1778941710833
 10
35.43481158197585
 20
47.39642007569634
 30
16.472530341273533
 11
35.809685704203275
 21
42.872362214706925
 31
16.472530341273533
 12
34.85718400654133
 22
44.442529706980594
 32
12.87082582087876
 13
34.85718400654133
 23
44.442529706980594
 33
12.87082582087876
  0
3DFACE
  8
0
1001
WEBCAD
1000
E42_1778941710833
 10
35.43481158197585
 20
47.39642007569634
 30
16.472530341273533
 11
36.704102101913065
 21
51.77122623752288
 31
20.930229041257306
 12
36.34159532808178
 22
47.39642007569671
 32
20.930229041257306
 13
36.34159532808178
 23
47.39642007569671
 33
20.930229041257306
  0
3DFACE
  8
0
1001
WEBCAD
1000
E42_1778941710833
 10
35.43481158197585
 20
47.39642007569634
 30
16.472530341273533
 11
36.7041021019167
 21
43.02161391387082
 31
20.930229041257306
 12
35.809685704203275
 22
42.872362214706925
 32
16.472530341273533
 13
35.809685704203275
 23
42.872362214706925
 33
16.472530341273533
  0
3DFACE
  8
0
1001
WEBCAD
1000
E42_1778941710833
 10
35.43481158197585
 20
47.39642007569634
 30
16.472530341273533
 11
34.704532631842824
 21
47.7628118002649
 31
12.87082582087876
 12
34.94334630986316
 22
51.07801068545595
 32
12.87082582087876
 13
34.94334630986316
 23
51.07801068545595
 33
12.87082582087876
  0
3DFACE
  8
0
1001
WEBCAD
1000
E42_1778941710833
 10
35.43481158197585
 20
47.39642007569634
 30
16.472530341273533
 11
34.85718400654133
 21
44.442529706980594
 31
12.87082582087876
 12
34.704532631842824
 22
47.7628118002649
 32
12.87082582087876
 13
34.704532631842824
 23
47.7628118002649
 33
12.87082582087876
  0
3DFACE
  8
0
1001
WEBCAD
1000
E42_1778941710833
 10
74.78105734260163
 20
60.280009119353934
 30
65.50721604109505
 11
74.16690942191462
 21
59.61286663553378
 31
69.96491474107884
 12
72.00276719692414
 22
61.297286141095896
 32
69.96491474107884
 13
72.00276719692414
 23
61.297286141095896
 33
69.96491474107884
  0
3DFACE
  8
0
1001
WEBCAD
1000
E42_1778941710833
 10
74.78105734260163
 20
60.280009119353934
 30
65.50721604109505
 11
72.00276719692414
 21
61.297286141095896
 31
69.96491474107884
 12
72.49873089667182
 22
62.05641509636931
 32
65.50721604109505
 13
72.49873089667182
 23
62.05641509636931
 33
65.50721604109505
  0
3DFACE
  8
0
1001
WEBCAD
1000
E42_1778941710833
 10
61.175267997434844
 20
68.46280142654078
 30
47.67642124115996
 11
61.250149605673585
 21
67.55911480666114
 31
52.13411994114373
 12
57.954265686840984
 22
67.00912905462175
 32
52.13411994114373
 13
57.954265686840984
 23
67.00912905462175
 33
52.13411994114373
  0
3DFACE
  8
0
1001
WEBCAD
1000
E42_1778941710833
 10
61.175267997434844
 20
68.46280142654078
 30
47.67642124115996
 11
57.954265686840984
 21
67.00912905462175
 31
52.13411994114373
 12
57.73166343719646
 22
67.88816545924621
 32
47.67642124115996
 13
57.73166343719646
 23
67.88816545924621
 33
47.67642124115996
  0
3DFACE
  8
0
1001
WEBCAD
1000
E42_1778941710833
 10
43.37724893375838
 20
62.60783725437312
 30
29.845626441224855
 11
41.93757408730937
 21
58.75201635140897
 31
34.30332514120863
 12
41.1400815845883
 22
59.183597711416155
 32
29.845626441224855
 13
41.1400815845883
 23
59.183597711416155
 33
29.845626441224855
  0
3DFACE
  8
0
1001
WEBCAD
1000
E42_1778941710833
 10
43.37724893375838
 20
62.60783725437312
 30
29.845626441224855
 11
44.09282872107303
 21
62.05087914985478
 31
34.30332514120863
 12
41.93757408730937
 22
58.75201635140897
 32
34.30332514120863
 13
41.93757408730937
 23
58.75201635140897
 33
34.30332514120863
  0
3DFACE
  8
0
1001
WEBCAD
1000
E42_1778941710833
 10
72.99469459641949
 20
62.815544051642746
 30
61.04951734111128
 11
69.95514559471485
 21
63.4329346249759
 31
65.50721604109505
 12
70.31939647667497
 22
64.26334299270422
 32
61.04951734111128
 13
70.31939647667497
 23
64.26334299270422
 33
61.04951734111128
  0
3DFACE
  8
0
1001
WEBCAD
1000
E42_1778941710833
 10
72.99469459641949
 20
62.815544051642746
 30
61.04951734111128
 11
72.49873089667182
 21
62.05641509636931
 31
65.50721604109505
 12
69.95514559471485
 22
63.4329346249759
 32
65.50721604109505
 13
69.95514559471485
 23
63.4329346249759
 33
65.50721604109505
  0
3DFACE
  8
0
1001
WEBCAD
1000
E42_1778941710833
 10
72.99469459641949
 20
62.815544051642746
 30
61.04951734111128
 11
74.78105734260163
 21
60.280009119353934
 31
65.50721604109505
 12
72.49873089667182
 22
62.05641509636931
 32
65.50721604109505
 13
72.49873089667182
 23
62.05641509636931
 33
65.50721604109505
  0
3DFACE
  8
0
1001
WEBCAD
1000
E42_1778941710833
 10
57.50906118755188
 20
68.7672018638707
 30
43.218722541176184
 11
57.73166343719646
 21
67.88816545924621
 31
47.67642124115996
 12
54.065356244392774
 22
67.58497646361019
 32
43.218722541176184
 13
54.065356244392774
 23
67.58497646361019
 33
43.218722541176184
  0
3DFACE
  8
0
1001
WEBCAD
1000
E42_1778941710833
 10
40.34258908186729
 20
59.61517907142334
 30
25.387927741241082
 11
43.37724893375838
 21
62.60783725437312
 31
29.845626441224855
 12
41.1400815845883
 22
59.183597711416155
 32
29.845626441224855
 13
41.1400815845883
 23
59.183597711416155
 33
29.845626441224855
  0
3DFACE
  8
0
1001
WEBCAD
1000
E42_1778941710833
 10
40.34258908186729
 20
59.61517907142334
 30
25.387927741241082
 11
39.49703758672706
 21
55.4378346894359
 31
29.845626441224855
 12
38.63938588516601
 22
55.73226689047959
 32
25.387927741241082
 13
38.63938588516601
 23
55.73226689047959
 33
25.387927741241082
  0
3DFACE
  8
0
1001
WEBCAD
1000
E42_1778941710833
 10
40.34258908186729
 20
59.61517907142334
 30
25.387927741241082
 11
41.1400815845883
 21
59.183597711416155
 31
29.845626441224855
 12
39.49703758672706
 22
55.4378346894359
 32
29.845626441224855
 13
39.49703758672706
 23
55.4378346894359
 33
29.845626441224855
  0
3DFACE
  8
0
1001
WEBCAD
1000
E42_1778941710833
 10
70.68364735863503
 20
65.09375136043255
 30
56.5918186411275
 11
67.44228606278
 21
65.25105624537656
 31
61.04951734111128
 12
67.66488831242378
 22
66.13009265000122
 32
56.5918186411275
 13
67.66488831242378
 23
66.13009265000122
 33
56.5918186411275
  0
3DFACE
  8
0
1001
WEBCAD
1000
E42_1778941710833
 10
70.68364735863503
 20
65.09375136043255
 30
56.5918186411275
 11
70.31939647667497
 21
64.26334299270422
 31
61.04951734111128
 12
67.44228606278
 22
65.25105624537656
 32
61.04951734111128
 13
67.44228606278
 23
65.25105624537656
 33
61.04951734111128
  0
3DFACE
  8
0
1001
WEBCAD
1000
E42_1778941710833
 10
53.701105362431974
 20
68.4153848313382
 30
38.761023841192404
 11
50.86320685349932
 21
65.85205987272641
 31
43.218722541176184
 12
50.36724315375102
 22
66.61118882799943
 32
38.761023841192404
 13
50.36724315375102
 23
66.61118882799943
 33
38.761023841192404
  0
3DFACE
  8
0
1001
WEBCAD
1000
E42_1778941710833
 10
53.701105362431974
 20
68.4153848313382
 30
38.761023841192404
 11
54.065356244392774
 21
67.58497646361019
 31
43.218722541176184
 12
50.86320685349932
 22
65.85205987272641
 32
43.218722541176184
 13
50.86320685349932
 23
65.85205987272641
 33
43.218722541176184
  0
3DFACE
  8
0
1001
WEBCAD
1000
E42_1778941710833
 10
53.701105362431974
 20
68.4153848313382
 30
38.761023841192404
 11
57.50906118755188
 21
68.7672018638707
 31
43.218722541176184
 12
54.065356244392774
 22
67.58497646361019
 32
43.218722541176184
 13
54.065356244392774
 23
67.58497646361019
 33
43.218722541176184
  0
3DFACE
  8
0
1001
WEBCAD
1000
E42_1778941710833
 10
37.78173418360501
 20
56.026699091523255
 30
20.930229041257306
 11
37.59851849962661
 21
51.62197453835972
 31
25.387927741241082
 12
36.704102101913065
 22
51.77122623752288
 32
20.930229041257306
 13
36.704102101913065
 23
51.77122623752288
 33
20.930229041257306
  0
3DFACE
  8
0
1001
WEBCAD
1000
E42_1778941710833
 10
37.78173418360501
 20
56.026699091523255
 30
20.930229041257306
 11
38.63938588516601
 21
55.73226689047959
 31
25.387927741241082
 12
37.59851849962661
 22
51.62197453835972
 32
25.387927741241082
 13
37.59851849962661
 23
51.62197453835972
 33
25.387927741241082
  0
3DFACE
  8
0
1001
WEBCAD
1000
E42_1778941710833
 10
37.78173418360501
 20
56.026699091523255
 30
20.930229041257306
 11
40.34258908186729
 21
59.61517907142334
 31
25.387927741241082
 12
38.63938588516601
 22
55.73226689047959
 32
25.387927741241082
 13
38.63938588516601
 23
55.73226689047959
 33
25.387927741241082
  0
3DFACE
  8
0
1001
WEBCAD
1000
E42_1778941710833
 10
77.52424213984057
 20
55.29936547136364
 30
69.96491474107884
 11
76.9077896985819
 21
54.52310748254976
 31
74.42261344106277
 12
75.6207280751571
 22
56.6234011641742
 32
74.42261344106277
 13
75.6207280751571
 23
56.6234011641742
 33
74.42261344106277
  0
3DFACE
  8
0
1001
WEBCAD
1000
E42_1778941710833
 10
77.52424213984057
 20
55.29936547136364
 30
69.96491474107884
 11
75.6207280751571
 21
56.6234011641742
 31
74.42261344106277
 12
76.0242892293262
 22
57.595214313719
 32
69.96491474107884
 13
76.0242892293262
 23
57.595214313719
 33
69.96491474107884
  0
3DFACE
  8
0
1001
WEBCAD
1000
E42_1778941710833
 10
67.88749056206763
 20
67.00912905462587
 30
52.13411994114373
 11
67.66488831242378
 21
66.13009265000122
 31
56.5918186411275
 12
64.51672503499651
 22
66.65542818678281
 32
56.5918186411275
 13
64.51672503499651
 23
66.65542818678281
 33
56.5918186411275
  0
3DFACE
  8
0
1001
WEBCAD
1000
E42_1778941710833
 10
67.88749056206763
 20
67.00912905462587
 30
52.13411994114373
 11
64.51672503499651
 21
66.65542818678281
 31
56.5918186411275
 12
64.59160664323451
 22
67.55911480666254
 32
52.13411994114373
 13
64.59160664323451
 23
67.55911480666254
 33
52.13411994114373
  0
3DFACE
  8
0
1001
WEBCAD
1000
E42_1778941710833
 10
67.88749056206763
 20
67.00912905462587
 30
52.13411994114373
 11
70.68364735863503
 21
65.09375136043255
 31
56.5918186411275
 12
67.66488831242378
 22
66.13009265000122
 32
56.5918186411275
 13
67.66488831242378
 23
66.13009265000122
 33
56.5918186411275
  0
3DFACE
  8
0
1001
WEBCAD
1000
E42_1778941710833
 10
49.87127945400266
 20
67.37031778327244
 30
34.30332514120863
 11
50.36724315375102
 21
66.61118882799943
 31
38.761023841192404
 12
47.37581138218701
 22
64.28286402226192
 32
38.761023841192404
 13
47.37581138218701
 23
64.28286402226192
 33
38.761023841192404
  0
3DFACE
  8
0
1001
WEBCAD
1000
E42_1778941710833
 10
49.87127945400266
 20
67.37031778327244
 30
34.30332514120863
 11
47.37581138218701
 21
64.28286402226192
 31
38.761023841192404
 12
46.76166346149938
 22
64.95000650608156
 32
34.30332514120863
 13
46.76166346149938
 23
64.95000650608156
 33
34.30332514120863
  0
3DFACE
  8
0
1001
WEBCAD
1000
E42_1778941710833
 10
35.809685704199524
 20
51.92047793668604
 30
16.472530341273533
 11
36.704102101913065
 21
51.77122623752288
 31
20.930229041257306
 12
35.43481158197585
 22
47.39642007569634
 32
16.472530341273533
 13
35.43481158197585
 23
47.39642007569634
 33
16.472530341273533
  0
3DFACE
  8
0
1001
WEBCAD
1000
E42_1778941710833
 10
35.809685704199524
 20
51.92047793668604
 30
16.472530341273533
 11
35.43481158197585
 21
47.39642007569634
 31
16.472530341273533
 12
34.94334630986316
 22
51.07801068545595
 32
12.87082582087876
 13
34.94334630986316
 23
51.07801068545595
 33
12.87082582087876
  0
3DFACE
  8
0
1001
WEBCAD
1000
E42_1778941710833
 10
35.809685704199524
 20
51.92047793668604
 30
16.472530341273533
 11
37.78173418360501
 21
56.026699091523255
 31
20.930229041257306
 12
36.704102101913065
 22
51.77122623752288
 32
20.930229041257306
 13
36.704102101913065
 23
51.77122623752288
 33
20.930229041257306
  0
3DFACE
  8
0
1001
WEBCAD
1000
E42_1778941710833
 10
35.809685704199524
 20
51.92047793668604
 30
16.472530341273533
 11
34.94334630986316
 21
51.07801068545595
 31
12.87082582087876
 12
35.57031181178331
 22
54.34213229479954
 32
12.87082582087876
 13
35.57031181178331
 23
54.34213229479954
 33
12.87082582087876
  0
3DFACE
  8
0
1001
WEBCAD
1000
E42_1778941710833
 10
76.7398690166404
 20
58.15217241823794
 30
65.50721604109505
 11
76.0242892293262
 21
57.595214313719
 31
69.96491474107884
 12
74.16690942191462
 22
59.61286663553378
 32
69.96491474107884
 13
74.16690942191462
 23
59.61286663553378
 33
69.96491474107884
  0
3DFACE
  8
0
1001
WEBCAD
1000
E42_1778941710833
 10
76.7398690166404
 20
58.15217241823794
 30
65.50721604109505
 11
74.16690942191462
 21
59.61286663553378
 31
69.96491474107884
 12
74.78105734260163
 22
60.280009119353934
 32
65.50721604109505
 13
74.78105734260163
 23
60.280009119353934
 33
65.50721604109505
  0
3DFACE
  8
0
1001
WEBCAD
1000
E42_1778941710833
 10
64.66648825147252
 20
68.46280142654223
 30
47.67642124115996
 11
61.250149605673585
 21
67.55911480666114
 31
52.13411994114373
 12
61.175267997434844
 22
68.46280142654078
 32
47.67642124115996
 13
61.175267997434844
 23
68.46280142654078
 33
47.67642124115996
  0
3DFACE
  8
0
1001
WEBCAD
1000
E42_1778941710833
 10
64.66648825147252
 20
68.46280142654223
 30
47.67642124115996
 11
64.59160664323451
 21
67.55911480666254
 31
52.13411994114373
 12
61.250149605673585
 22
67.55911480666114
 32
52.13411994114373
 13
61.250149605673585
 23
67.55911480666114
 33
52.13411994114373
  0
3DFACE
  8
0
1001
WEBCAD
1000
E42_1778941710833
 10
46.14751554081181
 20
65.61714898990121
 30
29.845626441224855
 11
44.09282872107303
 21
62.05087914985478
 31
34.30332514120863
 12
43.37724893375838
 22
62.60783725437312
 32
29.845626441224855
 13
43.37724893375838
 23
62.60783725437312
 33
29.845626441224855
  0
3DFACE
  8
0
1001
WEBCAD
1000
E42_1778941710833
 10
46.14751554081181
 20
65.61714898990121
 30
29.845626441224855
 11
46.76166346149938
 21
64.95000650608156
 31
34.30332514120863
 12
44.09282872107303
 22
62.05087914985478
 32
34.30332514120863
 13
44.09282872107303
 23
62.05087914985478
 33
34.30332514120863
  0
3DFACE
  8
0
1001
WEBCAD
1000
E42_1778941710833
 10
75.39520526328869
 20
60.94715160317409
 30
61.04951734111128
 11
74.78105734260163
 21
60.280009119353934
 31
65.50721604109505
 12
72.99469459641949
 22
62.815544051642746
 32
61.04951734111128
 13
72.99469459641949
 23
62.815544051642746
 33
61.04951734111128
  0
3DFACE
  8
0
1001
WEBCAD
1000
E42_1778941710833
 10
61.100386389196046
 20
69.36648804642044
 30
43.218722541176184
 11
57.73166343719646
 21
67.88816545924621
 31
47.67642124115996
 12
57.50906118755188
 22
68.7672018638707
 32
43.218722541176184
 13
57.50906118755188
 23
68.7672018638707
 33
43.218722541176184
  0
3DFACE
  8
0
1001
WEBCAD
1000
E42_1778941710833
 10
61.100386389196046
 20
69.36648804642044
 30
43.218722541176184
 11
61.175267997434844
 21
68.46280142654078
 31
47.67642124115996
 12
57.73166343719646
 22
67.88816545924621
 32
47.67642124115996
 13
57.73166343719646
 23
67.88816545924621
 33
47.67642124115996
  0
3DFACE
  8
0
1001
WEBCAD
1000
E42_1778941710833
 10
42.66166914644373
 20
63.16479535889147
 30
25.387927741241082
 11
43.37724893375838
 21
62.60783725437312
 31
29.845626441224855
 12
40.34258908186729
 22
59.61517907142334
 32
25.387927741241082
 13
40.34258908186729
 23
59.61517907142334
 33
25.387927741241082
  0
3DFACE
  8
0
1001
WEBCAD
1000
E42_1778941710833
 10
73.49065829616717
 20
63.57467300691616
 30
56.5918186411275
 11
70.31939647667497
 21
64.26334299270422
 31
61.04951734111128
 12
70.68364735863503
 22
65.09375136043255
 32
56.5918186411275
 13
70.68364735863503
 23
65.09375136043255
 33
56.5918186411275
  0
3DFACE
  8
0
1001
WEBCAD
1000
E42_1778941710833
 10
73.49065829616717
 20
63.57467300691616
 30
56.5918186411275
 11
72.99469459641949
 21
62.815544051642746
 31
61.04951734111128
 12
70.31939647667497
 22
64.26334299270422
 32
61.04951734111128
 13
70.31939647667497
 23
64.26334299270422
 33
61.04951734111128
  0
3DFACE
  8
0
1001
WEBCAD
1000
E42_1778941710833
 10
73.49065829616717
 20
63.57467300691616
 30
56.5918186411275
 11
75.39520526328869
 21
60.94715160317409
 31
61.04951734111128
 12
72.99469459641949
 22
62.815544051642746
 32
61.04951734111128
 13
72.99469459641949
 23
62.815544051642746
 33
61.04951734111128
  0
3DFACE
  8
0
1001
WEBCAD
1000
E42_1778941710833
 10
57.286458937907355
 20
69.64623826849515
 30
38.761023841192404
 11
57.50906118755188
 21
68.7672018638707
 31
43.218722541176184
 12
53.701105362431974
 22
68.4153848313382
 32
38.761023841192404
 13
53.701105362431974
 23
68.4153848313382
 33
38.761023841192404
  0
3DFACE
  8
0
1001
WEBCAD
1000
E42_1778941710833
 10
39.54509657914622
 20
60.04676043143053
 30
20.930229041257306
 11
40.34258908186729
 21
59.61517907142334
 31
25.387927741241082
 12
37.78173418360501
 22
56.026699091523255
 32
20.930229041257306
 13
37.78173418360501
 23
56.026699091523255
 33
20.930229041257306
  0
3DFACE
  8
0
1001
WEBCAD
1000
E42_1778941710833
 10
78.62585334814423
 20
52.787944880055875
 30
69.96491474107884
 11
77.85044713915369
 21
52.247331104849394
 31
74.42261344106277
 12
76.9077896985819
 22
54.52310748254976
 32
74.42261344106277
 13
76.9077896985819
 23
54.52310748254976
 33
74.42261344106277
  0
3DFACE
  8
0
1001
WEBCAD
1000
E42_1778941710833
 10
78.62585334814423
 20
52.787944880055875
 30
69.96491474107884
 11
76.9077896985819
 21
54.52310748254976
 31
74.42261344106277
 12
77.52424213984057
 22
55.29936547136364
 32
69.96491474107884
 13
77.52424213984057
 23
55.29936547136364
 33
69.96491474107884
  0
3DFACE
  8
0
1001
WEBCAD
1000
E42_1778941710833
 10
71.04789824059515
 20
65.9241597281609
 30
52.13411994114373
 11
70.68364735863503
 21
65.09375136043255
 31
56.5918186411275
 12
67.88749056206763
 22
67.00912905462587
 32
52.13411994114373
 13
67.88749056206763
 23
67.00912905462587
 33
52.13411994114373
  0
3DFACE
  8
0
1001
WEBCAD
1000
E42_1778941710833
 10
53.33685448047123
 20
69.24579319906624
 30
34.30332514120863
 11
50.36724315375102
 21
66.61118882799943
 31
38.761023841192404
 12
49.87127945400266
 22
67.37031778327244
 32
34.30332514120863
 13
49.87127945400266
 23
67.37031778327244
 33
34.30332514120863
  0
3DFACE
  8
0
1001
WEBCAD
1000
E42_1778941710833
 10
53.33685448047123
 20
69.24579319906624
 30
34.30332514120863
 11
53.701105362431974
 21
68.4153848313382
 31
38.761023841192404
 12
50.36724315375102
 22
66.61118882799943
 32
38.761023841192404
 13
50.36724315375102
 23
66.61118882799943
 33
38.761023841192404
  0
3DFACE
  8
0
1001
WEBCAD
1000
E42_1778941710833
 10
36.924082482044014
 20
56.321131292566946
 30
16.472530341273533
 11
35.57031181178331
 21
54.34213229479954
 31
12.87082582087876
 12
36.57673080764664
 22
57.50989119123517
 32
12.87082582087876
 13
36.57673080764664
 23
57.50989119123517
 33
12.87082582087876
  0
3DFACE
  8
0
1001
WEBCAD
1000
E42_1778941710833
 10
36.924082482044014
 20
56.321131292566946
 30
16.472530341273533
 11
37.78173418360501
 21
56.026699091523255
 31
20.930229041257306
 12
35.809685704199524
 22
51.92047793668604
 32
16.472530341273533
 13
35.809685704199524
 23
51.92047793668604
 33
16.472530341273533
  0
3DFACE
  8
0
1001
WEBCAD
1000
E42_1778941710833
 10
36.924082482044014
 20
56.321131292566946
 30
16.472530341273533
 11
35.809685704199524
 21
51.92047793668604
 31
16.472530341273533
 12
35.57031181178331
 22
54.34213229479954
 32
12.87082582087876
 13
35.57031181178331
 23
54.34213229479954
 33
12.87082582087876
  0
3DFACE
  8
0
1001
WEBCAD
1000
E42_1778941710833
 10
78.32173464256124
 20
55.73094683137148
 30
65.50721604109505
 11
76.0242892293262
 21
57.595214313719
 31
69.96491474107884
 12
76.7398690166404
 22
58.15217241823794
 32
65.50721604109505
 13
76.7398690166404
 23
58.15217241823794
 33
65.50721604109505
  0
3DFACE
  8
0
1001
WEBCAD
1000
E42_1778941710833
 10
78.32173464256124
 20
55.73094683137148
 30
65.50721604109505
 11
77.52424213984057
 21
55.29936547136364
 31
69.96491474107884
 12
76.0242892293262
 22
57.595214313719
 32
69.96491474107884
 13
76.0242892293262
 23
57.595214313719
 33
69.96491474107884
  0
3DFACE
  8
0
1001
WEBCAD
1000
E42_1778941710833
 10
68.11009281171141
 20
67.88816545925053
 30
47.67642124115996
 11
67.88749056206763
 21
67.00912905462587
 31
52.13411994114373
 12
64.59160664323451
 22
67.55911480666254
 32
52.13411994114373
 13
64.59160664323451
 23
67.55911480666254
 33
52.13411994114373
  0
3DFACE
  8
0
1001
WEBCAD
1000
E42_1778941710833
 10
68.11009281171141
 20
67.88816545925053
 30
47.67642124115996
 11
64.59160664323451
 21
67.55911480666254
 31
52.13411994114373
 12
64.66648825147252
 22
68.46280142654223
 32
47.67642124115996
 13
64.66648825147252
 23
68.46280142654223
 33
47.67642124115996
  0
3DFACE
  8
0
1001
WEBCAD
1000
E42_1778941710833
 10
49.37531575425436
 20
68.12944673854545
 30
29.845626441224855
 11
49.87127945400266
 21
67.37031778327244
 31
34.30332514120863
 12
46.76166346149938
 22
64.95000650608156
 32
34.30332514120863
 13
46.76166346149938
 23
64.95000650608156
 33
34.30332514120863
  0
3DFACE
  8
0
1001
WEBCAD
1000
E42_1778941710833
 10
49.37531575425436
 20
68.12944673854545
 30
29.845626441224855
 11
46.76166346149938
 21
64.95000650608156
 31
34.30332514120863
 12
46.14751554081181
 22
65.61714898990121
 32
29.845626441224855
 13
46.14751554081181
 23
65.61714898990121
 33
29.845626441224855
  0
3DFACE
  8
0
1001
WEBCAD
1000
E42_1778941710833
 10
77.4554488039546
 20
58.70913052275685
 30
61.04951734111128
 11
78.32173464256124
 21
55.73094683137148
 31
65.50721604109505
 12
76.7398690166404
 22
58.15217241823794
 32
65.50721604109505
 13
76.7398690166404
 23
58.15217241823794
 33
65.50721604109505
  0
3DFACE
  8
0
1001
WEBCAD
1000
E42_1778941710833
 10
77.4554488039546
 20
58.70913052275685
 30
61.04951734111128
 11
76.7398690166404
 21
58.15217241823794
 31
65.50721604109505
 12
74.78105734260163
 22
60.280009119353934
 32
65.50721604109505
 13
74.78105734260163
 23
60.280009119353934
 33
65.50721604109505
  0
3DFACE
  8
0
1001
WEBCAD
1000
E42_1778941710833
 10
77.4554488039546
 20
58.70913052275685
 30
61.04951734111128
 11
74.78105734260163
 21
60.280009119353934
 31
65.50721604109505
 12
75.39520526328869
 22
60.94715160317409
 32
61.04951734111128
 13
75.39520526328869
 23
60.94715160317409
 33
61.04951734111128
  0
3DFACE
  8
0
1001
WEBCAD
1000
E42_1778941710833
 10
64.74136985971052
 20
69.36648804642195
 30
43.218722541176184
 11
61.175267997434844
 21
68.46280142654078
 31
47.67642124115996
 12
61.100386389196046
 22
69.36648804642044
 32
43.218722541176184
 13
61.100386389196046
 23
69.36648804642044
 33
43.218722541176184
  0
3DFACE
  8
0
1001
WEBCAD
1000
E42_1778941710833
 10
64.74136985971052
 20
69.36648804642195
 30
43.218722541176184
 11
64.66648825147252
 21
68.46280142654223
 31
47.67642124115996
 12
61.175267997434844
 22
68.46280142654078
 32
47.67642124115996
 13
61.175267997434844
 23
68.46280142654078
 33
47.67642124115996
  0
3DFACE
  8
0
1001
WEBCAD
1000
E42_1778941710833
 10
45.53336762012424
 20
66.28429147372086
 30
25.387927741241082
 11
46.14751554081181
 21
65.61714898990121
 31
29.845626441224855
 12
43.37724893375838
 22
62.60783725437312
 32
29.845626441224855
 13
43.37724893375838
 23
62.60783725437312
 33
29.845626441224855
  0
3DFACE
  8
0
1001
WEBCAD
1000
E42_1778941710833
 10
45.53336762012424
 20
66.28429147372086
 30
25.387927741241082
 11
43.37724893375838
 21
62.60783725437312
 31
29.845626441224855
 12
42.66166914644373
 22
63.16479535889147
 32
25.387927741241082
 13
42.66166914644373
 23
63.16479535889147
 33
25.387927741241082
  0
3DFACE
  8
0
1001
WEBCAD
1000
E42_1778941710833
 10
76.00935318397569
 20
61.61429408699425
 30
56.5918186411275
 11
75.39520526328869
 21
60.94715160317409
 31
61.04951734111128
 12
73.49065829616717
 22
63.57467300691616
 32
56.5918186411275
 13
73.49065829616717
 23
63.57467300691616
 33
56.5918186411275
  0
3DFACE
  8
0
1001
WEBCAD
1000
E42_1778941710833
 10
61.025504780957306
 20
70.27017466630008
 30
38.761023841192404
 11
57.50906118755188
 21
68.7672018638707
 31
43.218722541176184
 12
57.286458937907355
 22
69.64623826849515
 32
38.761023841192404
 13
57.286458937907355
 23
69.64623826849515
 33
38.761023841192404
  0
3DFACE
  8
0
1001
WEBCAD
1000
E42_1778941710833
 10
61.025504780957306
 20
70.27017466630008
 30
38.761023841192404
 11
61.100386389196046
 21
69.36648804642044
 31
43.218722541176184
 12
57.50906118755188
 22
68.7672018638707
 32
43.218722541176184
 13
57.50906118755188
 23
68.7672018638707
 33
43.218722541176184
  0
3DFACE
  8
0
1001
WEBCAD
1000
E42_1778941710833
 10
61.025504780957306
 20
70.27017466630008
 30
38.761023841192404
 11
64.74136985971052
 21
69.36648804642195
 31
43.218722541176184
 12
61.100386389196046
 22
69.36648804642044
 32
43.218722541176184
 13
61.100386389196046
 23
69.36648804642044
 33
43.218722541176184
  0
3DFACE
  8
0
1001
WEBCAD
1000
E42_1778941710833
 10
41.946089359129076
 20
63.72175346340978
 30
20.930229041257306
 11
45.53336762012424
 21
66.28429147372086
 31
25.387927741241082
 12
42.66166914644373
 22
63.16479535889147
 32
25.387927741241082
 13
42.66166914644373
 23
63.16479535889147
 33
25.387927741241082
  0
3DFACE
  8
0
1001
WEBCAD
1000
E42_1778941710833
 10
41.946089359129076
 20
63.72175346340978
 30
20.930229041257306
 11
40.34258908186729
 21
59.61517907142334
 31
25.387927741241082
 12
39.54509657914622
 22
60.04676043143053
 32
20.930229041257306
 13
39.54509657914622
 23
60.04676043143053
 33
20.930229041257306
  0
3DFACE
  8
0
1001
WEBCAD
1000
E42_1778941710833
 10
41.946089359129076
 20
63.72175346340978
 30
20.930229041257306
 11
42.66166914644373
 21
63.16479535889147
 31
25.387927741241082
 12
40.34258908186729
 22
59.61517907142334
 32
25.387927741241082
 13
40.34258908186729
 23
59.61517907142334
 33
25.387927741241082
  0
3DFACE
  8
0
1001
WEBCAD
1000
E42_1778941710833
 10
79.29907377216074
 20
50.12945754674169
 30
69.96491474107884
 11
78.42548904218495
 21
49.85210919836089
 31
74.42261344106277
 12
77.85044713915369
 22
52.247331104849394
 32
74.42261344106277
 13
77.85044713915369
 23
52.247331104849394
 33
74.42261344106277
  0
3DFACE
  8
0
1001
WEBCAD
1000
E42_1778941710833
 10
79.29907377216074
 20
50.12945754674169
 30
69.96491474107884
 11
77.85044713915369
 21
52.247331104849394
 31
74.42261344106277
 12
78.62585334814423
 22
52.787944880055875
 32
69.96491474107884
 13
78.62585334814423
 23
52.787944880055875
 33
69.96491474107884
  0
3DFACE
  8
0
1001
WEBCAD
1000
E42_1778941710833
 10
79.29907377216074
 20
50.12945754674169
 30
69.96491474107884
 11
79.52553971367661
 21
47.39642007570771
 31
69.96491474108714
 12
78.42548904218495
 22
49.85210919836089
 32
74.42261344106277
 13
78.42548904218495
 23
49.85210919836089
 33
74.42261344106277
  0
3DFACE
  8
0
1001
WEBCAD
1000
E42_1778941710833
 10
73.98662199591485
 20
64.3338019621896
 30
52.13411994114373
 11
70.68364735863503
 21
65.09375136043255
 31
56.5918186411275
 12
71.04789824059515
 22
65.9241597281609
 32
52.13411994114373
 13
71.04789824059515
 23
65.9241597281609
 33
52.13411994114373
  0
3DFACE
  8
0
1001
WEBCAD
1000
E42_1778941710833
 10
73.98662199591485
 20
64.3338019621896
 30
52.13411994114373
 11
76.00935318397569
 21
61.61429408699425
 31
56.5918186411275
 12
73.49065829616717
 22
63.57467300691616
 32
56.5918186411275
 13
73.49065829616717
 23
63.57467300691616
 33
56.5918186411275
  0
3DFACE
  8
0
1001
WEBCAD
1000
E42_1778941710833
 10
73.98662199591485
 20
64.3338019621896
 30
52.13411994114373
 11
73.49065829616717
 21
63.57467300691616
 31
56.5918186411275
 12
70.68364735863503
 22
65.09375136043255
 32
56.5918186411275
 13
70.68364735863503
 23
65.09375136043255
 33
56.5918186411275
  0
3DFACE
  8
0
1001
WEBCAD
1000
E42_1778941710833
 10
57.06385668826283
 20
70.52527467311964
 30
34.30332514120863
 11
57.286458937907355
 21
69.64623826849515
 31
38.761023841192404
 12
53.701105362431974
 22
68.4153848313382
 32
38.761023841192404
 13
53.701105362431974
 23
68.4153848313382
 33
38.761023841192404
  0
3DFACE
  8
0
1001
WEBCAD
1000
E42_1778941710833
 10
57.06385668826283
 20
70.52527467311964
 30
34.30332514120863
 11
53.701105362431974
 21
68.4153848313382
 31
38.761023841192404
 12
53.33685448047123
 22
69.24579319906624
 32
34.30332514120863
 13
53.33685448047123
 23
69.24579319906624
 33
34.30332514120863
  0
3DFACE
  8
0
1001
WEBCAD
1000
E42_1778941710833
 10
38.747604076425205
 20
60.478341791437714
 30
16.472530341273533
 11
36.924082482044014
 21
56.321131292566946
 31
16.472530341273533
 12
36.57673080764664
 22
57.50989119123517
 32
12.87082582087876
 13
36.57673080764664
 23
57.50989119123517
 33
12.87082582087876
  0
3DFACE
  8
0
1001
WEBCAD
1000
E42_1778941710833
 10
38.747604076425205
 20
60.478341791437714
 30
16.472530341273533
 11
41.946089359129076
 21
63.72175346340978
 31
20.930229041257306
 12
39.54509657914622
 22
60.04676043143053
 32
20.930229041257306
 13
39.54509657914622
 23
60.04676043143053
 33
20.930229041257306
  0
3DFACE
  8
0
1001
WEBCAD
1000
E42_1778941710833
 10
38.747604076425205
 20
60.478341791437714
 30
16.472530341273533
 11
39.54509657914622
 21
60.04676043143053
 31
20.930229041257306
 12
37.78173418360501
 22
56.026699091523255
 32
20.930229041257306
 13
37.78173418360501
 23
56.026699091523255
 33
20.930229041257306
  0
3DFACE
  8
0
1001
WEBCAD
1000
E42_1778941710833
 10
38.747604076425205
 20
60.478341791437714
 30
16.472530341273533
 11
37.94864054436124
 21
60.53733884486843
 31
12.87082582087876
 12
39.66700756071742
 22
63.38247336159705
 32
12.87082582087876
 13
39.66700756071742
 23
63.38247336159705
 33
12.87082582087876
  0
3DFACE
  8
0
1001
WEBCAD
1000
E42_1778941710833
 10
38.747604076425205
 20
60.478341791437714
 30
16.472530341273533
 11
36.57673080764664
 21
57.50989119123517
 31
12.87082582087876
 12
37.94864054436124
 22
60.53733884486843
 32
12.87082582087876
 13
37.94864054436124
 23
60.53733884486843
 33
12.87082582087876
  0
3DFACE
  8
0
1001
WEBCAD
1000
E42_1778941710833
 10
38.747604076425205
 20
60.478341791437714
 30
16.472530341273533
 11
37.78173418360501
 21
56.026699091523255
 31
20.930229041257306
 12
36.924082482044014
 22
56.321131292566946
 32
16.472530341273533
 13
36.924082482044014
 23
56.321131292566946
 33
16.472530341273533
  0
3DFACE
  8
0
1001
WEBCAD
1000
E42_1778941710833
 10
79.483505049705
 20
53.08237708110025
 30
65.50721604109505
 11
78.62585334814423
 21
52.787944880055875
 31
69.96491474107884
 12
77.52424213984057
 22
55.29936547136364
 32
69.96491474107884
 13
77.52424213984057
 23
55.29936547136364
 33
69.96491474107884
  0
3DFACE
  8
0
1001
WEBCAD
1000
E42_1778941710833
 10
79.483505049705
 20
53.08237708110025
 30
65.50721604109505
 11
77.52424213984057
 21
55.29936547136364
 31
69.96491474107884
 12
78.32173464256124
 22
55.73094683137148
 32
65.50721604109505
 13
78.32173464256124
 23
55.73094683137148
 33
65.50721604109505
  0
3DFACE
  8
0
1001
WEBCAD
1000
E42_1778941710833
 10
71.4121491225552
 20
66.75456809588923
 30
47.67642124115996
 11
67.88749056206763
 21
67.00912905462587
 31
52.13411994114373
 12
68.11009281171141
 22
67.88816545925053
 32
47.67642124115996
 13
68.11009281171141
 23
67.88816545925053
 33
47.67642124115996
  0
3DFACE
  8
0
1001
WEBCAD
1000
E42_1778941710833
 10
71.4121491225552
 20
66.75456809588923
 30
47.67642124115996
 11
71.04789824059515
 21
65.9241597281609
 31
52.13411994114373
 12
67.88749056206763
 22
67.00912905462587
 32
52.13411994114373
 13
67.88749056206763
 23
67.00912905462587
 33
52.13411994114373
  0
3DFACE
  8
0
1001
WEBCAD
1000
E42_1778941710833
 10
52.97260359851043
 20
70.07620156679425
 30
29.845626441224855
 11
53.33685448047123
 21
69.24579319906624
 31
34.30332514120863
 12
49.87127945400266
 22
67.37031778327244
 32
34.30332514120863
 13
49.87127945400266
 23
67.37031778327244
 33
34.30332514120863
  0
3DFACE
  8
0
1001
WEBCAD
1000
E42_1778941710833
 10
52.97260359851043
 20
70.07620156679425
 30
29.845626441224855
 11
49.87127945400266
 21
67.37031778327244
 31
34.30332514120863
 12
49.37531575425436
 22
68.12944673854545
 32
29.845626441224855
 13
49.37531575425436
 23
68.12944673854545
 33
29.845626441224855
  0
3DFACE
  8
0
1001
WEBCAD
1000
E42_1778941710833
 10
79.11922714528191
 20
56.16252819137932
 30
61.04951734111128
 11
78.32173464256124
 21
55.73094683137148
 31
65.50721604109505
 12
77.4554488039546
 22
58.70913052275685
 32
61.04951734111128
 13
77.4554488039546
 23
58.70913052275685
 33
61.04951734111128
  0
3DFACE
  8
0
1001
WEBCAD
1000
E42_1778941710833
 10
68.3326950613552
 20
68.76720186387519
 30
43.218722541176184
 11
68.11009281171141
 21
67.88816545925053
 31
47.67642124115996
 12
64.66648825147252
 22
68.46280142654223
 32
47.67642124115996
 13
64.66648825147252
 23
68.46280142654223
 33
47.67642124115996
  0
3DFACE
  8
0
1001
WEBCAD
1000
E42_1778941710833
 10
68.3326950613552
 20
68.76720186387519
 30
43.218722541176184
 11
64.66648825147252
 21
68.46280142654223
 31
47.67642124115996
 12
64.74136985971052
 22
69.36648804642195
 32
43.218722541176184
 13
64.74136985971052
 23
69.36648804642195
 33
43.218722541176184
  0
3DFACE
  8
0
1001
WEBCAD
1000
E42_1778941710833
 10
68.3326950613552
 20
68.76720186387519
 30
43.218722541176184
 11
71.4121491225552
 21
66.75456809588923
 31
47.67642124115996
 12
68.11009281171141
 22
67.88816545925053
 32
47.67642124115996
 13
68.11009281171141
 23
67.88816545925053
 33
47.67642124115996
  0
3DFACE
  8
0
1001
WEBCAD
1000
E42_1778941710833
 10
48.87935205450606
 20
68.88857569381847
 30
25.387927741241082
 11
46.14751554081181
 21
65.61714898990121
 31
29.845626441224855
 12
45.53336762012424
 22
66.28429147372086
 32
25.387927741241082
 13
45.53336762012424
 23
66.28429147372086
 33
25.387927741241082
  0
3DFACE
  8
0
1001
WEBCAD
1000
E42_1778941710833
 10
48.87935205450606
 20
68.88857569381847
 30
25.387927741241082
 11
49.37531575425436
 21
68.12944673854545
 31
29.845626441224855
 12
46.14751554081181
 22
65.61714898990121
 32
29.845626441224855
 13
46.14751554081181
 23
65.61714898990121
 33
29.845626441224855
  0
3DFACE
  8
0
1001
WEBCAD
1000
E42_1778941710833
 10
78.17102859126874
 20
59.26608862727579
 30
56.5918186411275
 11
77.4554488039546
 21
58.70913052275685
 31
61.04951734111128
 12
75.39520526328869
 22
60.94715160317409
 32
61.04951734111128
 13
75.39520526328869
 23
60.94715160317409
 33
61.04951734111128
  0
3DFACE
  8
0
1001
WEBCAD
1000
E42_1778941710833
 10
78.17102859126874
 20
59.26608862727579
 30
56.5918186411275
 11
75.39520526328869
 21
60.94715160317409
 31
61.04951734111128
 12
76.00935318397569
 22
61.61429408699425
 32
56.5918186411275
 13
76.00935318397569
 23
61.61429408699425
 33
56.5918186411275
  0
3DFACE
  8
0
1001
WEBCAD
1000
E42_1778941710833
 10
64.81625146794858
 20
70.27017466630167
 30
38.761023841192404
 11
64.74136985971052
 21
69.36648804642195
 31
43.218722541176184
 12
61.025504780957306
 22
70.27017466630008
 32
38.761023841192404
 13
61.025504780957306
 23
70.27017466630008
 33
38.761023841192404
  0
3DFACE
  8
0
1001
WEBCAD
1000
E42_1778941710833
 10
44.91921969943667
 20
66.9514339575405
 30
20.930229041257306
 11
45.53336762012424
 21
66.28429147372086
 31
25.387927741241082
 12
41.946089359129076
 22
63.72175346340978
 32
20.930229041257306
 13
41.946089359129076
 23
63.72175346340978
 33
20.930229041257306
  0
3DFACE
  8
0
1001
WEBCAD
1000
E42_1778941710833
 10
44.91921969943667
 20
66.9514339575405
 30
20.930229041257306
 11
48.87935205450606
 21
68.88857569381847
 31
25.387927741241082
 12
45.53336762012424
 22
66.28429147372086
 32
25.387927741241082
 13
45.53336762012424
 23
66.28429147372086
 33
25.387927741241082
  0
3DFACE
  8
0
1001
WEBCAD
1000
E42_1778941710833
 10
76.62350110466275
 20
62.28143657081438
 30
52.13411994114373
 11
76.00935318397569
 21
61.61429408699425
 31
56.5918186411275
 12
73.98662199591485
 22
64.3338019621896
 32
52.13411994114373
 13
73.98662199591485
 23
64.3338019621896
 33
52.13411994114373
  0
3DFACE
  8
0
1001
WEBCAD
1000
E42_1778941710833
 10
60.950623172718565
 20
71.17386128617974
 30
34.30332514120863
 11
61.025504780957306
 21
70.27017466630008
 31
38.761023841192404
 12
57.286458937907355
 22
69.64623826849515
 32
38.761023841192404
 13
57.286458937907355
 23
69.64623826849515
 33
38.761023841192404
  0
3DFACE
  8
0
1001
WEBCAD
1000
E42_1778941710833
 10
60.950623172718565
 20
71.17386128617974
 30
34.30332514120863
 11
57.286458937907355
 21
69.64623826849515
 31
38.761023841192404
 12
57.06385668826283
 22
70.52527467311964
 32
34.30332514120863
 13
57.06385668826283
 23
70.52527467311964
 33
34.30332514120863
  0
3DFACE
  8
0
1001
WEBCAD
1000
E42_1778941710833
 10
41.23050957181442
 20
64.27871156792813
 30
16.472530341273533
 11
41.946089359129076
 21
63.72175346340978
 31
20.930229041257306
 12
38.747604076425205
 22
60.478341791437714
 32
16.472530341273533
 13
38.747604076425205
 23
60.478341791437714
 33
16.472530341273533
  0
3DFACE
  8
0
1001
WEBCAD
1000
E42_1778941710833
 10
41.23050957181442
 20
64.27871156792813
 30
16.472530341273533
 11
38.747604076425205
 21
60.478341791437714
 31
16.472530341273533
 12
39.66700756071742
 22
63.38247336159705
 32
12.87082582087876
 13
39.66700756071742
 23
63.38247336159705
 33
12.87082582087876
  0
3DFACE
  8
0
1001
WEBCAD
1000
E42_1778941710833
 10
41.23050957181442
 20
64.27871156792813
 30
16.472530341273533
 11
39.66700756071742
 21
63.38247336159705
 31
12.87082582087876
 12
41.70799175187881
 22
66.00582220470031
 32
12.87082582087876
 13
41.70799175187881
 23
66.00582220470031
 33
12.87082582087876
  0
3DFACE
  8
0
1001
WEBCAD
1000
E42_1778941710833
 10
80.19349016987417
 20
50.27870924590562
 30
65.50721604109505
 11
80.43232345978242
 21
47.39642007570771
 31
65.50721604110335
 12
79.52553971367661
 22
47.39642007570771
 32
69.96491474108714
 13
79.52553971367661
 23
47.39642007570771
 33
69.96491474108714
  0
3DFACE
  8
0
1001
WEBCAD
1000
E42_1778941710833
 10
80.19349016987417
 20
50.27870924590562
 30
65.50721604109505
 11
78.62585334814423
 21
52.787944880055875
 31
69.96491474107884
 12
79.483505049705
 22
53.08237708110025
 32
65.50721604109505
 13
79.483505049705
 23
53.08237708110025
 33
65.50721604109505
  0
3DFACE
  8
0
1001
WEBCAD
1000
E42_1778941710833
 10
80.19349016987417
 20
50.27870924590562
 30
65.50721604109505
 11
79.52553971367661
 21
47.39642007570771
 31
69.96491474108714
 12
79.29907377216074
 22
50.12945754674169
 32
69.96491474107884
 13
79.29907377216074
 23
50.12945754674169
 33
69.96491474107884
  0
3DFACE
  8
0
1001
WEBCAD
1000
E42_1778941710833
 10
80.19349016987417
 20
50.27870924590562
 30
65.50721604109505
 11
79.29907377216074
 21
50.12945754674169
 31
69.96491474107884
 12
78.62585334814423
 22
52.787944880055875
 32
69.96491474107884
 13
78.62585334814423
 23
52.787944880055875
 33
69.96491474107884
  0
3DFACE
  8
0
1001
WEBCAD
1000
E42_1778941710833
 10
74.48258569566252
 20
65.09293091746301
 30
47.67642124115996
 11
73.98662199591485
 21
64.3338019621896
 31
52.13411994114373
 12
71.04789824059515
 22
65.9241597281609
 32
52.13411994114373
 13
71.04789824059515
 23
65.9241597281609
 33
52.13411994114373
  0
3DFACE
  8
0
1001
WEBCAD
1000
E42_1778941710833
 10
74.48258569566252
 20
65.09293091746301
 30
47.67642124115996
 11
71.04789824059515
 21
65.9241597281609
 31
52.13411994114373
 12
71.4121491225552
 22
66.75456809588923
 32
47.67642124115996
 13
71.4121491225552
 23
66.75456809588923
 33
47.67642124115996
  0
3DFACE
  8
0
1001
WEBCAD
1000
E42_1778941710833
 10
56.84125443861825
 20
71.4043110777441
 30
29.845626441224855
 11
57.06385668826283
 21
70.52527467311964
 31
34.30332514120863
 12
53.33685448047123
 22
69.24579319906624
 32
34.30332514120863
 13
53.33685448047123
 23
69.24579319906624
 33
34.30332514120863
  0
3DFACE
  8
0
1001
WEBCAD
1000
E42_1778941710833
 10
56.84125443861825
 20
71.4043110777441
 30
29.845626441224855
 11
53.33685448047123
 21
69.24579319906624
 31
34.30332514120863
 12
52.97260359851043
 22
70.07620156679425
 32
29.845626441224855
 13
52.97260359851043
 23
70.07620156679425
 33
29.845626441224855
  0
3DFACE
  8
0
1001
WEBCAD
1000
E42_1778941710833
 10
80.34115675126577
 20
53.37680928214465
 30
61.04951734111128
 11
79.483505049705
 21
53.08237708110025
 31
65.50721604109505
 12
78.32173464256124
 22
55.73094683137148
 32
65.50721604109505
 13
78.32173464256124
 23
55.73094683137148
 33
65.50721604109505
  0
3DFACE
  8
0
1001
WEBCAD
1000
E42_1778941710833
 10
80.34115675126577
 20
53.37680928214465
 30
61.04951734111128
 11
78.32173464256124
 21
55.73094683137148
 31
65.50721604109505
 12
79.11922714528191
 22
56.16252819137932
 32
61.04951734111128
 13
79.11922714528191
 23
56.16252819137932
 33
61.04951734111128
  0
3DFACE
  8
0
1001
WEBCAD
1000
E42_1778941710833
 10
80.34115675126577
 20
53.37680928214465
 30
61.04951734111128
 11
80.19349016987417
 21
50.27870924590562
 31
65.50721604109505
 12
79.483505049705
 22
53.08237708110025
 32
65.50721604109505
 13
79.483505049705
 23
53.08237708110025
 33
65.50721604109505
  0
3DFACE
  8
0
1001
WEBCAD
1000
E42_1778941710833
 10
71.77640000451532
 20
67.58497646361755
 30
43.218722541176184
 11
71.4121491225552
 21
66.75456809588923
 31
47.67642124115996
 12
68.3326950613552
 22
68.76720186387519
 32
43.218722541176184
 13
68.3326950613552
 23
68.76720186387519
 33
43.218722541176184
  0
3DFACE
  8
0
1001
WEBCAD
1000
E42_1778941710833
 10
52.60835271654963
 20
70.9066099345223
 30
25.387927741241082
 11
52.97260359851043
 21
70.07620156679425
 31
29.845626441224855
 12
49.37531575425436
 22
68.12944673854545
 32
29.845626441224855
 13
49.37531575425436
 23
68.12944673854545
 33
29.845626441224855
  0
3DFACE
  8
0
1001
WEBCAD
1000
E42_1778941710833
 10
52.60835271654963
 20
70.9066099345223
 30
25.387927741241082
 11
49.37531575425436
 21
68.12944673854545
 31
29.845626441224855
 12
48.87935205450606
 22
68.88857569381847
 32
25.387927741241082
 13
48.87935205450606
 23
68.88857569381847
 33
25.387927741241082
  0
3DFACE
  8
0
1001
WEBCAD
1000
E42_1778941710833
 10
79.91671964800264
 20
56.59410955138719
 30
56.5918186411275
 11
79.11922714528191
 21
56.16252819137932
 31
61.04951734111128
 12
77.4554488039546
 22
58.70913052275685
 32
61.04951734111128
 13
77.4554488039546
 23
58.70913052275685
 33
61.04951734111128
  0
3DFACE
  8
0
1001
WEBCAD
1000
E42_1778941710833
 10
79.91671964800264
 20
56.59410955138719
 30
56.5918186411275
 11
77.4554488039546
 21
58.70913052275685
 31
61.04951734111128
 12
78.17102859126874
 22
59.26608862727579
 32
56.5918186411275
 13
78.17102859126874
 23
59.26608862727579
 33
56.5918186411275
  0
3DFACE
  8
0
1001
WEBCAD
1000
E42_1778941710833
 10
68.55529731099904
 20
69.64623826849984
 30
38.761023841192404
 11
71.77640000451532
 21
67.58497646361755
 31
43.218722541176184
 12
68.3326950613552
 22
68.76720186387519
 32
43.218722541176184
 13
68.3326950613552
 23
68.76720186387519
 33
43.218722541176184
  0
3DFACE
  8
0
1001
WEBCAD
1000
E42_1778941710833
 10
68.55529731099904
 20
69.64623826849984
 30
38.761023841192404
 11
68.3326950613552
 21
68.76720186387519
 31
43.218722541176184
 12
64.74136985971052
 22
69.36648804642195
 32
43.218722541176184
 13
64.74136985971052
 23
69.36648804642195
 33
43.218722541176184
  0
3DFACE
  8
0
1001
WEBCAD
1000
E42_1778941710833
 10
68.55529731099904
 20
69.64623826849984
 30
38.761023841192404
 11
64.74136985971052
 21
69.36648804642195
 31
43.218722541176184
 12
64.81625146794858
 22
70.27017466630167
 32
38.761023841192404
 13
64.81625146794858
 23
70.27017466630167
 33
38.761023841192404
  0
3DFACE
  8
0
1001
WEBCAD
1000
E42_1778941710833
 10
48.383388354757756
 20
69.64770464909148
 30
20.930229041257306
 11
48.87935205450606
 21
68.88857569381847
 31
25.387927741241082
 12
44.91921969943667
 22
66.9514339575405
 32
20.930229041257306
 13
44.91921969943667
 23
66.9514339575405
 33
20.930229041257306
  0
3DFACE
  8
0
1001
WEBCAD
1000
E42_1778941710833
 10
78.88660837858293
 20
59.82304673179473
 30
52.13411994114373
 11
79.91671964800264
 21
56.59410955138719
 31
56.5918186411275
 12
78.17102859126874
 22
59.26608862727579
 32
56.5918186411275
 13
78.17102859126874
 23
59.26608862727579
 33
56.5918186411275
  0
3DFACE
  8
0
1001
WEBCAD
1000
E42_1778941710833
 10
78.88660837858293
 20
59.82304673179473
 30
52.13411994114373
 11
76.00935318397569
 21
61.61429408699425
 31
56.5918186411275
 12
76.62350110466275
 22
62.28143657081438
 32
52.13411994114373
 13
76.62350110466275
 23
62.28143657081438
 33
52.13411994114373
  0
3DFACE
  8
0
1001
WEBCAD
1000
E42_1778941710833
 10
78.88660837858293
 20
59.82304673179473
 30
52.13411994114373
 11
78.17102859126874
 21
59.26608862727579
 31
56.5918186411275
 12
76.00935318397569
 22
61.61429408699425
 32
56.5918186411275
 13
76.00935318397569
 23
61.61429408699425
 33
56.5918186411275
  0
3DFACE
  8
0
1001
WEBCAD
1000
E42_1778941710833
 10
64.89113307618658
 20
71.17386128618136
 30
34.30332514120863
 11
61.025504780957306
 21
70.27017466630008
 31
38.761023841192404
 12
60.950623172718565
 22
71.17386128617974
 32
34.30332514120863
 13
60.950623172718565
 23
71.17386128617974
 33
34.30332514120863
  0
3DFACE
  8
0
1001
WEBCAD
1000
E42_1778941710833
 10
64.89113307618658
 20
71.17386128618136
 30
34.30332514120863
 11
64.81625146794858
 21
70.27017466630167
 31
38.761023841192404
 12
61.025504780957306
 22
70.27017466630008
 32
38.761023841192404
 13
61.025504780957306
 23
70.27017466630008
 33
38.761023841192404
  0
3DFACE
  8
0
1001
WEBCAD
1000
E42_1778941710833
 10
44.30507177874904
 20
67.61857644136015
 30
16.472530341273533
 11
44.043277119793686
 21
68.370989824888
 31
12.87082582087876
 12
46.64046462079773
 22
70.44516260115566
 32
12.87082582087876
 13
46.64046462079773
 23
70.44516260115566
 33
12.87082582087876
  0
3DFACE
  8
0
1001
WEBCAD
1000
E42_1778941710833
 10
44.30507177874904
 20
67.61857644136015
 30
16.472530341273533
 11
41.70799175187881
 21
66.00582220470031
 31
12.87082582087876
 12
44.043277119793686
 22
68.370989824888
 32
12.87082582087876
 13
44.043277119793686
 23
68.370989824888
 33
12.87082582087876
  0
3DFACE
  8
0
1001
WEBCAD
1000
E42_1778941710833
 10
44.30507177874904
 20
67.61857644136015
 30
16.472530341273533
 11
41.946089359129076
 21
63.72175346340978
 31
20.930229041257306
 12
41.23050957181442
 22
64.27871156792813
 32
16.472530341273533
 13
41.23050957181442
 23
64.27871156792813
 33
16.472530341273533
  0
3DFACE
  8
0
1001
WEBCAD
1000
E42_1778941710833
 10
44.30507177874904
 20
67.61857644136015
 30
16.472530341273533
 11
44.91921969943667
 21
66.9514339575405
 31
20.930229041257306
 12
41.946089359129076
 22
63.72175346340978
 32
20.930229041257306
 13
41.946089359129076
 23
63.72175346340978
 33
20.930229041257306
  0
3DFACE
  8
0
1001
WEBCAD
1000
E42_1778941710833
 10
44.30507177874904
 20
67.61857644136015
 30
16.472530341273533
 11
41.23050957181442
 21
64.27871156792813
 31
16.472530341273533
 12
41.70799175187881
 22
66.00582220470031
 32
12.87082582087876
 13
41.70799175187881
 23
66.00582220470031
 33
12.87082582087876
  0
3DFACE
  8
0
1001
WEBCAD
1000
E42_1778941710833
 10
77.23764902534975
 20
62.948579054634536
 30
47.67642124115996
 11
73.98662199591485
 21
64.3338019621896
 31
52.13411994114373
 12
74.48258569566252
 22
65.09293091746301
 32
47.67642124115996
 13
74.48258569566252
 23
65.09293091746301
 33
47.67642124115996
  0
3DFACE
  8
0
1001
WEBCAD
1000
E42_1778941710833
 10
77.23764902534975
 20
62.948579054634536
 30
47.67642124115996
 11
76.62350110466275
 21
62.28143657081438
 31
52.13411994114373
 12
73.98662199591485
 22
64.3338019621896
 32
52.13411994114373
 13
73.98662199591485
 23
64.3338019621896
 33
52.13411994114373
  0
3DFACE
  8
0
1001
WEBCAD
1000
E42_1778941710833
 10
60.875741564479824
 20
72.07754790605938
 30
29.845626441224855
 11
64.89113307618658
 21
71.17386128618136
 31
34.30332514120863
 12
60.950623172718565
 22
71.17386128617974
 32
34.30332514120863
 13
60.950623172718565
 23
71.17386128617974
 33
34.30332514120863
  0
3DFACE
  8
0
1001
WEBCAD
1000
E42_1778941710833
 10
60.875741564479824
 20
72.07754790605938
 30
29.845626441224855
 11
57.06385668826283
 21
70.52527467311964
 31
34.30332514120863
 12
56.84125443861825
 22
71.4043110777441
 32
29.845626441224855
 13
56.84125443861825
 23
71.4043110777441
 33
29.845626441224855
  0
3DFACE
  8
0
1001
WEBCAD
1000
E42_1778941710833
 10
60.875741564479824
 20
72.07754790605938
 30
29.845626441224855
 11
60.950623172718565
 21
71.17386128617974
 31
34.30332514120863
 12
57.06385668826283
 22
70.52527467311964
 32
34.30332514120863
 13
57.06385668826283
 23
70.52527467311964
 33
34.30332514120863
  0
3DFACE
  8
0
1001
WEBCAD
1000
E42_1778941710833
 10
81.08790656758754
 20
50.427960945069515
 30
61.04951734111128
 11
80.19349016987417
 21
50.27870924590562
 31
65.50721604109505
 12
80.34115675126577
 22
53.37680928214465
 32
61.04951734111128
 13
80.34115675126577
 23
53.37680928214465
 33
61.04951734111128
  0
3DFACE
  8
0
1001
WEBCAD
1000
E42_1778941710833
 10
81.08790656758754
 20
50.427960945069515
 30
61.04951734111128
 11
81.3391072058883
 21
47.39642007570771
 31
61.04951734111954
 12
80.43232345978242
 22
47.39642007570771
 32
65.50721604110335
 13
80.43232345978242
 23
47.39642007570771
 33
65.50721604110335
  0
3DFACE
  8
0
1001
WEBCAD
1000
E42_1778941710833
 10
81.08790656758754
 20
50.427960945069515
 30
61.04951734111128
 11
80.43232345978242
 21
47.39642007570771
 31
65.50721604110335
 12
80.19349016987417
 22
50.27870924590562
 32
65.50721604109505
 13
80.19349016987417
 23
50.27870924590562
 33
65.50721604109505
  0
3DFACE
  8
0
1001
WEBCAD
1000
E42_1778941710833
 10
74.97854939541025
 20
65.85205987273645
 30
43.218722541176184
 11
74.48258569566252
 21
65.09293091746301
 31
47.67642124115996
 12
71.4121491225552
 22
66.75456809588923
 32
47.67642124115996
 13
71.4121491225552
 23
66.75456809588923
 33
47.67642124115996
  0
3DFACE
  8
0
1001
WEBCAD
1000
E42_1778941710833
 10
74.97854939541025
 20
65.85205987273645
 30
43.218722541176184
 11
71.4121491225552
 21
66.75456809588923
 31
47.67642124115996
 12
71.77640000451532
 22
67.58497646361755
 32
43.218722541176184
 13
71.77640000451532
 23
67.58497646361755
 33
43.218722541176184
  0
3DFACE
  8
0
1001
WEBCAD
1000
E42_1778941710833
 10
74.97854939541025
 20
65.85205987273645
 30
43.218722541176184
 11
77.23764902534975
 21
62.948579054634536
 31
47.67642124115996
 12
74.48258569566252
 22
65.09293091746301
 32
47.67642124115996
 13
74.48258569566252
 23
65.09293091746301
 33
47.67642124115996
  0
3DFACE
  8
0
1001
WEBCAD
1000
E42_1778941710833
 10
56.618652188973726
 20
72.28334748236858
 30
25.387927741241082
 11
56.84125443861825
 21
71.4043110777441
 31
29.845626441224855
 12
52.97260359851043
 22
70.07620156679425
 32
29.845626441224855
 13
52.97260359851043
 23
70.07620156679425
 33
29.845626441224855
  0
3DFACE
  8
0
1001
WEBCAD
1000
E42_1778941710833
 10
56.618652188973726
 20
72.28334748236858
 30
25.387927741241082
 11
52.97260359851043
 21
70.07620156679425
 31
29.845626441224855
 12
52.60835271654963
 22
70.9066099345223
 32
25.387927741241082
 13
52.60835271654963
 23
70.9066099345223
 33
25.387927741241082
  0
3DFACE
  8
0
1001
WEBCAD
1000
E42_1778941710833
 10
81.19880845282654
 20
53.67124148318905
 30
56.5918186411275
 11
80.34115675126577
 21
53.37680928214465
 31
61.04951734111128
 12
79.11922714528191
 22
56.16252819137932
 32
61.04951734111128
 13
79.11922714528191
 23
56.16252819137932
 33
61.04951734111128
  0
3DFACE
  8
0
1001
WEBCAD
1000
E42_1778941710833
 10
81.19880845282654
 20
53.67124148318905
 30
56.5918186411275
 11
79.11922714528191
 21
56.16252819137932
 31
61.04951734111128
 12
79.91671964800264
 22
56.59410955138719
 32
56.5918186411275
 13
79.91671964800264
 23
56.59410955138719
 33
56.5918186411275
  0
3DFACE
  8
0
1001
WEBCAD
1000
E42_1778941710833
 10
72.14065088647538
 20
68.41538483134588
 30
38.761023841192404
 11
71.77640000451532
 21
67.58497646361755
 31
43.218722541176184
 12
68.55529731099904
 22
69.64623826849984
 32
38.761023841192404
 13
68.55529731099904
 23
69.64623826849984
 33
38.761023841192404
  0
3DFACE
  8
0
1001
WEBCAD
1000
E42_1778941710833
 10
72.14065088647538
 20
68.41538483134588
 30
38.761023841192404
 11
74.97854939541025
 21
65.85205987273645
 31
43.218722541176184
 12
71.77640000451532
 22
67.58497646361755
 32
43.218722541176184
 13
71.77640000451532
 23
67.58497646361755
 33
43.218722541176184
  0
3DFACE
  8
0
1001
WEBCAD
1000
E42_1778941710833
 10
52.24410183458889
 20
71.7370183022503
 30
20.930229041257306
 11
52.60835271654963
 21
70.9066099345223
 31
25.387927741241082
 12
48.87935205450606
 22
68.88857569381847
 32
25.387927741241082
 13
48.87935205450606
 23
68.88857569381847
 33
25.387927741241082
  0
3DFACE
  8
0
1001
WEBCAD
1000
E42_1778941710833
 10
52.24410183458889
 20
71.7370183022503
 30
20.930229041257306
 11
56.618652188973726
 21
72.28334748236858
 31
25.387927741241082
 12
52.60835271654963
 22
70.9066099345223
 32
25.387927741241082
 13
52.60835271654963
 23
70.9066099345223
 33
25.387927741241082
  0
3DFACE
  8
0
1001
WEBCAD
1000
E42_1778941710833
 10
52.24410183458889
 20
71.7370183022503
 30
20.930229041257306
 11
48.87935205450606
 21
68.88857569381847
 31
25.387927741241082
 12
48.383388354757756
 22
69.64770464909148
 32
20.930229041257306
 13
48.383388354757756
 23
69.64770464909148
 33
20.930229041257306
  0
3DFACE
  8
0
1001
WEBCAD
1000
E42_1778941710833
 10
80.71421215072331
 20
57.02569091139503
 30
52.13411994114373
 11
79.91671964800264
 21
56.59410955138719
 31
56.5918186411275
 12
78.88660837858293
 22
59.82304673179473
 32
52.13411994114373
 13
78.88660837858293
 23
59.82304673179473
 33
52.13411994114373
  0
3DFACE
  8
0
1001
WEBCAD
1000
E42_1778941710833
 10
68.77789956064282
 20
70.5252746731245
 30
34.30332514120863
 11
64.81625146794858
 21
70.27017466630167
 31
38.761023841192404
 12
64.89113307618658
 22
71.17386128618136
 32
34.30332514120863
 13
64.89113307618658
 23
71.17386128618136
 33
34.30332514120863
  0
3DFACE
  8
0
1001
WEBCAD
1000
E42_1778941710833
 10
68.77789956064282
 20
70.5252746731245
 30
34.30332514120863
 11
68.55529731099904
 21
69.64623826849984
 31
38.761023841192404
 12
64.81625146794858
 22
70.27017466630167
 32
38.761023841192404
 13
64.81625146794858
 23
70.27017466630167
 33
38.761023841192404
  0
3DFACE
  8
0
1001
WEBCAD
1000
E42_1778941710833
 10
47.8874246550094
 20
70.4068336043645
 30
16.472530341273533
 11
48.383388354757756
 21
69.64770464909148
 31
20.930229041257306
 12
44.91921969943667
 22
66.9514339575405
 32
20.930229041257306
 13
44.91921969943667
 23
66.9514339575405
 33
20.930229041257306
  0
3DFACE
  8
0
1001
WEBCAD
1000
E42_1778941710833
 10
47.8874246550094
 20
70.4068336043645
 30
16.472530341273533
 11
46.64046462079773
 21
70.44516260115566
 31
12.87082582087876
 12
49.46352166015731
 22
72.1995640870488
 32
12.87082582087876
 13
49.46352166015731
 23
72.1995640870488
 33
12.87082582087876
  0
3DFACE
  8
0
1001
WEBCAD
1000
E42_1778941710833
 10
47.8874246550094
 20
70.4068336043645
 30
16.472530341273533
 11
44.30507177874904
 21
67.61857644136015
 31
16.472530341273533
 12
46.64046462079773
 22
70.44516260115566
 32
12.87082582087876
 13
46.64046462079773
 23
70.44516260115566
 33
12.87082582087876
  0
3DFACE
  8
0
1001
WEBCAD
1000
E42_1778941710833
 10
47.8874246550094
 20
70.4068336043645
 30
16.472530341273533
 11
44.91921969943667
 21
66.9514339575405
 31
20.930229041257306
 12
44.30507177874904
 22
67.61857644136015
 32
16.472530341273533
 13
44.30507177874904
 23
67.61857644136015
 33
16.472530341273533
  0
3DFACE
  8
0
1001
WEBCAD
1000
E42_1778941710833
 10
79.60218816589713
 20
60.380004836313645
 30
47.67642124115996
 11
78.88660837858293
 21
59.82304673179473
 31
52.13411994114373
 12
76.62350110466275
 22
62.28143657081438
 32
52.13411994114373
 13
76.62350110466275
 23
62.28143657081438
 33
52.13411994114373
  0
3DFACE
  8
0
1001
WEBCAD
1000
E42_1778941710833
 10
79.60218816589713
 20
60.380004836313645
 30
47.67642124115996
 11
80.71421215072331
 21
57.02569091139503
 31
52.13411994114373
 12
78.88660837858293
 22
59.82304673179473
 32
52.13411994114373
 13
78.88660837858293
 23
59.82304673179473
 33
52.13411994114373
  0
3DFACE
  8
0
1001
WEBCAD
1000
E42_1778941710833
 10
79.60218816589713
 20
60.380004836313645
 30
47.67642124115996
 11
76.62350110466275
 21
62.28143657081438
 31
52.13411994114373
 12
77.23764902534975
 22
62.948579054634536
 32
47.67642124115996
 13
77.23764902534975
 23
62.948579054634536
 33
47.67642124115996
  0
3DFACE
  8
0
1001
WEBCAD
1000
E42_1778941710833
 10
64.96601468442458
 20
72.07754790606108
 30
29.845626441224855
 11
64.89113307618658
 21
71.17386128618136
 31
34.30332514120863
 12
60.875741564479824
 22
72.07754790605938
 32
29.845626441224855
 13
60.875741564479824
 23
72.07754790605938
 33
29.845626441224855
  0
3DFACE
  8
0
1001
WEBCAD
1000
E42_1778941710833
 10
77.85179694603681
 20
63.61572153845469
 30
43.218722541176184
 11
77.23764902534975
 21
62.948579054634536
 31
47.67642124115996
 12
74.97854939541025
 22
65.85205987273645
 32
43.218722541176184
 13
74.97854939541025
 23
65.85205987273645
 33
43.218722541176184
  0
3DFACE
  8
0
1001
WEBCAD
1000
E42_1778941710833
 10
60.80085995624103
 20
72.98123452593904
 30
25.387927741241082
 11
60.875741564479824
 21
72.07754790605938
 31
29.845626441224855
 12
56.84125443861825
 22
71.4043110777441
 32
29.845626441224855
 13
56.84125443861825
 23
71.4043110777441
 33
29.845626441224855
  0
3DFACE
  8
0
1001
WEBCAD
1000
E42_1778941710833
 10
60.80085995624103
 20
72.98123452593904
 30
25.387927741241082
 11
56.84125443861825
 21
71.4043110777441
 31
29.845626441224855
 12
56.618652188973726
 22
72.28334748236858
 32
25.387927741241082
 13
56.618652188973726
 23
72.28334748236858
 33
25.387927741241082
  0
3DFACE
  8
0
1001
WEBCAD
1000
E42_1778941710833
 10
81.98232296530097
 20
50.57721264423344
 30
56.5918186411275
 11
81.08790656758754
 21
50.427960945069515
 31
61.04951734111128
 12
80.34115675126577
 22
53.37680928214465
 32
61.04951734111128
 13
80.34115675126577
 23
53.37680928214465
 33
61.04951734111128
  0
3DFACE
  8
0
1001
WEBCAD
1000
E42_1778941710833
 10
81.98232296530097
 20
50.57721264423344
 30
56.5918186411275
 11
80.34115675126577
 21
53.37680928214465
 31
61.04951734111128
 12
81.19880845282654
 22
53.67124148318905
 32
56.5918186411275
 13
81.19880845282654
 23
53.67124148318905
 33
56.5918186411275
  0
3DFACE
  8
0
1001
WEBCAD
1000
E42_1778941710833
 10
81.98232296530097
 20
50.57721264423344
 30
56.5918186411275
 11
82.24589095199411
 21
47.39642007570771
 31
56.59181864113575
 12
81.3391072058883
 22
47.39642007570771
 32
61.04951734111954
 13
81.3391072058883
 23
47.39642007570771
 33
61.04951734111954
  0
3DFACE
  8
0
1001
WEBCAD
1000
E42_1778941710833
 10
81.98232296530097
 20
50.57721264423344
 30
56.5918186411275
 11
81.3391072058883
 21
47.39642007570771
 31
61.04951734111954
 12
81.08790656758754
 22
50.427960945069515
 32
61.04951734111128
 13
81.08790656758754
 23
50.427960945069515
 33
61.04951734111128
  0
3DFACE
  8
0
1001
WEBCAD
1000
E42_1778941710833
 10
75.47451309515793
 20
66.61118882800986
 30
38.761023841192404
 11
74.97854939541025
 21
65.85205987273645
 31
43.218722541176184
 12
72.14065088647538
 22
68.41538483134588
 32
38.761023841192404
 13
72.14065088647538
 23
68.41538483134588
 33
38.761023841192404
  0
3DFACE
  8
0
1001
WEBCAD
1000
E42_1778941710833
 10
75.47451309515793
 20
66.61118882800986
 30
38.761023841192404
 11
77.85179694603681
 21
63.61572153845469
 31
43.218722541176184
 12
74.97854939541025
 22
65.85205987273645
 32
43.218722541176184
 13
74.97854939541025
 23
65.85205987273645
 33
43.218722541176184
  0
3DFACE
  8
0
1001
WEBCAD
1000
E42_1778941710833
 10
56.3960499393292
 20
73.16238388699304
 30
20.930229041257306
 11
56.618652188973726
 21
72.28334748236858
 31
25.387927741241082
 12
52.24410183458889
 22
71.7370183022503
 32
20.930229041257306
 13
52.24410183458889
 23
71.7370183022503
 33
20.930229041257306
  0
3DFACE
  8
0
1001
WEBCAD
1000
E42_1778941710833
 10
82.05646015438731
 20
53.96567368423345
 30
52.13411994114373
 11
79.91671964800264
 21
56.59410955138719
 31
56.5918186411275
 12
80.71421215072331
 22
57.02569091139503
 32
52.13411994114373
 13
80.71421215072331
 23
57.02569091139503
 33
52.13411994114373
  0
3DFACE
  8
0
1001
WEBCAD
1000
E42_1778941710833
 10
82.05646015438731
 20
53.96567368423345
 30
52.13411994114373
 11
81.19880845282654
 21
53.67124148318905
 31
56.5918186411275
 12
79.91671964800264
 22
56.59410955138719
 32
56.5918186411275
 13
79.91671964800264
 23
56.59410955138719
 33
56.5918186411275
  0
3DFACE
  8
0
1001
WEBCAD
1000
E42_1778941710833
 10
82.05646015438731
 20
53.96567368423345
 30
52.13411994114373
 11
81.98232296530097
 21
50.57721264423344
 31
56.5918186411275
 12
81.19880845282654
 22
53.67124148318905
 32
56.5918186411275
 13
81.19880845282654
 23
53.67124148318905
 33
56.5918186411275
  0
3DFACE
  8
0
1001
WEBCAD
1000
E42_1778941710833
 10
72.5049017684355
 20
69.2457931990742
 30
34.30332514120863
 11
72.14065088647538
 21
68.41538483134588
 31
38.761023841192404
 12
68.55529731099904
 22
69.64623826849984
 32
38.761023841192404
 13
68.55529731099904
 23
69.64623826849984
 33
38.761023841192404
  0
3DFACE
  8
0
1001
WEBCAD
1000
E42_1778941710833
 10
72.5049017684355
 20
69.2457931990742
 30
34.30332514120863
 11
68.55529731099904
 21
69.64623826849984
 31
38.761023841192404
 12
68.77789956064282
 22
70.5252746731245
 32
34.30332514120863
 13
68.77789956064282
 23
70.5252746731245
 33
34.30332514120863
  0
3DFACE
  8
0
1001
WEBCAD
1000
E42_1778941710833
 10
51.87985095262809
 20
72.56742666997835
 30
16.472530341273533
 11
48.383388354757756
 21
69.64770464909148
 31
20.930229041257306
 12
47.8874246550094
 22
70.4068336043645
 32
16.472530341273533
 13
47.8874246550094
 23
70.4068336043645
 33
16.472530341273533
  0
3DFACE
  8
0
1001
WEBCAD
1000
E42_1778941710833
 10
51.87985095262809
 20
72.56742666997835
 30
16.472530341273533
 11
52.24410183458889
 21
71.7370183022503
 31
20.930229041257306
 12
48.383388354757756
 22
69.64770464909148
 32
20.930229041257306
 13
48.383388354757756
 23
69.64770464909148
 33
20.930229041257306
  0
3DFACE
  8
0
1001
WEBCAD
1000
E42_1778941710833
 10
51.87985095262809
 20
72.56742666997835
 30
16.472530341273533
 11
47.8874246550094
 21
70.4068336043645
 31
16.472530341273533
 12
49.46352166015731
 22
72.1995640870488
 32
12.87082582087876
 13
49.46352166015731
 23
72.1995640870488
 33
12.87082582087876
  0
3DFACE
  8
0
1001
WEBCAD
1000
E42_1778941710833
 10
51.87985095262809
 20
72.56742666997835
 30
16.472530341273533
 11
49.46352166015731
 21
72.1995640870488
 31
12.87082582087876
 12
52.47328199740241
 22
73.60985424638773
 32
12.87082582087876
 13
52.47328199740241
 23
73.60985424638773
 33
12.87082582087876
  0
3DFACE
  8
0
1001
WEBCAD
1000
E42_1778941710833
 10
81.51170465344399
 20
57.4572722714029
 30
47.67642124115996
 11
80.71421215072331
 21
57.02569091139503
 31
52.13411994114373
 12
79.60218816589713
 22
60.380004836313645
 32
47.67642124115996
 13
79.60218816589713
 23
60.380004836313645
 33
47.67642124115996
  0
3DFACE
  8
0
1001
WEBCAD
1000
E42_1778941710833
 10
81.51170465344399
 20
57.4572722714029
 30
47.67642124115996
 11
82.05646015438731
 21
53.96567368423345
 31
52.13411994114373
 12
80.71421215072331
 22
57.02569091139503
 32
52.13411994114373
 13
80.71421215072331
 23
57.02569091139503
 33
52.13411994114373
  0
3DFACE
  8
0
1001
WEBCAD
1000
E42_1778941710833
 10
69.00050181028666
 20
71.40431107774916
 30
29.845626441224855
 11
72.5049017684355
 21
69.2457931990742
 31
34.30332514120863
 12
68.77789956064282
 22
70.5252746731245
 32
34.30332514120863
 13
68.77789956064282
 23
70.5252746731245
 33
34.30332514120863
  0
3DFACE
  8
0
1001
WEBCAD
1000
E42_1778941710833
 10
69.00050181028666
 20
71.40431107774916
 30
29.845626441224855
 11
68.77789956064282
 21
70.5252746731245
 31
34.30332514120863
 12
64.89113307618658
 22
71.17386128618136
 32
34.30332514120863
 13
64.89113307618658
 23
71.17386128618136
 33
34.30332514120863
  0
3DFACE
  8
0
1001
WEBCAD
1000
E42_1778941710833
 10
69.00050181028666
 20
71.40431107774916
 30
29.845626441224855
 11
64.89113307618658
 21
71.17386128618136
 31
34.30332514120863
 12
64.96601468442458
 22
72.07754790606108
 32
29.845626441224855
 13
64.96601468442458
 23
72.07754790606108
 33
29.845626441224855
  0
3DFACE
  8
0
1001
WEBCAD
1000
E42_1778941710833
 10
80.31776795321133
 20
60.936962940832586
 30
43.218722541176184
 11
79.60218816589713
 21
60.380004836313645
 31
47.67642124115996
 12
77.23764902534975
 22
62.948579054634536
 32
47.67642124115996
 13
77.23764902534975
 23
62.948579054634536
 33
47.67642124115996
  0
3DFACE
  8
0
1001
WEBCAD
1000
E42_1778941710833
 10
80.31776795321133
 20
60.936962940832586
 30
43.218722541176184
 11
77.23764902534975
 21
62.948579054634536
 31
47.67642124115996
 12
77.85179694603681
 22
63.61572153845469
 32
43.218722541176184
 13
77.85179694603681
 23
63.61572153845469
 33
43.218722541176184
  0
3DFACE
  8
0
1001
WEBCAD
1000
E42_1778941710833
 10
65.04089629266258
 20
72.9812345259408
 30
25.387927741241082
 11
64.96601468442458
 21
72.07754790606108
 31
29.845626441224855
 12
60.875741564479824
 22
72.07754790605938
 32
29.845626441224855
 13
60.875741564479824
 23
72.07754790605938
 33
29.845626441224855
  0
3DFACE
  8
0
1001
WEBCAD
1000
E42_1778941710833
 10
65.04089629266258
 20
72.9812345259408
 30
25.387927741241082
 11
60.875741564479824
 21
72.07754790605938
 31
29.845626441224855
 12
60.80085995624103
 22
72.98123452593904
 32
25.387927741241082
 13
60.80085995624103
 23
72.98123452593904
 33
25.387927741241082
  0
3DFACE
  8
0
1001
WEBCAD
1000
E42_1778941710833
 10
78.46594486672382
 20
64.28286402227485
 30
38.761023841192404
 11
77.85179694603681
 21
63.61572153845469
 31
43.218722541176184
 12
75.47451309515793
 22
66.61118882800986
 32
38.761023841192404
 13
75.47451309515793
 23
66.61118882800986
 33
38.761023841192404
  0
3DFACE
  8
0
1001
WEBCAD
1000
E42_1778941710833
 10
60.725978348002286
 20
73.88492114581868
 30
20.930229041257306
 11
60.80085995624103
 21
72.98123452593904
 31
25.387927741241082
 12
56.618652188973726
 22
72.28334748236858
 32
25.387927741241082
 13
56.618652188973726
 23
72.28334748236858
 33
25.387927741241082
  0
3DFACE
  8
0
1001
WEBCAD
1000
E42_1778941710833
 10
60.725978348002286
 20
73.88492114581868
 30
20.930229041257306
 11
56.618652188973726
 21
72.28334748236858
 31
25.387927741241082
 12
56.3960499393292
 22
73.16238388699304
 32
20.930229041257306
 13
56.3960499393292
 23
73.16238388699304
 33
20.930229041257306
  0
3DFACE
  8
0
1001
WEBCAD
1000
E42_1778941710833
 10
82.87673936301434
 20
50.72646434339734
 30
52.13411994114373
 11
82.24589095199411
 21
47.39642007570771
 31
56.59181864113575
 12
81.98232296530097
 22
50.57721264423344
 32
56.5918186411275
 13
81.98232296530097
 23
50.57721264423344
 33
56.5918186411275
  0
3DFACE
  8
0
1001
WEBCAD
1000
E42_1778941710833
 10
82.87673936301434
 20
50.72646434339734
 30
52.13411994114373
 11
83.15267469809993
 21
47.39642007570771
 31
52.134119941151944
 12
82.24589095199411
 22
47.39642007570771
 32
56.59181864113575
 13
82.24589095199411
 23
47.39642007570771
 33
56.59181864113575
  0
3DFACE
  8
0
1001
WEBCAD
1000
E42_1778941710833
 10
82.87673936301434
 20
50.72646434339734
 30
52.13411994114373
 11
81.98232296530097
 21
50.57721264423344
 31
56.5918186411275
 12
82.05646015438731
 22
53.96567368423345
 32
52.13411994114373
 13
82.05646015438731
 23
53.96567368423345
 33
52.13411994114373
  0
3DFACE
  8
0
1001
WEBCAD
1000
E42_1778941710833
 10
75.97047679490561
 20
67.37031778328327
 30
34.30332514120863
 11
75.47451309515793
 21
66.61118882800986
 31
38.761023841192404
 12
72.14065088647538
 22
68.41538483134588
 32
38.761023841192404
 13
72.14065088647538
 23
68.41538483134588
 33
38.761023841192404
  0
3DFACE
  8
0
1001
WEBCAD
1000
E42_1778941710833
 10
75.97047679490561
 20
67.37031778328327
 30
34.30332514120863
 11
72.14065088647538
 21
68.41538483134588
 31
38.761023841192404
 12
72.5049017684355
 22
69.2457931990742
 32
34.30332514120863
 13
72.5049017684355
 23
69.2457931990742
 33
34.30332514120863
  0
3DFACE
  8
0
1001
WEBCAD
1000
E42_1778941710833
 10
56.17344768968462
 20
74.04142029161753
 30
16.472530341273533
 11
56.3960499393292
 21
73.16238388699304
 31
20.930229041257306
 12
52.24410183458889
 22
71.7370183022503
 32
20.930229041257306
 13
52.24410183458889
 23
71.7370183022503
 33
20.930229041257306
  0
3DFACE
  8
0
1001
WEBCAD
1000
E42_1778941710833
 10
56.17344768968462
 20
74.04142029161753
 30
16.472530341273533
 11
52.24410183458889
 21
71.7370183022503
 31
20.930229041257306
 12
51.87985095262809
 22
72.56742666997835
 32
16.472530341273533
 13
51.87985095262809
 23
72.56742666997835
 33
16.472530341273533
  0
3DFACE
  8
0
1001
WEBCAD
1000
E42_1778941710833
 10
56.17344768968462
 20
74.04142029161753
 30
16.472530341273533
 11
54.87435749648239
 21
74.62521831017773
 31
12.014831641297759
 12
58.083626158259506
 22
75.37417804388221
 32
12.014831641297759
 13
58.083626158259506
 23
75.37417804388221
 33
12.014831641297759
  0
3DFACE
  8
0
1001
WEBCAD
1000
E42_1778941710833
 10
56.17344768968462
 20
74.04142029161753
 30
16.472530341273533
 11
52.47328199740241
 21
73.60985424638773
 31
12.87082582087876
 12
54.87435749648239
 22
74.62521831017773
 32
12.014831641297759
 13
54.87435749648239
 23
74.62521831017773
 33
12.014831641297759
  0
3DFACE
  8
0
1001
WEBCAD
1000
E42_1778941710833
 10
56.17344768968462
 20
74.04142029161753
 30
16.472530341273533
 11
51.87985095262809
 21
72.56742666997835
 31
16.472530341273533
 12
52.47328199740241
 22
73.60985424638773
 32
12.87082582087876
 13
52.47328199740241
 23
73.60985424638773
 33
12.87082582087876
  0
3DFACE
  8
0
1001
WEBCAD
1000
E42_1778941710833
 10
82.91411185594808
 20
54.260105885277824
 30
47.67642124115996
 11
82.05646015438731
 21
53.96567368423345
 31
52.13411994114373
 12
81.51170465344399
 22
57.4572722714029
 32
47.67642124115996
 13
81.51170465344399
 23
57.4572722714029
 33
47.67642124115996
  0
3DFACE
  8
0
1001
WEBCAD
1000
E42_1778941710833
 10
72.86915265039562
 20
70.07620156680252
 30
29.845626441224855
 11
72.5049017684355
 21
69.2457931990742
 31
34.30332514120863
 12
69.00050181028666
 22
71.40431107774916
 32
29.845626441224855
 13
69.00050181028666
 23
71.40431107774916
 33
29.845626441224855
  0
3DFACE
  8
0
1001
WEBCAD
1000
E42_1778941710833
 10
82.30919715616466
 20
57.88885363141074
 30
43.218722541176184
 11
82.91411185594808
 21
54.260105885277824
 31
47.67642124115996
 12
81.51170465344399
 22
57.4572722714029
 32
47.67642124115996
 13
81.51170465344399
 23
57.4572722714029
 33
47.67642124115996
  0
3DFACE
  8
0
1001
WEBCAD
1000
E42_1778941710833
 10
82.30919715616466
 20
57.88885363141074
 30
43.218722541176184
 11
79.60218816589713
 21
60.380004836313645
 31
47.67642124115996
 12
80.31776795321133
 22
60.936962940832586
 32
43.218722541176184
 13
80.31776795321133
 23
60.936962940832586
 33
43.218722541176184
  0
3DFACE
  8
0
1001
WEBCAD
1000
E42_1778941710833
 10
82.30919715616466
 20
57.88885363141074
 30
43.218722541176184
 11
81.51170465344399
 21
57.4572722714029
 31
47.67642124115996
 12
79.60218816589713
 22
60.380004836313645
 32
47.67642124115996
 13
79.60218816589713
 23
60.380004836313645
 33
47.67642124115996
  0
3DFACE
  8
0
1001
WEBCAD
1000
E42_1778941710833
 10
69.22310405993045
 20
72.28334748237381
 30
25.387927741241082
 11
64.96601468442458
 21
72.07754790606108
 31
29.845626441224855
 12
65.04089629266258
 22
72.9812345259408
 32
25.387927741241082
 13
65.04089629266258
 23
72.9812345259408
 33
25.387927741241082
  0
3DFACE
  8
0
1001
WEBCAD
1000
E42_1778941710833
 10
69.22310405993045
 20
72.28334748237381
 30
25.387927741241082
 11
69.00050181028666
 21
71.40431107774916
 31
29.845626441224855
 12
64.96601468442458
 22
72.07754790606108
 32
29.845626441224855
 13
64.96601468442458
 23
72.07754790606108
 33
29.845626441224855
  0
3DFACE
  8
0
1001
WEBCAD
1000
E42_1778941710833
 10
81.03334774052547
 20
61.49392104535153
 30
38.761023841192404
 11
80.31776795321133
 21
60.936962940832586
 31
43.218722541176184
 12
77.85179694603681
 22
63.61572153845469
 32
43.218722541176184
 13
77.85179694603681
 23
63.61572153845469
 33
43.218722541176184
  0
3DFACE
  8
0
1001
WEBCAD
1000
E42_1778941710833
 10
81.03334774052547
 20
61.49392104535153
 30
38.761023841192404
 11
77.85179694603681
 21
63.61572153845469
 31
43.218722541176184
 12
78.46594486672382
 22
64.28286402227485
 32
38.761023841192404
 13
78.46594486672382
 23
64.28286402227485
 33
38.761023841192404
  0
3DFACE
  8
0
1001
WEBCAD
1000
E42_1778941710833
 10
81.03334774052547
 20
61.49392104535153
 30
38.761023841192404
 11
82.30919715616466
 21
57.88885363141074
 31
43.218722541176184
 12
80.31776795321133
 22
60.936962940832586
 32
43.218722541176184
 13
80.31776795321133
 23
60.936962940832586
 33
43.218722541176184
  0
3DFACE
  8
0
1001
WEBCAD
1000
E42_1778941710833
 10
65.11577790090058
 20
73.88492114582053
 30
20.930229041257306
 11
60.80085995624103
 21
72.98123452593904
 31
25.387927741241082
 12
60.725978348002286
 22
73.88492114581868
 32
20.930229041257306
 13
60.725978348002286
 23
73.88492114581868
 33
20.930229041257306
  0
3DFACE
  8
0
1001
WEBCAD
1000
E42_1778941710833
 10
65.11577790090058
 20
73.88492114582053
 30
20.930229041257306
 11
65.04089629266258
 21
72.9812345259408
 31
25.387927741241082
 12
60.80085995624103
 22
72.98123452593904
 32
25.387927741241082
 13
60.80085995624103
 23
72.98123452593904
 33
25.387927741241082
  0
3DFACE
  8
0
1001
WEBCAD
1000
E42_1778941710833
 10
79.08009278741088
 20
64.95000650609501
 30
34.30332514120863
 11
75.47451309515793
 21
66.61118882800986
 31
38.761023841192404
 12
75.97047679490561
 22
67.37031778328327
 32
34.30332514120863
 13
75.97047679490561
 23
67.37031778328327
 33
34.30332514120863
  0
3DFACE
  8
0
1001
WEBCAD
1000
E42_1778941710833
 10
79.08009278741088
 20
64.95000650609501
 30
34.30332514120863
 11
78.46594486672382
 21
64.28286402227485
 31
38.761023841192404
 12
75.47451309515793
 22
66.61118882800986
 32
38.761023841192404
 13
75.47451309515793
 23
66.61118882800986
 33
38.761023841192404
  0
3DFACE
  8
0
1001
WEBCAD
1000
E42_1778941710833
 10
60.651096739763545
 20
74.78860776569834
 30
16.472530341273533
 11
60.725978348002286
 21
73.88492114581868
 31
20.930229041257306
 12
56.3960499393292
 22
73.16238388699304
 32
20.930229041257306
 13
56.3960499393292
 23
73.16238388699304
 33
20.930229041257306
  0
3DFACE
  8
0
1001
WEBCAD
1000
E42_1778941710833
 10
60.651096739763545
 20
74.78860776569834
 30
16.472530341273533
 11
56.17344768968462
 21
74.04142029161753
 31
16.472530341273533
 12
58.083626158259506
 22
75.37417804388221
 32
12.014831641297759
 13
58.083626158259506
 23
75.37417804388221
 33
12.014831641297759
  0
3DFACE
  8
0
1001
WEBCAD
1000
E42_1778941710833
 10
60.651096739763545
 20
74.78860776569834
 30
16.472530341273533
 11
58.083626158259506
 21
75.37417804388221
 31
12.014831641297759
 12
61.358061318733576
 22
75.74622697349832
 32
12.014831641297759
 13
61.358061318733576
 23
75.74622697349832
 33
12.014831641297759
  0
3DFACE
  8
0
1001
WEBCAD
1000
E42_1778941710833
 10
60.651096739763545
 20
74.78860776569834
 30
16.472530341273533
 11
56.3960499393292
 21
73.16238388699304
 31
20.930229041257306
 12
56.17344768968462
 22
74.04142029161753
 32
16.472530341273533
 13
56.17344768968462
 23
74.04142029161753
 33
16.472530341273533
  0
3DFACE
  8
0
1001
WEBCAD
1000
E42_1778941710833
 10
83.77115576072777
 20
50.875716042561265
 30
47.67642124115996
 11
83.15267469809993
 21
47.39642007570771
 31
52.134119941151944
 12
82.87673936301434
 22
50.72646434339734
 32
52.13411994114373
 13
82.87673936301434
 23
50.72646434339734
 33
52.13411994114373
  0
3DFACE
  8
0
1001
WEBCAD
1000
E42_1778941710833
 10
83.77115576072777
 20
50.875716042561265
 30
47.67642124115996
 11
84.0594584442058
 21
47.39642007570771
 31
47.67642124116815
 12
83.15267469809993
 22
47.39642007570771
 32
52.134119941151944
 13
83.15267469809993
 23
47.39642007570771
 33
52.134119941151944
  0
3DFACE
  8
0
1001
WEBCAD
1000
E42_1778941710833
 10
83.77115576072777
 20
50.875716042561265
 30
47.67642124115996
 11
82.87673936301434
 21
50.72646434339734
 31
52.13411994114373
 12
82.05646015438731
 22
53.96567368423345
 32
52.13411994114373
 13
82.05646015438731
 23
53.96567368423345
 33
52.13411994114373
  0
3DFACE
  8
0
1001
WEBCAD
1000
E42_1778941710833
 10
83.77115576072777
 20
50.875716042561265
 30
47.67642124115996
 11
82.05646015438731
 21
53.96567368423345
 31
52.13411994114373
 12
82.91411185594808
 22
54.260105885277824
 32
47.67642124115996
 13
82.91411185594808
 23
54.260105885277824
 33
47.67642124115996
  0
3DFACE
  8
0
1001
WEBCAD
1000
E42_1778941710833
 10
76.46644049465328
 20
68.12944673855671
 30
29.845626441224855
 11
72.5049017684355
 21
69.2457931990742
 31
34.30332514120863
 12
72.86915265039562
 22
70.07620156680252
 32
29.845626441224855
 13
72.86915265039562
 23
70.07620156680252
 33
29.845626441224855
  0
3DFACE
  8
0
1001
WEBCAD
1000
E42_1778941710833
 10
76.46644049465328
 20
68.12944673855671
 30
29.845626441224855
 11
75.97047679490561
 21
67.37031778328327
 31
34.30332514120863
 12
72.5049017684355
 22
69.2457931990742
 32
34.30332514120863
 13
72.5049017684355
 23
69.2457931990742
 33
34.30332514120863
  0
3DFACE
  8
0
1001
WEBCAD
1000
E42_1778941710833
 10
76.46644049465328
 20
68.12944673855671
 30
29.845626441224855
 11
79.08009278741088
 21
64.95000650609501
 31
34.30332514120863
 12
75.97047679490561
 22
67.37031778328327
 32
34.30332514120863
 13
75.97047679490561
 23
67.37031778328327
 33
34.30332514120863
  0
3DFACE
  8
0
1001
WEBCAD
1000
E42_1778941710833
 10
83.77176355750885
 20
54.554538086322225
 30
43.218722541176184
 11
82.91411185594808
 21
54.260105885277824
 31
47.67642124115996
 12
82.30919715616466
 22
57.88885363141074
 32
43.218722541176184
 13
82.30919715616466
 23
57.88885363141074
 33
43.218722541176184
  0
3DFACE
  8
0
1001
WEBCAD
1000
E42_1778941710833
 10
73.23340353235568
 20
70.90660993453085
 30
25.387927741241082
 11
69.00050181028666
 21
71.40431107774916
 31
29.845626441224855
 12
69.22310405993045
 22
72.28334748237381
 32
25.387927741241082
 13
69.22310405993045
 23
72.28334748237381
 33
25.387927741241082
  0
3DFACE
  8
0
1001
WEBCAD
1000
E42_1778941710833
 10
73.23340353235568
 20
70.90660993453085
 30
25.387927741241082
 11
72.86915265039562
 21
70.07620156680252
 31
29.845626441224855
 12
69.00050181028666
 22
71.40431107774916
 32
29.845626441224855
 13
69.00050181028666
 23
71.40431107774916
 33
29.845626441224855
  0
3DFACE
  8
0
1001
WEBCAD
1000
E42_1778941710833
 10
83.10668965888539
 20
58.32043499141858
 30
38.761023841192404
 11
82.30919715616466
 21
57.88885363141074
 31
43.218722541176184
 12
81.03334774052547
 22
61.49392104535153
 32
38.761023841192404
 13
81.03334774052547
 23
61.49392104535153
 33
38.761023841192404
  0
3DFACE
  8
0
1001
WEBCAD
1000
E42_1778941710833
 10
69.44570630957429
 20
73.16238388699847
 30
20.930229041257306
 11
69.22310405993045
 21
72.28334748237381
 31
25.387927741241082
 12
65.04089629266258
 22
72.9812345259408
 32
25.387927741241082
 13
65.04089629266258
 23
72.9812345259408
 33
25.387927741241082
  0
3DFACE
  8
0
1001
WEBCAD
1000
E42_1778941710833
 10
69.44570630957429
 20
73.16238388699847
 30
20.930229041257306
 11
65.04089629266258
 21
72.9812345259408
 31
25.387927741241082
 12
65.11577790090058
 22
73.88492114582053
 32
20.930229041257306
 13
65.11577790090058
 23
73.88492114582053
 33
20.930229041257306
  0
3DFACE
  8
0
1001
WEBCAD
1000
E42_1778941710833
 10
69.44570630957429
 20
73.16238388699847
 30
20.930229041257306
 11
73.23340353235568
 21
70.90660993453085
 31
25.387927741241082
 12
69.22310405993045
 22
72.28334748237381
 32
25.387927741241082
 13
69.22310405993045
 23
72.28334748237381
 33
25.387927741241082
  0
3DFACE
  8
0
1001
WEBCAD
1000
E42_1778941710833
 10
81.74892752783967
 20
62.05087914987044
 30
34.30332514120863
 11
78.46594486672382
 21
64.28286402227485
 31
38.761023841192404
 12
79.08009278741088
 22
64.95000650609501
 32
34.30332514120863
 13
79.08009278741088
 23
64.95000650609501
 33
34.30332514120863
  0
3DFACE
  8
0
1001
WEBCAD
1000
E42_1778941710833
 10
81.74892752783967
 20
62.05087914987044
 30
34.30332514120863
 11
81.03334774052547
 21
61.49392104535153
 31
38.761023841192404
 12
78.46594486672382
 22
64.28286402227485
 32
38.761023841192404
 13
78.46594486672382
 23
64.28286402227485
 33
38.761023841192404
  0
3DFACE
  8
0
1001
WEBCAD
1000
E42_1778941710833
 10
65.19065950913858
 20
74.78860776570022
 30
16.472530341273533
 11
60.725978348002286
 21
73.88492114581868
 31
20.930229041257306
 12
60.651096739763545
 22
74.78860776569834
 32
16.472530341273533
 13
60.651096739763545
 23
74.78860776569834
 33
16.472530341273533
  0
3DFACE
  8
0
1001
WEBCAD
1000
E42_1778941710833
 10
65.19065950913858
 20
74.78860776570022
 30
16.472530341273533
 11
60.651096739763545
 21
74.78860776569834
 31
16.472530341273533
 12
61.358061318733576
 22
75.74622697349832
 32
12.014831641297759
 13
61.358061318733576
 23
75.74622697349832
 33
12.014831641297759
  0
3DFACE
  8
0
1001
WEBCAD
1000
E42_1778941710833
 10
65.19065950913858
 20
74.78860776570022
 30
16.472530341273533
 11
65.11577790090058
 21
73.88492114582053
 31
20.930229041257306
 12
60.725978348002286
 22
73.88492114581868
 32
20.930229041257306
 13
60.725978348002286
 23
73.88492114581868
 33
20.930229041257306
  0
3DFACE
  8
0
1001
WEBCAD
1000
E42_1778941710833
 10
65.19065950913858
 20
74.78860776570022
 30
16.472530341273533
 11
64.65355043712498
 21
75.73635292967222
 31
12.014831641297759
 12
67.92569733791186
 22
75.34468893356316
 32
12.014831641297759
 13
67.92569733791186
 23
75.34468893356316
 33
12.014831641297759
  0
3DFACE
  8
0
1001
WEBCAD
1000
E42_1778941710833
 10
65.19065950913858
 20
74.78860776570022
 30
16.472530341273533
 11
61.358061318733576
 21
75.74622697349832
 31
12.014831641297759
 12
64.65355043712498
 22
75.73635292967222
 32
12.014831641297759
 13
64.65355043712498
 23
75.73635292967222
 33
12.014831641297759
  0
3DFACE
  8
0
1001
WEBCAD
1000
E42_1778941710833
 10
79.69424070809788
 20
65.61714898991517
 30
29.845626441224855
 11
79.08009278741088
 21
64.95000650609501
 31
34.30332514120863
 12
76.46644049465328
 22
68.12944673855671
 32
29.845626441224855
 13
76.46644049465328
 23
68.12944673855671
 33
29.845626441224855
  0
3DFACE
  8
0
1001
WEBCAD
1000
E42_1778941710833
 10
84.66557215844114
 20
51.02496774172516
 30
43.218722541176184
 11
84.96624219031162
 21
47.39642007570771
 31
43.21872254118435
 12
84.0594584442058
 22
47.39642007570771
 32
47.67642124116815
 13
84.0594584442058
 23
47.39642007570771
 33
47.67642124116815
  0
3DFACE
  8
0
1001
WEBCAD
1000
E42_1778941710833
 10
84.66557215844114
 20
51.02496774172516
 30
43.218722541176184
 11
84.0594584442058
 21
47.39642007570771
 31
47.67642124116815
 12
83.77115576072777
 22
50.875716042561265
 32
47.67642124115996
 13
83.77115576072777
 23
50.875716042561265
 33
47.67642124115996
  0
3DFACE
  8
0
1001
WEBCAD
1000
E42_1778941710833
 10
84.66557215844114
 20
51.02496774172516
 30
43.218722541176184
 11
83.77115576072777
 21
50.875716042561265
 31
47.67642124115996
 12
82.91411185594808
 22
54.260105885277824
 32
47.67642124115996
 13
82.91411185594808
 23
54.260105885277824
 33
47.67642124115996
  0
3DFACE
  8
0
1001
WEBCAD
1000
E42_1778941710833
 10
84.66557215844114
 20
51.02496774172516
 30
43.218722541176184
 11
82.91411185594808
 21
54.260105885277824
 31
47.67642124115996
 12
83.77176355750885
 22
54.554538086322225
 32
43.218722541176184
 13
83.77176355750885
 23
54.554538086322225
 33
43.218722541176184
  0
3DFACE
  8
0
1001
WEBCAD
1000
E42_1778941710833
 10
76.96240419440096
 20
68.88857569383012
 30
25.387927741241082
 11
72.86915265039562
 21
70.07620156680252
 31
29.845626441224855
 12
73.23340353235568
 22
70.90660993453085
 32
25.387927741241082
 13
73.23340353235568
 23
70.90660993453085
 33
25.387927741241082
  0
3DFACE
  8
0
1001
WEBCAD
1000
E42_1778941710833
 10
76.96240419440096
 20
68.88857569383012
 30
25.387927741241082
 11
76.46644049465328
 21
68.12944673855671
 31
29.845626441224855
 12
72.86915265039562
 22
70.07620156680252
 32
29.845626441224855
 13
72.86915265039562
 23
70.07620156680252
 33
29.845626441224855
  0
3DFACE
  8
0
1001
WEBCAD
1000
E42_1778941710833
 10
76.96240419440096
 20
68.88857569383012
 30
25.387927741241082
 11
79.69424070809788
 21
65.61714898991517
 31
29.845626441224855
 12
76.46644049465328
 22
68.12944673855671
 32
29.845626441224855
 13
76.46644049465328
 23
68.12944673855671
 33
29.845626441224855
  0
3DFACE
  8
0
1001
WEBCAD
1000
E42_1778941710833
 10
84.62941525906962
 20
54.848970287366626
 30
38.761023841192404
 11
83.77176355750885
 21
54.554538086322225
 31
43.218722541176184
 12
82.30919715616466
 22
57.88885363141074
 32
43.218722541176184
 13
82.30919715616466
 23
57.88885363141074
 33
43.218722541176184
  0
3DFACE
  8
0
1001
WEBCAD
1000
E42_1778941710833
 10
84.62941525906962
 20
54.848970287366626
 30
38.761023841192404
 11
82.30919715616466
 21
57.88885363141074
 31
43.218722541176184
 12
83.10668965888539
 22
58.32043499141858
 32
38.761023841192404
 13
83.10668965888539
 23
58.32043499141858
 33
38.761023841192404
  0
3DFACE
  8
0
1001
WEBCAD
1000
E42_1778941710833
 10
73.5976544143158
 20
71.73701830225917
 30
20.930229041257306
 11
73.23340353235568
 21
70.90660993453085
 31
25.387927741241082
 12
69.44570630957429
 22
73.16238388699847
 32
20.930229041257306
 13
69.44570630957429
 23
73.16238388699847
 33
20.930229041257306
  0
3DFACE
  8
0
1001
WEBCAD
1000
E42_1778941710833
 10
73.5976544143158
 20
71.73701830225917
 30
20.930229041257306
 11
76.96240419440096
 21
68.88857569383012
 31
25.387927741241082
 12
73.23340353235568
 22
70.90660993453085
 32
25.387927741241082
 13
73.23340353235568
 23
70.90660993453085
 33
25.387927741241082
  0
3DFACE
  8
0
1001
WEBCAD
1000
E42_1778941710833
 10
83.90418216160606
 20
58.75201635142642
 30
34.30332514120863
 11
83.10668965888539
 21
58.32043499141858
 31
38.761023841192404
 12
81.03334774052547
 22
61.49392104535153
 32
38.761023841192404
 13
81.03334774052547
 23
61.49392104535153
 33
38.761023841192404
  0
3DFACE
  8
0
1001
WEBCAD
1000
E42_1778941710833
 10
83.90418216160606
 20
58.75201635142642
 30
34.30332514120863
 11
81.03334774052547
 21
61.49392104535153
 31
38.761023841192404
 12
81.74892752783967
 22
62.05087914987044
 32
34.30332514120863
 13
81.74892752783967
 23
62.05087914987044
 33
34.30332514120863
  0
3DFACE
  8
0
1001
WEBCAD
1000
E42_1778941710833
 10
69.66830855921808
 20
74.04142029162313
 30
16.472530341273533
 11
65.11577790090058
 21
73.88492114582053
 31
20.930229041257306
 12
65.19065950913858
 22
74.78860776570022
 32
16.472530341273533
 13
65.19065950913858
 23
74.78860776570022
 33
16.472530341273533
  0
3DFACE
  8
0
1001
WEBCAD
1000
E42_1778941710833
 10
69.66830855921808
 20
74.04142029162313
 30
16.472530341273533
 11
67.92569733791186
 21
75.34468893356316
 31
12.014831641297759
 12
71.13042030729662
 22
74.57651140481389
 32
12.014831641297759
 13
71.13042030729662
 23
74.57651140481389
 33
12.014831641297759
  0
3DFACE
  8
0
1001
WEBCAD
1000
E42_1778941710833
 10
69.66830855921808
 20
74.04142029162313
 30
16.472530341273533
 11
65.19065950913858
 21
74.78860776570022
 31
16.472530341273533
 12
67.92569733791186
 22
75.34468893356316
 32
12.014831641297759
 13
67.92569733791186
 23
75.34468893356316
 33
12.014831641297759
  0
3DFACE
  8
0
1001
WEBCAD
1000
E42_1778941710833
 10
69.66830855921808
 20
74.04142029162313
 30
16.472530341273533
 11
73.5976544143158
 21
71.73701830225917
 31
20.930229041257306
 12
69.44570630957429
 22
73.16238388699847
 32
20.930229041257306
 13
69.44570630957429
 23
73.16238388699847
 33
20.930229041257306
  0
3DFACE
  8
0
1001
WEBCAD
1000
E42_1778941710833
 10
69.66830855921808
 20
74.04142029162313
 30
16.472530341273533
 11
69.44570630957429
 21
73.16238388699847
 31
20.930229041257306
 12
65.11577790090058
 22
73.88492114582053
 32
20.930229041257306
 13
65.11577790090058
 23
73.88492114582053
 33
20.930229041257306
  0
3DFACE
  8
0
1001
WEBCAD
1000
E42_1778941710833
 10
82.46450731515387
 20
62.60783725438938
 30
29.845626441224855
 11
81.74892752783967
 21
62.05087914987044
 31
34.30332514120863
 12
79.08009278741088
 22
64.95000650609501
 32
34.30332514120863
 13
79.08009278741088
 23
64.95000650609501
 33
34.30332514120863
  0
3DFACE
  8
0
1001
WEBCAD
1000
E42_1778941710833
 10
82.46450731515387
 20
62.60783725438938
 30
29.845626441224855
 11
79.08009278741088
 21
64.95000650609501
 31
34.30332514120863
 12
79.69424070809788
 22
65.61714898991517
 32
29.845626441224855
 13
79.69424070809788
 23
65.61714898991517
 33
29.845626441224855
  0
3DFACE
  8
0
1001
WEBCAD
1000
E42_1778941710833
 10
82.46450731515387
 20
62.60783725438938
 30
29.845626441224855
 11
83.90418216160606
 21
58.75201635142642
 31
34.30332514120863
 12
81.74892752783967
 22
62.05087914987044
 32
34.30332514120863
 13
81.74892752783967
 23
62.05087914987044
 33
34.30332514120863
  0
3DFACE
  8
0
1001
WEBCAD
1000
E42_1778941710833
 10
80.30838862878494
 20
66.28429147373532
 30
25.387927741241082
 11
79.69424070809788
 21
65.61714898991517
 31
29.845626441224855
 12
76.96240419440096
 22
68.88857569383012
 32
25.387927741241082
 13
76.96240419440096
 23
68.88857569383012
 33
25.387927741241082
  0
3DFACE
  8
0
1001
WEBCAD
1000
E42_1778941710833
 10
85.55998855615456
 20
51.17421944088909
 30
38.761023841192404
 11
86.77980968252325
 21
47.39642007570771
 31
34.30332514121675
 12
85.87302593641743
 22
47.39642007570771
 32
38.761023841200554
 13
85.87302593641743
 23
47.39642007570771
 33
38.761023841200554
  0
3DFACE
  8
0
1001
WEBCAD
1000
E42_1778941710833
 10
85.55998855615456
 20
51.17421944088909
 30
38.761023841192404
 11
85.87302593641743
 21
47.39642007570771
 31
38.761023841200554
 12
84.96624219031162
 22
47.39642007570771
 32
43.21872254118435
 13
84.96624219031162
 23
47.39642007570771
 33
43.21872254118435
  0
3DFACE
  8
0
1001
WEBCAD
1000
E42_1778941710833
 10
85.55998855615456
 20
51.17421944088909
 30
38.761023841192404
 11
84.96624219031162
 21
47.39642007570771
 31
43.21872254118435
 12
84.66557215844114
 22
51.02496774172516
 32
43.218722541176184
 13
84.66557215844114
 23
51.02496774172516
 33
43.218722541176184
  0
3DFACE
  8
0
1001
WEBCAD
1000
E42_1778941710833
 10
85.55998855615456
 20
51.17421944088909
 30
38.761023841192404
 11
84.66557215844114
 21
51.02496774172516
 31
43.218722541176184
 12
83.77176355750885
 22
54.554538086322225
 32
43.218722541176184
 13
83.77176355750885
 23
54.554538086322225
 33
43.218722541176184
  0
3DFACE
  8
0
1001
WEBCAD
1000
E42_1778941710833
 10
85.55998855615456
 20
51.17421944088909
 30
38.761023841192404
 11
83.77176355750885
 21
54.554538086322225
 31
43.218722541176184
 12
84.62941525906962
 22
54.848970287366626
 32
38.761023841192404
 13
84.62941525906962
 23
54.848970287366626
 33
38.761023841192404
  0
3DFACE
  8
0
1001
WEBCAD
1000
E42_1778941710833
 10
77.45836789414864
 20
69.64770464910356
 30
20.930229041257306
 11
76.96240419440096
 21
68.88857569383012
 31
25.387927741241082
 12
73.5976544143158
 22
71.73701830225917
 32
20.930229041257306
 13
73.5976544143158
 23
71.73701830225917
 33
20.930229041257306
  0
3DFACE
  8
0
1001
WEBCAD
1000
E42_1778941710833
 10
85.48706696063039
 20
55.14340248841103
 30
34.30332514120863
 11
85.55998855615456
 21
51.17421944088909
 31
38.761023841192404
 12
84.62941525906962
 22
54.848970287366626
 32
38.761023841192404
 13
84.62941525906962
 23
54.848970287366626
 33
38.761023841192404
  0
3DFACE
  8
0
1001
WEBCAD
1000
E42_1778941710833
 10
85.48706696063039
 20
55.14340248841103
 30
34.30332514120863
 11
83.10668965888539
 21
58.32043499141858
 31
38.761023841192404
 12
83.90418216160606
 22
58.75201635142642
 32
34.30332514120863
 13
83.90418216160606
 23
58.75201635142642
 33
34.30332514120863
  0
3DFACE
  8
0
1001
WEBCAD
1000
E42_1778941710833
 10
85.48706696063039
 20
55.14340248841103
 30
34.30332514120863
 11
84.62941525906962
 21
54.848970287366626
 31
38.761023841192404
 12
83.10668965888539
 22
58.32043499141858
 32
38.761023841192404
 13
83.10668965888539
 23
58.32043499141858
 33
38.761023841192404
  0
3DFACE
  8
0
1001
WEBCAD
1000
E42_1778941710833
 10
73.96190529627586
 20
72.5674266699875
 30
16.472530341273533
 11
74.22454595330726
 21
73.44216907867218
 31
12.014831641297759
 12
77.16639082916805
 22
71.956943589883
 32
12.014831641297759
 13
77.16639082916805
 23
71.956943589883
 33
12.014831641297759
  0
3DFACE
  8
0
1001
WEBCAD
1000
E42_1778941710833
 10
73.96190529627586
 20
72.5674266699875
 30
16.472530341273533
 11
71.13042030729662
 21
74.57651140481389
 31
12.014831641297759
 12
74.22454595330726
 22
73.44216907867218
 32
12.014831641297759
 13
74.22454595330726
 23
73.44216907867218
 33
12.014831641297759
  0
3DFACE
  8
0
1001
WEBCAD
1000
E42_1778941710833
 10
73.96190529627586
 20
72.5674266699875
 30
16.472530341273533
 11
69.66830855921808
 21
74.04142029162313
 31
16.472530341273533
 12
71.13042030729662
 22
74.57651140481389
 32
12.014831641297759
 13
71.13042030729662
 23
74.57651140481389
 33
12.014831641297759
  0
3DFACE
  8
0
1001
WEBCAD
1000
E42_1778941710833
 10
73.96190529627586
 20
72.5674266699875
 30
16.472530341273533
 11
73.5976544143158
 21
71.73701830225917
 31
20.930229041257306
 12
69.66830855921808
 22
74.04142029162313
 32
16.472530341273533
 13
69.66830855921808
 23
74.04142029162313
 33
16.472530341273533
  0
3DFACE
  8
0
1001
WEBCAD
1000
E42_1778941710833
 10
84.70167466432673
 20
59.18359771143429
 30
29.845626441224855
 11
83.90418216160606
 21
58.75201635142642
 31
34.30332514120863
 12
82.46450731515387
 22
62.60783725438938
 32
29.845626441224855
 13
82.46450731515387
 23
62.60783725438938
 33
29.845626441224855
  0
3DFACE
  8
0
1001
WEBCAD
1000
E42_1778941710833
 10
83.18008710246806
 20
63.16479535890829
 30
25.387927741241082
 11
82.46450731515387
 21
62.60783725438938
 31
29.845626441224855
 12
79.69424070809788
 22
65.61714898991517
 32
29.845626441224855
 13
79.69424070809788
 23
65.61714898991517
 33
29.845626441224855
  0
3DFACE
  8
0
1001
WEBCAD
1000
E42_1778941710833
 10
83.18008710246806
 20
63.16479535890829
 30
25.387927741241082
 11
79.69424070809788
 21
65.61714898991517
 31
29.845626441224855
 12
80.30838862878494
 22
66.28429147373532
 32
25.387927741241082
 13
80.30838862878494
 23
66.28429147373532
 33
25.387927741241082
  0
3DFACE
  8
0
1001
WEBCAD
1000
E42_1778941710833
 10
80.92253654947194
 20
66.95143395755545
 30
20.930229041257306
 11
80.30838862878494
 21
66.28429147373532
 31
25.387927741241082
 12
76.96240419440096
 22
68.88857569383012
 32
25.387927741241082
 13
76.96240419440096
 23
68.88857569383012
 33
25.387927741241082
  0
3DFACE
  8
0
1001
WEBCAD
1000
E42_1778941710833
 10
80.92253654947194
 20
66.95143395755545
 30
20.930229041257306
 11
76.96240419440096
 21
68.88857569383012
 31
25.387927741241082
 12
77.45836789414864
 22
69.64770464910356
 32
20.930229041257306
 13
77.45836789414864
 23
69.64770464910356
 33
20.930229041257306
  0
3DFACE
  8
0
1001
WEBCAD
1000
E42_1778941710833
 10
86.45440495386794
 20
51.32347114005299
 30
34.30332514120863
 11
85.55998855615456
 21
51.17421944088909
 31
38.761023841192404
 12
85.48706696063039
 22
55.14340248841103
 32
34.30332514120863
 13
85.48706696063039
 23
55.14340248841103
 33
34.30332514120863
  0
3DFACE
  8
0
1001
WEBCAD
1000
E42_1778941710833
 10
86.45440495386794
 20
51.32347114005299
 30
34.30332514120863
 11
86.77980968252325
 21
47.39642007570771
 31
34.30332514121675
 12
85.55998855615456
 22
51.17421944088909
 32
38.761023841192404
 13
85.55998855615456
 23
51.17421944088909
 33
38.761023841192404
  0
3DFACE
  8
0
1001
WEBCAD
1000
E42_1778941710833
 10
77.95433159389631
 20
70.40683360437697
 30
16.472530341273533
 11
73.5976544143158
 21
71.73701830225917
 31
20.930229041257306
 12
73.96190529627586
 22
72.5674266699875
 32
16.472530341273533
 13
73.96190529627586
 23
72.5674266699875
 33
16.472530341273533
  0
3DFACE
  8
0
1001
WEBCAD
1000
E42_1778941710833
 10
77.95433159389631
 20
70.40683360437697
 30
16.472530341273533
 11
80.92253654947194
 21
66.95143395755545
 31
20.930229041257306
 12
77.45836789414864
 22
69.64770464910356
 32
20.930229041257306
 13
77.45836789414864
 23
69.64770464910356
 33
20.930229041257306
  0
3DFACE
  8
0
1001
WEBCAD
1000
E42_1778941710833
 10
77.95433159389631
 20
70.40683360437697
 30
16.472530341273533
 11
77.16639082916805
 21
71.956943589883
 31
12.014831641297759
 12
79.91632298442352
 22
70.14084360153726
 32
12.014831641297759
 13
79.91632298442352
 23
70.14084360153726
 33
12.014831641297759
  0
3DFACE
  8
0
1001
WEBCAD
1000
E42_1778941710833
 10
77.95433159389631
 20
70.40683360437697
 30
16.472530341273533
 11
77.45836789414864
 21
69.64770464910356
 31
20.930229041257306
 12
73.5976544143158
 22
71.73701830225917
 32
20.930229041257306
 13
73.5976544143158
 23
71.73701830225917
 33
20.930229041257306
  0
3DFACE
  8
0
1001
WEBCAD
1000
E42_1778941710833
 10
77.95433159389631
 20
70.40683360437697
 30
16.472530341273533
 11
73.96190529627586
 21
72.5674266699875
 31
16.472530341273533
 12
77.16639082916805
 22
71.956943589883
 32
12.014831641297759
 13
77.16639082916805
 23
71.956943589883
 33
12.014831641297759
  0
3DFACE
  8
0
1001
WEBCAD
1000
E42_1778941710833
 10
86.34471866219116
 20
55.4378346894554
 30
29.845626441224855
 11
86.45440495386794
 21
51.32347114005299
 31
34.30332514120863
 12
85.48706696063039
 22
55.14340248841103
 32
34.30332514120863
 13
85.48706696063039
 23
55.14340248841103
 33
34.30332514120863
  0
3DFACE
  8
0
1001
WEBCAD
1000
E42_1778941710833
 10
86.34471866219116
 20
55.4378346894554
 30
29.845626441224855
 11
83.90418216160606
 21
58.75201635142642
 31
34.30332514120863
 12
84.70167466432673
 22
59.18359771143429
 32
29.845626441224855
 13
84.70167466432673
 23
59.18359771143429
 33
29.845626441224855
  0
3DFACE
  8
0
1001
WEBCAD
1000
E42_1778941710833
 10
86.34471866219116
 20
55.4378346894554
 30
29.845626441224855
 11
85.48706696063039
 21
55.14340248841103
 31
34.30332514120863
 12
83.90418216160606
 22
58.75201635142642
 32
34.30332514120863
 13
83.90418216160606
 23
58.75201635142642
 33
34.30332514120863
  0
3DFACE
  8
0
1001
WEBCAD
1000
E42_1778941710833
 10
85.4991671670474
 20
59.61517907144213
 30
25.387927741241082
 11
82.46450731515387
 21
62.60783725438938
 31
29.845626441224855
 12
83.18008710246806
 22
63.16479535890829
 32
25.387927741241082
 13
83.18008710246806
 23
63.16479535890829
 33
25.387927741241082
  0
3DFACE
  8
0
1001
WEBCAD
1000
E42_1778941710833
 10
85.4991671670474
 20
59.61517907144213
 30
25.387927741241082
 11
84.70167466432673
 21
59.18359771143429
 31
29.845626441224855
 12
82.46450731515387
 22
62.60783725438938
 32
29.845626441224855
 13
82.46450731515387
 23
62.60783725438938
 33
29.845626441224855
  0
3DFACE
  8
0
1001
WEBCAD
1000
E42_1778941710833
 10
83.8956668897822
 20
63.721753463427234
 30
20.930229041257306
 11
83.18008710246806
 21
63.16479535890829
 31
25.387927741241082
 12
80.30838862878494
 22
66.28429147373532
 32
25.387927741241082
 13
80.30838862878494
 23
66.28429147373532
 33
25.387927741241082
  0
3DFACE
  8
0
1001
WEBCAD
1000
E42_1778941710833
 10
83.8956668897822
 20
63.721753463427234
 30
20.930229041257306
 11
80.30838862878494
 21
66.28429147373532
 31
25.387927741241082
 12
80.92253654947194
 22
66.95143395755545
 32
20.930229041257306
 13
80.92253654947194
 23
66.95143395755545
 33
20.930229041257306
  0
3DFACE
  8
0
1001
WEBCAD
1000
E42_1778941710833
 10
81.536684470159
 20
67.61857644137561
 30
16.472530341273533
 11
77.95433159389631
 21
70.40683360437697
 31
16.472530341273533
 12
79.91632298442352
 22
70.14084360153726
 32
12.014831641297759
 13
79.91632298442352
 23
70.14084360153726
 33
12.014831641297759
  0
3DFACE
  8
0
1001
WEBCAD
1000
E42_1778941710833
 10
81.536684470159
 20
67.61857644137561
 30
16.472530341273533
 11
82.4372958787115
 21
68.01833525233275
 31
12.014831641297759
 12
84.69534746540404
 22
65.61801255360817
 32
12.014831641297759
 13
84.69534746540404
 23
65.61801255360817
 33
12.014831641297759
  0
3DFACE
  8
0
1001
WEBCAD
1000
E42_1778941710833
 10
81.536684470159
 20
67.61857644137561
 30
16.472530341273533
 11
79.91632298442352
 21
70.14084360153726
 31
12.014831641297759
 12
82.4372958787115
 22
68.01833525233275
 32
12.014831641297759
 13
82.4372958787115
 23
68.01833525233275
 33
12.014831641297759
  0
3DFACE
  8
0
1001
WEBCAD
1000
E42_1778941710833
 10
81.536684470159
 20
67.61857644137561
 30
16.472530341273533
 11
80.92253654947194
 21
66.95143395755545
 31
20.930229041257306
 12
77.95433159389631
 22
70.40683360437697
 32
16.472530341273533
 13
77.95433159389631
 23
70.40683360437697
 33
16.472530341273533
  0
3DFACE
  8
0
1001
WEBCAD
1000
E42_1778941710833
 10
87.34882135158136
 20
51.472722839216914
 30
29.845626441224855
 11
86.45440495386794
 21
51.32347114005299
 31
34.30332514120863
 12
86.34471866219116
 22
55.4378346894554
 32
29.845626441224855
 13
86.34471866219116
 23
55.4378346894554
 33
29.845626441224855
  0
3DFACE
  8
0
1001
WEBCAD
1000
E42_1778941710833
 10
87.34882135158136
 20
51.472722839216914
 30
29.845626441224855
 11
86.77980968252325
 21
47.39642007570771
 31
34.30332514121675
 12
86.45440495386794
 22
51.32347114005299
 32
34.30332514120863
 13
86.45440495386794
 23
51.32347114005299
 33
34.30332514120863
  0
3DFACE
  8
0
1001
WEBCAD
1000
E42_1778941710833
 10
87.34882135158136
 20
51.472722839216914
 30
29.845626441224855
 11
87.68659342862912
 21
47.39642007570771
 31
29.84562644123295
 12
86.77980968252325
 22
47.39642007570771
 32
34.30332514121675
 13
86.77980968252325
 23
47.39642007570771
 33
34.30332514121675
  0
3DFACE
  8
0
1001
WEBCAD
1000
E42_1778941710833
 10
87.20237036375192
 20
55.7322668904998
 30
25.387927741241082
 11
87.34882135158136
 21
51.472722839216914
 31
29.845626441224855
 12
86.34471866219116
 22
55.4378346894554
 32
29.845626441224855
 13
86.34471866219116
 23
55.4378346894554
 33
29.845626441224855
  0
3DFACE
  8
0
1001
WEBCAD
1000
E42_1778941710833
 10
87.20237036375192
 20
55.7322668904998
 30
25.387927741241082
 11
86.34471866219116
 21
55.4378346894554
 31
29.845626441224855
 12
84.70167466432673
 22
59.18359771143429
 32
29.845626441224855
 13
84.70167466432673
 23
59.18359771143429
 33
29.845626441224855
  0
3DFACE
  8
0
1001
WEBCAD
1000
E42_1778941710833
 10
87.20237036375192
 20
55.7322668904998
 30
25.387927741241082
 11
84.70167466432673
 21
59.18359771143429
 31
29.845626441224855
 12
85.4991671670474
 22
59.61517907144213
 32
25.387927741241082
 13
85.4991671670474
 23
59.61517907144213
 33
25.387927741241082
  0
3DFACE
  8
0
1001
WEBCAD
1000
E42_1778941710833
 10
86.29665966976813
 20
60.04676043145
 30
20.930229041257306
 11
85.4991671670474
 21
59.61517907144213
 31
25.387927741241082
 12
83.18008710246806
 22
63.16479535890829
 32
25.387927741241082
 13
83.18008710246806
 23
63.16479535890829
 33
25.387927741241082
  0
3DFACE
  8
0
1001
WEBCAD
1000
E42_1778941710833
 10
86.29665966976813
 20
60.04676043145
 30
20.930229041257306
 11
83.18008710246806
 21
63.16479535890829
 31
25.387927741241082
 12
83.8956668897822
 22
63.721753463427234
 32
20.930229041257306
 13
83.8956668897822
 23
63.721753463427234
 33
20.930229041257306
  0
3DFACE
  8
0
1001
WEBCAD
1000
E42_1778941710833
 10
86.29665966976813
 20
60.04676043145
 30
20.930229041257306
 11
87.20237036375192
 21
55.7322668904998
 31
25.387927741241082
 12
85.4991671670474
 22
59.61517907144213
 32
25.387927741241082
 13
85.4991671670474
 23
59.61517907144213
 33
25.387927741241082
  0
3DFACE
  8
0
1001
WEBCAD
1000
E42_1778941710833
 10
84.6112466770964
 20
64.27871156794617
 30
16.472530341273533
 11
80.92253654947194
 21
66.95143395755545
 31
20.930229041257306
 12
81.536684470159
 22
67.61857644137561
 32
16.472530341273533
 13
81.536684470159
 23
67.61857644137561
 33
16.472530341273533
  0
3DFACE
  8
0
1001
WEBCAD
1000
E42_1778941710833
 10
84.6112466770964
 20
64.27871156794617
 30
16.472530341273533
 11
83.8956668897822
 21
63.721753463427234
 31
20.930229041257306
 12
80.92253654947194
 22
66.95143395755545
 32
20.930229041257306
 13
80.92253654947194
 23
66.95143395755545
 33
20.930229041257306
  0
3DFACE
  8
0
1001
WEBCAD
1000
E42_1778941710833
 10
84.6112466770964
 20
64.27871156794617
 30
16.472530341273533
 11
81.536684470159
 21
67.61857644137561
 31
16.472530341273533
 12
84.69534746540404
 22
65.61801255360817
 32
12.014831641297759
 13
84.69534746540404
 23
65.61801255360817
 33
12.014831641297759
  0
3DFACE
  8
0
1001
WEBCAD
1000
E42_1778941710833
 10
84.6112466770964
 20
64.27871156794617
 30
16.472530341273533
 11
86.29665966976813
 21
60.04676043145
 31
20.930229041257306
 12
83.8956668897822
 22
63.721753463427234
 32
20.930229041257306
 13
83.8956668897822
 23
63.721753463427234
 33
20.930229041257306
  0
3DFACE
  8
0
1001
WEBCAD
1000
E42_1778941710833
 10
84.6112466770964
 20
64.27871156794617
 30
16.472530341273533
 11
84.69534746540404
 21
65.61801255360817
 31
12.014831641297759
 12
86.66005772156126
 22
62.97221217649576
 32
12.014831641297759
 13
86.66005772156126
 23
62.97221217649576
 33
12.014831641297759
  0
3DFACE
  8
0
1001
WEBCAD
1000
E42_1778941710833
 10
88.24323774929474
 20
51.62197453838081
 30
25.387927741241082
 11
87.34882135158136
 21
51.472722839216914
 31
29.845626441224855
 12
87.20237036375192
 22
55.7322668904998
 32
25.387927741241082
 13
87.20237036375192
 23
55.7322668904998
 33
25.387927741241082
  0
3DFACE
  8
0
1001
WEBCAD
1000
E42_1778941710833
 10
88.24323774929474
 20
51.62197453838081
 30
25.387927741241082
 11
87.68659342862912
 21
47.39642007570771
 31
29.84562644123295
 12
87.34882135158136
 22
51.472722839216914
 32
29.845626441224855
 13
87.34882135158136
 23
51.472722839216914
 33
29.845626441224855
  0
3DFACE
  8
0
1001
WEBCAD
1000
E42_1778941710833
 10
88.24323774929474
 20
51.62197453838081
 30
25.387927741241082
 11
88.59337717473494
 21
47.39642007570771
 31
25.387927741249158
 12
87.68659342862912
 22
47.39642007570771
 32
29.84562644123295
 13
87.68659342862912
 23
47.39642007570771
 33
29.84562644123295
  0
3DFACE
  8
0
1001
WEBCAD
1000
E42_1778941710833
 10
88.0600220653127
 20
56.0266990915442
 30
20.930229041257306
 11
87.20237036375192
 21
55.7322668904998
 31
25.387927741241082
 12
86.29665966976813
 22
60.04676043145
 32
20.930229041257306
 13
86.29665966976813
 23
60.04676043145
 33
20.930229041257306
  0
3DFACE
  8
0
1001
WEBCAD
1000
E42_1778941710833
 10
87.0941521724888
 20
60.47834179145784
 30
16.472530341273533
 11
86.29665966976813
 21
60.04676043145
 31
20.930229041257306
 12
84.6112466770964
 22
64.27871156794617
 32
16.472530341273533
 13
84.6112466770964
 23
64.27871156794617
 33
16.472530341273533
  0
3DFACE
  8
0
1001
WEBCAD
1000
E42_1778941710833
 10
87.0941521724888
 20
60.47834179145784
 30
16.472530341273533
 11
84.6112466770964
 21
64.27871156794617
 31
16.472530341273533
 12
86.66005772156126
 22
62.97221217649576
 32
12.014831641297759
 13
86.66005772156126
 23
62.97221217649576
 33
12.014831641297759
  0
3DFACE
  8
0
1001
WEBCAD
1000
E42_1778941710833
 10
87.0941521724888
 20
60.47834179145784
 30
16.472530341273533
 11
86.66005772156126
 21
62.97221217649576
 31
12.014831641297759
 12
88.30495846044414
 22
60.116577818704144
 32
12.014831641297759
 13
88.30495846044414
 23
60.116577818704144
 33
12.014831641297759
  0
3DFACE
  8
0
1001
WEBCAD
1000
E42_1778941710833
 10
89.13765414700816
 20
51.77122623754471
 30
20.930229041257306
 11
88.24323774929474
 21
51.62197453838081
 31
25.387927741241082
 12
87.20237036375192
 22
55.7322668904998
 32
25.387927741241082
 13
87.20237036375192
 23
55.7322668904998
 33
25.387927741241082
  0
3DFACE
  8
0
1001
WEBCAD
1000
E42_1778941710833
 10
89.13765414700816
 20
51.77122623754471
 30
20.930229041257306
 11
87.20237036375192
 21
55.7322668904998
 31
25.387927741241082
 12
88.0600220653127
 22
56.0266990915442
 32
20.930229041257306
 13
88.0600220653127
 23
56.0266990915442
 33
20.930229041257306
  0
3DFACE
  8
0
1001
WEBCAD
1000
E42_1778941710833
 10
89.13765414700816
 20
51.77122623754471
 30
20.930229041257306
 11
89.50016092084076
 21
47.39642007570771
 31
20.930229041265356
 12
88.59337717473494
 22
47.39642007570771
 32
25.387927741249158
 13
88.59337717473494
 23
47.39642007570771
 33
25.387927741249158
  0
3DFACE
  8
0
1001
WEBCAD
1000
E42_1778941710833
 10
89.13765414700816
 20
51.77122623754471
 30
20.930229041257306
 11
88.59337717473494
 21
47.39642007570771
 31
25.387927741249158
 12
88.24323774929474
 22
51.62197453838081
 32
25.387927741241082
 13
88.24323774929474
 23
51.62197453838081
 33
25.387927741241082
  0
3DFACE
  8
0
1001
WEBCAD
1000
E42_1778941710833
 10
88.91767376687346
 20
56.3211312925886
 30
16.472530341273533
 11
88.0600220653127
 21
56.0266990915442
 31
20.930229041257306
 12
86.29665966976813
 22
60.04676043145
 32
20.930229041257306
 13
86.29665966976813
 23
60.04676043145
 33
20.930229041257306
  0
3DFACE
  8
0
1001
WEBCAD
1000
E42_1778941710833
 10
88.91767376687346
 20
56.3211312925886
 30
16.472530341273533
 11
86.29665966976813
 21
60.04676043145
 31
20.930229041257306
 12
87.0941521724888
 22
60.47834179145784
 32
16.472530341273533
 13
87.0941521724888
 23
60.47834179145784
 33
16.472530341273533
  0
3DFACE
  8
0
1001
WEBCAD
1000
E42_1778941710833
 10
88.91767376687346
 20
56.3211312925886
 30
16.472530341273533
 11
89.60788990567477
 21
57.08958001969492
 31
12.014831641297759
 12
90.55129922334686
 22
53.93199789320843
 32
12.014831641297759
 13
90.55129922334686
 23
53.93199789320843
 33
12.014831641297759
  0
3DFACE
  8
0
1001
WEBCAD
1000
E42_1778941710833
 10
88.91767376687346
 20
56.3211312925886
 30
16.472530341273533
 11
88.30495846044414
 21
60.116577818704144
 31
12.014831641297759
 12
89.60788990567477
 22
57.08958001969492
 32
12.014831641297759
 13
89.60788990567477
 23
57.08958001969492
 33
12.014831641297759
  0
3DFACE
  8
0
1001
WEBCAD
1000
E42_1778941710833
 10
88.91767376687346
 20
56.3211312925886
 30
16.472530341273533
 11
87.0941521724888
 21
60.47834179145784
 31
16.472530341273533
 12
88.30495846044414
 22
60.116577818704144
 32
12.014831641297759
 13
88.30495846044414
 23
60.116577818704144
 33
12.014831641297759
  0
3DFACE
  8
0
1001
WEBCAD
1000
E42_1778941710833
 10
88.91767376687346
 20
56.3211312925886
 30
16.472530341273533
 11
89.13765414700816
 21
51.77122623754471
 31
20.930229041257306
 12
88.0600220653127
 22
56.0266990915442
 32
20.930229041257306
 13
88.0600220653127
 23
56.0266990915442
 33
20.930229041257306
  0
3DFACE
  8
0
1001
WEBCAD
1000
E42_1778941710833
 10
90.03207054472153
 20
51.920477936708636
 30
16.472530341273533
 11
90.40694466694663
 21
47.39642007570771
 31
16.47253034128156
 12
89.50016092084076
 22
47.39642007570771
 32
20.930229041265356
 13
89.50016092084076
 23
47.39642007570771
 33
20.930229041265356
  0
3DFACE
  8
0
1001
WEBCAD
1000
E42_1778941710833
 10
90.03207054472153
 20
51.920477936708636
 30
16.472530341273533
 11
89.50016092084076
 21
47.39642007570771
 31
20.930229041265356
 12
89.13765414700816
 22
51.77122623754471
 32
20.930229041257306
 13
89.13765414700816
 23
51.77122623754471
 33
20.930229041257306
  0
3DFACE
  8
0
1001
WEBCAD
1000
E42_1778941710833
 10
90.03207054472153
 20
51.920477936708636
 30
16.472530341273533
 11
88.91767376687346
 21
56.3211312925886
 31
16.472530341273533
 12
90.55129922334686
 22
53.93199789320843
 32
12.014831641297759
 13
90.55129922334686
 23
53.93199789320843
 33
12.014831641297759
  0
3DFACE
  8
0
1001
WEBCAD
1000
E42_1778941710833
 10
90.03207054472153
 20
51.920477936708636
 30
16.472530341273533
 11
90.55129922334686
 21
53.93199789320843
 31
12.014831641297759
 12
91.12247699032116
 22
50.68636975913461
 32
12.014831641297759
 13
91.12247699032116
 23
50.68636975913461
 33
12.014831641297759
  0
3DFACE
  8
0
1001
WEBCAD
1000
E42_1778941710833
 10
90.03207054472153
 20
51.920477936708636
 30
16.472530341273533
 11
89.13765414700816
 21
51.77122623754471
 31
20.930229041257306
 12
88.91767376687346
 22
56.3211312925886
 32
16.472530341273533
 13
88.91767376687346
 23
56.3211312925886
 33
16.472530341273533
  0
3DFACE
  8
0
1001
WEBCAD
1000
E42_1778941710833
 10
90.03207054472153
 20
51.920477936708636
 30
16.472530341273533
 11
91.12247699032116
 21
50.68636975913461
 31
12.014831641297759
 12
90.40694466694663
 22
47.39642007570771
 32
16.47253034128156
 13
90.40694466694663
 23
47.39642007570771
 33
16.47253034128156
  0
3DFACE
  8
0
1001
WEBCAD
1000
E42_1778941710833
 10
92.4375130945624
 20
48.44286575496773
 30
74.42261344106277
 11
92.4375130945624
 21
48.44286575496773
 31
56.73299272955676
 12
92.2416406259415
 22
51.74344630210183
 32
56.73299272955676
 13
92.2416406259415
 23
51.74344630210183
 33
56.73299272955676
  0
3DFACE
  8
0
1001
WEBCAD
1000
E42_1778941710833
 10
92.2416406259415
 20
51.74344630210183
 30
74.42261344106277
 11
92.4375130945624
 21
48.44286575496773
 31
74.42261344106277
 12
92.2416406259415
 22
51.74344630210183
 32
56.73299272955676
 13
92.2416406259415
 23
51.74344630210183
 33
56.73299272955676
  0
3DFACE
  8
0
1001
WEBCAD
1000
E42_1778941710833
 10
91.65677284018057
 20
54.99769393331596
 30
74.42261344106277
 11
92.2416406259415
 21
51.74344630210183
 31
74.42261344106277
 12
92.2416406259415
 22
51.74344630210183
 32
56.73299272955676
 13
92.2416406259415
 23
51.74344630210183
 33
56.73299272955676
  0
3DFACE
  8
0
1001
WEBCAD
1000
E42_1778941710833
 10
91.65677284018057
 20
54.99769393331596
 30
74.42261344106277
 11
92.2416406259415
 21
51.74344630210183
 31
56.73299272955676
 12
91.65677284018057
 22
54.99769393331596
 32
56.73299272955676
 13
91.65677284018057
 23
54.99769393331596
 33
56.73299272955676
  0
3DFACE
  8
0
1001
WEBCAD
1000
E42_1778941710833
 10
90.69111999894557
 20
58.15992614526667
 30
74.42261344106277
 11
91.65677284018057
 21
54.99769393331596
 31
74.42261344106277
 12
91.65677284018057
 22
54.99769393331596
 32
56.73299272955676
 13
91.65677284018057
 23
54.99769393331596
 33
56.73299272955676
  0
3DFACE
  8
0
1001
WEBCAD
1000
E42_1778941710833
 10
90.69111999894557
 20
58.15992614526667
 30
74.42261344106277
 11
91.65677284018057
 21
54.99769393331596
 31
56.73299272955676
 12
90.69111999894557
 22
58.15992614526667
 32
56.73299272955676
 13
90.69111999894557
 23
58.15992614526667
 33
56.73299272955676
  0
3DFACE
  8
0
1001
WEBCAD
1000
E42_1778941710833
 10
89.35823775139045
 20
61.18575212939663
 30
74.42261344106277
 11
90.69111999894557
 21
58.15992614526667
 31
74.42261344106277
 12
90.69111999894557
 22
58.15992614526667
 32
56.73299272955676
 13
90.69111999894557
 23
58.15992614526667
 33
56.73299272955676
  0
3DFACE
  8
0
1001
WEBCAD
1000
E42_1778941710833
 10
89.35823775139045
 20
61.18575212939663
 30
74.42261344106277
 11
90.69111999894557
 21
58.15992614526667
 31
56.73299272955676
 12
89.35823775139045
 22
61.18575212939663
 32
56.73299272955676
 13
89.35823775139045
 23
61.18575212939663
 33
56.73299272955676
  0
3DFACE
  8
0
1001
WEBCAD
1000
E42_1778941710833
 10
89.35823775139045
 20
61.18575212939663
 30
74.42261344106277
 11
89.35823775139045
 21
61.18575212939663
 31
56.73299272955676
 12
87.67683684255684
 22
64.03269592158102
 32
56.73299272955676
 13
87.67683684255684
 23
64.03269592158102
 33
56.73299272955676
  0
3DFACE
  8
0
1001
WEBCAD
1000
E42_1778941710833
 10
87.67683684255684
 20
64.03269592158102
 30
74.42261344106277
 11
89.35823775139045
 21
61.18575212939663
 31
74.42261344106277
 12
87.67683684255684
 22
64.03269592158102
 32
56.73299272955676
 13
87.67683684255684
 23
64.03269592158102
 33
56.73299272955676
  0
3DFACE
  8
0
1001
WEBCAD
1000
E42_1778941710833
 10
85.67052045552862
 20
66.66079267155536
 30
74.42261344106277
 11
87.67683684255684
 21
64.03269592158102
 31
74.42261344106277
 12
87.67683684255684
 22
64.03269592158102
 32
56.73299272955676
 13
87.67683684255684
 23
64.03269592158102
 33
56.73299272955676
  0
3DFACE
  8
0
1001
WEBCAD
1000
E42_1778941710833
 10
85.67052045552862
 20
66.66079267155536
 30
74.42261344106277
 11
87.67683684255684
 21
64.03269592158102
 31
56.73299272955676
 12
85.67052045552862
 22
66.66079267155536
 32
56.73299272955676
 13
85.67052045552862
 23
66.66079267155536
 33
56.73299272955676
  0
3DFACE
  8
0
1001
WEBCAD
1000
E42_1778941710833
 10
83.3674528744798
 20
69.03314966180912
 30
74.42261344106277
 11
85.67052045552862
 21
66.66079267155536
 31
74.42261344106277
 12
85.67052045552862
 22
66.66079267155536
 32
56.73299272955676
 13
85.67052045552862
 23
66.66079267155536
 33
56.73299272955676
  0
3DFACE
  8
0
1001
WEBCAD
1000
E42_1778941710833
 10
83.3674528744798
 20
69.03314966180912
 30
74.42261344106277
 11
85.67052045552862
 21
66.66079267155536
 31
56.73299272955676
 12
83.3674528744798
 22
69.03314966180912
 32
56.73299272955676
 13
83.3674528744798
 23
69.03314966180912
 33
56.73299272955676
  0
3DFACE
  8
0
1001
WEBCAD
1000
E42_1778941710833
 10
83.3674528744798
 20
69.03314966180912
 30
74.42261344106277
 11
83.3674528744798
 21
69.03314966180912
 31
56.73299272955676
 12
80.79996411986201
 22
71.11646420046978
 32
56.73299272955676
 13
80.79996411986201
 23
71.11646420046978
 33
56.73299272955676
  0
3DFACE
  8
0
1001
WEBCAD
1000
E42_1778941710833
 10
80.79996411986201
 20
71.11646420046978
 30
74.42261344106277
 11
83.3674528744798
 21
69.03314966180912
 31
74.42261344106277
 12
80.79996411986201
 22
71.11646420046978
 32
56.73299272955676
 13
80.79996411986201
 23
71.11646420046978
 33
56.73299272955676
  0
3DFACE
  8
0
1001
WEBCAD
1000
E42_1778941710833
 10
78.00409610578527
 20
72.8814911180963
 30
74.42261344106277
 11
80.79996411986201
 21
71.11646420046978
 31
74.42261344106277
 12
80.79996411986201
 22
71.11646420046978
 32
56.73299272955676
 13
80.79996411986201
 23
71.11646420046978
 33
56.73299272955676
  0
3DFACE
  8
0
1001
WEBCAD
1000
E42_1778941710833
 10
78.00409610578527
 20
72.8814911180963
 30
74.42261344106277
 11
80.79996411986201
 21
71.11646420046978
 31
56.73299272955676
 12
78.00409610578527
 22
72.8814911180963
 32
56.73299272955676
 13
78.00409610578527
 23
72.8814911180963
 33
56.73299272955676
  0
3DFACE
  8
0
1001
WEBCAD
1000
E42_1778941710833
 10
75.0190966905489
 20
74.30345330575202
 30
74.42261344106277
 11
78.00409610578527
 21
72.8814911180963
 31
74.42261344106277
 12
78.00409610578527
 22
72.8814911180963
 32
56.73299272955676
 13
78.00409610578527
 23
72.8814911180963
 33
56.73299272955676
  0
3DFACE
  8
0
1001
WEBCAD
1000
E42_1778941710833
 10
75.0190966905489
 20
74.30345330575202
 30
74.42261344106277
 11
78.00409610578527
 21
72.8814911180963
 31
56.73299272955676
 12
75.0190966905489
 22
74.30345330575202
 32
56.73299272955676
 13
75.0190966905489
 23
74.30345330575202
 33
56.73299272955676
  0
3DFACE
  8
0
1001
WEBCAD
1000
E42_1778941710833
 10
71.88686872274354
 20
75.36238953130172
 30
74.42261344106277
 11
75.0190966905489
 21
74.30345330575202
 31
74.42261344106277
 12
75.0190966905489
 22
74.30345330575202
 32
56.73299272955676
 13
75.0190966905489
 23
74.30345330575202
 33
56.73299272955676
  0
3DFACE
  8
0
1001
WEBCAD
1000
E42_1778941710833
 10
71.88686872274354
 20
75.36238953130172
 30
74.42261344106277
 11
75.0190966905489
 21
74.30345330575202
 31
56.73299272955676
 12
71.88686872274354
 22
75.36238953130172
 32
56.73299272955676
 13
71.88686872274354
 23
75.36238953130172
 33
56.73299272955676
  0
3DFACE
  8
0
1001
WEBCAD
1000
E42_1778941710833
 10
71.88686872274354
 20
75.36238953130172
 30
74.42261344106277
 11
71.88686872274354
 21
75.36238953130172
 31
56.73299272955676
 12
68.6513818171087
 22
76.04343465135557
 32
56.73299272955676
 13
68.6513818171087
 23
76.04343465135557
 33
56.73299272955676
  0
3DFACE
  8
0
1001
WEBCAD
1000
E42_1778941710833
 10
68.6513818171087
 20
76.04343465135557
 30
74.42261344106277
 11
71.88686872274354
 21
75.36238953130172
 31
74.42261344106277
 12
68.6513818171087
 22
76.04343465135557
 32
56.73299272955676
 13
68.6513818171087
 23
76.04343465135557
 33
56.73299272955676
  0
3DFACE
  8
0
1001
WEBCAD
1000
E42_1778941710833
 10
65.35805511752471
 20
76.3370282852973
 30
74.42261344106277
 11
68.6513818171087
 21
76.04343465135557
 31
74.42261344106277
 12
68.6513818171087
 22
76.04343465135557
 32
56.73299272955676
 13
68.6513818171087
 23
76.04343465135557
 33
56.73299272955676
  0
3DFACE
  8
0
1001
WEBCAD
1000
E42_1778941710833
 10
65.35805511752471
 20
76.3370282852973
 30
74.42261344106277
 11
68.6513818171087
 21
76.04343465135557
 31
56.73299272955676
 12
65.35805511752471
 22
76.3370282852973
 32
56.73299272955676
 13
65.35805511752471
 23
76.3370282852973
 33
56.73299272955676
  0
3DFACE
  8
0
1001
WEBCAD
1000
E42_1778941710833
 10
62.05311971179265
 20
76.23904902207155
 30
74.42261344106277
 11
65.35805511752471
 21
76.3370282852973
 31
56.73299272955676
 12
62.05311971179265
 22
76.23904902207155
 32
56.73299272955676
 13
62.05311971179265
 23
76.23904902207155
 33
56.73299272955676
  0
3DFACE
  8
0
1001
WEBCAD
1000
E42_1778941710833
 10
62.05311971179265
 20
76.23904902207155
 30
74.42261344106277
 11
65.35805511752471
 21
76.3370282852973
 31
74.42261344106277
 12
65.35805511752471
 22
76.3370282852973
 32
56.73299272955676
 13
65.35805511752471
 23
76.3370282852973
 33
56.73299272955676
  0
3DFACE
  8
0
1001
WEBCAD
1000
E42_1778941710833
 10
62.05311971179265
 20
76.23904902207155
 30
74.42261344106277
 11
62.05311971179265
 21
76.23904902207155
 31
56.73299272955676
 12
58.782969648501194
 22
75.75087227576083
 32
56.73299272955676
 13
58.782969648501194
 23
75.75087227576083
 33
56.73299272955676
  0
3DFACE
  8
0
1001
WEBCAD
1000
E42_1778941710833
 10
58.782969648501194
 20
75.75087227576083
 30
74.42261344106277
 11
58.782969648501194
 21
75.75087227576083
 31
56.73299272955676
 12
55.59351066628159
 22
74.87935097778669
 32
56.73299272955676
 13
55.59351066628159
 23
74.87935097778669
 33
56.73299272955676
  0
3DFACE
  8
0
1001
WEBCAD
1000
E42_1778941710833
 10
58.782969648501194
 20
75.75087227576083
 30
74.42261344106277
 11
62.05311971179265
 21
76.23904902207155
 31
74.42261344106277
 12
58.782969648501194
 22
75.75087227576083
 32
56.73299272955676
 13
58.782969648501194
 23
75.75087227576083
 33
56.73299272955676
  0
3DFACE
  8
0
1001
WEBCAD
1000
E42_1778941710833
 10
55.59351066628159
 20
74.87935097778669
 30
74.42261344106277
 11
58.782969648501194
 21
75.75087227576083
 31
74.42261344106277
 12
55.59351066628159
 22
74.87935097778669
 32
56.73299272955676
 13
55.59351066628159
 23
74.87935097778669
 33
56.73299272955676
  0
3DFACE
  8
0
1001
WEBCAD
1000
E42_1778941710833
 10
52.529515777863935
 20
73.6367193767745
 30
74.42261344106277
 11
55.59351066628159
 21
74.87935097778669
 31
56.73299272955676
 12
52.529515777863935
 22
73.6367193767745
 32
56.73299272955676
 13
52.529515777863935
 23
73.6367193767745
 33
56.73299272955676
  0
3DFACE
  8
0
1001
WEBCAD
1000
E42_1778941710833
 10
52.529515777863935
 20
73.6367193767745
 30
74.42261344106277
 11
52.529515777863935
 21
73.6367193767745
 31
56.73299272955676
 12
49.63399675512193
 22
72.04042129652035
 32
56.73299272955676
 13
49.63399675512193
 23
72.04042129652035
 33
56.73299272955676
  0
3DFACE
  8
0
1001
WEBCAD
1000
E42_1778941710833
 10
52.529515777863935
 20
73.6367193767745
 30
74.42261344106277
 11
55.59351066628159
 21
74.87935097778669
 31
74.42261344106277
 12
55.59351066628159
 22
74.87935097778669
 32
56.73299272955676
 13
55.59351066628159
 23
74.87935097778669
 33
56.73299272955676
  0
3DFACE
  8
0
1001
WEBCAD
1000
E42_1778941710833
 10
49.63399675512193
 20
72.04042129652035
 30
74.42261344106277
 11
52.529515777863935
 21
73.6367193767745
 31
74.42261344106277
 12
49.63399675512193
 22
72.04042129652035
 32
56.73299272955676
 13
49.63399675512193
 23
72.04042129652035
 33
56.73299272955676
  0
3DFACE
  8
0
1001
WEBCAD
1000
E42_1778941710833
 10
46.947600338078985
 20
70.11286526294248
 30
74.42261344106277
 11
49.63399675512193
 21
72.04042129652035
 31
56.73299272955676
 12
46.947600338078985
 22
70.11286526294248
 32
56.73299272955676
 13
46.947600338078985
 23
70.11286526294248
 33
56.73299272955676
  0
3DFACE
  8
0
1001
WEBCAD
1000
E42_1778941710833
 10
46.947600338078985
 20
70.11286526294248
 30
74.42261344106277
 11
46.947600338078985
 21
70.11286526294248
 31
56.73299272955676
 12
44.50803764377673
 22
67.8811099374974
 32
56.73299272955676
 13
44.50803764377673
 23
67.8811099374974
 33
56.73299272955676
  0
3DFACE
  8
0
1001
WEBCAD
1000
E42_1778941710833
 10
46.947600338078985
 20
70.11286526294248
 30
74.42261344106277
 11
49.63399675512193
 21
72.04042129652035
 31
74.42261344106277
 12
49.63399675512193
 22
72.04042129652035
 32
56.73299272955676
 13
49.63399675512193
 23
72.04042129652035
 33
56.73299272955676
  0
3DFACE
  8
0
1001
WEBCAD
1000
E42_1778941710833
 10
44.50803764377673
 20
67.8811099374974
 30
74.42261344106277
 11
46.947600338078985
 21
70.11286526294248
 31
74.42261344106277
 12
44.50803764377673
 22
67.8811099374974
 32
56.73299272955676
 13
44.50803764377673
 23
67.8811099374974
 33
56.73299272955676
  0
3DFACE
  8
0
1001
WEBCAD
1000
E42_1778941710833
 10
42.349554784855854
 20
65.37648427288636
 30
74.42261344106277
 11
44.50803764377673
 21
67.8811099374974
 31
56.73299272955676
 12
42.349554784855854
 22
65.37648427288636
 32
56.73299272955676
 13
42.349554784855854
 23
65.37648427288636
 33
56.73299272955676
  0
3DFACE
  8
0
1001
WEBCAD
1000
E42_1778941710833
 10
42.349554784855854
 20
65.37648427288636
 30
74.42261344106277
 11
42.349554784855854
 21
65.37648427288636
 31
56.73299272955676
 12
40.502452129202766
 22
62.63414772323327
 32
56.73299272955676
 13
40.502452129202766
 23
62.63414772323327
 33
56.73299272955676
  0
3DFACE
  8
0
1001
WEBCAD
1000
E42_1778941710833
 10
42.349554784855854
 20
65.37648427288636
 30
74.42261344106277
 11
44.50803764377673
 21
67.8811099374974
 31
74.42261344106277
 12
44.50803764377673
 22
67.8811099374974
 32
56.73299272955676
 13
44.50803764377673
 23
67.8811099374974
 33
56.73299272955676
  0
3DFACE
  8
0
1001
WEBCAD
1000
E42_1778941710833
 10
40.502452129202766
 20
62.63414772323327
 30
74.42261344106277
 11
40.502452129202766
 21
62.63414772323327
 31
56.73299272955676
 12
38.99265894920387
 22
59.69259668241949
 32
56.73299272955676
 13
38.99265894920387
 23
59.69259668241949
 33
56.73299272955676
  0
3DFACE
  8
0
1001
WEBCAD
1000
E42_1778941710833
 10
40.502452129202766
 20
62.63414772323327
 30
74.42261344106277
 11
42.349554784855854
 21
65.37648427288636
 31
74.42261344106277
 12
40.502452129202766
 22
62.63414772323327
 32
56.73299272955676
 13
40.502452129202766
 23
62.63414772323327
 33
56.73299272955676
  0
3DFACE
  8
0
1001
WEBCAD
1000
E42_1778941710833
 10
38.99265894920387
 20
59.69259668241949
 30
74.42261344106277
 11
40.502452129202766
 21
62.63414772323327
 31
74.42261344106277
 12
38.99265894920387
 22
59.69259668241949
 32
56.73299272955676
 13
38.99265894920387
 23
59.69259668241949
 33
56.73299272955676
  0
3DFACE
  8
0
1001
WEBCAD
1000
E42_1778941710833
 10
37.84136943159899
 20
56.5931240790986
 30
74.42261344106277
 11
38.99265894920387
 21
59.69259668241949
 31
74.42261344106277
 12
38.99265894920387
 22
59.69259668241949
 32
56.73299272955676
 13
38.99265894920387
 23
59.69259668241949
 33
56.73299272955676
  0
3DFACE
  8
0
1001
WEBCAD
1000
E42_1778941710833
 10
37.84136943159899
 20
56.5931240790986
 30
74.42261344106277
 11
38.99265894920387
 21
59.69259668241949
 31
56.73299272955676
 12
37.84136943159899
 22
56.5931240790986
 32
56.73299272955676
 13
37.84136943159899
 23
56.5931240790986
 33
56.73299272955676
  0
3DFACE
  8
0
1001
WEBCAD
1000
E42_1778941710833
 10
37.84136943159899
 20
56.5931240790986
 30
74.42261344106277
 11
37.84136943159899
 21
56.5931240790986
 31
56.73299272955676
 12
37.06474515755747
 22
53.37923971449348
 32
56.73299272955676
 13
37.06474515755747
 23
53.37923971449348
 33
56.73299272955676
  0
3DFACE
  8
0
1001
WEBCAD
1000
E42_1778941710833
 10
37.06474515755747
 20
53.37923971449348
 30
74.42261344106277
 11
37.84136943159899
 21
56.5931240790986
 31
74.42261344106277
 12
37.06474515755747
 22
53.37923971449348
 32
56.73299272955676
 13
37.06474515755747
 23
53.37923971449348
 33
56.73299272955676
  0
3DFACE
  8
0
1001
WEBCAD
1000
E42_1778941710833
 10
37.06474515755747
 20
53.37923971449348
 30
74.42261344106277
 11
37.06474515755747
 21
53.37923971449348
 31
56.73299272955676
 12
36.673688229505444
 22
50.09605948016181
 32
56.73299272955676
 13
36.673688229505444
 23
50.09605948016181
 33
56.73299272955676
  0
3DFACE
  8
0
1001
WEBCAD
1000
E42_1778941710833
 10
36.673688229505444
 20
50.09605948016181
 30
74.42261344106277
 11
37.06474515755747
 21
53.37923971449348
 31
74.42261344106277
 12
36.673688229505444
 22
50.09605948016181
 32
56.73299272955676
 13
36.673688229505444
 23
50.09605948016181
 33
56.73299272955676
  0
3DFACE
  8
0
1001
WEBCAD
1000
E42_1778941710833
 10
36.673688229505444
 20
46.789672029773726
 30
74.42261344106277
 11
36.673688229505444
 21
50.09605948016181
 31
74.42261344106277
 12
36.673688229505444
 22
50.09605948016181
 32
56.73299272955676
 13
36.673688229505444
 23
50.09605948016181
 33
56.73299272955676
  0
3DFACE
  8
0
1001
WEBCAD
1000
E42_1778941710833
 10
36.673688229505444
 20
46.789672029773726
 30
74.42261344106277
 11
36.673688229505444
 21
50.09605948016181
 31
56.73299272955676
 12
36.673688229505444
 22
46.789672029773726
 32
56.73299272955676
 13
36.673688229505444
 23
46.789672029773726
 33
56.73299272955676
  0
3DFACE
  8
0
1001
WEBCAD
1000
E42_1778941710833
 10
36.673688229505444
 20
46.789672029773726
 30
74.42261344106277
 11
36.673688229505444
 21
46.789672029773726
 31
56.73299272955676
 12
37.06474515755747
 22
43.50649179544206
 32
56.73299272955676
 13
37.06474515755747
 23
43.50649179544206
 33
56.73299272955676
  0
3DFACE
  8
0
1001
WEBCAD
1000
E42_1778941710833
 10
37.06474515755747
 20
43.50649179544206
 30
74.42261344106277
 11
36.673688229505444
 21
46.789672029773726
 31
74.42261344106277
 12
37.06474515755747
 22
43.50649179544206
 32
56.73299272955676
 13
37.06474515755747
 23
43.50649179544206
 33
56.73299272955676
  0
3DFACE
  8
0
1001
WEBCAD
1000
E42_1778941710833
 10
37.84136943159899
 20
40.29260743083694
 30
74.42261344106277
 11
37.06474515755747
 21
43.50649179544206
 31
74.42261344106277
 12
37.06474515755747
 22
43.50649179544206
 32
56.73299272955676
 13
37.06474515755747
 23
43.50649179544206
 33
56.73299272955676
  0
3DFACE
  8
0
1001
WEBCAD
1000
E42_1778941710833
 10
37.84136943159899
 20
40.29260743083694
 30
74.42261344106277
 11
37.06474515755747
 21
43.50649179544206
 31
56.73299272955676
 12
37.84136943159899
 22
40.29260743083694
 32
56.73299272955676
 13
37.84136943159899
 23
40.29260743083694
 33
56.73299272955676
  0
3DFACE
  8
0
1001
WEBCAD
1000
E42_1778941710833
 10
38.99265894920387
 20
37.19313482751605
 30
74.42261344106277
 11
37.84136943159899
 21
40.29260743083694
 31
74.42261344106277
 12
37.84136943159899
 22
40.29260743083694
 32
56.73299272955676
 13
37.84136943159899
 23
40.29260743083694
 33
56.73299272955676
  0
3DFACE
  8
0
1001
WEBCAD
1000
E42_1778941710833
 10
38.99265894920387
 20
37.19313482751605
 30
74.42261344106277
 11
37.84136943159899
 21
40.29260743083694
 31
56.73299272955676
 12
38.99265894920387
 22
37.19313482751605
 32
56.73299272955676
 13
38.99265894920387
 23
37.19313482751605
 33
56.73299272955676
  0
3DFACE
  8
0
1001
WEBCAD
1000
E42_1778941710833
 10
38.99265894920387
 20
37.19313482751605
 30
74.42261344106277
 11
38.99265894920387
 21
37.19313482751605
 31
56.73299272955676
 12
40.50245212920271
 22
34.25158378670224
 32
56.73299272955676
 13
40.50245212920271
 23
34.25158378670224
 33
56.73299272955676
  0
3DFACE
  8
0
1001
WEBCAD
1000
E42_1778941710833
 10
40.50245212920271
 20
34.25158378670224
 30
74.42261344106277
 11
38.99265894920387
 21
37.19313482751605
 31
74.42261344106277
 12
40.50245212920271
 22
34.25158378670224
 32
56.73299272955676
 13
40.50245212920271
 23
34.25158378670224
 33
56.73299272955676
  0
3DFACE
  8
0
1001
WEBCAD
1000
E42_1778941710833
 10
40.50245212920271
 20
34.25158378670224
 30
74.42261344106277
 11
40.50245212920271
 21
34.25158378670224
 31
56.73299272955676
 12
42.3495547848558
 22
31.50924723704918
 32
56.73299272955676
 13
42.3495547848558
 23
31.50924723704918
 33
56.73299272955676
  0
3DFACE
  8
0
1001
WEBCAD
1000
E42_1778941710833
 10
42.3495547848558
 20
31.50924723704918
 30
74.42261344106277
 11
40.50245212920271
 21
34.25158378670224
 31
74.42261344106277
 12
42.3495547848558
 22
31.50924723704918
 32
56.73299272955676
 13
42.3495547848558
 23
31.50924723704918
 33
56.73299272955676
  0
3DFACE
  8
0
1001
WEBCAD
1000
E42_1778941710833
 10
44.508037643776674
 20
29.00462157243811
 30
74.42261344106277
 11
42.3495547848558
 21
31.50924723704918
 31
74.42261344106277
 12
42.3495547848558
 22
31.50924723704918
 32
56.73299272955676
 13
42.3495547848558
 23
31.50924723704918
 33
56.73299272955676
  0
3DFACE
  8
0
1001
WEBCAD
1000
E42_1778941710833
 10
44.508037643776674
 20
29.00462157243811
 30
74.42261344106277
 11
42.3495547848558
 21
31.50924723704918
 31
56.73299272955676
 12
44.508037643776674
 22
29.00462157243811
 32
56.73299272955676
 13
44.508037643776674
 23
29.00462157243811
 33
56.73299272955676
  0
3DFACE
  8
0
1001
WEBCAD
1000
E42_1778941710833
 10
46.94760033807893
 20
26.772866246993033
 30
74.42261344106277
 11
44.508037643776674
 21
29.00462157243811
 31
74.42261344106277
 12
44.508037643776674
 22
29.00462157243811
 32
56.73299272955676
 13
44.508037643776674
 23
29.00462157243811
 33
56.73299272955676
  0
3DFACE
  8
0
1001
WEBCAD
1000
E42_1778941710833
 10
46.94760033807893
 20
26.772866246993033
 30
74.42261344106277
 11
44.508037643776674
 21
29.00462157243811
 31
56.73299272955676
 12
46.94760033807893
 22
26.772866246993033
 32
56.73299272955676
 13
46.94760033807893
 23
26.772866246993033
 33
56.73299272955676
  0
3DFACE
  8
0
1001
WEBCAD
1000
E42_1778941710833
 10
46.94760033807893
 20
26.772866246993033
 30
74.42261344106277
 11
46.94760033807893
 21
26.772866246993033
 31
56.73299272955676
 12
49.63399675512187
 22
24.84531021341516
 32
56.73299272955676
 13
49.63399675512187
 23
24.84531021341516
 33
56.73299272955676
  0
3DFACE
  8
0
1001
WEBCAD
1000
E42_1778941710833
 10
49.63399675512187
 20
24.84531021341516
 30
74.42261344106277
 11
46.94760033807893
 21
26.772866246993033
 31
74.42261344106277
 12
49.63399675512187
 22
24.84531021341516
 32
56.73299272955676
 13
49.63399675512187
 23
24.84531021341516
 33
56.73299272955676
  0
3DFACE
  8
0
1001
WEBCAD
1000
E42_1778941710833
 10
52.52951577786388
 20
23.24901213316099
 30
74.42261344106277
 11
49.63399675512187
 21
24.84531021341516
 31
74.42261344106277
 12
49.63399675512187
 22
24.84531021341516
 32
56.73299272955676
 13
49.63399675512187
 23
24.84531021341516
 33
56.73299272955676
  0
3DFACE
  8
0
1001
WEBCAD
1000
E42_1778941710833
 10
52.52951577786388
 20
23.24901213316099
 30
74.42261344106277
 11
49.63399675512187
 21
24.84531021341516
 31
56.73299272955676
 12
52.52951577786388
 22
23.24901213316099
 32
56.73299272955676
 13
52.52951577786388
 23
23.24901213316099
 33
56.73299272955676
  0
3DFACE
  8
0
1001
WEBCAD
1000
E42_1778941710833
 10
55.59351066628153
 20
22.006380532148768
 30
74.42261344106277
 11
52.52951577786388
 21
23.24901213316099
 31
74.42261344106277
 12
52.52951577786388
 22
23.24901213316099
 32
56.73299272955676
 13
52.52951577786388
 23
23.24901213316099
 33
56.73299272955676
  0
3DFACE
  8
0
1001
WEBCAD
1000
E42_1778941710833
 10
55.59351066628153
 20
22.006380532148768
 30
74.42261344106277
 11
52.52951577786388
 21
23.24901213316099
 31
56.73299272955676
 12
55.59351066628153
 22
22.006380532148768
 32
56.73299272955676
 13
55.59351066628153
 23
22.006380532148768
 33
56.73299272955676
  0
3DFACE
  8
0
1001
WEBCAD
1000
E42_1778941710833
 10
58.78296964850114
 20
21.134859234174655
 30
74.42261344106277
 11
55.59351066628153
 21
22.006380532148768
 31
74.42261344106277
 12
55.59351066628153
 22
22.006380532148768
 32
56.73299272955676
 13
55.59351066628153
 23
22.006380532148768
 33
56.73299272955676
  0
3DFACE
  8
0
1001
WEBCAD
1000
E42_1778941710833
 10
58.78296964850114
 20
21.134859234174655
 30
74.42261344106277
 11
55.59351066628153
 21
22.006380532148768
 31
56.73299272955676
 12
58.78296964850114
 22
21.134859234174655
 32
56.73299272955676
 13
58.78296964850114
 23
21.134859234174655
 33
56.73299272955676
  0
3DFACE
  8
0
1001
WEBCAD
1000
E42_1778941710833
 10
62.05311971179259
 20
20.646682487863927
 30
74.42261344106277
 11
58.78296964850114
 21
21.134859234174655
 31
74.42261344106277
 12
58.78296964850114
 22
21.134859234174655
 32
56.73299272955676
 13
58.78296964850114
 23
21.134859234174655
 33
56.73299272955676
  0
3DFACE
  8
0
1001
WEBCAD
1000
E42_1778941710833
 10
62.05311971179259
 20
20.646682487863927
 30
74.42261344106277
 11
58.78296964850114
 21
21.134859234174655
 31
56.73299272955676
 12
62.05311971179259
 22
20.646682487863927
 32
56.73299272955676
 13
62.05311971179259
 23
20.646682487863927
 33
56.73299272955676
  0
3DFACE
  8
0
1001
WEBCAD
1000
E42_1778941710833
 10
62.05311971179259
 20
20.646682487863927
 30
74.42261344106277
 11
62.05311971179259
 21
20.646682487863927
 31
56.73299272955676
 12
65.35805511752471
 22
20.54870322463816
 32
56.73299272955676
 13
65.35805511752471
 23
20.54870322463816
 33
56.73299272955676
  0
3DFACE
  8
0
1001
WEBCAD
1000
E42_1778941710833
 10
65.35805511752471
 20
20.54870322463816
 30
74.42261344106277
 11
62.05311971179259
 21
20.646682487863927
 31
74.42261344106277
 12
65.35805511752471
 22
20.54870322463816
 32
56.73299272955676
 13
65.35805511752471
 23
20.54870322463816
 33
56.73299272955676
  0
3DFACE
  8
0
1001
WEBCAD
1000
E42_1778941710833
 10
68.6513818171087
 20
20.842296858579886
 30
74.42261344106277
 11
65.35805511752471
 21
20.54870322463816
 31
74.42261344106277
 12
65.35805511752471
 22
20.54870322463816
 32
56.73299272955676
 13
65.35805511752471
 23
20.54870322463816
 33
56.73299272955676
  0
3DFACE
  8
0
1001
WEBCAD
1000
E42_1778941710833
 10
68.6513818171087
 20
20.842296858579886
 30
74.42261344106277
 11
65.35805511752471
 21
20.54870322463816
 31
56.73299272955676
 12
68.6513818171087
 22
20.842296858579886
 32
56.73299272955676
 13
68.6513818171087
 23
20.842296858579886
 33
56.73299272955676
  0
3DFACE
  8
0
1001
WEBCAD
1000
E42_1778941710833
 10
68.6513818171087
 20
20.842296858579886
 30
74.42261344106277
 11
68.6513818171087
 21
20.842296858579886
 31
56.73299272955676
 12
71.88686872274354
 22
21.523341978633738
 32
56.73299272955676
 13
71.88686872274354
 23
21.523341978633738
 33
56.73299272955676
  0
3DFACE
  8
0
1001
WEBCAD
1000
E42_1778941710833
 10
71.88686872274354
 20
21.523341978633738
 30
74.42261344106277
 11
68.6513818171087
 21
20.842296858579886
 31
74.42261344106277
 12
71.88686872274354
 22
21.523341978633738
 32
56.73299272955676
 13
71.88686872274354
 23
21.523341978633738
 33
56.73299272955676
  0
3DFACE
  8
0
1001
WEBCAD
1000
E42_1778941710833
 10
75.01909669054896
 20
22.58227820418344
 30
74.42261344106277
 11
71.88686872274354
 21
21.523341978633738
 31
74.42261344106277
 12
71.88686872274354
 22
21.523341978633738
 32
56.73299272955676
 13
71.88686872274354
 23
21.523341978633738
 33
56.73299272955676
  0
3DFACE
  8
0
1001
WEBCAD
1000
E42_1778941710833
 10
75.01909669054896
 20
22.58227820418344
 30
74.42261344106277
 11
71.88686872274354
 21
21.523341978633738
 31
56.73299272955676
 12
75.01909669054896
 22
22.58227820418344
 32
56.73299272955676
 13
75.01909669054896
 23
22.58227820418344
 33
56.73299272955676
  0
3DFACE
  8
0
1001
WEBCAD
1000
E42_1778941710833
 10
78.00409610578527
 20
24.004240391839147
 30
74.42261344106277
 11
75.01909669054896
 21
22.58227820418344
 31
74.42261344106277
 12
75.01909669054896
 22
22.58227820418344
 32
56.73299272955676
 13
75.01909669054896
 23
22.58227820418344
 33
56.73299272955676
  0
3DFACE
  8
0
1001
WEBCAD
1000
E42_1778941710833
 10
78.00409610578527
 20
24.004240391839147
 30
74.42261344106277
 11
75.01909669054896
 21
22.58227820418344
 31
56.73299272955676
 12
78.00409610578527
 22
24.004240391839147
 32
56.73299272955676
 13
78.00409610578527
 23
24.004240391839147
 33
56.73299272955676
  0
3DFACE
  8
0
1001
WEBCAD
1000
E42_1778941710833
 10
78.00409610578527
 20
24.004240391839147
 30
74.42261344106277
 11
78.00409610578527
 21
24.004240391839147
 31
56.73299272955676
 12
80.79996411986201
 22
25.769267309465704
 32
56.73299272955676
 13
80.79996411986201
 23
25.769267309465704
 33
56.73299272955676
  0
3DFACE
  8
0
1001
WEBCAD
1000
E42_1778941710833
 10
80.79996411986201
 20
25.769267309465704
 30
74.42261344106277
 11
78.00409610578527
 21
24.004240391839147
 31
74.42261344106277
 12
80.79996411986201
 22
25.769267309465704
 32
56.73299272955676
 13
80.79996411986201
 23
25.769267309465704
 33
56.73299272955676
  0
3DFACE
  8
0
1001
WEBCAD
1000
E42_1778941710833
 10
83.36745287447985
 20
27.852581848126363
 30
74.42261344106277
 11
80.79996411986201
 21
25.769267309465704
 31
56.73299272955676
 12
83.36745287447985
 22
27.852581848126363
 32
56.73299272955676
 13
83.36745287447985
 23
27.852581848126363
 33
56.73299272955676
  0
3DFACE
  8
0
1001
WEBCAD
1000
E42_1778941710833
 10
83.36745287447985
 20
27.852581848126363
 30
74.42261344106277
 11
80.79996411986201
 21
25.769267309465704
 31
74.42261344106277
 12
80.79996411986201
 22
25.769267309465704
 32
56.73299272955676
 13
80.79996411986201
 23
25.769267309465704
 33
56.73299272955676
  0
3DFACE
  8
0
1001
WEBCAD
1000
E42_1778941710833
 10
85.67052045552862
 20
30.224938838380126
 30
74.42261344106277
 11
83.36745287447985
 21
27.852581848126363
 31
56.73299272955676
 12
85.67052045552862
 22
30.224938838380126
 32
56.73299272955676
 13
85.67052045552862
 23
30.224938838380126
 33
56.73299272955676
  0
3DFACE
  8
0
1001
WEBCAD
1000
E42_1778941710833
 10
85.67052045552862
 20
30.224938838380126
 30
74.42261344106277
 11
85.67052045552862
 21
30.224938838380126
 31
56.73299272955676
 12
87.6768368425569
 22
32.85303558835449
 32
56.73299272955676
 13
87.6768368425569
 23
32.85303558835449
 33
56.73299272955676
  0
3DFACE
  8
0
1001
WEBCAD
1000
E42_1778941710833
 10
85.67052045552862
 20
30.224938838380126
 30
74.42261344106277
 11
83.36745287447985
 21
27.852581848126363
 31
74.42261344106277
 12
83.36745287447985
 22
27.852581848126363
 32
56.73299272955676
 13
83.36745287447985
 23
27.852581848126363
 33
56.73299272955676
  0
3DFACE
  8
0
1001
WEBCAD
1000
E42_1778941710833
 10
87.6768368425569
 20
32.85303558835449
 30
74.42261344106277
 11
87.6768368425569
 21
32.85303558835449
 31
56.73299272955676
 12
89.35823775139045
 22
35.699979380538906
 32
56.73299272955676
 13
89.35823775139045
 23
35.699979380538906
 33
56.73299272955676
  0
3DFACE
  8
0
1001
WEBCAD
1000
E42_1778941710833
 10
87.6768368425569
 20
32.85303558835449
 30
74.42261344106277
 11
85.67052045552862
 21
30.224938838380126
 31
74.42261344106277
 12
87.6768368425569
 22
32.85303558835449
 32
56.73299272955676
 13
87.6768368425569
 23
32.85303558835449
 33
56.73299272955676
  0
3DFACE
  8
0
1001
WEBCAD
1000
E42_1778941710833
 10
89.35823775139045
 20
35.699979380538906
 30
74.42261344106277
 11
87.6768368425569
 21
32.85303558835449
 31
74.42261344106277
 12
89.35823775139045
 22
35.699979380538906
 32
56.73299272955676
 13
89.35823775139045
 23
35.699979380538906
 33
56.73299272955676
  0
3DFACE
  8
0
1001
WEBCAD
1000
E42_1778941710833
 10
90.69111999894562
 20
38.72580536466887
 30
74.42261344106277
 11
89.35823775139045
 21
35.699979380538906
 31
56.73299272955676
 12
90.69111999894562
 22
38.72580536466887
 32
56.73299272955676
 13
90.69111999894562
 23
38.72580536466887
 33
56.73299272955676
  0
3DFACE
  8
0
1001
WEBCAD
1000
E42_1778941710833
 10
90.69111999894562
 20
38.72580536466887
 30
74.42261344106277
 11
89.35823775139045
 21
35.699979380538906
 31
74.42261344106277
 12
89.35823775139045
 22
35.699979380538906
 32
56.73299272955676
 13
89.35823775139045
 23
35.699979380538906
 33
56.73299272955676
  0
3DFACE
  8
0
1001
WEBCAD
1000
E42_1778941710833
 10
91.65677284018057
 20
41.88803757661958
 30
74.42261344106277
 11
90.69111999894562
 21
38.72580536466887
 31
56.73299272955676
 12
91.65677284018057
 22
41.88803757661958
 32
56.73299272955676
 13
91.65677284018057
 23
41.88803757661958
 33
56.73299272955676
  0
3DFACE
  8
0
1001
WEBCAD
1000
E42_1778941710833
 10
91.65677284018057
 20
41.88803757661958
 30
74.42261344106277
 11
90.69111999894562
 21
38.72580536466887
 31
74.42261344106277
 12
90.69111999894562
 22
38.72580536466887
 32
56.73299272955676
 13
90.69111999894562
 23
38.72580536466887
 33
56.73299272955676
  0
3DFACE
  8
0
1001
WEBCAD
1000
E42_1778941710833
 10
92.24164062594156
 20
45.14228520783374
 30
74.42261344106277
 11
91.65677284018057
 21
41.88803757661958
 31
56.73299272955676
 12
92.24164062594156
 22
45.14228520783374
 32
56.73299272955676
 13
92.24164062594156
 23
45.14228520783374
 33
56.73299272955676
  0
3DFACE
  8
0
1001
WEBCAD
1000
E42_1778941710833
 10
92.24164062594156
 20
45.14228520783374
 30
74.42261344106277
 11
91.65677284018057
 21
41.88803757661958
 31
74.42261344106277
 12
91.65677284018057
 22
41.88803757661958
 32
56.73299272955676
 13
91.65677284018057
 23
41.88803757661958
 33
56.73299272955676
  0
3DFACE
  8
0
1001
WEBCAD
1000
E42_1778941710833
 10
92.4375130945624
 20
48.44286575496773
 30
74.42261344106277
 11
92.24164062594156
 21
45.14228520783374
 31
56.73299272955676
 12
92.4375130945624
 22
48.44286575496773
 32
56.73299272955676
 13
92.4375130945624
 23
48.44286575496773
 33
56.73299272955676
  0
3DFACE
  8
0
1001
WEBCAD
1000
E42_1778941710833
 10
92.4375130945624
 20
48.44286575496773
 30
74.42261344106277
 11
92.24164062594156
 21
45.14228520783374
 31
74.42261344106277
 12
92.24164062594156
 22
45.14228520783374
 32
56.73299272955676
 13
92.24164062594156
 23
45.14228520783374
 33
56.73299272955676
  0
3DFACE
  8
0
1001
WEBCAD
1000
E42_1778941710833
 10
86.5458076129375
 20
31.64787556598023
 30
12.014831641297759
 11
86.553998589446
 21
31.30344081225593
 31
12.014831641297759
 12
84.53501171637242
 22
28.98492430318771
 32
12.014831641297759
 13
84.53501171637242
 23
28.98492430318771
 33
12.014831641297759
  0
3DFACE
  8
0
1001
WEBCAD
1000
E42_1778941710833
 10
88.30569581390364
 20
33.82997670756663
 30
12.014831641297759
 11
86.553998589446
 21
31.30344081225593
 31
12.014831641297759
 12
86.5458076129375
 22
31.64787556598023
 32
12.014831641297759
 13
86.5458076129375
 23
31.64787556598023
 33
12.014831641297759
  0
3DFACE
  8
0
1001
WEBCAD
1000
E42_1778941710833
 10
88.23029565393625
 20
34.528345945168695
 30
12.014831641297759
 11
88.30569581390364
 21
33.82997670756663
 31
12.014831641297759
 12
86.5458076129375
 22
31.64787556598023
 32
12.014831641297759
 13
86.5458076129375
 23
31.64787556598023
 33
12.014831641297759
  0
3DFACE
  8
0
1001
WEBCAD
1000
E42_1778941710833
 10
89.7688432259593
 20
36.533867690402474
 30
12.014831641297759
 11
88.30569581390364
 21
33.82997670756663
 31
12.014831641297759
 12
88.23029565393625
 22
34.528345945168695
 32
12.014831641297759
 13
88.23029565393625
 23
34.528345945168695
 33
12.014831641297759
  0
3DFACE
  8
0
1001
WEBCAD
1000
E42_1778941710833
 10
89.56520966705239
 20
37.58655034370656
 30
12.014831641297759
 11
89.7688432259593
 21
36.533867690402474
 31
12.014831641297759
 12
88.23029565393625
 22
34.528345945168695
 32
12.014831641297759
 13
88.23029565393625
 23
34.528345945168695
 33
12.014831641297759
  0
3DFACE
  8
0
1001
WEBCAD
1000
E42_1778941710833
 10
90.92568276035377
 20
39.382296922124425
 30
12.014831641297759
 11
89.7688432259593
 21
36.533867690402474
 31
12.014831641297759
 12
89.56520966705239
 22
37.58655034370656
 32
12.014831641297759
 13
89.56520966705239
 23
37.58655034370656
 33
12.014831641297759
  0
3DFACE
  8
0
1001
WEBCAD
1000
E42_1778941710833
 10
90.53211180131984
 20
40.78024879979145
 30
12.014831641297759
 11
90.92568276035377
 21
39.382296922124425
 31
12.014831641297759
 12
89.56520966705239
 22
37.58655034370656
 32
12.014831641297759
 13
89.56520966705239
 23
37.58655034370656
 33
12.014831641297759
  0
3DFACE
  8
0
1001
WEBCAD
1000
E42_1778941710833
 10
58.083626158259506
 20
75.37417804388221
 30
12.014831641297759
 11
54.87435749648239
 21
74.62521831017773
 31
12.014831641297759
 12
57.893270654289495
 22
75.5483532621453
 32
12.014831641297759
 13
57.893270654289495
 23
75.5483532621453
 33
12.014831641297759
  0
3DFACE
  8
0
1001
WEBCAD
1000
E42_1778941710833
 10
91.76217397811513
 20
42.340693318666695
 30
12.014831641297759
 11
90.92568276035377
 21
39.382296922124425
 31
12.014831641297759
 12
90.53211180131984
 22
40.78024879979145
 32
12.014831641297759
 13
90.53211180131984
 23
40.78024879979145
 33
12.014831641297759
  0
3DFACE
  8
0
1001
WEBCAD
1000
E42_1778941710833
 10
91.11764719097584
 20
44.06532990580854
 30
12.014831641297759
 11
91.76217397811513
 21
42.340693318666695
 31
12.014831641297759
 12
90.53211180131984
 22
40.78024879979145
 32
12.014831641297759
 13
90.53211180131984
 23
40.78024879979145
 33
12.014831641297759
  0
3DFACE
  8
0
1001
WEBCAD
1000
E42_1778941710833
 10
60.99712906197226
 20
76.1246151635269
 30
12.014831641297759
 11
61.358061318733576
 21
75.74622697349832
 31
12.014831641297759
 12
58.083626158259506
 22
75.37417804388221
 32
12.014831641297759
 13
58.083626158259506
 23
75.37417804388221
 33
12.014831641297759
  0
3DFACE
  8
0
1001
WEBCAD
1000
E42_1778941710833
 10
60.99712906197226
 20
76.1246151635269
 30
12.014831641297759
 11
58.083626158259506
 21
75.37417804388221
 31
12.014831641297759
 12
57.893270654289495
 22
75.5483532621453
 32
12.014831641297759
 13
57.893270654289495
 23
75.5483532621453
 33
12.014831641297759
  0
3DFACE
  8
0
1001
WEBCAD
1000
E42_1778941710833
 10
92.26816447387989
 20
45.37315113612465
 30
12.014831641297759
 11
91.76217397811513
 21
42.340693318666695
 31
12.014831641297759
 12
91.11764719097584
 22
44.06532990580854
 32
12.014831641297759
 13
91.11764719097584
 23
44.06532990580854
 33
12.014831641297759
  0
3DFACE
  8
0
1001
WEBCAD
1000
E42_1778941710833
 10
91.31372841305244
 20
47.39642007570771
 30
12.014831641297759
 11
92.26816447387989
 21
45.37315113612465
 31
12.014831641297759
 12
91.11764719097584
 22
44.06532990580854
 32
12.014831641297759
 13
91.11764719097584
 23
44.06532990580854
 33
12.014831641297759
  0
3DFACE
  8
0
1001
WEBCAD
1000
E42_1778941710833
 10
64.14621217090712
 20
76.3466295030365
 30
12.014831641297759
 11
64.65355043712498
 21
75.73635292967222
 31
12.014831641297759
 12
61.358061318733576
 22
75.74622697349832
 32
12.014831641297759
 13
61.358061318733576
 23
75.74622697349832
 33
12.014831641297759
  0
3DFACE
  8
0
1001
WEBCAD
1000
E42_1778941710833
 10
64.14621217090712
 20
76.3466295030365
 30
12.014831641297759
 11
61.358061318733576
 21
75.74622697349832
 31
12.014831641297759
 12
60.99712906197226
 22
76.1246151635269
 32
12.014831641297759
 13
60.99712906197226
 23
76.1246151635269
 33
12.014831641297759
  0
3DFACE
  8
0
1001
WEBCAD
1000
E42_1778941710833
 10
92.4375130945624
 20
48.44286575496773
 30
12.014831641297759
 11
92.26816447387989
 21
45.37315113612465
 31
12.014831641297759
 12
91.31372841305244
 22
47.39642007570771
 32
12.014831641297759
 13
91.31372841305244
 23
47.39642007570771
 33
12.014831641297759
  0
3DFACE
  8
0
1001
WEBCAD
1000
E42_1778941710833
 10
91.12247699032116
 20
50.68636975913461
 30
12.014831641297759
 11
92.4375130945624
 21
48.44286575496773
 31
12.014831641297759
 12
91.31372841305244
 22
47.39642007570771
 32
12.014831641297759
 13
91.31372841305244
 23
47.39642007570771
 33
12.014831641297759
  0
3DFACE
  8
0
1001
WEBCAD
1000
E42_1778941710833
 10
67.30022068508475
 20
76.2115551293686
 30
12.014831641297759
 11
67.92569733791186
 21
75.34468893356316
 31
12.014831641297759
 12
64.65355043712498
 22
75.73635292967222
 32
12.014831641297759
 13
64.65355043712498
 23
75.73635292967222
 33
12.014831641297759
  0
3DFACE
  8
0
1001
WEBCAD
1000
E42_1778941710833
 10
67.30022068508475
 20
76.2115551293686
 30
12.014831641297759
 11
64.65355043712498
 21
75.73635292967222
 31
12.014831641297759
 12
64.14621217090712
 22
76.3466295030365
 32
12.014831641297759
 13
64.14621217090712
 23
76.3466295030365
 33
12.014831641297759
  0
3DFACE
  8
0
1001
WEBCAD
1000
E42_1778941710833
 10
92.25895175447477
 20
51.59471134791053
 30
12.014831641297759
 11
92.4375130945624
 21
48.44286575496773
 31
12.014831641297759
 12
91.12247699032116
 22
50.68636975913461
 32
12.014831641297759
 13
91.12247699032116
 23
50.68636975913461
 33
12.014831641297759
  0
3DFACE
  8
0
1001
WEBCAD
1000
E42_1778941710833
 10
90.55129922334686
 20
53.93199789320843
 30
12.014831641297759
 11
92.25895175447477
 21
51.59471134791053
 31
12.014831641297759
 12
91.12247699032116
 22
50.68636975913461
 32
12.014831641297759
 13
91.12247699032116
 23
50.68636975913461
 33
12.014831641297759
  0
3DFACE
  8
0
1001
WEBCAD
1000
E42_1778941710833
 10
70.418792277335
 20
75.72112060984875
 30
12.014831641297759
 11
71.13042030729662
 21
74.57651140481389
 31
12.014831641297759
 12
67.92569733791186
 22
75.34468893356316
 32
12.014831641297759
 13
67.92569733791186
 23
75.34468893356316
 33
12.014831641297759
  0
3DFACE
  8
0
1001
WEBCAD
1000
E42_1778941710833
 10
70.418792277335
 20
75.72112060984875
 30
12.014831641297759
 11
67.92569733791186
 21
75.34468893356316
 31
12.014831641297759
 12
67.30022068508475
 22
76.2115551293686
 32
12.014831641297759
 13
67.30022068508475
 23
76.2115551293686
 33
12.014831641297759
  0
3DFACE
  8
0
1001
WEBCAD
1000
E42_1778941710833
 10
91.72555281086784
 20
54.70622229291553
 30
12.014831641297759
 11
92.25895175447477
 21
51.59471134791053
 31
12.014831641297759
 12
90.55129922334686
 22
53.93199789320843
 32
12.014831641297759
 13
90.55129922334686
 23
53.93199789320843
 33
12.014831641297759
  0
3DFACE
  8
0
1001
WEBCAD
1000
E42_1778941710833
 10
89.60788990567477
 20
57.08958001969492
 30
12.014831641297759
 11
91.72555281086784
 21
54.70622229291553
 31
12.014831641297759
 12
90.55129922334686
 22
53.93199789320843
 32
12.014831641297759
 13
90.55129922334686
 23
53.93199789320843
 33
12.014831641297759
  0
3DFACE
  8
0
1001
WEBCAD
1000
E42_1778941710833
 10
73.46201811217304
 20
74.88160210969451
 30
12.014831641297759
 11
71.13042030729662
 21
74.57651140481389
 31
12.014831641297759
 12
70.418792277335
 22
75.72112060984875
 32
12.014831641297759
 13
70.418792277335
 23
75.72112060984875
 33
12.014831641297759
  0
3DFACE
  8
0
1001
WEBCAD
1000
E42_1778941710833
 10
73.46201811217304
 20
74.88160210969451
 30
12.014831641297759
 11
74.22454595330726
 21
73.44216907867218
 31
12.014831641297759
 12
71.13042030729662
 22
74.57651140481389
 32
12.014831641297759
 13
71.13042030729662
 23
74.57651140481389
 33
12.014831641297759
  0
3DFACE
  8
0
1001
WEBCAD
1000
E42_1778941710833
 10
90.84414225123567
 20
57.73758011067571
 30
12.014831641297759
 11
89.60788990567477
 21
57.08958001969492
 31
12.014831641297759
 12
88.30495846044414
 22
60.116577818704144
 32
12.014831641297759
 13
88.30495846044414
 23
60.116577818704144
 33
12.014831641297759
  0
3DFACE
  8
0
1001
WEBCAD
1000
E42_1778941710833
 10
90.84414225123567
 20
57.73758011067571
 30
12.014831641297759
 11
91.72555281086784
 21
54.70622229291553
 31
12.014831641297759
 12
89.60788990567477
 22
57.08958001969492
 32
12.014831641297759
 13
89.60788990567477
 23
57.08958001969492
 33
12.014831641297759
  0
3DFACE
  8
0
1001
WEBCAD
1000
E42_1778941710833
 10
76.39095356524342
 20
73.7037430749734
 30
12.014831641297759
 11
74.22454595330726
 21
73.44216907867218
 31
12.014831641297759
 12
73.46201811217304
 22
74.88160210969451
 32
12.014831641297759
 13
73.46201811217304
 23
74.88160210969451
 33
12.014831641297759
  0
3DFACE
  8
0
1001
WEBCAD
1000
E42_1778941710833
 10
76.39095356524342
 20
73.7037430749734
 30
12.014831641297759
 11
77.16639082916805
 21
71.956943589883
 31
12.014831641297759
 12
74.22454595330726
 22
73.44216907867218
 32
12.014831641297759
 13
74.22454595330726
 23
73.44216907867218
 33
12.014831641297759
  0
3DFACE
  8
0
1001
WEBCAD
1000
E42_1778941710833
 10
89.62599962070931
 20
60.6499920536572
 30
12.014831641297759
 11
90.84414225123567
 21
57.73758011067571
 31
12.014831641297759
 12
88.30495846044414
 22
60.116577818704144
 32
12.014831641297759
 13
88.30495846044414
 23
60.116577818704144
 33
12.014831641297759
  0
3DFACE
  8
0
1001
WEBCAD
1000
E42_1778941710833
 10
79.16811660360759
 20
72.20261674708794
 30
12.014831641297759
 11
77.16639082916805
 21
71.956943589883
 31
12.014831641297759
 12
76.39095356524342
 22
73.7037430749734
 32
12.014831641297759
 13
76.39095356524342
 23
73.7037430749734
 33
12.014831641297759
  0
3DFACE
  8
0
1001
WEBCAD
1000
E42_1778941710833
 10
79.16811660360759
 20
72.20261674708794
 30
12.014831641297759
 11
79.91632298442352
 21
70.14084360153726
 31
12.014831641297759
 12
77.16639082916805
 22
71.956943589883
 32
12.014831641297759
 13
77.16639082916805
 23
71.956943589883
 33
12.014831641297759
  0
3DFACE
  8
0
1001
WEBCAD
1000
E42_1778941710833
 10
88.08671367600016
 20
63.40618754279575
 30
12.014831641297759
 11
89.62599962070931
 21
60.6499920536572
 31
12.014831641297759
 12
88.30495846044414
 22
60.116577818704144
 32
12.014831641297759
 13
88.30495846044414
 23
60.116577818704144
 33
12.014831641297759
  0
3DFACE
  8
0
1001
WEBCAD
1000
E42_1778941710833
 10
88.08671367600016
 20
63.40618754279575
 30
12.014831641297759
 11
88.30495846044414
 21
60.116577818704144
 31
12.014831641297759
 12
86.66005772156126
 22
62.97221217649576
 32
12.014831641297759
 13
86.66005772156126
 23
62.97221217649576
 33
12.014831641297759
  0
3DFACE
  8
0
1001
WEBCAD
1000
E42_1778941710833
 10
81.75796744902595
 20
70.39743326821034
 30
12.014831641297759
 11
82.4372958787115
 21
68.01833525233275
 31
12.014831641297759
 12
79.91632298442352
 22
70.14084360153726
 32
12.014831641297759
 13
79.91632298442352
 23
70.14084360153726
 33
12.014831641297759
  0
3DFACE
  8
0
1001
WEBCAD
1000
E42_1778941710833
 10
81.75796744902595
 20
70.39743326821034
 30
12.014831641297759
 11
79.91632298442352
 21
70.14084360153726
 31
12.014831641297759
 12
79.16811660360759
 22
72.20261674708794
 32
12.014831641297759
 13
79.16811660360759
 23
72.20261674708794
 33
12.014831641297759
  0
3DFACE
  8
0
1001
WEBCAD
1000
E42_1778941710833
 10
86.24598289370692
 20
65.97089512477172
 30
12.014831641297759
 11
88.08671367600016
 21
63.40618754279575
 31
12.014831641297759
 12
86.66005772156126
 22
62.97221217649576
 32
12.014831641297759
 13
86.66005772156126
 23
62.97221217649576
 33
12.014831641297759
  0
3DFACE
  8
0
1001
WEBCAD
1000
E42_1778941710833
 10
86.24598289370692
 20
65.97089512477172
 30
12.014831641297759
 11
86.66005772156126
 21
62.97221217649576
 31
12.014831641297759
 12
84.69534746540404
 22
65.61801255360817
 32
12.014831641297759
 13
84.69534746540404
 23
65.61801255360817
 33
12.014831641297759
  0
3DFACE
  8
0
1001
WEBCAD
1000
E42_1778941710833
 10
84.12736338591151
 20
68.31129384616844
 30
12.014831641297759
 11
84.69534746540404
 21
65.61801255360817
 31
12.014831641297759
 12
82.4372958787115
 22
68.01833525233275
 32
12.014831641297759
 13
82.4372958787115
 23
68.01833525233275
 33
12.014831641297759
  0
3DFACE
  8
0
1001
WEBCAD
1000
E42_1778941710833
 10
84.12736338591151
 20
68.31129384616844
 30
12.014831641297759
 11
82.4372958787115
 21
68.01833525233275
 31
12.014831641297759
 12
81.75796744902595
 22
70.39743326821034
 32
12.014831641297759
 13
81.75796744902595
 23
70.39743326821034
 33
12.014831641297759
  0
3DFACE
  8
0
1001
WEBCAD
1000
E42_1778941710833
 10
84.12736338591151
 20
68.31129384616844
 30
12.014831641297759
 11
86.24598289370692
 21
65.97089512477172
 31
12.014831641297759
 12
84.69534746540404
 22
65.61801255360817
 32
12.014831641297759
 13
84.69534746540404
 23
65.61801255360817
 33
12.014831641297759
  0
3DFACE
  8
0
1001
WEBCAD
1000
E42_1778941710833
 10
51.820802251364114
 20
36.29634420260939
 30
74.42261344106277
 11
42.3495547848558
 21
31.50924723704918
 31
74.42261344106277
 12
44.508037643776674
 22
29.00462157243811
 32
74.42261344106277
 13
44.508037643776674
 23
29.00462157243811
 33
74.42261344106277
  0
3DFACE
  8
0
1001
WEBCAD
1000
E42_1778941710833
 10
51.820802251364114
 20
36.29634420260939
 30
74.42261344106277
 11
44.508037643776674
 21
29.00462157243811
 31
74.42261344106277
 12
46.94760033807893
 22
26.772866246993033
 32
74.42261344106277
 13
46.94760033807893
 23
26.772866246993033
 33
74.42261344106277
  0
3DFACE
  8
0
1001
WEBCAD
1000
E42_1778941710833
 10
50.22102817376776
 20
38.16943898724122
 30
74.42261344106277
 11
42.3495547848558
 21
31.50924723704918
 31
74.42261344106277
 12
51.820802251364114
 22
36.29634420260939
 32
74.42261344106277
 13
51.820802251364114
 23
36.29634420260939
 33
74.42261344106277
  0
3DFACE
  8
0
1001
WEBCAD
1000
E42_1778941710833
 10
50.22102817376776
 20
38.16943898724122
 30
74.42261344106277
 11
40.50245212920271
 21
34.25158378670224
 31
74.42261344106277
 12
42.3495547848558
 22
31.50924723704918
 32
74.42261344106277
 13
42.3495547848558
 23
31.50924723704918
 33
74.42261344106277
  0
3DFACE
  8
0
1001
WEBCAD
1000
E42_1778941710833
 10
53.693897035995974
 20
34.69657012501301
 30
74.42261344106277
 11
51.820802251364114
 21
36.29634420260939
 31
74.42261344106277
 12
46.94760033807893
 22
26.772866246993033
 32
74.42261344106277
 13
46.94760033807893
 23
26.772866246993033
 33
74.42261344106277
  0
3DFACE
  8
0
1001
WEBCAD
1000
E42_1778941710833
 10
53.693897035995974
 20
34.69657012501301
 30
74.42261344106277
 11
46.94760033807893
 21
26.772866246993033
 31
74.42261344106277
 12
49.63399675512187
 22
24.84531021341516
 32
74.42261344106277
 13
49.63399675512187
 23
24.84531021341516
 33
74.42261344106277
  0
3DFACE
  8
0
1001
WEBCAD
1000
E42_1778941710833
 10
55.79419071762038
 20
33.40950850158825
 30
74.42261344106277
 11
53.693897035995974
 21
34.69657012501301
 31
74.42261344106277
 12
49.63399675512187
 22
24.84531021341516
 32
74.42261344106277
 13
49.63399675512187
 23
24.84531021341516
 33
74.42261344106277
  0
3DFACE
  8
0
1001
WEBCAD
1000
E42_1778941710833
 10
55.79419071762038
 20
33.40950850158825
 30
74.42261344106277
 11
49.63399675512187
 21
24.84531021341516
 31
74.42261344106277
 12
52.52951577786388
 22
23.24901213316099
 32
74.42261344106277
 13
52.52951577786388
 23
23.24901213316099
 33
74.42261344106277
  0
3DFACE
  8
0
1001
WEBCAD
1000
E42_1778941710833
 10
48.93396655034297
 20
40.26973266886566
 30
74.42261344106277
 11
40.50245212920271
 21
34.25158378670224
 31
74.42261344106277
 12
50.22102817376776
 22
38.16943898724122
 32
74.42261344106277
 13
50.22102817376776
 23
38.16943898724122
 33
74.42261344106277
  0
3DFACE
  8
0
1001
WEBCAD
1000
E42_1778941710833
 10
48.93396655034297
 20
40.26973266886566
 30
74.42261344106277
 11
38.99265894920387
 21
37.19313482751605
 31
74.42261344106277
 12
40.50245212920271
 22
34.25158378670224
 32
74.42261344106277
 13
40.50245212920271
 23
34.25158378670224
 33
74.42261344106277
  0
3DFACE
  8
0
1001
WEBCAD
1000
E42_1778941710833
 10
58.06996709532075
 20
32.46685106101643
 30
74.42261344106277
 11
55.79419071762038
 21
33.40950850158825
 31
74.42261344106277
 12
52.52951577786388
 22
23.24901213316099
 32
74.42261344106277
 13
52.52951577786388
 23
23.24901213316099
 33
74.42261344106277
  0
3DFACE
  8
0
1001
WEBCAD
1000
E42_1778941710833
 10
58.06996709532075
 20
32.46685106101643
 30
74.42261344106277
 11
52.52951577786388
 21
23.24901213316099
 31
74.42261344106277
 12
55.59351066628153
 22
22.006380532148768
 32
74.42261344106277
 13
55.59351066628153
 23
22.006380532148768
 33
74.42261344106277
  0
3DFACE
  8
0
1001
WEBCAD
1000
E42_1778941710833
 10
47.99130910977118
 20
42.545509046566025
 30
74.42261344106277
 11
38.99265894920387
 21
37.19313482751605
 31
74.42261344106277
 12
48.93396655034297
 22
40.26973266886566
 32
74.42261344106277
 13
48.93396655034297
 23
40.26973266886566
 33
74.42261344106277
  0
3DFACE
  8
0
1001
WEBCAD
1000
E42_1778941710833
 10
47.99130910977118
 20
42.545509046566025
 30
74.42261344106277
 11
37.84136943159899
 21
40.29260743083694
 31
74.42261344106277
 12
38.99265894920387
 22
37.19313482751605
 32
74.42261344106277
 13
38.99265894920387
 23
37.19313482751605
 33
74.42261344106277
  0
3DFACE
  8
0
1001
WEBCAD
1000
E42_1778941710833
 10
60.46518900180928
 20
31.891809157985165
 30
74.42261344106277
 11
58.06996709532075
 21
32.46685106101643
 31
74.42261344106277
 12
55.59351066628153
 22
22.006380532148768
 32
74.42261344106277
 13
55.59351066628153
 23
22.006380532148768
 33
74.42261344106277
  0
3DFACE
  8
0
1001
WEBCAD
1000
E42_1778941710833
 10
60.46518900180928
 20
31.891809157985165
 30
74.42261344106277
 11
55.59351066628153
 21
22.006380532148768
 31
74.42261344106277
 12
58.78296964850114
 22
21.134859234174655
 32
74.42261344106277
 13
58.78296964850114
 23
21.134859234174655
 33
74.42261344106277
  0
3DFACE
  8
0
1001
WEBCAD
1000
E42_1778941710833
 10
60.46518900180928
 20
31.891809157985165
 30
74.42261344106277
 11
58.78296964850114
 21
21.134859234174655
 31
74.42261344106277
 12
62.05311971179259
 22
20.646682487863927
 32
74.42261344106277
 13
62.05311971179259
 23
20.646682487863927
 33
74.42261344106277
  0
3DFACE
  8
0
1001
WEBCAD
1000
E42_1778941710833
 10
47.41626720673992
 20
44.940730953054526
 30
74.42261344106277
 11
37.84136943159899
 21
40.29260743083694
 31
74.42261344106277
 12
47.99130910977118
 22
42.545509046566025
 32
74.42261344106277
 13
47.99130910977118
 23
42.545509046566025
 33
74.42261344106277
  0
3DFACE
  8
0
1001
WEBCAD
1000
E42_1778941710833
 10
47.41626720673992
 20
44.940730953054526
 30
74.42261344106277
 11
37.06474515755747
 21
43.50649179544206
 31
74.42261344106277
 12
37.84136943159899
 22
40.29260743083694
 32
74.42261344106277
 13
37.84136943159899
 23
40.29260743083694
 33
74.42261344106277
  0
3DFACE
  8
0
1001
WEBCAD
1000
E42_1778941710833
 10
62.92087812446243
 20
31.69854223260171
 30
74.42261344106277
 11
60.46518900180928
 21
31.891809157985165
 31
74.42261344106277
 12
62.05311971179259
 22
20.646682487863927
 32
74.42261344106277
 13
62.05311971179259
 23
20.646682487863927
 33
74.42261344106277
  0
3DFACE
  8
0
1001
WEBCAD
1000
E42_1778941710833
 10
62.92087812446243
 20
31.69854223260171
 30
74.42261344106277
 11
62.05311971179259
 21
20.646682487863927
 31
74.42261344106277
 12
65.35805511752471
 22
20.54870322463816
 32
74.42261344106277
 13
65.35805511752471
 23
20.54870322463816
 33
74.42261344106277
  0
3DFACE
  8
0
1001
WEBCAD
1000
E42_1778941710833
 10
47.22300028135646
 20
47.39642007570771
 30
74.42261344106277
 11
36.673688229505444
 21
50.09605948016181
 31
74.42261344106277
 12
36.673688229505444
 22
46.789672029773726
 32
74.42261344106277
 13
36.673688229505444
 23
46.789672029773726
 33
74.42261344106277
  0
3DFACE
  8
0
1001
WEBCAD
1000
E42_1778941710833
 10
47.22300028135646
 20
47.39642007570771
 30
74.42261344106277
 11
36.673688229505444
 21
46.789672029773726
 31
74.42261344106277
 12
37.06474515755747
 22
43.50649179544206
 32
74.42261344106277
 13
37.06474515755747
 23
43.50649179544206
 33
74.42261344106277
  0
3DFACE
  8
0
1001
WEBCAD
1000
E42_1778941710833
 10
47.22300028135646
 20
47.39642007570771
 30
74.42261344106277
 11
37.06474515755747
 21
43.50649179544206
 31
74.42261344106277
 12
47.41626720673992
 22
44.940730953054526
 32
74.42261344106277
 13
47.41626720673992
 23
44.940730953054526
 33
74.42261344106277
  0
3DFACE
  8
0
1001
WEBCAD
1000
E42_1778941710833
 10
47.41626720673992
 20
49.85210919836089
 30
74.42261344106277
 11
37.06474515755747
 21
53.37923971449348
 31
74.42261344106277
 12
36.673688229505444
 22
50.09605948016181
 32
74.42261344106277
 13
36.673688229505444
 23
50.09605948016181
 33
74.42261344106277
  0
3DFACE
  8
0
1001
WEBCAD
1000
E42_1778941710833
 10
47.41626720673992
 20
49.85210919836089
 30
74.42261344106277
 11
36.673688229505444
 21
50.09605948016181
 31
74.42261344106277
 12
47.22300028135646
 22
47.39642007570771
 32
74.42261344106277
 13
47.22300028135646
 23
47.39642007570771
 33
74.42261344106277
  0
3DFACE
  8
0
1001
WEBCAD
1000
E42_1778941710833
 10
65.37656724711559
 20
31.891809157985165
 30
74.42261344106277
 11
65.35805511752471
 21
20.54870322463816
 31
74.42261344106277
 12
68.6513818171087
 22
20.842296858579886
 32
74.42261344106277
 13
68.6513818171087
 23
20.842296858579886
 33
74.42261344106277
  0
3DFACE
  8
0
1001
WEBCAD
1000
E42_1778941710833
 10
65.37656724711559
 20
31.891809157985165
 30
74.42261344106277
 11
62.92087812446243
 21
31.69854223260171
 31
74.42261344106277
 12
65.35805511752471
 22
20.54870322463816
 32
74.42261344106277
 13
65.35805511752471
 23
20.54870322463816
 33
74.42261344106277
  0
3DFACE
  8
0
1001
WEBCAD
1000
E42_1778941710833
 10
67.77178915360412
 20
32.46685106101643
 30
74.42261344106277
 11
68.6513818171087
 21
20.842296858579886
 31
74.42261344106277
 12
71.88686872274354
 22
21.523341978633738
 32
74.42261344106277
 13
71.88686872274354
 23
21.523341978633738
 33
74.42261344106277
  0
3DFACE
  8
0
1001
WEBCAD
1000
E42_1778941710833
 10
67.77178915360412
 20
32.46685106101643
 30
74.42261344106277
 11
65.37656724711559
 21
31.891809157985165
 31
74.42261344106277
 12
68.6513818171087
 22
20.842296858579886
 32
74.42261344106277
 13
68.6513818171087
 23
20.842296858579886
 33
74.42261344106277
  0
3DFACE
  8
0
1001
WEBCAD
1000
E42_1778941710833
 10
47.99130910977118
 20
52.24733110484942
 30
74.42261344106277
 11
37.84136943159899
 21
56.5931240790986
 31
74.42261344106277
 12
37.06474515755747
 22
53.37923971449348
 32
74.42261344106277
 13
37.06474515755747
 23
53.37923971449348
 33
74.42261344106277
  0
3DFACE
  8
0
1001
WEBCAD
1000
E42_1778941710833
 10
47.99130910977118
 20
52.24733110484942
 30
74.42261344106277
 11
37.06474515755747
 21
53.37923971449348
 31
74.42261344106277
 12
47.41626720673992
 22
49.85210919836089
 32
74.42261344106277
 13
47.41626720673992
 23
49.85210919836089
 33
74.42261344106277
  0
3DFACE
  8
0
1001
WEBCAD
1000
E42_1778941710833
 10
48.93396655034297
 20
54.52310748254976
 30
74.42261344106277
 11
38.99265894920387
 21
59.69259668241949
 31
74.42261344106277
 12
37.84136943159899
 22
56.5931240790986
 32
74.42261344106277
 13
37.84136943159899
 23
56.5931240790986
 33
74.42261344106277
  0
3DFACE
  8
0
1001
WEBCAD
1000
E42_1778941710833
 10
48.93396655034297
 20
54.52310748254976
 30
74.42261344106277
 11
37.84136943159899
 21
56.5931240790986
 31
74.42261344106277
 12
47.99130910977118
 22
52.24733110484942
 32
74.42261344106277
 13
47.99130910977118
 23
52.24733110484942
 33
74.42261344106277
  0
3DFACE
  8
0
1001
WEBCAD
1000
E42_1778941710833
 10
70.04756553130449
 20
33.40950850158825
 30
74.42261344106277
 11
67.77178915360412
 21
32.46685106101643
 31
74.42261344106277
 12
71.88686872274354
 22
21.523341978633738
 32
74.42261344106277
 13
71.88686872274354
 23
21.523341978633738
 33
74.42261344106277
  0
3DFACE
  8
0
1001
WEBCAD
1000
E42_1778941710833
 10
70.04756553130449
 20
33.40950850158825
 30
74.42261344106277
 11
71.88686872274354
 21
21.523341978633738
 31
74.42261344106277
 12
75.01909669054896
 22
22.58227820418344
 32
74.42261344106277
 13
75.01909669054896
 23
22.58227820418344
 33
74.42261344106277
  0
3DFACE
  8
0
1001
WEBCAD
1000
E42_1778941710833
 10
70.04756553130449
 20
33.40950850158825
 30
74.42261344106277
 11
75.01909669054896
 21
22.58227820418344
 31
74.42261344106277
 12
78.00409610578527
 22
24.004240391839147
 32
74.42261344106277
 13
78.00409610578527
 23
24.004240391839147
 33
74.42261344106277
  0
3DFACE
  8
0
1001
WEBCAD
1000
E42_1778941710833
 10
72.14785921292889
 20
34.69657012501301
 30
74.42261344106277
 11
78.00409610578527
 21
24.004240391839147
 31
74.42261344106277
 12
80.79996411986201
 22
25.769267309465704
 32
74.42261344106277
 13
80.79996411986201
 23
25.769267309465704
 33
74.42261344106277
  0
3DFACE
  8
0
1001
WEBCAD
1000
E42_1778941710833
 10
72.14785921292889
 20
34.69657012501301
 30
74.42261344106277
 11
70.04756553130449
 21
33.40950850158825
 31
74.42261344106277
 12
78.00409610578527
 22
24.004240391839147
 32
74.42261344106277
 13
78.00409610578527
 23
24.004240391839147
 33
74.42261344106277
  0
3DFACE
  8
0
1001
WEBCAD
1000
E42_1778941710833
 10
50.22102817376776
 20
56.6234011641742
 30
74.42261344106277
 11
40.502452129202766
 21
62.63414772323327
 31
74.42261344106277
 12
38.99265894920387
 22
59.69259668241949
 32
74.42261344106277
 13
38.99265894920387
 23
59.69259668241949
 33
74.42261344106277
  0
3DFACE
  8
0
1001
WEBCAD
1000
E42_1778941710833
 10
50.22102817376776
 20
56.6234011641742
 30
74.42261344106277
 11
38.99265894920387
 21
59.69259668241949
 31
74.42261344106277
 12
48.93396655034297
 22
54.52310748254976
 32
74.42261344106277
 13
48.93396655034297
 23
54.52310748254976
 33
74.42261344106277
  0
3DFACE
  8
0
1001
WEBCAD
1000
E42_1778941710833
 10
42.349554784855854
 20
65.37648427288636
 30
74.42261344106277
 11
40.502452129202766
 21
62.63414772323327
 31
74.42261344106277
 12
50.22102817376776
 22
56.6234011641742
 32
74.42261344106277
 13
50.22102817376776
 23
56.6234011641742
 33
74.42261344106277
  0
3DFACE
  8
0
1001
WEBCAD
1000
E42_1778941710833
 10
74.02095399756075
 20
36.29634420260939
 30
74.42261344106277
 11
72.14785921292889
 21
34.69657012501301
 31
74.42261344106277
 12
80.79996411986201
 22
25.769267309465704
 32
74.42261344106277
 13
80.79996411986201
 23
25.769267309465704
 33
74.42261344106277
  0
3DFACE
  8
0
1001
WEBCAD
1000
E42_1778941710833
 10
51.820802251364114
 20
58.49649594880603
 30
74.42261344106277
 11
42.349554784855854
 21
65.37648427288636
 31
74.42261344106277
 12
50.22102817376776
 22
56.6234011641742
 32
74.42261344106277
 13
50.22102817376776
 23
56.6234011641742
 33
74.42261344106277
  0
3DFACE
  8
0
1001
WEBCAD
1000
E42_1778941710833
 10
83.36745287447985
 20
27.852581848126363
 30
74.42261344106277
 11
74.02095399756075
 21
36.29634420260939
 31
74.42261344106277
 12
80.79996411986201
 22
25.769267309465704
 32
74.42261344106277
 13
80.79996411986201
 23
25.769267309465704
 33
74.42261344106277
  0
3DFACE
  8
0
1001
WEBCAD
1000
E42_1778941710833
 10
44.50803764377673
 20
67.8811099374974
 30
74.42261344106277
 11
42.349554784855854
 21
65.37648427288636
 31
74.42261344106277
 12
51.820802251364114
 22
58.49649594880603
 32
74.42261344106277
 13
51.820802251364114
 23
58.49649594880603
 33
74.42261344106277
  0
3DFACE
  8
0
1001
WEBCAD
1000
E42_1778941710833
 10
75.6207280751571
 20
38.16943898724122
 30
74.42261344106277
 11
74.02095399756075
 21
36.29634420260939
 31
74.42261344106277
 12
83.36745287447985
 22
27.852581848126363
 32
74.42261344106277
 13
83.36745287447985
 23
27.852581848126363
 33
74.42261344106277
  0
3DFACE
  8
0
1001
WEBCAD
1000
E42_1778941710833
 10
53.693897035995974
 20
60.09627002640241
 30
74.42261344106277
 11
44.50803764377673
 21
67.8811099374974
 31
74.42261344106277
 12
51.820802251364114
 22
58.49649594880603
 32
74.42261344106277
 13
51.820802251364114
 23
58.49649594880603
 33
74.42261344106277
  0
3DFACE
  8
0
1001
WEBCAD
1000
E42_1778941710833
 10
85.67052045552862
 20
30.224938838380126
 30
74.42261344106277
 11
75.6207280751571
 21
38.16943898724122
 31
74.42261344106277
 12
83.36745287447985
 22
27.852581848126363
 32
74.42261344106277
 13
83.36745287447985
 23
27.852581848126363
 33
74.42261344106277
  0
3DFACE
  8
0
1001
WEBCAD
1000
E42_1778941710833
 10
46.947600338078985
 20
70.11286526294248
 30
74.42261344106277
 11
44.50803764377673
 21
67.8811099374974
 31
74.42261344106277
 12
53.693897035995974
 22
60.09627002640241
 32
74.42261344106277
 13
53.693897035995974
 23
60.09627002640241
 33
74.42261344106277
  0
3DFACE
  8
0
1001
WEBCAD
1000
E42_1778941710833
 10
55.79419071762038
 20
61.38333164982717
 30
74.42261344106277
 11
46.947600338078985
 21
70.11286526294248
 31
74.42261344106277
 12
53.693897035995974
 22
60.09627002640241
 32
74.42261344106277
 13
53.693897035995974
 23
60.09627002640241
 33
74.42261344106277
  0
3DFACE
  8
0
1001
WEBCAD
1000
E42_1778941710833
 10
87.6768368425569
 20
32.85303558835449
 30
74.42261344106277
 11
76.9077896985819
 21
40.26973266886566
 31
74.42261344106277
 12
75.6207280751571
 22
38.16943898724122
 32
74.42261344106277
 13
75.6207280751571
 23
38.16943898724122
 33
74.42261344106277
  0
3DFACE
  8
0
1001
WEBCAD
1000
E42_1778941710833
 10
87.6768368425569
 20
32.85303558835449
 30
74.42261344106277
 11
75.6207280751571
 21
38.16943898724122
 31
74.42261344106277
 12
85.67052045552862
 22
30.224938838380126
 32
74.42261344106277
 13
85.67052045552862
 23
30.224938838380126
 33
74.42261344106277
  0
3DFACE
  8
0
1001
WEBCAD
1000
E42_1778941710833
 10
49.63399675512193
 20
72.04042129652035
 30
74.42261344106277
 11
46.947600338078985
 21
70.11286526294248
 31
74.42261344106277
 12
55.79419071762038
 22
61.38333164982717
 32
74.42261344106277
 13
55.79419071762038
 23
61.38333164982717
 33
74.42261344106277
  0
3DFACE
  8
0
1001
WEBCAD
1000
E42_1778941710833
 10
89.35823775139045
 20
35.699979380538906
 30
74.42261344106277
 11
76.9077896985819
 21
40.26973266886566
 31
74.42261344106277
 12
87.6768368425569
 22
32.85303558835449
 32
74.42261344106277
 13
87.6768368425569
 23
32.85303558835449
 33
74.42261344106277
  0
3DFACE
  8
0
1001
WEBCAD
1000
E42_1778941710833
 10
89.35823775139045
 20
35.699979380538906
 30
74.42261344106277
 11
77.85044713915369
 21
42.545509046565996
 31
74.42261344106277
 12
76.9077896985819
 22
40.26973266886566
 32
74.42261344106277
 13
76.9077896985819
 23
40.26973266886566
 33
74.42261344106277
  0
3DFACE
  8
0
1001
WEBCAD
1000
E42_1778941710833
 10
52.529515777863935
 20
73.6367193767745
 30
74.42261344106277
 11
49.63399675512193
 21
72.04042129652035
 31
74.42261344106277
 12
55.79419071762038
 22
61.38333164982717
 32
74.42261344106277
 13
55.79419071762038
 23
61.38333164982717
 33
74.42261344106277
  0
3DFACE
  8
0
1001
WEBCAD
1000
E42_1778941710833
 10
52.529515777863935
 20
73.6367193767745
 30
74.42261344106277
 11
55.79419071762038
 21
61.38333164982717
 31
74.42261344106277
 12
58.06996709532075
 22
62.32598909039899
 32
74.42261344106277
 13
58.06996709532075
 23
62.32598909039899
 33
74.42261344106277
  0
3DFACE
  8
0
1001
WEBCAD
1000
E42_1778941710833
 10
90.69111999894562
 20
38.72580536466887
 30
74.42261344106277
 11
77.85044713915369
 21
42.545509046565996
 31
74.42261344106277
 12
89.35823775139045
 22
35.699979380538906
 32
74.42261344106277
 13
89.35823775139045
 23
35.699979380538906
 33
74.42261344106277
  0
3DFACE
  8
0
1001
WEBCAD
1000
E42_1778941710833
 10
90.69111999894562
 20
38.72580536466887
 30
74.42261344106277
 11
78.42548904218495
 21
44.940730953054526
 31
74.42261344106277
 12
77.85044713915369
 22
42.545509046565996
 32
74.42261344106277
 13
77.85044713915369
 23
42.545509046565996
 33
74.42261344106277
  0
3DFACE
  8
0
1001
WEBCAD
1000
E42_1778941710833
 10
55.59351066628159
 20
74.87935097778669
 30
74.42261344106277
 11
52.529515777863935
 21
73.6367193767745
 31
74.42261344106277
 12
58.06996709532075
 22
62.32598909039899
 32
74.42261344106277
 13
58.06996709532075
 23
62.32598909039899
 33
74.42261344106277
  0
3DFACE
  8
0
1001
WEBCAD
1000
E42_1778941710833
 10
55.59351066628159
 20
74.87935097778669
 30
74.42261344106277
 11
58.06996709532075
 21
62.32598909039899
 31
74.42261344106277
 12
60.46518900180928
 22
62.901030993430254
 32
74.42261344106277
 13
60.46518900180928
 23
62.901030993430254
 33
74.42261344106277
  0
3DFACE
  8
0
1001
WEBCAD
1000
E42_1778941710833
 10
91.65677284018057
 20
41.88803757661958
 30
74.42261344106277
 11
78.42548904218495
 21
44.940730953054526
 31
74.42261344106277
 12
90.69111999894562
 22
38.72580536466887
 32
74.42261344106277
 13
90.69111999894562
 23
38.72580536466887
 33
74.42261344106277
  0
3DFACE
  8
0
1001
WEBCAD
1000
E42_1778941710833
 10
58.782969648501194
 20
75.75087227576083
 30
74.42261344106277
 11
55.59351066628159
 21
74.87935097778669
 31
74.42261344106277
 12
60.46518900180928
 22
62.901030993430254
 32
74.42261344106277
 13
60.46518900180928
 23
62.901030993430254
 33
74.42261344106277
  0
3DFACE
  8
0
1001
WEBCAD
1000
E42_1778941710833
 10
58.782969648501194
 20
75.75087227576083
 30
74.42261344106277
 11
60.46518900180928
 21
62.901030993430254
 31
74.42261344106277
 12
62.92087812446243
 22
63.09429791881371
 32
74.42261344106277
 13
62.92087812446243
 23
63.09429791881371
 33
74.42261344106277
  0
3DFACE
  8
0
1001
WEBCAD
1000
E42_1778941710833
 10
92.24164062594156
 20
45.14228520783374
 30
74.42261344106277
 11
78.42548904218495
 21
44.940730953054526
 31
74.42261344106277
 12
91.65677284018057
 22
41.88803757661958
 32
74.42261344106277
 13
91.65677284018057
 23
41.88803757661958
 33
74.42261344106277
  0
3DFACE
  8
0
1001
WEBCAD
1000
E42_1778941710833
 10
92.24164062594156
 20
45.14228520783374
 30
74.42261344106277
 11
78.61875596757244
 21
47.39642007570771
 31
74.42261344106277
 12
78.42548904218495
 22
44.940730953054526
 32
74.42261344106277
 13
78.42548904218495
 23
44.940730953054526
 33
74.42261344106277
  0
3DFACE
  8
0
1001
WEBCAD
1000
E42_1778941710833
 10
62.05311971179265
 20
76.23904902207155
 30
74.42261344106277
 11
58.782969648501194
 21
75.75087227576083
 31
74.42261344106277
 12
62.92087812446243
 22
63.09429791881371
 32
74.42261344106277
 13
62.92087812446243
 23
63.09429791881371
 33
74.42261344106277
  0
3DFACE
  8
0
1001
WEBCAD
1000
E42_1778941710833
 10
92.4375130945624
 20
48.44286575496773
 30
74.42261344106277
 11
78.61875596757244
 21
47.39642007570771
 31
74.42261344106277
 12
92.24164062594156
 22
45.14228520783374
 32
74.42261344106277
 13
92.24164062594156
 23
45.14228520783374
 33
74.42261344106277
  0
3DFACE
  8
0
1001
WEBCAD
1000
E42_1778941710833
 10
92.4375130945624
 20
48.44286575496773
 30
74.42261344106277
 11
78.42548904218495
 21
49.85210919836089
 31
74.42261344106277
 12
78.61875596757244
 22
47.39642007570771
 32
74.42261344106277
 13
78.61875596757244
 23
47.39642007570771
 33
74.42261344106277
  0
3DFACE
  8
0
1001
WEBCAD
1000
E42_1778941710833
 10
65.35805511752471
 20
76.3370282852973
 30
74.42261344106277
 11
62.05311971179265
 21
76.23904902207155
 31
74.42261344106277
 12
62.92087812446243
 22
63.09429791881371
 32
74.42261344106277
 13
62.92087812446243
 23
63.09429791881371
 33
74.42261344106277
  0
3DFACE
  8
0
1001
WEBCAD
1000
E42_1778941710833
 10
65.35805511752471
 20
76.3370282852973
 30
74.42261344106277
 11
62.92087812446243
 21
63.09429791881371
 31
74.42261344106277
 12
65.37656724711559
 22
62.901030993430254
 32
74.42261344106277
 13
65.37656724711559
 23
62.901030993430254
 33
74.42261344106277
  0
3DFACE
  8
0
1001
WEBCAD
1000
E42_1778941710833
 10
92.2416406259415
 20
51.74344630210183
 30
74.42261344106277
 11
78.42548904218495
 21
49.85210919836089
 31
74.42261344106277
 12
92.4375130945624
 22
48.44286575496773
 32
74.42261344106277
 13
92.4375130945624
 23
48.44286575496773
 33
74.42261344106277
  0
3DFACE
  8
0
1001
WEBCAD
1000
E42_1778941710833
 10
68.6513818171087
 20
76.04343465135557
 30
74.42261344106277
 11
65.35805511752471
 21
76.3370282852973
 31
74.42261344106277
 12
65.37656724711559
 22
62.901030993430254
 32
74.42261344106277
 13
65.37656724711559
 23
62.901030993430254
 33
74.42261344106277
  0
3DFACE
  8
0
1001
WEBCAD
1000
E42_1778941710833
 10
68.6513818171087
 20
76.04343465135557
 30
74.42261344106277
 11
65.37656724711559
 21
62.901030993430254
 31
74.42261344106277
 12
67.77178915360412
 22
62.32598909039899
 32
74.42261344106277
 13
67.77178915360412
 23
62.32598909039899
 33
74.42261344106277
  0
3DFACE
  8
0
1001
WEBCAD
1000
E42_1778941710833
 10
91.65677284018057
 20
54.99769393331596
 30
74.42261344106277
 11
78.42548904218495
 21
49.85210919836089
 31
74.42261344106277
 12
92.2416406259415
 22
51.74344630210183
 32
74.42261344106277
 13
92.2416406259415
 23
51.74344630210183
 33
74.42261344106277
  0
3DFACE
  8
0
1001
WEBCAD
1000
E42_1778941710833
 10
91.65677284018057
 20
54.99769393331596
 30
74.42261344106277
 11
77.85044713915369
 21
52.247331104849394
 31
74.42261344106277
 12
78.42548904218495
 22
49.85210919836089
 32
74.42261344106277
 13
78.42548904218495
 23
49.85210919836089
 33
74.42261344106277
  0
3DFACE
  8
0
1001
WEBCAD
1000
E42_1778941710833
 10
71.88686872274354
 20
75.36238953130172
 30
74.42261344106277
 11
68.6513818171087
 21
76.04343465135557
 31
74.42261344106277
 12
67.77178915360412
 22
62.32598909039899
 32
74.42261344106277
 13
67.77178915360412
 23
62.32598909039899
 33
74.42261344106277
  0
3DFACE
  8
0
1001
WEBCAD
1000
E42_1778941710833
 10
90.69111999894557
 20
58.15992614526667
 30
74.42261344106277
 11
77.85044713915369
 21
52.247331104849394
 31
74.42261344106277
 12
91.65677284018057
 22
54.99769393331596
 32
74.42261344106277
 13
91.65677284018057
 23
54.99769393331596
 33
74.42261344106277
  0
3DFACE
  8
0
1001
WEBCAD
1000
E42_1778941710833
 10
90.69111999894557
 20
58.15992614526667
 30
74.42261344106277
 11
76.9077896985819
 21
54.52310748254976
 31
74.42261344106277
 12
77.85044713915369
 22
52.247331104849394
 32
74.42261344106277
 13
77.85044713915369
 23
52.247331104849394
 33
74.42261344106277
  0
3DFACE
  8
0
1001
WEBCAD
1000
E42_1778941710833
 10
75.0190966905489
 20
74.30345330575202
 30
74.42261344106277
 11
67.77178915360412
 21
62.32598909039899
 31
74.42261344106277
 12
70.04756553130449
 22
61.38333164982717
 32
74.42261344106277
 13
70.04756553130449
 23
61.38333164982717
 33
74.42261344106277
  0
3DFACE
  8
0
1001
WEBCAD
1000
E42_1778941710833
 10
75.0190966905489
 20
74.30345330575202
 30
74.42261344106277
 11
71.88686872274354
 21
75.36238953130172
 31
74.42261344106277
 12
67.77178915360412
 22
62.32598909039899
 32
74.42261344106277
 13
67.77178915360412
 23
62.32598909039899
 33
74.42261344106277
  0
3DFACE
  8
0
1001
WEBCAD
1000
E42_1778941710833
 10
89.35823775139045
 20
61.18575212939663
 30
74.42261344106277
 11
76.9077896985819
 21
54.52310748254976
 31
74.42261344106277
 12
90.69111999894557
 22
58.15992614526667
 32
74.42261344106277
 13
90.69111999894557
 23
58.15992614526667
 33
74.42261344106277
  0
3DFACE
  8
0
1001
WEBCAD
1000
E42_1778941710833
 10
78.00409610578527
 20
72.8814911180963
 30
74.42261344106277
 11
70.04756553130449
 21
61.38333164982717
 31
74.42261344106277
 12
72.14785921292889
 22
60.09627002640241
 32
74.42261344106277
 13
72.14785921292889
 23
60.09627002640241
 33
74.42261344106277
  0
3DFACE
  8
0
1001
WEBCAD
1000
E42_1778941710833
 10
78.00409610578527
 20
72.8814911180963
 30
74.42261344106277
 11
75.0190966905489
 21
74.30345330575202
 31
74.42261344106277
 12
70.04756553130449
 22
61.38333164982717
 32
74.42261344106277
 13
70.04756553130449
 23
61.38333164982717
 33
74.42261344106277
  0
3DFACE
  8
0
1001
WEBCAD
1000
E42_1778941710833
 10
87.67683684255684
 20
64.03269592158102
 30
74.42261344106277
 11
76.9077896985819
 21
54.52310748254976
 31
74.42261344106277
 12
89.35823775139045
 22
61.18575212939663
 32
74.42261344106277
 13
89.35823775139045
 23
61.18575212939663
 33
74.42261344106277
  0
3DFACE
  8
0
1001
WEBCAD
1000
E42_1778941710833
 10
87.67683684255684
 20
64.03269592158102
 30
74.42261344106277
 11
75.6207280751571
 21
56.6234011641742
 31
74.42261344106277
 12
76.9077896985819
 22
54.52310748254976
 32
74.42261344106277
 13
76.9077896985819
 23
54.52310748254976
 33
74.42261344106277
  0
3DFACE
  8
0
1001
WEBCAD
1000
E42_1778941710833
 10
80.79996411986201
 20
71.11646420046978
 30
74.42261344106277
 11
72.14785921292889
 21
60.09627002640241
 31
74.42261344106277
 12
74.02095399756075
 22
58.49649594880603
 32
74.42261344106277
 13
74.02095399756075
 23
58.49649594880603
 33
74.42261344106277
  0
3DFACE
  8
0
1001
WEBCAD
1000
E42_1778941710833
 10
80.79996411986201
 20
71.11646420046978
 30
74.42261344106277
 11
78.00409610578527
 21
72.8814911180963
 31
74.42261344106277
 12
72.14785921292889
 22
60.09627002640241
 32
74.42261344106277
 13
72.14785921292889
 23
60.09627002640241
 33
74.42261344106277
  0
3DFACE
  8
0
1001
WEBCAD
1000
E42_1778941710833
 10
85.67052045552862
 20
66.66079267155536
 30
74.42261344106277
 11
74.02095399756075
 21
58.49649594880603
 31
74.42261344106277
 12
75.6207280751571
 22
56.6234011641742
 32
74.42261344106277
 13
75.6207280751571
 23
56.6234011641742
 33
74.42261344106277
  0
3DFACE
  8
0
1001
WEBCAD
1000
E42_1778941710833
 10
85.67052045552862
 20
66.66079267155536
 30
74.42261344106277
 11
75.6207280751571
 21
56.6234011641742
 31
74.42261344106277
 12
87.67683684255684
 22
64.03269592158102
 32
74.42261344106277
 13
87.67683684255684
 23
64.03269592158102
 33
74.42261344106277
  0
3DFACE
  8
0
1001
WEBCAD
1000
E42_1778941710833
 10
83.3674528744798
 20
69.03314966180912
 30
74.42261344106277
 11
80.79996411986201
 21
71.11646420046978
 31
74.42261344106277
 12
74.02095399756075
 22
58.49649594880603
 32
74.42261344106277
 13
74.02095399756075
 23
58.49649594880603
 33
74.42261344106277
  0
3DFACE
  8
0
1001
WEBCAD
1000
E42_1778941710833
 10
83.3674528744798
 20
69.03314966180912
 30
74.42261344106277
 11
74.02095399756075
 21
58.49649594880603
 31
74.42261344106277
 12
85.67052045552862
 22
66.66079267155536
 32
74.42261344106277
 13
85.67052045552862
 23
66.66079267155536
 33
74.42261344106277
  0
POLYLINE
  8
0
 66
1
 70
1
  0
VERTEX
  8
0
 10
269.7384880526753
 20
58.4759363125966
 30
0.0
  0
VERTEX
  8
0
 10
273.87436624061445
 20
109.48327673076824
 30
0.0
 42
-1
  0
VERTEX
  8
0
 10
343.87436624061445
 20
109.48327673076824
 30
0.0
  0
VERTEX
  8
0
 10
339.7384880526753
 20
58.4759363125966
 30
0.0
  0
SEQEND
  0
3DFACE
  8
0
1001
WEBCAD
1000
S3D24_1778942593483
 10
185.65060837115516
 20
66.28275719725801
 30
114.95213363081102
 11
187.7736317351152
 21
54.672911285106004
 31
114.95213363081102
 12
187.1011165492352
 22
61.501072555671
 32
114.95213363081102
 13
187.1011165492352
 23
61.501072555671
 33
114.95213363081102
  0
3DFACE
  8
0
1001
WEBCAD
1000
S3D24_1778942593483
 10
117.77363173511519
 20
54.672911285106004
 30
114.95213363081102
 11
187.7736317351152
 21
29.672911285106004
 31
114.95213363081102
 12
187.7736317351152
 22
54.672911285106004
 32
114.95213363081102
 13
187.7736317351152
 23
54.672911285106004
 33
114.95213363081102
  0
3DFACE
  8
0
1001
WEBCAD
1000
S3D24_1778942593483
 10
117.77363173511519
 20
54.672911285106004
 30
114.95213363081102
 11
117.77363173511519
 21
29.672911285106004
 31
114.95213363081102
 12
187.7736317351152
 22
29.672911285106004
 32
114.95213363081102
 13
187.7736317351152
 23
29.672911285106004
 33
114.95213363081102
  0
3DFACE
  8
0
1001
WEBCAD
1000
S3D24_1778942593483
 10
117.77363173511519
 20
54.672911285106004
 30
114.95213363081102
 11
185.65060837115516
 21
66.28275719725801
 31
114.95213363081102
 12
157.74641775466517
 22
89.18313461144601
 32
114.95213363081102
 13
157.74641775466517
 23
89.18313461144601
 33
114.95213363081102
  0
3DFACE
  8
0
1001
WEBCAD
1000
S3D24_1778942593483
 10
117.77363173511519
 20
54.672911285106004
 30
114.95213363081102
 11
187.7736317351152
 21
54.672911285106004
 31
114.95213363081102
 12
185.65060837115516
 22
66.28275719725801
 32
114.95213363081102
 13
185.65060837115516
 23
66.28275719725801
 33
114.95213363081102
  0
3DFACE
  8
0
1001
WEBCAD
1000
S3D24_1778942593483
 10
145.94547046455517
 20
89.00039609922
 30
114.95213363081102
 11
157.74641775466517
 21
89.18313461144601
 31
114.95213363081102
 12
152.7736317351152
 22
89.67291128510601
 32
114.95213363081102
 13
152.7736317351152
 23
89.67291128510601
 33
114.95213363081102
  0
3DFACE
  8
0
1001
WEBCAD
1000
S3D24_1778942593483
 10
118.44614692100518
 20
61.501072555671
 30
114.95213363081102
 11
117.77363173511519
 21
54.672911285106004
 31
114.95213363081102
 12
157.74641775466517
 22
89.18313461144601
 32
114.95213363081102
 13
157.74641775466517
 23
89.18313461144601
 33
114.95213363081102
  0
3DFACE
  8
0
1001
WEBCAD
1000
S3D24_1778942593483
 10
139.3797116023452
 20
87.008694923002
 30
114.95213363081102
 11
157.74641775466517
 21
89.18313461144601
 31
114.95213363081102
 12
145.94547046455517
 22
89.00039609922
 32
114.95213363081102
 13
145.94547046455517
 23
89.00039609922
 33
114.95213363081102
  0
3DFACE
  8
0
1001
WEBCAD
1000
S3D24_1778942593483
 10
120.43784809722519
 20
68.066831417885
 30
114.95213363081102
 11
118.44614692100518
 21
61.501072555671
 31
114.95213363081102
 12
157.74641775466517
 22
89.18313461144601
 32
114.95213363081102
 13
157.74641775466517
 23
89.18313461144601
 33
114.95213363081102
  0
3DFACE
  8
0
1001
WEBCAD
1000
S3D24_1778942593483
 10
123.67219530453518
 20
74.117869440793
 30
114.95213363081102
 11
120.43784809722519
 21
68.066831417885
 31
114.95213363081102
 12
157.74641775466517
 22
89.18313461144601
 32
114.95213363081102
 13
157.74641775466517
 23
89.18313461144601
 33
114.95213363081102
  0
3DFACE
  8
0
1001
WEBCAD
1000
S3D24_1778942593483
 10
133.3286735794352
 20
83.77434771569601
 30
114.95213363081102
 11
157.74641775466517
 21
89.18313461144601
 31
114.95213363081102
 12
139.3797116023452
 22
87.008694923002
 32
114.95213363081102
 13
139.3797116023452
 23
87.008694923002
 33
114.95213363081102
  0
3DFACE
  8
0
1001
WEBCAD
1000
S3D24_1778942593483
 10
128.0248943935952
 20
79.421648626636
 30
114.95213363081102
 11
157.74641775466517
 21
89.18313461144601
 31
114.95213363081102
 12
133.3286735794352
 22
83.77434771569601
 32
114.95213363081102
 13
133.3286735794352
 23
83.77434771569601
 33
114.95213363081102
  0
3DFACE
  8
0
1001
WEBCAD
1000
S3D24_1778942593483
 10
128.0248943935952
 20
79.421648626636
 30
114.95213363081102
 11
123.67219530453518
 21
74.117869440793
 31
114.95213363081102
 12
157.74641775466517
 22
89.18313461144601
 32
114.95213363081102
 13
157.74641775466517
 23
89.18313461144601
 33
114.95213363081102
  0
3DFACE
  8
0
1001
WEBCAD
1000
S3D24_1778942593483
 10
187.1011165492352
 20
61.501072555671
 30
14.952133630811014
 11
185.10941537301517
 21
68.066831417885
 31
14.952133630811014
 12
185.10941537301517
 22
68.066831417885
 32
114.84367349457101
 13
185.10941537301517
 23
68.066831417885
 33
114.84367349457101
  0
3DFACE
  8
0
1001
WEBCAD
1000
S3D24_1778942593483
 10
187.1011165492352
 20
61.501072555671
 30
14.952133630811014
 11
185.10941537301517
 21
68.066831417885
 31
114.84367349457101
 12
185.65060837115516
 22
66.28275719725801
 32
114.95213363081102
 13
185.65060837115516
 23
66.28275719725801
 33
114.95213363081102
  0
3DFACE
  8
0
1001
WEBCAD
1000
S3D24_1778942593483
 10
187.1011165492352
 20
61.501072555671
 30
14.952133630811014
 11
185.65060837115516
 21
66.28275719725801
 31
114.95213363081102
 12
187.1011165492352
 22
61.501072555671
 32
114.95213363081102
 13
187.1011165492352
 23
61.501072555671
 33
114.95213363081102
  0
3DFACE
  8
0
1001
WEBCAD
1000
S3D24_1778942593483
 10
177.527701607499
 20
79.41515091899262
 30
110.08018070231402
 11
177.5223690766452
 21
79.421648626636
 31
109.95213363081102
 12
172.21858989080516
 22
83.77434771569601
 32
109.95213363081102
 13
172.21858989080516
 23
83.77434771569601
 33
109.95213363081102
  0
3DFACE
  8
0
1001
WEBCAD
1000
S3D24_1778942593483
 10
177.527701607499
 20
79.41515091899262
 30
110.08018070231402
 11
172.21858989080516
 21
83.77434771569601
 31
109.95213363081102
 12
172.21117670963196
 22
83.77831014358077
 32
110.08018070231432
 13
172.21117670963196
 23
83.77831014358077
 33
110.08018070231432
  0
3DFACE
  8
0
1001
WEBCAD
1000
S3D24_1778942593483
 10
177.54369570217915
 20
79.3956620582363
 30
110.20814378138294
 11
172.21117670963196
 21
83.77831014358077
 31
110.08018070231432
 12
172.18894202878874
 22
83.79019482809579
 32
110.20814378138354
 13
172.18894202878874
 23
83.79019482809579
 33
110.20814378138354
  0
3DFACE
  8
0
1001
WEBCAD
1000
S3D24_1778942593483
 10
177.54369570217915
 20
79.3956620582363
 30
110.20814378138294
 11
177.527701607499
 21
79.41515091899262
 31
110.08018070231402
 12
172.21117670963196
 22
83.77831014358077
 32
110.08018070231432
 13
172.21117670963196
 23
83.77831014358077
 33
110.08018070231432
  0
3DFACE
  8
0
1001
WEBCAD
1000
S3D24_1778942593483
 10
177.60761963117596
 20
79.31777052538428
 30
110.46348232301494
 11
172.18894202878874
 21
83.79019482809579
 31
110.20814378138354
 12
172.10007622000649
 22
83.8376945924952
 32
110.46348232301614
 13
172.10007622000649
 23
83.8376945924952
 33
110.46348232301614
  0
3DFACE
  8
0
1001
WEBCAD
1000
S3D24_1778942593483
 10
177.60761963117596
 20
79.31777052538428
 30
110.46348232301494
 11
177.54369570217915
 21
79.3956620582363
 31
110.20814378138294
 12
172.18894202878874
 22
83.79019482809579
 32
110.20814378138354
 13
172.18894202878874
 23
83.79019482809579
 33
110.20814378138354
  0
3DFACE
  8
0
1001
WEBCAD
1000
S3D24_1778942593483
 10
177.7094140796545
 20
79.19373363102791
 30
110.70837247285961
 11
172.10007622000649
 21
83.8376945924952
 31
110.46348232301614
 12
171.95856354806136
 22
83.91333469152804
 32
110.70837247286087
 13
171.95856354806136
 23
83.91333469152804
 33
110.70837247286087
  0
3DFACE
  8
0
1001
WEBCAD
1000
S3D24_1778942593483
 10
177.7094140796545
 20
79.19373363102791
 30
110.70837247285961
 11
177.60761963117596
 21
79.31777052538428
 31
110.46348232301494
 12
172.10007622000649
 22
83.8376945924952
 32
110.46348232301614
 13
172.10007622000649
 23
83.8376945924952
 33
110.46348232301614
  0
3DFACE
  8
0
1001
WEBCAD
1000
S3D24_1778942593483
 10
177.90603633128632
 20
78.95414872420554
 30
111.03192205081822
 11
171.95856354806136
 21
83.91333469152804
 31
110.70837247286087
 12
171.68522309965635
 22
84.05943820510636
 32
111.03192205081957
 13
171.68522309965635
 23
84.05943820510636
 33
111.03192205081957
  0
3DFACE
  8
0
1001
WEBCAD
1000
S3D24_1778942593483
 10
177.90603633128632
 20
78.95414872420554
 30
111.03192205081822
 11
177.7094140796545
 21
79.19373363102791
 31
110.70837247285961
 12
171.95856354806136
 22
83.91333469152804
 32
110.70837247286087
 13
171.95856354806136
 23
83.91333469152804
 33
110.70837247286087
  0
3DFACE
  8
0
1001
WEBCAD
1000
S3D24_1778942593483
 10
178.4841066121425
 20
78.24976804894482
 30
111.64626743826301
 11
171.68522309965635
 21
84.05943820510636
 31
111.03192205081957
 12
170.88160098431894
 22
84.48898317485073
 32
111.64626743826452
 13
170.88160098431894
 23
84.48898317485073
 33
111.64626743826452
  0
3DFACE
  8
0
1001
WEBCAD
1000
S3D24_1778942593483
 10
178.4841066121425
 20
78.24976804894482
 30
111.64626743826301
 11
177.90603633128632
 21
78.95414872420554
 31
111.03192205081822
 12
171.68522309965635
 22
84.05943820510636
 32
111.03192205081957
 13
171.68522309965635
 23
84.05943820510636
 33
111.03192205081957
  0
3DFACE
  8
0
1001
WEBCAD
1000
S3D24_1778942593483
 10
179.80900975353535
 20
76.63536890009539
 30
112.50897876611343
 11
170.88160098431894
 21
84.48898317485073
 31
111.64626743826452
 12
169.03974628193578
 22
85.47347502407825
 32
112.50897876611496
 13
169.03974628193578
 23
85.47347502407825
 33
112.50897876611496
  0
3DFACE
  8
0
1001
WEBCAD
1000
S3D24_1778942593483
 10
179.80900975353535
 20
76.63536890009539
 30
112.50897876611343
 11
178.4841066121425
 21
78.24976804894482
 31
111.64626743826301
 12
170.88160098431894
 22
84.48898317485073
 32
111.64626743826452
 13
170.88160098431894
 23
84.48898317485073
 33
111.64626743826452
  0
3DFACE
  8
0
1001
WEBCAD
1000
S3D24_1778942593483
 10
181.87506816570516
 20
74.11786944079401
 30
113.357102186751
 11
169.03974628193578
 21
85.47347502407825
 31
112.50897876611496
 12
166.1675518678952
 22
87.008694923002
 32
113.357102186751
 13
166.1675518678952
 23
87.008694923002
 33
113.357102186751
  0
3DFACE
  8
0
1001
WEBCAD
1000
S3D24_1778942593483
 10
181.87506816570516
 20
74.11786944079401
 30
113.357102186751
 11
179.80900975353535
 21
76.63536890009539
 31
112.50897876611343
 12
169.03974628193578
 22
85.47347502407825
 32
112.50897876611496
 13
169.03974628193578
 23
85.47347502407825
 33
112.50897876611496
  0
3DFACE
  8
0
1001
WEBCAD
1000
S3D24_1778942593483
 10
182.65106178376612
 20
72.6660874930246
 30
113.92832218787528
 11
166.1675518678952
 21
87.008694923002
 31
113.357102186751
 12
164.59227665833885
 22
87.4865494335928
 32
113.92832218787639
 13
164.59227665833885
 23
87.4865494335928
 33
113.92832218787639
  0
3DFACE
  8
0
1001
WEBCAD
1000
S3D24_1778942593483
 10
182.65106178376612
 20
72.6660874930246
 30
113.92832218787528
 11
181.87506816570516
 21
74.11786944079401
 31
113.357102186751
 12
166.1675518678952
 22
87.008694923002
 32
113.357102186751
 13
166.1675518678952
 23
87.008694923002
 33
113.357102186751
  0
3DFACE
  8
0
1001
WEBCAD
1000
S3D24_1778942593483
 10
183.53507050654048
 20
71.01222349784052
 30
114.38452875308276
 11
164.59227665833885
 21
87.4865494335928
 31
113.92832218787639
 12
162.79772964968345
 22
88.03091931724515
 32
114.38452875308323
 13
162.79772964968345
 23
88.03091931724515
 33
114.38452875308323
  0
3DFACE
  8
0
1001
WEBCAD
1000
S3D24_1778942593483
 10
183.53507050654048
 20
71.01222349784052
 30
114.38452875308276
 11
182.65106178376612
 21
72.6660874930246
 31
113.92832218787528
 12
164.59227665833885
 22
87.4865494335928
 32
113.92832218787639
 13
164.59227665833885
 23
87.4865494335928
 33
113.92832218787639
  0
3DFACE
  8
0
1001
WEBCAD
1000
S3D24_1778942593483
 10
185.10941537301517
 20
68.066831417885
 30
114.84367349457101
 11
162.79772964968345
 21
88.03091931724515
 31
114.38452875308323
 12
159.60179300568518
 22
89.00039609922
 32
114.84367349457101
 13
159.60179300568518
 23
89.00039609922
 33
114.84367349457101
  0
3DFACE
  8
0
1001
WEBCAD
1000
S3D24_1778942593483
 10
185.10941537301517
 20
68.066831417885
 30
114.84367349457101
 11
183.53507050654048
 21
71.01222349784052
 31
114.38452875308276
 12
162.79772964968345
 22
88.03091931724515
 32
114.38452875308323
 13
162.79772964968345
 23
88.03091931724515
 33
114.38452875308323
  0
3DFACE
  8
0
1001
WEBCAD
1000
S3D24_1778942593483
 10
185.65060837115516
 20
66.28275719725801
 30
114.95213363081102
 11
159.60179300568518
 21
89.00039609922
 31
114.84367349457101
 12
157.74641775466517
 22
89.18313461144601
 32
114.95213363081102
 13
157.74641775466517
 23
89.18313461144601
 33
114.95213363081102
  0
3DFACE
  8
0
1001
WEBCAD
1000
S3D24_1778942593483
 10
185.65060837115516
 20
66.28275719725801
 30
114.95213363081102
 11
185.10941537301517
 21
68.066831417885
 31
114.84367349457101
 12
159.60179300568518
 22
89.00039609922
 32
114.84367349457101
 13
159.60179300568518
 23
89.00039609922
 33
114.84367349457101
  0
3DFACE
  8
0
1001
WEBCAD
1000
S3D24_1778942593483
 10
187.1011165492352
 20
61.501072555671
 30
14.952133630811014
 11
187.1011165492352
 21
61.501072555671
 31
114.95213363081102
 12
187.7736317351152
 22
54.672911285106004
 32
114.95213363081102
 13
187.7736317351152
 23
54.672911285106004
 33
114.95213363081102
  0
3DFACE
  8
0
1001
WEBCAD
1000
S3D24_1778942593483
 10
187.7736317351152
 20
54.672911285106004
 30
14.952133630811014
 11
187.1011165492352
 21
61.501072555671
 31
14.952133630811014
 12
187.7736317351152
 22
54.672911285106004
 32
114.95213363081102
 13
187.7736317351152
 23
54.672911285106004
 33
114.95213363081102
  0
3DFACE
  8
0
1001
WEBCAD
1000
S3D24_1778942593483
 10
152.7736317351152
 20
89.67291128510601
 30
14.952133630811014
 11
152.7736317351152
 21
89.67291128510601
 31
114.95213363081102
 12
157.74641775466517
 22
89.18313461144601
 32
114.95213363081102
 13
157.74641775466517
 23
89.18313461144601
 33
114.95213363081102
  0
3DFACE
  8
0
1001
WEBCAD
1000
S3D24_1778942593483
 10
152.7736317351152
 20
89.67291128510601
 30
14.952133630811014
 11
157.74641775466517
 21
89.18313461144601
 31
114.95213363081102
 12
159.60179300568518
 22
89.00039609922
 32
114.84367349457101
 13
159.60179300568518
 23
89.00039609922
 33
114.84367349457101
  0
3DFACE
  8
0
1001
WEBCAD
1000
S3D24_1778942593483
 10
159.60179300568518
 20
89.00039609922
 30
14.952133630811014
 11
152.7736317351152
 21
89.67291128510601
 31
14.952133630811014
 12
159.60179300568518
 22
89.00039609922
 32
114.84367349457101
 13
159.60179300568518
 23
89.00039609922
 33
114.84367349457101
  0
3DFACE
  8
0
1001
WEBCAD
1000
S3D24_1778942593483
 10
187.7736317351152
 20
25.763753872765854
 30
113.06958264010468
 11
187.7736317351152
 21
27.503492589518213
 31
114.45697797032311
 12
187.7736317351152
 22
26.555462275812335
 32
113.86129104315117
 13
187.7736317351152
 23
26.555462275812335
 33
113.86129104315117
  0
3DFACE
  8
0
1001
WEBCAD
1000
S3D24_1778942593483
 10
187.7736317351152
 20
25.763753872765854
 30
113.06958264010468
 11
187.7736317351152
 21
28.560306615324432
 31
114.82677319172014
 12
187.7736317351152
 22
27.503492589518213
 32
114.45697797032311
 13
187.7736317351152
 23
27.503492589518213
 33
114.45697797032311
  0
3DFACE
  8
0
1001
WEBCAD
1000
S3D24_1778942593483
 10
187.7736317351152
 20
25.763753872765854
 30
113.06958264010468
 11
187.7736317351152
 21
29.672911285106004
 31
114.95213363081102
 12
187.7736317351152
 22
28.560306615324432
 32
114.82677319172014
 13
187.7736317351152
 23
28.560306615324432
 33
114.82677319172014
  0
3DFACE
  8
0
1001
WEBCAD
1000
S3D24_1778942593483
 10
187.7736317351152
 20
24.798271724196887
 30
111.0647383005926
 11
187.7736317351152
 21
25.763753872765854
 31
113.06958264010468
 12
187.7736317351152
 22
25.168066945593907
 32
112.12155232639881
 13
187.7736317351152
 23
25.168066945593907
 33
112.12155232639881
  0
3DFACE
  8
0
1001
WEBCAD
1000
S3D24_1778942593483
 10
187.7736317351152
 20
24.672911285106004
 30
109.95213363081102
 11
187.7736317351152
 21
54.672911285106004
 31
114.95213363081102
 12
187.7736317351152
 22
29.672911285106004
 32
114.95213363081102
 13
187.7736317351152
 23
29.672911285106004
 33
114.95213363081102
  0
3DFACE
  8
0
1001
WEBCAD
1000
S3D24_1778942593483
 10
187.7736317351152
 20
24.672911285106004
 30
109.95213363081102
 11
187.7736317351152
 21
29.672911285106004
 31
114.95213363081102
 12
187.7736317351152
 22
25.763753872765854
 32
113.06958264010468
 13
187.7736317351152
 23
25.763753872765854
 33
113.06958264010468
  0
3DFACE
  8
0
1001
WEBCAD
1000
S3D24_1778942593483
 10
187.7736317351152
 20
24.672911285106004
 30
109.95213363081102
 11
187.7736317351152
 21
25.763753872765854
 31
113.06958264010468
 12
187.7736317351152
 22
24.798271724196887
 32
111.0647383005926
 13
187.7736317351152
 23
24.798271724196887
 33
111.0647383005926
  0
3DFACE
  8
0
1001
WEBCAD
1000
S3D24_1778942593483
 10
187.7736317351152
 20
54.672911285106004
 30
14.952133630811014
 11
187.7736317351152
 21
54.672911285106004
 31
114.95213363081102
 12
187.7736317351152
 22
24.672911285106004
 32
109.95213363081102
 13
187.7736317351152
 23
24.672911285106004
 33
109.95213363081102
  0
3DFACE
  8
0
1001
WEBCAD
1000
S3D24_1778942593483
 10
187.7736317351152
 20
24.672911285106004
 30
14.952133630811014
 11
187.7736317351152
 21
54.672911285106004
 31
14.952133630811014
 12
187.7736317351152
 22
24.672911285106004
 32
109.95213363081102
 13
187.7736317351152
 23
24.672911285106004
 33
109.95213363081102
  0
3DFACE
  8
0
1001
WEBCAD
1000
S3D24_1778942593483
 10
152.7736317351152
 20
89.67291128510601
 30
14.952133630811014
 11
145.94547046455517
 21
89.00039609922
 31
14.952133630811014
 12
145.94547046455517
 22
89.00039609922
 32
114.95213363081102
 13
145.94547046455517
 23
89.00039609922
 33
114.95213363081102
  0
3DFACE
  8
0
1001
WEBCAD
1000
S3D24_1778942593483
 10
152.7736317351152
 20
89.67291128510601
 30
14.952133630811014
 11
145.94547046455517
 21
89.00039609922
 31
114.95213363081102
 12
152.7736317351152
 22
89.67291128510601
 32
114.95213363081102
 13
152.7736317351152
 23
89.67291128510601
 33
114.95213363081102
  0
3DFACE
  8
0
1001
WEBCAD
1000
S3D24_1778942593483
 10
117.77363173511519
 20
24.672911285106004
 30
109.95213363081102
 11
187.7736317351152
 21
24.672911285106004
 31
109.95213363081102
 12
187.7736317351152
 22
24.798271724196887
 32
111.0647383005926
 13
187.7736317351152
 23
24.798271724196887
 33
111.0647383005926
  0
3DFACE
  8
0
1001
WEBCAD
1000
S3D24_1778942593483
 10
117.77363173511519
 20
24.798271724196887
 30
111.0647383005926
 11
117.77363173511519
 21
24.672911285106004
 31
109.95213363081102
 12
187.7736317351152
 22
24.798271724196887
 32
111.0647383005926
 13
187.7736317351152
 23
24.798271724196887
 33
111.0647383005926
  0
3DFACE
  8
0
1001
WEBCAD
1000
S3D24_1778942593483
 10
117.77363173511519
 20
25.168066945593907
 30
112.12155232639881
 11
187.7736317351152
 21
24.798271724196887
 31
111.0647383005926
 12
187.7736317351152
 22
25.168066945593907
 32
112.12155232639881
 13
187.7736317351152
 23
25.168066945593907
 33
112.12155232639881
  0
3DFACE
  8
0
1001
WEBCAD
1000
S3D24_1778942593483
 10
117.77363173511519
 20
25.168066945593907
 30
112.12155232639881
 11
187.7736317351152
 21
25.168066945593907
 31
112.12155232639881
 12
187.7736317351152
 22
25.763753872765854
 32
113.06958264010468
 13
187.7736317351152
 23
25.763753872765854
 33
113.06958264010468
  0
3DFACE
  8
0
1001
WEBCAD
1000
S3D24_1778942593483
 10
117.77363173511519
 20
25.168066945593907
 30
112.12155232639881
 11
117.77363173511519
 21
24.798271724196887
 31
111.0647383005926
 12
187.7736317351152
 22
24.798271724196887
 32
111.0647383005926
 13
187.7736317351152
 23
24.798271724196887
 33
111.0647383005926
  0
3DFACE
  8
0
1001
WEBCAD
1000
S3D24_1778942593483
 10
117.77363173511519
 20
25.763753872765854
 30
113.06958264010468
 11
187.7736317351152
 21
25.763753872765854
 31
113.06958264010468
 12
187.7736317351152
 22
26.555462275812335
 32
113.86129104315117
 13
187.7736317351152
 23
26.555462275812335
 33
113.86129104315117
  0
3DFACE
  8
0
1001
WEBCAD
1000
S3D24_1778942593483
 10
117.77363173511519
 20
25.763753872765854
 30
113.06958264010468
 11
117.77363173511519
 21
25.168066945593907
 31
112.12155232639881
 12
187.7736317351152
 22
25.763753872765854
 32
113.06958264010468
 13
187.7736317351152
 23
25.763753872765854
 33
113.06958264010468
  0
3DFACE
  8
0
1001
WEBCAD
1000
S3D24_1778942593483
 10
117.77363173511519
 20
26.555462275812335
 30
113.86129104315117
 11
117.77363173511519
 21
25.763753872765854
 31
113.06958264010468
 12
187.7736317351152
 22
26.555462275812335
 32
113.86129104315117
 13
187.7736317351152
 23
26.555462275812335
 33
113.86129104315117
  0
3DFACE
  8
0
1001
WEBCAD
1000
S3D24_1778942593483
 10
117.77363173511519
 20
27.503492589518213
 30
114.45697797032311
 11
187.7736317351152
 21
26.555462275812335
 31
113.86129104315117
 12
187.7736317351152
 22
27.503492589518213
 32
114.45697797032311
 13
187.7736317351152
 23
27.503492589518213
 33
114.45697797032311
  0
3DFACE
  8
0
1001
WEBCAD
1000
S3D24_1778942593483
 10
117.77363173511519
 20
27.503492589518213
 30
114.45697797032311
 11
187.7736317351152
 21
27.503492589518213
 31
114.45697797032311
 12
187.7736317351152
 22
28.560306615324432
 32
114.82677319172014
 13
187.7736317351152
 23
28.560306615324432
 33
114.82677319172014
  0
3DFACE
  8
0
1001
WEBCAD
1000
S3D24_1778942593483
 10
117.77363173511519
 20
27.503492589518213
 30
114.45697797032311
 11
117.77363173511519
 21
26.555462275812335
 31
113.86129104315117
 12
187.7736317351152
 22
26.555462275812335
 32
113.86129104315117
 13
187.7736317351152
 23
26.555462275812335
 33
113.86129104315117
  0
3DFACE
  8
0
1001
WEBCAD
1000
S3D24_1778942593483
 10
117.77363173511519
 20
28.560306615324432
 30
114.82677319172014
 11
117.77363173511519
 21
27.503492589518213
 31
114.45697797032311
 12
187.7736317351152
 22
28.560306615324432
 32
114.82677319172014
 13
187.7736317351152
 23
28.560306615324432
 33
114.82677319172014
  0
3DFACE
  8
0
1001
WEBCAD
1000
S3D24_1778942593483
 10
117.77363173511519
 20
29.672911285106004
 30
114.95213363081102
 11
187.7736317351152
 21
28.560306615324432
 31
114.82677319172014
 12
187.7736317351152
 22
29.672911285106004
 32
114.95213363081102
 13
187.7736317351152
 23
29.672911285106004
 33
114.95213363081102
  0
3DFACE
  8
0
1001
WEBCAD
1000
S3D24_1778942593483
 10
117.77363173511519
 20
29.672911285106004
 30
114.95213363081102
 11
117.77363173511519
 21
28.560306615324432
 31
114.82677319172014
 12
187.7736317351152
 22
28.560306615324432
 32
114.82677319172014
 13
187.7736317351152
 23
28.560306615324432
 33
114.82677319172014
  0
3DFACE
  8
0
1001
WEBCAD
1000
S3D24_1778942593483
 10
145.94547046455517
 20
89.00039609922
 30
14.952133630811014
 11
139.3797116023452
 21
87.008694923002
 31
14.952133630811014
 12
139.3797116023452
 22
87.008694923002
 32
114.95213363081102
 13
139.3797116023452
 23
87.008694923002
 33
114.95213363081102
  0
3DFACE
  8
0
1001
WEBCAD
1000
S3D24_1778942593483
 10
145.94547046455517
 20
89.00039609922
 30
14.952133630811014
 11
139.3797116023452
 21
87.008694923002
 31
114.95213363081102
 12
145.94547046455517
 22
89.00039609922
 32
114.95213363081102
 13
145.94547046455517
 23
89.00039609922
 33
114.95213363081102
  0
3DFACE
  8
0
1001
WEBCAD
1000
S3D24_1778942593483
 10
117.77363173511519
 20
27.503492589518213
 30
114.45697797032311
 11
117.77363173511519
 21
25.763753872765854
 31
113.06958264010468
 12
117.77363173511519
 22
26.555462275812335
 32
113.86129104315117
 13
117.77363173511519
 23
26.555462275812335
 33
113.86129104315117
  0
3DFACE
  8
0
1001
WEBCAD
1000
S3D24_1778942593483
 10
117.77363173511519
 20
24.798271724196887
 30
111.0647383005926
 11
117.77363173511519
 21
25.168066945593907
 31
112.12155232639881
 12
117.77363173511519
 22
25.763753872765854
 32
113.06958264010468
 13
117.77363173511519
 23
25.763753872765854
 33
113.06958264010468
  0
3DFACE
  8
0
1001
WEBCAD
1000
S3D24_1778942593483
 10
117.77363173511519
 20
24.672911285106004
 30
109.95213363081102
 11
117.77363173511519
 21
24.798271724196887
 31
111.0647383005926
 12
117.77363173511519
 22
25.763753872765854
 32
113.06958264010468
 13
117.77363173511519
 23
25.763753872765854
 33
113.06958264010468
  0
3DFACE
  8
0
1001
WEBCAD
1000
S3D24_1778942593483
 10
117.77363173511519
 20
24.672911285106004
 30
109.95213363081102
 11
117.77363173511519
 21
25.763753872765854
 31
113.06958264010468
 12
117.77363173511519
 22
27.503492589518213
 32
114.45697797032311
 13
117.77363173511519
 23
27.503492589518213
 33
114.45697797032311
  0
3DFACE
  8
0
1001
WEBCAD
1000
S3D24_1778942593483
 10
117.77363173511519
 20
29.672911285106004
 30
114.95213363081102
 11
117.77363173511519
 21
27.503492589518213
 31
114.45697797032311
 12
117.77363173511519
 22
28.560306615324432
 32
114.82677319172014
 13
117.77363173511519
 23
28.560306615324432
 33
114.82677319172014
  0
3DFACE
  8
0
1001
WEBCAD
1000
S3D24_1778942593483
 10
117.77363173511519
 20
29.672911285106004
 30
114.95213363081102
 11
117.77363173511519
 21
24.672911285106004
 31
109.95213363081102
 12
117.77363173511519
 22
27.503492589518213
 32
114.45697797032311
 13
117.77363173511519
 23
27.503492589518213
 33
114.45697797032311
  0
3DFACE
  8
0
1001
WEBCAD
1000
S3D24_1778942593483
 10
117.77363173511519
 20
54.672911285106004
 30
114.95213363081102
 11
117.77363173511519
 21
24.672911285106004
 31
109.95213363081102
 12
117.77363173511519
 22
29.672911285106004
 32
114.95213363081102
 13
117.77363173511519
 23
29.672911285106004
 33
114.95213363081102
  0
3DFACE
  8
0
1001
WEBCAD
1000
S3D24_1778942593483
 10
117.77363173511519
 20
54.672911285106004
 30
14.952133630811014
 11
117.77363173511519
 21
24.672911285106004
 31
14.952133630811014
 12
117.77363173511519
 22
24.672911285106004
 32
109.95213363081102
 13
117.77363173511519
 23
24.672911285106004
 33
109.95213363081102
  0
3DFACE
  8
0
1001
WEBCAD
1000
S3D24_1778942593483
 10
117.77363173511519
 20
54.672911285106004
 30
14.952133630811014
 11
117.77363173511519
 21
24.672911285106004
 31
109.95213363081102
 12
117.77363173511519
 22
54.672911285106004
 32
114.95213363081102
 13
117.77363173511519
 23
54.672911285106004
 33
114.95213363081102
  0
3DFACE
  8
0
1001
WEBCAD
1000
S3D24_1778942593483
 10
139.3797116023452
 20
87.008694923002
 30
14.952133630811014
 11
133.3286735794352
 21
83.77434771569601
 31
14.952133630811014
 12
133.3286735794352
 22
83.77434771569601
 32
114.95213363081102
 13
133.3286735794352
 23
83.77434771569601
 33
114.95213363081102
  0
3DFACE
  8
0
1001
WEBCAD
1000
S3D24_1778942593483
 10
139.3797116023452
 20
87.008694923002
 30
14.952133630811014
 11
133.3286735794352
 21
83.77434771569601
 31
114.95213363081102
 12
139.3797116023452
 22
87.008694923002
 32
114.95213363081102
 13
139.3797116023452
 23
87.008694923002
 33
114.95213363081102
  0
3DFACE
  8
0
1001
WEBCAD
1000
S3D24_1778942593483
 10
118.44614692100518
 20
61.501072555671
 30
14.952133630811014
 11
117.77363173511519
 21
54.672911285106004
 31
14.952133630811014
 12
117.77363173511519
 22
54.672911285106004
 32
114.95213363081102
 13
117.77363173511519
 23
54.672911285106004
 33
114.95213363081102
  0
3DFACE
  8
0
1001
WEBCAD
1000
S3D24_1778942593483
 10
118.44614692100518
 20
61.501072555671
 30
14.952133630811014
 11
117.77363173511519
 21
54.672911285106004
 31
114.95213363081102
 12
118.44614692100518
 22
61.501072555671
 32
114.95213363081102
 13
118.44614692100518
 23
61.501072555671
 33
114.95213363081102
  0
3DFACE
  8
0
1001
WEBCAD
1000
S3D24_1778942593483
 10
133.3286735794352
 20
83.77434771569601
 30
14.952133630811014
 11
128.0248943935952
 21
79.421648626636
 31
14.952133630811014
 12
128.0248943935952
 22
79.421648626636
 32
114.95213363081102
 13
128.0248943935952
 23
79.421648626636
 33
114.95213363081102
  0
3DFACE
  8
0
1001
WEBCAD
1000
S3D24_1778942593483
 10
133.3286735794352
 20
83.77434771569601
 30
14.952133630811014
 11
128.0248943935952
 21
79.421648626636
 31
114.95213363081102
 12
133.3286735794352
 22
83.77434771569601
 32
114.95213363081102
 13
133.3286735794352
 23
83.77434771569601
 33
114.95213363081102
  0
3DFACE
  8
0
1001
WEBCAD
1000
S3D24_1778942593483
 10
120.43784809722519
 20
68.066831417885
 30
14.952133630811014
 11
118.44614692100518
 21
61.501072555671
 31
14.952133630811014
 12
118.44614692100518
 22
61.501072555671
 32
114.95213363081102
 13
118.44614692100518
 23
61.501072555671
 33
114.95213363081102
  0
3DFACE
  8
0
1001
WEBCAD
1000
S3D24_1778942593483
 10
120.43784809722519
 20
68.066831417885
 30
14.952133630811014
 11
118.44614692100518
 21
61.501072555671
 31
114.95213363081102
 12
120.43784809722519
 22
68.066831417885
 32
114.95213363081102
 13
120.43784809722519
 23
68.066831417885
 33
114.95213363081102
  0
3DFACE
  8
0
1001
WEBCAD
1000
S3D24_1778942593483
 10
123.67219530453518
 20
74.117869440793
 30
14.952133630811014
 11
123.67219530453518
 21
74.117869440793
 31
114.95213363081102
 12
128.0248943935952
 22
79.421648626636
 32
114.95213363081102
 13
128.0248943935952
 23
79.421648626636
 33
114.95213363081102
  0
3DFACE
  8
0
1001
WEBCAD
1000
S3D24_1778942593483
 10
128.0248943935952
 20
79.421648626636
 30
14.952133630811014
 11
123.67219530453518
 21
74.117869440793
 31
14.952133630811014
 12
128.0248943935952
 22
79.421648626636
 32
114.95213363081102
 13
128.0248943935952
 23
79.421648626636
 33
114.95213363081102
  0
3DFACE
  8
0
1001
WEBCAD
1000
S3D24_1778942593483
 10
123.67219530453518
 20
74.117869440793
 30
14.952133630811014
 11
120.43784809722519
 21
68.066831417885
 31
14.952133630811014
 12
120.43784809722519
 22
68.066831417885
 32
114.95213363081102
 13
120.43784809722519
 23
68.066831417885
 33
114.95213363081102
  0
3DFACE
  8
0
1001
WEBCAD
1000
S3D24_1778942593483
 10
123.67219530453518
 20
74.117869440793
 30
14.952133630811014
 11
120.43784809722519
 21
68.066831417885
 31
114.95213363081102
 12
123.67219530453518
 22
74.117869440793
 32
114.95213363081102
 13
123.67219530453518
 23
74.117869440793
 33
114.95213363081102
  0
3DFACE
  8
0
1001
WEBCAD
1000
S3D24_1778942593483
 10
183.53507050654048
 20
71.01222349784052
 30
114.38452875308276
 11
181.87506816570516
 21
74.11786944079401
 31
113.357102186751
 12
182.65106178376612
 22
72.6660874930246
 32
113.92832218787528
 13
182.65106178376612
 23
72.6660874930246
 33
113.92832218787528
  0
3DFACE
  8
0
1001
WEBCAD
1000
S3D24_1778942593483
 10
185.10941537301517
 20
68.066831417885
 30
114.84367349457101
 11
181.87506816570516
 21
74.11786944079401
 31
113.357102186751
 12
183.53507050654048
 22
71.01222349784052
 32
114.38452875308276
 13
183.53507050654048
 23
71.01222349784052
 33
114.38452875308276
  0
3DFACE
  8
0
1001
WEBCAD
1000
S3D24_1778942593483
 10
185.10941537301517
 20
68.066831417885
 30
14.952133630811014
 11
181.87506816570516
 21
74.117869440793
 31
14.952133630811014
 12
181.87506816570516
 22
74.11786944079401
 32
113.357102186751
 13
181.87506816570516
 23
74.11786944079401
 33
113.357102186751
  0
3DFACE
  8
0
1001
WEBCAD
1000
S3D24_1778942593483
 10
185.10941537301517
 20
68.066831417885
 30
14.952133630811014
 11
181.87506816570516
 21
74.11786944079401
 31
113.357102186751
 12
185.10941537301517
 22
68.066831417885
 32
114.84367349457101
 13
185.10941537301517
 23
68.066831417885
 33
114.84367349457101
  0
3DFACE
  8
0
1001
WEBCAD
1000
S3D24_1778942593483
 10
185.10941537301517
 20
68.066831417885
 30
14.952133630811014
 11
187.1011165492352
 21
61.501072555671
 31
14.952133630811014
 12
187.7736317351152
 22
54.672911285106004
 32
14.952133630811014
 13
187.7736317351152
 23
54.672911285106004
 33
14.952133630811014
  0
3DFACE
  8
0
1001
WEBCAD
1000
S3D24_1778942593483
 10
181.87506816570516
 20
74.117869440793
 30
14.952133630811014
 11
185.10941537301517
 21
68.066831417885
 31
14.952133630811014
 12
187.7736317351152
 22
54.672911285106004
 32
14.952133630811014
 13
187.7736317351152
 23
54.672911285106004
 33
14.952133630811014
  0
3DFACE
  8
0
1001
WEBCAD
1000
S3D24_1778942593483
 10
177.5223690766452
 20
79.421648626636
 30
14.952133630811014
 11
181.87506816570516
 21
74.117869440793
 31
14.952133630811014
 12
187.7736317351152
 22
54.672911285106004
 32
14.952133630811014
 13
187.7736317351152
 23
54.672911285106004
 33
14.952133630811014
  0
3DFACE
  8
0
1001
WEBCAD
1000
S3D24_1778942593483
 10
166.1675518678952
 20
87.008694923002
 30
14.952133630811014
 11
172.21858989080516
 21
83.77434771569601
 31
14.952133630811014
 12
177.5223690766452
 22
79.421648626636
 32
14.952133630811014
 13
177.5223690766452
 23
79.421648626636
 33
14.952133630811014
  0
3DFACE
  8
0
1001
WEBCAD
1000
S3D24_1778942593483
 10
117.77363173511519
 20
54.672911285106004
 30
14.952133630811014
 11
187.7736317351152
 21
54.672911285106004
 31
14.952133630811014
 12
187.7736317351152
 22
24.672911285106004
 32
14.952133630811014
 13
187.7736317351152
 23
24.672911285106004
 33
14.952133630811014
  0
3DFACE
  8
0
1001
WEBCAD
1000
S3D24_1778942593483
 10
117.77363173511519
 20
54.672911285106004
 30
14.952133630811014
 11
187.7736317351152
 21
24.672911285106004
 31
14.952133630811014
 12
117.77363173511519
 22
24.672911285106004
 32
14.952133630811014
 13
117.77363173511519
 23
24.672911285106004
 33
14.952133630811014
  0
3DFACE
  8
0
1001
WEBCAD
1000
S3D24_1778942593483
 10
152.7736317351152
 20
89.67291128510601
 30
14.952133630811014
 11
159.60179300568518
 21
89.00039609922
 31
14.952133630811014
 12
166.1675518678952
 22
87.008694923002
 32
14.952133630811014
 13
166.1675518678952
 23
87.008694923002
 33
14.952133630811014
  0
3DFACE
  8
0
1001
WEBCAD
1000
S3D24_1778942593483
 10
152.7736317351152
 20
89.67291128510601
 30
14.952133630811014
 11
166.1675518678952
 21
87.008694923002
 31
14.952133630811014
 12
177.5223690766452
 22
79.421648626636
 32
14.952133630811014
 13
177.5223690766452
 23
79.421648626636
 33
14.952133630811014
  0
3DFACE
  8
0
1001
WEBCAD
1000
S3D24_1778942593483
 10
118.44614692100518
 20
61.501072555671
 30
14.952133630811014
 11
187.7736317351152
 21
54.672911285106004
 31
14.952133630811014
 12
117.77363173511519
 22
54.672911285106004
 32
14.952133630811014
 13
117.77363173511519
 23
54.672911285106004
 33
14.952133630811014
  0
3DFACE
  8
0
1001
WEBCAD
1000
S3D24_1778942593483
 10
139.3797116023452
 20
87.008694923002
 30
14.952133630811014
 11
145.94547046455517
 21
89.00039609922
 31
14.952133630811014
 12
152.7736317351152
 22
89.67291128510601
 32
14.952133630811014
 13
152.7736317351152
 23
89.67291128510601
 33
14.952133630811014
  0
3DFACE
  8
0
1001
WEBCAD
1000
S3D24_1778942593483
 10
123.67219530453518
 20
74.117869440793
 30
14.952133630811014
 11
118.44614692100518
 21
61.501072555671
 31
14.952133630811014
 12
120.43784809722519
 22
68.066831417885
 32
14.952133630811014
 13
120.43784809722519
 23
68.066831417885
 33
14.952133630811014
  0
3DFACE
  8
0
1001
WEBCAD
1000
S3D24_1778942593483
 10
123.67219530453518
 20
74.117869440793
 30
14.952133630811014
 11
187.7736317351152
 21
54.672911285106004
 31
14.952133630811014
 12
118.44614692100518
 22
61.501072555671
 32
14.952133630811014
 13
118.44614692100518
 23
61.501072555671
 33
14.952133630811014
  0
3DFACE
  8
0
1001
WEBCAD
1000
S3D24_1778942593483
 10
128.0248943935952
 20
79.421648626636
 30
14.952133630811014
 11
133.3286735794352
 21
83.77434771569601
 31
14.952133630811014
 12
139.3797116023452
 22
87.008694923002
 32
14.952133630811014
 13
139.3797116023452
 23
87.008694923002
 33
14.952133630811014
  0
3DFACE
  8
0
1001
WEBCAD
1000
S3D24_1778942593483
 10
128.0248943935952
 20
79.421648626636
 30
14.952133630811014
 11
177.5223690766452
 21
79.421648626636
 31
14.952133630811014
 12
187.7736317351152
 22
54.672911285106004
 32
14.952133630811014
 13
187.7736317351152
 23
54.672911285106004
 33
14.952133630811014
  0
3DFACE
  8
0
1001
WEBCAD
1000
S3D24_1778942593483
 10
128.0248943935952
 20
79.421648626636
 30
14.952133630811014
 11
152.7736317351152
 21
89.67291128510601
 31
14.952133630811014
 12
177.5223690766452
 22
79.421648626636
 32
14.952133630811014
 13
177.5223690766452
 23
79.421648626636
 33
14.952133630811014
  0
3DFACE
  8
0
1001
WEBCAD
1000
S3D24_1778942593483
 10
128.0248943935952
 20
79.421648626636
 30
14.952133630811014
 11
139.3797116023452
 21
87.008694923002
 31
14.952133630811014
 12
152.7736317351152
 22
89.67291128510601
 32
14.952133630811014
 13
152.7736317351152
 23
89.67291128510601
 33
14.952133630811014
  0
3DFACE
  8
0
1001
WEBCAD
1000
S3D24_1778942593483
 10
128.0248943935952
 20
79.421648626636
 30
14.952133630811014
 11
187.7736317351152
 21
54.672911285106004
 31
14.952133630811014
 12
123.67219530453518
 22
74.117869440793
 32
14.952133630811014
 13
123.67219530453518
 23
74.117869440793
 33
14.952133630811014
  0
3DFACE
  8
0
1001
WEBCAD
1000
S3D24_1778942593483
 10
166.1675518678952
 20
87.008694923002
 30
113.357102186751
 11
159.60179300568518
 21
89.00039609922
 31
114.84367349457101
 12
162.79772964968345
 22
88.03091931724515
 32
114.38452875308323
 13
162.79772964968345
 23
88.03091931724515
 33
114.38452875308323
  0
3DFACE
  8
0
1001
WEBCAD
1000
S3D24_1778942593483
 10
166.1675518678952
 20
87.008694923002
 30
113.357102186751
 11
162.79772964968345
 21
88.03091931724515
 31
114.38452875308323
 12
164.59227665833885
 22
87.4865494335928
 32
113.92832218787639
 13
164.59227665833885
 23
87.4865494335928
 33
113.92832218787639
  0
3DFACE
  8
0
1001
WEBCAD
1000
S3D24_1778942593483
 10
159.60179300568518
 20
89.00039609922
 30
14.952133630811014
 11
159.60179300568518
 21
89.00039609922
 31
114.84367349457101
 12
166.1675518678952
 22
87.008694923002
 32
113.357102186751
 13
166.1675518678952
 23
87.008694923002
 33
113.357102186751
  0
3DFACE
  8
0
1001
WEBCAD
1000
S3D24_1778942593483
 10
166.1675518678952
 20
87.008694923002
 30
14.952133630811014
 11
159.60179300568518
 21
89.00039609922
 31
14.952133630811014
 12
166.1675518678952
 22
87.008694923002
 32
113.357102186751
 13
166.1675518678952
 23
87.008694923002
 33
113.357102186751
  0
3DFACE
  8
0
1001
WEBCAD
1000
S3D24_1778942593483
 10
172.21858989080516
 20
83.77434771569601
 30
109.95213363081102
 11
166.1675518678952
 21
87.008694923002
 31
113.357102186751
 12
169.03974628193578
 22
85.47347502407825
 32
112.50897876611496
 13
169.03974628193578
 23
85.47347502407825
 33
112.50897876611496
  0
3DFACE
  8
0
1001
WEBCAD
1000
S3D24_1778942593483
 10
172.21858989080516
 20
83.77434771569601
 30
109.95213363081102
 11
169.03974628193578
 21
85.47347502407825
 31
112.50897876611496
 12
170.88160098431894
 22
84.48898317485073
 32
111.64626743826452
 13
170.88160098431894
 23
84.48898317485073
 33
111.64626743826452
  0
3DFACE
  8
0
1001
WEBCAD
1000
S3D24_1778942593483
 10
172.21858989080516
 20
83.77434771569601
 30
109.95213363081102
 11
170.88160098431894
 21
84.48898317485073
 31
111.64626743826452
 12
171.68522309965635
 22
84.05943820510636
 32
111.03192205081957
 13
171.68522309965635
 23
84.05943820510636
 33
111.03192205081957
  0
3DFACE
  8
0
1001
WEBCAD
1000
S3D24_1778942593483
 10
172.21858989080516
 20
83.77434771569601
 30
109.95213363081102
 11
171.68522309965635
 21
84.05943820510636
 31
111.03192205081957
 12
171.95856354806136
 22
83.91333469152804
 32
110.70837247286087
 13
171.95856354806136
 23
83.91333469152804
 33
110.70837247286087
  0
3DFACE
  8
0
1001
WEBCAD
1000
S3D24_1778942593483
 10
172.21858989080516
 20
83.77434771569601
 30
109.95213363081102
 11
171.95856354806136
 21
83.91333469152804
 31
110.70837247286087
 12
172.10007622000649
 22
83.8376945924952
 32
110.46348232301614
 13
172.10007622000649
 23
83.8376945924952
 33
110.46348232301614
  0
3DFACE
  8
0
1001
WEBCAD
1000
S3D24_1778942593483
 10
172.21858989080516
 20
83.77434771569601
 30
109.95213363081102
 11
172.10007622000649
 21
83.8376945924952
 31
110.46348232301614
 12
172.18894202878874
 22
83.79019482809579
 32
110.20814378138354
 13
172.18894202878874
 23
83.79019482809579
 33
110.20814378138354
  0
3DFACE
  8
0
1001
WEBCAD
1000
S3D24_1778942593483
 10
172.21858989080516
 20
83.77434771569601
 30
109.95213363081102
 11
172.18894202878874
 21
83.79019482809579
 31
110.20814378138354
 12
172.21117670963196
 22
83.77831014358077
 32
110.08018070231432
 13
172.21117670963196
 23
83.77831014358077
 33
110.08018070231432
  0
3DFACE
  8
0
1001
WEBCAD
1000
S3D24_1778942593483
 10
166.1675518678952
 20
87.008694923002
 30
14.952133630811014
 11
166.1675518678952
 21
87.008694923002
 31
113.357102186751
 12
172.21858989080516
 22
83.77434771569601
 32
109.95213363081102
 13
172.21858989080516
 23
83.77434771569601
 33
109.95213363081102
  0
3DFACE
  8
0
1001
WEBCAD
1000
S3D24_1778942593483
 10
172.21858989080516
 20
83.77434771569601
 30
14.952133630811014
 11
166.1675518678952
 21
87.008694923002
 31
14.952133630811014
 12
172.21858989080516
 22
83.77434771569601
 32
109.95213363081102
 13
172.21858989080516
 23
83.77434771569601
 33
109.95213363081102
  0
3DFACE
  8
0
1001
WEBCAD
1000
S3D24_1778942593483
 10
177.5223690766452
 20
79.421648626636
 30
14.952133630811014
 11
172.21858989080516
 21
83.77434771569601
 31
14.952133630811014
 12
172.21858989080516
 22
83.77434771569601
 32
109.95213363081102
 13
172.21858989080516
 23
83.77434771569601
 33
109.95213363081102
  0
3DFACE
  8
0
1001
WEBCAD
1000
S3D24_1778942593483
 10
177.5223690766452
 20
79.421648626636
 30
14.952133630811014
 11
172.21858989080516
 21
83.77434771569601
 31
109.95213363081102
 12
177.5223690766452
 22
79.421648626636
 32
109.95213363081102
 13
177.5223690766452
 23
79.421648626636
 33
109.95213363081102
  0
3DFACE
  8
0
1001
WEBCAD
1000
S3D24_1778942593483
 10
177.5223690766452
 20
79.421648626636
 30
109.95213363081102
 11
177.90603633128632
 21
78.95414872420554
 31
111.03192205081822
 12
178.4841066121425
 22
78.24976804894482
 32
111.64626743826301
 13
178.4841066121425
 23
78.24976804894482
 33
111.64626743826301
  0
3DFACE
  8
0
1001
WEBCAD
1000
S3D24_1778942593483
 10
177.5223690766452
 20
79.421648626636
 30
109.95213363081102
 11
177.7094140796545
 21
79.19373363102791
 31
110.70837247285961
 12
177.90603633128632
 22
78.95414872420554
 32
111.03192205081822
 13
177.90603633128632
 23
78.95414872420554
 33
111.03192205081822
  0
3DFACE
  8
0
1001
WEBCAD
1000
S3D24_1778942593483
 10
177.5223690766452
 20
79.421648626636
 30
109.95213363081102
 11
177.60761963117596
 21
79.31777052538428
 31
110.46348232301494
 12
177.7094140796545
 22
79.19373363102791
 32
110.70837247285961
 13
177.7094140796545
 23
79.19373363102791
 33
110.70837247285961
  0
3DFACE
  8
0
1001
WEBCAD
1000
S3D24_1778942593483
 10
177.5223690766452
 20
79.421648626636
 30
109.95213363081102
 11
177.54369570217915
 21
79.3956620582363
 31
110.20814378138294
 12
177.60761963117596
 22
79.31777052538428
 32
110.46348232301494
 13
177.60761963117596
 23
79.31777052538428
 33
110.46348232301494
  0
3DFACE
  8
0
1001
WEBCAD
1000
S3D24_1778942593483
 10
177.5223690766452
 20
79.421648626636
 30
109.95213363081102
 11
177.527701607499
 21
79.41515091899262
 31
110.08018070231402
 12
177.54369570217915
 22
79.3956620582363
 32
110.20814378138294
 13
177.54369570217915
 23
79.3956620582363
 33
110.20814378138294
  0
3DFACE
  8
0
1001
WEBCAD
1000
S3D24_1778942593483
 10
179.80900975353535
 20
76.63536890009539
 30
112.50897876611343
 11
177.5223690766452
 21
79.421648626636
 31
109.95213363081102
 12
178.4841066121425
 22
78.24976804894482
 32
111.64626743826301
 13
178.4841066121425
 23
78.24976804894482
 33
111.64626743826301
  0
3DFACE
  8
0
1001
WEBCAD
1000
S3D24_1778942593483
 10
181.87506816570516
 20
74.11786944079401
 30
113.357102186751
 11
177.5223690766452
 21
79.421648626636
 31
109.95213363081102
 12
179.80900975353535
 22
76.63536890009539
 32
112.50897876611343
 13
179.80900975353535
 23
76.63536890009539
 33
112.50897876611343
  0
3DFACE
  8
0
1001
WEBCAD
1000
S3D24_1778942593483
 10
181.87506816570516
 20
74.117869440793
 30
14.952133630811014
 11
177.5223690766452
 21
79.421648626636
 31
14.952133630811014
 12
177.5223690766452
 22
79.421648626636
 32
109.95213363081102
 13
177.5223690766452
 23
79.421648626636
 33
109.95213363081102
  0
3DFACE
  8
0
1001
WEBCAD
1000
S3D24_1778942593483
 10
181.87506816570516
 20
74.117869440793
 30
14.952133630811014
 11
177.5223690766452
 21
79.421648626636
 31
109.95213363081102
 12
181.87506816570516
 22
74.11786944079401
 32
113.357102186751
 13
181.87506816570516
 23
74.11786944079401
 33
113.357102186751
  0
3DFACE
  8
0
1001
WEBCAD
1000
S3D24_1778942593483
 10
117.77363173511519
 20
24.672911285106004
 30
14.952133630811014
 11
187.7736317351152
 21
24.672911285106004
 31
14.952133630811014
 12
187.7736317351152
 22
24.672911285106004
 32
109.95213363081102
 13
187.7736317351152
 23
24.672911285106004
 33
109.95213363081102
  0
3DFACE
  8
0
1001
WEBCAD
1000
S3D24_1778942593483
 10
117.77363173511519
 20
24.672911285106004
 30
14.952133630811014
 11
187.7736317351152
 21
24.672911285106004
 31
109.95213363081102
 12
117.77363173511519
 22
24.672911285106004
 32
109.95213363081102
 13
117.77363173511519
 23
24.672911285106004
 33
109.95213363081102
  0
3DFACE
  8
0
1001
WEBCAD
1000
S3D30_1778942977349
 10
160.20236669413137
 20
-7.72827324255136
 30
39.537147625247
 11
160.20236669413137
 21
-37.72827324255136
 31
39.537147625247
 12
160.20236669413137
 22
-37.72827324255136
 32
69.537147625247
 13
160.20236669413137
 23
-37.72827324255136
 33
69.537147625247
  0
3DFACE
  8
0
1001
WEBCAD
1000
S3D30_1778942977349
 10
160.20236669413137
 20
-7.72827324255136
 30
39.537147625247
 11
160.20236669413137
 21
-37.72827324255136
 31
69.537147625247
 12
160.20236669413137
 22
-7.72827324255136
 32
69.537147625247
 13
160.20236669413137
 23
-7.72827324255136
 33
69.537147625247
  0
3DFACE
  8
0
1001
WEBCAD
1000
S3D30_1778942977349
 10
160.20236669413137
 20
-37.72827324255136
 30
39.537147625247
 11
230.20236669413134
 21
-37.72827324255136
 31
39.537147625247
 12
230.20236669413134
 22
-37.72827324255136
 32
69.537147625247
 13
230.20236669413134
 23
-37.72827324255136
 33
69.537147625247
  0
3DFACE
  8
0
1001
WEBCAD
1000
S3D30_1778942977349
 10
160.20236669413137
 20
-37.72827324255136
 30
39.537147625247
 11
230.20236669413134
 21
-37.72827324255136
 31
69.537147625247
 12
160.20236669413137
 22
-37.72827324255136
 32
69.537147625247
 13
160.20236669413137
 23
-37.72827324255136
 33
69.537147625247
  0
3DFACE
  8
0
1001
WEBCAD
1000
S3D30_1778942977349
 10
160.87488188002138
 20
-0.9001119719863553
 30
39.537147625247
 11
160.20236669413137
 21
-7.72827324255136
 31
39.537147625247
 12
160.20236669413137
 22
-7.72827324255136
 32
69.537147625247
 13
160.20236669413137
 23
-7.72827324255136
 33
69.537147625247
  0
3DFACE
  8
0
1001
WEBCAD
1000
S3D30_1778942977349
 10
160.87488188002138
 20
-0.9001119719863553
 30
39.537147625247
 11
160.20236669413137
 21
-7.72827324255136
 31
69.537147625247
 12
160.87488188002138
 22
-0.9001119719863553
 32
69.537147625247
 13
160.87488188002138
 23
-0.9001119719863553
 33
69.537147625247
  0
3DFACE
  8
0
1001
WEBCAD
1000
S3D30_1778942977349
 10
227.53815033203136
 20
5.66564689022664
 30
39.537147625247
 11
229.52985150825134
 21
-0.9001119719863553
 31
39.537147625247
 12
230.20236669413134
 22
-7.72827324255136
 32
39.537147625247
 13
230.20236669413134
 23
-7.72827324255136
 33
39.537147625247
  0
3DFACE
  8
0
1001
WEBCAD
1000
S3D30_1778942977349
 10
224.30380312472136
 20
11.716684913134642
 30
39.537147625247
 11
227.53815033203136
 21
5.66564689022664
 31
39.537147625247
 12
230.20236669413134
 22
-7.72827324255136
 32
39.537147625247
 13
230.20236669413134
 23
-7.72827324255136
 33
39.537147625247
  0
3DFACE
  8
0
1001
WEBCAD
1000
S3D30_1778942977349
 10
219.95110403566136
 20
17.02046409897764
 30
39.537147625247
 11
224.30380312472136
 21
11.716684913134642
 31
39.537147625247
 12
230.20236669413134
 22
-7.72827324255136
 32
39.537147625247
 13
230.20236669413134
 23
-7.72827324255136
 33
39.537147625247
  0
3DFACE
  8
0
1001
WEBCAD
1000
S3D30_1778942977349
 10
208.59628682691135
 20
24.60751039534364
 30
39.537147625247
 11
214.64732484982136
 21
21.373163188037637
 31
39.537147625247
 12
219.95110403566136
 22
17.02046409897764
 32
39.537147625247
 13
219.95110403566136
 23
17.02046409897764
 33
39.537147625247
  0
3DFACE
  8
0
1001
WEBCAD
1000
S3D30_1778942977349
 10
160.20236669413137
 20
-7.72827324255136
 30
39.537147625247
 11
230.20236669413134
 21
-7.72827324255136
 31
39.537147625247
 12
230.20236669413134
 22
-37.72827324255136
 32
39.537147625247
 13
230.20236669413134
 23
-37.72827324255136
 33
39.537147625247
  0
3DFACE
  8
0
1001
WEBCAD
1000
S3D30_1778942977349
 10
160.20236669413137
 20
-7.72827324255136
 30
39.537147625247
 11
230.20236669413134
 21
-37.72827324255136
 31
39.537147625247
 12
160.20236669413137
 22
-37.72827324255136
 32
39.537147625247
 13
160.20236669413137
 23
-37.72827324255136
 33
39.537147625247
  0
3DFACE
  8
0
1001
WEBCAD
1000
S3D30_1778942977349
 10
195.20236669413137
 20
27.271726757448647
 30
39.537147625247
 11
202.03052796470138
 21
26.59921157156164
 31
39.537147625247
 12
208.59628682691135
 22
24.60751039534364
 32
39.537147625247
 13
208.59628682691135
 23
24.60751039534364
 33
39.537147625247
  0
3DFACE
  8
0
1001
WEBCAD
1000
S3D30_1778942977349
 10
188.37420542357137
 20
26.59921157156164
 30
39.537147625247
 11
195.20236669413137
 21
27.271726757448647
 31
39.537147625247
 12
208.59628682691135
 22
24.60751039534364
 32
39.537147625247
 13
208.59628682691135
 23
24.60751039534364
 33
39.537147625247
  0
3DFACE
  8
0
1001
WEBCAD
1000
S3D30_1778942977349
 10
160.87488188002138
 20
-0.9001119719863553
 30
39.537147625247
 11
230.20236669413134
 21
-7.72827324255136
 31
39.537147625247
 12
160.20236669413137
 22
-7.72827324255136
 32
39.537147625247
 13
160.20236669413137
 23
-7.72827324255136
 33
39.537147625247
  0
3DFACE
  8
0
1001
WEBCAD
1000
S3D30_1778942977349
 10
162.86658305624135
 20
5.66564689022664
 30
39.537147625247
 11
230.20236669413134
 21
-7.72827324255136
 31
39.537147625247
 12
160.87488188002138
 22
-0.9001119719863553
 32
39.537147625247
 13
160.87488188002138
 23
-0.9001119719863553
 33
39.537147625247
  0
3DFACE
  8
0
1001
WEBCAD
1000
S3D30_1778942977349
 10
175.75740853845136
 20
21.373163188037637
 30
39.537147625247
 11
181.80844656135136
 21
24.60751039534364
 31
39.537147625247
 12
188.37420542357137
 22
26.59921157156164
 32
39.537147625247
 13
188.37420542357137
 23
26.59921157156164
 33
39.537147625247
  0
3DFACE
  8
0
1001
WEBCAD
1000
S3D30_1778942977349
 10
175.75740853845136
 20
21.373163188037637
 30
39.537147625247
 11
219.95110403566136
 21
17.02046409897764
 31
39.537147625247
 12
230.20236669413134
 22
-7.72827324255136
 32
39.537147625247
 13
230.20236669413134
 23
-7.72827324255136
 33
39.537147625247
  0
3DFACE
  8
0
1001
WEBCAD
1000
S3D30_1778942977349
 10
175.75740853845136
 20
21.373163188037637
 30
39.537147625247
 11
208.59628682691135
 21
24.60751039534364
 31
39.537147625247
 12
219.95110403566136
 22
17.02046409897764
 32
39.537147625247
 13
219.95110403566136
 23
17.02046409897764
 33
39.537147625247
  0
3DFACE
  8
0
1001
WEBCAD
1000
S3D30_1778942977349
 10
175.75740853845136
 20
21.373163188037637
 30
39.537147625247
 11
188.37420542357137
 21
26.59921157156164
 31
39.537147625247
 12
208.59628682691135
 22
24.60751039534364
 32
39.537147625247
 13
208.59628682691135
 23
24.60751039534364
 33
39.537147625247
  0
3DFACE
  8
0
1001
WEBCAD
1000
S3D30_1778942977349
 10
175.75740853845136
 20
21.373163188037637
 30
39.537147625247
 11
230.20236669413134
 21
-7.72827324255136
 31
39.537147625247
 12
162.86658305624135
 22
5.66564689022664
 32
39.537147625247
 13
162.86658305624135
 23
5.66564689022664
 33
39.537147625247
  0
3DFACE
  8
0
1001
WEBCAD
1000
S3D30_1778942977349
 10
170.45362935260135
 20
17.02046409897764
 30
39.537147625247
 11
162.86658305624135
 21
5.66564689022664
 31
39.537147625247
 12
166.10093026354136
 22
11.716684913134642
 32
39.537147625247
 13
166.10093026354136
 23
11.716684913134642
 33
39.537147625247
  0
3DFACE
  8
0
1001
WEBCAD
1000
S3D30_1778942977349
 10
170.45362935260135
 20
17.02046409897764
 30
39.537147625247
 11
175.75740853845136
 21
21.373163188037637
 31
39.537147625247
 12
162.86658305624135
 22
5.66564689022664
 32
39.537147625247
 13
162.86658305624135
 23
5.66564689022664
 33
39.537147625247
  0
3DFACE
  8
0
1001
WEBCAD
1000
S3D30_1778942977349
 10
230.20236669413134
 20
-7.72827324255136
 30
69.537147625247
 11
229.20236669413134
 21
-37.17242506746336
 31
69.537147625247
 12
230.20236669413134
 22
-37.72827324255136
 32
69.537147625247
 13
230.20236669413134
 23
-37.72827324255136
 33
69.537147625247
  0
3DFACE
  8
0
1001
WEBCAD
1000
S3D30_1778942977349
 10
229.20236669413134
 20
-8.02956792460536
 30
69.537147625247
 11
229.20236669413134
 21
-37.17242506746336
 31
69.537147625247
 12
230.20236669413134
 22
-7.72827324255136
 32
69.537147625247
 13
230.20236669413134
 23
-7.72827324255136
 33
69.537147625247
  0
3DFACE
  8
0
1001
WEBCAD
1000
S3D30_1778942977349
 10
228.54906622784137
 20
-1.3964969760573567
 30
69.537147625247
 11
230.20236669413134
 21
-7.72827324255136
 31
69.537147625247
 12
229.52985150825134
 22
-0.9001119719863553
 32
69.537147625247
 13
229.52985150825134
 23
-0.9001119719863553
 33
69.537147625247
  0
3DFACE
  8
0
1001
WEBCAD
1000
S3D30_1778942977349
 10
228.54906622784137
 20
-1.3964969760573567
 30
69.537147625247
 11
229.20236669413134
 21
-8.02956792460536
 31
69.537147625247
 12
230.20236669413134
 22
-7.72827324255136
 32
69.537147625247
 13
230.20236669413134
 23
-7.72827324255136
 33
69.537147625247
  0
3DFACE
  8
0
1001
WEBCAD
1000
S3D30_1778942977349
 10
226.61427079952136
 20
4.981668775807641
 30
69.537147625247
 11
229.52985150825134
 21
-0.9001119719863553
 31
69.537147625247
 12
227.53815033203136
 22
5.66564689022664
 32
69.537147625247
 13
227.53815033203136
 23
5.66564689022664
 33
69.537147625247
  0
3DFACE
  8
0
1001
WEBCAD
1000
S3D30_1778942977349
 10
226.61427079952136
 20
4.981668775807641
 30
69.537147625247
 11
228.54906622784137
 21
-1.3964969760573567
 31
69.537147625247
 12
229.52985150825134
 22
-0.9001119719863553
 32
69.537147625247
 13
229.52985150825134
 23
-0.9001119719863553
 33
69.537147625247
  0
3DFACE
  8
0
1001
WEBCAD
1000
S3D30_1778942977349
 10
223.47233351242136
 20
10.859819998060644
 30
69.537147625247
 11
226.61427079952136
 21
4.981668775807641
 31
69.537147625247
 12
227.53815033203136
 22
5.66564689022664
 32
69.537147625247
 13
227.53815033203136
 23
5.66564689022664
 33
69.537147625247
  0
3DFACE
  8
0
1001
WEBCAD
1000
S3D30_1778942977349
 10
224.30380312472136
 20
11.716684913134642
 30
69.537147625247
 11
223.47233351242136
 21
10.859819998060644
 31
69.537147625247
 12
227.53815033203136
 22
5.66564689022664
 32
69.537147625247
 13
227.53815033203136
 23
5.66564689022664
 33
69.537147625247
  0
3DFACE
  8
0
1001
WEBCAD
1000
S3D30_1778942977349
 10
219.24399725448137
 20
16.01206263573664
 30
69.537147625247
 11
223.47233351242136
 21
10.859819998060644
 31
69.537147625247
 12
224.30380312472136
 22
11.716684913134642
 32
69.537147625247
 13
224.30380312472136
 23
11.716684913134642
 33
69.537147625247
  0
3DFACE
  8
0
1001
WEBCAD
1000
S3D30_1778942977349
 10
219.95110403566136
 20
17.02046409897764
 30
69.537147625247
 11
219.24399725448137
 21
16.01206263573664
 31
69.537147625247
 12
224.30380312472136
 22
11.716684913134642
 32
69.537147625247
 13
224.30380312472136
 23
11.716684913134642
 33
69.537147625247
  0
3DFACE
  8
0
1001
WEBCAD
1000
S3D30_1778942977349
 10
160.20236669413137
 20
-37.72827324255136
 30
69.537147625247
 11
229.20236669413134
 21
-37.17242506746336
 31
69.537147625247
 12
161.20236669413137
 22
-37.17242506746336
 32
69.537147625247
 13
161.20236669413137
 23
-37.17242506746336
 33
69.537147625247
  0
3DFACE
  8
0
1001
WEBCAD
1000
S3D30_1778942977349
 10
160.20236669413137
 20
-37.72827324255136
 30
69.537147625247
 11
230.20236669413134
 21
-37.72827324255136
 31
69.537147625247
 12
229.20236669413134
 22
-37.17242506746336
 32
69.537147625247
 13
229.20236669413134
 23
-37.17242506746336
 33
69.537147625247
  0
3DFACE
  8
0
1001
WEBCAD
1000
S3D30_1778942977349
 10
214.09175461680135
 20
20.240398893680634
 30
69.537147625247
 11
219.24399725448137
 21
16.01206263573664
 31
69.537147625247
 12
219.95110403566136
 22
17.02046409897764
 32
69.537147625247
 13
219.95110403566136
 23
17.02046409897764
 33
69.537147625247
  0
3DFACE
  8
0
1001
WEBCAD
1000
S3D30_1778942977349
 10
214.64732484982136
 20
21.373163188037637
 30
69.537147625247
 11
214.09175461680135
 21
20.240398893680634
 31
69.537147625247
 12
219.95110403566136
 22
17.02046409897764
 32
69.537147625247
 13
219.95110403566136
 23
17.02046409897764
 33
69.537147625247
  0
3DFACE
  8
0
1001
WEBCAD
1000
S3D30_1778942977349
 10
208.21360339455137
 20
23.382336180777642
 30
69.537147625247
 11
214.09175461680135
 21
20.240398893680634
 31
69.537147625247
 12
214.64732484982136
 22
21.373163188037637
 32
69.537147625247
 13
214.64732484982136
 23
21.373163188037637
 33
69.537147625247
  0
3DFACE
  8
0
1001
WEBCAD
1000
S3D30_1778942977349
 10
208.59628682691135
 20
24.60751039534364
 30
69.537147625247
 11
208.21360339455137
 21
23.382336180777642
 31
69.537147625247
 12
214.64732484982136
 22
21.373163188037637
 32
69.537147625247
 13
214.64732484982136
 23
21.373163188037637
 33
69.537147625247
  0
3DFACE
  8
0
1001
WEBCAD
1000
S3D30_1778942977349
 10
201.83543764268137
 20
25.31713160910364
 30
69.537147625247
 11
208.21360339455137
 21
23.382336180777642
 31
69.537147625247
 12
208.59628682691135
 22
24.60751039534364
 32
69.537147625247
 13
208.59628682691135
 23
24.60751039534364
 33
69.537147625247
  0
3DFACE
  8
0
1001
WEBCAD
1000
S3D30_1778942977349
 10
202.03052796470138
 20
26.59921157156164
 30
69.537147625247
 11
201.83543764268137
 21
25.31713160910364
 31
69.537147625247
 12
208.59628682691135
 22
24.60751039534364
 32
69.537147625247
 13
208.59628682691135
 23
24.60751039534364
 33
69.537147625247
  0
3DFACE
  8
0
1001
WEBCAD
1000
S3D30_1778942977349
 10
195.20236669413137
 20
25.97043207539464
 30
69.537147625247
 11
201.83543764268137
 21
25.31713160910364
 31
69.537147625247
 12
202.03052796470138
 22
26.59921157156164
 32
69.537147625247
 13
202.03052796470138
 23
26.59921157156164
 33
69.537147625247
  0
3DFACE
  8
0
1001
WEBCAD
1000
S3D30_1778942977349
 10
160.20236669413137
 20
-7.72827324255136
 30
69.537147625247
 11
161.20236669413137
 21
-37.17242506746336
 31
69.537147625247
 12
161.20236669413137
 22
-8.02956792460536
 32
69.537147625247
 13
161.20236669413137
 23
-8.02956792460536
 33
69.537147625247
  0
3DFACE
  8
0
1001
WEBCAD
1000
S3D30_1778942977349
 10
160.20236669413137
 20
-7.72827324255136
 30
69.537147625247
 11
160.20236669413137
 21
-37.72827324255136
 31
69.537147625247
 12
161.20236669413137
 22
-37.17242506746336
 32
69.537147625247
 13
161.20236669413137
 23
-37.17242506746336
 33
69.537147625247
  0
3DFACE
  8
0
1001
WEBCAD
1000
S3D30_1778942977349
 10
195.20236669413137
 20
27.271726757448647
 30
69.537147625247
 11
195.20236669413137
 21
25.97043207539464
 31
69.537147625247
 12
202.03052796470138
 22
26.59921157156164
 32
69.537147625247
 13
202.03052796470138
 23
26.59921157156164
 33
69.537147625247
  0
3DFACE
  8
0
1001
WEBCAD
1000
S3D30_1778942977349
 10
161.85566716042138
 20
-1.3964969760573567
 30
69.537147625247
 11
160.20236669413137
 21
-7.72827324255136
 31
69.537147625247
 12
161.20236669413137
 22
-8.02956792460536
 32
69.537147625247
 13
161.20236669413137
 23
-8.02956792460536
 33
69.537147625247
  0
3DFACE
  8
0
1001
WEBCAD
1000
S3D30_1778942977349
 10
188.37420542357137
 20
26.59921157156164
 30
69.537147625247
 11
188.56929574558137
 21
25.31713160910364
 31
69.537147625247
 12
195.20236669413137
 22
25.97043207539464
 32
69.537147625247
 13
195.20236669413137
 23
25.97043207539464
 33
69.537147625247
  0
3DFACE
  8
0
1001
WEBCAD
1000
S3D30_1778942977349
 10
188.37420542357137
 20
26.59921157156164
 30
69.537147625247
 11
195.20236669413137
 21
25.97043207539464
 31
69.537147625247
 12
195.20236669413137
 22
27.271726757448647
 32
69.537147625247
 13
195.20236669413137
 23
27.271726757448647
 33
69.537147625247
  0
3DFACE
  8
0
1001
WEBCAD
1000
S3D30_1778942977349
 10
160.87488188002138
 20
-0.9001119719863553
 30
69.537147625247
 11
160.20236669413137
 21
-7.72827324255136
 31
69.537147625247
 12
161.85566716042138
 22
-1.3964969760573567
 32
69.537147625247
 13
161.85566716042138
 23
-1.3964969760573567
 33
69.537147625247
  0
3DFACE
  8
0
1001
WEBCAD
1000
S3D30_1778942977349
 10
163.79046258875135
 20
4.981668775807641
 30
69.537147625247
 11
160.87488188002138
 21
-0.9001119719863553
 31
69.537147625247
 12
161.85566716042138
 22
-1.3964969760573567
 32
69.537147625247
 13
161.85566716042138
 23
-1.3964969760573567
 33
69.537147625247
  0
3DFACE
  8
0
1001
WEBCAD
1000
S3D30_1778942977349
 10
162.86658305624135
 20
5.66564689022664
 30
69.537147625247
 11
160.87488188002138
 21
-0.9001119719863553
 31
69.537147625247
 12
163.79046258875135
 22
4.981668775807641
 32
69.537147625247
 13
163.79046258875135
 23
4.981668775807641
 33
69.537147625247
  0
3DFACE
  8
0
1001
WEBCAD
1000
S3D30_1778942977349
 10
181.80844656135136
 20
24.60751039534364
 30
69.537147625247
 11
182.19112999372138
 21
23.382336180777642
 31
69.537147625247
 12
188.56929574558137
 22
25.31713160910364
 32
69.537147625247
 13
188.56929574558137
 23
25.31713160910364
 33
69.537147625247
  0
3DFACE
  8
0
1001
WEBCAD
1000
S3D30_1778942977349
 10
181.80844656135136
 20
24.60751039534364
 30
69.537147625247
 11
188.56929574558137
 21
25.31713160910364
 31
69.537147625247
 12
188.37420542357137
 22
26.59921157156164
 32
69.537147625247
 13
188.37420542357137
 23
26.59921157156164
 33
69.537147625247
  0
3DFACE
  8
0
1001
WEBCAD
1000
S3D30_1778942977349
 10
166.93239987585136
 20
10.859819998060644
 30
69.537147625247
 11
162.86658305624135
 21
5.66564689022664
 31
69.537147625247
 12
163.79046258875135
 22
4.981668775807641
 32
69.537147625247
 13
163.79046258875135
 23
4.981668775807641
 33
69.537147625247
  0
3DFACE
  8
0
1001
WEBCAD
1000
S3D30_1778942977349
 10
175.75740853845136
 20
21.373163188037637
 30
69.537147625247
 11
182.19112999372138
 21
23.382336180777642
 31
69.537147625247
 12
181.80844656135136
 22
24.60751039534364
 32
69.537147625247
 13
181.80844656135136
 23
24.60751039534364
 33
69.537147625247
  0
3DFACE
  8
0
1001
WEBCAD
1000
S3D30_1778942977349
 10
175.75740853845136
 20
21.373163188037637
 30
69.537147625247
 11
176.31297877147136
 21
20.240398893680634
 31
69.537147625247
 12
182.19112999372138
 22
23.382336180777642
 32
69.537147625247
 13
182.19112999372138
 23
23.382336180777642
 33
69.537147625247
  0
3DFACE
  8
0
1001
WEBCAD
1000
S3D30_1778942977349
 10
166.10093026354136
 20
11.716684913134642
 30
69.537147625247
 11
162.86658305624135
 21
5.66564689022664
 31
69.537147625247
 12
166.93239987585136
 22
10.859819998060644
 32
69.537147625247
 13
166.93239987585136
 23
10.859819998060644
 33
69.537147625247
  0
3DFACE
  8
0
1001
WEBCAD
1000
S3D30_1778942977349
 10
166.10093026354136
 20
11.716684913134642
 30
69.537147625247
 11
166.93239987585136
 21
10.859819998060644
 31
69.537147625247
 12
171.16073613379137
 22
16.01206263573664
 32
69.537147625247
 13
171.16073613379137
 23
16.01206263573664
 33
69.537147625247
  0
3DFACE
  8
0
1001
WEBCAD
1000
S3D30_1778942977349
 10
170.45362935260135
 20
17.02046409897764
 30
69.537147625247
 11
176.31297877147136
 21
20.240398893680634
 31
69.537147625247
 12
175.75740853845136
 22
21.373163188037637
 32
69.537147625247
 13
175.75740853845136
 23
21.373163188037637
 33
69.537147625247
  0
3DFACE
  8
0
1001
WEBCAD
1000
S3D30_1778942977349
 10
170.45362935260135
 20
17.02046409897764
 30
69.537147625247
 11
166.10093026354136
 21
11.716684913134642
 31
69.537147625247
 12
171.16073613379137
 22
16.01206263573664
 32
69.537147625247
 13
171.16073613379137
 23
16.01206263573664
 33
69.537147625247
  0
3DFACE
  8
0
1001
WEBCAD
1000
S3D30_1778942977349
 10
170.45362935260135
 20
17.02046409897764
 30
69.537147625247
 11
171.16073613379137
 21
16.01206263573664
 31
69.537147625247
 12
176.31297877147136
 22
20.240398893680634
 32
69.537147625247
 13
176.31297877147136
 23
20.240398893680634
 33
69.537147625247
  0
3DFACE
  8
0
1001
WEBCAD
1000
S3D30_1778942977349
 10
230.20236669413134
 20
-37.72827324255136
 30
39.537147625247
 11
230.20236669413134
 21
-7.72827324255136
 31
39.537147625247
 12
230.20236669413134
 22
-7.72827324255136
 32
69.537147625247
 13
230.20236669413134
 23
-7.72827324255136
 33
69.537147625247
  0
3DFACE
  8
0
1001
WEBCAD
1000
S3D30_1778942977349
 10
230.20236669413134
 20
-37.72827324255136
 30
39.537147625247
 11
230.20236669413134
 21
-7.72827324255136
 31
69.537147625247
 12
230.20236669413134
 22
-37.72827324255136
 32
69.537147625247
 13
230.20236669413134
 23
-37.72827324255136
 33
69.537147625247
  0
3DFACE
  8
0
1001
WEBCAD
1000
S3D30_1778942977349
 10
162.86658305624135
 20
5.66564689022664
 30
39.537147625247
 11
160.87488188002138
 21
-0.9001119719863553
 31
39.537147625247
 12
160.87488188002138
 22
-0.9001119719863553
 32
69.537147625247
 13
160.87488188002138
 23
-0.9001119719863553
 33
69.537147625247
  0
3DFACE
  8
0
1001
WEBCAD
1000
S3D30_1778942977349
 10
162.86658305624135
 20
5.66564689022664
 30
39.537147625247
 11
160.87488188002138
 21
-0.9001119719863553
 31
69.537147625247
 12
162.86658305624135
 22
5.66564689022664
 32
69.537147625247
 13
162.86658305624135
 23
5.66564689022664
 33
69.537147625247
  0
3DFACE
  8
0
1001
WEBCAD
1000
S3D30_1778942977349
 10
166.10093026354136
 20
11.716684913134642
 30
39.537147625247
 11
162.86658305624135
 21
5.66564689022664
 31
39.537147625247
 12
162.86658305624135
 22
5.66564689022664
 32
69.537147625247
 13
162.86658305624135
 23
5.66564689022664
 33
69.537147625247
  0
3DFACE
  8
0
1001
WEBCAD
1000
S3D30_1778942977349
 10
166.10093026354136
 20
11.716684913134642
 30
39.537147625247
 11
162.86658305624135
 21
5.66564689022664
 31
69.537147625247
 12
166.10093026354136
 22
11.716684913134642
 32
69.537147625247
 13
166.10093026354136
 23
11.716684913134642
 33
69.537147625247
  0
3DFACE
  8
0
1001
WEBCAD
1000
S3D30_1778942977349
 10
170.45362935260135
 20
17.02046409897764
 30
39.537147625247
 11
166.10093026354136
 21
11.716684913134642
 31
39.537147625247
 12
166.10093026354136
 22
11.716684913134642
 32
69.537147625247
 13
166.10093026354136
 23
11.716684913134642
 33
69.537147625247
  0
3DFACE
  8
0
1001
WEBCAD
1000
S3D30_1778942977349
 10
170.45362935260135
 20
17.02046409897764
 30
39.537147625247
 11
166.10093026354136
 21
11.716684913134642
 31
69.537147625247
 12
170.45362935260135
 22
17.02046409897764
 32
69.537147625247
 13
170.45362935260135
 23
17.02046409897764
 33
69.537147625247
  0
3DFACE
  8
0
1001
WEBCAD
1000
S3D30_1778942977349
 10
175.75740853845136
 20
21.373163188037637
 30
39.537147625247
 11
170.45362935260135
 21
17.02046409897764
 31
39.537147625247
 12
170.45362935260135
 22
17.02046409897764
 32
69.537147625247
 13
170.45362935260135
 23
17.02046409897764
 33
69.537147625247
  0
3DFACE
  8
0
1001
WEBCAD
1000
S3D30_1778942977349
 10
175.75740853845136
 20
21.373163188037637
 30
39.537147625247
 11
170.45362935260135
 21
17.02046409897764
 31
69.537147625247
 12
175.75740853845136
 22
21.373163188037637
 32
69.537147625247
 13
175.75740853845136
 23
21.373163188037637
 33
69.537147625247
  0
3DFACE
  8
0
1001
WEBCAD
1000
S3D30_1778942977349
 10
175.75740853845136
 20
21.373163188037637
 30
39.537147625247
 11
175.75740853845136
 21
21.373163188037637
 31
69.537147625247
 12
181.80844656135136
 22
24.60751039534364
 32
69.537147625247
 13
181.80844656135136
 23
24.60751039534364
 33
69.537147625247
  0
3DFACE
  8
0
1001
WEBCAD
1000
S3D30_1778942977349
 10
181.80844656135136
 20
24.60751039534364
 30
39.537147625247
 11
175.75740853845136
 21
21.373163188037637
 31
39.537147625247
 12
181.80844656135136
 22
24.60751039534364
 32
69.537147625247
 13
181.80844656135136
 23
24.60751039534364
 33
69.537147625247
  0
3DFACE
  8
0
1001
WEBCAD
1000
S3D30_1778942977349
 10
188.37420542357137
 20
26.59921157156164
 30
39.537147625247
 11
181.80844656135136
 21
24.60751039534364
 31
39.537147625247
 12
181.80844656135136
 22
24.60751039534364
 32
69.537147625247
 13
181.80844656135136
 23
24.60751039534364
 33
69.537147625247
  0
3DFACE
  8
0
1001
WEBCAD
1000
S3D30_1778942977349
 10
188.37420542357137
 20
26.59921157156164
 30
39.537147625247
 11
181.80844656135136
 21
24.60751039534364
 31
69.537147625247
 12
188.37420542357137
 22
26.59921157156164
 32
69.537147625247
 13
188.37420542357137
 23
26.59921157156164
 33
69.537147625247
  0
3DFACE
  8
0
1001
WEBCAD
1000
S3D30_1778942977349
 10
188.37420542357137
 20
26.59921157156164
 30
39.537147625247
 11
188.37420542357137
 21
26.59921157156164
 31
69.537147625247
 12
195.20236669413137
 22
27.271726757448647
 32
69.537147625247
 13
195.20236669413137
 23
27.271726757448647
 33
69.537147625247
  0
3DFACE
  8
0
1001
WEBCAD
1000
S3D30_1778942977349
 10
195.20236669413137
 20
27.271726757448647
 30
39.537147625247
 11
188.37420542357137
 21
26.59921157156164
 31
39.537147625247
 12
195.20236669413137
 22
27.271726757448647
 32
69.537147625247
 13
195.20236669413137
 23
27.271726757448647
 33
69.537147625247
  0
3DFACE
  8
0
1001
WEBCAD
1000
S3D30_1778942977349
 10
202.03052796470138
 20
26.59921157156164
 30
39.537147625247
 11
195.20236669413137
 21
27.271726757448647
 31
39.537147625247
 12
195.20236669413137
 22
27.271726757448647
 32
69.537147625247
 13
195.20236669413137
 23
27.271726757448647
 33
69.537147625247
  0
3DFACE
  8
0
1001
WEBCAD
1000
S3D30_1778942977349
 10
202.03052796470138
 20
26.59921157156164
 30
39.537147625247
 11
195.20236669413137
 21
27.271726757448647
 31
69.537147625247
 12
202.03052796470138
 22
26.59921157156164
 32
69.537147625247
 13
202.03052796470138
 23
26.59921157156164
 33
69.537147625247
  0
3DFACE
  8
0
1001
WEBCAD
1000
S3D30_1778942977349
 10
202.03052796470138
 20
26.59921157156164
 30
39.537147625247
 11
202.03052796470138
 21
26.59921157156164
 31
69.537147625247
 12
208.59628682691135
 22
24.60751039534364
 32
69.537147625247
 13
208.59628682691135
 23
24.60751039534364
 33
69.537147625247
  0
3DFACE
  8
0
1001
WEBCAD
1000
S3D30_1778942977349
 10
208.59628682691135
 20
24.60751039534364
 30
39.537147625247
 11
202.03052796470138
 21
26.59921157156164
 31
39.537147625247
 12
208.59628682691135
 22
24.60751039534364
 32
69.537147625247
 13
208.59628682691135
 23
24.60751039534364
 33
69.537147625247
  0
3DFACE
  8
0
1001
WEBCAD
1000
S3D30_1778942977349
 10
208.59628682691135
 20
24.60751039534364
 30
39.537147625247
 11
208.59628682691135
 21
24.60751039534364
 31
69.537147625247
 12
214.64732484982136
 22
21.373163188037637
 32
69.537147625247
 13
214.64732484982136
 23
21.373163188037637
 33
69.537147625247
  0
3DFACE
  8
0
1001
WEBCAD
1000
S3D30_1778942977349
 10
214.64732484982136
 20
21.373163188037637
 30
39.537147625247
 11
208.59628682691135
 21
24.60751039534364
 31
39.537147625247
 12
214.64732484982136
 22
21.373163188037637
 32
69.537147625247
 13
214.64732484982136
 23
21.373163188037637
 33
69.537147625247
  0
3DFACE
  8
0
1001
WEBCAD
1000
S3D30_1778942977349
 10
219.95110403566136
 20
17.02046409897764
 30
39.537147625247
 11
214.64732484982136
 21
21.373163188037637
 31
39.537147625247
 12
214.64732484982136
 22
21.373163188037637
 32
69.537147625247
 13
214.64732484982136
 23
21.373163188037637
 33
69.537147625247
  0
3DFACE
  8
0
1001
WEBCAD
1000
S3D30_1778942977349
 10
219.95110403566136
 20
17.02046409897764
 30
39.537147625247
 11
214.64732484982136
 21
21.373163188037637
 31
69.537147625247
 12
219.95110403566136
 22
17.02046409897764
 32
69.537147625247
 13
219.95110403566136
 23
17.02046409897764
 33
69.537147625247
  0
3DFACE
  8
0
1001
WEBCAD
1000
S3D30_1778942977349
 10
219.95110403566136
 20
17.02046409897764
 30
39.537147625247
 11
219.95110403566136
 21
17.02046409897764
 31
69.537147625247
 12
224.30380312472136
 22
11.716684913134642
 32
69.537147625247
 13
224.30380312472136
 23
11.716684913134642
 33
69.537147625247
  0
3DFACE
  8
0
1001
WEBCAD
1000
S3D30_1778942977349
 10
224.30380312472136
 20
11.716684913134642
 30
39.537147625247
 11
219.95110403566136
 21
17.02046409897764
 31
39.537147625247
 12
224.30380312472136
 22
11.716684913134642
 32
69.537147625247
 13
224.30380312472136
 23
11.716684913134642
 33
69.537147625247
  0
3DFACE
  8
0
1001
WEBCAD
1000
S3D30_1778942977349
 10
224.30380312472136
 20
11.716684913134642
 30
39.537147625247
 11
224.30380312472136
 21
11.716684913134642
 31
69.537147625247
 12
227.53815033203136
 22
5.66564689022664
 32
69.537147625247
 13
227.53815033203136
 23
5.66564689022664
 33
69.537147625247
  0
3DFACE
  8
0
1001
WEBCAD
1000
S3D30_1778942977349
 10
227.53815033203136
 20
5.66564689022664
 30
39.537147625247
 11
224.30380312472136
 21
11.716684913134642
 31
39.537147625247
 12
227.53815033203136
 22
5.66564689022664
 32
69.537147625247
 13
227.53815033203136
 23
5.66564689022664
 33
69.537147625247
  0
3DFACE
  8
0
1001
WEBCAD
1000
S3D30_1778942977349
 10
229.52985150825134
 20
-0.9001119719863553
 30
39.537147625247
 11
227.53815033203136
 21
5.66564689022664
 31
39.537147625247
 12
227.53815033203136
 22
5.66564689022664
 32
69.537147625247
 13
227.53815033203136
 23
5.66564689022664
 33
69.537147625247
  0
3DFACE
  8
0
1001
WEBCAD
1000
S3D30_1778942977349
 10
229.52985150825134
 20
-0.9001119719863553
 30
39.537147625247
 11
227.53815033203136
 21
5.66564689022664
 31
69.537147625247
 12
229.52985150825134
 22
-0.9001119719863553
 32
69.537147625247
 13
229.52985150825134
 23
-0.9001119719863553
 33
69.537147625247
  0
3DFACE
  8
0
1001
WEBCAD
1000
S3D30_1778942977349
 10
229.52985150825134
 20
-0.9001119719863553
 30
39.537147625247
 11
229.52985150825134
 21
-0.9001119719863553
 31
69.537147625247
 12
230.20236669413134
 22
-7.72827324255136
 32
69.537147625247
 13
230.20236669413134
 23
-7.72827324255136
 33
69.537147625247
  0
3DFACE
  8
0
1001
WEBCAD
1000
S3D30_1778942977349
 10
230.20236669413134
 20
-7.72827324255136
 30
39.537147625247
 11
229.52985150825134
 21
-0.9001119719863553
 31
39.537147625247
 12
230.20236669413134
 22
-7.72827324255136
 32
69.537147625247
 13
230.20236669413134
 23
-7.72827324255136
 33
69.537147625247
  0
3DFACE
  8
0
1001
WEBCAD
1000
S3D30_1778942977349
 10
161.20236669413137
 20
-8.02956792460536
 30
69.537147625247
 11
161.20236669413137
 21
-37.17242506746336
 31
69.537147625247
 12
161.20236669413137
 22
-36.79970181397936
 32
69.108576196676
 13
161.20236669413137
 23
-36.79970181397936
 33
69.108576196676
  0
3DFACE
  8
0
1001
WEBCAD
1000
S3D30_1778942977349
 10
161.20236669413137
 20
-7.656844671122357
 30
69.108576196676
 11
161.20236669413137
 21
-8.02956792460536
 31
69.537147625247
 12
161.20236669413137
 22
-36.79970181397936
 32
69.108576196676
 13
161.20236669413137
 23
-36.79970181397936
 33
69.108576196676
  0
3DFACE
  8
0
1001
WEBCAD
1000
S3D30_1778942977349
 10
161.85566716042138
 20
-1.3964969760573567
 30
69.537147625247
 11
161.20236669413137
 21
-8.02956792460536
 31
69.537147625247
 12
161.20236669413137
 22
-7.656844671122357
 32
69.108576196676
 13
161.20236669413137
 23
-7.656844671122357
 33
69.108576196676
  0
3DFACE
  8
0
1001
WEBCAD
1000
S3D30_1778942977349
 10
161.85566716042138
 20
-1.0237737225743615
 30
69.108576196676
 11
161.85566716042138
 21
-1.3964969760573567
 31
69.537147625247
 12
161.20236669413137
 22
-7.656844671122357
 32
69.108576196676
 13
161.20236669413137
 23
-7.656844671122357
 33
69.108576196676
  0
3DFACE
  8
0
1001
WEBCAD
1000
S3D30_1778942977349
 10
163.79046258875135
 20
4.981668775807641
 30
69.537147625247
 11
161.85566716042138
 21
-1.3964969760573567
 31
69.537147625247
 12
161.85566716042138
 22
-1.0237737225743615
 32
69.108576196676
 13
161.85566716042138
 23
-1.0237737225743615
 33
69.108576196676
  0
3DFACE
  8
0
1001
WEBCAD
1000
S3D30_1778942977349
 10
163.79046258875135
 20
5.3543920292906435
 30
69.108576196676
 11
163.79046258875135
 21
4.981668775807641
 31
69.537147625247
 12
161.85566716042138
 22
-1.0237737225743615
 32
69.108576196676
 13
161.85566716042138
 23
-1.0237737225743615
 33
69.108576196676
  0
3DFACE
  8
0
1001
WEBCAD
1000
S3D30_1778942977349
 10
166.93239987585136
 20
10.859819998060644
 30
69.537147625247
 11
163.79046258875135
 21
4.981668775807641
 31
69.537147625247
 12
163.79046258875135
 22
5.3543920292906435
 32
69.108576196676
 13
163.79046258875135
 23
5.3543920292906435
 33
69.108576196676
  0
3DFACE
  8
0
1001
WEBCAD
1000
S3D30_1778942977349
 10
166.93239987585136
 20
11.232543251543639
 30
69.108576196676
 11
166.93239987585136
 21
10.859819998060644
 31
69.537147625247
 12
163.79046258875135
 22
5.3543920292906435
 32
69.108576196676
 13
163.79046258875135
 23
5.3543920292906435
 33
69.108576196676
  0
3DFACE
  8
0
1001
WEBCAD
1000
S3D30_1778942977349
 10
171.16073613379137
 20
16.01206263573664
 30
69.537147625247
 11
166.93239987585136
 21
10.859819998060644
 31
69.537147625247
 12
166.93239987585136
 22
11.232543251543639
 32
69.108576196676
 13
166.93239987585136
 23
11.232543251543639
 33
69.108576196676
  0
3DFACE
  8
0
1001
WEBCAD
1000
S3D30_1778942977349
 10
171.16073613379137
 20
16.384785889219643
 30
69.108576196676
 11
171.16073613379137
 21
16.01206263573664
 31
69.537147625247
 12
166.93239987585136
 22
11.232543251543639
 32
69.108576196676
 13
166.93239987585136
 23
11.232543251543639
 33
69.108576196676
  0
3DFACE
  8
0
1001
WEBCAD
1000
S3D30_1778942977349
 10
176.31297877147136
 20
20.240398893680634
 30
69.537147625247
 11
171.16073613379137
 21
16.01206263573664
 31
69.537147625247
 12
171.16073613379137
 22
16.384785889219643
 32
69.108576196676
 13
171.16073613379137
 23
16.384785889219643
 33
69.108576196676
  0
3DFACE
  8
0
1001
WEBCAD
1000
S3D30_1778942977349
 10
176.31297877147136
 20
20.613122147163637
 30
69.108576196676
 11
176.31297877147136
 21
20.240398893680634
 31
69.537147625247
 12
171.16073613379137
 22
16.384785889219643
 32
69.108576196676
 13
171.16073613379137
 23
16.384785889219643
 33
69.108576196676
  0
3DFACE
  8
0
1001
WEBCAD
1000
S3D30_1778942977349
 10
182.19112999372138
 20
23.382336180777642
 30
69.537147625247
 11
176.31297877147136
 21
20.240398893680634
 31
69.537147625247
 12
176.31297877147136
 22
20.613122147163637
 32
69.108576196676
 13
176.31297877147136
 23
20.613122147163637
 33
69.108576196676
  0
3DFACE
  8
0
1001
WEBCAD
1000
S3D30_1778942977349
 10
182.19112999372138
 20
23.75505943426164
 30
69.108576196676
 11
182.19112999372138
 21
23.382336180777642
 31
69.537147625247
 12
176.31297877147136
 22
20.613122147163637
 32
69.108576196676
 13
176.31297877147136
 23
20.613122147163637
 33
69.108576196676
  0
3DFACE
  8
0
1001
WEBCAD
1000
S3D30_1778942977349
 10
188.56929574558137
 20
25.31713160910364
 30
69.537147625247
 11
182.19112999372138
 21
23.382336180777642
 31
69.537147625247
 12
182.19112999372138
 22
23.75505943426164
 32
69.108576196676
 13
182.19112999372138
 23
23.75505943426164
 33
69.108576196676
  0
3DFACE
  8
0
1001
WEBCAD
1000
S3D30_1778942977349
 10
188.56929574558137
 20
25.689854862587637
 30
69.108576196676
 11
188.56929574558137
 21
25.31713160910364
 31
69.537147625247
 12
182.19112999372138
 22
23.75505943426164
 32
69.108576196676
 13
182.19112999372138
 23
23.75505943426164
 33
69.108576196676
  0
3DFACE
  8
0
1001
WEBCAD
1000
S3D30_1778942977349
 10
195.20236669413137
 20
25.97043207539464
 30
69.537147625247
 11
188.56929574558137
 21
25.31713160910364
 31
69.537147625247
 12
188.56929574558137
 22
25.689854862587637
 32
69.108576196676
 13
188.56929574558137
 23
25.689854862587637
 33
69.108576196676
  0
3DFACE
  8
0
1001
WEBCAD
1000
S3D30_1778942977349
 10
195.20236669413137
 20
26.343155328877643
 30
69.108576196676
 11
195.20236669413137
 21
25.97043207539464
 31
69.537147625247
 12
188.56929574558137
 22
25.689854862587637
 32
69.108576196676
 13
188.56929574558137
 23
25.689854862587637
 33
69.108576196676
  0
3DFACE
  8
0
1001
WEBCAD
1000
S3D30_1778942977349
 10
201.83543764268137
 20
25.689854862587637
 30
69.108576196676
 11
195.20236669413137
 21
25.97043207539464
 31
69.537147625247
 12
195.20236669413137
 22
26.343155328877643
 32
69.108576196676
 13
195.20236669413137
 23
26.343155328877643
 33
69.108576196676
  0
3DFACE
  8
0
1001
WEBCAD
1000
S3D30_1778942977349
 10
201.83543764268137
 20
25.689854862587637
 30
69.108576196676
 11
201.83543764268137
 21
25.31713160910364
 31
69.537147625247
 12
195.20236669413137
 22
25.97043207539464
 32
69.537147625247
 13
195.20236669413137
 23
25.97043207539464
 33
69.537147625247
  0
3DFACE
  8
0
1001
WEBCAD
1000
S3D30_1778942977349
 10
208.21360339455137
 20
23.75505943426164
 30
69.108576196676
 11
201.83543764268137
 21
25.31713160910364
 31
69.537147625247
 12
201.83543764268137
 22
25.689854862587637
 32
69.108576196676
 13
201.83543764268137
 23
25.689854862587637
 33
69.108576196676
  0
3DFACE
  8
0
1001
WEBCAD
1000
S3D30_1778942977349
 10
208.21360339455137
 20
23.75505943426164
 30
69.108576196676
 11
208.21360339455137
 21
23.382336180777642
 31
69.537147625247
 12
201.83543764268137
 22
25.31713160910364
 32
69.537147625247
 13
201.83543764268137
 23
25.31713160910364
 33
69.537147625247
  0
3DFACE
  8
0
1001
WEBCAD
1000
S3D30_1778942977349
 10
214.09175461680135
 20
20.613122147163637
 30
69.108576196676
 11
208.21360339455137
 21
23.382336180777642
 31
69.537147625247
 12
208.21360339455137
 22
23.75505943426164
 32
69.108576196676
 13
208.21360339455137
 23
23.75505943426164
 33
69.108576196676
  0
3DFACE
  8
0
1001
WEBCAD
1000
S3D30_1778942977349
 10
214.09175461680135
 20
20.613122147163637
 30
69.108576196676
 11
214.09175461680135
 21
20.240398893680634
 31
69.537147625247
 12
208.21360339455137
 22
23.382336180777642
 32
69.537147625247
 13
208.21360339455137
 23
23.382336180777642
 33
69.537147625247
  0
3DFACE
  8
0
1001
WEBCAD
1000
S3D30_1778942977349
 10
219.24399725448137
 20
16.384785889219643
 30
69.108576196676
 11
214.09175461680135
 21
20.240398893680634
 31
69.537147625247
 12
214.09175461680135
 22
20.613122147163637
 32
69.108576196676
 13
214.09175461680135
 23
20.613122147163637
 33
69.108576196676
  0
3DFACE
  8
0
1001
WEBCAD
1000
S3D30_1778942977349
 10
219.24399725448137
 20
16.384785889219643
 30
69.108576196676
 11
219.24399725448137
 21
16.01206263573664
 31
69.537147625247
 12
214.09175461680135
 22
20.240398893680634
 32
69.537147625247
 13
214.09175461680135
 23
20.240398893680634
 33
69.537147625247
  0
3DFACE
  8
0
1001
WEBCAD
1000
S3D30_1778942977349
 10
223.47233351242136
 20
11.232543251543639
 30
69.108576196676
 11
219.24399725448137
 21
16.01206263573664
 31
69.537147625247
 12
219.24399725448137
 22
16.384785889219643
 32
69.108576196676
 13
219.24399725448137
 23
16.384785889219643
 33
69.108576196676
  0
3DFACE
  8
0
1001
WEBCAD
1000
S3D30_1778942977349
 10
223.47233351242136
 20
11.232543251543639
 30
69.108576196676
 11
223.47233351242136
 21
10.859819998060644
 31
69.537147625247
 12
219.24399725448137
 22
16.01206263573664
 32
69.537147625247
 13
219.24399725448137
 23
16.01206263573664
 33
69.537147625247
  0
3DFACE
  8
0
1001
WEBCAD
1000
S3D30_1778942977349
 10
226.61427079952136
 20
5.3543920292906435
 30
69.108576196676
 11
223.47233351242136
 21
10.859819998060644
 31
69.537147625247
 12
223.47233351242136
 22
11.232543251543639
 32
69.108576196676
 13
223.47233351242136
 23
11.232543251543639
 33
69.108576196676
  0
3DFACE
  8
0
1001
WEBCAD
1000
S3D30_1778942977349
 10
226.61427079952136
 20
5.3543920292906435
 30
69.108576196676
 11
226.61427079952136
 21
4.981668775807641
 31
69.537147625247
 12
223.47233351242136
 22
10.859819998060644
 32
69.537147625247
 13
223.47233351242136
 23
10.859819998060644
 33
69.537147625247
  0
3DFACE
  8
0
1001
WEBCAD
1000
S3D30_1778942977349
 10
228.54906622784137
 20
-1.0237737225743615
 30
69.108576196676
 11
226.61427079952136
 21
4.981668775807641
 31
69.537147625247
 12
226.61427079952136
 22
5.3543920292906435
 32
69.108576196676
 13
226.61427079952136
 23
5.3543920292906435
 33
69.108576196676
  0
3DFACE
  8
0
1001
WEBCAD
1000
S3D30_1778942977349
 10
228.54906622784137
 20
-1.0237737225743615
 30
69.108576196676
 11
228.54906622784137
 21
-1.3964969760573567
 31
69.537147625247
 12
226.61427079952136
 22
4.981668775807641
 32
69.537147625247
 13
226.61427079952136
 23
4.981668775807641
 33
69.537147625247
  0
3DFACE
  8
0
1001
WEBCAD
1000
S3D30_1778942977349
 10
229.20236669413134
 20
-7.656844671122357
 30
69.108576196676
 11
228.54906622784137
 21
-1.3964969760573567
 31
69.537147625247
 12
228.54906622784137
 22
-1.0237737225743615
 32
69.108576196676
 13
228.54906622784137
 23
-1.0237737225743615
 33
69.108576196676
  0
3DFACE
  8
0
1001
WEBCAD
1000
S3D30_1778942977349
 10
229.20236669413134
 20
-7.656844671122357
 30
69.108576196676
 11
229.20236669413134
 21
-8.02956792460536
 31
69.537147625247
 12
228.54906622784137
 22
-1.3964969760573567
 32
69.537147625247
 13
228.54906622784137
 23
-1.3964969760573567
 33
69.537147625247
  0
3DFACE
  8
0
1001
WEBCAD
1000
S3D30_1778942977349
 10
229.20236669413134
 20
-36.79970181397936
 30
69.108576196676
 11
229.20236669413134
 21
-37.17242506746336
 31
69.537147625247
 12
229.20236669413134
 22
-8.02956792460536
 32
69.537147625247
 13
229.20236669413134
 23
-8.02956792460536
 33
69.537147625247
  0
3DFACE
  8
0
1001
WEBCAD
1000
S3D30_1778942977349
 10
229.20236669413134
 20
-36.79970181397936
 30
69.108576196676
 11
229.20236669413134
 21
-8.02956792460536
 31
69.537147625247
 12
229.20236669413134
 22
-7.656844671122357
 32
69.108576196676
 13
229.20236669413134
 23
-7.656844671122357
 33
69.108576196676
  0
3DFACE
  8
0
1001
WEBCAD
1000
S3D30_1778942977349
 10
161.20236669413137
 20
-36.79970181397936
 30
69.108576196676
 11
229.20236669413134
 21
-37.17242506746336
 31
69.537147625247
 12
229.20236669413134
 22
-36.79970181397936
 32
69.108576196676
 13
229.20236669413134
 23
-36.79970181397936
 33
69.108576196676
  0
3DFACE
  8
0
1001
WEBCAD
1000
S3D30_1778942977349
 10
161.20236669413137
 20
-36.79970181397936
 30
69.108576196676
 11
161.20236669413137
 21
-37.17242506746336
 31
69.537147625247
 12
229.20236669413134
 22
-37.17242506746336
 32
69.537147625247
 13
229.20236669413134
 23
-37.17242506746336
 33
69.537147625247
  0
3DFACE
  8
0
1001
WEBCAD
1000
S3D30_1778942977349
 10
161.20236669413137
 20
-7.656844671122357
 30
69.108576196676
 11
161.20236669413137
 21
-36.79970181397936
 31
69.108576196676
 12
161.20236669413137
 22
-36.42697856049636
 32
68.680004768104
 13
161.20236669413137
 23
-36.42697856049636
 33
68.680004768104
  0
3DFACE
  8
0
1001
WEBCAD
1000
S3D30_1778942977349
 10
161.20236669413137
 20
-7.656844671122357
 30
68.680004768104
 11
161.20236669413137
 21
-7.656844671122357
 31
69.108576196676
 12
161.20236669413137
 22
-36.42697856049636
 32
68.680004768104
 13
161.20236669413137
 23
-36.42697856049636
 33
68.680004768104
  0
3DFACE
  8
0
1001
WEBCAD
1000
S3D30_1778942977349
 10
161.85566716042138
 20
-1.0237737225743615
 30
69.108576196676
 11
161.20236669413137
 21
-7.656844671122357
 31
69.108576196676
 12
161.20236669413137
 22
-7.284121417639362
 32
68.680004768104
 13
161.20236669413137
 23
-7.284121417639362
 33
68.680004768104
  0
3DFACE
  8
0
1001
WEBCAD
1000
S3D30_1778942977349
 10
161.85566716042138
 20
-0.6510504690913592
 30
68.680004768104
 11
161.85566716042138
 21
-1.0237737225743615
 31
69.108576196676
 12
161.20236669413137
 22
-7.284121417639362
 32
68.680004768104
 13
161.20236669413137
 23
-7.284121417639362
 33
68.680004768104
  0
3DFACE
  8
0
1001
WEBCAD
1000
S3D30_1778942977349
 10
163.79046258875135
 20
5.3543920292906435
 30
69.108576196676
 11
161.85566716042138
 21
-1.0237737225743615
 31
69.108576196676
 12
161.85566716042138
 22
-0.6510504690913592
 32
68.680004768104
 13
161.85566716042138
 23
-0.6510504690913592
 33
68.680004768104
  0
3DFACE
  8
0
1001
WEBCAD
1000
S3D30_1778942977349
 10
163.79046258875135
 20
5.727115282773639
 30
68.680004768104
 11
163.79046258875135
 21
5.3543920292906435
 31
69.108576196676
 12
161.85566716042138
 22
-0.6510504690913592
 32
68.680004768104
 13
161.85566716042138
 23
-0.6510504690913592
 33
68.680004768104
  0
3DFACE
  8
0
1001
WEBCAD
1000
S3D30_1778942977349
 10
166.93239987585136
 20
11.232543251543639
 30
69.108576196676
 11
163.79046258875135
 21
5.3543920292906435
 31
69.108576196676
 12
163.79046258875135
 22
5.727115282773639
 32
68.680004768104
 13
163.79046258875135
 23
5.727115282773639
 33
68.680004768104
  0
3DFACE
  8
0
1001
WEBCAD
1000
S3D30_1778942977349
 10
166.93239987585136
 20
11.605266505026641
 30
68.680004768104
 11
166.93239987585136
 21
11.232543251543639
 31
69.108576196676
 12
163.79046258875135
 22
5.727115282773639
 32
68.680004768104
 13
163.79046258875135
 23
5.727115282773639
 33
68.680004768104
  0
3DFACE
  8
0
1001
WEBCAD
1000
S3D30_1778942977349
 10
171.16073613379137
 20
16.384785889219643
 30
69.108576196676
 11
166.93239987585136
 21
11.232543251543639
 31
69.108576196676
 12
166.93239987585136
 22
11.605266505026641
 32
68.680004768104
 13
166.93239987585136
 23
11.605266505026641
 33
68.680004768104
  0
3DFACE
  8
0
1001
WEBCAD
1000
S3D30_1778942977349
 10
171.16073613379137
 20
16.75750914270364
 30
68.680004768104
 11
171.16073613379137
 21
16.384785889219643
 31
69.108576196676
 12
166.93239987585136
 22
11.605266505026641
 32
68.680004768104
 13
166.93239987585136
 23
11.605266505026641
 33
68.680004768104
  0
3DFACE
  8
0
1001
WEBCAD
1000
S3D30_1778942977349
 10
176.31297877147136
 20
20.613122147163637
 30
69.108576196676
 11
171.16073613379137
 21
16.384785889219643
 31
69.108576196676
 12
171.16073613379137
 22
16.75750914270364
 32
68.680004768104
 13
171.16073613379137
 23
16.75750914270364
 33
68.680004768104
  0
3DFACE
  8
0
1001
WEBCAD
1000
S3D30_1778942977349
 10
176.31297877147136
 20
20.985845400647648
 30
68.680004768104
 11
176.31297877147136
 21
20.613122147163637
 31
69.108576196676
 12
171.16073613379137
 22
16.75750914270364
 32
68.680004768104
 13
171.16073613379137
 23
16.75750914270364
 33
68.680004768104
  0
3DFACE
  8
0
1001
WEBCAD
1000
S3D30_1778942977349
 10
182.19112999372138
 20
23.75505943426164
 30
69.108576196676
 11
176.31297877147136
 21
20.613122147163637
 31
69.108576196676
 12
176.31297877147136
 22
20.985845400647648
 32
68.680004768104
 13
176.31297877147136
 23
20.985845400647648
 33
68.680004768104
  0
3DFACE
  8
0
1001
WEBCAD
1000
S3D30_1778942977349
 10
182.19112999372138
 20
24.12778268774464
 30
68.680004768104
 11
182.19112999372138
 21
23.75505943426164
 31
69.108576196676
 12
176.31297877147136
 22
20.985845400647648
 32
68.680004768104
 13
176.31297877147136
 23
20.985845400647648
 33
68.680004768104
  0
3DFACE
  8
0
1001
WEBCAD
1000
S3D30_1778942977349
 10
188.56929574558137
 20
25.689854862587637
 30
69.108576196676
 11
182.19112999372138
 21
23.75505943426164
 31
69.108576196676
 12
182.19112999372138
 22
24.12778268774464
 32
68.680004768104
 13
182.19112999372138
 23
24.12778268774464
 33
68.680004768104
  0
3DFACE
  8
0
1001
WEBCAD
1000
S3D30_1778942977349
 10
188.56929574558137
 20
26.06257811607064
 30
68.680004768104
 11
188.56929574558137
 21
25.689854862587637
 31
69.108576196676
 12
182.19112999372138
 22
24.12778268774464
 32
68.680004768104
 13
182.19112999372138
 23
24.12778268774464
 33
68.680004768104
  0
3DFACE
  8
0
1001
WEBCAD
1000
S3D30_1778942977349
 10
195.20236669413137
 20
26.343155328877643
 30
69.108576196676
 11
188.56929574558137
 21
25.689854862587637
 31
69.108576196676
 12
188.56929574558137
 22
26.06257811607064
 32
68.680004768104
 13
188.56929574558137
 23
26.06257811607064
 33
68.680004768104
  0
3DFACE
  8
0
1001
WEBCAD
1000
S3D30_1778942977349
 10
195.20236669413137
 20
26.715878582360645
 30
68.680004768104
 11
195.20236669413137
 21
26.343155328877643
 31
69.108576196676
 12
188.56929574558137
 22
26.06257811607064
 32
68.680004768104
 13
188.56929574558137
 23
26.06257811607064
 33
68.680004768104
  0
3DFACE
  8
0
1001
WEBCAD
1000
S3D30_1778942977349
 10
201.83543764268137
 20
26.06257811607064
 30
68.680004768104
 11
195.20236669413137
 21
26.343155328877643
 31
69.108576196676
 12
195.20236669413137
 22
26.715878582360645
 32
68.680004768104
 13
195.20236669413137
 23
26.715878582360645
 33
68.680004768104
  0
3DFACE
  8
0
1001
WEBCAD
1000
S3D30_1778942977349
 10
201.83543764268137
 20
26.06257811607064
 30
68.680004768104
 11
201.83543764268137
 21
25.689854862587637
 31
69.108576196676
 12
195.20236669413137
 22
26.343155328877643
 32
69.108576196676
 13
195.20236669413137
 23
26.343155328877643
 33
69.108576196676
  0
3DFACE
  8
0
1001
WEBCAD
1000
S3D30_1778942977349
 10
208.21360339455137
 20
24.12778268774464
 30
68.680004768104
 11
201.83543764268137
 21
25.689854862587637
 31
69.108576196676
 12
201.83543764268137
 22
26.06257811607064
 32
68.680004768104
 13
201.83543764268137
 23
26.06257811607064
 33
68.680004768104
  0
3DFACE
  8
0
1001
WEBCAD
1000
S3D30_1778942977349
 10
208.21360339455137
 20
24.12778268774464
 30
68.680004768104
 11
208.21360339455137
 21
23.75505943426164
 31
69.108576196676
 12
201.83543764268137
 22
25.689854862587637
 32
69.108576196676
 13
201.83543764268137
 23
25.689854862587637
 33
69.108576196676
  0
3DFACE
  8
0
1001
WEBCAD
1000
S3D30_1778942977349
 10
214.09175461680135
 20
20.985845400647648
 30
68.680004768104
 11
208.21360339455137
 21
23.75505943426164
 31
69.108576196676
 12
208.21360339455137
 22
24.12778268774464
 32
68.680004768104
 13
208.21360339455137
 23
24.12778268774464
 33
68.680004768104
  0
3DFACE
  8
0
1001
WEBCAD
1000
S3D30_1778942977349
 10
214.09175461680135
 20
20.985845400647648
 30
68.680004768104
 11
214.09175461680135
 21
20.613122147163637
 31
69.108576196676
 12
208.21360339455137
 22
23.75505943426164
 32
69.108576196676
 13
208.21360339455137
 23
23.75505943426164
 33
69.108576196676
  0
3DFACE
  8
0
1001
WEBCAD
1000
S3D30_1778942977349
 10
219.24399725448137
 20
16.75750914270364
 30
68.680004768104
 11
214.09175461680135
 21
20.613122147163637
 31
69.108576196676
 12
214.09175461680135
 22
20.985845400647648
 32
68.680004768104
 13
214.09175461680135
 23
20.985845400647648
 33
68.680004768104
  0
3DFACE
  8
0
1001
WEBCAD
1000
S3D30_1778942977349
 10
219.24399725448137
 20
16.75750914270364
 30
68.680004768104
 11
219.24399725448137
 21
16.384785889219643
 31
69.108576196676
 12
214.09175461680135
 22
20.613122147163637
 32
69.108576196676
 13
214.09175461680135
 23
20.613122147163637
 33
69.108576196676
  0
3DFACE
  8
0
1001
WEBCAD
1000
S3D30_1778942977349
 10
223.47233351242136
 20
11.605266505026641
 30
68.680004768104
 11
219.24399725448137
 21
16.384785889219643
 31
69.108576196676
 12
219.24399725448137
 22
16.75750914270364
 32
68.680004768104
 13
219.24399725448137
 23
16.75750914270364
 33
68.680004768104
  0
3DFACE
  8
0
1001
WEBCAD
1000
S3D30_1778942977349
 10
223.47233351242136
 20
11.605266505026641
 30
68.680004768104
 11
223.47233351242136
 21
11.232543251543639
 31
69.108576196676
 12
219.24399725448137
 22
16.384785889219643
 32
69.108576196676
 13
219.24399725448137
 23
16.384785889219643
 33
69.108576196676
  0
3DFACE
  8
0
1001
WEBCAD
1000
S3D30_1778942977349
 10
226.61427079952136
 20
5.727115282773639
 30
68.680004768104
 11
223.47233351242136
 21
11.232543251543639
 31
69.108576196676
 12
223.47233351242136
 22
11.605266505026641
 32
68.680004768104
 13
223.47233351242136
 23
11.605266505026641
 33
68.680004768104
  0
3DFACE
  8
0
1001
WEBCAD
1000
S3D30_1778942977349
 10
226.61427079952136
 20
5.727115282773639
 30
68.680004768104
 11
226.61427079952136
 21
5.3543920292906435
 31
69.108576196676
 12
223.47233351242136
 22
11.232543251543639
 32
69.108576196676
 13
223.47233351242136
 23
11.232543251543639
 33
69.108576196676
  0
3DFACE
  8
0
1001
WEBCAD
1000
S3D30_1778942977349
 10
228.54906622784137
 20
-0.6510504690913592
 30
68.680004768104
 11
226.61427079952136
 21
5.3543920292906435
 31
69.108576196676
 12
226.61427079952136
 22
5.727115282773639
 32
68.680004768104
 13
226.61427079952136
 23
5.727115282773639
 33
68.680004768104
  0
3DFACE
  8
0
1001
WEBCAD
1000
S3D30_1778942977349
 10
228.54906622784137
 20
-0.6510504690913592
 30
68.680004768104
 11
228.54906622784137
 21
-1.0237737225743615
 31
69.108576196676
 12
226.61427079952136
 22
5.3543920292906435
 32
69.108576196676
 13
226.61427079952136
 23
5.3543920292906435
 33
69.108576196676
  0
3DFACE
  8
0
1001
WEBCAD
1000
S3D30_1778942977349
 10
229.20236669413134
 20
-7.284121417639362
 30
68.680004768104
 11
228.54906622784137
 21
-1.0237737225743615
 31
69.108576196676
 12
228.54906622784137
 22
-0.6510504690913592
 32
68.680004768104
 13
228.54906622784137
 23
-0.6510504690913592
 33
68.680004768104
  0
3DFACE
  8
0
1001
WEBCAD
1000
S3D30_1778942977349
 10
229.20236669413134
 20
-7.284121417639362
 30
68.680004768104
 11
229.20236669413134
 21
-7.656844671122357
 31
69.108576196676
 12
228.54906622784137
 22
-1.0237737225743615
 32
69.108576196676
 13
228.54906622784137
 23
-1.0237737225743615
 33
69.108576196676
  0
3DFACE
  8
0
1001
WEBCAD
1000
S3D30_1778942977349
 10
229.20236669413134
 20
-36.42697856049636
 30
68.680004768104
 11
229.20236669413134
 21
-7.656844671122357
 31
69.108576196676
 12
229.20236669413134
 22
-7.656844671122357
 32
68.680004768104
 13
229.20236669413134
 23
-7.656844671122357
 33
68.680004768104
  0
3DFACE
  8
0
1001
WEBCAD
1000
S3D30_1778942977349
 10
229.20236669413134
 20
-36.42697856049636
 30
68.680004768104
 11
229.20236669413134
 21
-36.79970181397936
 31
69.108576196676
 12
229.20236669413134
 22
-7.656844671122357
 32
69.108576196676
 13
229.20236669413134
 23
-7.656844671122357
 33
69.108576196676
  0
3DFACE
  8
0
1001
WEBCAD
1000
S3D30_1778942977349
 10
161.20236669413137
 20
-36.79970181397936
 30
39.965719053818
 11
229.20236669413134
 21
-36.79970181397936
 31
69.108576196676
 12
229.20236669413134
 22
-36.79970181397936
 32
39.965719053818
 13
229.20236669413134
 23
-36.79970181397936
 33
39.965719053818
  0
3DFACE
  8
0
1001
WEBCAD
1000
S3D30_1778942977349
 10
161.20236669413137
 20
-36.79970181397936
 30
39.965719053818
 11
161.20236669413137
 21
-36.79970181397936
 31
69.108576196676
 12
229.20236669413134
 22
-36.79970181397936
 32
69.108576196676
 13
229.20236669413134
 23
-36.79970181397936
 33
69.108576196676
  0
3DFACE
  8
0
1001
WEBCAD
1000
S3D30_1778942977349
 10
161.20236669413137
 20
-36.79970181397936
 30
39.965719053818
 11
161.20236669413137
 21
-36.42697856049636
 31
68.680004768104
 12
161.20236669413137
 22
-36.79970181397936
 32
69.108576196676
 13
161.20236669413137
 23
-36.79970181397936
 33
69.108576196676
  0
3DFACE
  8
0
1001
WEBCAD
1000
S3D30_1778942977349
 10
161.20236669413137
 20
-7.656844671122357
 30
39.965719053818
 11
161.20236669413137
 21
-7.656844671122357
 31
68.680004768104
 12
161.20236669413137
 22
-36.42697856049636
 32
68.680004768104
 13
161.20236669413137
 23
-36.42697856049636
 33
68.680004768104
  0
3DFACE
  8
0
1001
WEBCAD
1000
S3D30_1778942977349
 10
161.20236669413137
 20
-7.656844671122357
 30
39.965719053818
 11
161.20236669413137
 21
-36.42697856049636
 31
68.680004768104
 12
161.20236669413137
 22
-36.79970181397936
 32
39.965719053818
 13
161.20236669413137
 23
-36.79970181397936
 33
39.965719053818
  0
3DFACE
  8
0
1001
WEBCAD
1000
S3D30_1778942977349
 10
161.20236669413137
 20
-7.284121417639362
 30
68.680004768104
 11
161.20236669413137
 21
-7.656844671122357
 31
69.108576196676
 12
161.20236669413137
 22
-7.656844671122357
 32
68.680004768104
 13
161.20236669413137
 23
-7.656844671122357
 33
68.680004768104
  0
3DFACE
  8
0
1001
WEBCAD
1000
S3D30_1778942977349
 10
228.54906622784137
 20
-1.0237737225743615
 30
68.680004768104
 11
229.20236669413134
 21
-7.656844671122357
 31
68.680004768104
 12
229.20236669413134
 22
-7.284121417639362
 32
68.680004768104
 13
229.20236669413134
 23
-7.284121417639362
 33
68.680004768104
  0
3DFACE
  8
0
1001
WEBCAD
1000
S3D30_1778942977349
 10
228.54906622784137
 20
-0.6510504690913592
 30
68.680004768104
 11
228.54906622784137
 21
-1.0237737225743615
 31
68.680004768104
 12
229.20236669413134
 22
-7.284121417639362
 32
68.680004768104
 13
229.20236669413134
 23
-7.284121417639362
 33
68.680004768104
  0
3DFACE
  8
0
1001
WEBCAD
1000
S3D30_1778942977349
 10
226.61427079952136
 20
5.3543920292906435
 30
68.680004768104
 11
228.54906622784137
 21
-1.0237737225743615
 31
68.680004768104
 12
228.54906622784137
 22
-0.6510504690913592
 32
68.680004768104
 13
228.54906622784137
 23
-0.6510504690913592
 33
68.680004768104
  0
3DFACE
  8
0
1001
WEBCAD
1000
S3D30_1778942977349
 10
226.61427079952136
 20
5.727115282773639
 30
68.680004768104
 11
226.61427079952136
 21
5.3543920292906435
 31
68.680004768104
 12
228.54906622784137
 22
-0.6510504690913592
 32
68.680004768104
 13
228.54906622784137
 23
-0.6510504690913592
 33
68.680004768104
  0
3DFACE
  8
0
1001
WEBCAD
1000
S3D30_1778942977349
 10
223.47233351242136
 20
11.232543251543639
 30
68.680004768104
 11
226.61427079952136
 21
5.3543920292906435
 31
68.680004768104
 12
226.61427079952136
 22
5.727115282773639
 32
68.680004768104
 13
226.61427079952136
 23
5.727115282773639
 33
68.680004768104
  0
3DFACE
  8
0
1001
WEBCAD
1000
S3D30_1778942977349
 10
223.47233351242136
 20
11.605266505026641
 30
68.680004768104
 11
223.47233351242136
 21
11.232543251543639
 31
68.680004768104
 12
226.61427079952136
 22
5.727115282773639
 32
68.680004768104
 13
226.61427079952136
 23
5.727115282773639
 33
68.680004768104
  0
3DFACE
  8
0
1001
WEBCAD
1000
S3D30_1778942977349
 10
219.24399725448137
 20
16.384785889219643
 30
68.680004768104
 11
223.47233351242136
 21
11.232543251543639
 31
68.680004768104
 12
223.47233351242136
 22
11.605266505026641
 32
68.680004768104
 13
223.47233351242136
 23
11.605266505026641
 33
68.680004768104
  0
3DFACE
  8
0
1001
WEBCAD
1000
S3D30_1778942977349
 10
219.24399725448137
 20
16.75750914270364
 30
68.680004768104
 11
219.24399725448137
 21
16.384785889219643
 31
68.680004768104
 12
223.47233351242136
 22
11.605266505026641
 32
68.680004768104
 13
223.47233351242136
 23
11.605266505026641
 33
68.680004768104
  0
3DFACE
  8
0
1001
WEBCAD
1000
S3D30_1778942977349
 10
214.09175461680135
 20
20.613122147163637
 30
68.680004768104
 11
219.24399725448137
 21
16.384785889219643
 31
68.680004768104
 12
219.24399725448137
 22
16.75750914270364
 32
68.680004768104
 13
219.24399725448137
 23
16.75750914270364
 33
68.680004768104
  0
3DFACE
  8
0
1001
WEBCAD
1000
S3D30_1778942977349
 10
214.09175461680135
 20
20.985845400647648
 30
68.680004768104
 11
214.09175461680135
 21
20.613122147163637
 31
68.680004768104
 12
219.24399725448137
 22
16.75750914270364
 32
68.680004768104
 13
219.24399725448137
 23
16.75750914270364
 33
68.680004768104
  0
3DFACE
  8
0
1001
WEBCAD
1000
S3D30_1778942977349
 10
208.21360339455137
 20
23.75505943426164
 30
68.680004768104
 11
214.09175461680135
 21
20.613122147163637
 31
68.680004768104
 12
214.09175461680135
 22
20.985845400647648
 32
68.680004768104
 13
214.09175461680135
 23
20.985845400647648
 33
68.680004768104
  0
3DFACE
  8
0
1001
WEBCAD
1000
S3D30_1778942977349
 10
208.21360339455137
 20
24.12778268774464
 30
68.680004768104
 11
208.21360339455137
 21
23.75505943426164
 31
68.680004768104
 12
214.09175461680135
 22
20.985845400647648
 32
68.680004768104
 13
214.09175461680135
 23
20.985845400647648
 33
68.680004768104
  0
3DFACE
  8
0
1001
WEBCAD
1000
S3D30_1778942977349
 10
201.83543764268137
 20
25.689854862587637
 30
68.680004768104
 11
208.21360339455137
 21
23.75505943426164
 31
68.680004768104
 12
208.21360339455137
 22
24.12778268774464
 32
68.680004768104
 13
208.21360339455137
 23
24.12778268774464
 33
68.680004768104
  0
3DFACE
  8
0
1001
WEBCAD
1000
S3D30_1778942977349
 10
201.83543764268137
 20
26.06257811607064
 30
68.680004768104
 11
201.83543764268137
 21
25.689854862587637
 31
68.680004768104
 12
208.21360339455137
 22
24.12778268774464
 32
68.680004768104
 13
208.21360339455137
 23
24.12778268774464
 33
68.680004768104
  0
3DFACE
  8
0
1001
WEBCAD
1000
S3D30_1778942977349
 10
195.20236669413137
 20
26.343155328877643
 30
68.680004768104
 11
201.83543764268137
 21
25.689854862587637
 31
68.680004768104
 12
201.83543764268137
 22
26.06257811607064
 32
68.680004768104
 13
201.83543764268137
 23
26.06257811607064
 33
68.680004768104
  0
3DFACE
  8
0
1001
WEBCAD
1000
S3D30_1778942977349
 10
195.20236669413137
 20
26.715878582360645
 30
68.680004768104
 11
195.20236669413137
 21
26.343155328877643
 31
68.680004768104
 12
201.83543764268137
 22
26.06257811607064
 32
68.680004768104
 13
201.83543764268137
 23
26.06257811607064
 33
68.680004768104
  0
3DFACE
  8
0
1001
WEBCAD
1000
S3D30_1778942977349
 10
161.85566716042138
 20
-1.0237737225743615
 30
68.680004768104
 11
161.20236669413137
 21
-7.284121417639362
 31
68.680004768104
 12
161.20236669413137
 22
-7.656844671122357
 32
68.680004768104
 13
161.20236669413137
 23
-7.656844671122357
 33
68.680004768104
  0
3DFACE
  8
0
1001
WEBCAD
1000
S3D30_1778942977349
 10
161.85566716042138
 20
-0.6510504690913592
 30
68.680004768104
 11
161.20236669413137
 21
-7.284121417639362
 31
68.680004768104
 12
161.85566716042138
 22
-1.0237737225743615
 32
68.680004768104
 13
161.85566716042138
 23
-1.0237737225743615
 33
68.680004768104
  0
3DFACE
  8
0
1001
WEBCAD
1000
S3D30_1778942977349
 10
188.56929574558137
 20
26.06257811607064
 30
68.680004768104
 11
188.56929574558137
 21
25.689854862587637
 31
68.680004768104
 12
195.20236669413137
 22
26.343155328877643
 32
68.680004768104
 13
195.20236669413137
 23
26.343155328877643
 33
68.680004768104
  0
3DFACE
  8
0
1001
WEBCAD
1000
S3D30_1778942977349
 10
188.56929574558137
 20
26.06257811607064
 30
68.680004768104
 11
195.20236669413137
 21
26.343155328877643
 31
68.680004768104
 12
195.20236669413137
 22
26.715878582360645
 32
68.680004768104
 13
195.20236669413137
 23
26.715878582360645
 33
68.680004768104
  0
3DFACE
  8
0
1001
WEBCAD
1000
S3D30_1778942977349
 10
163.79046258875135
 20
5.3543920292906435
 30
68.680004768104
 11
161.85566716042138
 21
-0.6510504690913592
 31
68.680004768104
 12
161.85566716042138
 22
-1.0237737225743615
 32
68.680004768104
 13
161.85566716042138
 23
-1.0237737225743615
 33
68.680004768104
  0
3DFACE
  8
0
1001
WEBCAD
1000
S3D30_1778942977349
 10
163.79046258875135
 20
5.727115282773639
 30
68.680004768104
 11
161.85566716042138
 21
-0.6510504690913592
 31
68.680004768104
 12
163.79046258875135
 22
5.3543920292906435
 32
68.680004768104
 13
163.79046258875135
 23
5.3543920292906435
 33
68.680004768104
  0
3DFACE
  8
0
1001
WEBCAD
1000
S3D30_1778942977349
 10
182.19112999372138
 20
24.12778268774464
 30
68.680004768104
 11
182.19112999372138
 21
23.75505943426164
 31
68.680004768104
 12
188.56929574558137
 22
25.689854862587637
 32
68.680004768104
 13
188.56929574558137
 23
25.689854862587637
 33
68.680004768104
  0
3DFACE
  8
0
1001
WEBCAD
1000
S3D30_1778942977349
 10
182.19112999372138
 20
24.12778268774464
 30
68.680004768104
 11
188.56929574558137
 21
25.689854862587637
 31
68.680004768104
 12
188.56929574558137
 22
26.06257811607064
 32
68.680004768104
 13
188.56929574558137
 23
26.06257811607064
 33
68.680004768104
  0
3DFACE
  8
0
1001
WEBCAD
1000
S3D30_1778942977349
 10
166.93239987585136
 20
11.232543251543639
 30
68.680004768104
 11
163.79046258875135
 21
5.727115282773639
 31
68.680004768104
 12
163.79046258875135
 22
5.3543920292906435
 32
68.680004768104
 13
163.79046258875135
 23
5.3543920292906435
 33
68.680004768104
  0
3DFACE
  8
0
1001
WEBCAD
1000
S3D30_1778942977349
 10
166.93239987585136
 20
11.605266505026641
 30
68.680004768104
 11
163.79046258875135
 21
5.727115282773639
 31
68.680004768104
 12
166.93239987585136
 22
11.232543251543639
 32
68.680004768104
 13
166.93239987585136
 23
11.232543251543639
 33
68.680004768104
  0
3DFACE
  8
0
1001
WEBCAD
1000
S3D30_1778942977349
 10
176.31297877147136
 20
20.985845400647648
 30
68.680004768104
 11
176.31297877147136
 21
20.613122147163637
 31
68.680004768104
 12
182.19112999372138
 22
23.75505943426164
 32
68.680004768104
 13
182.19112999372138
 23
23.75505943426164
 33
68.680004768104
  0
3DFACE
  8
0
1001
WEBCAD
1000
S3D30_1778942977349
 10
176.31297877147136
 20
20.985845400647648
 30
68.680004768104
 11
182.19112999372138
 21
23.75505943426164
 31
68.680004768104
 12
182.19112999372138
 22
24.12778268774464
 32
68.680004768104
 13
182.19112999372138
 23
24.12778268774464
 33
68.680004768104
  0
3DFACE
  8
0
1001
WEBCAD
1000
S3D30_1778942977349
 10
171.16073613379137
 20
16.384785889219643
 30
68.680004768104
 11
166.93239987585136
 21
11.605266505026641
 31
68.680004768104
 12
166.93239987585136
 22
11.232543251543639
 32
68.680004768104
 13
166.93239987585136
 23
11.232543251543639
 33
68.680004768104
  0
3DFACE
  8
0
1001
WEBCAD
1000
S3D30_1778942977349
 10
171.16073613379137
 20
16.75750914270364
 30
68.680004768104
 11
166.93239987585136
 21
11.605266505026641
 31
68.680004768104
 12
171.16073613379137
 22
16.384785889219643
 32
68.680004768104
 13
171.16073613379137
 23
16.384785889219643
 33
68.680004768104
  0
3DFACE
  8
0
1001
WEBCAD
1000
S3D30_1778942977349
 10
171.16073613379137
 20
16.75750914270364
 30
68.680004768104
 11
171.16073613379137
 21
16.384785889219643
 31
68.680004768104
 12
176.31297877147136
 22
20.613122147163637
 32
68.680004768104
 13
176.31297877147136
 23
20.613122147163637
 33
68.680004768104
  0
3DFACE
  8
0
1001
WEBCAD
1000
S3D30_1778942977349
 10
171.16073613379137
 20
16.75750914270364
 30
68.680004768104
 11
176.31297877147136
 21
20.613122147163637
 31
68.680004768104
 12
176.31297877147136
 22
20.985845400647648
 32
68.680004768104
 13
176.31297877147136
 23
20.985845400647648
 33
68.680004768104
  0
3DFACE
  8
0
1001
WEBCAD
1000
S3D30_1778942977349
 10
229.20236669413134
 20
-7.656844671122357
 30
68.680004768104
 11
229.20236669413134
 21
-7.656844671122357
 31
69.108576196676
 12
229.20236669413134
 22
-7.284121417639362
 32
68.680004768104
 13
229.20236669413134
 23
-7.284121417639362
 33
68.680004768104
  0
3DFACE
  8
0
1001
WEBCAD
1000
S3D30_1778942977349
 10
229.20236669413134
 20
-36.42697856049636
 30
68.680004768104
 11
229.20236669413134
 21
-7.656844671122357
 31
68.680004768104
 12
229.20236669413134
 22
-7.656844671122357
 32
39.965719053818
 13
229.20236669413134
 23
-7.656844671122357
 33
39.965719053818
  0
3DFACE
  8
0
1001
WEBCAD
1000
S3D30_1778942977349
 10
229.20236669413134
 20
-36.79970181397936
 30
39.965719053818
 11
229.20236669413134
 21
-36.79970181397936
 31
69.108576196676
 12
229.20236669413134
 22
-36.42697856049636
 32
68.680004768104
 13
229.20236669413134
 23
-36.42697856049636
 33
68.680004768104
  0
3DFACE
  8
0
1001
WEBCAD
1000
S3D30_1778942977349
 10
229.20236669413134
 20
-36.79970181397936
 30
39.965719053818
 11
229.20236669413134
 21
-36.42697856049636
 31
68.680004768104
 12
229.20236669413134
 22
-7.656844671122357
 32
39.965719053818
 13
229.20236669413134
 23
-7.656844671122357
 33
39.965719053818
  0
3DFACE
  8
0
1001
WEBCAD
1000
S3D30_1778942977349
 10
223.47233351242136
 20
11.232543251543639
 30
39.965719053818
 11
228.54906622784137
 21
-1.0237737225743615
 31
39.965719053818
 12
226.61427079952136
 22
5.3543920292906435
 32
39.965719053818
 13
226.61427079952136
 23
5.3543920292906435
 33
39.965719053818
  0
3DFACE
  8
0
1001
WEBCAD
1000
S3D30_1778942977349
 10
214.09175461680135
 20
20.613122147163637
 30
39.965719053818
 11
223.47233351242136
 21
11.232543251543639
 31
39.965719053818
 12
219.24399725448137
 22
16.384785889219643
 32
39.965719053818
 13
219.24399725448137
 23
16.384785889219643
 33
39.965719053818
  0
3DFACE
  8
0
1001
WEBCAD
1000
S3D30_1778942977349
 10
214.09175461680135
 20
20.613122147163637
 30
39.965719053818
 11
228.54906622784137
 21
-1.0237737225743615
 31
39.965719053818
 12
223.47233351242136
 22
11.232543251543639
 32
39.965719053818
 13
223.47233351242136
 23
11.232543251543639
 33
39.965719053818
  0
3DFACE
  8
0
1001
WEBCAD
1000
S3D30_1778942977349
 10
201.83543764268137
 20
25.689854862587637
 30
39.965719053818
 11
214.09175461680135
 21
20.613122147163637
 31
39.965719053818
 12
208.21360339455137
 22
23.75505943426164
 32
39.965719053818
 13
208.21360339455137
 23
23.75505943426164
 33
39.965719053818
  0
3DFACE
  8
0
1001
WEBCAD
1000
S3D30_1778942977349
 10
201.83543764268137
 20
25.689854862587637
 30
39.965719053818
 11
228.54906622784137
 21
-1.0237737225743615
 31
39.965719053818
 12
214.09175461680135
 22
20.613122147163637
 32
39.965719053818
 13
214.09175461680135
 23
20.613122147163637
 33
39.965719053818
  0
3DFACE
  8
0
1001
WEBCAD
1000
S3D30_1778942977349
 10
161.20236669413137
 20
-7.656844671122357
 30
39.965719053818
 11
229.20236669413134
 21
-36.79970181397936
 31
39.965719053818
 12
229.20236669413134
 22
-7.656844671122357
 32
39.965719053818
 13
229.20236669413134
 23
-7.656844671122357
 33
39.965719053818
  0
3DFACE
  8
0
1001
WEBCAD
1000
S3D30_1778942977349
 10
161.20236669413137
 20
-7.656844671122357
 30
39.965719053818
 11
161.20236669413137
 21
-36.79970181397936
 31
39.965719053818
 12
229.20236669413134
 22
-36.79970181397936
 32
39.965719053818
 13
229.20236669413134
 23
-36.79970181397936
 33
39.965719053818
  0
3DFACE
  8
0
1001
WEBCAD
1000
S3D30_1778942977349
 10
163.79046258875135
 20
5.3543920292906435
 30
39.965719053818
 11
161.85566716042138
 21
-1.0237737225743615
 31
39.965719053818
 12
161.20236669413137
 22
-7.656844671122357
 32
39.965719053818
 13
161.20236669413137
 23
-7.656844671122357
 33
39.965719053818
  0
3DFACE
  8
0
1001
WEBCAD
1000
S3D30_1778942977349
 10
182.19112999372138
 20
23.75505943426164
 30
39.965719053818
 11
195.20236669413137
 21
26.343155328877643
 31
39.965719053818
 12
188.56929574558137
 22
25.689854862587637
 32
39.965719053818
 13
188.56929574558137
 23
25.689854862587637
 33
39.965719053818
  0
3DFACE
  8
0
1001
WEBCAD
1000
S3D30_1778942977349
 10
176.31297877147136
 20
20.613122147163637
 30
39.965719053818
 11
201.83543764268137
 21
25.689854862587637
 31
39.965719053818
 12
195.20236669413137
 22
26.343155328877643
 32
39.965719053818
 13
195.20236669413137
 23
26.343155328877643
 33
39.965719053818
  0
3DFACE
  8
0
1001
WEBCAD
1000
S3D30_1778942977349
 10
176.31297877147136
 20
20.613122147163637
 30
39.965719053818
 11
228.54906622784137
 21
-1.0237737225743615
 31
39.965719053818
 12
201.83543764268137
 22
25.689854862587637
 32
39.965719053818
 13
201.83543764268137
 23
25.689854862587637
 33
39.965719053818
  0
3DFACE
  8
0
1001
WEBCAD
1000
S3D30_1778942977349
 10
176.31297877147136
 20
20.613122147163637
 30
39.965719053818
 11
195.20236669413137
 21
26.343155328877643
 31
39.965719053818
 12
182.19112999372138
 22
23.75505943426164
 32
39.965719053818
 13
182.19112999372138
 23
23.75505943426164
 33
39.965719053818
  0
3DFACE
  8
0
1001
WEBCAD
1000
S3D30_1778942977349
 10
166.93239987585136
 20
11.232543251543639
 30
39.965719053818
 11
229.20236669413134
 21
-7.656844671122357
 31
39.965719053818
 12
228.54906622784137
 22
-1.0237737225743615
 32
39.965719053818
 13
228.54906622784137
 23
-1.0237737225743615
 33
39.965719053818
  0
3DFACE
  8
0
1001
WEBCAD
1000
S3D30_1778942977349
 10
166.93239987585136
 20
11.232543251543639
 30
39.965719053818
 11
161.20236669413137
 21
-7.656844671122357
 31
39.965719053818
 12
229.20236669413134
 22
-7.656844671122357
 32
39.965719053818
 13
229.20236669413134
 23
-7.656844671122357
 33
39.965719053818
  0
3DFACE
  8
0
1001
WEBCAD
1000
S3D30_1778942977349
 10
166.93239987585136
 20
11.232543251543639
 30
39.965719053818
 11
228.54906622784137
 21
-1.0237737225743615
 31
39.965719053818
 12
176.31297877147136
 22
20.613122147163637
 32
39.965719053818
 13
176.31297877147136
 23
20.613122147163637
 33
39.965719053818
  0
3DFACE
  8
0
1001
WEBCAD
1000
S3D30_1778942977349
 10
166.93239987585136
 20
11.232543251543639
 30
39.965719053818
 11
163.79046258875135
 21
5.3543920292906435
 31
39.965719053818
 12
161.20236669413137
 22
-7.656844671122357
 32
39.965719053818
 13
161.20236669413137
 23
-7.656844671122357
 33
39.965719053818
  0
3DFACE
  8
0
1001
WEBCAD
1000
S3D30_1778942977349
 10
171.16073613379137
 20
16.384785889219643
 30
39.965719053818
 11
166.93239987585136
 21
11.232543251543639
 31
39.965719053818
 12
176.31297877147136
 22
20.613122147163637
 32
39.965719053818
 13
176.31297877147136
 23
20.613122147163637
 33
39.965719053818
  0
3DFACE
  8
0
1001
WEBCAD
1000
S3D30_1778942977349
 10
161.85566716042138
 20
-1.0237737225743615
 30
39.965719053818
 11
161.20236669413137
 21
-7.656844671122357
 31
68.680004768104
 12
161.20236669413137
 22
-7.656844671122357
 32
39.965719053818
 13
161.20236669413137
 23
-7.656844671122357
 33
39.965719053818
  0
3DFACE
  8
0
1001
WEBCAD
1000
S3D30_1778942977349
 10
161.85566716042138
 20
-1.0237737225743615
 30
39.965719053818
 11
161.85566716042138
 21
-1.0237737225743615
 31
68.680004768104
 12
161.20236669413137
 22
-7.656844671122357
 32
68.680004768104
 13
161.20236669413137
 23
-7.656844671122357
 33
68.680004768104
  0
3DFACE
  8
0
1001
WEBCAD
1000
S3D30_1778942977349
 10
163.79046258875135
 20
5.3543920292906435
 30
39.965719053818
 11
161.85566716042138
 21
-1.0237737225743615
 31
68.680004768104
 12
161.85566716042138
 22
-1.0237737225743615
 32
39.965719053818
 13
161.85566716042138
 23
-1.0237737225743615
 33
39.965719053818
  0
3DFACE
  8
0
1001
WEBCAD
1000
S3D30_1778942977349
 10
163.79046258875135
 20
5.3543920292906435
 30
39.965719053818
 11
163.79046258875135
 21
5.3543920292906435
 31
68.680004768104
 12
161.85566716042138
 22
-1.0237737225743615
 32
68.680004768104
 13
161.85566716042138
 23
-1.0237737225743615
 33
68.680004768104
  0
3DFACE
  8
0
1001
WEBCAD
1000
S3D30_1778942977349
 10
166.93239987585136
 20
11.232543251543639
 30
39.965719053818
 11
163.79046258875135
 21
5.3543920292906435
 31
68.680004768104
 12
163.79046258875135
 22
5.3543920292906435
 32
39.965719053818
 13
163.79046258875135
 23
5.3543920292906435
 33
39.965719053818
  0
3DFACE
  8
0
1001
WEBCAD
1000
S3D30_1778942977349
 10
166.93239987585136
 20
11.232543251543639
 30
39.965719053818
 11
166.93239987585136
 21
11.232543251543639
 31
68.680004768104
 12
163.79046258875135
 22
5.3543920292906435
 32
68.680004768104
 13
163.79046258875135
 23
5.3543920292906435
 33
68.680004768104
  0
3DFACE
  8
0
1001
WEBCAD
1000
S3D30_1778942977349
 10
166.93239987585136
 20
11.232543251543639
 30
39.965719053818
 11
171.16073613379137
 21
16.384785889219643
 31
68.680004768104
 12
166.93239987585136
 22
11.232543251543639
 32
68.680004768104
 13
166.93239987585136
 23
11.232543251543639
 33
68.680004768104
  0
3DFACE
  8
0
1001
WEBCAD
1000
S3D30_1778942977349
 10
171.16073613379137
 20
16.384785889219643
 30
39.965719053818
 11
171.16073613379137
 21
16.384785889219643
 31
68.680004768104
 12
166.93239987585136
 22
11.232543251543639
 32
39.965719053818
 13
166.93239987585136
 23
11.232543251543639
 33
39.965719053818
  0
3DFACE
  8
0
1001
WEBCAD
1000
S3D30_1778942977349
 10
171.16073613379137
 20
16.384785889219643
 30
39.965719053818
 11
176.31297877147136
 21
20.613122147163637
 31
68.680004768104
 12
171.16073613379137
 22
16.384785889219643
 32
68.680004768104
 13
171.16073613379137
 23
16.384785889219643
 33
68.680004768104
  0
3DFACE
  8
0
1001
WEBCAD
1000
S3D30_1778942977349
 10
176.31297877147136
 20
20.613122147163637
 30
39.965719053818
 11
176.31297877147136
 21
20.613122147163637
 31
68.680004768104
 12
171.16073613379137
 22
16.384785889219643
 32
39.965719053818
 13
171.16073613379137
 23
16.384785889219643
 33
39.965719053818
  0
3DFACE
  8
0
1001
WEBCAD
1000
S3D30_1778942977349
 10
182.19112999372138
 20
23.75505943426164
 30
39.965719053818
 11
176.31297877147136
 21
20.613122147163637
 31
68.680004768104
 12
176.31297877147136
 22
20.613122147163637
 32
39.965719053818
 13
176.31297877147136
 23
20.613122147163637
 33
39.965719053818
  0
3DFACE
  8
0
1001
WEBCAD
1000
S3D30_1778942977349
 10
182.19112999372138
 20
23.75505943426164
 30
39.965719053818
 11
182.19112999372138
 21
23.75505943426164
 31
68.680004768104
 12
176.31297877147136
 22
20.613122147163637
 32
68.680004768104
 13
176.31297877147136
 23
20.613122147163637
 33
68.680004768104
  0
3DFACE
  8
0
1001
WEBCAD
1000
S3D30_1778942977349
 10
182.19112999372138
 20
23.75505943426164
 30
39.965719053818
 11
188.56929574558137
 21
25.689854862587637
 31
68.680004768104
 12
182.19112999372138
 22
23.75505943426164
 32
68.680004768104
 13
182.19112999372138
 23
23.75505943426164
 33
68.680004768104
  0
3DFACE
  8
0
1001
WEBCAD
1000
S3D30_1778942977349
 10
188.56929574558137
 20
25.689854862587637
 30
39.965719053818
 11
188.56929574558137
 21
25.689854862587637
 31
68.680004768104
 12
182.19112999372138
 22
23.75505943426164
 32
39.965719053818
 13
182.19112999372138
 23
23.75505943426164
 33
39.965719053818
  0
3DFACE
  8
0
1001
WEBCAD
1000
S3D30_1778942977349
 10
188.56929574558137
 20
25.689854862587637
 30
39.965719053818
 11
195.20236669413137
 21
26.343155328877643
 31
68.680004768104
 12
188.56929574558137
 22
25.689854862587637
 32
68.680004768104
 13
188.56929574558137
 23
25.689854862587637
 33
68.680004768104
  0
3DFACE
  8
0
1001
WEBCAD
1000
S3D30_1778942977349
 10
195.20236669413137
 20
26.343155328877643
 30
39.965719053818
 11
195.20236669413137
 21
26.343155328877643
 31
68.680004768104
 12
188.56929574558137
 22
25.689854862587637
 32
39.965719053818
 13
188.56929574558137
 23
25.689854862587637
 33
39.965719053818
  0
3DFACE
  8
0
1001
WEBCAD
1000
S3D30_1778942977349
 10
201.83543764268137
 20
25.689854862587637
 30
39.965719053818
 11
195.20236669413137
 21
26.343155328877643
 31
68.680004768104
 12
195.20236669413137
 22
26.343155328877643
 32
39.965719053818
 13
195.20236669413137
 23
26.343155328877643
 33
39.965719053818
  0
3DFACE
  8
0
1001
WEBCAD
1000
S3D30_1778942977349
 10
201.83543764268137
 20
25.689854862587637
 30
39.965719053818
 11
201.83543764268137
 21
25.689854862587637
 31
68.680004768104
 12
195.20236669413137
 22
26.343155328877643
 32
68.680004768104
 13
195.20236669413137
 23
26.343155328877643
 33
68.680004768104
  0
3DFACE
  8
0
1001
WEBCAD
1000
S3D30_1778942977349
 10
201.83543764268137
 20
25.689854862587637
 30
39.965719053818
 11
208.21360339455137
 21
23.75505943426164
 31
68.680004768104
 12
201.83543764268137
 22
25.689854862587637
 32
68.680004768104
 13
201.83543764268137
 23
25.689854862587637
 33
68.680004768104
  0
3DFACE
  8
0
1001
WEBCAD
1000
S3D30_1778942977349
 10
208.21360339455137
 20
23.75505943426164
 30
39.965719053818
 11
208.21360339455137
 21
23.75505943426164
 31
68.680004768104
 12
201.83543764268137
 22
25.689854862587637
 32
39.965719053818
 13
201.83543764268137
 23
25.689854862587637
 33
39.965719053818
  0
3DFACE
  8
0
1001
WEBCAD
1000
S3D30_1778942977349
 10
214.09175461680135
 20
20.613122147163637
 30
39.965719053818
 11
208.21360339455137
 21
23.75505943426164
 31
68.680004768104
 12
208.21360339455137
 22
23.75505943426164
 32
39.965719053818
 13
208.21360339455137
 23
23.75505943426164
 33
39.965719053818
  0
3DFACE
  8
0
1001
WEBCAD
1000
S3D30_1778942977349
 10
214.09175461680135
 20
20.613122147163637
 30
39.965719053818
 11
214.09175461680135
 21
20.613122147163637
 31
68.680004768104
 12
208.21360339455137
 22
23.75505943426164
 32
68.680004768104
 13
208.21360339455137
 23
23.75505943426164
 33
68.680004768104
  0
3DFACE
  8
0
1001
WEBCAD
1000
S3D30_1778942977349
 10
214.09175461680135
 20
20.613122147163637
 30
39.965719053818
 11
219.24399725448137
 21
16.384785889219643
 31
68.680004768104
 12
214.09175461680135
 22
20.613122147163637
 32
68.680004768104
 13
214.09175461680135
 23
20.613122147163637
 33
68.680004768104
  0
3DFACE
  8
0
1001
WEBCAD
1000
S3D30_1778942977349
 10
219.24399725448137
 20
16.384785889219643
 30
39.965719053818
 11
219.24399725448137
 21
16.384785889219643
 31
68.680004768104
 12
214.09175461680135
 22
20.613122147163637
 32
39.965719053818
 13
214.09175461680135
 23
20.613122147163637
 33
39.965719053818
  0
3DFACE
  8
0
1001
WEBCAD
1000
S3D30_1778942977349
 10
223.47233351242136
 20
11.232543251543639
 30
39.965719053818
 11
219.24399725448137
 21
16.384785889219643
 31
68.680004768104
 12
219.24399725448137
 22
16.384785889219643
 32
39.965719053818
 13
219.24399725448137
 23
16.384785889219643
 33
39.965719053818
  0
3DFACE
  8
0
1001
WEBCAD
1000
S3D30_1778942977349
 10
223.47233351242136
 20
11.232543251543639
 30
39.965719053818
 11
223.47233351242136
 21
11.232543251543639
 31
68.680004768104
 12
219.24399725448137
 22
16.384785889219643
 32
68.680004768104
 13
219.24399725448137
 23
16.384785889219643
 33
68.680004768104
  0
3DFACE
  8
0
1001
WEBCAD
1000
S3D30_1778942977349
 10
223.47233351242136
 20
11.232543251543639
 30
39.965719053818
 11
226.61427079952136
 21
5.3543920292906435
 31
68.680004768104
 12
223.47233351242136
 22
11.232543251543639
 32
68.680004768104
 13
223.47233351242136
 23
11.232543251543639
 33
68.680004768104
  0
3DFACE
  8
0
1001
WEBCAD
1000
S3D30_1778942977349
 10
226.61427079952136
 20
5.3543920292906435
 30
39.965719053818
 11
226.61427079952136
 21
5.3543920292906435
 31
68.680004768104
 12
223.47233351242136
 22
11.232543251543639
 32
39.965719053818
 13
223.47233351242136
 23
11.232543251543639
 33
39.965719053818
  0
3DFACE
  8
0
1001
WEBCAD
1000
S3D30_1778942977349
 10
228.54906622784137
 20
-1.0237737225743615
 30
39.965719053818
 11
226.61427079952136
 21
5.3543920292906435
 31
68.680004768104
 12
226.61427079952136
 22
5.3543920292906435
 32
39.965719053818
 13
226.61427079952136
 23
5.3543920292906435
 33
39.965719053818
  0
3DFACE
  8
0
1001
WEBCAD
1000
S3D30_1778942977349
 10
228.54906622784137
 20
-1.0237737225743615
 30
39.965719053818
 11
228.54906622784137
 21
-1.0237737225743615
 31
68.680004768104
 12
226.61427079952136
 22
5.3543920292906435
 32
68.680004768104
 13
226.61427079952136
 23
5.3543920292906435
 33
68.680004768104
  0
3DFACE
  8
0
1001
WEBCAD
1000
S3D30_1778942977349
 10
228.54906622784137
 20
-1.0237737225743615
 30
39.965719053818
 11
229.20236669413134
 21
-7.656844671122357
 31
68.680004768104
 12
228.54906622784137
 22
-1.0237737225743615
 32
68.680004768104
 13
228.54906622784137
 23
-1.0237737225743615
 33
68.680004768104
  0
3DFACE
  8
0
1001
WEBCAD
1000
S3D30_1778942977349
 10
229.20236669413134
 20
-7.656844671122357
 30
39.965719053818
 11
229.20236669413134
 21
-7.656844671122357
 31
68.680004768104
 12
228.54906622784137
 22
-1.0237737225743615
 32
39.965719053818
 13
228.54906622784137
 23
-1.0237737225743615
 33
39.965719053818
  0
3DFACE
  8
0
1001
WEBCAD
1000
S3D33_1779000419268
1000
CREATION_PARAMS:{"type":"box","params":{"x":42.725310792030974,"y":-46.68522082610456,"z":0,"dx":47.9357145471566,"dy":46.26839488605066,"dz":25.42676396465738}}
 10
111.67271727002091
 20
-46.6852208261
 30
25.426763964657
 11
111.67271727002091
 21
-0.416825940054
 31
0
 12
111.67271727002091
 22
-46.6852208261
 32
0
 13
111.67271727002091
 23
-46.6852208261
 33
0
  0
3DFACE
  8
0
1001
WEBCAD
1000
S3D33_1779000419268
 10
111.67271727002091
 20
-46.6852208261
 30
25.426763964657
 11
111.67271727002091
 21
-0.416825940054
 31
25.426763964657
 12
111.67271727002091
 22
-0.416825940054
 32
0
 13
111.67271727002091
 23
-0.416825940054
 33
0
  0
3DFACE
  8
0
1001
WEBCAD
1000
S3D33_1779000419268
 10
159.60843181717792
 20
-46.6852208261
 30
25.426763964657
 11
159.60843181717792
 21
-46.6852208261
 31
0
 12
159.60843181717792
 22
-0.416825940054
 32
0
 13
159.60843181717792
 23
-0.416825940054
 33
0
  0
3DFACE
  8
0
1001
WEBCAD
1000
S3D33_1779000419268
 10
159.60843181717792
 20
-46.6852208261
 30
25.426763964657
 11
159.60843181717792
 21
-0.416825940054
 31
0
 12
159.60843181717792
 22
-0.416825940054
 32
25.426763964657
 13
159.60843181717792
 23
-0.416825940054
 33
25.426763964657
  0
3DFACE
  8
0
1001
WEBCAD
1000
S3D33_1779000419268
 10
159.60843181717792
 20
-46.6852208261
 30
25.426763964657
 11
111.67271727002091
 21
-46.6852208261
 31
0
 12
159.60843181717792
 22
-46.6852208261
 32
0
 13
159.60843181717792
 23
-46.6852208261
 33
0
  0
3DFACE
  8
0
1001
WEBCAD
1000
S3D33_1779000419268
 10
159.60843181717792
 20
-46.6852208261
 30
25.426763964657
 11
111.67271727002091
 21
-46.6852208261
 31
25.426763964657
 12
111.67271727002091
 22
-46.6852208261
 32
0
 13
111.67271727002091
 23
-46.6852208261
 33
0
  0
3DFACE
  8
0
1001
WEBCAD
1000
S3D33_1779000419268
 10
159.60843181717792
 20
-0.416825940054
 30
25.426763964657
 11
159.60843181717792
 21
-0.416825940054
 31
0
 12
111.67271727002091
 22
-0.416825940054
 32
0
 13
111.67271727002091
 23
-0.416825940054
 33
0
  0
3DFACE
  8
0
1001
WEBCAD
1000
S3D33_1779000419268
 10
159.60843181717792
 20
-0.416825940054
 30
25.426763964657
 11
111.67271727002091
 21
-0.416825940054
 31
0
 12
111.67271727002091
 22
-0.416825940054
 32
25.426763964657
 13
111.67271727002091
 23
-0.416825940054
 33
25.426763964657
  0
3DFACE
  8
0
1001
WEBCAD
1000
S3D33_1779000419268
 10
159.60843181717792
 20
-0.416825940054
 30
0
 11
111.67271727002091
 21
-46.6852208261
 31
0
 12
111.67271727002091
 22
-0.416825940054
 32
0
 13
111.67271727002091
 23
-0.416825940054
 33
0
  0
3DFACE
  8
0
1001
WEBCAD
1000
S3D33_1779000419268
 10
159.60843181717792
 20
-0.416825940054
 30
0
 11
159.60843181717792
 21
-46.6852208261
 31
0
 12
111.67271727002091
 22
-46.6852208261
 32
0
 13
111.67271727002091
 23
-46.6852208261
 33
0
  0
3DFACE
  8
0
1001
WEBCAD
1000
S3D33_1779000419268
 10
159.60843181717792
 20
-0.416825940054
 30
25.426763964657
 11
111.67271727002091
 21
-0.416825940054
 31
25.426763964657
 12
111.67271727002091
 22
-46.6852208261
 32
25.426763964657
 13
111.67271727002091
 23
-46.6852208261
 33
25.426763964657
  0
3DFACE
  8
0
1001
WEBCAD
1000
S3D33_1779000419268
 10
159.60843181717792
 20
-0.416825940054
 30
25.426763964657
 11
111.67271727002091
 21
-46.6852208261
 31
25.426763964657
 12
159.60843181717792
 22
-46.6852208261
 32
25.426763964657
 13
159.60843181717792
 23
-46.6852208261
 33
25.426763964657
  0
3DFACE
  8
0
1001
WEBCAD
1000
S3D36_1779006461311
1000
CREATION_PARAMS:{"type":"extrude","params":{"points":[{"x":269.7384880526753,"y":58.4759363125966,"z":0},{"x":273.87436624061445,"y":109.48327673076824,"z":0},{"x":274.5468814265014,"y":116.31143800133275,"z":0},{"x":276.53858260271943,"y":122.87719686354639,"z":0},{"x":279.77292981002535,"y":128.9282348864543,"z":0},{"x":284.1256288990853,"y":134.2320140722974,"z":0},{"x":289.42940808492835,"y":138.58471316135734,"z":0},{"x":295.4804461078363,"y":141.81906036866326,"z":0},{"x":302.04620497005,"y":143.8107615448813,"z":0},{"x":308.87436624061445,"y":144.48327673076824,"z":0},{"x":315.7025275111789,"y":143.8107615448813,"z":0},{"x":322.2682863733926,"y":141.81906036866326,"z":0},{"x":328.31932439630054,"y":138.5847131613573,"z":0},{"x":333.6231035821436,"y":134.2320140722974,"z":0},{"x":337.97580267120355,"y":128.9282348864543,"z":0},{"x":341.21014987850947,"y":122.87719686354637,"z":0},{"x":343.2018510547275,"y":116.31143800133273,"z":0},{"x":343.87436624061445,"y":109.48327673076824,"z":0},{"x":339.7384880526753,"y":58.4759363125966,"z":0}],"height":5,"thickness":0,"isClosed":true}}
 10
260.23249537956
 20
17.766944507287
 30
-20.0736191557
 11
256.09661719162
 21
-33.24039591088
 31
-20.0736191557
 12
256.09661719162
 22
-33.24039591088
 32
-15.0736191557
 13
256.09661719162
 23
-33.24039591088
 33
-15.0736191557
  0
3DFACE
  8
0
1001
WEBCAD
1000
S3D36_1779006461311
 10
260.23249537956
 20
17.766944507287
 30
-20.0736191557
 11
256.09661719162
 21
-33.24039591088
 31
-15.0736191557
 12
260.23249537956
 22
17.766944507287
 32
-15.0736191557
 13
260.23249537956
 23
17.766944507287
 33
-15.0736191557
  0
3DFACE
  8
0
1001
WEBCAD
1000
S3D36_1779006461311
 10
260.90501056545
 20
24.595105777851
 30
-20.0736191557
 11
260.23249537956
 21
17.766944507287
 31
-20.0736191557
 12
260.23249537956
 22
17.766944507287
 32
-15.0736191557
 13
260.23249537956
 23
17.766944507287
 33
-15.0736191557
  0
3DFACE
  8
0
1001
WEBCAD
1000
S3D36_1779006461311
 10
260.90501056545
 20
24.595105777851
 30
-20.0736191557
 11
260.23249537956
 21
17.766944507287
 31
-15.0736191557
 12
260.90501056545
 22
24.595105777851
 32
-15.0736191557
 13
260.90501056545
 23
24.595105777851
 33
-15.0736191557
  0
3DFACE
  8
0
1001
WEBCAD
1000
S3D36_1779006461311
 10
262.89671174167
 20
31.160864640065
 30
-15.0736191557
 11
260.90501056545
 21
24.595105777851
 31
-20.0736191557
 12
260.90501056545
 22
24.595105777851
 32
-15.0736191557
 13
260.90501056545
 23
24.595105777851
 33
-15.0736191557
  0
3DFACE
  8
0
1001
WEBCAD
1000
S3D36_1779006461311
 10
262.89671174167
 20
31.160864640065
 30
-20.0736191557
 11
260.90501056545
 21
24.595105777851
 31
-20.0736191557
 12
262.89671174167
 22
31.160864640065
 32
-15.0736191557
 13
262.89671174167
 23
31.160864640065
 33
-15.0736191557
  0
3DFACE
  8
0
1001
WEBCAD
1000
S3D36_1779006461311
 10
266.13105894897
 20
37.211902662973
 30
-20.0736191557
 11
262.89671174167
 21
31.160864640065
 31
-20.0736191557
 12
262.89671174167
 22
31.160864640065
 32
-15.0736191557
 13
262.89671174167
 23
31.160864640065
 33
-15.0736191557
  0
3DFACE
  8
0
1001
WEBCAD
1000
S3D36_1779006461311
 10
266.13105894897
 20
37.211902662973
 30
-20.0736191557
 11
262.89671174167
 21
31.160864640065
 31
-15.0736191557
 12
266.13105894897
 22
37.211902662973
 32
-15.0736191557
 13
266.13105894897
 23
37.211902662973
 33
-15.0736191557
  0
3DFACE
  8
0
1001
WEBCAD
1000
S3D36_1779006461311
 10
270.48375803803
 20
42.515681848816
 30
-20.0736191557
 11
266.13105894897
 21
37.211902662973
 31
-20.0736191557
 12
266.13105894897
 22
37.211902662973
 32
-15.0736191557
 13
266.13105894897
 23
37.211902662973
 33
-15.0736191557
  0
3DFACE
  8
0
1001
WEBCAD
1000
S3D36_1779006461311
 10
270.48375803803
 20
42.515681848816
 30
-20.0736191557
 11
266.13105894897
 21
37.211902662973
 31
-15.0736191557
 12
270.48375803803
 22
42.515681848816
 32
-15.0736191557
 13
270.48375803803
 23
42.515681848816
 33
-15.0736191557
  0
3DFACE
  8
0
1001
WEBCAD
1000
S3D36_1779006461311
 10
275.78753722388
 20
46.868380937876
 30
-15.0736191557
 11
270.48375803803
 21
42.515681848816
 31
-20.0736191557
 12
270.48375803803
 22
42.515681848816
 32
-15.0736191557
 13
270.48375803803
 23
42.515681848816
 33
-15.0736191557
  0
3DFACE
  8
0
1001
WEBCAD
1000
S3D36_1779006461311
 10
275.78753722388
 20
46.868380937876
 30
-20.0736191557
 11
270.48375803803
 21
42.515681848816
 31
-20.0736191557
 12
275.78753722388
 22
46.868380937876
 32
-15.0736191557
 13
275.78753722388
 23
46.868380937876
 33
-15.0736191557
  0
3DFACE
  8
0
1001
WEBCAD
1000
S3D36_1779006461311
 10
281.83857524678
 20
50.102728145182
 30
-20.0736191557
 11
275.78753722388
 21
46.868380937876
 31
-20.0736191557
 12
275.78753722388
 22
46.868380937876
 32
-15.0736191557
 13
275.78753722388
 23
46.868380937876
 33
-15.0736191557
  0
3DFACE
  8
0
1001
WEBCAD
1000
S3D36_1779006461311
 10
281.83857524678
 20
50.102728145182
 30
-20.0736191557
 11
275.78753722388
 21
46.868380937876
 31
-15.0736191557
 12
281.83857524678
 22
50.102728145182
 32
-15.0736191557
 13
281.83857524678
 23
50.102728145182
 33
-15.0736191557
  0
3DFACE
  8
0
1001
WEBCAD
1000
S3D36_1779006461311
 10
288.404334109
 20
52.0944293214
 30
-20.0736191557
 11
281.83857524678
 21
50.102728145182
 31
-20.0736191557
 12
281.83857524678
 22
50.102728145182
 32
-15.0736191557
 13
281.83857524678
 23
50.102728145182
 33
-15.0736191557
  0
3DFACE
  8
0
1001
WEBCAD
1000
S3D36_1779006461311
 10
288.404334109
 20
52.0944293214
 30
-20.0736191557
 11
281.83857524678
 21
50.102728145182
 31
-15.0736191557
 12
288.404334109
 22
52.0944293214
 32
-15.0736191557
 13
288.404334109
 23
52.0944293214
 33
-15.0736191557
  0
3DFACE
  8
0
1001
WEBCAD
1000
S3D36_1779006461311
 10
295.23249537956
 20
52.766944507287
 30
-20.0736191557
 11
288.404334109
 21
52.0944293214
 31
-20.0736191557
 12
288.404334109
 22
52.0944293214
 32
-15.0736191557
 13
288.404334109
 23
52.0944293214
 33
-15.0736191557
  0
3DFACE
  8
0
1001
WEBCAD
1000
S3D36_1779006461311
 10
295.23249537956
 20
52.766944507287
 30
-20.0736191557
 11
288.404334109
 21
52.0944293214
 31
-15.0736191557
 12
295.23249537956
 22
52.766944507287
 32
-15.0736191557
 13
295.23249537956
 23
52.766944507287
 33
-15.0736191557
  0
3DFACE
  8
0
1001
WEBCAD
1000
S3D36_1779006461311
 10
302.06065665013
 20
52.0944293214
 30
-20.0736191557
 11
295.23249537956
 21
52.766944507287
 31
-20.0736191557
 12
295.23249537956
 22
52.766944507287
 32
-15.0736191557
 13
295.23249537956
 23
52.766944507287
 33
-15.0736191557
  0
3DFACE
  8
0
1001
WEBCAD
1000
S3D36_1779006461311
 10
302.06065665013
 20
52.0944293214
 30
-20.0736191557
 11
295.23249537956
 21
52.766944507287
 31
-15.0736191557
 12
302.06065665013
 22
52.0944293214
 32
-15.0736191557
 13
302.06065665013
 23
52.0944293214
 33
-15.0736191557
  0
3DFACE
  8
0
1001
WEBCAD
1000
S3D36_1779006461311
 10
308.62641551234
 20
50.102728145182
 30
-20.0736191557
 11
302.06065665013
 21
52.0944293214
 31
-20.0736191557
 12
302.06065665013
 22
52.0944293214
 32
-15.0736191557
 13
302.06065665013
 23
52.0944293214
 33
-15.0736191557
  0
3DFACE
  8
0
1001
WEBCAD
1000
S3D36_1779006461311
 10
308.62641551234
 20
50.102728145182
 30
-20.0736191557
 11
302.06065665013
 21
52.0944293214
 31
-15.0736191557
 12
308.62641551234
 22
50.102728145182
 32
-15.0736191557
 13
308.62641551234
 23
50.102728145182
 33
-15.0736191557
  0
3DFACE
  8
0
1001
WEBCAD
1000
S3D36_1779006461311
 10
314.67745353525
 20
46.868380937876
 30
-20.0736191557
 11
308.62641551234
 21
50.102728145182
 31
-20.0736191557
 12
308.62641551234
 22
50.102728145182
 32
-15.0736191557
 13
308.62641551234
 23
50.102728145182
 33
-15.0736191557
  0
3DFACE
  8
0
1001
WEBCAD
1000
S3D36_1779006461311
 10
314.67745353525
 20
46.868380937876
 30
-20.0736191557
 11
308.62641551234
 21
50.102728145182
 31
-15.0736191557
 12
314.67745353525
 22
46.868380937876
 32
-15.0736191557
 13
314.67745353525
 23
46.868380937876
 33
-15.0736191557
  0
3DFACE
  8
0
1001
WEBCAD
1000
S3D36_1779006461311
 10
319.98123272109
 20
42.515681848816
 30
-20.0736191557
 11
314.67745353525
 21
46.868380937876
 31
-20.0736191557
 12
314.67745353525
 22
46.868380937876
 32
-15.0736191557
 13
314.67745353525
 23
46.868380937876
 33
-15.0736191557
  0
3DFACE
  8
0
1001
WEBCAD
1000
S3D36_1779006461311
 10
319.98123272109
 20
42.515681848816
 30
-20.0736191557
 11
314.67745353525
 21
46.868380937876
 31
-15.0736191557
 12
319.98123272109
 22
42.515681848816
 32
-15.0736191557
 13
319.98123272109
 23
42.515681848816
 33
-15.0736191557
  0
3DFACE
  8
0
1001
WEBCAD
1000
S3D36_1779006461311
 10
324.33393181015
 20
37.211902662973
 30
-20.0736191557
 11
319.98123272109
 21
42.515681848816
 31
-20.0736191557
 12
319.98123272109
 22
42.515681848816
 32
-15.0736191557
 13
319.98123272109
 23
42.515681848816
 33
-15.0736191557
  0
3DFACE
  8
0
1001
WEBCAD
1000
S3D36_1779006461311
 10
324.33393181015
 20
37.211902662973
 30
-20.0736191557
 11
319.98123272109
 21
42.515681848816
 31
-15.0736191557
 12
324.33393181015
 22
37.211902662973
 32
-15.0736191557
 13
324.33393181015
 23
37.211902662973
 33
-15.0736191557
  0
3DFACE
  8
0
1001
WEBCAD
1000
S3D36_1779006461311
 10
327.56827901746
 20
31.160864640065
 30
-15.0736191557
 11
324.33393181015
 21
37.211902662973
 31
-20.0736191557
 12
324.33393181015
 22
37.211902662973
 32
-15.0736191557
 13
324.33393181015
 23
37.211902662973
 33
-15.0736191557
  0
3DFACE
  8
0
1001
WEBCAD
1000
S3D36_1779006461311
 10
327.56827901746
 20
31.160864640065
 30
-20.0736191557
 11
324.33393181015
 21
37.211902662973
 31
-20.0736191557
 12
327.56827901746
 22
31.160864640065
 32
-15.0736191557
 13
327.56827901746
 23
31.160864640065
 33
-15.0736191557
  0
3DFACE
  8
0
1001
WEBCAD
1000
S3D36_1779006461311
 10
329.55998019368
 20
24.595105777851
 30
-15.0736191557
 11
327.56827901746
 21
31.160864640065
 31
-20.0736191557
 12
327.56827901746
 22
31.160864640065
 32
-15.0736191557
 13
327.56827901746
 23
31.160864640065
 33
-15.0736191557
  0
3DFACE
  8
0
1001
WEBCAD
1000
S3D36_1779006461311
 10
329.55998019368
 20
24.595105777851
 30
-20.0736191557
 11
327.56827901746
 21
31.160864640065
 31
-20.0736191557
 12
329.55998019368
 22
24.595105777851
 32
-15.0736191557
 13
329.55998019368
 23
24.595105777851
 33
-15.0736191557
  0
3DFACE
  8
0
1001
WEBCAD
1000
S3D36_1779006461311
 10
330.23249537956
 20
17.766944507287
 30
-15.0736191557
 11
329.55998019368
 21
24.595105777851
 31
-20.0736191557
 12
329.55998019368
 22
24.595105777851
 32
-15.0736191557
 13
329.55998019368
 23
24.595105777851
 33
-15.0736191557
  0
3DFACE
  8
0
1001
WEBCAD
1000
S3D36_1779006461311
 10
330.23249537956
 20
17.766944507287
 30
-20.0736191557
 11
329.55998019368
 21
24.595105777851
 31
-20.0736191557
 12
330.23249537956
 22
17.766944507287
 32
-15.0736191557
 13
330.23249537956
 23
17.766944507287
 33
-15.0736191557
  0
3DFACE
  8
0
1001
WEBCAD
1000
S3D36_1779006461311
 10
326.09661719162
 20
-33.24039591088
 30
-20.0736191557
 11
330.23249537956
 21
17.766944507287
 31
-20.0736191557
 12
330.23249537956
 22
17.766944507287
 32
-15.0736191557
 13
330.23249537956
 23
17.766944507287
 33
-15.0736191557
  0
3DFACE
  8
0
1001
WEBCAD
1000
S3D36_1779006461311
 10
326.09661719162
 20
-33.24039591088
 30
-20.0736191557
 11
330.23249537956
 21
17.766944507287
 31
-15.0736191557
 12
326.09661719162
 22
-33.24039591088
 32
-15.0736191557
 13
326.09661719162
 23
-33.24039591088
 33
-15.0736191557
  0
3DFACE
  8
0
1001
WEBCAD
1000
S3D36_1779006461311
 10
256.09661719162
 20
-33.24039591088
 30
-20.0736191557
 11
326.09661719162
 21
-33.24039591088
 31
-20.0736191557
 12
326.09661719162
 22
-33.24039591088
 32
-15.0736191557
 13
326.09661719162
 23
-33.24039591088
 33
-15.0736191557
  0
3DFACE
  8
0
1001
WEBCAD
1000
S3D36_1779006461311
 10
256.09661719162
 20
-33.24039591088
 30
-20.0736191557
 11
326.09661719162
 21
-33.24039591088
 31
-15.0736191557
 12
256.09661719162
 22
-33.24039591088
 32
-15.0736191557
 13
256.09661719162
 23
-33.24039591088
 33
-15.0736191557
  0
3DFACE
  8
0
1001
WEBCAD
1000
S3D36_1779006461311
 10
327.56827901746
 20
31.160864640065
 30
-20.0736191557
 11
329.55998019368
 21
24.595105777851
 31
-20.0736191557
 12
330.23249537956
 22
17.766944507287
 32
-20.0736191557
 13
330.23249537956
 23
17.766944507287
 33
-20.0736191557
  0
3DFACE
  8
0
1001
WEBCAD
1000
S3D36_1779006461311
 10
324.33393181015
 20
37.211902662973
 30
-20.0736191557
 11
327.56827901746
 21
31.160864640065
 31
-20.0736191557
 12
330.23249537956
 22
17.766944507287
 32
-20.0736191557
 13
330.23249537956
 23
17.766944507287
 33
-20.0736191557
  0
3DFACE
  8
0
1001
WEBCAD
1000
S3D36_1779006461311
 10
319.98123272109
 20
42.515681848816
 30
-20.0736191557
 11
324.33393181015
 21
37.211902662973
 31
-20.0736191557
 12
330.23249537956
 22
17.766944507287
 32
-20.0736191557
 13
330.23249537956
 23
17.766944507287
 33
-20.0736191557
  0
3DFACE
  8
0
1001
WEBCAD
1000
S3D36_1779006461311
 10
308.62641551234
 20
50.102728145182
 30
-20.0736191557
 11
314.67745353525
 21
46.868380937876
 31
-20.0736191557
 12
319.98123272109
 22
42.515681848816
 32
-20.0736191557
 13
319.98123272109
 23
42.515681848816
 33
-20.0736191557
  0
3DFACE
  8
0
1001
WEBCAD
1000
S3D36_1779006461311
 10
295.23249537956
 20
52.766944507287
 30
-20.0736191557
 11
302.06065665013
 21
52.0944293214
 31
-20.0736191557
 12
308.62641551234
 22
50.102728145182
 32
-20.0736191557
 13
308.62641551234
 23
50.102728145182
 33
-20.0736191557
  0
3DFACE
  8
0
1001
WEBCAD
1000
S3D36_1779006461311
 10
260.23249537956
 20
17.766944507287
 30
-20.0736191557
 11
330.23249537956
 21
17.766944507287
 31
-20.0736191557
 12
326.09661719162
 22
-33.24039591088
 32
-20.0736191557
 13
326.09661719162
 23
-33.24039591088
 33
-20.0736191557
  0
3DFACE
  8
0
1001
WEBCAD
1000
S3D36_1779006461311
 10
260.23249537956
 20
17.766944507287
 30
-20.0736191557
 11
326.09661719162
 21
-33.24039591088
 31
-20.0736191557
 12
256.09661719162
 22
-33.24039591088
 32
-20.0736191557
 13
256.09661719162
 23
-33.24039591088
 33
-20.0736191557
  0
3DFACE
  8
0
1001
WEBCAD
1000
S3D36_1779006461311
 10
288.404334109
 20
52.0944293214
 30
-20.0736191557
 11
295.23249537956
 21
52.766944507287
 31
-20.0736191557
 12
308.62641551234
 22
50.102728145182
 32
-20.0736191557
 13
308.62641551234
 23
50.102728145182
 33
-20.0736191557
  0
3DFACE
  8
0
1001
WEBCAD
1000
S3D36_1779006461311
 10
260.90501056545
 20
24.595105777851
 30
-20.0736191557
 11
330.23249537956
 21
17.766944507287
 31
-20.0736191557
 12
260.23249537956
 22
17.766944507287
 32
-20.0736191557
 13
260.23249537956
 23
17.766944507287
 33
-20.0736191557
  0
3DFACE
  8
0
1001
WEBCAD
1000
S3D36_1779006461311
 10
262.89671174167
 20
31.160864640065
 30
-20.0736191557
 11
330.23249537956
 21
17.766944507287
 31
-20.0736191557
 12
260.90501056545
 22
24.595105777851
 32
-20.0736191557
 13
260.90501056545
 23
24.595105777851
 33
-20.0736191557
  0
3DFACE
  8
0
1001
WEBCAD
1000
S3D36_1779006461311
 10
275.78753722388
 20
46.868380937876
 30
-20.0736191557
 11
281.83857524678
 21
50.102728145182
 31
-20.0736191557
 12
288.404334109
 22
52.0944293214
 32
-20.0736191557
 13
288.404334109
 23
52.0944293214
 33
-20.0736191557
  0
3DFACE
  8
0
1001
WEBCAD
1000
S3D36_1779006461311
 10
275.78753722388
 20
46.868380937876
 30
-20.0736191557
 11
319.98123272109
 21
42.515681848816
 31
-20.0736191557
 12
330.23249537956
 22
17.766944507287
 32
-20.0736191557
 13
330.23249537956
 23
17.766944507287
 33
-20.0736191557
  0
3DFACE
  8
0
1001
WEBCAD
1000
S3D36_1779006461311
 10
275.78753722388
 20
46.868380937876
 30
-20.0736191557
 11
308.62641551234
 21
50.102728145182
 31
-20.0736191557
 12
319.98123272109
 22
42.515681848816
 32
-20.0736191557
 13
319.98123272109
 23
42.515681848816
 33
-20.0736191557
  0
3DFACE
  8
0
1001
WEBCAD
1000
S3D36_1779006461311
 10
275.78753722388
 20
46.868380937876
 30
-20.0736191557
 11
288.404334109
 21
52.0944293214
 31
-20.0736191557
 12
308.62641551234
 22
50.102728145182
 32
-20.0736191557
 13
308.62641551234
 23
50.102728145182
 33
-20.0736191557
  0
3DFACE
  8
0
1001
WEBCAD
1000
S3D36_1779006461311
 10
275.78753722388
 20
46.868380937876
 30
-20.0736191557
 11
330.23249537956
 21
17.766944507287
 31
-20.0736191557
 12
262.89671174167
 22
31.160864640065
 32
-20.0736191557
 13
262.89671174167
 23
31.160864640065
 33
-20.0736191557
  0
3DFACE
  8
0
1001
WEBCAD
1000
S3D36_1779006461311
 10
270.48375803803
 20
42.515681848816
 30
-20.0736191557
 11
262.89671174167
 21
31.160864640065
 31
-20.0736191557
 12
266.13105894897
 22
37.211902662973
 32
-20.0736191557
 13
266.13105894897
 23
37.211902662973
 33
-20.0736191557
  0
3DFACE
  8
0
1001
WEBCAD
1000
S3D36_1779006461311
 10
270.48375803803
 20
42.515681848816
 30
-20.0736191557
 11
275.78753722388
 21
46.868380937876
 31
-20.0736191557
 12
262.89671174167
 22
31.160864640065
 32
-20.0736191557
 13
262.89671174167
 23
31.160864640065
 33
-20.0736191557
  0
3DFACE
  8
0
1001
WEBCAD
1000
S3D36_1779006461311
 10
327.56827901746
 20
31.160864640065
 30
-15.0736191557
 11
330.23249537956
 21
17.766944507287
 31
-15.0736191557
 12
329.55998019368
 22
24.595105777851
 32
-15.0736191557
 13
329.55998019368
 23
24.595105777851
 33
-15.0736191557
  0
3DFACE
  8
0
1001
WEBCAD
1000
S3D36_1779006461311
 10
324.33393181015
 20
37.211902662973
 30
-15.0736191557
 11
330.23249537956
 21
17.766944507287
 31
-15.0736191557
 12
327.56827901746
 22
31.160864640065
 32
-15.0736191557
 13
327.56827901746
 23
31.160864640065
 33
-15.0736191557
  0
3DFACE
  8
0
1001
WEBCAD
1000
S3D36_1779006461311
 10
319.98123272109
 20
42.515681848816
 30
-15.0736191557
 11
330.23249537956
 21
17.766944507287
 31
-15.0736191557
 12
324.33393181015
 22
37.211902662973
 32
-15.0736191557
 13
324.33393181015
 23
37.211902662973
 33
-15.0736191557
  0
3DFACE
  8
0
1001
WEBCAD
1000
S3D36_1779006461311
 10
308.62641551234
 20
50.102728145182
 30
-15.0736191557
 11
319.98123272109
 21
42.515681848816
 31
-15.0736191557
 12
314.67745353525
 22
46.868380937876
 32
-15.0736191557
 13
314.67745353525
 23
46.868380937876
 33
-15.0736191557
  0
3DFACE
  8
0
1001
WEBCAD
1000
S3D36_1779006461311
 10
295.23249537956
 20
52.766944507287
 30
-15.0736191557
 11
308.62641551234
 21
50.102728145182
 31
-15.0736191557
 12
302.06065665013
 22
52.0944293214
 32
-15.0736191557
 13
302.06065665013
 23
52.0944293214
 33
-15.0736191557
  0
3DFACE
  8
0
1001
WEBCAD
1000
S3D36_1779006461311
 10
260.23249537956
 20
17.766944507287
 30
-15.0736191557
 11
326.09661719162
 21
-33.24039591088
 31
-15.0736191557
 12
330.23249537956
 22
17.766944507287
 32
-15.0736191557
 13
330.23249537956
 23
17.766944507287
 33
-15.0736191557
  0
3DFACE
  8
0
1001
WEBCAD
1000
S3D36_1779006461311
 10
260.23249537956
 20
17.766944507287
 30
-15.0736191557
 11
256.09661719162
 21
-33.24039591088
 31
-15.0736191557
 12
326.09661719162
 22
-33.24039591088
 32
-15.0736191557
 13
326.09661719162
 23
-33.24039591088
 33
-15.0736191557
  0
3DFACE
  8
0
1001
WEBCAD
1000
S3D36_1779006461311
 10
288.404334109
 20
52.0944293214
 30
-15.0736191557
 11
308.62641551234
 21
50.102728145182
 31
-15.0736191557
 12
295.23249537956
 22
52.766944507287
 32
-15.0736191557
 13
295.23249537956
 23
52.766944507287
 33
-15.0736191557
  0
3DFACE
  8
0
1001
WEBCAD
1000
S3D36_1779006461311
 10
260.90501056545
 20
24.595105777851
 30
-15.0736191557
 11
260.23249537956
 21
17.766944507287
 31
-15.0736191557
 12
330.23249537956
 22
17.766944507287
 32
-15.0736191557
 13
330.23249537956
 23
17.766944507287
 33
-15.0736191557
  0
3DFACE
  8
0
1001
WEBCAD
1000
S3D36_1779006461311
 10
262.89671174167
 20
31.160864640065
 30
-15.0736191557
 11
260.90501056545
 21
24.595105777851
 31
-15.0736191557
 12
330.23249537956
 22
17.766944507287
 32
-15.0736191557
 13
330.23249537956
 23
17.766944507287
 33
-15.0736191557
  0
3DFACE
  8
0
1001
WEBCAD
1000
S3D36_1779006461311
 10
275.78753722388
 20
46.868380937876
 30
-15.0736191557
 11
288.404334109
 21
52.0944293214
 31
-15.0736191557
 12
281.83857524678
 22
50.102728145182
 32
-15.0736191557
 13
281.83857524678
 23
50.102728145182
 33
-15.0736191557
  0
3DFACE
  8
0
1001
WEBCAD
1000
S3D36_1779006461311
 10
275.78753722388
 20
46.868380937876
 30
-15.0736191557
 11
330.23249537956
 21
17.766944507287
 31
-15.0736191557
 12
319.98123272109
 22
42.515681848816
 32
-15.0736191557
 13
319.98123272109
 23
42.515681848816
 33
-15.0736191557
  0
3DFACE
  8
0
1001
WEBCAD
1000
S3D36_1779006461311
 10
275.78753722388
 20
46.868380937876
 30
-15.0736191557
 11
319.98123272109
 21
42.515681848816
 31
-15.0736191557
 12
308.62641551234
 22
50.102728145182
 32
-15.0736191557
 13
308.62641551234
 23
50.102728145182
 33
-15.0736191557
  0
3DFACE
  8
0
1001
WEBCAD
1000
S3D36_1779006461311
 10
275.78753722388
 20
46.868380937876
 30
-15.0736191557
 11
308.62641551234
 21
50.102728145182
 31
-15.0736191557
 12
288.404334109
 22
52.0944293214
 32
-15.0736191557
 13
288.404334109
 23
52.0944293214
 33
-15.0736191557
  0
3DFACE
  8
0
1001
WEBCAD
1000
S3D36_1779006461311
 10
275.78753722388
 20
46.868380937876
 30
-15.0736191557
 11
262.89671174167
 21
31.160864640065
 31
-15.0736191557
 12
330.23249537956
 22
17.766944507287
 32
-15.0736191557
 13
330.23249537956
 23
17.766944507287
 33
-15.0736191557
  0
3DFACE
  8
0
1001
WEBCAD
1000
S3D36_1779006461311
 10
270.48375803803
 20
42.515681848816
 30
-15.0736191557
 11
266.13105894897
 21
37.211902662973
 31
-15.0736191557
 12
262.89671174167
 22
31.160864640065
 32
-15.0736191557
 13
262.89671174167
 23
31.160864640065
 33
-15.0736191557
  0
3DFACE
  8
0
1001
WEBCAD
1000
S3D36_1779006461311
 10
270.48375803803
 20
42.515681848816
 30
-15.0736191557
 11
262.89671174167
 21
31.160864640065
 31
-15.0736191557
 12
275.78753722388
 22
46.868380937876
 32
-15.0736191557
 13
275.78753722388
 23
46.868380937876
 33
-15.0736191557
  0
CIRCLE
  8
0
 10
384.5932338131004
 20
150.73070555621638
 30
0
 40
13.390191416353995
  0
POLYLINE
  8
0
 66
1
 70
0
  0
VERTEX
  8
0
 10
420.5064400076816
 20
159.28102158211277
 30
0.0
  0
VERTEX
  8
0
 10
443.505784955526
 20
196.03299615656366
 30
0.0
  0
VERTEX
  8
0
 10
489.104240234522
 20
211.6978923712708
 30
0.0
  0
VERTEX
  8
0
 10
540.7875158341593
 20
169.94355122356004
 30
0.0
 42
-0.420409056427355
  0
VERTEX
  8
0
 10
558.0998967586694
 20
93.29630055419976
 30
0.0
 42
-0.3963758962427187
  0
VERTEX
  8
0
 10
479.01397308470143
 20
91.85518524822756
 30
0.0
  0
VERTEX
  8
0
 10
452.2722154234792
 20
101.74403693019178
 30
0.0
  0
SEQEND
  0
3DFACE
  8
0
1001
WEBCAD
1000
S3D37_1779006631276
 10
420.5064392089844
 20
159.28102111816406
 30
13.390191078186035
 11
443.50579833984375
 21
196.03298950195312
 31
13.390191078186035
 12
447.66998291015625
 22
190.79049682617188
 32
11.596245765686035
 13
447.66998291015625
 23
190.79049682617188
 33
11.596245765686035
  0
3DFACE
  8
0
1001
WEBCAD
1000
S3D37_1779006631276
 10
420.5064392089844
 20
159.28102111816406
 30
13.390191078186035
 11
447.66998291015625
 21
190.79049682617188
 31
11.596245765686035
 12
426.18182373046875
 22
155.7293701171875
 32
11.596245765686035
 13
426.18182373046875
 23
155.7293701171875
 33
11.596245765686035
  0
3DFACE
  8
0
1001
WEBCAD
1000
S3D37_1779006631276
 10
426.18182373046875
 20
155.7293701171875
 30
11.596245765686035
 11
447.66998291015625
 21
190.79049682617188
 31
11.596245765686035
 12
450.7183837890625
 22
186.95272827148438
 32
6.695095539093018
 13
450.7183837890625
 23
186.95272827148438
 33
6.695095539093018
  0
3DFACE
  8
0
1001
WEBCAD
1000
S3D37_1779006631276
 10
426.18182373046875
 20
155.7293701171875
 30
11.596245765686035
 11
450.7183837890625
 21
186.95272827148438
 31
6.695095539093018
 12
430.3365173339844
 22
153.12937927246094
 32
6.695095539093018
 13
430.3365173339844
 23
153.12937927246094
 33
6.695095539093018
  0
3DFACE
  8
0
1001
WEBCAD
1000
S3D37_1779006631276
 10
430.3365173339844
 20
153.12937927246094
 30
6.695095539093018
 11
450.7183837890625
 21
186.95272827148438
 31
6.695095539093018
 12
451.83416748046875
 22
185.54800415039062
 32
8.199127522282306e-16
 13
451.83416748046875
 23
185.54800415039062
 33
8.199127522282306e-16
  0
3DFACE
  8
0
1001
WEBCAD
1000
S3D37_1779006631276
 10
430.3365173339844
 20
153.12937927246094
 30
6.695095539093018
 11
451.83416748046875
 21
185.54800415039062
 31
8.199127522282306e-16
 12
431.8572082519531
 22
152.17771911621094
 32
8.199127522282306e-16
 13
431.8572082519531
 23
152.17771911621094
 33
8.199127522282306e-16
  0
3DFACE
  8
0
1001
WEBCAD
1000
S3D37_1779006631276
 10
431.8572082519531
 20
152.17771911621094
 30
8.199127522282306e-16
 11
451.83416748046875
 21
185.54800415039062
 31
8.199127522282306e-16
 12
450.7183837890625
 22
186.95272827148438
 32
-6.695095539093018
 13
450.7183837890625
 23
186.95272827148438
 33
-6.695095539093018
  0
3DFACE
  8
0
1001
WEBCAD
1000
S3D37_1779006631276
 10
431.8572082519531
 20
152.17771911621094
 30
8.199127522282306e-16
 11
450.7183837890625
 21
186.95272827148438
 31
-6.695095539093018
 12
430.3365173339844
 22
153.12937927246094
 32
-6.695095539093018
 13
430.3365173339844
 23
153.12937927246094
 33
-6.695095539093018
  0
3DFACE
  8
0
1001
WEBCAD
1000
S3D37_1779006631276
 10
430.3365173339844
 20
153.12937927246094
 30
-6.695095539093018
 11
450.7183837890625
 21
186.95272827148438
 31
-6.695095539093018
 12
447.66998291015625
 22
190.79049682617188
 32
-11.596245765686035
 13
447.66998291015625
 23
190.79049682617188
 33
-11.596245765686035
  0
3DFACE
  8
0
1001
WEBCAD
1000
S3D37_1779006631276
 10
430.3365173339844
 20
153.12937927246094
 30
-6.695095539093018
 11
447.66998291015625
 21
190.79049682617188
 31
-11.596245765686035
 12
426.18182373046875
 22
155.7293701171875
 32
-11.596245765686035
 13
426.18182373046875
 23
155.7293701171875
 33
-11.596245765686035
  0
3DFACE
  8
0
1001
WEBCAD
1000
S3D37_1779006631276
 10
426.18182373046875
 20
155.7293701171875
 30
-11.596245765686035
 11
447.66998291015625
 21
190.79049682617188
 31
-11.596245765686035
 12
443.50579833984375
 22
196.03298950195312
 32
-13.390191078186035
 13
443.50579833984375
 23
196.03298950195312
 33
-13.390191078186035
  0
3DFACE
  8
0
1001
WEBCAD
1000
S3D37_1779006631276
 10
426.18182373046875
 20
155.7293701171875
 30
-11.596245765686035
 11
443.50579833984375
 21
196.03298950195312
 31
-13.390191078186035
 12
420.5064392089844
 22
159.28102111816406
 32
-13.390191078186035
 13
420.5064392089844
 23
159.28102111816406
 33
-13.390191078186035
  0
3DFACE
  8
0
1001
WEBCAD
1000
S3D37_1779006631276
 10
420.5064392089844
 20
159.28102111816406
 30
-13.390191078186035
 11
443.50579833984375
 21
196.03298950195312
 31
-13.390191078186035
 12
439.3415832519531
 22
201.27549743652344
 32
-11.596245765686035
 13
439.3415832519531
 23
201.27549743652344
 33
-11.596245765686035
  0
3DFACE
  8
0
1001
WEBCAD
1000
S3D37_1779006631276
 10
420.5064392089844
 20
159.28102111816406
 30
-13.390191078186035
 11
439.3415832519531
 21
201.27549743652344
 31
-11.596245765686035
 12
414.8310546875
 22
162.83267211914062
 32
-11.596245765686035
 13
414.8310546875
 23
162.83267211914062
 33
-11.596245765686035
  0
3DFACE
  8
0
1001
WEBCAD
1000
S3D37_1779006631276
 10
414.8310546875
 20
162.83267211914062
 30
-11.596245765686035
 11
439.3415832519531
 21
201.27549743652344
 31
-11.596245765686035
 12
436.2931823730469
 22
205.11326599121094
 32
-6.695095539093018
 13
436.2931823730469
 23
205.11326599121094
 33
-6.695095539093018
  0
3DFACE
  8
0
1001
WEBCAD
1000
S3D37_1779006631276
 10
414.8310546875
 20
162.83267211914062
 30
-11.596245765686035
 11
436.2931823730469
 21
205.11326599121094
 31
-6.695095539093018
 12
410.6763610839844
 22
165.4326629638672
 32
-6.695095539093018
 13
410.6763610839844
 23
165.4326629638672
 33
-6.695095539093018
  0
3DFACE
  8
0
1001
WEBCAD
1000
S3D37_1779006631276
 10
410.6763610839844
 20
165.4326629638672
 30
-6.695095539093018
 11
436.2931823730469
 21
205.11326599121094
 31
-6.695095539093018
 12
435.1773986816406
 22
206.5179901123047
 32
-2.45973836256381e-15
 13
435.1773986816406
 23
206.5179901123047
 33
-2.45973836256381e-15
  0
3DFACE
  8
0
1001
WEBCAD
1000
S3D37_1779006631276
 10
410.6763610839844
 20
165.4326629638672
 30
-6.695095539093018
 11
435.1773986816406
 21
206.5179901123047
 31
-2.45973836256381e-15
 12
409.1556701660156
 22
166.3843231201172
 32
-2.45973836256381e-15
 13
409.1556701660156
 23
166.3843231201172
 33
-2.45973836256381e-15
  0
3DFACE
  8
0
1001
WEBCAD
1000
S3D37_1779006631276
 10
409.1556701660156
 20
166.3843231201172
 30
-2.45973836256381e-15
 11
435.1773986816406
 21
206.5179901123047
 31
-2.45973836256381e-15
 12
436.2931823730469
 22
205.11326599121094
 32
6.695095539093018
 13
436.2931823730469
 23
205.11326599121094
 33
6.695095539093018
  0
3DFACE
  8
0
1001
WEBCAD
1000
S3D37_1779006631276
 10
409.1556701660156
 20
166.3843231201172
 30
-2.45973836256381e-15
 11
436.2931823730469
 21
205.11326599121094
 31
6.695095539093018
 12
410.6763610839844
 22
165.4326629638672
 32
6.695095539093018
 13
410.6763610839844
 23
165.4326629638672
 33
6.695095539093018
  0
3DFACE
  8
0
1001
WEBCAD
1000
S3D37_1779006631276
 10
410.6763610839844
 20
165.4326629638672
 30
6.695095539093018
 11
436.2931823730469
 21
205.11326599121094
 31
6.695095539093018
 12
439.3415832519531
 22
201.27549743652344
 32
11.596245765686035
 13
439.3415832519531
 23
201.27549743652344
 33
11.596245765686035
  0
3DFACE
  8
0
1001
WEBCAD
1000
S3D37_1779006631276
 10
410.6763610839844
 20
165.4326629638672
 30
6.695095539093018
 11
439.3415832519531
 21
201.27549743652344
 31
11.596245765686035
 12
414.8310546875
 22
162.83267211914062
 32
11.596245765686035
 13
414.8310546875
 23
162.83267211914062
 33
11.596245765686035
  0
3DFACE
  8
0
1001
WEBCAD
1000
S3D37_1779006631276
 10
414.8310546875
 20
162.83267211914062
 30
11.596245765686035
 11
439.3415832519531
 21
201.27549743652344
 31
11.596245765686035
 12
443.50579833984375
 22
196.03298950195312
 32
13.390191078186035
 13
443.50579833984375
 23
196.03298950195312
 33
13.390191078186035
  0
3DFACE
  8
0
1001
WEBCAD
1000
S3D37_1779006631276
 10
414.8310546875
 20
162.83267211914062
 30
11.596245765686035
 11
443.50579833984375
 21
196.03298950195312
 31
13.390191078186035
 12
420.5064392089844
 22
159.28102111816406
 32
13.390191078186035
 13
420.5064392089844
 23
159.28102111816406
 33
13.390191078186035
  0
3DFACE
  8
0
1001
WEBCAD
1000
S3D37_1779006631276
 10
443.50579833984375
 20
196.03298950195312
 30
13.390191078186035
 11
489.104248046875
 21
211.69789123535156
 31
13.390191078186035
 12
487.943115234375
 22
205.104248046875
 32
11.596245765686035
 13
487.943115234375
 23
205.104248046875
 33
11.596245765686035
  0
3DFACE
  8
0
1001
WEBCAD
1000
S3D37_1779006631276
 10
443.50579833984375
 20
196.03298950195312
 30
13.390191078186035
 11
487.943115234375
 21
205.104248046875
 31
11.596245765686035
 12
447.66998291015625
 22
190.79049682617188
 32
11.596245765686035
 13
447.66998291015625
 23
190.79049682617188
 33
11.596245765686035
  0
3DFACE
  8
0
1001
WEBCAD
1000
S3D37_1779006631276
 10
447.66998291015625
 20
190.79049682617188
 30
11.596245765686035
 11
487.943115234375
 21
205.104248046875
 31
11.596245765686035
 12
487.0931091308594
 22
200.27737426757812
 32
6.695095539093018
 13
487.0931091308594
 23
200.27737426757812
 33
6.695095539093018
  0
3DFACE
  8
0
1001
WEBCAD
1000
S3D37_1779006631276
 10
447.66998291015625
 20
190.79049682617188
 30
11.596245765686035
 11
487.0931091308594
 21
200.27737426757812
 31
6.695095539093018
 12
450.7183837890625
 22
186.95272827148438
 32
6.695095539093018
 13
450.7183837890625
 23
186.95272827148438
 33
6.695095539093018
  0
3DFACE
  8
0
1001
WEBCAD
1000
S3D37_1779006631276
 10
450.7183837890625
 20
186.95272827148438
 30
6.695095539093018
 11
487.0931091308594
 21
200.27737426757812
 31
6.695095539093018
 12
486.781982421875
 22
198.5106201171875
 32
8.199127522282306e-16
 13
486.781982421875
 23
198.5106201171875
 33
8.199127522282306e-16
  0
3DFACE
  8
0
1001
WEBCAD
1000
S3D37_1779006631276
 10
450.7183837890625
 20
186.95272827148438
 30
6.695095539093018
 11
486.781982421875
 21
198.5106201171875
 31
8.199127522282306e-16
 12
451.83416748046875
 22
185.54800415039062
 32
8.199127522282306e-16
 13
451.83416748046875
 23
185.54800415039062
 33
8.199127522282306e-16
  0
3DFACE
  8
0
1001
WEBCAD
1000
S3D37_1779006631276
 10
451.83416748046875
 20
185.54800415039062
 30
8.199127522282306e-16
 11
486.781982421875
 21
198.5106201171875
 31
8.199127522282306e-16
 12
487.0931091308594
 22
200.27737426757812
 32
-6.695095539093018
 13
487.0931091308594
 23
200.27737426757812
 33
-6.695095539093018
  0
3DFACE
  8
0
1001
WEBCAD
1000
S3D37_1779006631276
 10
451.83416748046875
 20
185.54800415039062
 30
8.199127522282306e-16
 11
487.0931091308594
 21
200.27737426757812
 31
-6.695095539093018
 12
450.7183837890625
 22
186.95272827148438
 32
-6.695095539093018
 13
450.7183837890625
 23
186.95272827148438
 33
-6.695095539093018
  0
3DFACE
  8
0
1001
WEBCAD
1000
S3D37_1779006631276
 10
450.7183837890625
 20
186.95272827148438
 30
-6.695095539093018
 11
487.0931091308594
 21
200.27737426757812
 31
-6.695095539093018
 12
487.943115234375
 22
205.104248046875
 32
-11.596245765686035
 13
487.943115234375
 23
205.104248046875
 33
-11.596245765686035
  0
3DFACE
  8
0
1001
WEBCAD
1000
S3D37_1779006631276
 10
450.7183837890625
 20
186.95272827148438
 30
-6.695095539093018
 11
487.943115234375
 21
205.104248046875
 31
-11.596245765686035
 12
447.66998291015625
 22
190.79049682617188
 32
-11.596245765686035
 13
447.66998291015625
 23
190.79049682617188
 33
-11.596245765686035
  0
3DFACE
  8
0
1001
WEBCAD
1000
S3D37_1779006631276
 10
447.66998291015625
 20
190.79049682617188
 30
-11.596245765686035
 11
487.943115234375
 21
205.104248046875
 31
-11.596245765686035
 12
489.104248046875
 22
211.69789123535156
 32
-13.390191078186035
 13
489.104248046875
 23
211.69789123535156
 33
-13.390191078186035
  0
3DFACE
  8
0
1001
WEBCAD
1000
S3D37_1779006631276
 10
447.66998291015625
 20
190.79049682617188
 30
-11.596245765686035
 11
489.104248046875
 21
211.69789123535156
 31
-13.390191078186035
 12
443.50579833984375
 22
196.03298950195312
 32
-13.390191078186035
 13
443.50579833984375
 23
196.03298950195312
 33
-13.390191078186035
  0
3DFACE
  8
0
1001
WEBCAD
1000
S3D37_1779006631276
 10
443.50579833984375
 20
196.03298950195312
 30
-13.390191078186035
 11
489.104248046875
 21
211.69789123535156
 31
-13.390191078186035
 12
490.265380859375
 22
218.29153442382812
 32
-11.596245765686035
 13
490.265380859375
 23
218.29153442382812
 33
-11.596245765686035
  0
3DFACE
  8
0
1001
WEBCAD
1000
S3D37_1779006631276
 10
443.50579833984375
 20
196.03298950195312
 30
-13.390191078186035
 11
490.265380859375
 21
218.29153442382812
 31
-11.596245765686035
 12
439.3415832519531
 22
201.27549743652344
 32
-11.596245765686035
 13
439.3415832519531
 23
201.27549743652344
 33
-11.596245765686035
  0
3DFACE
  8
0
1001
WEBCAD
1000
S3D37_1779006631276
 10
439.3415832519531
 20
201.27549743652344
 30
-11.596245765686035
 11
490.265380859375
 21
218.29153442382812
 31
-11.596245765686035
 12
491.1153869628906
 22
223.118408203125
 32
-6.695095539093018
 13
491.1153869628906
 23
223.118408203125
 33
-6.695095539093018
  0
3DFACE
  8
0
1001
WEBCAD
1000
S3D37_1779006631276
 10
439.3415832519531
 20
201.27549743652344
 30
-11.596245765686035
 11
491.1153869628906
 21
223.118408203125
 31
-6.695095539093018
 12
436.2931823730469
 22
205.11326599121094
 32
-6.695095539093018
 13
436.2931823730469
 23
205.11326599121094
 33
-6.695095539093018
  0
3DFACE
  8
0
1001
WEBCAD
1000
S3D37_1779006631276
 10
436.2931823730469
 20
205.11326599121094
 30
-6.695095539093018
 11
491.1153869628906
 21
223.118408203125
 31
-6.695095539093018
 12
491.426513671875
 22
224.88516235351562
 32
-2.45973836256381e-15
 13
491.426513671875
 23
224.88516235351562
 33
-2.45973836256381e-15
  0
3DFACE
  8
0
1001
WEBCAD
1000
S3D37_1779006631276
 10
436.2931823730469
 20
205.11326599121094
 30
-6.695095539093018
 11
491.426513671875
 21
224.88516235351562
 31
-2.45973836256381e-15
 12
435.1773986816406
 22
206.5179901123047
 32
-2.45973836256381e-15
 13
435.1773986816406
 23
206.5179901123047
 33
-2.45973836256381e-15
  0
3DFACE
  8
0
1001
WEBCAD
1000
S3D37_1779006631276
 10
435.1773986816406
 20
206.5179901123047
 30
-2.45973836256381e-15
 11
491.426513671875
 21
224.88516235351562
 31
-2.45973836256381e-15
 12
491.1153869628906
 22
223.118408203125
 32
6.695095539093018
 13
491.1153869628906
 23
223.118408203125
 33
6.695095539093018
  0
3DFACE
  8
0
1001
WEBCAD
1000
S3D37_1779006631276
 10
435.1773986816406
 20
206.5179901123047
 30
-2.45973836256381e-15
 11
491.1153869628906
 21
223.118408203125
 31
6.695095539093018
 12
436.2931823730469
 22
205.11326599121094
 32
6.695095539093018
 13
436.2931823730469
 23
205.11326599121094
 33
6.695095539093018
  0
3DFACE
  8
0
1001
WEBCAD
1000
S3D37_1779006631276
 10
436.2931823730469
 20
205.11326599121094
 30
6.695095539093018
 11
491.1153869628906
 21
223.118408203125
 31
6.695095539093018
 12
490.265380859375
 22
218.29153442382812
 32
11.596245765686035
 13
490.265380859375
 23
218.29153442382812
 33
11.596245765686035
  0
3DFACE
  8
0
1001
WEBCAD
1000
S3D37_1779006631276
 10
436.2931823730469
 20
205.11326599121094
 30
6.695095539093018
 11
490.265380859375
 21
218.29153442382812
 31
11.596245765686035
 12
439.3415832519531
 22
201.27549743652344
 32
11.596245765686035
 13
439.3415832519531
 23
201.27549743652344
 33
11.596245765686035
  0
3DFACE
  8
0
1001
WEBCAD
1000
S3D37_1779006631276
 10
439.3415832519531
 20
201.27549743652344
 30
11.596245765686035
 11
490.265380859375
 21
218.29153442382812
 31
11.596245765686035
 12
489.104248046875
 22
211.69789123535156
 32
13.390191078186035
 13
489.104248046875
 23
211.69789123535156
 33
13.390191078186035
  0
3DFACE
  8
0
1001
WEBCAD
1000
S3D37_1779006631276
 10
439.3415832519531
 20
201.27549743652344
 30
11.596245765686035
 11
489.104248046875
 21
211.69789123535156
 31
13.390191078186035
 12
443.50579833984375
 22
196.03298950195312
 32
13.390191078186035
 13
443.50579833984375
 23
196.03298950195312
 33
13.390191078186035
  0
3DFACE
  8
0
1001
WEBCAD
1000
S3D37_1779006631276
 10
489.104248046875
 20
211.69789123535156
 30
13.390191078186035
 11
540.7875366210938
 21
169.9435577392578
 31
13.390191078186035
 12
536.6516723632812
 22
164.6786346435547
 32
11.596245765686035
 13
536.6516723632812
 23
164.6786346435547
 33
11.596245765686035
  0
3DFACE
  8
0
1001
WEBCAD
1000
S3D37_1779006631276
 10
489.104248046875
 20
211.69789123535156
 30
13.390191078186035
 11
536.6516723632812
 21
164.6786346435547
 31
11.596245765686035
 12
487.943115234375
 22
205.104248046875
 32
11.596245765686035
 13
487.943115234375
 23
205.104248046875
 33
11.596245765686035
  0
3DFACE
  8
0
1001
WEBCAD
1000
S3D37_1779006631276
 10
487.943115234375
 20
205.104248046875
 30
11.596245765686035
 11
536.6516723632812
 21
164.6786346435547
 31
11.596245765686035
 12
533.6240844726562
 22
160.824462890625
 32
6.695095539093018
 13
533.6240844726562
 23
160.824462890625
 33
6.695095539093018
  0
3DFACE
  8
0
1001
WEBCAD
1000
S3D37_1779006631276
 10
487.943115234375
 20
205.104248046875
 30
11.596245765686035
 11
533.6240844726562
 21
160.824462890625
 31
6.695095539093018
 12
487.0931091308594
 22
200.27737426757812
 32
6.695095539093018
 13
487.0931091308594
 23
200.27737426757812
 33
6.695095539093018
  0
3DFACE
  8
0
1001
WEBCAD
1000
S3D37_1779006631276
 10
487.0931091308594
 20
200.27737426757812
 30
6.695095539093018
 11
533.6240844726562
 21
160.824462890625
 31
6.695095539093018
 12
532.515869140625
 22
159.41372680664062
 32
8.199127522282306e-16
 13
532.515869140625
 23
159.41372680664062
 33
8.199127522282306e-16
  0
3DFACE
  8
0
1001
WEBCAD
1000
S3D37_1779006631276
 10
487.0931091308594
 20
200.27737426757812
 30
6.695095539093018
 11
532.515869140625
 21
159.41372680664062
 31
8.199127522282306e-16
 12
486.781982421875
 22
198.5106201171875
 32
8.199127522282306e-16
 13
486.781982421875
 23
198.5106201171875
 33
8.199127522282306e-16
  0
3DFACE
  8
0
1001
WEBCAD
1000
S3D37_1779006631276
 10
486.781982421875
 20
198.5106201171875
 30
8.199127522282306e-16
 11
532.515869140625
 21
159.41372680664062
 31
8.199127522282306e-16
 12
533.6240844726562
 22
160.824462890625
 32
-6.695095539093018
 13
533.6240844726562
 23
160.824462890625
 33
-6.695095539093018
  0
3DFACE
  8
0
1001
WEBCAD
1000
S3D37_1779006631276
 10
486.781982421875
 20
198.5106201171875
 30
8.199127522282306e-16
 11
533.6240844726562
 21
160.824462890625
 31
-6.695095539093018
 12
487.0931091308594
 22
200.27737426757812
 32
-6.695095539093018
 13
487.0931091308594
 23
200.27737426757812
 33
-6.695095539093018
  0
3DFACE
  8
0
1001
WEBCAD
1000
S3D37_1779006631276
 10
487.0931091308594
 20
200.27737426757812
 30
-6.695095539093018
 11
533.6240844726562
 21
160.824462890625
 31
-6.695095539093018
 12
536.6516723632812
 22
164.6786346435547
 32
-11.596245765686035
 13
536.6516723632812
 23
164.6786346435547
 33
-11.596245765686035
  0
3DFACE
  8
0
1001
WEBCAD
1000
S3D37_1779006631276
 10
487.0931091308594
 20
200.27737426757812
 30
-6.695095539093018
 11
536.6516723632812
 21
164.6786346435547
 31
-11.596245765686035
 12
487.943115234375
 22
205.104248046875
 32
-11.596245765686035
 13
487.943115234375
 23
205.104248046875
 33
-11.596245765686035
  0
3DFACE
  8
0
1001
WEBCAD
1000
S3D37_1779006631276
 10
487.943115234375
 20
205.104248046875
 30
-11.596245765686035
 11
536.6516723632812
 21
164.6786346435547
 31
-11.596245765686035
 12
540.7875366210938
 22
169.9435577392578
 32
-13.390191078186035
 13
540.7875366210938
 23
169.9435577392578
 33
-13.390191078186035
  0
3DFACE
  8
0
1001
WEBCAD
1000
S3D37_1779006631276
 10
487.943115234375
 20
205.104248046875
 30
-11.596245765686035
 11
540.7875366210938
 21
169.9435577392578
 31
-13.390191078186035
 12
489.104248046875
 22
211.69789123535156
 32
-13.390191078186035
 13
489.104248046875
 23
211.69789123535156
 33
-13.390191078186035
  0
3DFACE
  8
0
1001
WEBCAD
1000
S3D37_1779006631276
 10
489.104248046875
 20
211.69789123535156
 30
-13.390191078186035
 11
540.7875366210938
 21
169.9435577392578
 31
-13.390191078186035
 12
544.92333984375
 22
175.20846557617188
 32
-11.596245765686035
 13
544.92333984375
 23
175.20846557617188
 33
-11.596245765686035
  0
3DFACE
  8
0
1001
WEBCAD
1000
S3D37_1779006631276
 10
489.104248046875
 20
211.69789123535156
 30
-13.390191078186035
 11
544.92333984375
 21
175.20846557617188
 31
-11.596245765686035
 12
490.265380859375
 22
218.29153442382812
 32
-11.596245765686035
 13
490.265380859375
 23
218.29153442382812
 33
-11.596245765686035
  0
3DFACE
  8
0
1001
WEBCAD
1000
S3D37_1779006631276
 10
490.265380859375
 20
218.29153442382812
 30
-11.596245765686035
 11
544.92333984375
 21
175.20846557617188
 31
-11.596245765686035
 12
547.9509887695312
 22
179.06263732910156
 32
-6.695095539093018
 13
547.9509887695312
 23
179.06263732910156
 33
-6.695095539093018
  0
3DFACE
  8
0
1001
WEBCAD
1000
S3D37_1779006631276
 10
490.265380859375
 20
218.29153442382812
 30
-11.596245765686035
 11
547.9509887695312
 21
179.06263732910156
 31
-6.695095539093018
 12
491.1153869628906
 22
223.118408203125
 32
-6.695095539093018
 13
491.1153869628906
 23
223.118408203125
 33
-6.695095539093018
  0
3DFACE
  8
0
1001
WEBCAD
1000
S3D37_1779006631276
 10
491.1153869628906
 20
223.118408203125
 30
-6.695095539093018
 11
547.9509887695312
 21
179.06263732910156
 31
-6.695095539093018
 12
549.0591430664062
 22
180.47337341308594
 32
-2.45973836256381e-15
 13
549.0591430664062
 23
180.47337341308594
 33
-2.45973836256381e-15
  0
3DFACE
  8
0
1001
WEBCAD
1000
S3D37_1779006631276
 10
491.1153869628906
 20
223.118408203125
 30
-6.695095539093018
 11
549.0591430664062
 21
180.47337341308594
 31
-2.45973836256381e-15
 12
491.426513671875
 22
224.88516235351562
 32
-2.45973836256381e-15
 13
491.426513671875
 23
224.88516235351562
 33
-2.45973836256381e-15
  0
3DFACE
  8
0
1001
WEBCAD
1000
S3D37_1779006631276
 10
491.426513671875
 20
224.88516235351562
 30
-2.45973836256381e-15
 11
549.0591430664062
 21
180.47337341308594
 31
-2.45973836256381e-15
 12
547.9509887695312
 22
179.06263732910156
 32
6.695095539093018
 13
547.9509887695312
 23
179.06263732910156
 33
6.695095539093018
  0
3DFACE
  8
0
1001
WEBCAD
1000
S3D37_1779006631276
 10
491.426513671875
 20
224.88516235351562
 30
-2.45973836256381e-15
 11
547.9509887695312
 21
179.06263732910156
 31
6.695095539093018
 12
491.1153869628906
 22
223.118408203125
 32
6.695095539093018
 13
491.1153869628906
 23
223.118408203125
 33
6.695095539093018
  0
3DFACE
  8
0
1001
WEBCAD
1000
S3D37_1779006631276
 10
491.1153869628906
 20
223.118408203125
 30
6.695095539093018
 11
547.9509887695312
 21
179.06263732910156
 31
6.695095539093018
 12
544.92333984375
 22
175.20846557617188
 32
11.596245765686035
 13
544.92333984375
 23
175.20846557617188
 33
11.596245765686035
  0
3DFACE
  8
0
1001
WEBCAD
1000
S3D37_1779006631276
 10
491.1153869628906
 20
223.118408203125
 30
6.695095539093018
 11
544.92333984375
 21
175.20846557617188
 31
11.596245765686035
 12
490.265380859375
 22
218.29153442382812
 32
11.596245765686035
 13
490.265380859375
 23
218.29153442382812
 33
11.596245765686035
  0
3DFACE
  8
0
1001
WEBCAD
1000
S3D37_1779006631276
 10
490.265380859375
 20
218.29153442382812
 30
11.596245765686035
 11
544.92333984375
 21
175.20846557617188
 31
11.596245765686035
 12
540.7875366210938
 22
169.9435577392578
 32
13.390191078186035
 13
540.7875366210938
 23
169.9435577392578
 33
13.390191078186035
  0
3DFACE
  8
0
1001
WEBCAD
1000
S3D37_1779006631276
 10
490.265380859375
 20
218.29153442382812
 30
11.596245765686035
 11
540.7875366210938
 21
169.9435577392578
 31
13.390191078186035
 12
489.104248046875
 22
211.69789123535156
 32
13.390191078186035
 13
489.104248046875
 23
211.69789123535156
 33
13.390191078186035
  0
3DFACE
  8
0
1001
WEBCAD
1000
S3D37_1779006631276
 10
540.7875366210938
 20
169.9435577392578
 30
13.390191078186035
 11
549.468994140625
 21
163.31373596191406
 31
13.390191078186035
 12
544.8970947265625
 22
158.42271423339844
 32
11.596245765686035
 13
544.8970947265625
 23
158.42271423339844
 33
11.596245765686035
  0
3DFACE
  8
0
1001
WEBCAD
1000
S3D37_1779006631276
 10
540.7875366210938
 20
169.9435577392578
 30
13.390191078186035
 11
544.8970947265625
 21
158.42271423339844
 31
11.596245765686035
 12
536.6516723632812
 22
164.6786346435547
 32
11.596245765686035
 13
536.6516723632812
 23
164.6786346435547
 33
11.596245765686035
  0
3DFACE
  8
0
1001
WEBCAD
1000
S3D37_1779006631276
 10
536.6516723632812
 20
164.6786346435547
 30
11.596245765686035
 11
544.8970947265625
 21
158.42271423339844
 31
11.596245765686035
 12
541.5502319335938
 22
154.84225463867188
 32
6.695095539093018
 13
541.5502319335938
 23
154.84225463867188
 33
6.695095539093018
  0
3DFACE
  8
0
1001
WEBCAD
1000
S3D37_1779006631276
 10
536.6516723632812
 20
164.6786346435547
 30
11.596245765686035
 11
541.5502319335938
 21
154.84225463867188
 31
6.695095539093018
 12
533.6240844726562
 22
160.824462890625
 32
6.695095539093018
 13
533.6240844726562
 23
160.824462890625
 33
6.695095539093018
  0
3DFACE
  8
0
1001
WEBCAD
1000
S3D37_1779006631276
 10
533.6240844726562
 20
160.824462890625
 30
6.695095539093018
 11
541.5502319335938
 21
154.84225463867188
 31
6.695095539093018
 12
540.3251953125
 22
153.53170776367188
 32
8.199127522282306e-16
 13
540.3251953125
 23
153.53170776367188
 33
8.199127522282306e-16
  0
3DFACE
  8
0
1001
WEBCAD
1000
S3D37_1779006631276
 10
533.6240844726562
 20
160.824462890625
 30
6.695095539093018
 11
540.3251953125
 21
153.53170776367188
 31
8.199127522282306e-16
 12
532.515869140625
 22
159.41372680664062
 32
8.199127522282306e-16
 13
532.515869140625
 23
159.41372680664062
 33
8.199127522282306e-16
  0
3DFACE
  8
0
1001
WEBCAD
1000
S3D37_1779006631276
 10
532.515869140625
 20
159.41372680664062
 30
8.199127522282306e-16
 11
540.3251953125
 21
153.53170776367188
 31
8.199127522282306e-16
 12
541.5502319335938
 22
154.84225463867188
 32
-6.695095539093018
 13
541.5502319335938
 23
154.84225463867188
 33
-6.695095539093018
  0
3DFACE
  8
0
1001
WEBCAD
1000
S3D37_1779006631276
 10
532.515869140625
 20
159.41372680664062
 30
8.199127522282306e-16
 11
541.5502319335938
 21
154.84225463867188
 31
-6.695095539093018
 12
533.6240844726562
 22
160.824462890625
 32
-6.695095539093018
 13
533.6240844726562
 23
160.824462890625
 33
-6.695095539093018
  0
3DFACE
  8
0
1001
WEBCAD
1000
S3D37_1779006631276
 10
533.6240844726562
 20
160.824462890625
 30
-6.695095539093018
 11
541.5502319335938
 21
154.84225463867188
 31
-6.695095539093018
 12
544.8970947265625
 22
158.42271423339844
 32
-11.596245765686035
 13
544.8970947265625
 23
158.42271423339844
 33
-11.596245765686035
  0
3DFACE
  8
0
1001
WEBCAD
1000
S3D37_1779006631276
 10
533.6240844726562
 20
160.824462890625
 30
-6.695095539093018
 11
544.8970947265625
 21
158.42271423339844
 31
-11.596245765686035
 12
536.6516723632812
 22
164.6786346435547
 32
-11.596245765686035
 13
536.6516723632812
 23
164.6786346435547
 33
-11.596245765686035
  0
3DFACE
  8
0
1001
WEBCAD
1000
S3D37_1779006631276
 10
536.6516723632812
 20
164.6786346435547
 30
-11.596245765686035
 11
544.8970947265625
 21
158.42271423339844
 31
-11.596245765686035
 12
549.468994140625
 22
163.31373596191406
 32
-13.390191078186035
 13
549.468994140625
 23
163.31373596191406
 33
-13.390191078186035
  0
3DFACE
  8
0
1001
WEBCAD
1000
S3D37_1779006631276
 10
536.6516723632812
 20
164.6786346435547
 30
-11.596245765686035
 11
549.468994140625
 21
163.31373596191406
 31
-13.390191078186035
 12
540.7875366210938
 22
169.9435577392578
 32
-13.390191078186035
 13
540.7875366210938
 23
169.9435577392578
 33
-13.390191078186035
  0
3DFACE
  8
0
1001
WEBCAD
1000
S3D37_1779006631276
 10
540.7875366210938
 20
169.9435577392578
 30
-13.390191078186035
 11
549.468994140625
 21
163.31373596191406
 31
-13.390191078186035
 12
554.0408935546875
 22
168.20474243164062
 32
-11.596245765686035
 13
554.0408935546875
 23
168.20474243164062
 33
-11.596245765686035
  0
3DFACE
  8
0
1001
WEBCAD
1000
S3D37_1779006631276
 10
540.7875366210938
 20
169.9435577392578
 30
-13.390191078186035
 11
554.0408935546875
 21
168.20474243164062
 31
-11.596245765686035
 12
544.92333984375
 22
175.20846557617188
 32
-11.596245765686035
 13
544.92333984375
 23
175.20846557617188
 33
-11.596245765686035
  0
3DFACE
  8
0
1001
WEBCAD
1000
S3D37_1779006631276
 10
544.92333984375
 20
175.20846557617188
 30
-11.596245765686035
 11
554.0408935546875
 21
168.20474243164062
 31
-11.596245765686035
 12
557.3877563476562
 22
171.7852020263672
 32
-6.695095539093018
 13
557.3877563476562
 23
171.7852020263672
 33
-6.695095539093018
  0
3DFACE
  8
0
1001
WEBCAD
1000
S3D37_1779006631276
 10
544.92333984375
 20
175.20846557617188
 30
-11.596245765686035
 11
557.3877563476562
 21
171.7852020263672
 31
-6.695095539093018
 12
547.9509887695312
 22
179.06263732910156
 32
-6.695095539093018
 13
547.9509887695312
 23
179.06263732910156
 33
-6.695095539093018
  0
3DFACE
  8
0
1001
WEBCAD
1000
S3D37_1779006631276
 10
547.9509887695312
 20
179.06263732910156
 30
-6.695095539093018
 11
557.3877563476562
 21
171.7852020263672
 31
-6.695095539093018
 12
558.61279296875
 22
173.0957489013672
 32
-2.45973836256381e-15
 13
558.61279296875
 23
173.0957489013672
 33
-2.45973836256381e-15
  0
3DFACE
  8
0
1001
WEBCAD
1000
S3D37_1779006631276
 10
547.9509887695312
 20
179.06263732910156
 30
-6.695095539093018
 11
558.61279296875
 21
173.0957489013672
 31
-2.45973836256381e-15
 12
549.0591430664062
 22
180.47337341308594
 32
-2.45973836256381e-15
 13
549.0591430664062
 23
180.47337341308594
 33
-2.45973836256381e-15
  0
3DFACE
  8
0
1001
WEBCAD
1000
S3D37_1779006631276
 10
549.0591430664062
 20
180.47337341308594
 30
-2.45973836256381e-15
 11
558.61279296875
 21
173.0957489013672
 31
-2.45973836256381e-15
 12
557.3877563476562
 22
171.7852020263672
 32
6.695095539093018
 13
557.3877563476562
 23
171.7852020263672
 33
6.695095539093018
  0
3DFACE
  8
0
1001
WEBCAD
1000
S3D37_1779006631276
 10
549.0591430664062
 20
180.47337341308594
 30
-2.45973836256381e-15
 11
557.3877563476562
 21
171.7852020263672
 31
6.695095539093018
 12
547.9509887695312
 22
179.06263732910156
 32
6.695095539093018
 13
547.9509887695312
 23
179.06263732910156
 33
6.695095539093018
  0
3DFACE
  8
0
1001
WEBCAD
1000
S3D37_1779006631276
 10
547.9509887695312
 20
179.06263732910156
 30
6.695095539093018
 11
557.3877563476562
 21
171.7852020263672
 31
6.695095539093018
 12
554.0408935546875
 22
168.20474243164062
 32
11.596245765686035
 13
554.0408935546875
 23
168.20474243164062
 33
11.596245765686035
  0
3DFACE
  8
0
1001
WEBCAD
1000
S3D37_1779006631276
 10
547.9509887695312
 20
179.06263732910156
 30
6.695095539093018
 11
554.0408935546875
 21
168.20474243164062
 31
11.596245765686035
 12
544.92333984375
 22
175.20846557617188
 32
11.596245765686035
 13
544.92333984375
 23
175.20846557617188
 33
11.596245765686035
  0
3DFACE
  8
0
1001
WEBCAD
1000
S3D37_1779006631276
 10
544.92333984375
 20
175.20846557617188
 30
11.596245765686035
 11
554.0408935546875
 21
168.20474243164062
 31
11.596245765686035
 12
549.468994140625
 22
163.31373596191406
 32
13.390191078186035
 13
549.468994140625
 23
163.31373596191406
 33
13.390191078186035
  0
3DFACE
  8
0
1001
WEBCAD
1000
S3D37_1779006631276
 10
544.92333984375
 20
175.20846557617188
 30
11.596245765686035
 11
549.468994140625
 21
163.31373596191406
 31
13.390191078186035
 12
540.7875366210938
 22
169.9435577392578
 32
13.390191078186035
 13
540.7875366210938
 23
169.9435577392578
 33
13.390191078186035
  0
3DFACE
  8
0
1001
WEBCAD
1000
S3D37_1779006631276
 10
549.468994140625
 20
163.31373596191406
 30
13.390191078186035
 11
556.6685791015625
 21
155.09860229492188
 31
13.390191078186035
 12
551.2200317382812
 22
151.20787048339844
 32
11.596245765686035
 13
551.2200317382812
 23
151.20787048339844
 33
11.596245765686035
  0
3DFACE
  8
0
1001
WEBCAD
1000
S3D37_1779006631276
 10
549.468994140625
 20
163.31373596191406
 30
13.390191078186035
 11
551.2200317382812
 21
151.20787048339844
 31
11.596245765686035
 12
544.8970947265625
 22
158.42271423339844
 32
11.596245765686035
 13
544.8970947265625
 23
158.42271423339844
 33
11.596245765686035
  0
3DFACE
  8
0
1001
WEBCAD
1000
S3D37_1779006631276
 10
544.8970947265625
 20
158.42271423339844
 30
11.596245765686035
 11
551.2200317382812
 21
151.20787048339844
 31
11.596245765686035
 12
547.2314453125
 22
148.35964965820312
 32
6.695095539093018
 13
547.2314453125
 23
148.35964965820312
 33
6.695095539093018
  0
3DFACE
  8
0
1001
WEBCAD
1000
S3D37_1779006631276
 10
544.8970947265625
 20
158.42271423339844
 30
11.596245765686035
 11
547.2314453125
 21
148.35964965820312
 31
6.695095539093018
 12
541.5502319335938
 22
154.84225463867188
 32
6.695095539093018
 13
541.5502319335938
 23
154.84225463867188
 33
6.695095539093018
  0
3DFACE
  8
0
1001
WEBCAD
1000
S3D37_1779006631276
 10
541.5502319335938
 20
154.84225463867188
 30
6.695095539093018
 11
547.2314453125
 21
148.35964965820312
 31
6.695095539093018
 12
545.7715454101562
 22
147.317138671875
 32
8.199127522282306e-16
 13
545.7715454101562
 23
147.317138671875
 33
8.199127522282306e-16
  0
3DFACE
  8
0
1001
WEBCAD
1000
S3D37_1779006631276
 10
541.5502319335938
 20
154.84225463867188
 30
6.695095539093018
 11
545.7715454101562
 21
147.317138671875
 31
8.199127522282306e-16
 12
540.3251953125
 22
153.53170776367188
 32
8.199127522282306e-16
 13
540.3251953125
 23
153.53170776367188
 33
8.199127522282306e-16
  0
3DFACE
  8
0
1001
WEBCAD
1000
S3D37_1779006631276
 10
540.3251953125
 20
153.53170776367188
 30
8.199127522282306e-16
 11
545.7715454101562
 21
147.317138671875
 31
8.199127522282306e-16
 12
547.2314453125
 22
148.35964965820312
 32
-6.695095539093018
 13
547.2314453125
 23
148.35964965820312
 33
-6.695095539093018
  0
3DFACE
  8
0
1001
WEBCAD
1000
S3D37_1779006631276
 10
540.3251953125
 20
153.53170776367188
 30
8.199127522282306e-16
 11
547.2314453125
 21
148.35964965820312
 31
-6.695095539093018
 12
541.5502319335938
 22
154.84225463867188
 32
-6.695095539093018
 13
541.5502319335938
 23
154.84225463867188
 33
-6.695095539093018
  0
3DFACE
  8
0
1001
WEBCAD
1000
S3D37_1779006631276
 10
541.5502319335938
 20
154.84225463867188
 30
-6.695095539093018
 11
547.2314453125
 21
148.35964965820312
 31
-6.695095539093018
 12
551.2200317382812
 22
151.20787048339844
 32
-11.596245765686035
 13
551.2200317382812
 23
151.20787048339844
 33
-11.596245765686035
  0
3DFACE
  8
0
1001
WEBCAD
1000
S3D37_1779006631276
 10
541.5502319335938
 20
154.84225463867188
 30
-6.695095539093018
 11
551.2200317382812
 21
151.20787048339844
 31
-11.596245765686035
 12
544.8970947265625
 22
158.42271423339844
 32
-11.596245765686035
 13
544.8970947265625
 23
158.42271423339844
 33
-11.596245765686035
  0
3DFACE
  8
0
1001
WEBCAD
1000
S3D37_1779006631276
 10
544.8970947265625
 20
158.42271423339844
 30
-11.596245765686035
 11
551.2200317382812
 21
151.20787048339844
 31
-11.596245765686035
 12
556.6685791015625
 22
155.09860229492188
 32
-13.390191078186035
 13
556.6685791015625
 23
155.09860229492188
 33
-13.390191078186035
  0
3DFACE
  8
0
1001
WEBCAD
1000
S3D37_1779006631276
 10
544.8970947265625
 20
158.42271423339844
 30
-11.596245765686035
 11
556.6685791015625
 21
155.09860229492188
 31
-13.390191078186035
 12
549.468994140625
 22
163.31373596191406
 32
-13.390191078186035
 13
549.468994140625
 23
163.31373596191406
 33
-13.390191078186035
  0
3DFACE
  8
0
1001
WEBCAD
1000
S3D37_1779006631276
 10
549.468994140625
 20
163.31373596191406
 30
-13.390191078186035
 11
556.6685791015625
 21
155.09860229492188
 31
-13.390191078186035
 12
562.1171264648438
 22
158.9893341064453
 32
-11.596245765686035
 13
562.1171264648438
 23
158.9893341064453
 33
-11.596245765686035
  0
3DFACE
  8
0
1001
WEBCAD
1000
S3D37_1779006631276
 10
549.468994140625
 20
163.31373596191406
 30
-13.390191078186035
 11
562.1171264648438
 21
158.9893341064453
 31
-11.596245765686035
 12
554.0408935546875
 22
168.20474243164062
 32
-11.596245765686035
 13
554.0408935546875
 23
168.20474243164062
 33
-11.596245765686035
  0
3DFACE
  8
0
1001
WEBCAD
1000
S3D37_1779006631276
 10
554.0408935546875
 20
168.20474243164062
 30
-11.596245765686035
 11
562.1171264648438
 21
158.9893341064453
 31
-11.596245765686035
 12
566.105712890625
 22
161.83755493164062
 32
-6.695095539093018
 13
566.105712890625
 23
161.83755493164062
 33
-6.695095539093018
  0
3DFACE
  8
0
1001
WEBCAD
1000
S3D37_1779006631276
 10
554.0408935546875
 20
168.20474243164062
 30
-11.596245765686035
 11
566.105712890625
 21
161.83755493164062
 31
-6.695095539093018
 12
557.3877563476562
 22
171.7852020263672
 32
-6.695095539093018
 13
557.3877563476562
 23
171.7852020263672
 33
-6.695095539093018
  0
3DFACE
  8
0
1001
WEBCAD
1000
S3D37_1779006631276
 10
557.3877563476562
 20
171.7852020263672
 30
-6.695095539093018
 11
566.105712890625
 21
161.83755493164062
 31
-6.695095539093018
 12
567.565673828125
 22
162.88006591796875
 32
-2.45973836256381e-15
 13
567.565673828125
 23
162.88006591796875
 33
-2.45973836256381e-15
  0
3DFACE
  8
0
1001
WEBCAD
1000
S3D37_1779006631276
 10
557.3877563476562
 20
171.7852020263672
 30
-6.695095539093018
 11
567.565673828125
 21
162.88006591796875
 31
-2.45973836256381e-15
 12
558.61279296875
 22
173.0957489013672
 32
-2.45973836256381e-15
 13
558.61279296875
 23
173.0957489013672
 33
-2.45973836256381e-15
  0
3DFACE
  8
0
1001
WEBCAD
1000
S3D37_1779006631276
 10
558.61279296875
 20
173.0957489013672
 30
-2.45973836256381e-15
 11
567.565673828125
 21
162.88006591796875
 31
-2.45973836256381e-15
 12
566.105712890625
 22
161.83755493164062
 32
6.695095539093018
 13
566.105712890625
 23
161.83755493164062
 33
6.695095539093018
  0
3DFACE
  8
0
1001
WEBCAD
1000
S3D37_1779006631276
 10
558.61279296875
 20
173.0957489013672
 30
-2.45973836256381e-15
 11
566.105712890625
 21
161.83755493164062
 31
6.695095539093018
 12
557.3877563476562
 22
171.7852020263672
 32
6.695095539093018
 13
557.3877563476562
 23
171.7852020263672
 33
6.695095539093018
  0
3DFACE
  8
0
1001
WEBCAD
1000
S3D37_1779006631276
 10
557.3877563476562
 20
171.7852020263672
 30
6.695095539093018
 11
566.105712890625
 21
161.83755493164062
 31
6.695095539093018
 12
562.1171264648438
 22
158.9893341064453
 32
11.596245765686035
 13
562.1171264648438
 23
158.9893341064453
 33
11.596245765686035
  0
3DFACE
  8
0
1001
WEBCAD
1000
S3D37_1779006631276
 10
557.3877563476562
 20
171.7852020263672
 30
6.695095539093018
 11
562.1171264648438
 21
158.9893341064453
 31
11.596245765686035
 12
554.0408935546875
 22
168.20474243164062
 32
11.596245765686035
 13
554.0408935546875
 23
168.20474243164062
 33
11.596245765686035
  0
3DFACE
  8
0
1001
WEBCAD
1000
S3D37_1779006631276
 10
554.0408935546875
 20
168.20474243164062
 30
11.596245765686035
 11
562.1171264648438
 21
158.9893341064453
 31
11.596245765686035
 12
556.6685791015625
 22
155.09860229492188
 32
13.390191078186035
 13
556.6685791015625
 23
155.09860229492188
 33
13.390191078186035
  0
3DFACE
  8
0
1001
WEBCAD
1000
S3D37_1779006631276
 10
554.0408935546875
 20
168.20474243164062
 30
11.596245765686035
 11
556.6685791015625
 21
155.09860229492188
 31
13.390191078186035
 12
549.468994140625
 22
163.31373596191406
 32
13.390191078186035
 13
549.468994140625
 23
163.31373596191406
 33
13.390191078186035
  0
3DFACE
  8
0
1001
WEBCAD
1000
S3D37_1779006631276
 10
556.6685791015625
 20
155.09860229492188
 30
13.390191078186035
 11
562.1021728515625
 21
145.6223907470703
 31
13.390191078186035
 12
555.9920654296875
 22
142.88548278808594
 32
11.596245765686035
 13
555.9920654296875
 23
142.88548278808594
 33
11.596245765686035
  0
3DFACE
  8
0
1001
WEBCAD
1000
S3D37_1779006631276
 10
556.6685791015625
 20
155.09860229492188
 30
13.390191078186035
 11
555.9920654296875
 21
142.88548278808594
 31
11.596245765686035
 12
551.2200317382812
 22
151.20787048339844
 32
11.596245765686035
 13
551.2200317382812
 23
151.20787048339844
 33
11.596245765686035
  0
3DFACE
  8
0
1001
WEBCAD
1000
S3D37_1779006631276
 10
551.2200317382812
 20
151.20787048339844
 30
11.596245765686035
 11
555.9920654296875
 21
142.88548278808594
 31
11.596245765686035
 12
551.5191040039062
 22
140.88192749023438
 32
6.695095539093018
 13
551.5191040039062
 23
140.88192749023438
 33
6.695095539093018
  0
3DFACE
  8
0
1001
WEBCAD
1000
S3D37_1779006631276
 10
551.2200317382812
 20
151.20787048339844
 30
11.596245765686035
 11
551.5191040039062
 21
140.88192749023438
 31
6.695095539093018
 12
547.2314453125
 22
148.35964965820312
 32
6.695095539093018
 13
547.2314453125
 23
148.35964965820312
 33
6.695095539093018
  0
3DFACE
  8
0
1001
WEBCAD
1000
S3D37_1779006631276
 10
547.2314453125
 20
148.35964965820312
 30
6.695095539093018
 11
551.5191040039062
 21
140.88192749023438
 31
6.695095539093018
 12
549.8818969726562
 22
140.14857482910156
 32
8.199127522282306e-16
 13
549.8818969726562
 23
140.14857482910156
 33
8.199127522282306e-16
  0
3DFACE
  8
0
1001
WEBCAD
1000
S3D37_1779006631276
 10
547.2314453125
 20
148.35964965820312
 30
6.695095539093018
 11
549.8818969726562
 21
140.14857482910156
 31
8.199127522282306e-16
 12
545.7715454101562
 22
147.317138671875
 32
8.199127522282306e-16
 13
545.7715454101562
 23
147.317138671875
 33
8.199127522282306e-16
  0
3DFACE
  8
0
1001
WEBCAD
1000
S3D37_1779006631276
 10
545.7715454101562
 20
147.317138671875
 30
8.199127522282306e-16
 11
549.8818969726562
 21
140.14857482910156
 31
8.199127522282306e-16
 12
551.5191040039062
 22
140.88192749023438
 32
-6.695095539093018
 13
551.5191040039062
 23
140.88192749023438
 33
-6.695095539093018
  0
3DFACE
  8
0
1001
WEBCAD
1000
S3D37_1779006631276
 10
545.7715454101562
 20
147.317138671875
 30
8.199127522282306e-16
 11
551.5191040039062
 21
140.88192749023438
 31
-6.695095539093018
 12
547.2314453125
 22
148.35964965820312
 32
-6.695095539093018
 13
547.2314453125
 23
148.35964965820312
 33
-6.695095539093018
  0
3DFACE
  8
0
1001
WEBCAD
1000
S3D37_1779006631276
 10
547.2314453125
 20
148.35964965820312
 30
-6.695095539093018
 11
551.5191040039062
 21
140.88192749023438
 31
-6.695095539093018
 12
555.9920654296875
 22
142.88548278808594
 32
-11.596245765686035
 13
555.9920654296875
 23
142.88548278808594
 33
-11.596245765686035
  0
3DFACE
  8
0
1001
WEBCAD
1000
S3D37_1779006631276
 10
547.2314453125
 20
148.35964965820312
 30
-6.695095539093018
 11
555.9920654296875
 21
142.88548278808594
 31
-11.596245765686035
 12
551.2200317382812
 22
151.20787048339844
 32
-11.596245765686035
 13
551.2200317382812
 23
151.20787048339844
 33
-11.596245765686035
  0
3DFACE
  8
0
1001
WEBCAD
1000
S3D37_1779006631276
 10
551.2200317382812
 20
151.20787048339844
 30
-11.596245765686035
 11
555.9920654296875
 21
142.88548278808594
 31
-11.596245765686035
 12
562.1021728515625
 22
145.6223907470703
 32
-13.390191078186035
 13
562.1021728515625
 23
145.6223907470703
 33
-13.390191078186035
  0
3DFACE
  8
0
1001
WEBCAD
1000
S3D37_1779006631276
 10
551.2200317382812
 20
151.20787048339844
 30
-11.596245765686035
 11
562.1021728515625
 21
145.6223907470703
 31
-13.390191078186035
 12
556.6685791015625
 22
155.09860229492188
 32
-13.390191078186035
 13
556.6685791015625
 23
155.09860229492188
 33
-13.390191078186035
  0
3DFACE
  8
0
1001
WEBCAD
1000
S3D37_1779006631276
 10
556.6685791015625
 20
155.09860229492188
 30
-13.390191078186035
 11
562.1021728515625
 21
145.6223907470703
 31
-13.390191078186035
 12
568.2122802734375
 22
148.3592987060547
 32
-11.596245765686035
 13
568.2122802734375
 23
148.3592987060547
 33
-11.596245765686035
  0
3DFACE
  8
0
1001
WEBCAD
1000
S3D37_1779006631276
 10
556.6685791015625
 20
155.09860229492188
 30
-13.390191078186035
 11
568.2122802734375
 21
148.3592987060547
 31
-11.596245765686035
 12
562.1171264648438
 22
158.9893341064453
 32
-11.596245765686035
 13
562.1171264648438
 23
158.9893341064453
 33
-11.596245765686035
  0
3DFACE
  8
0
1001
WEBCAD
1000
S3D37_1779006631276
 10
562.1171264648438
 20
158.9893341064453
 30
-11.596245765686035
 11
568.2122802734375
 21
148.3592987060547
 31
-11.596245765686035
 12
572.6852416992188
 22
150.36285400390625
 32
-6.695095539093018
 13
572.6852416992188
 23
150.36285400390625
 33
-6.695095539093018
  0
3DFACE
  8
0
1001
WEBCAD
1000
S3D37_1779006631276
 10
562.1171264648438
 20
158.9893341064453
 30
-11.596245765686035
 11
572.6852416992188
 21
150.36285400390625
 31
-6.695095539093018
 12
566.105712890625
 22
161.83755493164062
 32
-6.695095539093018
 13
566.105712890625
 23
161.83755493164062
 33
-6.695095539093018
  0
3DFACE
  8
0
1001
WEBCAD
1000
S3D37_1779006631276
 10
566.105712890625
 20
161.83755493164062
 30
-6.695095539093018
 11
572.6852416992188
 21
150.36285400390625
 31
-6.695095539093018
 12
574.3224487304688
 22
151.09620666503906
 32
-2.45973836256381e-15
 13
574.3224487304688
 23
151.09620666503906
 33
-2.45973836256381e-15
  0
3DFACE
  8
0
1001
WEBCAD
1000
S3D37_1779006631276
 10
566.105712890625
 20
161.83755493164062
 30
-6.695095539093018
 11
574.3224487304688
 21
151.09620666503906
 31
-2.45973836256381e-15
 12
567.565673828125
 22
162.88006591796875
 32
-2.45973836256381e-15
 13
567.565673828125
 23
162.88006591796875
 33
-2.45973836256381e-15
  0
3DFACE
  8
0
1001
WEBCAD
1000
S3D37_1779006631276
 10
567.565673828125
 20
162.88006591796875
 30
-2.45973836256381e-15
 11
574.3224487304688
 21
151.09620666503906
 31
-2.45973836256381e-15
 12
572.6852416992188
 22
150.36285400390625
 32
6.695095539093018
 13
572.6852416992188
 23
150.36285400390625
 33
6.695095539093018
  0
3DFACE
  8
0
1001
WEBCAD
1000
S3D37_1779006631276
 10
567.565673828125
 20
162.88006591796875
 30
-2.45973836256381e-15
 11
572.6852416992188
 21
150.36285400390625
 31
6.695095539093018
 12
566.105712890625
 22
161.83755493164062
 32
6.695095539093018
 13
566.105712890625
 23
161.83755493164062
 33
6.695095539093018
  0
3DFACE
  8
0
1001
WEBCAD
1000
S3D37_1779006631276
 10
566.105712890625
 20
161.83755493164062
 30
6.695095539093018
 11
572.6852416992188
 21
150.36285400390625
 31
6.695095539093018
 12
568.2122802734375
 22
148.3592987060547
 32
11.596245765686035
 13
568.2122802734375
 23
148.3592987060547
 33
11.596245765686035
  0
3DFACE
  8
0
1001
WEBCAD
1000
S3D37_1779006631276
 10
566.105712890625
 20
161.83755493164062
 30
6.695095539093018
 11
568.2122802734375
 21
148.3592987060547
 31
11.596245765686035
 12
562.1171264648438
 22
158.9893341064453
 32
11.596245765686035
 13
562.1171264648438
 23
158.9893341064453
 33
11.596245765686035
  0
3DFACE
  8
0
1001
WEBCAD
1000
S3D37_1779006631276
 10
562.1171264648438
 20
158.9893341064453
 30
11.596245765686035
 11
568.2122802734375
 21
148.3592987060547
 31
11.596245765686035
 12
562.1021728515625
 22
145.6223907470703
 32
13.390191078186035
 13
562.1021728515625
 23
145.6223907470703
 33
13.390191078186035
  0
3DFACE
  8
0
1001
WEBCAD
1000
S3D37_1779006631276
 10
562.1171264648438
 20
158.9893341064453
 30
11.596245765686035
 11
562.1021728515625
 21
145.6223907470703
 31
13.390191078186035
 12
556.6685791015625
 22
155.09860229492188
 32
13.390191078186035
 13
556.6685791015625
 23
155.09860229492188
 33
13.390191078186035
  0
3DFACE
  8
0
1001
WEBCAD
1000
S3D37_1779006631276
 10
562.1021728515625
 20
145.6223907470703
 30
13.390191078186035
 11
565.5552978515625
 21
135.25906372070312
 31
13.390191078186035
 12
559.0247192382812
 22
133.78399658203125
 32
11.596245765686035
 13
559.0247192382812
 23
133.78399658203125
 33
11.596245765686035
  0
3DFACE
  8
0
1001
WEBCAD
1000
S3D37_1779006631276
 10
562.1021728515625
 20
145.6223907470703
 30
13.390191078186035
 11
559.0247192382812
 21
133.78399658203125
 31
11.596245765686035
 12
555.9920654296875
 22
142.88548278808594
 32
11.596245765686035
 13
555.9920654296875
 23
142.88548278808594
 33
11.596245765686035
  0
3DFACE
  8
0
1001
WEBCAD
1000
S3D37_1779006631276
 10
555.9920654296875
 20
142.88548278808594
 30
11.596245765686035
 11
559.0247192382812
 21
133.78399658203125
 31
11.596245765686035
 12
554.2440185546875
 22
132.7041778564453
 32
6.695095539093018
 13
554.2440185546875
 23
132.7041778564453
 33
6.695095539093018
  0
3DFACE
  8
0
1001
WEBCAD
1000
S3D37_1779006631276
 10
555.9920654296875
 20
142.88548278808594
 30
11.596245765686035
 11
554.2440185546875
 21
132.7041778564453
 31
6.695095539093018
 12
551.5191040039062
 22
140.88192749023438
 32
6.695095539093018
 13
551.5191040039062
 23
140.88192749023438
 33
6.695095539093018
  0
3DFACE
  8
0
1001
WEBCAD
1000
S3D37_1779006631276
 10
551.5191040039062
 20
140.88192749023438
 30
6.695095539093018
 11
554.2440185546875
 21
132.7041778564453
 31
6.695095539093018
 12
552.494140625
 22
132.30892944335938
 32
8.199127522282306e-16
 13
552.494140625
 23
132.30892944335938
 33
8.199127522282306e-16
  0
3DFACE
  8
0
1001
WEBCAD
1000
S3D37_1779006631276
 10
551.5191040039062
 20
140.88192749023438
 30
6.695095539093018
 11
552.494140625
 21
132.30892944335938
 31
8.199127522282306e-16
 12
549.8818969726562
 22
140.14857482910156
 32
8.199127522282306e-16
 13
549.8818969726562
 23
140.14857482910156
 33
8.199127522282306e-16
  0
3DFACE
  8
0
1001
WEBCAD
1000
S3D37_1779006631276
 10
549.8818969726562
 20
140.14857482910156
 30
8.199127522282306e-16
 11
552.494140625
 21
132.30892944335938
 31
8.199127522282306e-16
 12
554.2440185546875
 22
132.7041778564453
 32
-6.695095539093018
 13
554.2440185546875
 23
132.7041778564453
 33
-6.695095539093018
  0
3DFACE
  8
0
1001
WEBCAD
1000
S3D37_1779006631276
 10
549.8818969726562
 20
140.14857482910156
 30
8.199127522282306e-16
 11
554.2440185546875
 21
132.7041778564453
 31
-6.695095539093018
 12
551.5191040039062
 22
140.88192749023438
 32
-6.695095539093018
 13
551.5191040039062
 23
140.88192749023438
 33
-6.695095539093018
  0
3DFACE
  8
0
1001
WEBCAD
1000
S3D37_1779006631276
 10
551.5191040039062
 20
140.88192749023438
 30
-6.695095539093018
 11
554.2440185546875
 21
132.7041778564453
 31
-6.695095539093018
 12
559.0247192382812
 22
133.78399658203125
 32
-11.596245765686035
 13
559.0247192382812
 23
133.78399658203125
 33
-11.596245765686035
  0
3DFACE
  8
0
1001
WEBCAD
1000
S3D37_1779006631276
 10
551.5191040039062
 20
140.88192749023438
 30
-6.695095539093018
 11
559.0247192382812
 21
133.78399658203125
 31
-11.596245765686035
 12
555.9920654296875
 22
142.88548278808594
 32
-11.596245765686035
 13
555.9920654296875
 23
142.88548278808594
 33
-11.596245765686035
  0
3DFACE
  8
0
1001
WEBCAD
1000
S3D37_1779006631276
 10
555.9920654296875
 20
142.88548278808594
 30
-11.596245765686035
 11
559.0247192382812
 21
133.78399658203125
 31
-11.596245765686035
 12
565.5552978515625
 22
135.25906372070312
 32
-13.390191078186035
 13
565.5552978515625
 23
135.25906372070312
 33
-13.390191078186035
  0
3DFACE
  8
0
1001
WEBCAD
1000
S3D37_1779006631276
 10
555.9920654296875
 20
142.88548278808594
 30
-11.596245765686035
 11
565.5552978515625
 21
135.25906372070312
 31
-13.390191078186035
 12
562.1021728515625
 22
145.6223907470703
 32
-13.390191078186035
 13
562.1021728515625
 23
145.6223907470703
 33
-13.390191078186035
  0
3DFACE
  8
0
1001
WEBCAD
1000
S3D37_1779006631276
 10
562.1021728515625
 20
145.6223907470703
 30
-13.390191078186035
 11
565.5552978515625
 21
135.25906372070312
 31
-13.390191078186035
 12
572.0858764648438
 22
136.734130859375
 32
-11.596245765686035
 13
572.0858764648438
 23
136.734130859375
 33
-11.596245765686035
  0
3DFACE
  8
0
1001
WEBCAD
1000
S3D37_1779006631276
 10
562.1021728515625
 20
145.6223907470703
 30
-13.390191078186035
 11
572.0858764648438
 21
136.734130859375
 31
-11.596245765686035
 12
568.2122802734375
 22
148.3592987060547
 32
-11.596245765686035
 13
568.2122802734375
 23
148.3592987060547
 33
-11.596245765686035
  0
3DFACE
  8
0
1001
WEBCAD
1000
S3D37_1779006631276
 10
568.2122802734375
 20
148.3592987060547
 30
-11.596245765686035
 11
572.0858764648438
 21
136.734130859375
 31
-11.596245765686035
 12
576.8665771484375
 22
137.81396484375
 32
-6.695095539093018
 13
576.8665771484375
 23
137.81396484375
 33
-6.695095539093018
  0
3DFACE
  8
0
1001
WEBCAD
1000
S3D37_1779006631276
 10
568.2122802734375
 20
148.3592987060547
 30
-11.596245765686035
 11
576.8665771484375
 21
137.81396484375
 31
-6.695095539093018
 12
572.6852416992188
 22
150.36285400390625
 32
-6.695095539093018
 13
572.6852416992188
 23
150.36285400390625
 33
-6.695095539093018
  0
3DFACE
  8
0
1001
WEBCAD
1000
S3D37_1779006631276
 10
572.6852416992188
 20
150.36285400390625
 30
-6.695095539093018
 11
576.8665771484375
 21
137.81396484375
 31
-6.695095539093018
 12
578.616455078125
 22
138.20919799804688
 32
-2.45973836256381e-15
 13
578.616455078125
 23
138.20919799804688
 33
-2.45973836256381e-15
  0
3DFACE
  8
0
1001
WEBCAD
1000
S3D37_1779006631276
 10
572.6852416992188
 20
150.36285400390625
 30
-6.695095539093018
 11
578.616455078125
 21
138.20919799804688
 31
-2.45973836256381e-15
 12
574.3224487304688
 22
151.09620666503906
 32
-2.45973836256381e-15
 13
574.3224487304688
 23
151.09620666503906
 33
-2.45973836256381e-15
  0
3DFACE
  8
0
1001
WEBCAD
1000
S3D37_1779006631276
 10
574.3224487304688
 20
151.09620666503906
 30
-2.45973836256381e-15
 11
578.616455078125
 21
138.20919799804688
 31
-2.45973836256381e-15
 12
576.8665771484375
 22
137.81396484375
 32
6.695095539093018
 13
576.8665771484375
 23
137.81396484375
 33
6.695095539093018
  0
3DFACE
  8
0
1001
WEBCAD
1000
S3D37_1779006631276
 10
574.3224487304688
 20
151.09620666503906
 30
-2.45973836256381e-15
 11
576.8665771484375
 21
137.81396484375
 31
6.695095539093018
 12
572.6852416992188
 22
150.36285400390625
 32
6.695095539093018
 13
572.6852416992188
 23
150.36285400390625
 33
6.695095539093018
  0
3DFACE
  8
0
1001
WEBCAD
1000
S3D37_1779006631276
 10
572.6852416992188
 20
150.36285400390625
 30
6.695095539093018
 11
576.8665771484375
 21
137.81396484375
 31
6.695095539093018
 12
572.0858764648438
 22
136.734130859375
 32
11.596245765686035
 13
572.0858764648438
 23
136.734130859375
 33
11.596245765686035
  0
3DFACE
  8
0
1001
WEBCAD
1000
S3D37_1779006631276
 10
572.6852416992188
 20
150.36285400390625
 30
6.695095539093018
 11
572.0858764648438
 21
136.734130859375
 31
11.596245765686035
 12
568.2122802734375
 22
148.3592987060547
 32
11.596245765686035
 13
568.2122802734375
 23
148.3592987060547
 33
11.596245765686035
  0
3DFACE
  8
0
1001
WEBCAD
1000
S3D37_1779006631276
 10
568.2122802734375
 20
148.3592987060547
 30
11.596245765686035
 11
572.0858764648438
 21
136.734130859375
 31
11.596245765686035
 12
565.5552978515625
 22
135.25906372070312
 32
13.390191078186035
 13
565.5552978515625
 23
135.25906372070312
 33
13.390191078186035
  0
3DFACE
  8
0
1001
WEBCAD
1000
S3D37_1779006631276
 10
568.2122802734375
 20
148.3592987060547
 30
11.596245765686035
 11
565.5552978515625
 21
135.25906372070312
 31
13.390191078186035
 12
562.1021728515625
 22
145.6223907470703
 32
13.390191078186035
 13
562.1021728515625
 23
145.6223907470703
 33
13.390191078186035
  0
3DFACE
  8
0
1001
WEBCAD
1000
S3D37_1779006631276
 10
565.5552978515625
 20
135.25906372070312
 30
13.390191078186035
 11
566.8917236328125
 21
124.41764068603516
 31
13.390191078186035
 12
560.1984252929688
 22
124.26262664794922
 32
11.596245765686035
 13
560.1984252929688
 23
124.26262664794922
 33
11.596245765686035
  0
3DFACE
  8
0
1001
WEBCAD
1000
S3D37_1779006631276
 10
565.5552978515625
 20
135.25906372070312
 30
13.390191078186035
 11
560.1984252929688
 21
124.26262664794922
 31
11.596245765686035
 12
559.0247192382812
 22
133.78399658203125
 32
11.596245765686035
 13
559.0247192382812
 23
133.78399658203125
 33
11.596245765686035
  0
3DFACE
  8
0
1001
WEBCAD
1000
S3D37_1779006631276
 10
559.0247192382812
 20
133.78399658203125
 30
11.596245765686035
 11
560.1984252929688
 21
124.26262664794922
 31
11.596245765686035
 12
555.298583984375
 22
124.1491470336914
 32
6.695095539093018
 13
555.298583984375
 23
124.1491470336914
 33
6.695095539093018
  0
3DFACE
  8
0
1001
WEBCAD
1000
S3D37_1779006631276
 10
559.0247192382812
 20
133.78399658203125
 30
11.596245765686035
 11
555.298583984375
 21
124.1491470336914
 31
6.695095539093018
 12
554.2440185546875
 22
132.7041778564453
 32
6.695095539093018
 13
554.2440185546875
 23
132.7041778564453
 33
6.695095539093018
  0
3DFACE
  8
0
1001
WEBCAD
1000
S3D37_1779006631276
 10
554.2440185546875
 20
132.7041778564453
 30
6.695095539093018
 11
555.298583984375
 21
124.1491470336914
 31
6.695095539093018
 12
553.505126953125
 22
124.10761260986328
 32
8.199127522282306e-16
 13
553.505126953125
 23
124.10761260986328
 33
8.199127522282306e-16
  0
3DFACE
  8
0
1001
WEBCAD
1000
S3D37_1779006631276
 10
554.2440185546875
 20
132.7041778564453
 30
6.695095539093018
 11
553.505126953125
 21
124.10761260986328
 31
8.199127522282306e-16
 12
552.494140625
 22
132.30892944335938
 32
8.199127522282306e-16
 13
552.494140625
 23
132.30892944335938
 33
8.199127522282306e-16
  0
3DFACE
  8
0
1001
WEBCAD
1000
S3D37_1779006631276
 10
552.494140625
 20
132.30892944335938
 30
8.199127522282306e-16
 11
553.505126953125
 21
124.10761260986328
 31
8.199127522282306e-16
 12
555.298583984375
 22
124.1491470336914
 32
-6.695095539093018
 13
555.298583984375
 23
124.1491470336914
 33
-6.695095539093018
  0
3DFACE
  8
0
1001
WEBCAD
1000
S3D37_1779006631276
 10
552.494140625
 20
132.30892944335938
 30
8.199127522282306e-16
 11
555.298583984375
 21
124.1491470336914
 31
-6.695095539093018
 12
554.2440185546875
 22
132.7041778564453
 32
-6.695095539093018
 13
554.2440185546875
 23
132.7041778564453
 33
-6.695095539093018
  0
3DFACE
  8
0
1001
WEBCAD
1000
S3D37_1779006631276
 10
554.2440185546875
 20
132.7041778564453
 30
-6.695095539093018
 11
555.298583984375
 21
124.1491470336914
 31
-6.695095539093018
 12
560.1984252929688
 22
124.26262664794922
 32
-11.596245765686035
 13
560.1984252929688
 23
124.26262664794922
 33
-11.596245765686035
  0
3DFACE
  8
0
1001
WEBCAD
1000
S3D37_1779006631276
 10
554.2440185546875
 20
132.7041778564453
 30
-6.695095539093018
 11
560.1984252929688
 21
124.26262664794922
 31
-11.596245765686035
 12
559.0247192382812
 22
133.78399658203125
 32
-11.596245765686035
 13
559.0247192382812
 23
133.78399658203125
 33
-11.596245765686035
  0
3DFACE
  8
0
1001
WEBCAD
1000
S3D37_1779006631276
 10
559.0247192382812
 20
133.78399658203125
 30
-11.596245765686035
 11
560.1984252929688
 21
124.26262664794922
 31
-11.596245765686035
 12
566.8917236328125
 22
124.41764068603516
 32
-13.390191078186035
 13
566.8917236328125
 23
124.41764068603516
 33
-13.390191078186035
  0
3DFACE
  8
0
1001
WEBCAD
1000
S3D37_1779006631276
 10
559.0247192382812
 20
133.78399658203125
 30
-11.596245765686035
 11
566.8917236328125
 21
124.41764068603516
 31
-13.390191078186035
 12
565.5552978515625
 22
135.25906372070312
 32
-13.390191078186035
 13
565.5552978515625
 23
135.25906372070312
 33
-13.390191078186035
  0
3DFACE
  8
0
1001
WEBCAD
1000
S3D37_1779006631276
 10
565.5552978515625
 20
135.25906372070312
 30
-13.390191078186035
 11
566.8917236328125
 21
124.41764068603516
 31
-13.390191078186035
 12
573.5850219726562
 22
124.5726547241211
 32
-11.596245765686035
 13
573.5850219726562
 23
124.5726547241211
 33
-11.596245765686035
  0
3DFACE
  8
0
1001
WEBCAD
1000
S3D37_1779006631276
 10
565.5552978515625
 20
135.25906372070312
 30
-13.390191078186035
 11
573.5850219726562
 21
124.5726547241211
 31
-11.596245765686035
 12
572.0858764648438
 22
136.734130859375
 32
-11.596245765686035
 13
572.0858764648438
 23
136.734130859375
 33
-11.596245765686035
  0
3DFACE
  8
0
1001
WEBCAD
1000
S3D37_1779006631276
 10
572.0858764648438
 20
136.734130859375
 30
-11.596245765686035
 11
573.5850219726562
 21
124.5726547241211
 31
-11.596245765686035
 12
578.48486328125
 22
124.6861343383789
 32
-6.695095539093018
 13
578.48486328125
 23
124.6861343383789
 33
-6.695095539093018
  0
3DFACE
  8
0
1001
WEBCAD
1000
S3D37_1779006631276
 10
572.0858764648438
 20
136.734130859375
 30
-11.596245765686035
 11
578.48486328125
 21
124.6861343383789
 31
-6.695095539093018
 12
576.8665771484375
 22
137.81396484375
 32
-6.695095539093018
 13
576.8665771484375
 23
137.81396484375
 33
-6.695095539093018
  0
3DFACE
  8
0
1001
WEBCAD
1000
S3D37_1779006631276
 10
576.8665771484375
 20
137.81396484375
 30
-6.695095539093018
 11
578.48486328125
 21
124.6861343383789
 31
-6.695095539093018
 12
580.2783203125
 22
124.72766876220703
 32
-2.45973836256381e-15
 13
580.2783203125
 23
124.72766876220703
 33
-2.45973836256381e-15
  0
3DFACE
  8
0
1001
WEBCAD
1000
S3D37_1779006631276
 10
576.8665771484375
 20
137.81396484375
 30
-6.695095539093018
 11
580.2783203125
 21
124.72766876220703
 31
-2.45973836256381e-15
 12
578.616455078125
 22
138.20919799804688
 32
-2.45973836256381e-15
 13
578.616455078125
 23
138.20919799804688
 33
-2.45973836256381e-15
  0
3DFACE
  8
0
1001
WEBCAD
1000
S3D37_1779006631276
 10
578.616455078125
 20
138.20919799804688
 30
-2.45973836256381e-15
 11
580.2783203125
 21
124.72766876220703
 31
-2.45973836256381e-15
 12
578.48486328125
 22
124.6861343383789
 32
6.695095539093018
 13
578.48486328125
 23
124.6861343383789
 33
6.695095539093018
  0
3DFACE
  8
0
1001
WEBCAD
1000
S3D37_1779006631276
 10
578.616455078125
 20
138.20919799804688
 30
-2.45973836256381e-15
 11
578.48486328125
 21
124.6861343383789
 31
6.695095539093018
 12
576.8665771484375
 22
137.81396484375
 32
6.695095539093018
 13
576.8665771484375
 23
137.81396484375
 33
6.695095539093018
  0
3DFACE
  8
0
1001
WEBCAD
1000
S3D37_1779006631276
 10
576.8665771484375
 20
137.81396484375
 30
6.695095539093018
 11
578.48486328125
 21
124.6861343383789
 31
6.695095539093018
 12
573.5850219726562
 22
124.5726547241211
 32
11.596245765686035
 13
573.5850219726562
 23
124.5726547241211
 33
11.596245765686035
  0
3DFACE
  8
0
1001
WEBCAD
1000
S3D37_1779006631276
 10
576.8665771484375
 20
137.81396484375
 30
6.695095539093018
 11
573.5850219726562
 21
124.5726547241211
 31
11.596245765686035
 12
572.0858764648438
 22
136.734130859375
 32
11.596245765686035
 13
572.0858764648438
 23
136.734130859375
 33
11.596245765686035
  0
3DFACE
  8
0
1001
WEBCAD
1000
S3D37_1779006631276
 10
572.0858764648438
 20
136.734130859375
 30
11.596245765686035
 11
573.5850219726562
 21
124.5726547241211
 31
11.596245765686035
 12
566.8917236328125
 22
124.41764068603516
 32
13.390191078186035
 13
566.8917236328125
 23
124.41764068603516
 33
13.390191078186035
  0
3DFACE
  8
0
1001
WEBCAD
1000
S3D37_1779006631276
 10
572.0858764648438
 20
136.734130859375
 30
11.596245765686035
 11
566.8917236328125
 21
124.41764068603516
 31
13.390191078186035
 12
565.5552978515625
 22
135.25906372070312
 32
13.390191078186035
 13
565.5552978515625
 23
135.25906372070312
 33
13.390191078186035
  0
3DFACE
  8
0
1001
WEBCAD
1000
S3D37_1779006631276
 10
566.8917236328125
 20
124.41764068603516
 30
13.390191078186035
 11
566.0586547851562
 21
113.52597045898438
 31
13.390191078186035
 12
559.466796875
 22
114.69712829589844
 32
11.596245765686035
 13
559.466796875
 23
114.69712829589844
 33
11.596245765686035
  0
3DFACE
  8
0
1001
WEBCAD
1000
S3D37_1779006631276
 10
566.8917236328125
 20
124.41764068603516
 30
13.390191078186035
 11
559.466796875
 21
114.69712829589844
 31
11.596245765686035
 12
560.1984252929688
 22
124.26262664794922
 32
11.596245765686035
 13
560.1984252929688
 23
124.26262664794922
 33
11.596245765686035
  0
3DFACE
  8
0
1001
WEBCAD
1000
S3D37_1779006631276
 10
560.1984252929688
 20
124.26262664794922
 30
11.596245765686035
 11
559.466796875
 21
114.69712829589844
 31
11.596245765686035
 12
554.6411743164062
 22
115.55447387695312
 32
6.695095539093018
 13
554.6411743164062
 23
115.55447387695312
 33
6.695095539093018
  0
3DFACE
  8
0
1001
WEBCAD
1000
S3D37_1779006631276
 10
560.1984252929688
 20
124.26262664794922
 30
11.596245765686035
 11
554.6411743164062
 21
115.55447387695312
 31
6.695095539093018
 12
555.298583984375
 22
124.1491470336914
 32
6.695095539093018
 13
555.298583984375
 23
124.1491470336914
 33
6.695095539093018
  0
3DFACE
  8
0
1001
WEBCAD
1000
S3D37_1779006631276
 10
555.298583984375
 20
124.1491470336914
 30
6.695095539093018
 11
554.6411743164062
 21
115.55447387695312
 31
6.695095539093018
 12
552.8748779296875
 22
115.8682861328125
 32
8.199127522282306e-16
 13
552.8748779296875
 23
115.8682861328125
 33
8.199127522282306e-16
  0
3DFACE
  8
0
1001
WEBCAD
1000
S3D37_1779006631276
 10
555.298583984375
 20
124.1491470336914
 30
6.695095539093018
 11
552.8748779296875
 21
115.8682861328125
 31
8.199127522282306e-16
 12
553.505126953125
 22
124.10761260986328
 32
8.199127522282306e-16
 13
553.505126953125
 23
124.10761260986328
 33
8.199127522282306e-16
  0
3DFACE
  8
0
1001
WEBCAD
1000
S3D37_1779006631276
 10
553.505126953125
 20
124.10761260986328
 30
8.199127522282306e-16
 11
552.8748779296875
 21
115.8682861328125
 31
8.199127522282306e-16
 12
554.6411743164062
 22
115.55447387695312
 32
-6.695095539093018
 13
554.6411743164062
 23
115.55447387695312
 33
-6.695095539093018
  0
3DFACE
  8
0
1001
WEBCAD
1000
S3D37_1779006631276
 10
553.505126953125
 20
124.10761260986328
 30
8.199127522282306e-16
 11
554.6411743164062
 21
115.55447387695312
 31
-6.695095539093018
 12
555.298583984375
 22
124.1491470336914
 32
-6.695095539093018
 13
555.298583984375
 23
124.1491470336914
 33
-6.695095539093018
  0
3DFACE
  8
0
1001
WEBCAD
1000
S3D37_1779006631276
 10
555.298583984375
 20
124.1491470336914
 30
-6.695095539093018
 11
554.6411743164062
 21
115.55447387695312
 31
-6.695095539093018
 12
559.466796875
 22
114.69712829589844
 32
-11.596245765686035
 13
559.466796875
 23
114.69712829589844
 33
-11.596245765686035
  0
3DFACE
  8
0
1001
WEBCAD
1000
S3D37_1779006631276
 10
555.298583984375
 20
124.1491470336914
 30
-6.695095539093018
 11
559.466796875
 21
114.69712829589844
 31
-11.596245765686035
 12
560.1984252929688
 22
124.26262664794922
 32
-11.596245765686035
 13
560.1984252929688
 23
124.26262664794922
 33
-11.596245765686035
  0
3DFACE
  8
0
1001
WEBCAD
1000
S3D37_1779006631276
 10
560.1984252929688
 20
124.26262664794922
 30
-11.596245765686035
 11
559.466796875
 21
114.69712829589844
 31
-11.596245765686035
 12
566.0586547851562
 22
113.52597045898438
 32
-13.390191078186035
 13
566.0586547851562
 23
113.52597045898438
 33
-13.390191078186035
  0
3DFACE
  8
0
1001
WEBCAD
1000
S3D37_1779006631276
 10
560.1984252929688
 20
124.26262664794922
 30
-11.596245765686035
 11
566.0586547851562
 21
113.52597045898438
 31
-13.390191078186035
 12
566.8917236328125
 22
124.41764068603516
 32
-13.390191078186035
 13
566.8917236328125
 23
124.41764068603516
 33
-13.390191078186035
  0
3DFACE
  8
0
1001
WEBCAD
1000
S3D37_1779006631276
 10
566.8917236328125
 20
124.41764068603516
 30
-13.390191078186035
 11
566.0586547851562
 21
113.52597045898438
 31
-13.390191078186035
 12
572.6505126953125
 22
112.35481262207031
 32
-11.596245765686035
 13
572.6505126953125
 23
112.35481262207031
 33
-11.596245765686035
  0
3DFACE
  8
0
1001
WEBCAD
1000
S3D37_1779006631276
 10
566.8917236328125
 20
124.41764068603516
 30
-13.390191078186035
 11
572.6505126953125
 21
112.35481262207031
 31
-11.596245765686035
 12
573.5850219726562
 22
124.5726547241211
 32
-11.596245765686035
 13
573.5850219726562
 23
124.5726547241211
 33
-11.596245765686035
  0
3DFACE
  8
0
1001
WEBCAD
1000
S3D37_1779006631276
 10
573.5850219726562
 20
124.5726547241211
 30
-11.596245765686035
 11
572.6505126953125
 21
112.35481262207031
 31
-11.596245765686035
 12
577.47607421875
 22
111.4974594116211
 32
-6.695095539093018
 13
577.47607421875
 23
111.4974594116211
 33
-6.695095539093018
  0
3DFACE
  8
0
1001
WEBCAD
1000
S3D37_1779006631276
 10
573.5850219726562
 20
124.5726547241211
 30
-11.596245765686035
 11
577.47607421875
 21
111.4974594116211
 31
-6.695095539093018
 12
578.48486328125
 22
124.6861343383789
 32
-6.695095539093018
 13
578.48486328125
 23
124.6861343383789
 33
-6.695095539093018
  0
3DFACE
  8
0
1001
WEBCAD
1000
S3D37_1779006631276
 10
578.48486328125
 20
124.6861343383789
 30
-6.695095539093018
 11
577.47607421875
 21
111.4974594116211
 31
-6.695095539093018
 12
579.2423706054688
 22
111.18364715576172
 32
-2.45973836256381e-15
 13
579.2423706054688
 23
111.18364715576172
 33
-2.45973836256381e-15
  0
3DFACE
  8
0
1001
WEBCAD
1000
S3D37_1779006631276
 10
578.48486328125
 20
124.6861343383789
 30
-6.695095539093018
 11
579.2423706054688
 21
111.18364715576172
 31
-2.45973836256381e-15
 12
580.2783203125
 22
124.72766876220703
 32
-2.45973836256381e-15
 13
580.2783203125
 23
124.72766876220703
 33
-2.45973836256381e-15
  0
3DFACE
  8
0
1001
WEBCAD
1000
S3D37_1779006631276
 10
580.2783203125
 20
124.72766876220703
 30
-2.45973836256381e-15
 11
579.2423706054688
 21
111.18364715576172
 31
-2.45973836256381e-15
 12
577.47607421875
 22
111.4974594116211
 32
6.695095539093018
 13
577.47607421875
 23
111.4974594116211
 33
6.695095539093018
  0
3DFACE
  8
0
1001
WEBCAD
1000
S3D37_1779006631276
 10
580.2783203125
 20
124.72766876220703
 30
-2.45973836256381e-15
 11
577.47607421875
 21
111.4974594116211
 31
6.695095539093018
 12
578.48486328125
 22
124.6861343383789
 32
6.695095539093018
 13
578.48486328125
 23
124.6861343383789
 33
6.695095539093018
  0
3DFACE
  8
0
1001
WEBCAD
1000
S3D37_1779006631276
 10
578.48486328125
 20
124.6861343383789
 30
6.695095539093018
 11
577.47607421875
 21
111.4974594116211
 31
6.695095539093018
 12
572.6505126953125
 22
112.35481262207031
 32
11.596245765686035
 13
572.6505126953125
 23
112.35481262207031
 33
11.596245765686035
  0
3DFACE
  8
0
1001
WEBCAD
1000
S3D37_1779006631276
 10
578.48486328125
 20
124.6861343383789
 30
6.695095539093018
 11
572.6505126953125
 21
112.35481262207031
 31
11.596245765686035
 12
573.5850219726562
 22
124.5726547241211
 32
11.596245765686035
 13
573.5850219726562
 23
124.5726547241211
 33
11.596245765686035
  0
3DFACE
  8
0
1001
WEBCAD
1000
S3D37_1779006631276
 10
573.5850219726562
 20
124.5726547241211
 30
11.596245765686035
 11
572.6505126953125
 21
112.35481262207031
 31
11.596245765686035
 12
566.0586547851562
 22
113.52597045898438
 32
13.390191078186035
 13
566.0586547851562
 23
113.52597045898438
 33
13.390191078186035
  0
3DFACE
  8
0
1001
WEBCAD
1000
S3D37_1779006631276
 10
573.5850219726562
 20
124.5726547241211
 30
11.596245765686035
 11
566.0586547851562
 21
113.52597045898438
 31
13.390191078186035
 12
566.8917236328125
 22
124.41764068603516
 32
13.390191078186035
 13
566.8917236328125
 23
124.41764068603516
 33
13.390191078186035
  0
3DFACE
  8
0
1001
WEBCAD
1000
S3D37_1779006631276
 10
566.0586547851562
 20
113.52597045898438
 30
13.390191078186035
 11
563.0889892578125
 21
103.01390075683594
 31
13.390191078186035
 12
556.8587036132812
 22
105.46501159667969
 32
11.596245765686035
 13
556.8587036132812
 23
105.46501159667969
 33
11.596245765686035
  0
3DFACE
  8
0
1001
WEBCAD
1000
S3D37_1779006631276
 10
566.0586547851562
 20
113.52597045898438
 30
13.390191078186035
 11
556.8587036132812
 21
105.46501159667969
 31
11.596245765686035
 12
559.466796875
 22
114.69712829589844
 32
11.596245765686035
 13
559.466796875
 23
114.69712829589844
 33
11.596245765686035
  0
3DFACE
  8
0
1001
WEBCAD
1000
S3D37_1779006631276
 10
559.466796875
 20
114.69712829589844
 30
11.596245765686035
 11
556.8587036132812
 21
105.46501159667969
 31
11.596245765686035
 12
552.2977905273438
 22
107.25934600830078
 32
6.695095539093018
 13
552.2977905273438
 23
107.25934600830078
 33
6.695095539093018
  0
3DFACE
  8
0
1001
WEBCAD
1000
S3D37_1779006631276
 10
559.466796875
 20
114.69712829589844
 30
11.596245765686035
 11
552.2977905273438
 21
107.25934600830078
 31
6.695095539093018
 12
554.6411743164062
 22
115.55447387695312
 32
6.695095539093018
 13
554.6411743164062
 23
115.55447387695312
 33
6.695095539093018
  0
3DFACE
  8
0
1001
WEBCAD
1000
S3D37_1779006631276
 10
554.6411743164062
 20
115.55447387695312
 30
6.695095539093018
 11
552.2977905273438
 21
107.25934600830078
 31
6.695095539093018
 12
550.62841796875
 22
107.91612243652344
 32
8.199127522282306e-16
 13
550.62841796875
 23
107.91612243652344
 33
8.199127522282306e-16
  0
3DFACE
  8
0
1001
WEBCAD
1000
S3D37_1779006631276
 10
554.6411743164062
 20
115.55447387695312
 30
6.695095539093018
 11
550.62841796875
 21
107.91612243652344
 31
8.199127522282306e-16
 12
552.8748779296875
 22
115.8682861328125
 32
8.199127522282306e-16
 13
552.8748779296875
 23
115.8682861328125
 33
8.199127522282306e-16
  0
3DFACE
  8
0
1001
WEBCAD
1000
S3D37_1779006631276
 10
552.8748779296875
 20
115.8682861328125
 30
8.199127522282306e-16
 11
550.62841796875
 21
107.91612243652344
 31
8.199127522282306e-16
 12
552.2977905273438
 22
107.25934600830078
 32
-6.695095539093018
 13
552.2977905273438
 23
107.25934600830078
 33
-6.695095539093018
  0
3DFACE
  8
0
1001
WEBCAD
1000
S3D37_1779006631276
 10
552.8748779296875
 20
115.8682861328125
 30
8.199127522282306e-16
 11
552.2977905273438
 21
107.25934600830078
 31
-6.695095539093018
 12
554.6411743164062
 22
115.55447387695312
 32
-6.695095539093018
 13
554.6411743164062
 23
115.55447387695312
 33
-6.695095539093018
  0
3DFACE
  8
0
1001
WEBCAD
1000
S3D37_1779006631276
 10
554.6411743164062
 20
115.55447387695312
 30
-6.695095539093018
 11
552.2977905273438
 21
107.25934600830078
 31
-6.695095539093018
 12
556.8587036132812
 22
105.46501159667969
 32
-11.596245765686035
 13
556.8587036132812
 23
105.46501159667969
 33
-11.596245765686035
  0
3DFACE
  8
0
1001
WEBCAD
1000
S3D37_1779006631276
 10
554.6411743164062
 20
115.55447387695312
 30
-6.695095539093018
 11
556.8587036132812
 21
105.46501159667969
 31
-11.596245765686035
 12
559.466796875
 22
114.69712829589844
 32
-11.596245765686035
 13
559.466796875
 23
114.69712829589844
 33
-11.596245765686035
  0
3DFACE
  8
0
1001
WEBCAD
1000
S3D37_1779006631276
 10
559.466796875
 20
114.69712829589844
 30
-11.596245765686035
 11
556.8587036132812
 21
105.46501159667969
 31
-11.596245765686035
 12
563.0889892578125
 22
103.01390075683594
 32
-13.390191078186035
 13
563.0889892578125
 23
103.01390075683594
 33
-13.390191078186035
  0
3DFACE
  8
0
1001
WEBCAD
1000
S3D37_1779006631276
 10
559.466796875
 20
114.69712829589844
 30
-11.596245765686035
 11
563.0889892578125
 21
103.01390075683594
 31
-13.390191078186035
 12
566.0586547851562
 22
113.52597045898438
 32
-13.390191078186035
 13
566.0586547851562
 23
113.52597045898438
 33
-13.390191078186035
  0
3DFACE
  8
0
1001
WEBCAD
1000
S3D37_1779006631276
 10
566.0586547851562
 20
113.52597045898438
 30
-13.390191078186035
 11
563.0889892578125
 21
103.01390075683594
 31
-13.390191078186035
 12
569.3192138671875
 22
100.56278991699219
 32
-11.596245765686035
 13
569.3192138671875
 23
100.56278991699219
 33
-11.596245765686035
  0
3DFACE
  8
0
1001
WEBCAD
1000
S3D37_1779006631276
 10
566.0586547851562
 20
113.52597045898438
 30
-13.390191078186035
 11
569.3192138671875
 21
100.56278991699219
 31
-11.596245765686035
 12
572.6505126953125
 22
112.35481262207031
 32
-11.596245765686035
 13
572.6505126953125
 23
112.35481262207031
 33
-11.596245765686035
  0
3DFACE
  8
0
1001
WEBCAD
1000
S3D37_1779006631276
 10
572.6505126953125
 20
112.35481262207031
 30
-11.596245765686035
 11
569.3192138671875
 21
100.56278991699219
 31
-11.596245765686035
 12
573.880126953125
 22
98.7684555053711
 32
-6.695095539093018
 13
573.880126953125
 23
98.7684555053711
 33
-6.695095539093018
  0
3DFACE
  8
0
1001
WEBCAD
1000
S3D37_1779006631276
 10
572.6505126953125
 20
112.35481262207031
 30
-11.596245765686035
 11
573.880126953125
 21
98.7684555053711
 31
-6.695095539093018
 12
577.47607421875
 22
111.4974594116211
 32
-6.695095539093018
 13
577.47607421875
 23
111.4974594116211
 33
-6.695095539093018
  0
3DFACE
  8
0
1001
WEBCAD
1000
S3D37_1779006631276
 10
577.47607421875
 20
111.4974594116211
 30
-6.695095539093018
 11
573.880126953125
 21
98.7684555053711
 31
-6.695095539093018
 12
575.5494995117188
 22
98.11167907714844
 32
-2.45973836256381e-15
 13
575.5494995117188
 23
98.11167907714844
 33
-2.45973836256381e-15
  0
3DFACE
  8
0
1001
WEBCAD
1000
S3D37_1779006631276
 10
577.47607421875
 20
111.4974594116211
 30
-6.695095539093018
 11
575.5494995117188
 21
98.11167907714844
 31
-2.45973836256381e-15
 12
579.2423706054688
 22
111.18364715576172
 32
-2.45973836256381e-15
 13
579.2423706054688
 23
111.18364715576172
 33
-2.45973836256381e-15
  0
3DFACE
  8
0
1001
WEBCAD
1000
S3D37_1779006631276
 10
579.2423706054688
 20
111.18364715576172
 30
-2.45973836256381e-15
 11
575.5494995117188
 21
98.11167907714844
 31
-2.45973836256381e-15
 12
573.880126953125
 22
98.7684555053711
 32
6.695095539093018
 13
573.880126953125
 23
98.7684555053711
 33
6.695095539093018
  0
3DFACE
  8
0
1001
WEBCAD
1000
S3D37_1779006631276
 10
579.2423706054688
 20
111.18364715576172
 30
-2.45973836256381e-15
 11
573.880126953125
 21
98.7684555053711
 31
6.695095539093018
 12
577.47607421875
 22
111.4974594116211
 32
6.695095539093018
 13
577.47607421875
 23
111.4974594116211
 33
6.695095539093018
  0
3DFACE
  8
0
1001
WEBCAD
1000
S3D37_1779006631276
 10
577.47607421875
 20
111.4974594116211
 30
6.695095539093018
 11
573.880126953125
 21
98.7684555053711
 31
6.695095539093018
 12
569.3192138671875
 22
100.56278991699219
 32
11.596245765686035
 13
569.3192138671875
 23
100.56278991699219
 33
11.596245765686035
  0
3DFACE
  8
0
1001
WEBCAD
1000
S3D37_1779006631276
 10
577.47607421875
 20
111.4974594116211
 30
6.695095539093018
 11
569.3192138671875
 21
100.56278991699219
 31
11.596245765686035
 12
572.6505126953125
 22
112.35481262207031
 32
11.596245765686035
 13
572.6505126953125
 23
112.35481262207031
 33
11.596245765686035
  0
3DFACE
  8
0
1001
WEBCAD
1000
S3D37_1779006631276
 10
572.6505126953125
 20
112.35481262207031
 30
11.596245765686035
 11
569.3192138671875
 21
100.56278991699219
 31
11.596245765686035
 12
563.0889892578125
 22
103.01390075683594
 32
13.390191078186035
 13
563.0889892578125
 23
103.01390075683594
 33
13.390191078186035
  0
3DFACE
  8
0
1001
WEBCAD
1000
S3D37_1779006631276
 10
572.6505126953125
 20
112.35481262207031
 30
11.596245765686035
 11
563.0889892578125
 21
103.01390075683594
 31
13.390191078186035
 12
566.0586547851562
 22
113.52597045898438
 32
13.390191078186035
 13
566.0586547851562
 23
113.52597045898438
 33
13.390191078186035
  0
3DFACE
  8
0
1001
WEBCAD
1000
S3D37_1779006631276
 10
563.0889892578125
 20
103.01390075683594
 30
13.390191078186035
 11
558.0999145507812
 21
93.29630279541016
 31
13.390191078186035
 12
552.9076538085938
 22
97.5229721069336
 32
11.596245765686035
 13
552.9076538085938
 23
97.5229721069336
 33
11.596245765686035
  0
3DFACE
  8
0
1001
WEBCAD
1000
S3D37_1779006631276
 10
563.0889892578125
 20
103.01390075683594
 30
13.390191078186035
 11
552.9076538085938
 21
97.5229721069336
 31
11.596245765686035
 12
556.8587036132812
 22
105.46501159667969
 32
11.596245765686035
 13
556.8587036132812
 23
105.46501159667969
 33
11.596245765686035
  0
3DFACE
  8
0
1001
WEBCAD
1000
S3D37_1779006631276
 10
556.8587036132812
 20
105.46501159667969
 30
11.596245765686035
 11
552.9076538085938
 21
97.5229721069336
 31
11.596245765686035
 12
549.1066284179688
 22
100.61711120605469
 32
6.695095539093018
 13
549.1066284179688
 23
100.61711120605469
 33
6.695095539093018
  0
3DFACE
  8
0
1001
WEBCAD
1000
S3D37_1779006631276
 10
556.8587036132812
 20
105.46501159667969
 30
11.596245765686035
 11
549.1066284179688
 21
100.61711120605469
 31
6.695095539093018
 12
552.2977905273438
 22
107.25934600830078
 32
6.695095539093018
 13
552.2977905273438
 23
107.25934600830078
 33
6.695095539093018
  0
3DFACE
  8
0
1001
WEBCAD
1000
S3D37_1779006631276
 10
552.2977905273438
 20
107.25934600830078
 30
6.695095539093018
 11
549.1066284179688
 21
100.61711120605469
 31
6.695095539093018
 12
547.7153930664062
 22
101.74964141845703
 32
8.199127522282306e-16
 13
547.7153930664062
 23
101.74964141845703
 33
8.199127522282306e-16
  0
3DFACE
  8
0
1001
WEBCAD
1000
S3D37_1779006631276
 10
552.2977905273438
 20
107.25934600830078
 30
6.695095539093018
 11
547.7153930664062
 21
101.74964141845703
 31
8.199127522282306e-16
 12
550.62841796875
 22
107.91612243652344
 32
8.199127522282306e-16
 13
550.62841796875
 23
107.91612243652344
 33
8.199127522282306e-16
  0
3DFACE
  8
0
1001
WEBCAD
1000
S3D37_1779006631276
 10
550.62841796875
 20
107.91612243652344
 30
8.199127522282306e-16
 11
547.7153930664062
 21
101.74964141845703
 31
8.199127522282306e-16
 12
549.1066284179688
 22
100.61711120605469
 32
-6.695095539093018
 13
549.1066284179688
 23
100.61711120605469
 33
-6.695095539093018
  0
3DFACE
  8
0
1001
WEBCAD
1000
S3D37_1779006631276
 10
550.62841796875
 20
107.91612243652344
 30
8.199127522282306e-16
 11
549.1066284179688
 21
100.61711120605469
 31
-6.695095539093018
 12
552.2977905273438
 22
107.25934600830078
 32
-6.695095539093018
 13
552.2977905273438
 23
107.25934600830078
 33
-6.695095539093018
  0
3DFACE
  8
0
1001
WEBCAD
1000
S3D37_1779006631276
 10
552.2977905273438
 20
107.25934600830078
 30
-6.695095539093018
 11
549.1066284179688
 21
100.61711120605469
 31
-6.695095539093018
 12
552.9076538085938
 22
97.5229721069336
 32
-11.596245765686035
 13
552.9076538085938
 23
97.5229721069336
 33
-11.596245765686035
  0
3DFACE
  8
0
1001
WEBCAD
1000
S3D37_1779006631276
 10
552.2977905273438
 20
107.25934600830078
 30
-6.695095539093018
 11
552.9076538085938
 21
97.5229721069336
 31
-11.596245765686035
 12
556.8587036132812
 22
105.46501159667969
 32
-11.596245765686035
 13
556.8587036132812
 23
105.46501159667969
 33
-11.596245765686035
  0
3DFACE
  8
0
1001
WEBCAD
1000
S3D37_1779006631276
 10
556.8587036132812
 20
105.46501159667969
 30
-11.596245765686035
 11
552.9076538085938
 21
97.5229721069336
 31
-11.596245765686035
 12
558.0999145507812
 22
93.29630279541016
 32
-13.390191078186035
 13
558.0999145507812
 23
93.29630279541016
 33
-13.390191078186035
  0
3DFACE
  8
0
1001
WEBCAD
1000
S3D37_1779006631276
 10
556.8587036132812
 20
105.46501159667969
 30
-11.596245765686035
 11
558.0999145507812
 21
93.29630279541016
 31
-13.390191078186035
 12
563.0889892578125
 22
103.01390075683594
 32
-13.390191078186035
 13
563.0889892578125
 23
103.01390075683594
 33
-13.390191078186035
  0
3DFACE
  8
0
1001
WEBCAD
1000
S3D37_1779006631276
 10
563.0889892578125
 20
103.01390075683594
 30
-13.390191078186035
 11
558.0999145507812
 21
93.29630279541016
 31
-13.390191078186035
 12
563.2921752929688
 22
89.06963348388672
 32
-11.596245765686035
 13
563.2921752929688
 23
89.06963348388672
 33
-11.596245765686035
  0
3DFACE
  8
0
1001
WEBCAD
1000
S3D37_1779006631276
 10
563.0889892578125
 20
103.01390075683594
 30
-13.390191078186035
 11
563.2921752929688
 21
89.06963348388672
 31
-11.596245765686035
 12
569.3192138671875
 22
100.56278991699219
 32
-11.596245765686035
 13
569.3192138671875
 23
100.56278991699219
 33
-11.596245765686035
  0
3DFACE
  8
0
1001
WEBCAD
1000
S3D37_1779006631276
 10
569.3192138671875
 20
100.56278991699219
 30
-11.596245765686035
 11
563.2921752929688
 21
89.06963348388672
 31
-11.596245765686035
 12
567.0931396484375
 22
85.97549438476562
 32
-6.695095539093018
 13
567.0931396484375
 23
85.97549438476562
 33
-6.695095539093018
  0
3DFACE
  8
0
1001
WEBCAD
1000
S3D37_1779006631276
 10
569.3192138671875
 20
100.56278991699219
 30
-11.596245765686035
 11
567.0931396484375
 21
85.97549438476562
 31
-6.695095539093018
 12
573.880126953125
 22
98.7684555053711
 32
-6.695095539093018
 13
573.880126953125
 23
98.7684555053711
 33
-6.695095539093018
  0
3DFACE
  8
0
1001
WEBCAD
1000
S3D37_1779006631276
 10
573.880126953125
 20
98.7684555053711
 30
-6.695095539093018
 11
567.0931396484375
 21
85.97549438476562
 31
-6.695095539093018
 12
568.4844360351562
 22
84.84295654296875
 32
-2.45973836256381e-15
 13
568.4844360351562
 23
84.84295654296875
 33
-2.45973836256381e-15
  0
3DFACE
  8
0
1001
WEBCAD
1000
S3D37_1779006631276
 10
573.880126953125
 20
98.7684555053711
 30
-6.695095539093018
 11
568.4844360351562
 21
84.84295654296875
 31
-2.45973836256381e-15
 12
575.5494995117188
 22
98.11167907714844
 32
-2.45973836256381e-15
 13
575.5494995117188
 23
98.11167907714844
 33
-2.45973836256381e-15
  0
3DFACE
  8
0
1001
WEBCAD
1000
S3D37_1779006631276
 10
575.5494995117188
 20
98.11167907714844
 30
-2.45973836256381e-15
 11
568.4844360351562
 21
84.84295654296875
 31
-2.45973836256381e-15
 12
567.0931396484375
 22
85.97549438476562
 32
6.695095539093018
 13
567.0931396484375
 23
85.97549438476562
 33
6.695095539093018
  0
3DFACE
  8
0
1001
WEBCAD
1000
S3D37_1779006631276
 10
575.5494995117188
 20
98.11167907714844
 30
-2.45973836256381e-15
 11
567.0931396484375
 21
85.97549438476562
 31
6.695095539093018
 12
573.880126953125
 22
98.7684555053711
 32
6.695095539093018
 13
573.880126953125
 23
98.7684555053711
 33
6.695095539093018
  0
3DFACE
  8
0
1001
WEBCAD
1000
S3D37_1779006631276
 10
573.880126953125
 20
98.7684555053711
 30
6.695095539093018
 11
567.0931396484375
 21
85.97549438476562
 31
6.695095539093018
 12
563.2921752929688
 22
89.06963348388672
 32
11.596245765686035
 13
563.2921752929688
 23
89.06963348388672
 33
11.596245765686035
  0
3DFACE
  8
0
1001
WEBCAD
1000
S3D37_1779006631276
 10
573.880126953125
 20
98.7684555053711
 30
6.695095539093018
 11
563.2921752929688
 21
89.06963348388672
 31
11.596245765686035
 12
569.3192138671875
 22
100.56278991699219
 32
11.596245765686035
 13
569.3192138671875
 23
100.56278991699219
 33
11.596245765686035
  0
3DFACE
  8
0
1001
WEBCAD
1000
S3D37_1779006631276
 10
569.3192138671875
 20
100.56278991699219
 30
11.596245765686035
 11
563.2921752929688
 21
89.06963348388672
 31
11.596245765686035
 12
558.0999145507812
 22
93.29630279541016
 32
13.390191078186035
 13
558.0999145507812
 23
93.29630279541016
 33
13.390191078186035
  0
3DFACE
  8
0
1001
WEBCAD
1000
S3D37_1779006631276
 10
569.3192138671875
 20
100.56278991699219
 30
11.596245765686035
 11
558.0999145507812
 21
93.29630279541016
 31
13.390191078186035
 12
563.0889892578125
 22
103.01390075683594
 32
13.390191078186035
 13
563.0889892578125
 23
103.01390075683594
 33
13.390191078186035
  0
3DFACE
  8
0
1001
WEBCAD
1000
S3D37_1779006631276
 10
558.0999145507812
 20
93.29630279541016
 30
13.390191078186035
 11
549.6334228515625
 21
86.46891021728516
 31
13.390191078186035
 12
545.9403686523438
 22
92.05332946777344
 32
11.596245765686035
 13
545.9403686523438
 23
92.05332946777344
 33
11.596245765686035
  0
3DFACE
  8
0
1001
WEBCAD
1000
S3D37_1779006631276
 10
558.0999145507812
 20
93.29630279541016
 30
13.390191078186035
 11
545.9403686523438
 21
92.05332946777344
 31
11.596245765686035
 12
552.9076538085938
 22
97.5229721069336
 32
11.596245765686035
 13
552.9076538085938
 23
97.5229721069336
 33
11.596245765686035
  0
3DFACE
  8
0
1001
WEBCAD
1000
S3D37_1779006631276
 10
552.9076538085938
 20
97.5229721069336
 30
11.596245765686035
 11
545.9403686523438
 21
92.05332946777344
 31
11.596245765686035
 12
543.2368774414062
 22
96.14140319824219
 32
6.695095539093018
 13
543.2368774414062
 23
96.14140319824219
 33
6.695095539093018
  0
3DFACE
  8
0
1001
WEBCAD
1000
S3D37_1779006631276
 10
552.9076538085938
 20
97.5229721069336
 30
11.596245765686035
 11
543.2368774414062
 21
96.14140319824219
 31
6.695095539093018
 12
549.1066284179688
 22
100.61711120605469
 32
6.695095539093018
 13
549.1066284179688
 23
100.61711120605469
 33
6.695095539093018
  0
3DFACE
  8
0
1001
WEBCAD
1000
S3D37_1779006631276
 10
549.1066284179688
 20
100.61711120605469
 30
6.695095539093018
 11
543.2368774414062
 21
96.14140319824219
 31
6.695095539093018
 12
542.247314453125
 22
97.63774108886719
 32
8.199127522282306e-16
 13
542.247314453125
 23
97.63774108886719
 33
8.199127522282306e-16
  0
3DFACE
  8
0
1001
WEBCAD
1000
S3D37_1779006631276
 10
549.1066284179688
 20
100.61711120605469
 30
6.695095539093018
 11
542.247314453125
 21
97.63774108886719
 31
8.199127522282306e-16
 12
547.7153930664062
 22
101.74964141845703
 32
8.199127522282306e-16
 13
547.7153930664062
 23
101.74964141845703
 33
8.199127522282306e-16
  0
3DFACE
  8
0
1001
WEBCAD
1000
S3D37_1779006631276
 10
547.7153930664062
 20
101.74964141845703
 30
8.199127522282306e-16
 11
542.247314453125
 21
97.63774108886719
 31
8.199127522282306e-16
 12
543.2368774414062
 22
96.14140319824219
 32
-6.695095539093018
 13
543.2368774414062
 23
96.14140319824219
 33
-6.695095539093018
  0
3DFACE
  8
0
1001
WEBCAD
1000
S3D37_1779006631276
 10
547.7153930664062
 20
101.74964141845703
 30
8.199127522282306e-16
 11
543.2368774414062
 21
96.14140319824219
 31
-6.695095539093018
 12
549.1066284179688
 22
100.61711120605469
 32
-6.695095539093018
 13
549.1066284179688
 23
100.61711120605469
 33
-6.695095539093018
  0
3DFACE
  8
0
1001
WEBCAD
1000
S3D37_1779006631276
 10
549.1066284179688
 20
100.61711120605469
 30
-6.695095539093018
 11
543.2368774414062
 21
96.14140319824219
 31
-6.695095539093018
 12
545.9403686523438
 22
92.05332946777344
 32
-11.596245765686035
 13
545.9403686523438
 23
92.05332946777344
 33
-11.596245765686035
  0
3DFACE
  8
0
1001
WEBCAD
1000
S3D37_1779006631276
 10
549.1066284179688
 20
100.61711120605469
 30
-6.695095539093018
 11
545.9403686523438
 21
92.05332946777344
 31
-11.596245765686035
 12
552.9076538085938
 22
97.5229721069336
 32
-11.596245765686035
 13
552.9076538085938
 23
97.5229721069336
 33
-11.596245765686035
  0
3DFACE
  8
0
1001
WEBCAD
1000
S3D37_1779006631276
 10
552.9076538085938
 20
97.5229721069336
 30
-11.596245765686035
 11
545.9403686523438
 21
92.05332946777344
 31
-11.596245765686035
 12
549.6334228515625
 22
86.46891021728516
 32
-13.390191078186035
 13
549.6334228515625
 23
86.46891021728516
 33
-13.390191078186035
  0
3DFACE
  8
0
1001
WEBCAD
1000
S3D37_1779006631276
 10
552.9076538085938
 20
97.5229721069336
 30
-11.596245765686035
 11
549.6334228515625
 21
86.46891021728516
 31
-13.390191078186035
 12
558.0999145507812
 22
93.29630279541016
 32
-13.390191078186035
 13
558.0999145507812
 23
93.29630279541016
 33
-13.390191078186035
  0
3DFACE
  8
0
1001
WEBCAD
1000
S3D37_1779006631276
 10
558.0999145507812
 20
93.29630279541016
 30
-13.390191078186035
 11
549.6334228515625
 21
86.46891021728516
 31
-13.390191078186035
 12
553.3264770507812
 22
80.8844985961914
 32
-11.596245765686035
 13
553.3264770507812
 23
80.8844985961914
 33
-11.596245765686035
  0
3DFACE
  8
0
1001
WEBCAD
1000
S3D37_1779006631276
 10
558.0999145507812
 20
93.29630279541016
 30
-13.390191078186035
 11
553.3264770507812
 21
80.8844985961914
 31
-11.596245765686035
 12
563.2921752929688
 22
89.06963348388672
 32
-11.596245765686035
 13
563.2921752929688
 23
89.06963348388672
 33
-11.596245765686035
  0
3DFACE
  8
0
1001
WEBCAD
1000
S3D37_1779006631276
 10
563.2921752929688
 20
89.06963348388672
 30
-11.596245765686035
 11
553.3264770507812
 21
80.8844985961914
 31
-11.596245765686035
 12
556.0299682617188
 22
76.79642486572266
 32
-6.695095539093018
 13
556.0299682617188
 23
76.79642486572266
 33
-6.695095539093018
  0
3DFACE
  8
0
1001
WEBCAD
1000
S3D37_1779006631276
 10
563.2921752929688
 20
89.06963348388672
 30
-11.596245765686035
 11
556.0299682617188
 21
76.79642486572266
 31
-6.695095539093018
 12
567.0931396484375
 22
85.97549438476562
 32
-6.695095539093018
 13
567.0931396484375
 23
85.97549438476562
 33
-6.695095539093018
  0
3DFACE
  8
0
1001
WEBCAD
1000
S3D37_1779006631276
 10
567.0931396484375
 20
85.97549438476562
 30
-6.695095539093018
 11
556.0299682617188
 21
76.79642486572266
 31
-6.695095539093018
 12
557.01953125
 22
75.30007934570312
 32
-2.45973836256381e-15
 13
557.01953125
 23
75.30007934570312
 33
-2.45973836256381e-15
  0
3DFACE
  8
0
1001
WEBCAD
1000
S3D37_1779006631276
 10
567.0931396484375
 20
85.97549438476562
 30
-6.695095539093018
 11
557.01953125
 21
75.30007934570312
 31
-2.45973836256381e-15
 12
568.4844360351562
 22
84.84295654296875
 32
-2.45973836256381e-15
 13
568.4844360351562
 23
84.84295654296875
 33
-2.45973836256381e-15
  0
3DFACE
  8
0
1001
WEBCAD
1000
S3D37_1779006631276
 10
568.4844360351562
 20
84.84295654296875
 30
-2.45973836256381e-15
 11
557.01953125
 21
75.30007934570312
 31
-2.45973836256381e-15
 12
556.0299682617188
 22
76.79642486572266
 32
6.695095539093018
 13
556.0299682617188
 23
76.79642486572266
 33
6.695095539093018
  0
3DFACE
  8
0
1001
WEBCAD
1000
S3D37_1779006631276
 10
568.4844360351562
 20
84.84295654296875
 30
-2.45973836256381e-15
 11
556.0299682617188
 21
76.79642486572266
 31
6.695095539093018
 12
567.0931396484375
 22
85.97549438476562
 32
6.695095539093018
 13
567.0931396484375
 23
85.97549438476562
 33
6.695095539093018
  0
3DFACE
  8
0
1001
WEBCAD
1000
S3D37_1779006631276
 10
567.0931396484375
 20
85.97549438476562
 30
6.695095539093018
 11
556.0299682617188
 21
76.79642486572266
 31
6.695095539093018
 12
553.3264770507812
 22
80.8844985961914
 32
11.596245765686035
 13
553.3264770507812
 23
80.8844985961914
 33
11.596245765686035
  0
3DFACE
  8
0
1001
WEBCAD
1000
S3D37_1779006631276
 10
567.0931396484375
 20
85.97549438476562
 30
6.695095539093018
 11
553.3264770507812
 21
80.8844985961914
 31
11.596245765686035
 12
563.2921752929688
 22
89.06963348388672
 32
11.596245765686035
 13
563.2921752929688
 23
89.06963348388672
 33
11.596245765686035
  0
3DFACE
  8
0
1001
WEBCAD
1000
S3D37_1779006631276
 10
563.2921752929688
 20
89.06963348388672
 30
11.596245765686035
 11
553.3264770507812
 21
80.8844985961914
 31
11.596245765686035
 12
549.6334228515625
 22
86.46891021728516
 32
13.390191078186035
 13
549.6334228515625
 23
86.46891021728516
 33
13.390191078186035
  0
3DFACE
  8
0
1001
WEBCAD
1000
S3D37_1779006631276
 10
563.2921752929688
 20
89.06963348388672
 30
11.596245765686035
 11
549.6334228515625
 21
86.46891021728516
 31
13.390191078186035
 12
558.0999145507812
 22
93.29630279541016
 32
13.390191078186035
 13
558.0999145507812
 23
93.29630279541016
 33
13.390191078186035
  0
3DFACE
  8
0
1001
WEBCAD
1000
S3D37_1779006631276
 10
549.6334228515625
 20
86.46891021728516
 30
13.390191078186035
 11
540.0365600585938
 21
81.35077667236328
 31
13.390191078186035
 12
537.45654296875
 22
87.5287857055664
 32
11.596245765686035
 13
537.45654296875
 23
87.5287857055664
 33
11.596245765686035
  0
3DFACE
  8
0
1001
WEBCAD
1000
S3D37_1779006631276
 10
549.6334228515625
 20
86.46891021728516
 30
13.390191078186035
 11
537.45654296875
 21
87.5287857055664
 31
11.596245765686035
 12
545.9403686523438
 22
92.05332946777344
 32
11.596245765686035
 13
545.9403686523438
 23
92.05332946777344
 33
11.596245765686035
  0
3DFACE
  8
0
1001
WEBCAD
1000
S3D37_1779006631276
 10
545.9403686523438
 20
92.05332946777344
 30
11.596245765686035
 11
537.45654296875
 21
87.5287857055664
 31
11.596245765686035
 12
535.5678100585938
 22
92.05139923095703
 32
6.695095539093018
 13
535.5678100585938
 23
92.05139923095703
 33
6.695095539093018
  0
3DFACE
  8
0
1001
WEBCAD
1000
S3D37_1779006631276
 10
545.9403686523438
 20
92.05332946777344
 30
11.596245765686035
 11
535.5678100585938
 21
92.05139923095703
 31
6.695095539093018
 12
543.2368774414062
 22
96.14140319824219
 32
6.695095539093018
 13
543.2368774414062
 23
96.14140319824219
 33
6.695095539093018
  0
3DFACE
  8
0
1001
WEBCAD
1000
S3D37_1779006631276
 10
543.2368774414062
 20
96.14140319824219
 30
6.695095539093018
 11
535.5678100585938
 21
92.05139923095703
 31
6.695095539093018
 12
534.8765258789062
 22
93.706787109375
 32
8.199127522282306e-16
 13
534.8765258789062
 23
93.706787109375
 33
8.199127522282306e-16
  0
3DFACE
  8
0
1001
WEBCAD
1000
S3D37_1779006631276
 10
543.2368774414062
 20
96.14140319824219
 30
6.695095539093018
 11
534.8765258789062
 21
93.706787109375
 31
8.199127522282306e-16
 12
542.247314453125
 22
97.63774108886719
 32
8.199127522282306e-16
 13
542.247314453125
 23
97.63774108886719
 33
8.199127522282306e-16
  0
3DFACE
  8
0
1001
WEBCAD
1000
S3D37_1779006631276
 10
542.247314453125
 20
97.63774108886719
 30
8.199127522282306e-16
 11
534.8765258789062
 21
93.706787109375
 31
8.199127522282306e-16
 12
535.5678100585938
 22
92.05139923095703
 32
-6.695095539093018
 13
535.5678100585938
 23
92.05139923095703
 33
-6.695095539093018
  0
3DFACE
  8
0
1001
WEBCAD
1000
S3D37_1779006631276
 10
542.247314453125
 20
97.63774108886719
 30
8.199127522282306e-16
 11
535.5678100585938
 21
92.05139923095703
 31
-6.695095539093018
 12
543.2368774414062
 22
96.14140319824219
 32
-6.695095539093018
 13
543.2368774414062
 23
96.14140319824219
 33
-6.695095539093018
  0
3DFACE
  8
0
1001
WEBCAD
1000
S3D37_1779006631276
 10
543.2368774414062
 20
96.14140319824219
 30
-6.695095539093018
 11
535.5678100585938
 21
92.05139923095703
 31
-6.695095539093018
 12
537.45654296875
 22
87.5287857055664
 32
-11.596245765686035
 13
537.45654296875
 23
87.5287857055664
 33
-11.596245765686035
  0
3DFACE
  8
0
1001
WEBCAD
1000
S3D37_1779006631276
 10
543.2368774414062
 20
96.14140319824219
 30
-6.695095539093018
 11
537.45654296875
 21
87.5287857055664
 31
-11.596245765686035
 12
545.9403686523438
 22
92.05332946777344
 32
-11.596245765686035
 13
545.9403686523438
 23
92.05332946777344
 33
-11.596245765686035
  0
3DFACE
  8
0
1001
WEBCAD
1000
S3D37_1779006631276
 10
545.9403686523438
 20
92.05332946777344
 30
-11.596245765686035
 11
537.45654296875
 21
87.5287857055664
 31
-11.596245765686035
 12
540.0365600585938
 22
81.35077667236328
 32
-13.390191078186035
 13
540.0365600585938
 23
81.35077667236328
 33
-13.390191078186035
  0
3DFACE
  8
0
1001
WEBCAD
1000
S3D37_1779006631276
 10
545.9403686523438
 20
92.05332946777344
 30
-11.596245765686035
 11
540.0365600585938
 21
81.35077667236328
 31
-13.390191078186035
 12
549.6334228515625
 22
86.46891021728516
 32
-13.390191078186035
 13
549.6334228515625
 23
86.46891021728516
 33
-13.390191078186035
  0
3DFACE
  8
0
1001
WEBCAD
1000
S3D37_1779006631276
 10
549.6334228515625
 20
86.46891021728516
 30
-13.390191078186035
 11
540.0365600585938
 21
81.35077667236328
 31
-13.390191078186035
 12
542.6165771484375
 22
75.17276763916016
 32
-11.596245765686035
 13
542.6165771484375
 23
75.17276763916016
 33
-11.596245765686035
  0
3DFACE
  8
0
1001
WEBCAD
1000
S3D37_1779006631276
 10
549.6334228515625
 20
86.46891021728516
 30
-13.390191078186035
 11
542.6165771484375
 21
75.17276763916016
 31
-11.596245765686035
 12
553.3264770507812
 22
80.8844985961914
 32
-11.596245765686035
 13
553.3264770507812
 23
80.8844985961914
 33
-11.596245765686035
  0
3DFACE
  8
0
1001
WEBCAD
1000
S3D37_1779006631276
 10
553.3264770507812
 20
80.8844985961914
 30
-11.596245765686035
 11
542.6165771484375
 21
75.17276763916016
 31
-11.596245765686035
 12
544.5053100585938
 22
70.65015411376953
 32
-6.695095539093018
 13
544.5053100585938
 23
70.65015411376953
 33
-6.695095539093018
  0
3DFACE
  8
0
1001
WEBCAD
1000
S3D37_1779006631276
 10
553.3264770507812
 20
80.8844985961914
 30
-11.596245765686035
 11
544.5053100585938
 21
70.65015411376953
 31
-6.695095539093018
 12
556.0299682617188
 22
76.79642486572266
 32
-6.695095539093018
 13
556.0299682617188
 23
76.79642486572266
 33
-6.695095539093018
  0
3DFACE
  8
0
1001
WEBCAD
1000
S3D37_1779006631276
 10
556.0299682617188
 20
76.79642486572266
 30
-6.695095539093018
 11
544.5053100585938
 21
70.65015411376953
 31
-6.695095539093018
 12
545.1965942382812
 22
68.99475860595703
 32
-2.45973836256381e-15
 13
545.1965942382812
 23
68.99475860595703
 33
-2.45973836256381e-15
  0
3DFACE
  8
0
1001
WEBCAD
1000
S3D37_1779006631276
 10
556.0299682617188
 20
76.79642486572266
 30
-6.695095539093018
 11
545.1965942382812
 21
68.99475860595703
 31
-2.45973836256381e-15
 12
557.01953125
 22
75.30007934570312
 32
-2.45973836256381e-15
 13
557.01953125
 23
75.30007934570312
 33
-2.45973836256381e-15
  0
3DFACE
  8
0
1001
WEBCAD
1000
S3D37_1779006631276
 10
557.01953125
 20
75.30007934570312
 30
-2.45973836256381e-15
 11
545.1965942382812
 21
68.99475860595703
 31
-2.45973836256381e-15
 12
544.5053100585938
 22
70.65015411376953
 32
6.695095539093018
 13
544.5053100585938
 23
70.65015411376953
 33
6.695095539093018
  0
3DFACE
  8
0
1001
WEBCAD
1000
S3D37_1779006631276
 10
557.01953125
 20
75.30007934570312
 30
-2.45973836256381e-15
 11
544.5053100585938
 21
70.65015411376953
 31
6.695095539093018
 12
556.0299682617188
 22
76.79642486572266
 32
6.695095539093018
 13
556.0299682617188
 23
76.79642486572266
 33
6.695095539093018
  0
3DFACE
  8
0
1001
WEBCAD
1000
S3D37_1779006631276
 10
556.0299682617188
 20
76.79642486572266
 30
6.695095539093018
 11
544.5053100585938
 21
70.65015411376953
 31
6.695095539093018
 12
542.6165771484375
 22
75.17276763916016
 32
11.596245765686035
 13
542.6165771484375
 23
75.17276763916016
 33
11.596245765686035
  0
3DFACE
  8
0
1001
WEBCAD
1000
S3D37_1779006631276
 10
556.0299682617188
 20
76.79642486572266
 30
6.695095539093018
 11
542.6165771484375
 21
75.17276763916016
 31
11.596245765686035
 12
553.3264770507812
 22
80.8844985961914
 32
11.596245765686035
 13
553.3264770507812
 23
80.8844985961914
 33
11.596245765686035
  0
3DFACE
  8
0
1001
WEBCAD
1000
S3D37_1779006631276
 10
553.3264770507812
 20
80.8844985961914
 30
11.596245765686035
 11
542.6165771484375
 21
75.17276763916016
 31
11.596245765686035
 12
540.0365600585938
 22
81.35077667236328
 32
13.390191078186035
 13
540.0365600585938
 23
81.35077667236328
 33
13.390191078186035
  0
3DFACE
  8
0
1001
WEBCAD
1000
S3D37_1779006631276
 10
553.3264770507812
 20
80.8844985961914
 30
11.596245765686035
 11
540.0365600585938
 21
81.35077667236328
 31
13.390191078186035
 12
549.6334228515625
 22
86.46891021728516
 32
13.390191078186035
 13
549.6334228515625
 23
86.46891021728516
 33
13.390191078186035
  0
3DFACE
  8
0
1001
WEBCAD
1000
S3D37_1779006631276
 10
540.0365600585938
 20
81.35077667236328
 30
13.390191078186035
 11
529.6500244140625
 21
78.12357330322266
 31
13.390191078186035
 12
528.274658203125
 22
84.67586517333984
 32
11.596245765686035
 13
528.274658203125
 23
84.67586517333984
 33
11.596245765686035
  0
3DFACE
  8
0
1001
WEBCAD
1000
S3D37_1779006631276
 10
540.0365600585938
 20
81.35077667236328
 30
13.390191078186035
 11
528.274658203125
 21
84.67586517333984
 31
11.596245765686035
 12
537.45654296875
 22
87.5287857055664
 32
11.596245765686035
 13
537.45654296875
 23
87.5287857055664
 33
11.596245765686035
  0
3DFACE
  8
0
1001
WEBCAD
1000
S3D37_1779006631276
 10
537.45654296875
 20
87.5287857055664
 30
11.596245765686035
 11
528.274658203125
 21
84.67586517333984
 31
11.596245765686035
 12
527.2677612304688
 22
89.47248077392578
 32
6.695095539093018
 13
527.2677612304688
 23
89.47248077392578
 33
6.695095539093018
  0
3DFACE
  8
0
1001
WEBCAD
1000
S3D37_1779006631276
 10
537.45654296875
 20
87.5287857055664
 30
11.596245765686035
 11
527.2677612304688
 21
89.47248077392578
 31
6.695095539093018
 12
535.5678100585938
 22
92.05139923095703
 32
6.695095539093018
 13
535.5678100585938
 23
92.05139923095703
 33
6.695095539093018
  0
3DFACE
  8
0
1001
WEBCAD
1000
S3D37_1779006631276
 10
535.5678100585938
 20
92.05139923095703
 30
6.695095539093018
 11
527.2677612304688
 21
89.47248077392578
 31
6.695095539093018
 12
526.8992309570312
 22
91.22815704345703
 32
8.199127522282306e-16
 13
526.8992309570312
 23
91.22815704345703
 33
8.199127522282306e-16
  0
3DFACE
  8
0
1001
WEBCAD
1000
S3D37_1779006631276
 10
535.5678100585938
 20
92.05139923095703
 30
6.695095539093018
 11
526.8992309570312
 21
91.22815704345703
 31
8.199127522282306e-16
 12
534.8765258789062
 22
93.706787109375
 32
8.199127522282306e-16
 13
534.8765258789062
 23
93.706787109375
 33
8.199127522282306e-16
  0
3DFACE
  8
0
1001
WEBCAD
1000
S3D37_1779006631276
 10
534.8765258789062
 20
93.706787109375
 30
8.199127522282306e-16
 11
526.8992309570312
 21
91.22815704345703
 31
8.199127522282306e-16
 12
527.2677612304688
 22
89.47248077392578
 32
-6.695095539093018
 13
527.2677612304688
 23
89.47248077392578
 33
-6.695095539093018
  0
3DFACE
  8
0
1001
WEBCAD
1000
S3D37_1779006631276
 10
534.8765258789062
 20
93.706787109375
 30
8.199127522282306e-16
 11
527.2677612304688
 21
89.47248077392578
 31
-6.695095539093018
 12
535.5678100585938
 22
92.05139923095703
 32
-6.695095539093018
 13
535.5678100585938
 23
92.05139923095703
 33
-6.695095539093018
  0
3DFACE
  8
0
1001
WEBCAD
1000
S3D37_1779006631276
 10
535.5678100585938
 20
92.05139923095703
 30
-6.695095539093018
 11
527.2677612304688
 21
89.47248077392578
 31
-6.695095539093018
 12
528.274658203125
 22
84.67586517333984
 32
-11.596245765686035
 13
528.274658203125
 23
84.67586517333984
 33
-11.596245765686035
  0
3DFACE
  8
0
1001
WEBCAD
1000
S3D37_1779006631276
 10
535.5678100585938
 20
92.05139923095703
 30
-6.695095539093018
 11
528.274658203125
 21
84.67586517333984
 31
-11.596245765686035
 12
537.45654296875
 22
87.5287857055664
 32
-11.596245765686035
 13
537.45654296875
 23
87.5287857055664
 33
-11.596245765686035
  0
3DFACE
  8
0
1001
WEBCAD
1000
S3D37_1779006631276
 10
537.45654296875
 20
87.5287857055664
 30
-11.596245765686035
 11
528.274658203125
 21
84.67586517333984
 31
-11.596245765686035
 12
529.6500244140625
 22
78.12357330322266
 32
-13.390191078186035
 13
529.6500244140625
 23
78.12357330322266
 33
-13.390191078186035
  0
3DFACE
  8
0
1001
WEBCAD
1000
S3D37_1779006631276
 10
537.45654296875
 20
87.5287857055664
 30
-11.596245765686035
 11
529.6500244140625
 21
78.12357330322266
 31
-13.390191078186035
 12
540.0365600585938
 22
81.35077667236328
 32
-13.390191078186035
 13
540.0365600585938
 23
81.35077667236328
 33
-13.390191078186035
  0
3DFACE
  8
0
1001
WEBCAD
1000
S3D37_1779006631276
 10
540.0365600585938
 20
81.35077667236328
 30
-13.390191078186035
 11
529.6500244140625
 21
78.12357330322266
 31
-13.390191078186035
 12
531.0254516601562
 22
71.57128143310547
 32
-11.596245765686035
 13
531.0254516601562
 23
71.57128143310547
 33
-11.596245765686035
  0
3DFACE
  8
0
1001
WEBCAD
1000
S3D37_1779006631276
 10
540.0365600585938
 20
81.35077667236328
 30
-13.390191078186035
 11
531.0254516601562
 21
71.57128143310547
 31
-11.596245765686035
 12
542.6165771484375
 22
75.17276763916016
 32
-11.596245765686035
 13
542.6165771484375
 23
75.17276763916016
 33
-11.596245765686035
  0
3DFACE
  8
0
1001
WEBCAD
1000
S3D37_1779006631276
 10
542.6165771484375
 20
75.17276763916016
 30
-11.596245765686035
 11
531.0254516601562
 21
71.57128143310547
 31
-11.596245765686035
 12
532.0323486328125
 22
66.77466583251953
 32
-6.695095539093018
 13
532.0323486328125
 23
66.77466583251953
 33
-6.695095539093018
  0
3DFACE
  8
0
1001
WEBCAD
1000
S3D37_1779006631276
 10
542.6165771484375
 20
75.17276763916016
 30
-11.596245765686035
 11
532.0323486328125
 21
66.77466583251953
 31
-6.695095539093018
 12
544.5053100585938
 22
70.65015411376953
 32
-6.695095539093018
 13
544.5053100585938
 23
70.65015411376953
 33
-6.695095539093018
  0
3DFACE
  8
0
1001
WEBCAD
1000
S3D37_1779006631276
 10
544.5053100585938
 20
70.65015411376953
 30
-6.695095539093018
 11
532.0323486328125
 21
66.77466583251953
 31
-6.695095539093018
 12
532.40087890625
 22
65.01898956298828
 32
-2.45973836256381e-15
 13
532.40087890625
 23
65.01898956298828
 33
-2.45973836256381e-15
  0
3DFACE
  8
0
1001
WEBCAD
1000
S3D37_1779006631276
 10
544.5053100585938
 20
70.65015411376953
 30
-6.695095539093018
 11
532.40087890625
 21
65.01898956298828
 31
-2.45973836256381e-15
 12
545.1965942382812
 22
68.99475860595703
 32
-2.45973836256381e-15
 13
545.1965942382812
 23
68.99475860595703
 33
-2.45973836256381e-15
  0
3DFACE
  8
0
1001
WEBCAD
1000
S3D37_1779006631276
 10
545.1965942382812
 20
68.99475860595703
 30
-2.45973836256381e-15
 11
532.40087890625
 21
65.01898956298828
 31
-2.45973836256381e-15
 12
532.0323486328125
 22
66.77466583251953
 32
6.695095539093018
 13
532.0323486328125
 23
66.77466583251953
 33
6.695095539093018
  0
3DFACE
  8
0
1001
WEBCAD
1000
S3D37_1779006631276
 10
545.1965942382812
 20
68.99475860595703
 30
-2.45973836256381e-15
 11
532.0323486328125
 21
66.77466583251953
 31
6.695095539093018
 12
544.5053100585938
 22
70.65015411376953
 32
6.695095539093018
 13
544.5053100585938
 23
70.65015411376953
 33
6.695095539093018
  0
3DFACE
  8
0
1001
WEBCAD
1000
S3D37_1779006631276
 10
544.5053100585938
 20
70.65015411376953
 30
6.695095539093018
 11
532.0323486328125
 21
66.77466583251953
 31
6.695095539093018
 12
531.0254516601562
 22
71.57128143310547
 32
11.596245765686035
 13
531.0254516601562
 23
71.57128143310547
 33
11.596245765686035
  0
3DFACE
  8
0
1001
WEBCAD
1000
S3D37_1779006631276
 10
544.5053100585938
 20
70.65015411376953
 30
6.695095539093018
 11
531.0254516601562
 21
71.57128143310547
 31
11.596245765686035
 12
542.6165771484375
 22
75.17276763916016
 32
11.596245765686035
 13
542.6165771484375
 23
75.17276763916016
 33
11.596245765686035
  0
3DFACE
  8
0
1001
WEBCAD
1000
S3D37_1779006631276
 10
542.6165771484375
 20
75.17276763916016
 30
11.596245765686035
 11
531.0254516601562
 21
71.57128143310547
 31
11.596245765686035
 12
529.6500244140625
 22
78.12357330322266
 32
13.390191078186035
 13
529.6500244140625
 23
78.12357330322266
 33
13.390191078186035
  0
3DFACE
  8
0
1001
WEBCAD
1000
S3D37_1779006631276
 10
542.6165771484375
 20
75.17276763916016
 30
11.596245765686035
 11
529.6500244140625
 21
78.12357330322266
 31
13.390191078186035
 12
540.0365600585938
 22
81.35077667236328
 32
13.390191078186035
 13
540.0365600585938
 23
81.35077667236328
 33
13.390191078186035
  0
3DFACE
  8
0
1001
WEBCAD
1000
S3D37_1779006631276
 10
529.6500244140625
 20
78.12357330322266
 30
13.390191078186035
 11
518.842529296875
 21
76.90186309814453
 31
13.390191078186035
 12
518.7205810546875
 22
83.5958480834961
 32
11.596245765686035
 13
518.7205810546875
 23
83.5958480834961
 33
11.596245765686035
  0
3DFACE
  8
0
1001
WEBCAD
1000
S3D37_1779006631276
 10
529.6500244140625
 20
78.12357330322266
 30
13.390191078186035
 11
518.7205810546875
 21
83.5958480834961
 31
11.596245765686035
 12
528.274658203125
 22
84.67586517333984
 32
11.596245765686035
 13
528.274658203125
 23
84.67586517333984
 33
11.596245765686035
  0
3DFACE
  8
0
1001
WEBCAD
1000
S3D37_1779006631276
 10
528.274658203125
 20
84.67586517333984
 30
11.596245765686035
 11
518.7205810546875
 21
83.5958480834961
 31
11.596245765686035
 12
518.6312866210938
 22
88.49618530273438
 32
6.695095539093018
 13
518.6312866210938
 23
88.49618530273438
 33
6.695095539093018
  0
3DFACE
  8
0
1001
WEBCAD
1000
S3D37_1779006631276
 10
528.274658203125
 20
84.67586517333984
 30
11.596245765686035
 11
518.6312866210938
 21
88.49618530273438
 31
6.695095539093018
 12
527.2677612304688
 22
89.47248077392578
 32
6.695095539093018
 13
527.2677612304688
 23
89.47248077392578
 33
6.695095539093018
  0
3DFACE
  8
0
1001
WEBCAD
1000
S3D37_1779006631276
 10
527.2677612304688
 20
89.47248077392578
 30
6.695095539093018
 11
518.6312866210938
 21
88.49618530273438
 31
6.695095539093018
 12
518.5985717773438
 22
90.28983306884766
 32
8.199127522282306e-16
 13
518.5985717773438
 23
90.28983306884766
 33
8.199127522282306e-16
  0
3DFACE
  8
0
1001
WEBCAD
1000
S3D37_1779006631276
 10
527.2677612304688
 20
89.47248077392578
 30
6.695095539093018
 11
518.5985717773438
 21
90.28983306884766
 31
8.199127522282306e-16
 12
526.8992309570312
 22
91.22815704345703
 32
8.199127522282306e-16
 13
526.8992309570312
 23
91.22815704345703
 33
8.199127522282306e-16
  0
3DFACE
  8
0
1001
WEBCAD
1000
S3D37_1779006631276
 10
526.8992309570312
 20
91.22815704345703
 30
8.199127522282306e-16
 11
518.5985717773438
 21
90.28983306884766
 31
8.199127522282306e-16
 12
518.6312866210938
 22
88.49618530273438
 32
-6.695095539093018
 13
518.6312866210938
 23
88.49618530273438
 33
-6.695095539093018
  0
3DFACE
  8
0
1001
WEBCAD
1000
S3D37_1779006631276
 10
526.8992309570312
 20
91.22815704345703
 30
8.199127522282306e-16
 11
518.6312866210938
 21
88.49618530273438
 31
-6.695095539093018
 12
527.2677612304688
 22
89.47248077392578
 32
-6.695095539093018
 13
527.2677612304688
 23
89.47248077392578
 33
-6.695095539093018
  0
3DFACE
  8
0
1001
WEBCAD
1000
S3D37_1779006631276
 10
527.2677612304688
 20
89.47248077392578
 30
-6.695095539093018
 11
518.6312866210938
 21
88.49618530273438
 31
-6.695095539093018
 12
518.7205810546875
 22
83.5958480834961
 32
-11.596245765686035
 13
518.7205810546875
 23
83.5958480834961
 33
-11.596245765686035
  0
3DFACE
  8
0
1001
WEBCAD
1000
S3D37_1779006631276
 10
527.2677612304688
 20
89.47248077392578
 30
-6.695095539093018
 11
518.7205810546875
 21
83.5958480834961
 31
-11.596245765686035
 12
528.274658203125
 22
84.67586517333984
 32
-11.596245765686035
 13
528.274658203125
 23
84.67586517333984
 33
-11.596245765686035
  0
3DFACE
  8
0
1001
WEBCAD
1000
S3D37_1779006631276
 10
528.274658203125
 20
84.67586517333984
 30
-11.596245765686035
 11
518.7205810546875
 21
83.5958480834961
 31
-11.596245765686035
 12
518.842529296875
 22
76.90186309814453
 32
-13.390191078186035
 13
518.842529296875
 23
76.90186309814453
 33
-13.390191078186035
  0
3DFACE
  8
0
1001
WEBCAD
1000
S3D37_1779006631276
 10
528.274658203125
 20
84.67586517333984
 30
-11.596245765686035
 11
518.842529296875
 21
76.90186309814453
 31
-13.390191078186035
 12
529.6500244140625
 22
78.12357330322266
 32
-13.390191078186035
 13
529.6500244140625
 23
78.12357330322266
 33
-13.390191078186035
  0
3DFACE
  8
0
1001
WEBCAD
1000
S3D37_1779006631276
 10
529.6500244140625
 20
78.12357330322266
 30
-13.390191078186035
 11
518.842529296875
 21
76.90186309814453
 31
-13.390191078186035
 12
518.9645385742188
 22
70.20787811279297
 32
-11.596245765686035
 13
518.9645385742188
 23
70.20787811279297
 33
-11.596245765686035
  0
3DFACE
  8
0
1001
WEBCAD
1000
S3D37_1779006631276
 10
529.6500244140625
 20
78.12357330322266
 30
-13.390191078186035
 11
518.9645385742188
 21
70.20787811279297
 31
-11.596245765686035
 12
531.0254516601562
 22
71.57128143310547
 32
-11.596245765686035
 13
531.0254516601562
 23
71.57128143310547
 33
-11.596245765686035
  0
3DFACE
  8
0
1001
WEBCAD
1000
S3D37_1779006631276
 10
531.0254516601562
 20
71.57128143310547
 30
-11.596245765686035
 11
518.9645385742188
 21
70.20787811279297
 31
-11.596245765686035
 12
519.0538330078125
 22
65.30754852294922
 32
-6.695095539093018
 13
519.0538330078125
 23
65.30754852294922
 33
-6.695095539093018
  0
3DFACE
  8
0
1001
WEBCAD
1000
S3D37_1779006631276
 10
531.0254516601562
 20
71.57128143310547
 30
-11.596245765686035
 11
519.0538330078125
 21
65.30754852294922
 31
-6.695095539093018
 12
532.0323486328125
 22
66.77466583251953
 32
-6.695095539093018
 13
532.0323486328125
 23
66.77466583251953
 33
-6.695095539093018
  0
3DFACE
  8
0
1001
WEBCAD
1000
S3D37_1779006631276
 10
532.0323486328125
 20
66.77466583251953
 30
-6.695095539093018
 11
519.0538330078125
 21
65.30754852294922
 31
-6.695095539093018
 12
519.0864868164062
 22
63.51389694213867
 32
-2.45973836256381e-15
 13
519.0864868164062
 23
63.51389694213867
 33
-2.45973836256381e-15
  0
3DFACE
  8
0
1001
WEBCAD
1000
S3D37_1779006631276
 10
532.0323486328125
 20
66.77466583251953
 30
-6.695095539093018
 11
519.0864868164062
 21
63.51389694213867
 31
-2.45973836256381e-15
 12
532.40087890625
 22
65.01898956298828
 32
-2.45973836256381e-15
 13
532.40087890625
 23
65.01898956298828
 33
-2.45973836256381e-15
  0
3DFACE
  8
0
1001
WEBCAD
1000
S3D37_1779006631276
 10
532.40087890625
 20
65.01898956298828
 30
-2.45973836256381e-15
 11
519.0864868164062
 21
63.51389694213867
 31
-2.45973836256381e-15
 12
519.0538330078125
 22
65.30754852294922
 32
6.695095539093018
 13
519.0538330078125
 23
65.30754852294922
 33
6.695095539093018
  0
3DFACE
  8
0
1001
WEBCAD
1000
S3D37_1779006631276
 10
532.40087890625
 20
65.01898956298828
 30
-2.45973836256381e-15
 11
519.0538330078125
 21
65.30754852294922
 31
6.695095539093018
 12
532.0323486328125
 22
66.77466583251953
 32
6.695095539093018
 13
532.0323486328125
 23
66.77466583251953
 33
6.695095539093018
  0
3DFACE
  8
0
1001
WEBCAD
1000
S3D37_1779006631276
 10
532.0323486328125
 20
66.77466583251953
 30
6.695095539093018
 11
519.0538330078125
 21
65.30754852294922
 31
6.695095539093018
 12
518.9645385742188
 22
70.20787811279297
 32
11.596245765686035
 13
518.9645385742188
 23
70.20787811279297
 33
11.596245765686035
  0
3DFACE
  8
0
1001
WEBCAD
1000
S3D37_1779006631276
 10
532.0323486328125
 20
66.77466583251953
 30
6.695095539093018
 11
518.9645385742188
 21
70.20787811279297
 31
11.596245765686035
 12
531.0254516601562
 22
71.57128143310547
 32
11.596245765686035
 13
531.0254516601562
 23
71.57128143310547
 33
11.596245765686035
  0
3DFACE
  8
0
1001
WEBCAD
1000
S3D37_1779006631276
 10
531.0254516601562
 20
71.57128143310547
 30
11.596245765686035
 11
518.9645385742188
 21
70.20787811279297
 31
11.596245765686035
 12
518.842529296875
 22
76.90186309814453
 32
13.390191078186035
 13
518.842529296875
 23
76.90186309814453
 33
13.390191078186035
  0
3DFACE
  8
0
1001
WEBCAD
1000
S3D37_1779006631276
 10
531.0254516601562
 20
71.57128143310547
 30
11.596245765686035
 11
518.842529296875
 21
76.90186309814453
 31
13.390191078186035
 12
529.6500244140625
 22
78.12357330322266
 32
13.390191078186035
 13
529.6500244140625
 23
78.12357330322266
 33
13.390191078186035
  0
3DFACE
  8
0
1001
WEBCAD
1000
S3D37_1779006631276
 10
518.842529296875
 20
76.90186309814453
 30
13.390191078186035
 11
507.9977111816406
 21
77.72901916503906
 31
13.390191078186035
 12
509.13348388671875
 22
84.32707214355469
 32
11.596245765686035
 13
509.13348388671875
 23
84.32707214355469
 33
11.596245765686035
  0
3DFACE
  8
0
1001
WEBCAD
1000
S3D37_1779006631276
 10
518.842529296875
 20
76.90186309814453
 30
13.390191078186035
 11
509.13348388671875
 21
84.32707214355469
 31
11.596245765686035
 12
518.7205810546875
 22
83.5958480834961
 32
11.596245765686035
 13
518.7205810546875
 23
83.5958480834961
 33
11.596245765686035
  0
3DFACE
  8
0
1001
WEBCAD
1000
S3D37_1779006631276
 10
518.7205810546875
 20
83.5958480834961
 30
11.596245765686035
 11
509.13348388671875
 21
84.32707214355469
 31
11.596245765686035
 12
509.9649658203125
 22
89.15718078613281
 32
6.695095539093018
 13
509.9649658203125
 23
89.15718078613281
 33
6.695095539093018
  0
3DFACE
  8
0
1001
WEBCAD
1000
S3D37_1779006631276
 10
518.7205810546875
 20
83.5958480834961
 30
11.596245765686035
 11
509.9649658203125
 21
89.15718078613281
 31
6.695095539093018
 12
518.6312866210938
 22
88.49618530273438
 32
6.695095539093018
 13
518.6312866210938
 23
88.49618530273438
 33
6.695095539093018
  0
3DFACE
  8
0
1001
WEBCAD
1000
S3D37_1779006631276
 10
518.6312866210938
 20
88.49618530273438
 30
6.695095539093018
 11
509.9649658203125
 21
89.15718078613281
 31
6.695095539093018
 12
510.269287109375
 22
90.92512512207031
 32
8.199127522282306e-16
 13
510.269287109375
 23
90.92512512207031
 33
8.199127522282306e-16
  0
3DFACE
  8
0
1001
WEBCAD
1000
S3D37_1779006631276
 10
518.6312866210938
 20
88.49618530273438
 30
6.695095539093018
 11
510.269287109375
 21
90.92512512207031
 31
8.199127522282306e-16
 12
518.5985717773438
 22
90.28983306884766
 32
8.199127522282306e-16
 13
518.5985717773438
 23
90.28983306884766
 33
8.199127522282306e-16
  0
3DFACE
  8
0
1001
WEBCAD
1000
S3D37_1779006631276
 10
518.5985717773438
 20
90.28983306884766
 30
8.199127522282306e-16
 11
510.269287109375
 21
90.92512512207031
 31
8.199127522282306e-16
 12
509.9649658203125
 22
89.15718078613281
 32
-6.695095539093018
 13
509.9649658203125
 23
89.15718078613281
 33
-6.695095539093018
  0
3DFACE
  8
0
1001
WEBCAD
1000
S3D37_1779006631276
 10
518.5985717773438
 20
90.28983306884766
 30
8.199127522282306e-16
 11
509.9649658203125
 21
89.15718078613281
 31
-6.695095539093018
 12
518.6312866210938
 22
88.49618530273438
 32
-6.695095539093018
 13
518.6312866210938
 23
88.49618530273438
 33
-6.695095539093018
  0
3DFACE
  8
0
1001
WEBCAD
1000
S3D37_1779006631276
 10
518.6312866210938
 20
88.49618530273438
 30
-6.695095539093018
 11
509.9649658203125
 21
89.15718078613281
 31
-6.695095539093018
 12
509.13348388671875
 22
84.32707214355469
 32
-11.596245765686035
 13
509.13348388671875
 23
84.32707214355469
 33
-11.596245765686035
  0
3DFACE
  8
0
1001
WEBCAD
1000
S3D37_1779006631276
 10
518.6312866210938
 20
88.49618530273438
 30
-6.695095539093018
 11
509.13348388671875
 21
84.32707214355469
 31
-11.596245765686035
 12
518.7205810546875
 22
83.5958480834961
 32
-11.596245765686035
 13
518.7205810546875
 23
83.5958480834961
 33
-11.596245765686035
  0
3DFACE
  8
0
1001
WEBCAD
1000
S3D37_1779006631276
 10
518.7205810546875
 20
83.5958480834961
 30
-11.596245765686035
 11
509.13348388671875
 21
84.32707214355469
 31
-11.596245765686035
 12
507.9977111816406
 22
77.72901916503906
 32
-13.390191078186035
 13
507.9977111816406
 23
77.72901916503906
 33
-13.390191078186035
  0
3DFACE
  8
0
1001
WEBCAD
1000
S3D37_1779006631276
 10
518.7205810546875
 20
83.5958480834961
 30
-11.596245765686035
 11
507.9977111816406
 21
77.72901916503906
 31
-13.390191078186035
 12
518.842529296875
 22
76.90186309814453
 32
-13.390191078186035
 13
518.842529296875
 23
76.90186309814453
 33
-13.390191078186035
  0
3DFACE
  8
0
1001
WEBCAD
1000
S3D37_1779006631276
 10
518.842529296875
 20
76.90186309814453
 30
-13.390191078186035
 11
507.9977111816406
 21
77.72901916503906
 31
-13.390191078186035
 12
506.8619384765625
 22
71.13096618652344
 32
-11.596245765686035
 13
506.8619384765625
 23
71.13096618652344
 33
-11.596245765686035
  0
3DFACE
  8
0
1001
WEBCAD
1000
S3D37_1779006631276
 10
518.842529296875
 20
76.90186309814453
 30
-13.390191078186035
 11
506.8619384765625
 21
71.13096618652344
 31
-11.596245765686035
 12
518.9645385742188
 22
70.20787811279297
 32
-11.596245765686035
 13
518.9645385742188
 23
70.20787811279297
 33
-11.596245765686035
  0
3DFACE
  8
0
1001
WEBCAD
1000
S3D37_1779006631276
 10
518.9645385742188
 20
70.20787811279297
 30
-11.596245765686035
 11
506.8619384765625
 21
71.13096618652344
 31
-11.596245765686035
 12
506.03045654296875
 22
66.30085754394531
 32
-6.695095539093018
 13
506.03045654296875
 23
66.30085754394531
 33
-6.695095539093018
  0
3DFACE
  8
0
1001
WEBCAD
1000
S3D37_1779006631276
 10
518.9645385742188
 20
70.20787811279297
 30
-11.596245765686035
 11
506.03045654296875
 21
66.30085754394531
 31
-6.695095539093018
 12
519.0538330078125
 22
65.30754852294922
 32
-6.695095539093018
 13
519.0538330078125
 23
65.30754852294922
 33
-6.695095539093018
  0
3DFACE
  8
0
1001
WEBCAD
1000
S3D37_1779006631276
 10
519.0538330078125
 20
65.30754852294922
 30
-6.695095539093018
 11
506.03045654296875
 21
66.30085754394531
 31
-6.695095539093018
 12
505.72613525390625
 22
64.53291320800781
 32
-2.45973836256381e-15
 13
505.72613525390625
 23
64.53291320800781
 33
-2.45973836256381e-15
  0
3DFACE
  8
0
1001
WEBCAD
1000
S3D37_1779006631276
 10
519.0538330078125
 20
65.30754852294922
 30
-6.695095539093018
 11
505.72613525390625
 21
64.53291320800781
 31
-2.45973836256381e-15
 12
519.0864868164062
 22
63.51389694213867
 32
-2.45973836256381e-15
 13
519.0864868164062
 23
63.51389694213867
 33
-2.45973836256381e-15
  0
3DFACE
  8
0
1001
WEBCAD
1000
S3D37_1779006631276
 10
519.0864868164062
 20
63.51389694213867
 30
-2.45973836256381e-15
 11
505.72613525390625
 21
64.53291320800781
 31
-2.45973836256381e-15
 12
506.03045654296875
 22
66.30085754394531
 32
6.695095539093018
 13
506.03045654296875
 23
66.30085754394531
 33
6.695095539093018
  0
3DFACE
  8
0
1001
WEBCAD
1000
S3D37_1779006631276
 10
519.0864868164062
 20
63.51389694213867
 30
-2.45973836256381e-15
 11
506.03045654296875
 21
66.30085754394531
 31
6.695095539093018
 12
519.0538330078125
 22
65.30754852294922
 32
6.695095539093018
 13
519.0538330078125
 23
65.30754852294922
 33
6.695095539093018
  0
3DFACE
  8
0
1001
WEBCAD
1000
S3D37_1779006631276
 10
519.0538330078125
 20
65.30754852294922
 30
6.695095539093018
 11
506.03045654296875
 21
66.30085754394531
 31
6.695095539093018
 12
506.8619384765625
 22
71.13096618652344
 32
11.596245765686035
 13
506.8619384765625
 23
71.13096618652344
 33
11.596245765686035
  0
3DFACE
  8
0
1001
WEBCAD
1000
S3D37_1779006631276
 10
519.0538330078125
 20
65.30754852294922
 30
6.695095539093018
 11
506.8619384765625
 21
71.13096618652344
 31
11.596245765686035
 12
518.9645385742188
 22
70.20787811279297
 32
11.596245765686035
 13
518.9645385742188
 23
70.20787811279297
 33
11.596245765686035
  0
3DFACE
  8
0
1001
WEBCAD
1000
S3D37_1779006631276
 10
518.9645385742188
 20
70.20787811279297
 30
11.596245765686035
 11
506.8619384765625
 21
71.13096618652344
 31
11.596245765686035
 12
507.9977111816406
 22
77.72901916503906
 32
13.390191078186035
 13
507.9977111816406
 23
77.72901916503906
 33
13.390191078186035
  0
3DFACE
  8
0
1001
WEBCAD
1000
S3D37_1779006631276
 10
518.9645385742188
 20
70.20787811279297
 30
11.596245765686035
 11
507.9977111816406
 21
77.72901916503906
 31
13.390191078186035
 12
518.842529296875
 22
76.90186309814453
 32
13.390191078186035
 13
518.842529296875
 23
76.90186309814453
 33
13.390191078186035
  0
3DFACE
  8
0
1001
WEBCAD
1000
S3D37_1779006631276
 10
507.9977111816406
 20
77.72901916503906
 30
13.390191078186035
 11
497.5005187988281
 21
80.57567596435547
 31
13.390191078186035
 12
499.853759765625
 22
86.84358215332031
 32
11.596245765686035
 13
499.853759765625
 23
86.84358215332031
 33
11.596245765686035
  0
3DFACE
  8
0
1001
WEBCAD
1000
S3D37_1779006631276
 10
507.9977111816406
 20
77.72901916503906
 30
13.390191078186035
 11
499.853759765625
 21
86.84358215332031
 31
11.596245765686035
 12
509.13348388671875
 22
84.32707214355469
 32
11.596245765686035
 13
509.13348388671875
 23
84.32707214355469
 33
11.596245765686035
  0
3DFACE
  8
0
1001
WEBCAD
1000
S3D37_1779006631276
 10
509.13348388671875
 20
84.32707214355469
 30
11.596245765686035
 11
499.853759765625
 21
86.84358215332031
 31
11.596245765686035
 12
501.576416015625
 22
91.43199920654297
 32
6.695095539093018
 13
501.576416015625
 23
91.43199920654297
 33
6.695095539093018
  0
3DFACE
  8
0
1001
WEBCAD
1000
S3D37_1779006631276
 10
509.13348388671875
 20
84.32707214355469
 30
11.596245765686035
 11
501.576416015625
 21
91.43199920654297
 31
6.695095539093018
 12
509.9649658203125
 22
89.15718078613281
 32
6.695095539093018
 13
509.9649658203125
 23
89.15718078613281
 33
6.695095539093018
  0
3DFACE
  8
0
1001
WEBCAD
1000
S3D37_1779006631276
 10
509.9649658203125
 20
89.15718078613281
 30
6.695095539093018
 11
501.576416015625
 21
91.43199920654297
 31
6.695095539093018
 12
502.20697021484375
 22
93.11148071289062
 32
8.199127522282306e-16
 13
502.20697021484375
 23
93.11148071289062
 33
8.199127522282306e-16
  0
3DFACE
  8
0
1001
WEBCAD
1000
S3D37_1779006631276
 10
509.9649658203125
 20
89.15718078613281
 30
6.695095539093018
 11
502.20697021484375
 21
93.11148071289062
 31
8.199127522282306e-16
 12
510.269287109375
 22
90.92512512207031
 32
8.199127522282306e-16
 13
510.269287109375
 23
90.92512512207031
 33
8.199127522282306e-16
  0
3DFACE
  8
0
1001
WEBCAD
1000
S3D37_1779006631276
 10
510.269287109375
 20
90.92512512207031
 30
8.199127522282306e-16
 11
502.20697021484375
 21
93.11148071289062
 31
8.199127522282306e-16
 12
501.576416015625
 22
91.43199920654297
 32
-6.695095539093018
 13
501.576416015625
 23
91.43199920654297
 33
-6.695095539093018
  0
3DFACE
  8
0
1001
WEBCAD
1000
S3D37_1779006631276
 10
510.269287109375
 20
90.92512512207031
 30
8.199127522282306e-16
 11
501.576416015625
 21
91.43199920654297
 31
-6.695095539093018
 12
509.9649658203125
 22
89.15718078613281
 32
-6.695095539093018
 13
509.9649658203125
 23
89.15718078613281
 33
-6.695095539093018
  0
3DFACE
  8
0
1001
WEBCAD
1000
S3D37_1779006631276
 10
509.9649658203125
 20
89.15718078613281
 30
-6.695095539093018
 11
501.576416015625
 21
91.43199920654297
 31
-6.695095539093018
 12
499.853759765625
 22
86.84358215332031
 32
-11.596245765686035
 13
499.853759765625
 23
86.84358215332031
 33
-11.596245765686035
  0
3DFACE
  8
0
1001
WEBCAD
1000
S3D37_1779006631276
 10
509.9649658203125
 20
89.15718078613281
 30
-6.695095539093018
 11
499.853759765625
 21
86.84358215332031
 31
-11.596245765686035
 12
509.13348388671875
 22
84.32707214355469
 32
-11.596245765686035
 13
509.13348388671875
 23
84.32707214355469
 33
-11.596245765686035
  0
3DFACE
  8
0
1001
WEBCAD
1000
S3D37_1779006631276
 10
509.13348388671875
 20
84.32707214355469
 30
-11.596245765686035
 11
499.853759765625
 21
86.84358215332031
 31
-11.596245765686035
 12
497.5005187988281
 22
80.57567596435547
 32
-13.390191078186035
 13
497.5005187988281
 23
80.57567596435547
 33
-13.390191078186035
  0
3DFACE
  8
0
1001
WEBCAD
1000
S3D37_1779006631276
 10
509.13348388671875
 20
84.32707214355469
 30
-11.596245765686035
 11
497.5005187988281
 21
80.57567596435547
 31
-13.390191078186035
 12
507.9977111816406
 22
77.72901916503906
 32
-13.390191078186035
 13
507.9977111816406
 23
77.72901916503906
 33
-13.390191078186035
  0
3DFACE
  8
0
1001
WEBCAD
1000
S3D37_1779006631276
 10
507.9977111816406
 20
77.72901916503906
 30
-13.390191078186035
 11
497.5005187988281
 21
80.57567596435547
 31
-13.390191078186035
 12
495.14727783203125
 22
74.30777740478516
 32
-11.596245765686035
 13
495.14727783203125
 23
74.30777740478516
 33
-11.596245765686035
  0
3DFACE
  8
0
1001
WEBCAD
1000
S3D37_1779006631276
 10
507.9977111816406
 20
77.72901916503906
 30
-13.390191078186035
 11
495.14727783203125
 21
74.30777740478516
 31
-11.596245765686035
 12
506.8619384765625
 22
71.13096618652344
 32
-11.596245765686035
 13
506.8619384765625
 23
71.13096618652344
 33
-11.596245765686035
  0
3DFACE
  8
0
1001
WEBCAD
1000
S3D37_1779006631276
 10
506.8619384765625
 20
71.13096618652344
 30
-11.596245765686035
 11
495.14727783203125
 21
74.30777740478516
 31
-11.596245765686035
 12
493.4245910644531
 22
69.71935272216797
 32
-6.695095539093018
 13
493.4245910644531
 23
69.71935272216797
 33
-6.695095539093018
  0
3DFACE
  8
0
1001
WEBCAD
1000
S3D37_1779006631276
 10
506.8619384765625
 20
71.13096618652344
 30
-11.596245765686035
 11
493.4245910644531
 21
69.71935272216797
 31
-6.695095539093018
 12
506.03045654296875
 22
66.30085754394531
 32
-6.695095539093018
 13
506.03045654296875
 23
66.30085754394531
 33
-6.695095539093018
  0
3DFACE
  8
0
1001
WEBCAD
1000
S3D37_1779006631276
 10
506.03045654296875
 20
66.30085754394531
 30
-6.695095539093018
 11
493.4245910644531
 21
69.71935272216797
 31
-6.695095539093018
 12
492.7940368652344
 22
68.03987121582031
 32
-2.45973836256381e-15
 13
492.7940368652344
 23
68.03987121582031
 33
-2.45973836256381e-15
  0
3DFACE
  8
0
1001
WEBCAD
1000
S3D37_1779006631276
 10
506.03045654296875
 20
66.30085754394531
 30
-6.695095539093018
 11
492.7940368652344
 21
68.03987121582031
 31
-2.45973836256381e-15
 12
505.72613525390625
 22
64.53291320800781
 32
-2.45973836256381e-15
 13
505.72613525390625
 23
64.53291320800781
 33
-2.45973836256381e-15
  0
3DFACE
  8
0
1001
WEBCAD
1000
S3D37_1779006631276
 10
505.72613525390625
 20
64.53291320800781
 30
-2.45973836256381e-15
 11
492.7940368652344
 21
68.03987121582031
 31
-2.45973836256381e-15
 12
493.4245910644531
 22
69.71935272216797
 32
6.695095539093018
 13
493.4245910644531
 23
69.71935272216797
 33
6.695095539093018
  0
3DFACE
  8
0
1001
WEBCAD
1000
S3D37_1779006631276
 10
505.72613525390625
 20
64.53291320800781
 30
-2.45973836256381e-15
 11
493.4245910644531
 21
69.71935272216797
 31
6.695095539093018
 12
506.03045654296875
 22
66.30085754394531
 32
6.695095539093018
 13
506.03045654296875
 23
66.30085754394531
 33
6.695095539093018
  0
3DFACE
  8
0
1001
WEBCAD
1000
S3D37_1779006631276
 10
506.03045654296875
 20
66.30085754394531
 30
6.695095539093018
 11
493.4245910644531
 21
69.71935272216797
 31
6.695095539093018
 12
495.14727783203125
 22
74.30777740478516
 32
11.596245765686035
 13
495.14727783203125
 23
74.30777740478516
 33
11.596245765686035
  0
3DFACE
  8
0
1001
WEBCAD
1000
S3D37_1779006631276
 10
506.03045654296875
 20
66.30085754394531
 30
6.695095539093018
 11
495.14727783203125
 21
74.30777740478516
 31
11.596245765686035
 12
506.8619384765625
 22
71.13096618652344
 32
11.596245765686035
 13
506.8619384765625
 23
71.13096618652344
 33
11.596245765686035
  0
3DFACE
  8
0
1001
WEBCAD
1000
S3D37_1779006631276
 10
506.8619384765625
 20
71.13096618652344
 30
11.596245765686035
 11
495.14727783203125
 21
74.30777740478516
 31
11.596245765686035
 12
497.5005187988281
 22
80.57567596435547
 32
13.390191078186035
 13
497.5005187988281
 23
80.57567596435547
 33
13.390191078186035
  0
3DFACE
  8
0
1001
WEBCAD
1000
S3D37_1779006631276
 10
506.8619384765625
 20
71.13096618652344
 30
11.596245765686035
 11
497.5005187988281
 21
80.57567596435547
 31
13.390191078186035
 12
507.9977111816406
 22
77.72901916503906
 32
13.390191078186035
 13
507.9977111816406
 23
77.72901916503906
 33
13.390191078186035
  0
3DFACE
  8
0
1001
WEBCAD
1000
S3D37_1779006631276
 10
497.5005187988281
 20
80.57567596435547
 30
13.390191078186035
 11
487.72357177734375
 21
85.34078216552734
 31
13.390191078186035
 12
491.2107238769531
 22
91.05603790283203
 32
11.596245765686035
 13
491.2107238769531
 23
91.05603790283203
 33
11.596245765686035
  0
3DFACE
  8
0
1001
WEBCAD
1000
S3D37_1779006631276
 10
497.5005187988281
 20
80.57567596435547
 30
13.390191078186035
 11
491.2107238769531
 21
91.05603790283203
 31
11.596245765686035
 12
499.853759765625
 22
86.84358215332031
 32
11.596245765686035
 13
499.853759765625
 23
86.84358215332031
 33
11.596245765686035
  0
3DFACE
  8
0
1001
WEBCAD
1000
S3D37_1779006631276
 10
499.853759765625
 20
86.84358215332031
 30
11.596245765686035
 11
491.2107238769531
 21
91.05603790283203
 31
11.596245765686035
 12
493.76348876953125
 22
95.2398910522461
 32
6.695095539093018
 13
493.76348876953125
 23
95.2398910522461
 33
6.695095539093018
  0
3DFACE
  8
0
1001
WEBCAD
1000
S3D37_1779006631276
 10
499.853759765625
 20
86.84358215332031
 30
11.596245765686035
 11
493.76348876953125
 21
95.2398910522461
 31
6.695095539093018
 12
501.576416015625
 22
91.43199920654297
 32
6.695095539093018
 13
501.576416015625
 23
91.43199920654297
 33
6.695095539093018
  0
3DFACE
  8
0
1001
WEBCAD
1000
S3D37_1779006631276
 10
501.576416015625
 20
91.43199920654297
 30
6.695095539093018
 11
493.76348876953125
 21
95.2398910522461
 31
6.695095539093018
 12
494.6978759765625
 22
96.77128601074219
 32
8.199127522282306e-16
 13
494.6978759765625
 23
96.77128601074219
 33
8.199127522282306e-16
  0
3DFACE
  8
0
1001
WEBCAD
1000
S3D37_1779006631276
 10
501.576416015625
 20
91.43199920654297
 30
6.695095539093018
 11
494.6978759765625
 21
96.77128601074219
 31
8.199127522282306e-16
 12
502.20697021484375
 22
93.11148071289062
 32
8.199127522282306e-16
 13
502.20697021484375
 23
93.11148071289062
 33
8.199127522282306e-16
  0
3DFACE
  8
0
1001
WEBCAD
1000
S3D37_1779006631276
 10
502.20697021484375
 20
93.11148071289062
 30
8.199127522282306e-16
 11
494.6978759765625
 21
96.77128601074219
 31
8.199127522282306e-16
 12
493.76348876953125
 22
95.2398910522461
 32
-6.695095539093018
 13
493.76348876953125
 23
95.2398910522461
 33
-6.695095539093018
  0
3DFACE
  8
0
1001
WEBCAD
1000
S3D37_1779006631276
 10
502.20697021484375
 20
93.11148071289062
 30
8.199127522282306e-16
 11
493.76348876953125
 21
95.2398910522461
 31
-6.695095539093018
 12
501.576416015625
 22
91.43199920654297
 32
-6.695095539093018
 13
501.576416015625
 23
91.43199920654297
 33
-6.695095539093018
  0
3DFACE
  8
0
1001
WEBCAD
1000
S3D37_1779006631276
 10
501.576416015625
 20
91.43199920654297
 30
-6.695095539093018
 11
493.76348876953125
 21
95.2398910522461
 31
-6.695095539093018
 12
491.2107238769531
 22
91.05603790283203
 32
-11.596245765686035
 13
491.2107238769531
 23
91.05603790283203
 33
-11.596245765686035
  0
3DFACE
  8
0
1001
WEBCAD
1000
S3D37_1779006631276
 10
501.576416015625
 20
91.43199920654297
 30
-6.695095539093018
 11
491.2107238769531
 21
91.05603790283203
 31
-11.596245765686035
 12
499.853759765625
 22
86.84358215332031
 32
-11.596245765686035
 13
499.853759765625
 23
86.84358215332031
 33
-11.596245765686035
  0
3DFACE
  8
0
1001
WEBCAD
1000
S3D37_1779006631276
 10
499.853759765625
 20
86.84358215332031
 30
-11.596245765686035
 11
491.2107238769531
 21
91.05603790283203
 31
-11.596245765686035
 12
487.72357177734375
 22
85.34078216552734
 32
-13.390191078186035
 13
487.72357177734375
 23
85.34078216552734
 33
-13.390191078186035
  0
3DFACE
  8
0
1001
WEBCAD
1000
S3D37_1779006631276
 10
499.853759765625
 20
86.84358215332031
 30
-11.596245765686035
 11
487.72357177734375
 21
85.34078216552734
 31
-13.390191078186035
 12
497.5005187988281
 22
80.57567596435547
 32
-13.390191078186035
 13
497.5005187988281
 23
80.57567596435547
 33
-13.390191078186035
  0
3DFACE
  8
0
1001
WEBCAD
1000
S3D37_1779006631276
 10
497.5005187988281
 20
80.57567596435547
 30
-13.390191078186035
 11
487.72357177734375
 21
85.34078216552734
 31
-13.390191078186035
 12
484.2364196777344
 22
79.62552642822266
 32
-11.596245765686035
 13
484.2364196777344
 23
79.62552642822266
 33
-11.596245765686035
  0
3DFACE
  8
0
1001
WEBCAD
1000
S3D37_1779006631276
 10
497.5005187988281
 20
80.57567596435547
 30
-13.390191078186035
 11
484.2364196777344
 21
79.62552642822266
 31
-11.596245765686035
 12
495.14727783203125
 22
74.30777740478516
 32
-11.596245765686035
 13
495.14727783203125
 23
74.30777740478516
 33
-11.596245765686035
  0
3DFACE
  8
0
1001
WEBCAD
1000
S3D37_1779006631276
 10
495.14727783203125
 20
74.30777740478516
 30
-11.596245765686035
 11
484.2364196777344
 21
79.62552642822266
 31
-11.596245765686035
 12
481.68365478515625
 22
75.4416732788086
 32
-6.695095539093018
 13
481.68365478515625
 23
75.4416732788086
 33
-6.695095539093018
  0
3DFACE
  8
0
1001
WEBCAD
1000
S3D37_1779006631276
 10
495.14727783203125
 20
74.30777740478516
 30
-11.596245765686035
 11
481.68365478515625
 21
75.4416732788086
 31
-6.695095539093018
 12
493.4245910644531
 22
69.71935272216797
 32
-6.695095539093018
 13
493.4245910644531
 23
69.71935272216797
 33
-6.695095539093018
  0
3DFACE
  8
0
1001
WEBCAD
1000
S3D37_1779006631276
 10
493.4245910644531
 20
69.71935272216797
 30
-6.695095539093018
 11
481.68365478515625
 21
75.4416732788086
 31
-6.695095539093018
 12
480.7492980957031
 22
73.9102783203125
 32
-2.45973836256381e-15
 13
480.7492980957031
 23
73.9102783203125
 33
-2.45973836256381e-15
  0
3DFACE
  8
0
1001
WEBCAD
1000
S3D37_1779006631276
 10
493.4245910644531
 20
69.71935272216797
 30
-6.695095539093018
 11
480.7492980957031
 21
73.9102783203125
 31
-2.45973836256381e-15
 12
492.7940368652344
 22
68.03987121582031
 32
-2.45973836256381e-15
 13
492.7940368652344
 23
68.03987121582031
 33
-2.45973836256381e-15
  0
3DFACE
  8
0
1001
WEBCAD
1000
S3D37_1779006631276
 10
492.7940368652344
 20
68.03987121582031
 30
-2.45973836256381e-15
 11
480.7492980957031
 21
73.9102783203125
 31
-2.45973836256381e-15
 12
481.68365478515625
 22
75.4416732788086
 32
6.695095539093018
 13
481.68365478515625
 23
75.4416732788086
 33
6.695095539093018
  0
3DFACE
  8
0
1001
WEBCAD
1000
S3D37_1779006631276
 10
492.7940368652344
 20
68.03987121582031
 30
-2.45973836256381e-15
 11
481.68365478515625
 21
75.4416732788086
 31
6.695095539093018
 12
493.4245910644531
 22
69.71935272216797
 32
6.695095539093018
 13
493.4245910644531
 23
69.71935272216797
 33
6.695095539093018
  0
3DFACE
  8
0
1001
WEBCAD
1000
S3D37_1779006631276
 10
493.4245910644531
 20
69.71935272216797
 30
6.695095539093018
 11
481.68365478515625
 21
75.4416732788086
 31
6.695095539093018
 12
484.2364196777344
 22
79.62552642822266
 32
11.596245765686035
 13
484.2364196777344
 23
79.62552642822266
 33
11.596245765686035
  0
3DFACE
  8
0
1001
WEBCAD
1000
S3D37_1779006631276
 10
493.4245910644531
 20
69.71935272216797
 30
6.695095539093018
 11
484.2364196777344
 21
79.62552642822266
 31
11.596245765686035
 12
495.14727783203125
 22
74.30777740478516
 32
11.596245765686035
 13
495.14727783203125
 23
74.30777740478516
 33
11.596245765686035
  0
3DFACE
  8
0
1001
WEBCAD
1000
S3D37_1779006631276
 10
495.14727783203125
 20
74.30777740478516
 30
11.596245765686035
 11
484.2364196777344
 21
79.62552642822266
 31
11.596245765686035
 12
487.72357177734375
 22
85.34078216552734
 32
13.390191078186035
 13
487.72357177734375
 23
85.34078216552734
 33
13.390191078186035
  0
3DFACE
  8
0
1001
WEBCAD
1000
S3D37_1779006631276
 10
495.14727783203125
 20
74.30777740478516
 30
11.596245765686035
 11
487.72357177734375
 21
85.34078216552734
 31
13.390191078186035
 12
497.5005187988281
 22
80.57567596435547
 32
13.390191078186035
 13
497.5005187988281
 23
80.57567596435547
 33
13.390191078186035
  0
3DFACE
  8
0
1001
WEBCAD
1000
S3D37_1779006631276
 10
487.72357177734375
 20
85.34078216552734
 30
13.390191078186035
 11
479.01397705078125
 21
91.85518646240234
 31
13.390191078186035
 12
482.2131652832031
 22
97.7364730834961
 32
11.596245765686035
 13
482.2131652832031
 23
97.7364730834961
 33
11.596245765686035
  0
3DFACE
  8
0
1001
WEBCAD
1000
S3D37_1779006631276
 10
487.72357177734375
 20
85.34078216552734
 30
13.390191078186035
 11
482.2131652832031
 21
97.7364730834961
 31
11.596245765686035
 12
491.2107238769531
 22
91.05603790283203
 32
11.596245765686035
 13
491.2107238769531
 23
91.05603790283203
 33
11.596245765686035
  0
3DFACE
  8
0
1001
WEBCAD
1000
S3D37_1779006631276
 10
491.2107238769531
 20
91.05603790283203
 30
11.596245765686035
 11
482.2131652832031
 21
97.7364730834961
 31
11.596245765686035
 12
484.55511474609375
 22
102.0418701171875
 32
6.695095539093018
 13
484.55511474609375
 23
102.0418701171875
 33
6.695095539093018
  0
3DFACE
  8
0
1001
WEBCAD
1000
S3D37_1779006631276
 10
491.2107238769531
 20
91.05603790283203
 30
11.596245765686035
 11
484.55511474609375
 21
102.0418701171875
 31
6.695095539093018
 12
493.76348876953125
 22
95.2398910522461
 32
6.695095539093018
 13
493.76348876953125
 23
95.2398910522461
 33
6.695095539093018
  0
3DFACE
  8
0
1001
WEBCAD
1000
S3D37_1779006631276
 10
493.76348876953125
 20
95.2398910522461
 30
6.695095539093018
 11
484.55511474609375
 21
102.0418701171875
 31
6.695095539093018
 12
485.4123229980469
 22
103.61775970458984
 32
8.199127522282306e-16
 13
485.4123229980469
 23
103.61775970458984
 33
8.199127522282306e-16
  0
3DFACE
  8
0
1001
WEBCAD
1000
S3D37_1779006631276
 10
493.76348876953125
 20
95.2398910522461
 30
6.695095539093018
 11
485.4123229980469
 21
103.61775970458984
 31
8.199127522282306e-16
 12
494.6978759765625
 22
96.77128601074219
 32
8.199127522282306e-16
 13
494.6978759765625
 23
96.77128601074219
 33
8.199127522282306e-16
  0
3DFACE
  8
0
1001
WEBCAD
1000
S3D37_1779006631276
 10
494.6978759765625
 20
96.77128601074219
 30
8.199127522282306e-16
 11
485.4123229980469
 21
103.61775970458984
 31
8.199127522282306e-16
 12
484.55511474609375
 22
102.0418701171875
 32
-6.695095539093018
 13
484.55511474609375
 23
102.0418701171875
 33
-6.695095539093018
  0
3DFACE
  8
0
1001
WEBCAD
1000
S3D37_1779006631276
 10
494.6978759765625
 20
96.77128601074219
 30
8.199127522282306e-16
 11
484.55511474609375
 21
102.0418701171875
 31
-6.695095539093018
 12
493.76348876953125
 22
95.2398910522461
 32
-6.695095539093018
 13
493.76348876953125
 23
95.2398910522461
 33
-6.695095539093018
  0
3DFACE
  8
0
1001
WEBCAD
1000
S3D37_1779006631276
 10
493.76348876953125
 20
95.2398910522461
 30
-6.695095539093018
 11
484.55511474609375
 21
102.0418701171875
 31
-6.695095539093018
 12
482.2131652832031
 22
97.7364730834961
 32
-11.596245765686035
 13
482.2131652832031
 23
97.7364730834961
 33
-11.596245765686035
  0
3DFACE
  8
0
1001
WEBCAD
1000
S3D37_1779006631276
 10
493.76348876953125
 20
95.2398910522461
 30
-6.695095539093018
 11
482.2131652832031
 21
97.7364730834961
 31
-11.596245765686035
 12
491.2107238769531
 22
91.05603790283203
 32
-11.596245765686035
 13
491.2107238769531
 23
91.05603790283203
 33
-11.596245765686035
  0
3DFACE
  8
0
1001
WEBCAD
1000
S3D37_1779006631276
 10
491.2107238769531
 20
91.05603790283203
 30
-11.596245765686035
 11
482.2131652832031
 21
97.7364730834961
 31
-11.596245765686035
 12
479.01397705078125
 22
91.85518646240234
 32
-13.390191078186035
 13
479.01397705078125
 23
91.85518646240234
 33
-13.390191078186035
  0
3DFACE
  8
0
1001
WEBCAD
1000
S3D37_1779006631276
 10
491.2107238769531
 20
91.05603790283203
 30
-11.596245765686035
 11
479.01397705078125
 21
91.85518646240234
 31
-13.390191078186035
 12
487.72357177734375
 22
85.34078216552734
 32
-13.390191078186035
 13
487.72357177734375
 23
85.34078216552734
 33
-13.390191078186035
  0
3DFACE
  8
0
1001
WEBCAD
1000
S3D37_1779006631276
 10
487.72357177734375
 20
85.34078216552734
 30
-13.390191078186035
 11
479.01397705078125
 21
91.85518646240234
 31
-13.390191078186035
 12
475.8147888183594
 22
85.9738998413086
 32
-11.596245765686035
 13
475.8147888183594
 23
85.9738998413086
 33
-11.596245765686035
  0
3DFACE
  8
0
1001
WEBCAD
1000
S3D37_1779006631276
 10
487.72357177734375
 20
85.34078216552734
 30
-13.390191078186035
 11
475.8147888183594
 21
85.9738998413086
 31
-11.596245765686035
 12
484.2364196777344
 22
79.62552642822266
 32
-11.596245765686035
 13
484.2364196777344
 23
79.62552642822266
 33
-11.596245765686035
  0
3DFACE
  8
0
1001
WEBCAD
1000
S3D37_1779006631276
 10
484.2364196777344
 20
79.62552642822266
 30
-11.596245765686035
 11
475.8147888183594
 21
85.9738998413086
 31
-11.596245765686035
 12
473.47283935546875
 22
81.66849517822266
 32
-6.695095539093018
 13
473.47283935546875
 23
81.66849517822266
 33
-6.695095539093018
  0
3DFACE
  8
0
1001
WEBCAD
1000
S3D37_1779006631276
 10
484.2364196777344
 20
79.62552642822266
 30
-11.596245765686035
 11
473.47283935546875
 21
81.66849517822266
 31
-6.695095539093018
 12
481.68365478515625
 22
75.4416732788086
 32
-6.695095539093018
 13
481.68365478515625
 23
75.4416732788086
 33
-6.695095539093018
  0
3DFACE
  8
0
1001
WEBCAD
1000
S3D37_1779006631276
 10
481.68365478515625
 20
75.4416732788086
 30
-6.695095539093018
 11
473.47283935546875
 21
81.66849517822266
 31
-6.695095539093018
 12
472.6156005859375
 22
80.09261322021484
 32
-2.45973836256381e-15
 13
472.6156005859375
 23
80.09261322021484
 33
-2.45973836256381e-15
  0
3DFACE
  8
0
1001
WEBCAD
1000
S3D37_1779006631276
 10
481.68365478515625
 20
75.4416732788086
 30
-6.695095539093018
 11
472.6156005859375
 21
80.09261322021484
 31
-2.45973836256381e-15
 12
480.7492980957031
 22
73.9102783203125
 32
-2.45973836256381e-15
 13
480.7492980957031
 23
73.9102783203125
 33
-2.45973836256381e-15
  0
3DFACE
  8
0
1001
WEBCAD
1000
S3D37_1779006631276
 10
480.7492980957031
 20
73.9102783203125
 30
-2.45973836256381e-15
 11
472.6156005859375
 21
80.09261322021484
 31
-2.45973836256381e-15
 12
473.47283935546875
 22
81.66849517822266
 32
6.695095539093018
 13
473.47283935546875
 23
81.66849517822266
 33
6.695095539093018
  0
3DFACE
  8
0
1001
WEBCAD
1000
S3D37_1779006631276
 10
480.7492980957031
 20
73.9102783203125
 30
-2.45973836256381e-15
 11
473.47283935546875
 21
81.66849517822266
 31
6.695095539093018
 12
481.68365478515625
 22
75.4416732788086
 32
6.695095539093018
 13
481.68365478515625
 23
75.4416732788086
 33
6.695095539093018
  0
3DFACE
  8
0
1001
WEBCAD
1000
S3D37_1779006631276
 10
481.68365478515625
 20
75.4416732788086
 30
6.695095539093018
 11
473.47283935546875
 21
81.66849517822266
 31
6.695095539093018
 12
475.8147888183594
 22
85.9738998413086
 32
11.596245765686035
 13
475.8147888183594
 23
85.9738998413086
 33
11.596245765686035
  0
3DFACE
  8
0
1001
WEBCAD
1000
S3D37_1779006631276
 10
481.68365478515625
 20
75.4416732788086
 30
6.695095539093018
 11
475.8147888183594
 21
85.9738998413086
 31
11.596245765686035
 12
484.2364196777344
 22
79.62552642822266
 32
11.596245765686035
 13
484.2364196777344
 23
79.62552642822266
 33
11.596245765686035
  0
3DFACE
  8
0
1001
WEBCAD
1000
S3D37_1779006631276
 10
484.2364196777344
 20
79.62552642822266
 30
11.596245765686035
 11
475.8147888183594
 21
85.9738998413086
 31
11.596245765686035
 12
479.01397705078125
 22
91.85518646240234
 32
13.390191078186035
 13
479.01397705078125
 23
91.85518646240234
 33
13.390191078186035
  0
3DFACE
  8
0
1001
WEBCAD
1000
S3D37_1779006631276
 10
484.2364196777344
 20
79.62552642822266
 30
11.596245765686035
 11
479.01397705078125
 21
91.85518646240234
 31
13.390191078186035
 12
487.72357177734375
 22
85.34078216552734
 32
13.390191078186035
 13
487.72357177734375
 23
85.34078216552734
 33
13.390191078186035
  0
3DFACE
  8
0
1001
WEBCAD
1000
S3D37_1779006631276
 10
479.01397705078125
 20
91.85518646240234
 30
13.390191078186035
 11
452.272216796875
 21
101.74403381347656
 31
13.390191078186035
 12
454.5943298339844
 22
108.0235366821289
 32
11.596245765686035
 13
454.5943298339844
 23
108.0235366821289
 33
11.596245765686035
  0
3DFACE
  8
0
1001
WEBCAD
1000
S3D37_1779006631276
 10
479.01397705078125
 20
91.85518646240234
 30
13.390191078186035
 11
454.5943298339844
 21
108.0235366821289
 31
11.596245765686035
 12
482.2131652832031
 22
97.7364730834961
 32
11.596245765686035
 13
482.2131652832031
 23
97.7364730834961
 33
11.596245765686035
  0
3DFACE
  8
0
1001
WEBCAD
1000
S3D37_1779006631276
 10
482.2131652832031
 20
97.7364730834961
 30
11.596245765686035
 11
454.5943298339844
 21
108.0235366821289
 31
11.596245765686035
 12
456.2942199707031
 22
112.62045288085938
 32
6.695095539093018
 13
456.2942199707031
 23
112.62045288085938
 33
6.695095539093018
  0
3DFACE
  8
0
1001
WEBCAD
1000
S3D37_1779006631276
 10
482.2131652832031
 20
97.7364730834961
 30
11.596245765686035
 11
456.2942199707031
 21
112.62045288085938
 31
6.695095539093018
 12
484.55511474609375
 22
102.0418701171875
 32
6.695095539093018
 13
484.55511474609375
 23
102.0418701171875
 33
6.695095539093018
  0
3DFACE
  8
0
1001
WEBCAD
1000
S3D37_1779006631276
 10
484.55511474609375
 20
102.0418701171875
 30
6.695095539093018
 11
456.2942199707031
 21
112.62045288085938
 31
6.695095539093018
 12
456.9164123535156
 22
114.30303955078125
 32
8.199127522282306e-16
 13
456.9164123535156
 23
114.30303955078125
 33
8.199127522282306e-16
  0
3DFACE
  8
0
1001
WEBCAD
1000
S3D37_1779006631276
 10
484.55511474609375
 20
102.0418701171875
 30
6.695095539093018
 11
456.9164123535156
 21
114.30303955078125
 31
8.199127522282306e-16
 12
485.4123229980469
 22
103.61775970458984
 32
8.199127522282306e-16
 13
485.4123229980469
 23
103.61775970458984
 33
8.199127522282306e-16
  0
3DFACE
  8
0
1001
WEBCAD
1000
S3D37_1779006631276
 10
485.4123229980469
 20
103.61775970458984
 30
8.199127522282306e-16
 11
456.9164123535156
 21
114.30303955078125
 31
8.199127522282306e-16
 12
456.2942199707031
 22
112.62045288085938
 32
-6.695095539093018
 13
456.2942199707031
 23
112.62045288085938
 33
-6.695095539093018
  0
3DFACE
  8
0
1001
WEBCAD
1000
S3D37_1779006631276
 10
485.4123229980469
 20
103.61775970458984
 30
8.199127522282306e-16
 11
456.2942199707031
 21
112.62045288085938
 31
-6.695095539093018
 12
484.55511474609375
 22
102.0418701171875
 32
-6.695095539093018
 13
484.55511474609375
 23
102.0418701171875
 33
-6.695095539093018
  0
3DFACE
  8
0
1001
WEBCAD
1000
S3D37_1779006631276
 10
484.55511474609375
 20
102.0418701171875
 30
-6.695095539093018
 11
456.2942199707031
 21
112.62045288085938
 31
-6.695095539093018
 12
454.5943298339844
 22
108.0235366821289
 32
-11.596245765686035
 13
454.5943298339844
 23
108.0235366821289
 33
-11.596245765686035
  0
3DFACE
  8
0
1001
WEBCAD
1000
S3D37_1779006631276
 10
484.55511474609375
 20
102.0418701171875
 30
-6.695095539093018
 11
454.5943298339844
 21
108.0235366821289
 31
-11.596245765686035
 12
482.2131652832031
 22
97.7364730834961
 32
-11.596245765686035
 13
482.2131652832031
 23
97.7364730834961
 33
-11.596245765686035
  0
3DFACE
  8
0
1001
WEBCAD
1000
S3D37_1779006631276
 10
482.2131652832031
 20
97.7364730834961
 30
-11.596245765686035
 11
454.5943298339844
 21
108.0235366821289
 31
-11.596245765686035
 12
452.272216796875
 22
101.74403381347656
 32
-13.390191078186035
 13
452.272216796875
 23
101.74403381347656
 33
-13.390191078186035
  0
3DFACE
  8
0
1001
WEBCAD
1000
S3D37_1779006631276
 10
482.2131652832031
 20
97.7364730834961
 30
-11.596245765686035
 11
452.272216796875
 21
101.74403381347656
 31
-13.390191078186035
 12
479.01397705078125
 22
91.85518646240234
 32
-13.390191078186035
 13
479.01397705078125
 23
91.85518646240234
 33
-13.390191078186035
  0
3DFACE
  8
0
1001
WEBCAD
1000
S3D37_1779006631276
 10
479.01397705078125
 20
91.85518646240234
 30
-13.390191078186035
 11
452.272216796875
 21
101.74403381347656
 31
-13.390191078186035
 12
449.9501037597656
 22
95.46453094482422
 32
-11.596245765686035
 13
449.9501037597656
 23
95.46453094482422
 33
-11.596245765686035
  0
3DFACE
  8
0
1001
WEBCAD
1000
S3D37_1779006631276
 10
479.01397705078125
 20
91.85518646240234
 30
-13.390191078186035
 11
449.9501037597656
 21
95.46453094482422
 31
-11.596245765686035
 12
475.8147888183594
 22
85.9738998413086
 32
-11.596245765686035
 13
475.8147888183594
 23
85.9738998413086
 33
-11.596245765686035
  0
3DFACE
  8
0
1001
WEBCAD
1000
S3D37_1779006631276
 10
475.8147888183594
 20
85.9738998413086
 30
-11.596245765686035
 11
449.9501037597656
 21
95.46453094482422
 31
-11.596245765686035
 12
448.2502136230469
 22
90.86762237548828
 32
-6.695095539093018
 13
448.2502136230469
 23
90.86762237548828
 33
-6.695095539093018
  0
3DFACE
  8
0
1001
WEBCAD
1000
S3D37_1779006631276
 10
475.8147888183594
 20
85.9738998413086
 30
-11.596245765686035
 11
448.2502136230469
 21
90.86762237548828
 31
-6.695095539093018
 12
473.47283935546875
 22
81.66849517822266
 32
-6.695095539093018
 13
473.47283935546875
 23
81.66849517822266
 33
-6.695095539093018
  0
3DFACE
  8
0
1001
WEBCAD
1000
S3D37_1779006631276
 10
473.47283935546875
 20
81.66849517822266
 30
-6.695095539093018
 11
448.2502136230469
 21
90.86762237548828
 31
-6.695095539093018
 12
447.6280212402344
 22
89.18502807617188
 32
-2.45973836256381e-15
 13
447.6280212402344
 23
89.18502807617188
 33
-2.45973836256381e-15
  0
3DFACE
  8
0
1001
WEBCAD
1000
S3D37_1779006631276
 10
473.47283935546875
 20
81.66849517822266
 30
-6.695095539093018
 11
447.6280212402344
 21
89.18502807617188
 31
-2.45973836256381e-15
 12
472.6156005859375
 22
80.09261322021484
 32
-2.45973836256381e-15
 13
472.6156005859375
 23
80.09261322021484
 33
-2.45973836256381e-15
  0
3DFACE
  8
0
1001
WEBCAD
1000
S3D37_1779006631276
 10
472.6156005859375
 20
80.09261322021484
 30
-2.45973836256381e-15
 11
447.6280212402344
 21
89.18502807617188
 31
-2.45973836256381e-15
 12
448.2502136230469
 22
90.86762237548828
 32
6.695095539093018
 13
448.2502136230469
 23
90.86762237548828
 33
6.695095539093018
  0
3DFACE
  8
0
1001
WEBCAD
1000
S3D37_1779006631276
 10
472.6156005859375
 20
80.09261322021484
 30
-2.45973836256381e-15
 11
448.2502136230469
 21
90.86762237548828
 31
6.695095539093018
 12
473.47283935546875
 22
81.66849517822266
 32
6.695095539093018
 13
473.47283935546875
 23
81.66849517822266
 33
6.695095539093018
  0
3DFACE
  8
0
1001
WEBCAD
1000
S3D37_1779006631276
 10
473.47283935546875
 20
81.66849517822266
 30
6.695095539093018
 11
448.2502136230469
 21
90.86762237548828
 31
6.695095539093018
 12
449.9501037597656
 22
95.46453094482422
 32
11.596245765686035
 13
449.9501037597656
 23
95.46453094482422
 33
11.596245765686035
  0
3DFACE
  8
0
1001
WEBCAD
1000
S3D37_1779006631276
 10
473.47283935546875
 20
81.66849517822266
 30
6.695095539093018
 11
449.9501037597656
 21
95.46453094482422
 31
11.596245765686035
 12
475.8147888183594
 22
85.9738998413086
 32
11.596245765686035
 13
475.8147888183594
 23
85.9738998413086
 33
11.596245765686035
  0
3DFACE
  8
0
1001
WEBCAD
1000
S3D37_1779006631276
 10
475.8147888183594
 20
85.9738998413086
 30
11.596245765686035
 11
449.9501037597656
 21
95.46453094482422
 31
11.596245765686035
 12
452.272216796875
 22
101.74403381347656
 32
13.390191078186035
 13
452.272216796875
 23
101.74403381347656
 33
13.390191078186035
  0
3DFACE
  8
0
1001
WEBCAD
1000
S3D37_1779006631276
 10
475.8147888183594
 20
85.9738998413086
 30
11.596245765686035
 11
452.272216796875
 21
101.74403381347656
 31
13.390191078186035
 12
479.01397705078125
 22
91.85518646240234
 32
13.390191078186035
 13
479.01397705078125
 23
91.85518646240234
 33
13.390191078186035
  0
3DFACE
  8
0
1001
WEBCAD
1000
S3D37_1779006631276
 10
420.5064392089844
 20
159.28102111816406
 30
0
 11
420.5064392089844
 21
159.28102111816406
 31
13.390191078186035
 12
426.18182373046875
 22
155.7293701171875
 32
11.596245765686035
 13
426.18182373046875
 23
155.7293701171875
 33
11.596245765686035
  0
3DFACE
  8
0
1001
WEBCAD
1000
S3D37_1779006631276
 10
420.5064392089844
 20
159.28102111816406
 30
0
 11
426.18182373046875
 21
155.7293701171875
 31
11.596245765686035
 12
430.3365173339844
 22
153.12937927246094
 32
6.695095539093018
 13
430.3365173339844
 23
153.12937927246094
 33
6.695095539093018
  0
3DFACE
  8
0
1001
WEBCAD
1000
S3D37_1779006631276
 10
420.5064392089844
 20
159.28102111816406
 30
0
 11
430.3365173339844
 21
153.12937927246094
 31
6.695095539093018
 12
431.8572082519531
 22
152.17771911621094
 32
8.199127522282306e-16
 13
431.8572082519531
 23
152.17771911621094
 33
8.199127522282306e-16
  0
3DFACE
  8
0
1001
WEBCAD
1000
S3D37_1779006631276
 10
420.5064392089844
 20
159.28102111816406
 30
0
 11
431.8572082519531
 21
152.17771911621094
 31
8.199127522282306e-16
 12
430.3365173339844
 22
153.12937927246094
 32
-6.695095539093018
 13
430.3365173339844
 23
153.12937927246094
 33
-6.695095539093018
  0
3DFACE
  8
0
1001
WEBCAD
1000
S3D37_1779006631276
 10
420.5064392089844
 20
159.28102111816406
 30
0
 11
430.3365173339844
 21
153.12937927246094
 31
-6.695095539093018
 12
426.18182373046875
 22
155.7293701171875
 32
-11.596245765686035
 13
426.18182373046875
 23
155.7293701171875
 33
-11.596245765686035
  0
3DFACE
  8
0
1001
WEBCAD
1000
S3D37_1779006631276
 10
420.5064392089844
 20
159.28102111816406
 30
0
 11
426.18182373046875
 21
155.7293701171875
 31
-11.596245765686035
 12
420.5064392089844
 22
159.28102111816406
 32
-13.390191078186035
 13
420.5064392089844
 23
159.28102111816406
 33
-13.390191078186035
  0
3DFACE
  8
0
1001
WEBCAD
1000
S3D37_1779006631276
 10
420.5064392089844
 20
159.28102111816406
 30
0
 11
420.5064392089844
 21
159.28102111816406
 31
-13.390191078186035
 12
414.8310546875
 22
162.83267211914062
 32
-11.596245765686035
 13
414.8310546875
 23
162.83267211914062
 33
-11.596245765686035
  0
3DFACE
  8
0
1001
WEBCAD
1000
S3D37_1779006631276
 10
420.5064392089844
 20
159.28102111816406
 30
0
 11
414.8310546875
 21
162.83267211914062
 31
-11.596245765686035
 12
410.6763610839844
 22
165.4326629638672
 32
-6.695095539093018
 13
410.6763610839844
 23
165.4326629638672
 33
-6.695095539093018
  0
3DFACE
  8
0
1001
WEBCAD
1000
S3D37_1779006631276
 10
420.5064392089844
 20
159.28102111816406
 30
0
 11
410.6763610839844
 21
165.4326629638672
 31
-6.695095539093018
 12
409.1556701660156
 22
166.3843231201172
 32
-2.45973836256381e-15
 13
409.1556701660156
 23
166.3843231201172
 33
-2.45973836256381e-15
  0
3DFACE
  8
0
1001
WEBCAD
1000
S3D37_1779006631276
 10
420.5064392089844
 20
159.28102111816406
 30
0
 11
409.1556701660156
 21
166.3843231201172
 31
-2.45973836256381e-15
 12
410.6763610839844
 22
165.4326629638672
 32
6.695095539093018
 13
410.6763610839844
 23
165.4326629638672
 33
6.695095539093018
  0
3DFACE
  8
0
1001
WEBCAD
1000
S3D37_1779006631276
 10
420.5064392089844
 20
159.28102111816406
 30
0
 11
410.6763610839844
 21
165.4326629638672
 31
6.695095539093018
 12
414.8310546875
 22
162.83267211914062
 32
11.596245765686035
 13
414.8310546875
 23
162.83267211914062
 33
11.596245765686035
  0
3DFACE
  8
0
1001
WEBCAD
1000
S3D37_1779006631276
 10
420.5064392089844
 20
159.28102111816406
 30
0
 11
414.8310546875
 21
162.83267211914062
 31
11.596245765686035
 12
420.5064392089844
 22
159.28102111816406
 32
13.390191078186035
 13
420.5064392089844
 23
159.28102111816406
 33
13.390191078186035
  0
3DFACE
  8
0
1001
WEBCAD
1000
S3D37_1779006631276
 10
452.272216796875
 20
101.74403381347656
 30
0
 11
454.5943298339844
 21
108.0235366821289
 31
11.596245765686035
 12
452.272216796875
 22
101.74403381347656
 32
13.390191078186035
 13
452.272216796875
 23
101.74403381347656
 33
13.390191078186035
  0
3DFACE
  8
0
1001
WEBCAD
1000
S3D37_1779006631276
 10
452.272216796875
 20
101.74403381347656
 30
0
 11
456.2942199707031
 21
112.62045288085938
 31
6.695095539093018
 12
454.5943298339844
 22
108.0235366821289
 32
11.596245765686035
 13
454.5943298339844
 23
108.0235366821289
 33
11.596245765686035
  0
3DFACE
  8
0
1001
WEBCAD
1000
S3D37_1779006631276
 10
452.272216796875
 20
101.74403381347656
 30
0
 11
456.9164123535156
 21
114.30303955078125
 31
8.199127522282306e-16
 12
456.2942199707031
 22
112.62045288085938
 32
6.695095539093018
 13
456.2942199707031
 23
112.62045288085938
 33
6.695095539093018
  0
3DFACE
  8
0
1001
WEBCAD
1000
S3D37_1779006631276
 10
452.272216796875
 20
101.74403381347656
 30
0
 11
456.2942199707031
 21
112.62045288085938
 31
-6.695095539093018
 12
456.9164123535156
 22
114.30303955078125
 32
8.199127522282306e-16
 13
456.9164123535156
 23
114.30303955078125
 33
8.199127522282306e-16
  0
3DFACE
  8
0
1001
WEBCAD
1000
S3D37_1779006631276
 10
452.272216796875
 20
101.74403381347656
 30
0
 11
454.5943298339844
 21
108.0235366821289
 31
-11.596245765686035
 12
456.2942199707031
 22
112.62045288085938
 32
-6.695095539093018
 13
456.2942199707031
 23
112.62045288085938
 33
-6.695095539093018
  0
3DFACE
  8
0
1001
WEBCAD
1000
S3D37_1779006631276
 10
452.272216796875
 20
101.74403381347656
 30
0
 11
452.272216796875
 21
101.74403381347656
 31
-13.390191078186035
 12
454.5943298339844
 22
108.0235366821289
 32
-11.596245765686035
 13
454.5943298339844
 23
108.0235366821289
 33
-11.596245765686035
  0
3DFACE
  8
0
1001
WEBCAD
1000
S3D37_1779006631276
 10
452.272216796875
 20
101.74403381347656
 30
0
 11
449.9501037597656
 21
95.46453094482422
 31
-11.596245765686035
 12
452.272216796875
 22
101.74403381347656
 32
-13.390191078186035
 13
452.272216796875
 23
101.74403381347656
 33
-13.390191078186035
  0
3DFACE
  8
0
1001
WEBCAD
1000
S3D37_1779006631276
 10
452.272216796875
 20
101.74403381347656
 30
0
 11
448.2502136230469
 21
90.86762237548828
 31
-6.695095539093018
 12
449.9501037597656
 22
95.46453094482422
 32
-11.596245765686035
 13
449.9501037597656
 23
95.46453094482422
 33
-11.596245765686035
  0
3DFACE
  8
0
1001
WEBCAD
1000
S3D37_1779006631276
 10
452.272216796875
 20
101.74403381347656
 30
0
 11
447.6280212402344
 21
89.18502807617188
 31
-2.45973836256381e-15
 12
448.2502136230469
 22
90.86762237548828
 32
-6.695095539093018
 13
448.2502136230469
 23
90.86762237548828
 33
-6.695095539093018
  0
3DFACE
  8
0
1001
WEBCAD
1000
S3D37_1779006631276
 10
452.272216796875
 20
101.74403381347656
 30
0
 11
448.2502136230469
 21
90.86762237548828
 31
6.695095539093018
 12
447.6280212402344
 22
89.18502807617188
 32
-2.45973836256381e-15
 13
447.6280212402344
 23
89.18502807617188
 33
-2.45973836256381e-15
  0
3DFACE
  8
0
1001
WEBCAD
1000
S3D37_1779006631276
 10
452.272216796875
 20
101.74403381347656
 30
0
 11
449.9501037597656
 21
95.46453094482422
 31
11.596245765686035
 12
448.2502136230469
 22
90.86762237548828
 32
6.695095539093018
 13
448.2502136230469
 23
90.86762237548828
 33
6.695095539093018
  0
3DFACE
  8
0
1001
WEBCAD
1000
S3D37_1779006631276
 10
452.272216796875
 20
101.74403381347656
 30
0
 11
452.272216796875
 21
101.74403381347656
 31
13.390191078186035
 12
449.9501037597656
 22
95.46453094482422
 32
11.596245765686035
 13
449.9501037597656
 23
95.46453094482422
 33
11.596245765686035
  0
ENDSEC
  0
EOF
