  0
SECTION
  2
HEADER
  9
$ACADVER
  1
AC1015
  0
ENDSEC
  0
SECTION
  2
TABLES
  0
TABLE
  2
LTYPE
 70
1
  0
LTYPE
  2
CONTINUOUS
 70
0
  3
Solid line
 72
65
 73
0
 40
0.0
  0
ENDTAB
  0
TABLE
  2
LAYER
 70
1
  0
LAYER
  2
0
 70
0
 62
7
  6
CONTINUOUS
  0
ENDTAB
  0
ENDSEC
  0
SECTION
  2
BLOCKS
  0
ENDSEC
  0
SECTION
  2
ENTITIES
  0
3DFACE
  8
0
1001
WEBCAD
1000
S3D1
 10
218.20823622387184
 20
116.53246628461142
 30
78.5642731227552
 11
218.0984339777781
 21
113.56228958783407
 31
78.70593572041145
 12
231.73866224926246
 22
113.56228958783407
 32
67.19566655537238
 13
231.73866224926246
 23
113.56228958783407
 33
67.19566655537238
  0
3DFACE
  8
0
1001
WEBCAD
1000
S3D1
 10
200.2556147639109
 20
117.90557419476767
 30
-58.24345087626824
 11
210.12481642406715
 21
113.56228958783407
 31
-54.25426172831902
 12
193.3509974543406
 22
113.56228958783407
 32
-60.35189509013543
 13
193.3509974543406
 23
113.56228958783407
 33
-60.35189509013543
  0
3DFACE
  8
0
1001
WEBCAD
1000
S3D1
 10
197.28463698070777
 20
126.06826340375204
 30
-58.24345087626824
 11
193.3509974543406
 21
113.56228958783407
 31
-60.35189509013543
 12
175.6236567560984
 22
113.56228958783407
 32
-62.42154383281121
 13
175.6236567560984
 23
113.56228958783407
 33
-62.42154383281121
  0
3DFACE
  8
0
1001
WEBCAD
1000
S3D1
 10
197.28463698070777
 20
126.06826340375204
 30
-58.24345087626824
 11
200.2556147639109
 21
117.90557419476767
 31
-58.24345087626824
 12
193.3509974543406
 22
113.56228958783407
 32
-60.35189509013543
 13
193.3509974543406
 23
113.56228958783407
 33
-60.35189509013543
  0
3DFACE
  8
0
1001
WEBCAD
1000
S3D1
 10
197.28463698070777
 20
126.06826340375204
 30
-58.24345087626824
 11
210.12481642406715
 21
113.56228958783407
 31
-54.25426172831902
 12
200.2556147639109
 22
117.90557419476767
 32
-58.24345087626824
 13
200.2556147639109
 23
117.90557419476767
 33
-58.24345087626824
  0
3DFACE
  8
0
1001
WEBCAD
1000
S3D1
 10
191.7010264460398
 20
132.72255264935748
 30
-58.24345087626824
 11
197.28463698070777
 21
126.06826340375204
 31
-58.24345087626824
 12
175.6236567560984
 22
113.56228958783407
 32
-62.42154383281121
 13
175.6236567560984
 23
113.56228958783407
 33
-62.42154383281121
  0
3DFACE
  8
0
1001
WEBCAD
1000
S3D1
 10
220.0786128107859
 20
129.7425721806075
 30
-46.16286158183465
 11
225.04286146801246
 21
113.56228958783407
 31
-44.45663904765496
 12
210.12481642406715
 22
113.56228958783407
 32
-54.25426172831902
 13
210.12481642406715
 23
113.56228958783407
 33
-54.25426172831902
  0
3DFACE
  8
0
1001
WEBCAD
1000
S3D1
 10
220.0786128107859
 20
129.7425721806075
 30
-46.16286158183465
 11
237.30274916332496
 21
113.56228958783407
 31
-31.486016031297538
 12
225.04286146801246
 22
113.56228958783407
 32
-44.45663904765496
 13
225.04286146801246
 23
113.56228958783407
 33
-44.45663904765496
  0
3DFACE
  8
0
1001
WEBCAD
1000
S3D1
 10
220.0786128107859
 20
129.7425721806075
 30
-46.16286158183465
 11
210.12481642406715
 21
113.56228958783407
 31
-54.25426172831902
 12
197.28463698070777
 22
126.06826340375204
 32
-58.24345087626824
 13
197.28463698070777
 23
126.06826340375204
 33
-58.24345087626824
  0
3DFACE
  8
0
1001
WEBCAD
1000
S3D1
 10
184.1782450739695
 20
137.06582962689657
 30
-58.24345087626824
 11
191.7010264460398
 21
132.72255264935748
 31
-58.24345087626824
 12
175.6236567560984
 22
113.56228958783407
 32
-62.42154383281121
 13
175.6236567560984
 23
113.56228958783407
 33
-62.42154383281121
  0
3DFACE
  8
0
1001
WEBCAD
1000
S3D1
 10
211.86367750805152
 20
143.9712785404708
 30
-46.16286158183465
 11
220.0786128107859
 21
129.7425721806075
 31
-46.16286158183465
 12
197.28463698070777
 22
126.06826340375204
 32
-58.24345087626824
 13
197.28463698070777
 23
126.06826340375204
 33
-58.24345087626824
  0
3DFACE
  8
0
1001
WEBCAD
1000
S3D1
 10
211.86367750805152
 20
143.9712785404708
 30
-46.16286158183465
 11
197.28463698070777
 21
126.06826340375204
 31
-58.24345087626824
 12
191.7010264460398
 22
132.72255264935748
 32
-58.24345087626824
 13
191.7010264460398
 23
132.72255264935748
 33
-58.24345087626824
  0
3DFACE
  8
0
1001
WEBCAD
1000
S3D1
 10
239.11135817211402
 20
124.75688492474814
 30
-27.491535898240897
 11
246.2450404230906
 21
113.56228958783407
 31
-16.040056940111015
 12
237.30274916332496
 22
113.56228958783407
 32
-31.486016031297538
 13
237.30274916332496
 23
113.56228958783407
 33
-31.486016031297538
  0
3DFACE
  8
0
1001
WEBCAD
1000
S3D1
 10
239.11135817211402
 20
124.75688492474814
 30
-27.491535898240897
 11
237.30274916332496
 21
113.56228958783407
 31
-31.486016031297538
 12
220.0786128107859
 22
129.7425721806075
 32
-46.16286158183465
 13
220.0786128107859
 23
129.7425721806075
 33
-46.16286158183465
  0
3DFACE
  8
0
1001
WEBCAD
1000
S3D1
 10
175.6236567560984
 20
138.57423721967
 30
-58.24345087626824
 11
184.1782450739695
 21
137.06582962689657
 31
-58.24345087626824
 12
175.6236567560984
 22
113.56228958783407
 32
-62.42154383281121
 13
175.6236567560984
 23
113.56228958783407
 33
-62.42154383281121
  0
3DFACE
  8
0
1001
WEBCAD
1000
S3D1
 10
199.27764845531715
 20
154.53220688519735
 30
-46.16286158183465
 11
191.7010264460398
 21
132.72255264935748
 31
-58.24345087626824
 12
184.1782450739695
 22
137.06582962689657
 32
-58.24345087626824
 13
184.1782450739695
 23
137.06582962689657
 33
-58.24345087626824
  0
3DFACE
  8
0
1001
WEBCAD
1000
S3D1
 10
199.27764845531715
 20
154.53220688519735
 30
-46.16286158183465
 11
211.86367750805152
 21
143.9712785404708
 31
-46.16286158183465
 12
191.7010264460398
 22
132.72255264935748
 32
-58.24345087626824
 13
191.7010264460398
 23
132.72255264935748
 33
-58.24345087626824
  0
3DFACE
  8
0
1001
WEBCAD
1000
S3D1
 10
231.45379591625465
 20
145.7958406132247
 30
-27.491535898240897
 11
220.0786128107859
 21
129.7425721806075
 31
-46.16286158183465
 12
211.86367750805152
 22
143.9712785404708
 32
-46.16286158183465
 13
211.86367750805152
 23
143.9712785404708
 33
-46.16286158183465
  0
3DFACE
  8
0
1001
WEBCAD
1000
S3D1
 10
231.45379591625465
 20
145.7958406132247
 30
-27.491535898240897
 11
246.2450404230906
 21
113.56228958783407
 31
-16.040056940111015
 12
239.11135817211402
 22
124.75688492474814
 32
-27.491535898240897
 13
239.11135817211402
 23
124.75688492474814
 33
-27.491535898240897
  0
3DFACE
  8
0
1001
WEBCAD
1000
S3D1
 10
231.45379591625465
 20
145.7958406132247
 30
-27.491535898240897
 11
239.11135817211402
 21
124.75688492474814
 31
-27.491535898240897
 12
220.0786128107859
 22
129.7425721806075
 32
-46.16286158183465
 13
220.0786128107859
 23
129.7425721806075
 33
-46.16286158183465
  0
3DFACE
  8
0
1001
WEBCAD
1000
S3D1
 10
167.0690684382273
 20
137.06582962689657
 30
-58.24345087626824
 11
175.6236567560984
 21
138.57423721967
 31
-58.24345087626824
 12
175.6236567560984
 22
113.56228958783407
 32
-62.42154383281121
 13
175.6236567560984
 23
113.56228958783407
 33
-62.42154383281121
  0
3DFACE
  8
0
1001
WEBCAD
1000
S3D1
 10
183.8385996882273
 20
160.15156113324423
 30
-46.16286158183465
 11
199.27764845531715
 21
154.53220688519735
 31
-46.16286158183465
 12
184.1782450739695
 22
137.06582962689657
 32
-58.24345087626824
 13
184.1782450739695
 23
137.06582962689657
 33
-58.24345087626824
  0
3DFACE
  8
0
1001
WEBCAD
1000
S3D1
 10
183.8385996882273
 20
160.15156113324423
 30
-46.16286158183465
 11
184.1782450739695
 21
137.06582962689657
 31
-58.24345087626824
 12
175.6236567560984
 22
138.57423721967
 32
-58.24345087626824
 13
175.6236567560984
 23
138.57423721967
 33
-58.24345087626824
  0
3DFACE
  8
0
1001
WEBCAD
1000
S3D1
 10
217.06231642406715
 20
162.94695603070517
 30
-27.491535898240897
 11
231.45379591625465
 21
145.7958406132247
 31
-27.491535898240897
 12
211.86367750805152
 22
143.9712785404708
 32
-46.16286158183465
 13
211.86367750805152
 23
143.9712785404708
 33
-46.16286158183465
  0
3DFACE
  8
0
1001
WEBCAD
1000
S3D1
 10
217.06231642406715
 20
162.94695603070517
 30
-27.491535898240897
 11
211.86367750805152
 21
143.9712785404708
 31
-46.16286158183465
 12
199.27764845531715
 22
154.53220688519735
 32
-46.16286158183465
 13
199.27764845531715
 23
154.53220688519735
 33
-46.16286158183465
  0
3DFACE
  8
0
1001
WEBCAD
1000
S3D1
 10
159.546287066157
 20
132.72255264935748
 30
-58.24345087626824
 11
167.0690684382273
 21
137.06582962689657
 31
-58.24345087626824
 12
175.6236567560984
 22
113.56228958783407
 32
-62.42154383281121
 13
175.6236567560984
 23
113.56228958783407
 33
-62.42154383281121
  0
3DFACE
  8
0
1001
WEBCAD
1000
S3D1
 10
245.74923659008277
 20
139.08591782269735
 30
-4.256891962083671
 11
251.3887171809031
 21
113.56228958783407
 31
1.0504219569837119
 12
246.2450404230906
 22
113.56228958783407
 32
-16.040056940111015
 13
246.2450404230906
 23
113.56228958783407
 33
-16.040056940111015
  0
3DFACE
  8
0
1001
WEBCAD
1000
S3D1
 10
245.74923659008277
 20
139.08591782269735
 30
-4.256891962083671
 11
246.2450404230906
 21
113.56228958783407
 31
-16.040056940111015
 12
231.45379591625465
 22
145.7958406132247
 32
-27.491535898240897
 13
231.45379591625465
 23
145.7958406132247
 33
-27.491535898240897
  0
3DFACE
  8
0
1001
WEBCAD
1000
S3D1
 10
167.4087138239695
 20
160.15156113324423
 30
-46.16286158183465
 11
183.8385996882273
 21
160.15156113324423
 31
-46.16286158183465
 12
175.6236567560984
 22
138.57423721967
 32
-58.24345087626824
 13
175.6236567560984
 23
138.57423721967
 33
-58.24345087626824
  0
3DFACE
  8
0
1001
WEBCAD
1000
S3D1
 10
167.4087138239695
 20
160.15156113324423
 30
-46.16286158183465
 11
175.6236567560984
 21
138.57423721967
 31
-58.24345087626824
 12
167.0690684382273
 22
137.06582962689657
 32
-58.24345087626824
 13
167.0690684382273
 23
137.06582962689657
 33
-58.24345087626824
  0
3DFACE
  8
0
1001
WEBCAD
1000
S3D1
 10
197.67269850414527
 20
174.1415513676193
 30
-27.491535898240897
 11
199.27764845531715
 21
154.53220688519735
 31
-46.16286158183465
 12
183.8385996882273
 22
160.15156113324423
 32
-46.16286158183465
 13
183.8385996882273
 23
160.15156113324423
 33
-46.16286158183465
  0
3DFACE
  8
0
1001
WEBCAD
1000
S3D1
 10
197.67269850414527
 20
174.1415513676193
 30
-27.491535898240897
 11
217.06231642406715
 21
162.94695603070517
 31
-27.491535898240897
 12
199.27764845531715
 22
154.53220688519735
 32
-46.16286158183465
 13
199.27764845531715
 23
154.53220688519735
 33
-46.16286158183465
  0
3DFACE
  8
0
1001
WEBCAD
1000
S3D1
 10
153.96267653148902
 20
126.06826340375204
 30
-58.24345087626824
 11
159.546287066157
 21
132.72255264935748
 31
-58.24345087626824
 12
175.6236567560984
 22
113.56228958783407
 32
-62.42154383281121
 13
175.6236567560984
 23
113.56228958783407
 33
-62.42154383281121
  0
3DFACE
  8
0
1001
WEBCAD
1000
S3D1
 10
232.79055739086402
 20
161.53101669965048
 30
-4.256891962083671
 11
231.45379591625465
 21
145.7958406132247
 31
-27.491535898240897
 12
217.06231642406715
 22
162.94695603070517
 32
-27.491535898240897
 13
217.06231642406715
 23
162.94695603070517
 33
-27.491535898240897
  0
3DFACE
  8
0
1001
WEBCAD
1000
S3D1
 10
232.79055739086402
 20
161.53101669965048
 30
-4.256891962083671
 11
245.74923659008277
 21
139.08591782269735
 31
-4.256891962083671
 12
231.45379591625465
 22
145.7958406132247
 32
-27.491535898240897
 13
231.45379591625465
 23
145.7958406132247
 33
-27.491535898240897
  0
3DFACE
  8
0
1001
WEBCAD
1000
S3D1
 10
151.96966505687965
 20
154.53220688519735
 30
-46.16286158183465
 11
167.0690684382273
 21
137.06582962689657
 31
-58.24345087626824
 12
159.546287066157
 22
132.72255264935748
 32
-58.24345087626824
 13
159.546287066157
 23
132.72255264935748
 33
-58.24345087626824
  0
3DFACE
  8
0
1001
WEBCAD
1000
S3D1
 10
151.96966505687965
 20
154.53220688519735
 30
-46.16286158183465
 11
167.4087138239695
 21
160.15156113324423
 31
-46.16286158183465
 12
167.0690684382273
 22
137.06582962689657
 32
-58.24345087626824
 13
167.0690684382273
 23
137.06582962689657
 33
-58.24345087626824
  0
3DFACE
  8
0
1001
WEBCAD
1000
S3D1
 10
251.14053297680152
 20
126.87795578656454
 30
21.018150094953683
 11
252.45712233227027
 21
113.56228958783407
 31
18.86615729710212
 12
251.3887171809031
 22
113.56228958783407
 32
1.0504219569837119
 13
251.3887171809031
 23
113.56228958783407
 33
1.0504219569837119
  0
3DFACE
  8
0
1001
WEBCAD
1000
S3D1
 10
251.14053297680152
 20
126.87795578656454
 30
21.018150094953683
 11
249.39279127758277
 21
113.56228958783407
 31
36.44887090107551
 12
252.45712233227027
 22
113.56228958783407
 32
18.86615729710212
 13
252.45712233227027
 23
113.56228958783407
 33
18.86615729710212
  0
3DFACE
  8
0
1001
WEBCAD
1000
S3D1
 10
251.14053297680152
 20
126.87795578656454
 30
21.018150094953683
 11
251.3887171809031
 21
113.56228958783407
 31
1.0504219569837119
 12
245.74923659008277
 22
139.08591782269735
 32
-4.256891962083671
 13
245.74923659008277
 23
139.08591782269735
 33
-4.256891962083671
  0
3DFACE
  8
0
1001
WEBCAD
1000
S3D1
 10
175.6236567560984
 20
178.0293992680099
 30
-27.491535898240897
 11
183.8385996882273
 21
160.15156113324423
 31
-46.16286158183465
 12
167.4087138239695
 22
160.15156113324423
 32
-46.16286158183465
 13
167.4087138239695
 23
160.15156113324423
 33
-46.16286158183465
  0
3DFACE
  8
0
1001
WEBCAD
1000
S3D1
 10
175.6236567560984
 20
178.0293992680099
 30
-27.491535898240897
 11
197.67269850414527
 21
174.1415513676193
 31
-27.491535898240897
 12
183.8385996882273
 22
160.15156113324423
 32
-46.16286158183465
 13
183.8385996882273
 23
160.15156113324423
 33
-46.16286158183465
  0
3DFACE
  8
0
1001
WEBCAD
1000
S3D1
 10
150.9916987482859
 20
117.90557419476767
 30
-58.24345087626824
 11
153.96267653148902
 21
126.06826340375204
 31
-58.24345087626824
 12
175.6236567560984
 22
113.56228958783407
 32
-62.42154383281121
 13
175.6236567560984
 23
113.56228958783407
 33
-62.42154383281121
  0
3DFACE
  8
0
1001
WEBCAD
1000
S3D1
 10
212.93670607250465
 20
178.1903794926193
 30
-4.256891962083671
 11
232.79055739086402
 21
161.53101669965048
 31
-4.256891962083671
 12
217.06231642406715
 22
162.94695603070517
 32
-27.491535898240897
 13
217.06231642406715
 23
162.94695603070517
 33
-27.491535898240897
  0
3DFACE
  8
0
1001
WEBCAD
1000
S3D1
 10
212.93670607250465
 20
178.1903794926193
 30
-4.256891962083671
 11
217.06231642406715
 21
162.94695603070517
 31
-27.491535898240897
 12
197.67269850414527
 22
174.1415513676193
 32
-27.491535898240897
 13
197.67269850414527
 23
174.1415513676193
 33
-27.491535898240897
  0
3DFACE
  8
0
1001
WEBCAD
1000
S3D1
 10
139.3836436335398
 20
143.9712785404708
 30
-46.16286158183465
 11
151.96966505687965
 21
154.53220688519735
 31
-46.16286158183465
 12
159.546287066157
 22
132.72255264935748
 32
-58.24345087626824
 13
159.546287066157
 23
132.72255264935748
 33
-58.24345087626824
  0
3DFACE
  8
0
1001
WEBCAD
1000
S3D1
 10
139.3836436335398
 20
143.9712785404708
 30
-46.16286158183465
 11
159.546287066157
 21
132.72255264935748
 31
-58.24345087626824
 12
153.96267653148902
 22
126.06826340375204
 32
-58.24345087626824
 13
153.96267653148902
 23
126.06826340375204
 33
-58.24345087626824
  0
3DFACE
  8
0
1001
WEBCAD
1000
S3D1
 10
242.03207350414527
 20
151.9032167118575
 30
21.018150094953683
 11
249.39279127758277
 21
113.56228958783407
 31
36.44887090107551
 12
251.14053297680152
 22
126.87795578656454
 32
21.018150094953683
 13
251.14053297680152
 23
126.87795578656454
 33
21.018150094953683
  0
3DFACE
  8
0
1001
WEBCAD
1000
S3D1
 10
242.03207350414527
 20
151.9032167118575
 30
21.018150094953683
 11
245.74923659008277
 21
139.08591782269735
 31
-4.256891962083671
 12
232.79055739086402
 22
161.53101669965048
 32
-4.256891962083671
 13
232.79055739086402
 23
161.53101669965048
 33
-4.256891962083671
  0
3DFACE
  8
0
1001
WEBCAD
1000
S3D1
 10
242.03207350414527
 20
151.9032167118575
 30
21.018150094953683
 11
251.14053297680152
 21
126.87795578656454
 31
21.018150094953683
 12
245.74923659008277
 22
139.08591782269735
 32
-4.256891962083671
 13
245.74923659008277
 23
139.08591782269735
 33
-4.256891962083671
  0
3DFACE
  8
0
1001
WEBCAD
1000
S3D1
 10
153.574607378657
 20
174.1415513676193
 30
-27.491535898240897
 11
175.6236567560984
 21
178.0293992680099
 31
-27.491535898240897
 12
167.4087138239695
 22
160.15156113324423
 32
-46.16286158183465
 13
167.4087138239695
 23
160.15156113324423
 33
-46.16286158183465
  0
3DFACE
  8
0
1001
WEBCAD
1000
S3D1
 10
153.574607378657
 20
174.1415513676193
 30
-27.491535898240897
 11
167.4087138239695
 21
160.15156113324423
 31
-46.16286158183465
 12
151.96966505687965
 22
154.53220688519735
 32
-46.16286158183465
 13
151.96966505687965
 23
154.53220688519735
 33
-46.16286158183465
  0
3DFACE
  8
0
1001
WEBCAD
1000
S3D1
 10
150.9916987482859
 20
109.21901261029501
 30
-58.24345087626824
 11
175.6236567560984
 21
113.56228958783407
 31
-62.42154383281121
 12
175.6236567560984
 22
113.56228958783407
 32
-62.42154383281121
 13
175.6236567560984
 23
113.56228958783407
 33
-62.42154383281121
  0
3DFACE
  8
0
1001
WEBCAD
1000
S3D1
 10
150.9916987482859
 20
109.21901261029501
 30
-58.24345087626824
 11
150.9916987482859
 21
117.90557419476767
 31
-58.24345087626824
 12
175.6236567560984
 22
113.56228958783407
 32
-62.42154383281121
 13
175.6236567560984
 23
113.56228958783407
 33
-62.42154383281121
  0
3DFACE
  8
0
1001
WEBCAD
1000
S3D1
 10
188.58234358471168
 20
187.0546373051193
 30
-4.256891962083671
 11
197.67269850414527
 21
174.1415513676193
 31
-27.491535898240897
 12
175.6236567560984
 22
178.0293992680099
 32
-27.491535898240897
 13
175.6236567560984
 23
178.0293992680099
 33
-27.491535898240897
  0
3DFACE
  8
0
1001
WEBCAD
1000
S3D1
 10
188.58234358471168
 20
187.0546373051193
 30
-4.256891962083671
 11
212.93670607250465
 21
178.1903794926193
 31
-4.256891962083671
 12
197.67269850414527
 22
174.1415513676193
 32
-27.491535898240897
 13
197.67269850414527
 23
174.1415513676193
 33
-27.491535898240897
  0
3DFACE
  8
0
1001
WEBCAD
1000
S3D1
 10
131.1687007014109
 20
129.7425721806075
 30
-46.16286158183465
 11
153.96267653148902
 21
126.06826340375204
 31
-58.24345087626824
 12
150.9916987482859
 22
117.90557419476767
 32
-58.24345087626824
 13
150.9916987482859
 23
117.90557419476767
 33
-58.24345087626824
  0
3DFACE
  8
0
1001
WEBCAD
1000
S3D1
 10
131.1687007014109
 20
129.7425721806075
 30
-46.16286158183465
 11
139.3836436335398
 21
143.9712785404708
 31
-46.16286158183465
 12
153.96267653148902
 22
126.06826340375204
 32
-58.24345087626824
 13
153.96267653148902
 23
126.06826340375204
 33
-58.24345087626824
  0
3DFACE
  8
0
1001
WEBCAD
1000
S3D1
 10
224.91378737133277
 20
172.30399643597866
 30
21.018150094953683
 11
242.03207350414527
 21
151.9032167118575
 31
21.018150094953683
 12
232.79055739086402
 22
161.53101669965048
 32
-4.256891962083671
 13
232.79055739086402
 23
161.53101669965048
 33
-4.256891962083671
  0
3DFACE
  8
0
1001
WEBCAD
1000
S3D1
 10
224.91378737133277
 20
172.30399643597866
 30
21.018150094953683
 11
232.79055739086402
 21
161.53101669965048
 31
-4.256891962083671
 12
212.93670607250465
 22
178.1903794926193
 32
-4.256891962083671
 13
212.93670607250465
 23
178.1903794926193
 33
-4.256891962083671
  0
3DFACE
  8
0
1001
WEBCAD
1000
S3D1
 10
134.18500471752418
 20
162.94695603070517
 30
-27.491535898240897
 11
151.96966505687965
 21
154.53220688519735
 31
-46.16286158183465
 12
139.3836436335398
 22
143.9712785404708
 32
-46.16286158183465
 13
139.3836436335398
 23
143.9712785404708
 33
-46.16286158183465
  0
3DFACE
  8
0
1001
WEBCAD
1000
S3D1
 10
134.18500471752418
 20
162.94695603070517
 30
-27.491535898240897
 11
153.574607378657
 21
174.1415513676193
 31
-27.491535898240897
 12
151.96966505687965
 22
154.53220688519735
 32
-46.16286158183465
 13
151.96966505687965
 23
154.53220688519735
 33
-46.16286158183465
  0
3DFACE
  8
0
1001
WEBCAD
1000
S3D1
 10
153.96267653148902
 20
101.05632340131064
 30
-58.24345087626824
 11
150.9916987482859
 21
109.21901261029501
 31
-58.24345087626824
 12
175.6236567560984
 22
113.56228958783407
 32
-62.42154383281121
 13
175.6236567560984
 23
113.56228958783407
 33
-62.42154383281121
  0
3DFACE
  8
0
1001
WEBCAD
1000
S3D1
 10
241.78848219555152
 20
137.64432083783407
 30
45.58910870930305
 11
242.36056471508277
 21
113.56228958783407
 31
52.85282063862434
 12
249.39279127758277
 22
113.56228958783407
 32
36.44887090107551
 13
249.39279127758277
 23
113.56228958783407
 33
36.44887090107551
  0
3DFACE
  8
0
1001
WEBCAD
1000
S3D1
 10
241.78848219555152
 20
137.64432083783407
 30
45.58910870930305
 11
249.39279127758277
 21
113.56228958783407
 31
36.44887090107551
 12
242.03207350414527
 22
151.9032167118575
 32
21.018150094953683
 13
242.03207350414527
 23
151.9032167118575
 33
21.018150094953683
  0
3DFACE
  8
0
1001
WEBCAD
1000
S3D1
 10
162.66496992748512
 20
187.0546373051193
 30
-4.256891962083671
 11
175.6236567560984
 21
178.0293992680099
 31
-27.491535898240897
 12
153.574607378657
 22
174.1415513676193
 32
-27.491535898240897
 13
153.574607378657
 23
174.1415513676193
 33
-27.491535898240897
  0
3DFACE
  8
0
1001
WEBCAD
1000
S3D1
 10
162.66496992748512
 20
187.0546373051193
 30
-4.256891962083671
 11
188.58234358471168
 21
187.0546373051193
 31
-4.256891962083671
 12
175.6236567560984
 22
178.0293992680099
 32
-27.491535898240897
 13
175.6236567560984
 23
178.0293992680099
 33
-27.491535898240897
  0
3DFACE
  8
0
1001
WEBCAD
1000
S3D1
 10
128.3156733576609
 20
113.56228958783407
 30
-46.16286158183465
 11
150.9916987482859
 21
117.90557419476767
 31
-58.24345087626824
 12
150.9916987482859
 22
109.21901261029501
 32
-58.24345087626824
 13
150.9916987482859
 23
109.21901261029501
 33
-58.24345087626824
  0
3DFACE
  8
0
1001
WEBCAD
1000
S3D1
 10
128.3156733576609
 20
113.56228958783407
 30
-46.16286158183465
 11
131.1687007014109
 21
129.7425721806075
 31
-46.16286158183465
 12
150.9916987482859
 22
117.90557419476767
 32
-58.24345087626824
 13
150.9916987482859
 23
117.90557419476767
 33
-58.24345087626824
  0
3DFACE
  8
0
1001
WEBCAD
1000
S3D1
 10
201.8503871027781
 20
185.6196550053146
 30
21.018150094953683
 11
212.93670607250465
 21
178.1903794926193
 31
-4.256891962083671
 12
188.58234358471168
 22
187.0546373051193
 32
-4.256891962083671
 13
188.58234358471168
 23
187.0546373051193
 33
-4.256891962083671
  0
3DFACE
  8
0
1001
WEBCAD
1000
S3D1
 10
201.8503871027781
 20
185.6196550053146
 30
21.018150094953683
 11
224.91378737133277
 21
172.30399643597866
 31
21.018150094953683
 12
212.93670607250465
 22
178.1903794926193
 32
-4.256891962083671
 13
212.93670607250465
 23
178.1903794926193
 33
-4.256891962083671
  0
3DFACE
  8
0
1001
WEBCAD
1000
S3D1
 10
119.79350996654762
 20
145.7958406132247
 30
-27.491535898240897
 11
134.18500471752418
 21
162.94695603070517
 31
-27.491535898240897
 12
139.3836436335398
 22
143.9712785404708
 32
-46.16286158183465
 13
139.3836436335398
 23
143.9712785404708
 33
-46.16286158183465
  0
3DFACE
  8
0
1001
WEBCAD
1000
S3D1
 10
119.79350996654762
 20
145.7958406132247
 30
-27.491535898240897
 11
139.3836436335398
 21
143.9712785404708
 31
-46.16286158183465
 12
131.1687007014109
 22
129.7425721806075
 32
-46.16286158183465
 13
131.1687007014109
 23
129.7425721806075
 33
-46.16286158183465
  0
3DFACE
  8
0
1001
WEBCAD
1000
S3D1
 10
159.546287066157
 20
94.4020303410079
 30
-58.24345087626824
 11
153.96267653148902
 21
101.05632340131064
 31
-58.24345087626824
 12
175.6236567560984
 22
113.56228958783407
 32
-62.42154383281121
 13
175.6236567560984
 23
113.56228958783407
 33
-62.42154383281121
  0
3DFACE
  8
0
1001
WEBCAD
1000
S3D1
 10
229.56170607250465
 20
158.8216966312911
 30
45.58910870930305
 11
242.03207350414527
 21
151.9032167118575
 31
21.018150094953683
 12
224.91378737133277
 22
172.30399643597866
 32
21.018150094953683
 13
224.91378737133277
 23
172.30399643597866
 33
21.018150094953683
  0
3DFACE
  8
0
1001
WEBCAD
1000
S3D1
 10
229.56170607250465
 20
158.8216966312911
 30
45.58910870930305
 11
241.78848219555152
 21
137.64432083783407
 31
45.58910870930305
 12
242.03207350414527
 22
151.9032167118575
 32
21.018150094953683
 13
242.03207350414527
 23
151.9032167118575
 33
21.018150094953683
  0
3DFACE
  8
0
1001
WEBCAD
1000
S3D1
 10
138.31061506908668
 20
178.1903794926193
 30
-4.256891962083671
 11
162.66496992748512
 21
187.0546373051193
 31
-4.256891962083671
 12
153.574607378657
 22
174.1415513676193
 32
-27.491535898240897
 13
153.574607378657
 23
174.1415513676193
 33
-27.491535898240897
  0
3DFACE
  8
0
1001
WEBCAD
1000
S3D1
 10
138.31061506908668
 20
178.1903794926193
 30
-4.256891962083671
 11
153.574607378657
 21
174.1415513676193
 31
-27.491535898240897
 12
134.18500471752418
 22
162.94695603070517
 32
-27.491535898240897
 13
134.18500471752418
 23
162.94695603070517
 33
-27.491535898240897
  0
3DFACE
  8
0
1001
WEBCAD
1000
S3D1
 10
131.1687007014109
 20
97.3820108097579
 30
-46.16286158183465
 11
150.9916987482859
 21
109.21901261029501
 31
-58.24345087626824
 12
153.96267653148902
 22
101.05632340131064
 32
-58.24345087626824
 13
153.96267653148902
 23
101.05632340131064
 33
-58.24345087626824
  0
3DFACE
  8
0
1001
WEBCAD
1000
S3D1
 10
131.1687007014109
 20
97.3820108097579
 30
-46.16286158183465
 11
128.3156733576609
 21
113.56228958783407
 31
-46.16286158183465
 12
150.9916987482859
 22
109.21901261029501
 32
-58.24345087626824
 13
150.9916987482859
 23
109.21901261029501
 33
-58.24345087626824
  0
3DFACE
  8
0
1001
WEBCAD
1000
S3D1
 10
231.26023817699684
 20
123.37252365765829
 30
66.78795934101692
 11
231.73866224926246
 21
113.56228958783407
 31
67.19566655537238
 12
242.36056471508277
 22
113.56228958783407
 32
52.85282063862434
 13
242.36056471508277
 23
113.56228958783407
 33
52.85282063862434
  0
3DFACE
  8
0
1001
WEBCAD
1000
S3D1
 10
231.26023817699684
 20
123.37252365765829
 30
66.78795934101692
 11
216.96449232738746
 21
126.45830856976767
 31
78.1482460536634
 12
218.20823622387184
 22
116.53246628461142
 32
78.5642731227552
 13
218.20823622387184
 23
116.53246628461142
 33
78.5642731227552
  0
3DFACE
  8
0
1001
WEBCAD
1000
S3D1
 10
231.26023817699684
 20
123.37252365765829
 30
66.78795934101692
 11
242.36056471508277
 21
113.56228958783407
 31
52.85282063862434
 12
241.78848219555152
 22
137.64432083783407
 32
45.58910870930305
 13
241.78848219555152
 23
137.64432083783407
 33
45.58910870930305
  0
3DFACE
  8
0
1001
WEBCAD
1000
S3D1
 10
231.26023817699684
 20
123.37252365765829
 30
66.78795934101692
 11
218.20823622387184
 21
116.53246628461142
 31
78.5642731227552
 12
231.73866224926246
 22
113.56228958783407
 32
67.19566655537238
 13
231.73866224926246
 23
113.56228958783407
 33
67.19566655537238
  0
3DFACE
  8
0
1001
WEBCAD
1000
S3D1
 10
175.6236567560984
 20
190.24413620648647
 30
21.018150094953683
 11
201.8503871027781
 21
185.6196550053146
 31
21.018150094953683
 12
188.58234358471168
 22
187.0546373051193
 32
-4.256891962083671
 13
188.58234358471168
 23
187.0546373051193
 33
-4.256891962083671
  0
3DFACE
  8
0
1001
WEBCAD
1000
S3D1
 10
175.6236567560984
 20
190.24413620648647
 30
21.018150094953683
 11
188.58234358471168
 21
187.0546373051193
 31
-4.256891962083671
 12
162.66496992748512
 22
187.0546373051193
 32
-4.256891962083671
 13
162.66496992748512
 23
187.0546373051193
 33
-4.256891962083671
  0
3DFACE
  8
0
1001
WEBCAD
1000
S3D1
 10
112.13595534008277
 20
124.75688492474814
 30
-27.491535898240897
 11
131.1687007014109
 21
129.7425721806075
 31
-46.16286158183465
 12
128.3156733576609
 22
113.56228958783407
 32
-46.16286158183465
 13
128.3156733576609
 23
113.56228958783407
 33
-46.16286158183465
  0
3DFACE
  8
0
1001
WEBCAD
1000
S3D1
 10
112.13595534008277
 20
124.75688492474814
 30
-27.491535898240897
 11
119.79350996654762
 21
145.7958406132247
 31
-27.491535898240897
 12
131.1687007014109
 22
129.7425721806075
 32
-46.16286158183465
 13
131.1687007014109
 23
129.7425721806075
 33
-46.16286158183465
  0
3DFACE
  8
0
1001
WEBCAD
1000
S3D1
 10
167.0690684382273
 20
90.05875336346884
 30
-58.24345087626824
 11
159.546287066157
 21
94.4020303410079
 31
-58.24345087626824
 12
175.6236567560984
 22
113.56228958783407
 32
-62.42154383281121
 13
175.6236567560984
 23
113.56228958783407
 33
-62.42154383281121
  0
3DFACE
  8
0
1001
WEBCAD
1000
S3D1
 10
210.8292231623484
 20
174.54012619672085
 30
45.58910870930305
 11
224.91378737133277
 21
172.30399643597866
 31
21.018150094953683
 12
201.8503871027781
 22
185.6196550053146
 32
21.018150094953683
 13
201.8503871027781
 23
185.6196550053146
 33
21.018150094953683
  0
3DFACE
  8
0
1001
WEBCAD
1000
S3D1
 10
210.8292231623484
 20
174.54012619672085
 30
45.58910870930305
 11
229.56170607250465
 21
158.8216966312911
 31
45.58910870930305
 12
224.91378737133277
 22
172.30399643597866
 32
21.018150094953683
 13
224.91378737133277
 23
172.30399643597866
 33
21.018150094953683
  0
3DFACE
  8
0
1001
WEBCAD
1000
S3D1
 10
118.45675612133277
 20
161.53101669965048
 30
-4.256891962083671
 11
138.31061506908668
 21
178.1903794926193
 31
-4.256891962083671
 12
134.18500471752418
 22
162.94695603070517
 32
-27.491535898240897
 13
134.18500471752418
 23
162.94695603070517
 33
-27.491535898240897
  0
3DFACE
  8
0
1001
WEBCAD
1000
S3D1
 10
118.45675612133277
 20
161.53101669965048
 30
-4.256891962083671
 11
134.18500471752418
 21
162.94695603070517
 31
-27.491535898240897
 12
119.79350996654762
 22
145.7958406132247
 32
-27.491535898240897
 13
119.79350996654762
 23
145.7958406132247
 33
-27.491535898240897
  0
3DFACE
  8
0
1001
WEBCAD
1000
S3D1
 10
139.3836436335398
 20
83.15330826459189
 30
-46.16286158183465
 11
131.1687007014109
 21
97.3820108097579
 31
-46.16286158183465
 12
153.96267653148902
 22
101.05632340131064
 32
-58.24345087626824
 13
153.96267653148902
 23
101.05632340131064
 33
-58.24345087626824
  0
3DFACE
  8
0
1001
WEBCAD
1000
S3D1
 10
139.3836436335398
 20
83.15330826459189
 30
-46.16286158183465
 11
153.96267653148902
 21
101.05632340131064
 31
-58.24345087626824
 12
159.546287066157
 22
94.4020303410079
 32
-58.24345087626824
 13
159.546287066157
 23
94.4020303410079
 33
-58.24345087626824
  0
3DFACE
  8
0
1001
WEBCAD
1000
S3D1
 10
224.5496363703562
 20
141.80972611127157
 30
66.78795934101692
 11
241.78848219555152
 21
137.64432083783407
 31
45.58910870930305
 12
229.56170607250465
 22
158.8216966312911
 32
45.58910870930305
 13
229.56170607250465
 23
158.8216966312911
 33
45.58910870930305
  0
3DFACE
  8
0
1001
WEBCAD
1000
S3D1
 10
224.5496363703562
 20
141.80972611127157
 30
66.78795934101692
 11
213.30628920238746
 21
135.77755295453326
 31
77.84786916157356
 12
216.96449232738746
 22
126.45830856976767
 32
78.1482460536634
 13
216.96449232738746
 23
126.45830856976767
 33
78.1482460536634
  0
3DFACE
  8
0
1001
WEBCAD
1000
S3D1
 10
224.5496363703562
 20
141.80972611127157
 30
66.78795934101692
 11
207.4558863703562
 21
143.90952622113485
 31
77.68381810566535
 12
213.30628920238746
 22
135.77755295453326
 32
77.84786916157356
 13
213.30628920238746
 23
135.77755295453326
 33
77.84786916157356
  0
3DFACE
  8
0
1001
WEBCAD
1000
S3D1
 10
224.5496363703562
 20
141.80972611127157
 30
66.78795934101692
 11
231.26023817699684
 21
123.37252365765829
 31
66.78795934101692
 12
241.78848219555152
 22
137.64432083783407
 32
45.58910870930305
 13
241.78848219555152
 23
137.64432083783407
 33
45.58910870930305
  0
3DFACE
  8
0
1001
WEBCAD
1000
S3D1
 10
224.5496363703562
 20
141.80972611127157
 30
66.78795934101692
 11
216.96449232738746
 21
126.45830856976767
 31
78.1482460536634
 12
231.26023817699684
 22
123.37252365765829
 32
66.78795934101692
 13
231.26023817699684
 23
123.37252365765829
 33
66.78795934101692
  0
3DFACE
  8
0
1001
WEBCAD
1000
S3D1
 10
149.3969264094187
 20
185.6196550053146
 30
21.018150094953683
 11
162.66496992748512
 21
187.0546373051193
 31
-4.256891962083671
 12
138.31061506908668
 22
178.1903794926193
 32
-4.256891962083671
 13
138.31061506908668
 23
178.1903794926193
 33
-4.256891962083671
  0
3DFACE
  8
0
1001
WEBCAD
1000
S3D1
 10
149.3969264094187
 20
185.6196550053146
 30
21.018150094953683
 11
175.6236567560984
 21
190.24413620648647
 31
21.018150094953683
 12
162.66496992748512
 22
187.0546373051193
 32
-4.256891962083671
 13
162.66496992748512
 23
187.0546373051193
 33
-4.256891962083671
  0
3DFACE
  8
0
1001
WEBCAD
1000
S3D1
 10
112.13595534008277
 20
102.36770188031454
 30
-27.491535898240897
 11
112.13595534008277
 21
124.75688492474814
 31
-27.491535898240897
 12
128.3156733576609
 22
113.56228958783407
 32
-46.16286158183465
 13
128.3156733576609
 23
113.56228958783407
 33
-46.16286158183465
  0
3DFACE
  8
0
1001
WEBCAD
1000
S3D1
 10
112.13595534008277
 20
102.36770188031454
 30
-27.491535898240897
 11
128.3156733576609
 21
113.56228958783407
 31
-46.16286158183465
 12
131.1687007014109
 22
97.3820108097579
 32
-46.16286158183465
 13
131.1687007014109
 23
97.3820108097579
 33
-46.16286158183465
  0
3DFACE
  8
0
1001
WEBCAD
1000
S3D1
 10
175.6236567560984
 20
88.5503457706954
 30
-58.24345087626824
 11
167.0690684382273
 21
90.05875336346884
 31
-58.24345087626824
 12
175.6236567560984
 22
113.56228958783407
 32
-62.42154383281121
 13
175.6236567560984
 23
113.56228958783407
 33
-62.42154383281121
  0
3DFACE
  8
0
1001
WEBCAD
1000
S3D1
 10
187.8504176203562
 20
182.9037126225021
 30
45.58910870930305
 11
210.8292231623484
 21
174.54012619672085
 31
45.58910870930305
 12
201.8503871027781
 22
185.6196550053146
 32
21.018150094953683
 13
201.8503871027781
 23
185.6196550053146
 33
21.018150094953683
  0
3DFACE
  8
0
1001
WEBCAD
1000
S3D1
 10
187.8504176203562
 20
182.9037126225021
 30
45.58910870930305
 11
201.8503871027781
 21
185.6196550053146
 31
21.018150094953683
 12
175.6236567560984
 22
190.24413620648647
 32
21.018150094953683
 13
175.6236567560984
 23
190.24413620648647
 33
21.018150094953683
  0
3DFACE
  8
0
1001
WEBCAD
1000
S3D1
 10
105.49806929271949
 20
139.08591782269735
 30
-4.256891962083671
 11
119.79350996654762
 21
145.7958406132247
 31
-27.491535898240897
 12
112.13595534008277
 22
124.75688492474814
 32
-27.491535898240897
 13
112.13595534008277
 23
124.75688492474814
 33
-27.491535898240897
  0
3DFACE
  8
0
1001
WEBCAD
1000
S3D1
 10
105.49806929271949
 20
139.08591782269735
 30
-4.256891962083671
 11
118.45675612133277
 21
161.53101669965048
 31
-4.256891962083671
 12
119.79350996654762
 22
145.7958406132247
 32
-27.491535898240897
 13
119.79350996654762
 23
145.7958406132247
 33
-27.491535898240897
  0
3DFACE
  8
0
1001
WEBCAD
1000
S3D1
 10
151.96966505687965
 20
72.59237991986532
 30
-46.16286158183465
 11
159.546287066157
 21
94.4020303410079
 31
-58.24345087626824
 12
167.0690684382273
 22
90.05875336346884
 32
-58.24345087626824
 13
167.0690684382273
 23
90.05875336346884
 33
-58.24345087626824
  0
3DFACE
  8
0
1001
WEBCAD
1000
S3D1
 10
151.96966505687965
 20
72.59237991986532
 30
-46.16286158183465
 11
139.3836436335398
 21
83.15330826459189
 31
-46.16286158183465
 12
159.546287066157
 22
94.4020303410079
 32
-58.24345087626824
 13
159.546287066157
 23
94.4020303410079
 33
-58.24345087626824
  0
3DFACE
  8
0
1001
WEBCAD
1000
S3D1
 10
211.93785048168434
 20
156.83986984906454
 30
66.78795934101692
 11
199.77537489574684
 21
150.34528671918173
 31
77.66759038349738
 12
207.4558863703562
 22
143.90952622113485
 32
77.68381810566535
 13
207.4558863703562
 23
143.90952622113485
 33
77.68381810566535
  0
3DFACE
  8
0
1001
WEBCAD
1000
S3D1
 10
211.93785048168434
 20
156.83986984906454
 30
66.78795934101692
 11
224.5496363703562
 21
141.80972611127157
 31
66.78795934101692
 12
229.56170607250465
 22
158.8216966312911
 32
45.58910870930305
 13
229.56170607250465
 23
158.8216966312911
 33
45.58910870930305
  0
3DFACE
  8
0
1001
WEBCAD
1000
S3D1
 10
211.93785048168434
 20
156.83986984906454
 30
66.78795934101692
 11
229.56170607250465
 21
158.8216966312911
 31
45.58910870930305
 12
210.8292231623484
 22
174.54012619672085
 32
45.58910870930305
 13
210.8292231623484
 23
174.54012619672085
 33
45.58910870930305
  0
3DFACE
  8
0
1001
WEBCAD
1000
S3D1
 10
211.93785048168434
 20
156.83986984906454
 30
66.78795934101692
 11
207.4558863703562
 21
143.90952622113485
 31
77.68381810566535
 12
224.5496363703562
 22
141.80972611127157
 32
66.78795934101692
 13
224.5496363703562
 23
141.80972611127157
 33
66.78795934101692
  0
3DFACE
  8
0
1001
WEBCAD
1000
S3D1
 10
126.33351851146949
 20
172.30399643597866
 30
21.018150094953683
 11
149.3969264094187
 21
185.6196550053146
 31
21.018150094953683
 12
138.31061506908668
 22
178.1903794926193
 32
-4.256891962083671
 13
138.31061506908668
 23
178.1903794926193
 33
-4.256891962083671
  0
3DFACE
  8
0
1001
WEBCAD
1000
S3D1
 10
126.33351851146949
 20
172.30399643597866
 30
21.018150094953683
 11
138.31061506908668
 21
178.1903794926193
 31
-4.256891962083671
 12
118.45675612133277
 22
161.53101669965048
 32
-4.256891962083671
 13
118.45675612133277
 23
161.53101669965048
 33
-4.256891962083671
  0
3DFACE
  8
0
1001
WEBCAD
1000
S3D1
 10
119.79350996654762
 20
81.32874237714071
 30
-27.491535898240897
 11
131.1687007014109
 21
97.3820108097579
 31
-46.16286158183465
 12
139.3836436335398
 22
83.15330826459189
 32
-46.16286158183465
 13
139.3836436335398
 23
83.15330826459189
 33
-46.16286158183465
  0
3DFACE
  8
0
1001
WEBCAD
1000
S3D1
 10
119.79350996654762
 20
81.32874237714071
 30
-27.491535898240897
 11
112.13595534008277
 21
102.36770188031454
 31
-27.491535898240897
 12
131.1687007014109
 22
97.3820108097579
 32
-46.16286158183465
 13
131.1687007014109
 23
97.3820108097579
 33
-46.16286158183465
  0
3DFACE
  8
0
1001
WEBCAD
1000
S3D1
 10
184.1782450739695
 20
90.05875336346884
 30
-58.24345087626824
 11
175.6236567560984
 21
88.5503457706954
 31
-58.24345087626824
 12
175.6236567560984
 22
113.56228958783407
 32
-62.42154383281121
 13
175.6236567560984
 23
113.56228958783407
 33
-62.42154383281121
  0
3DFACE
  8
0
1001
WEBCAD
1000
S3D1
 10
163.3968958918406
 20
182.9037126225021
 30
45.58910870930305
 11
175.6236567560984
 21
190.24413620648647
 31
21.018150094953683
 12
149.3969264094187
 22
185.6196550053146
 32
21.018150094953683
 13
149.3969264094187
 23
185.6196550053146
 33
21.018150094953683
  0
3DFACE
  8
0
1001
WEBCAD
1000
S3D1
 10
163.3968958918406
 20
182.9037126225021
 30
45.58910870930305
 11
187.8504176203562
 21
182.9037126225021
 31
45.58910870930305
 12
175.6236567560984
 22
190.24413620648647
 32
21.018150094953683
 13
175.6236567560984
 23
190.24413620648647
 33
21.018150094953683
  0
3DFACE
  8
0
1001
WEBCAD
1000
S3D1
 10
100.99756575268043
 20
113.56228958783407
 30
-4.256891962083671
 11
105.49806929271949
 21
139.08591782269735
 31
-4.256891962083671
 12
112.13595534008277
 22
124.75688492474814
 32
-27.491535898240897
 13
112.13595534008277
 23
124.75688492474814
 33
-27.491535898240897
  0
3DFACE
  8
0
1001
WEBCAD
1000
S3D1
 10
100.99756575268043
 20
113.56228958783407
 30
-4.256891962083671
 11
112.13595534008277
 21
124.75688492474814
 31
-27.491535898240897
 12
112.13595534008277
 22
102.36770188031454
 32
-27.491535898240897
 13
112.13595534008277
 23
102.36770188031454
 33
-27.491535898240897
  0
3DFACE
  8
0
1001
WEBCAD
1000
S3D1
 10
167.4087138239695
 20
66.97302567181845
 30
-46.16286158183465
 11
167.0690684382273
 21
90.05875336346884
 31
-58.24345087626824
 12
175.6236567560984
 22
88.5503457706954
 32
-58.24345087626824
 13
175.6236567560984
 23
88.5503457706954
 33
-58.24345087626824
  0
3DFACE
  8
0
1001
WEBCAD
1000
S3D1
 10
167.4087138239695
 20
66.97302567181845
 30
-46.16286158183465
 11
151.96966505687965
 21
72.59237991986532
 31
-46.16286158183465
 12
167.0690684382273
 22
90.05875336346884
 32
-58.24345087626824
 13
167.0690684382273
 23
90.05875336346884
 33
-58.24345087626824
  0
3DFACE
  8
0
1001
WEBCAD
1000
S3D1
 10
194.9460444514109
 20
166.6500962894943
 30
66.78795934101692
 11
190.74423170727027
 21
154.68265091595907
 31
77.8003342189466
 12
199.77537489574684
 22
150.34528671918173
 32
77.66759038349738
 13
199.77537489574684
 23
150.34528671918173
 33
77.66759038349738
  0
3DFACE
  8
0
1001
WEBCAD
1000
S3D1
 10
194.9460444514109
 20
166.6500962894943
 30
66.78795934101692
 11
180.92698622387184
 21
156.65347611127157
 31
78.07271886250129
 12
190.74423170727027
 22
154.68265091595907
 32
77.8003342189466
 13
190.74423170727027
 23
154.68265091595907
 33
77.8003342189466
  0
3DFACE
  8
0
1001
WEBCAD
1000
S3D1
 10
194.9460444514109
 20
166.6500962894943
 30
66.78795934101692
 11
199.77537489574684
 21
150.34528671918173
 31
77.66759038349738
 12
211.93785048168434
 22
156.83986984906454
 32
66.78795934101692
 13
211.93785048168434
 23
156.83986984906454
 33
66.78795934101692
  0
3DFACE
  8
0
1001
WEBCAD
1000
S3D1
 10
194.9460444514109
 20
166.6500962894943
 30
66.78795934101692
 11
210.8292231623484
 21
174.54012619672085
 31
45.58910870930305
 12
187.8504176203562
 22
182.9037126225021
 32
45.58910870930305
 13
187.8504176203562
 23
182.9037126225021
 33
45.58910870930305
  0
3DFACE
  8
0
1001
WEBCAD
1000
S3D1
 10
194.9460444514109
 20
166.6500962894943
 30
66.78795934101692
 11
211.93785048168434
 21
156.83986984906454
 31
66.78795934101692
 12
210.8292231623484
 22
174.54012619672085
 32
45.58910870930305
 13
210.8292231623484
 23
174.54012619672085
 33
45.58910870930305
  0
3DFACE
  8
0
1001
WEBCAD
1000
S3D1
 10
109.21523619335426
 20
151.9032167118575
 30
21.018150094953683
 11
118.45675612133277
 21
161.53101669965048
 31
-4.256891962083671
 12
105.49806929271949
 22
139.08591782269735
 32
-4.256891962083671
 13
105.49806929271949
 23
139.08591782269735
 33
-4.256891962083671
  0
3DFACE
  8
0
1001
WEBCAD
1000
S3D1
 10
109.21523619335426
 20
151.9032167118575
 30
21.018150094953683
 11
126.33351851146949
 21
172.30399643597866
 31
21.018150094953683
 12
118.45675612133277
 22
161.53101669965048
 32
-4.256891962083671
 13
118.45675612133277
 23
161.53101669965048
 33
-4.256891962083671
  0
3DFACE
  8
0
1001
WEBCAD
1000
S3D1
 10
134.18500471752418
 20
64.17762886700888
 30
-27.491535898240897
 11
119.79350996654762
 21
81.32874237714071
 31
-27.491535898240897
 12
139.3836436335398
 22
83.15330826459189
 32
-46.16286158183465
 13
139.3836436335398
 23
83.15330826459189
 33
-46.16286158183465
  0
3DFACE
  8
0
1001
WEBCAD
1000
S3D1
 10
134.18500471752418
 20
64.17762886700888
 30
-27.491535898240897
 11
139.3836436335398
 21
83.15330826459189
 31
-46.16286158183465
 12
151.96966505687965
 22
72.59237991986532
 32
-46.16286158183465
 13
151.96966505687965
 23
72.59237991986532
 33
-46.16286158183465
  0
3DFACE
  8
0
1001
WEBCAD
1000
S3D1
 10
191.7010264460398
 20
94.4020303410079
 30
-58.24345087626824
 11
184.1782450739695
 21
90.05875336346884
 31
-58.24345087626824
 12
175.6236567560984
 22
113.56228958783407
 32
-62.42154383281121
 13
175.6236567560984
 23
113.56228958783407
 33
-62.42154383281121
  0
3DFACE
  8
0
1001
WEBCAD
1000
S3D1
 10
140.4180903498484
 20
174.54012619672085
 30
45.58910870930305
 11
149.3969264094187
 21
185.6196550053146
 31
21.018150094953683
 12
126.33351851146949
 22
172.30399643597866
 32
21.018150094953683
 13
126.33351851146949
 23
172.30399643597866
 33
21.018150094953683
  0
3DFACE
  8
0
1001
WEBCAD
1000
S3D1
 10
140.4180903498484
 20
174.54012619672085
 30
45.58910870930305
 11
163.3968958918406
 21
182.9037126225021
 31
45.58910870930305
 12
149.3969264094187
 22
185.6196550053146
 32
21.018150094953683
 13
149.3969264094187
 23
185.6196550053146
 33
21.018150094953683
  0
3DFACE
  8
0
1001
WEBCAD
1000
S3D1
 10
105.49806929271949
 20
88.03866516766806
 30
-4.256891962083671
 11
112.13595534008277
 21
102.36770188031454
 31
-27.491535898240897
 12
119.79350996654762
 22
81.32874237714071
 32
-27.491535898240897
 13
119.79350996654762
 23
81.32874237714071
 33
-27.491535898240897
  0
3DFACE
  8
0
1001
WEBCAD
1000
S3D1
 10
105.49806929271949
 20
88.03866516766806
 30
-4.256891962083671
 11
100.99756575268043
 21
113.56228958783407
 31
-4.256891962083671
 12
112.13595534008277
 22
102.36770188031454
 32
-27.491535898240897
 13
112.13595534008277
 23
102.36770188031454
 33
-27.491535898240897
  0
3DFACE
  8
0
1001
WEBCAD
1000
S3D1
 10
183.8385996882273
 20
66.97302567181845
 30
-46.16286158183465
 11
175.6236567560984
 21
88.5503457706954
 31
-58.24345087626824
 12
184.1782450739695
 22
90.05875336346884
 32
-58.24345087626824
 13
184.1782450739695
 23
90.05875336346884
 33
-58.24345087626824
  0
3DFACE
  8
0
1001
WEBCAD
1000
S3D1
 10
183.8385996882273
 20
66.97302567181845
 30
-46.16286158183465
 11
167.4087138239695
 21
66.97302567181845
 31
-46.16286158183465
 12
175.6236567560984
 22
88.5503457706954
 32
-58.24345087626824
 13
175.6236567560984
 23
88.5503457706954
 33
-58.24345087626824
  0
3DFACE
  8
0
1001
WEBCAD
1000
S3D1
 10
175.6236567560984
 20
170.0571550053146
 30
66.78795934101692
 11
187.8504176203562
 21
182.9037126225021
 31
45.58910870930305
 12
163.3968958918406
 22
182.9037126225021
 32
45.58910870930305
 13
163.3968958918406
 23
182.9037126225021
 33
45.58910870930305
  0
3DFACE
  8
0
1001
WEBCAD
1000
S3D1
 10
175.6236567560984
 20
170.0571550053146
 30
66.78795934101692
 11
170.93498945873512
 21
156.14012467084189
 31
78.46590733906379
 12
180.92698622387184
 22
156.65347611127157
 32
78.07271886250129
 13
180.92698622387184
 23
156.65347611127157
 33
78.07271886250129
  0
3DFACE
  8
0
1001
WEBCAD
1000
S3D1
 10
175.6236567560984
 20
170.0571550053146
 30
66.78795934101692
 11
194.9460444514109
 21
166.6500962894943
 31
66.78795934101692
 12
187.8504176203562
 22
182.9037126225021
 32
45.58910870930305
 13
187.8504176203562
 23
182.9037126225021
 33
45.58910870930305
  0
3DFACE
  8
0
1001
WEBCAD
1000
S3D1
 10
175.6236567560984
 20
170.0571550053146
 30
66.78795934101692
 11
180.92698622387184
 21
156.65347611127157
 31
78.07271886250129
 12
194.9460444514109
 22
166.6500962894943
 32
66.78795934101692
 13
194.9460444514109
 23
166.6500962894943
 33
66.78795934101692
  0
3DFACE
  8
0
1001
WEBCAD
1000
S3D1
 10
100.10678435009254
 20
126.87795578656454
 30
21.018150094953683
 11
105.49806929271949
 21
139.08591782269735
 31
-4.256891962083671
 12
100.99756575268043
 22
113.56228958783407
 32
-4.256891962083671
 13
100.99756575268043
 23
113.56228958783407
 33
-4.256891962083671
  0
3DFACE
  8
0
1001
WEBCAD
1000
S3D1
 10
100.10678435009254
 20
126.87795578656454
 30
21.018150094953683
 11
109.21523619335426
 21
151.9032167118575
 31
21.018150094953683
 12
105.49806929271949
 22
139.08591782269735
 32
-4.256891962083671
 13
105.49806929271949
 23
139.08591782269735
 33
-4.256891962083671
  0
3DFACE
  8
0
1001
WEBCAD
1000
S3D1
 10
153.574607378657
 20
52.98303543744345
 30
-27.491535898240897
 11
151.96966505687965
 21
72.59237991986532
 31
-46.16286158183465
 12
167.4087138239695
 22
66.97302567181845
 32
-46.16286158183465
 13
167.4087138239695
 23
66.97302567181845
 33
-46.16286158183465
  0
3DFACE
  8
0
1001
WEBCAD
1000
S3D1
 10
153.574607378657
 20
52.98303543744345
 30
-27.491535898240897
 11
134.18500471752418
 21
64.17762886700888
 31
-27.491535898240897
 12
151.96966505687965
 22
72.59237991986532
 32
-46.16286158183465
 13
151.96966505687965
 23
72.59237991986532
 33
-46.16286158183465
  0
3DFACE
  8
0
1001
WEBCAD
1000
S3D1
 10
197.28463698070777
 20
101.05632340131064
 30
-58.24345087626824
 11
175.6236567560984
 21
113.56228958783407
 31
-62.42154383281121
 12
193.3509974543406
 22
113.56228958783407
 32
-60.35189509013543
 13
193.3509974543406
 23
113.56228958783407
 33
-60.35189509013543
  0
3DFACE
  8
0
1001
WEBCAD
1000
S3D1
 10
197.28463698070777
 20
101.05632340131064
 30
-58.24345087626824
 11
191.7010264460398
 21
94.4020303410079
 31
-58.24345087626824
 12
175.6236567560984
 22
113.56228958783407
 32
-62.42154383281121
 13
175.6236567560984
 23
113.56228958783407
 33
-62.42154383281121
  0
3DFACE
  8
0
1001
WEBCAD
1000
S3D1
 10
121.68560362499488
 20
158.8216966312911
 30
45.58910870930305
 11
126.33351851146949
 21
172.30399643597866
 31
21.018150094953683
 12
109.21523619335426
 22
151.9032167118575
 32
21.018150094953683
 13
109.21523619335426
 23
151.9032167118575
 33
21.018150094953683
  0
3DFACE
  8
0
1001
WEBCAD
1000
S3D1
 10
121.68560362499488
 20
158.8216966312911
 30
45.58910870930305
 11
140.4180903498484
 21
174.54012619672085
 31
45.58910870930305
 12
126.33351851146949
 22
172.30399643597866
 32
21.018150094953683
 13
126.33351851146949
 23
172.30399643597866
 33
21.018150094953683
  0
3DFACE
  8
0
1001
WEBCAD
1000
S3D1
 10
118.45675612133277
 20
65.59356629071493
 30
-4.256891962083671
 11
119.79350996654762
 21
81.32874237714071
 31
-27.491535898240897
 12
134.18500471752418
 22
64.17762886700888
 32
-27.491535898240897
 13
134.18500471752418
 23
64.17762886700888
 33
-27.491535898240897
  0
3DFACE
  8
0
1001
WEBCAD
1000
S3D1
 10
118.45675612133277
 20
65.59356629071493
 30
-4.256891962083671
 11
105.49806929271949
 21
88.03866516766806
 31
-4.256891962083671
 12
119.79350996654762
 22
81.32874237714071
 32
-27.491535898240897
 13
119.79350996654762
 23
81.32874237714071
 33
-27.491535898240897
  0
3DFACE
  8
0
1001
WEBCAD
1000
S3D1
 10
199.27764845531715
 20
72.59237991986532
 30
-46.16286158183465
 11
183.8385996882273
 21
66.97302567181845
 31
-46.16286158183465
 12
184.1782450739695
 22
90.05875336346884
 32
-58.24345087626824
 13
184.1782450739695
 23
90.05875336346884
 33
-58.24345087626824
  0
3DFACE
  8
0
1001
WEBCAD
1000
S3D1
 10
199.27764845531715
 20
72.59237991986532
 30
-46.16286158183465
 11
184.1782450739695
 21
90.05875336346884
 31
-58.24345087626824
 12
191.7010264460398
 22
94.4020303410079
 32
-58.24345087626824
 13
191.7010264460398
 23
94.4020303410079
 33
-58.24345087626824
  0
3DFACE
  8
0
1001
WEBCAD
1000
S3D1
 10
156.30127669018043
 20
166.6500962894943
 30
66.78795934101692
 11
170.93498945873512
 21
156.14012467084189
 31
78.46590733906379
 12
175.6236567560984
 22
170.0571550053146
 32
66.78795934101692
 13
175.6236567560984
 23
170.0571550053146
 33
66.78795934101692
  0
3DFACE
  8
0
1001
WEBCAD
1000
S3D1
 10
156.30127669018043
 20
166.6500962894943
 30
66.78795934101692
 11
161.3862757746531
 21
153.1803163212325
 31
78.95335698505988
 12
170.93498945873512
 22
156.14012467084189
 32
78.46590733906379
 13
170.93498945873512
 23
156.14012467084189
 33
78.46590733906379
  0
3DFACE
  8
0
1001
WEBCAD
1000
S3D1
 10
156.30127669018043
 20
166.6500962894943
 30
66.78795934101692
 11
152.86729384105934
 21
147.96150528607626
 31
79.5031158961927
 12
161.3862757746531
 22
153.1803163212325
 32
78.95335698505988
 13
161.3862757746531
 23
153.1803163212325
 33
78.95335698505988
  0
3DFACE
  8
0
1001
WEBCAD
1000
S3D1
 10
156.30127669018043
 20
166.6500962894943
 30
66.78795934101692
 11
175.6236567560984
 21
170.0571550053146
 31
66.78795934101692
 12
163.3968958918406
 22
182.9037126225021
 32
45.58910870930305
 13
163.3968958918406
 23
182.9037126225021
 33
45.58910870930305
  0
3DFACE
  8
0
1001
WEBCAD
1000
S3D1
 10
156.30127669018043
 20
166.6500962894943
 30
66.78795934101692
 11
163.3968958918406
 21
182.9037126225021
 31
45.58910870930305
 12
140.4180903498484
 22
174.54012619672085
 32
45.58910870930305
 13
140.4180903498484
 23
174.54012619672085
 33
45.58910870930305
  0
3DFACE
  8
0
1001
WEBCAD
1000
S3D1
 10
100.10678435009254
 20
100.24663101849814
 30
21.018150094953683
 11
100.10678435009254
 21
126.87795578656454
 31
21.018150094953683
 12
100.99756575268043
 22
113.56228958783407
 32
-4.256891962083671
 13
100.99756575268043
 23
113.56228958783407
 33
-4.256891962083671
  0
3DFACE
  8
0
1001
WEBCAD
1000
S3D1
 10
100.10678435009254
 20
100.24663101849814
 30
21.018150094953683
 11
100.99756575268043
 21
113.56228958783407
 31
-4.256891962083671
 12
105.49806929271949
 22
88.03866516766806
 32
-4.256891962083671
 13
105.49806929271949
 23
88.03866516766806
 33
-4.256891962083671
  0
3DFACE
  8
0
1001
WEBCAD
1000
S3D1
 10
175.6236567560984
 20
49.09519325909872
 30
-27.491535898240897
 11
167.4087138239695
 21
66.97302567181845
 31
-46.16286158183465
 12
183.8385996882273
 22
66.97302567181845
 32
-46.16286158183465
 13
183.8385996882273
 23
66.97302567181845
 33
-46.16286158183465
  0
3DFACE
  8
0
1001
WEBCAD
1000
S3D1
 10
175.6236567560984
 20
49.09519325909872
 30
-27.491535898240897
 11
153.574607378657
 21
52.98303543744345
 31
-27.491535898240897
 12
167.4087138239695
 22
66.97302567181845
 32
-46.16286158183465
 13
167.4087138239695
 23
66.97302567181845
 33
-46.16286158183465
  0
3DFACE
  8
0
1001
WEBCAD
1000
S3D1
 10
200.2556147639109
 20
109.21901261029501
 30
-58.24345087626824
 11
197.28463698070777
 21
101.05632340131064
 31
-58.24345087626824
 12
193.3509974543406
 22
113.56228958783407
 32
-60.35189509013543
 13
193.3509974543406
 23
113.56228958783407
 33
-60.35189509013543
  0
3DFACE
  8
0
1001
WEBCAD
1000
S3D1
 10
200.2556147639109
 20
109.21901261029501
 30
-58.24345087626824
 11
210.12481642406715
 21
113.56228958783407
 31
-54.25426172831902
 12
197.28463698070777
 22
101.05632340131064
 32
-58.24345087626824
 13
197.28463698070777
 23
101.05632340131064
 33
-58.24345087626824
  0
3DFACE
  8
0
1001
WEBCAD
1000
S3D1
 10
200.2556147639109
 20
109.21901261029501
 30
-58.24345087626824
 11
193.3509974543406
 21
113.56228958783407
 31
-60.35189509013543
 12
210.12481642406715
 22
113.56228958783407
 32
-54.25426172831902
 13
210.12481642406715
 23
113.56228958783407
 33
-54.25426172831902
  0
3DFACE
  8
0
1001
WEBCAD
1000
S3D1
 10
109.4588389460398
 20
137.64432083783407
 30
45.58910870930305
 11
121.68560362499488
 21
158.8216966312911
 31
45.58910870930305
 12
109.21523619335426
 22
151.9032167118575
 32
21.018150094953683
 13
109.21523619335426
 23
151.9032167118575
 33
21.018150094953683
  0
3DFACE
  8
0
1001
WEBCAD
1000
S3D1
 10
109.4588389460398
 20
137.64432083783407
 30
45.58910870930305
 11
109.21523619335426
 21
151.9032167118575
 31
21.018150094953683
 12
100.10678435009254
 22
126.87795578656454
 32
21.018150094953683
 13
100.10678435009254
 23
126.87795578656454
 33
21.018150094953683
  0
3DFACE
  8
0
1001
WEBCAD
1000
S3D1
 10
138.31061506908668
 20
48.934202544071866
 30
-4.256891962083671
 11
134.18500471752418
 21
64.17762886700888
 31
-27.491535898240897
 12
153.574607378657
 22
52.98303543744345
 32
-27.491535898240897
 13
153.574607378657
 23
52.98303543744345
 33
-27.491535898240897
  0
3DFACE
  8
0
1001
WEBCAD
1000
S3D1
 10
138.31061506908668
 20
48.934202544071866
 30
-4.256891962083671
 11
118.45675612133277
 21
65.59356629071493
 31
-4.256891962083671
 12
134.18500471752418
 22
64.17762886700888
 32
-27.491535898240897
 13
134.18500471752418
 23
64.17762886700888
 33
-27.491535898240897
  0
3DFACE
  8
0
1001
WEBCAD
1000
S3D1
 10
211.86367750805152
 20
83.15330826459189
 30
-46.16286158183465
 11
199.27764845531715
 21
72.59237991986532
 31
-46.16286158183465
 12
191.7010264460398
 22
94.4020303410079
 32
-58.24345087626824
 13
191.7010264460398
 23
94.4020303410079
 33
-58.24345087626824
  0
3DFACE
  8
0
1001
WEBCAD
1000
S3D1
 10
211.86367750805152
 20
83.15330826459189
 30
-46.16286158183465
 11
191.7010264460398
 21
94.4020303410079
 31
-58.24345087626824
 12
197.28463698070777
 22
101.05632340131064
 32
-58.24345087626824
 13
197.28463698070777
 23
101.05632340131064
 33
-58.24345087626824
  0
3DFACE
  8
0
1001
WEBCAD
1000
S3D1
 10
139.30946303051246
 20
156.83986984906454
 30
66.78795934101692
 11
140.4180903498484
 21
174.54012619672085
 31
45.58910870930305
 12
121.68560362499488
 22
158.8216966312911
 32
45.58910870930305
 13
121.68560362499488
 23
158.8216966312911
 33
45.58910870930305
  0
3DFACE
  8
0
1001
WEBCAD
1000
S3D1
 10
139.30946303051246
 20
156.83986984906454
 30
66.78795934101692
 11
152.86729384105934
 21
147.96150528607626
 31
79.5031158961927
 12
156.30127669018043
 22
166.6500962894943
 32
66.78795934101692
 13
156.30127669018043
 23
166.6500962894943
 33
66.78795934101692
  0
3DFACE
  8
0
1001
WEBCAD
1000
S3D1
 10
139.30946303051246
 20
156.83986984906454
 30
66.78795934101692
 11
145.8989024226023
 21
140.80691849408407
 31
80.08027196308723
 12
152.86729384105934
 22
147.96150528607626
 32
79.5031158961927
 13
152.86729384105934
 23
147.96150528607626
 33
79.5031158961927
  0
3DFACE
  8
0
1001
WEBCAD
1000
S3D1
 10
139.30946303051246
 20
156.83986984906454
 30
66.78795934101692
 11
156.30127669018043
 21
166.6500962894943
 31
66.78795934101692
 12
140.4180903498484
 22
174.54012619672085
 32
45.58910870930305
 13
140.4180903498484
 23
174.54012619672085
 33
45.58910870930305
  0
3DFACE
  8
0
1001
WEBCAD
1000
S3D1
 10
109.21523619335426
 20
75.22137390790243
 30
21.018150094953683
 11
105.49806929271949
 21
88.03866516766806
 31
-4.256891962083671
 12
118.45675612133277
 22
65.59356629071493
 32
-4.256891962083671
 13
118.45675612133277
 23
65.59356629071493
 33
-4.256891962083671
  0
3DFACE
  8
0
1001
WEBCAD
1000
S3D1
 10
109.21523619335426
 20
75.22137390790243
 30
21.018150094953683
 11
100.10678435009254
 21
100.24663101849814
 31
21.018150094953683
 12
105.49806929271949
 22
88.03866516766806
 32
-4.256891962083671
 13
105.49806929271949
 23
88.03866516766806
 33
-4.256891962083671
  0
3DFACE
  8
0
1001
WEBCAD
1000
S3D1
 10
197.67269850414527
 20
52.98303543744345
 30
-27.491535898240897
 11
175.6236567560984
 21
49.09519325909872
 31
-27.491535898240897
 12
183.8385996882273
 22
66.97302567181845
 32
-46.16286158183465
 13
183.8385996882273
 23
66.97302567181845
 33
-46.16286158183465
  0
3DFACE
  8
0
1001
WEBCAD
1000
S3D1
 10
197.67269850414527
 20
52.98303543744345
 30
-27.491535898240897
 11
183.8385996882273
 21
66.97302567181845
 31
-46.16286158183465
 12
199.27764845531715
 22
72.59237991986532
 32
-46.16286158183465
 13
199.27764845531715
 23
72.59237991986532
 33
-46.16286158183465
  0
3DFACE
  8
0
1001
WEBCAD
1000
S3D1
 10
105.21252775829566
 20
113.56228958783407
 30
45.58910870930305
 11
109.4588389460398
 21
137.64432083783407
 31
45.58910870930305
 12
100.10678435009254
 22
126.87795578656454
 32
21.018150094953683
 13
100.10678435009254
 23
126.87795578656454
 33
21.018150094953683
  0
3DFACE
  8
0
1001
WEBCAD
1000
S3D1
 10
105.21252775829566
 20
113.56228958783407
 30
45.58910870930305
 11
100.10678435009254
 21
126.87795578656454
 31
21.018150094953683
 12
100.10678435009254
 22
100.24663101849814
 32
21.018150094953683
 13
100.10678435009254
 23
100.24663101849814
 33
21.018150094953683
  0
3DFACE
  8
0
1001
WEBCAD
1000
S3D1
 10
162.66496992748512
 20
40.0699409168746
 30
-4.256891962083671
 11
138.31061506908668
 21
48.934202544071866
 31
-4.256891962083671
 12
153.574607378657
 22
52.98303543744345
 32
-27.491535898240897
 13
153.574607378657
 23
52.98303543744345
 33
-27.491535898240897
  0
3DFACE
  8
0
1001
WEBCAD
1000
S3D1
 10
162.66496992748512
 20
40.0699409168746
 30
-4.256891962083671
 11
153.574607378657
 21
52.98303543744345
 31
-27.491535898240897
 12
175.6236567560984
 22
49.09519325909872
 32
-27.491535898240897
 13
175.6236567560984
 23
49.09519325909872
 33
-27.491535898240897
  0
3DFACE
  8
0
1001
WEBCAD
1000
S3D1
 10
220.0786128107859
 20
97.3820108097579
 30
-46.16286158183465
 11
197.28463698070777
 21
101.05632340131064
 31
-58.24345087626824
 12
210.12481642406715
 22
113.56228958783407
 32
-54.25426172831902
 13
210.12481642406715
 23
113.56228958783407
 33
-54.25426172831902
  0
3DFACE
  8
0
1001
WEBCAD
1000
S3D1
 10
220.0786128107859
 20
97.3820108097579
 30
-46.16286158183465
 11
210.12481642406715
 21
113.56228958783407
 31
-54.25426172831902
 12
225.04286146801246
 22
113.56228958783407
 32
-44.45663904765496
 13
225.04286146801246
 23
113.56228958783407
 33
-44.45663904765496
  0
3DFACE
  8
0
1001
WEBCAD
1000
S3D1
 10
220.0786128107859
 20
97.3820108097579
 30
-46.16286158183465
 11
225.04286146801246
 21
113.56228958783407
 31
-44.45663904765496
 12
237.30274916332496
 22
113.56228958783407
 32
-31.486016031297538
 13
237.30274916332496
 23
113.56228958783407
 33
-31.486016031297538
  0
3DFACE
  8
0
1001
WEBCAD
1000
S3D1
 10
220.0786128107859
 20
97.3820108097579
 30
-46.16286158183465
 11
211.86367750805152
 21
83.15330826459189
 31
-46.16286158183465
 12
197.28463698070777
 22
101.05632340131064
 32
-58.24345087626824
 13
197.28463698070777
 23
101.05632340131064
 33
-58.24345087626824
  0
3DFACE
  8
0
1001
WEBCAD
1000
S3D1
 10
126.69767332714332
 20
141.80972611127157
 30
66.78795934101692
 11
139.30946303051246
 21
156.83986984906454
 31
66.78795934101692
 12
121.68560362499488
 22
158.8216966312911
 32
45.58910870930305
 13
121.68560362499488
 23
158.8216966312911
 33
45.58910870930305
  0
3DFACE
  8
0
1001
WEBCAD
1000
S3D1
 10
126.69767332714332
 20
141.80972611127157
 30
66.78795934101692
 11
140.90738630932105
 21
132.1554139774825
 31
80.6492111720716
 12
145.8989024226023
 22
140.80691849408407
 32
80.08027196308723
 13
145.8989024226023
 23
140.80691849408407
 33
80.08027196308723
  0
3DFACE
  8
0
1001
WEBCAD
1000
S3D1
 10
126.69767332714332
 20
141.80972611127157
 30
66.78795934101692
 11
145.8989024226023
 21
140.80691849408407
 31
80.08027196308723
 12
139.30946303051246
 22
156.83986984906454
 32
66.78795934101692
 13
139.30946303051246
 23
156.83986984906454
 33
66.78795934101692
  0
3DFACE
  8
0
1001
WEBCAD
1000
S3D1
 10
126.69767332714332
 20
141.80972611127157
 30
66.78795934101692
 11
121.68560362499488
 21
158.8216966312911
 31
45.58910870930305
 12
109.4588389460398
 22
137.64432083783407
 32
45.58910870930305
 13
109.4588389460398
 23
137.64432083783407
 33
45.58910870930305
  0
3DFACE
  8
0
1001
WEBCAD
1000
S3D1
 10
126.33351851146949
 20
54.82059418378134
 30
21.018150094953683
 11
109.21523619335426
 21
75.22137390790243
 31
21.018150094953683
 12
118.45675612133277
 22
65.59356629071493
 32
-4.256891962083671
 13
118.45675612133277
 23
65.59356629071493
 33
-4.256891962083671
  0
3DFACE
  8
0
1001
WEBCAD
1000
S3D1
 10
126.33351851146949
 20
54.82059418378134
 30
21.018150094953683
 11
118.45675612133277
 21
65.59356629071493
 31
-4.256891962083671
 12
138.31061506908668
 22
48.934202544071866
 32
-4.256891962083671
 13
138.31061506908668
 23
48.934202544071866
 33
-4.256891962083671
  0
3DFACE
  8
0
1001
WEBCAD
1000
S3D1
 10
217.06231642406715
 20
64.17762886700888
 30
-27.491535898240897
 11
199.27764845531715
 21
72.59237991986532
 31
-46.16286158183465
 12
211.86367750805152
 22
83.15330826459189
 32
-46.16286158183465
 13
211.86367750805152
 23
83.15330826459189
 33
-46.16286158183465
  0
3DFACE
  8
0
1001
WEBCAD
1000
S3D1
 10
217.06231642406715
 20
64.17762886700888
 30
-27.491535898240897
 11
197.67269850414527
 21
52.98303543744345
 31
-27.491535898240897
 12
199.27764845531715
 22
72.59237991986532
 32
-46.16286158183465
 13
199.27764845531715
 23
72.59237991986532
 33
-46.16286158183465
  0
3DFACE
  8
0
1001
WEBCAD
1000
S3D1
 10
109.4588389460398
 20
89.4802659672286
 30
45.58910870930305
 11
100.10678435009254
 21
100.24663101849814
 31
21.018150094953683
 12
109.21523619335426
 22
75.22137390790243
 32
21.018150094953683
 13
109.21523619335426
 23
75.22137390790243
 33
21.018150094953683
  0
3DFACE
  8
0
1001
WEBCAD
1000
S3D1
 10
109.4588389460398
 20
89.4802659672286
 30
45.58910870930305
 11
105.21252775829566
 21
113.56228958783407
 31
45.58910870930305
 12
100.10678435009254
 22
100.24663101849814
 32
21.018150094953683
 13
100.10678435009254
 23
100.24663101849814
 33
21.018150094953683
  0
3DFACE
  8
0
1001
WEBCAD
1000
S3D1
 10
188.58234358471168
 20
40.0699409168746
 30
-4.256891962083671
 11
175.6236567560984
 21
49.09519325909872
 31
-27.491535898240897
 12
197.67269850414527
 22
52.98303543744345
 32
-27.491535898240897
 13
197.67269850414527
 23
52.98303543744345
 33
-27.491535898240897
  0
3DFACE
  8
0
1001
WEBCAD
1000
S3D1
 10
188.58234358471168
 20
40.0699409168746
 30
-4.256891962083671
 11
162.66496992748512
 21
40.0699409168746
 31
-4.256891962083671
 12
175.6236567560984
 22
49.09519325909872
 32
-27.491535898240897
 13
175.6236567560984
 23
49.09519325909872
 33
-27.491535898240897
  0
3DFACE
  8
0
1001
WEBCAD
1000
S3D1
 10
119.98707914989723
 20
123.37252365765829
 30
66.78795934101692
 11
109.4588389460398
 21
137.64432083783407
 31
45.58910870930305
 12
105.21252775829566
 22
113.56228958783407
 32
45.58910870930305
 13
105.21252775829566
 23
113.56228958783407
 33
45.58910870930305
  0
3DFACE
  8
0
1001
WEBCAD
1000
S3D1
 10
119.98707914989723
 20
123.37252365765829
 30
66.78795934101692
 11
138.2004618708445
 21
122.53652512250204
 31
81.17566991230598
 12
140.90738630932105
 22
132.1554139774825
 32
80.6492111720716
 13
140.90738630932105
 23
132.1554139774825
 33
80.6492111720716
  0
3DFACE
  8
0
1001
WEBCAD
1000
S3D1
 10
119.98707914989723
 20
123.37252365765829
 30
66.78795934101692
 11
137.94847822826637
 21
112.5402253788497
 31
81.62856603047004
 12
138.2004618708445
 22
122.53652512250204
 32
81.17566991230598
 13
138.2004618708445
 23
122.53652512250204
 33
81.17566991230598
  0
3DFACE
  8
0
1001
WEBCAD
1000
S3D1
 10
119.98707914989723
 20
123.37252365765829
 30
66.78795934101692
 11
126.69767332714332
 21
141.80972611127157
 31
66.78795934101692
 12
109.4588389460398
 22
137.64432083783407
 32
45.58910870930305
 13
109.4588389460398
 23
137.64432083783407
 33
45.58910870930305
  0
3DFACE
  8
0
1001
WEBCAD
1000
S3D1
 10
119.98707914989723
 20
123.37252365765829
 30
66.78795934101692
 11
140.90738630932105
 21
132.1554139774825
 31
80.6492111720716
 12
126.69767332714332
 22
141.80972611127157
 32
66.78795934101692
 13
126.69767332714332
 23
141.80972611127157
 33
66.78795934101692
  0
3DFACE
  8
0
1001
WEBCAD
1000
S3D1
 10
149.3969264094187
 20
41.50493227658529
 30
21.018150094953683
 11
138.31061506908668
 21
48.934202544071866
 31
-4.256891962083671
 12
162.66496992748512
 22
40.0699409168746
 32
-4.256891962083671
 13
162.66496992748512
 23
40.0699409168746
 33
-4.256891962083671
  0
3DFACE
  8
0
1001
WEBCAD
1000
S3D1
 10
149.3969264094187
 20
41.50493227658529
 30
21.018150094953683
 11
126.33351851146949
 21
54.82059418378134
 31
21.018150094953683
 12
138.31061506908668
 22
48.934202544071866
 32
-4.256891962083671
 13
138.31061506908668
 23
48.934202544071866
 33
-4.256891962083671
  0
3DFACE
  8
0
1001
WEBCAD
1000
S3D1
 10
231.45379591625465
 20
81.32874237714071
 30
-27.491535898240897
 11
211.86367750805152
 21
83.15330826459189
 31
-46.16286158183465
 12
220.0786128107859
 22
97.3820108097579
 32
-46.16286158183465
 13
220.0786128107859
 23
97.3820108097579
 33
-46.16286158183465
  0
3DFACE
  8
0
1001
WEBCAD
1000
S3D1
 10
231.45379591625465
 20
81.32874237714071
 30
-27.491535898240897
 11
217.06231642406715
 21
64.17762886700888
 31
-27.491535898240897
 12
211.86367750805152
 22
83.15330826459189
 32
-46.16286158183465
 13
211.86367750805152
 23
83.15330826459189
 33
-46.16286158183465
  0
3DFACE
  8
0
1001
WEBCAD
1000
S3D1
 10
121.68560362499488
 20
68.30289017377157
 30
45.58910870930305
 11
109.21523619335426
 21
75.22137390790243
 31
21.018150094953683
 12
126.33351851146949
 22
54.82059418378134
 32
21.018150094953683
 13
126.33351851146949
 23
54.82059418378134
 33
21.018150094953683
  0
3DFACE
  8
0
1001
WEBCAD
1000
S3D1
 10
121.68560362499488
 20
68.30289017377157
 30
45.58910870930305
 11
109.4588389460398
 21
89.4802659672286
 31
45.58910870930305
 12
109.21523619335426
 22
75.22137390790243
 32
21.018150094953683
 13
109.21523619335426
 23
75.22137390790243
 33
21.018150094953683
  0
3DFACE
  8
0
1001
WEBCAD
1000
S3D1
 10
212.93670607250465
 20
48.934202544071866
 30
-4.256891962083671
 11
197.67269850414527
 21
52.98303543744345
 31
-27.491535898240897
 12
217.06231642406715
 22
64.17762886700888
 32
-27.491535898240897
 13
217.06231642406715
 23
64.17762886700888
 33
-27.491535898240897
  0
3DFACE
  8
0
1001
WEBCAD
1000
S3D1
 10
212.93670607250465
 20
48.934202544071866
 30
-4.256891962083671
 11
188.58234358471168
 21
40.0699409168746
 31
-4.256891962083671
 12
197.67269850414527
 22
52.98303543744345
 32
-27.491535898240897
 13
197.67269850414527
 23
52.98303543744345
 33
-27.491535898240897
  0
3DFACE
  8
0
1001
WEBCAD
1000
S3D1
 10
119.98707914989723
 20
103.75206314740439
 30
66.78795934101692
 11
140.1724085871531
 21
102.78319870648642
 31
81.98149419209113
 12
137.94847822826637
 22
112.5402253788497
 32
81.62856603047004
 13
137.94847822826637
 23
112.5402253788497
 33
81.62856603047004
  0
3DFACE
  8
0
1001
WEBCAD
1000
S3D1
 10
119.98707914989723
 20
103.75206314740439
 30
66.78795934101692
 11
119.98707914989723
 21
123.37252365765829
 31
66.78795934101692
 12
105.21252775829566
 22
113.56228958783407
 32
45.58910870930305
 13
105.21252775829566
 23
113.56228958783407
 33
45.58910870930305
  0
3DFACE
  8
0
1001
WEBCAD
1000
S3D1
 10
119.98707914989723
 20
103.75206314740439
 30
66.78795934101692
 11
105.21252775829566
 21
113.56228958783407
 31
45.58910870930305
 12
109.4588389460398
 22
89.4802659672286
 32
45.58910870930305
 13
109.4588389460398
 23
89.4802659672286
 33
45.58910870930305
  0
3DFACE
  8
0
1001
WEBCAD
1000
S3D1
 10
119.98707914989723
 20
103.75206314740439
 30
66.78795934101692
 11
137.94847822826637
 21
112.5402253788497
 31
81.62856603047004
 12
119.98707914989723
 22
123.37252365765829
 32
66.78795934101692
 13
119.98707914989723
 23
123.37252365765829
 33
66.78795934101692
  0
3DFACE
  8
0
1001
WEBCAD
1000
S3D1
 10
175.6236567560984
 20
36.88045155225058
 30
21.018150094953683
 11
162.66496992748512
 21
40.0699409168746
 31
-4.256891962083671
 12
188.58234358471168
 22
40.0699409168746
 32
-4.256891962083671
 13
188.58234358471168
 23
40.0699409168746
 33
-4.256891962083671
  0
3DFACE
  8
0
1001
WEBCAD
1000
S3D1
 10
175.6236567560984
 20
36.88045155225058
 30
21.018150094953683
 11
149.3969264094187
 21
41.50493227658529
 31
21.018150094953683
 12
162.66496992748512
 22
40.0699409168746
 32
-4.256891962083671
 13
162.66496992748512
 23
40.0699409168746
 33
-4.256891962083671
  0
3DFACE
  8
0
1001
WEBCAD
1000
S3D1
 10
239.11135817211402
 20
102.36770188031454
 30
-27.491535898240897
 11
237.30274916332496
 21
113.56228958783407
 31
-31.486016031297538
 12
246.2450404230906
 22
113.56228958783407
 32
-16.040056940111015
 13
246.2450404230906
 23
113.56228958783407
 33
-16.040056940111015
  0
3DFACE
  8
0
1001
WEBCAD
1000
S3D1
 10
239.11135817211402
 20
102.36770188031454
 30
-27.491535898240897
 11
246.2450404230906
 21
113.56228958783407
 31
-16.040056940111015
 12
231.45379591625465
 22
81.32874237714071
 32
-27.491535898240897
 13
231.45379591625465
 23
81.32874237714071
 33
-27.491535898240897
  0
3DFACE
  8
0
1001
WEBCAD
1000
S3D1
 10
239.11135817211402
 20
102.36770188031454
 30
-27.491535898240897
 11
220.0786128107859
 21
97.3820108097579
 31
-46.16286158183465
 12
237.30274916332496
 22
113.56228958783407
 32
-31.486016031297538
 13
237.30274916332496
 23
113.56228958783407
 33
-31.486016031297538
  0
3DFACE
  8
0
1001
WEBCAD
1000
S3D1
 10
239.11135817211402
 20
102.36770188031454
 30
-27.491535898240897
 11
231.45379591625465
 21
81.32874237714071
 31
-27.491535898240897
 12
220.0786128107859
 22
97.3820108097579
 32
-46.16286158183465
 13
220.0786128107859
 23
97.3820108097579
 33
-46.16286158183465
  0
3DFACE
  8
0
1001
WEBCAD
1000
S3D1
 10
140.4180903498484
 20
52.58446442303915
 30
45.58910870930305
 11
126.33351851146949
 21
54.82059418378134
 31
21.018150094953683
 12
149.3969264094187
 22
41.50493227658529
 32
21.018150094953683
 13
149.3969264094187
 23
41.50493227658529
 33
21.018150094953683
  0
3DFACE
  8
0
1001
WEBCAD
1000
S3D1
 10
140.4180903498484
 20
52.58446442303915
 30
45.58910870930305
 11
121.68560362499488
 21
68.30289017377157
 31
45.58910870930305
 12
126.33351851146949
 22
54.82059418378134
 32
21.018150094953683
 13
126.33351851146949
 23
54.82059418378134
 33
21.018150094953683
  0
3DFACE
  8
0
1001
WEBCAD
1000
S3D1
 10
232.79055739086402
 20
65.59356629071493
 30
-4.256891962083671
 11
217.06231642406715
 21
64.17762886700888
 31
-27.491535898240897
 12
231.45379591625465
 22
81.32874237714071
 32
-27.491535898240897
 13
231.45379591625465
 23
81.32874237714071
 33
-27.491535898240897
  0
3DFACE
  8
0
1001
WEBCAD
1000
S3D1
 10
232.79055739086402
 20
65.59356629071493
 30
-4.256891962083671
 11
212.93670607250465
 21
48.934202544071866
 31
-4.256891962083671
 12
217.06231642406715
 22
64.17762886700888
 32
-27.491535898240897
 13
217.06231642406715
 23
64.17762886700888
 33
-27.491535898240897
  0
3DFACE
  8
0
1001
WEBCAD
1000
S3D1
 10
126.69767332714332
 20
85.31486450848837
 30
66.78795934101692
 11
144.739646441157
 21
93.87132965741415
 31
82.21404576679817
 12
140.1724085871531
 22
102.78319870648642
 32
81.98149419209113
 13
140.1724085871531
 23
102.78319870648642
 33
81.98149419209113
  0
3DFACE
  8
0
1001
WEBCAD
1000
S3D1
 10
126.69767332714332
 20
85.31486450848837
 30
66.78795934101692
 11
109.4588389460398
 21
89.4802659672286
 31
45.58910870930305
 12
121.68560362499488
 22
68.30289017377157
 32
45.58910870930305
 13
121.68560362499488
 23
68.30289017377157
 33
45.58910870930305
  0
3DFACE
  8
0
1001
WEBCAD
1000
S3D1
 10
126.69767332714332
 20
85.31486450848837
 30
66.78795934101692
 11
140.1724085871531
 21
102.78319870648642
 31
81.98149419209113
 12
119.98707914989723
 22
103.75206314740439
 32
66.78795934101692
 13
119.98707914989723
 23
103.75206314740439
 33
66.78795934101692
  0
3DFACE
  8
0
1001
WEBCAD
1000
S3D1
 10
126.69767332714332
 20
85.31486450848837
 30
66.78795934101692
 11
119.98707914989723
 21
103.75206314740439
 31
66.78795934101692
 12
109.4588389460398
 22
89.4802659672286
 32
45.58910870930305
 13
109.4588389460398
 23
89.4802659672286
 33
45.58910870930305
  0
3DFACE
  8
0
1001
WEBCAD
1000
S3D1
 10
201.8503871027781
 20
41.50493227658529
 30
21.018150094953683
 11
188.58234358471168
 21
40.0699409168746
 31
-4.256891962083671
 12
212.93670607250465
 22
48.934202544071866
 32
-4.256891962083671
 13
212.93670607250465
 23
48.934202544071866
 33
-4.256891962083671
  0
3DFACE
  8
0
1001
WEBCAD
1000
S3D1
 10
201.8503871027781
 20
41.50493227658529
 30
21.018150094953683
 11
175.6236567560984
 21
36.88045155225058
 31
21.018150094953683
 12
188.58234358471168
 22
40.0699409168746
 32
-4.256891962083671
 13
188.58234358471168
 23
40.0699409168746
 33
-4.256891962083671
  0
3DFACE
  8
0
1001
WEBCAD
1000
S3D1
 10
163.3968958918406
 20
44.22086559949179
 30
45.58910870930305
 11
140.4180903498484
 21
52.58446442303915
 31
45.58910870930305
 12
149.3969264094187
 22
41.50493227658529
 32
21.018150094953683
 13
149.3969264094187
 23
41.50493227658529
 33
21.018150094953683
  0
3DFACE
  8
0
1001
WEBCAD
1000
S3D1
 10
163.3968958918406
 20
44.22086559949179
 30
45.58910870930305
 11
149.3969264094187
 21
41.50493227658529
 31
21.018150094953683
 12
175.6236567560984
 22
36.88045155225058
 32
21.018150094953683
 13
175.6236567560984
 23
36.88045155225058
 33
21.018150094953683
  0
3DFACE
  8
0
1001
WEBCAD
1000
S3D1
 10
245.74923659008277
 20
88.03866516766806
 30
-4.256891962083671
 11
232.79055739086402
 21
65.59356629071493
 31
-4.256891962083671
 12
231.45379591625465
 22
81.32874237714071
 32
-27.491535898240897
 13
231.45379591625465
 23
81.32874237714071
 33
-27.491535898240897
  0
3DFACE
  8
0
1001
WEBCAD
1000
S3D1
 10
245.74923659008277
 20
88.03866516766806
 30
-4.256891962083671
 11
246.2450404230906
 21
113.56228958783407
 31
-16.040056940111015
 12
251.3887171809031
 22
113.56228958783407
 32
1.0504219569837119
 13
251.3887171809031
 23
113.56228958783407
 33
1.0504219569837119
  0
3DFACE
  8
0
1001
WEBCAD
1000
S3D1
 10
245.74923659008277
 20
88.03866516766806
 30
-4.256891962083671
 11
231.45379591625465
 21
81.32874237714071
 31
-27.491535898240897
 12
246.2450404230906
 22
113.56228958783407
 32
-16.040056940111015
 13
246.2450404230906
 23
113.56228958783407
 33
-16.040056940111015
  0
3DFACE
  8
0
1001
WEBCAD
1000
S3D1
 10
139.30946303051246
 20
70.2847207706954
 30
66.78795934101692
 11
121.68560362499488
 21
68.30289017377157
 31
45.58910870930305
 12
140.4180903498484
 22
52.58446442303915
 32
45.58910870930305
 13
140.4180903498484
 23
52.58446442303915
 33
45.58910870930305
  0
3DFACE
  8
0
1001
WEBCAD
1000
S3D1
 10
139.30946303051246
 20
70.2847207706954
 30
66.78795934101692
 11
126.69767332714332
 21
85.31486450848837
 31
66.78795934101692
 12
121.68560362499488
 22
68.30289017377157
 32
45.58910870930305
 13
121.68560362499488
 23
68.30289017377157
 33
45.58910870930305
  0
3DFACE
  8
0
1001
WEBCAD
1000
S3D1
 10
139.30946303051246
 20
70.2847207706954
 30
66.78795934101692
 11
151.36978102367652
 21
86.36075531659384
 31
82.31283116718879
 12
144.739646441157
 22
93.87132965741415
 32
82.21404576679817
 13
144.739646441157
 23
93.87132965741415
 33
82.21404576679817
  0
3DFACE
  8
0
1001
WEBCAD
1000
S3D1
 10
139.30946303051246
 20
70.2847207706954
 30
66.78795934101692
 11
159.6508555476023
 21
80.72097336468954
 31
82.27218938252082
 12
151.36978102367652
 22
86.36075531659384
 32
82.31283116718879
 13
151.36978102367652
 23
86.36075531659384
 33
82.31283116718879
  0
3DFACE
  8
0
1001
WEBCAD
1000
S3D1
 10
139.30946303051246
 20
70.2847207706954
 30
66.78795934101692
 11
144.739646441157
 21
93.87132965741415
 31
82.21404576679817
 12
126.69767332714332
 22
85.31486450848837
 32
66.78795934101692
 13
126.69767332714332
 23
85.31486450848837
 33
66.78795934101692
  0
3DFACE
  8
0
1001
WEBCAD
1000
S3D1
 10
224.91378737133277
 20
54.82059418378134
 30
21.018150094953683
 11
212.93670607250465
 21
48.934202544071866
 31
-4.256891962083671
 12
232.79055739086402
 22
65.59356629071493
 32
-4.256891962083671
 13
232.79055739086402
 23
65.59356629071493
 33
-4.256891962083671
  0
3DFACE
  8
0
1001
WEBCAD
1000
S3D1
 10
224.91378737133277
 20
54.82059418378134
 30
21.018150094953683
 11
201.8503871027781
 21
41.50493227658529
 31
21.018150094953683
 12
212.93670607250465
 22
48.934202544071866
 32
-4.256891962083671
 13
212.93670607250465
 23
48.934202544071866
 33
-4.256891962083671
  0
3DFACE
  8
0
1001
WEBCAD
1000
S3D1
 10
187.8504176203562
 20
44.22086559949179
 30
45.58910870930305
 11
175.6236567560984
 21
36.88045155225058
 31
21.018150094953683
 12
201.8503871027781
 22
41.50493227658529
 32
21.018150094953683
 13
201.8503871027781
 23
41.50493227658529
 33
21.018150094953683
  0
3DFACE
  8
0
1001
WEBCAD
1000
S3D1
 10
187.8504176203562
 20
44.22086559949179
 30
45.58910870930305
 11
163.3968958918406
 21
44.22086559949179
 31
45.58910870930305
 12
175.6236567560984
 22
36.88045155225058
 32
21.018150094953683
 13
175.6236567560984
 23
36.88045155225058
 33
21.018150094953683
  0
3DFACE
  8
0
1001
WEBCAD
1000
S3D1
 10
156.30127669018043
 20
60.47449051556845
 30
66.78795934101692
 11
140.4180903498484
 21
52.58446442303915
 31
45.58910870930305
 12
163.3968958918406
 22
44.22086559949179
 32
45.58910870930305
 13
163.3968958918406
 23
44.22086559949179
 33
45.58910870930305
  0
3DFACE
  8
0
1001
WEBCAD
1000
S3D1
 10
156.30127669018043
 20
60.47449051556845
 30
66.78795934101692
 11
159.6508555476023
 21
80.72097336468954
 31
82.27218938252082
 12
139.30946303051246
 22
70.2847207706954
 32
66.78795934101692
 13
139.30946303051246
 23
70.2847207706954
 33
66.78795934101692
  0
3DFACE
  8
0
1001
WEBCAD
1000
S3D1
 10
156.30127669018043
 20
60.47449051556845
 30
66.78795934101692
 11
169.06590223949684
 21
77.30311905560751
 31
82.09443211933723
 12
159.6508555476023
 22
80.72097336468954
 32
82.27218938252082
 13
159.6508555476023
 23
80.72097336468954
 33
82.27218938252082
  0
3DFACE
  8
0
1001
WEBCAD
1000
S3D1
 10
156.30127669018043
 20
60.47449051556845
 30
66.78795934101692
 11
139.30946303051246
 21
70.2847207706954
 31
66.78795934101692
 12
140.4180903498484
 22
52.58446442303915
 32
45.58910870930305
 13
140.4180903498484
 23
52.58446442303915
 33
45.58910870930305
  0
3DFACE
  8
0
1001
WEBCAD
1000
S3D1
 10
242.03207350414527
 20
75.22137390790243
 30
21.018150094953683
 11
224.91378737133277
 21
54.82059418378134
 31
21.018150094953683
 12
232.79055739086402
 22
65.59356629071493
 32
-4.256891962083671
 13
232.79055739086402
 23
65.59356629071493
 33
-4.256891962083671
  0
3DFACE
  8
0
1001
WEBCAD
1000
S3D1
 10
242.03207350414527
 20
75.22137390790243
 30
21.018150094953683
 11
232.79055739086402
 21
65.59356629071493
 31
-4.256891962083671
 12
245.74923659008277
 22
88.03866516766806
 32
-4.256891962083671
 13
245.74923659008277
 23
88.03866516766806
 33
-4.256891962083671
  0
3DFACE
  8
0
1001
WEBCAD
1000
S3D1
 10
210.8292231623484
 20
52.58446442303915
 30
45.58910870930305
 11
201.8503871027781
 21
41.50493227658529
 31
21.018150094953683
 12
224.91378737133277
 22
54.82059418378134
 32
21.018150094953683
 13
224.91378737133277
 23
54.82059418378134
 33
21.018150094953683
  0
3DFACE
  8
0
1001
WEBCAD
1000
S3D1
 10
210.8292231623484
 20
52.58446442303915
 30
45.58910870930305
 11
187.8504176203562
 21
44.22086559949179
 31
45.58910870930305
 12
201.8503871027781
 22
41.50493227658529
 32
21.018150094953683
 13
201.8503871027781
 23
41.50493227658529
 33
21.018150094953683
  0
3DFACE
  8
0
1001
WEBCAD
1000
S3D1
 10
175.6236567560984
 20
57.067431799748135
 30
66.78795934101692
 11
163.3968958918406
 21
44.22086559949179
 31
45.58910870930305
 12
187.8504176203562
 22
44.22086559949179
 32
45.58910870930305
 13
187.8504176203562
 23
44.22086559949179
 33
45.58910870930305
  0
3DFACE
  8
0
1001
WEBCAD
1000
S3D1
 10
175.6236567560984
 20
57.067431799748135
 30
66.78795934101692
 11
169.06590223949684
 21
77.30311905560751
 31
82.09443211933723
 12
156.30127669018043
 22
60.47449051556845
 32
66.78795934101692
 13
156.30127669018043
 23
60.47449051556845
 33
66.78795934101692
  0
3DFACE
  8
0
1001
WEBCAD
1000
S3D1
 10
175.6236567560984
 20
57.067431799748135
 30
66.78795934101692
 11
179.02752638500465
 21
76.3169587772872
 31
81.78980565449348
 12
169.06590223949684
 22
77.30311905560751
 32
82.09443211933723
 13
169.06590223949684
 23
77.30311905560751
 33
82.09443211933723
  0
3DFACE
  8
0
1001
WEBCAD
1000
S3D1
 10
175.6236567560984
 20
57.067431799748135
 30
66.78795934101692
 11
156.30127669018043
 21
60.47449051556845
 31
66.78795934101692
 12
163.3968958918406
 22
44.22086559949179
 32
45.58910870930305
 13
163.3968958918406
 23
44.22086559949179
 33
45.58910870930305
  0
3DFACE
  8
0
1001
WEBCAD
1000
S3D1
 10
251.14053297680152
 20
100.24663101849814
 30
21.018150094953683
 11
245.74923659008277
 21
88.03866516766806
 31
-4.256891962083671
 12
251.3887171809031
 22
113.56228958783407
 32
1.0504219569837119
 13
251.3887171809031
 23
113.56228958783407
 33
1.0504219569837119
  0
3DFACE
  8
0
1001
WEBCAD
1000
S3D1
 10
251.14053297680152
 20
100.24663101849814
 30
21.018150094953683
 11
251.3887171809031
 21
113.56228958783407
 31
1.0504219569837119
 12
252.45712233227027
 22
113.56228958783407
 32
18.86615729710212
 13
252.45712233227027
 23
113.56228958783407
 33
18.86615729710212
  0
3DFACE
  8
0
1001
WEBCAD
1000
S3D1
 10
251.14053297680152
 20
100.24663101849814
 30
21.018150094953683
 11
252.45712233227027
 21
113.56228958783407
 31
18.86615729710212
 12
249.39279127758277
 22
113.56228958783407
 32
36.44887090107551
 13
249.39279127758277
 23
113.56228958783407
 33
36.44887090107551
  0
3DFACE
  8
0
1001
WEBCAD
1000
S3D1
 10
251.14053297680152
 20
100.24663101849814
 30
21.018150094953683
 11
249.39279127758277
 21
113.56228958783407
 31
36.44887090107551
 12
242.03207350414527
 22
75.22137390790243
 32
21.018150094953683
 13
242.03207350414527
 23
75.22137390790243
 33
21.018150094953683
  0
3DFACE
  8
0
1001
WEBCAD
1000
S3D1
 10
251.14053297680152
 20
100.24663101849814
 30
21.018150094953683
 11
242.03207350414527
 21
75.22137390790243
 31
21.018150094953683
 12
245.74923659008277
 22
88.03866516766806
 32
-4.256891962083671
 13
245.74923659008277
 23
88.03866516766806
 33
-4.256891962083671
  0
3DFACE
  8
0
1001
WEBCAD
1000
S3D1
 10
229.56170607250465
 20
68.30289017377157
 30
45.58910870930305
 11
224.91378737133277
 21
54.82059418378134
 31
21.018150094953683
 12
242.03207350414527
 22
75.22137390790243
 32
21.018150094953683
 13
242.03207350414527
 23
75.22137390790243
 33
21.018150094953683
  0
3DFACE
  8
0
1001
WEBCAD
1000
S3D1
 10
229.56170607250465
 20
68.30289017377157
 30
45.58910870930305
 11
210.8292231623484
 21
52.58446442303915
 31
45.58910870930305
 12
224.91378737133277
 22
54.82059418378134
 32
21.018150094953683
 13
224.91378737133277
 23
54.82059418378134
 33
21.018150094953683
  0
3DFACE
  8
0
1001
WEBCAD
1000
S3D1
 10
194.9460444514109
 20
60.47449051556845
 30
66.78795934101692
 11
175.6236567560984
 21
57.067431799748135
 31
66.78795934101692
 12
187.8504176203562
 22
44.22086559949179
 32
45.58910870930305
 13
187.8504176203562
 23
44.22086559949179
 33
45.58910870930305
  0
3DFACE
  8
0
1001
WEBCAD
1000
S3D1
 10
194.9460444514109
 20
60.47449051556845
 30
66.78795934101692
 11
187.8504176203562
 21
44.22086559949179
 31
45.58910870930305
 12
210.8292231623484
 22
52.58446442303915
 32
45.58910870930305
 13
210.8292231623484
 23
52.58446442303915
 33
45.58910870930305
  0
3DFACE
  8
0
1001
WEBCAD
1000
S3D1
 10
194.9460444514109
 20
60.47449051556845
 30
66.78795934101692
 11
179.02752638500465
 21
76.3169587772872
 31
81.78980565449348
 12
175.6236567560984
 22
57.067431799748135
 32
66.78795934101692
 13
175.6236567560984
 23
57.067431799748135
 33
66.78795934101692
  0
3DFACE
  8
0
1001
WEBCAD
1000
S3D1
 10
194.9460444514109
 20
60.47449051556845
 30
66.78795934101692
 11
188.91688490551246
 21
77.8187669437911
 31
81.37586522480598
 12
179.02752638500465
 22
76.3169587772872
 32
81.78980565449348
 13
179.02752638500465
 23
76.3169587772872
 33
81.78980565449348
  0
3DFACE
  8
0
1001
WEBCAD
1000
S3D1
 10
194.9460444514109
 20
60.47449051556845
 30
66.78795934101692
 11
198.1234583918406
 21
81.71020447430868
 31
80.87665868183723
 12
188.91688490551246
 22
77.8187669437911
 32
81.37586522480598
 13
188.91688490551246
 23
77.8187669437911
 33
81.37586522480598
  0
3DFACE
  8
0
1001
WEBCAD
1000
S3D1
 10
241.78848219555152
 20
89.4802659672286
 30
45.58910870930305
 11
249.39279127758277
 21
113.56228958783407
 31
36.44887090107551
 12
242.36056471508277
 22
113.56228958783407
 32
52.85282063862434
 13
242.36056471508277
 23
113.56228958783407
 33
52.85282063862434
  0
3DFACE
  8
0
1001
WEBCAD
1000
S3D1
 10
241.78848219555152
 20
89.4802659672286
 30
45.58910870930305
 11
242.03207350414527
 21
75.22137390790243
 31
21.018150094953683
 12
249.39279127758277
 22
113.56228958783407
 32
36.44887090107551
 13
249.39279127758277
 23
113.56228958783407
 33
36.44887090107551
  0
3DFACE
  8
0
1001
WEBCAD
1000
S3D1
 10
241.78848219555152
 20
89.4802659672286
 30
45.58910870930305
 11
229.56170607250465
 21
68.30289017377157
 31
45.58910870930305
 12
242.03207350414527
 22
75.22137390790243
 32
21.018150094953683
 13
242.03207350414527
 23
75.22137390790243
 33
21.018150094953683
  0
3DFACE
  8
0
1001
WEBCAD
1000
S3D1
 10
211.93785048168434
 20
70.2847207706954
 30
66.78795934101692
 11
210.8292231623484
 21
52.58446442303915
 31
45.58910870930305
 12
229.56170607250465
 22
68.30289017377157
 32
45.58910870930305
 13
229.56170607250465
 23
68.30289017377157
 33
45.58910870930305
  0
3DFACE
  8
0
1001
WEBCAD
1000
S3D1
 10
211.93785048168434
 20
70.2847207706954
 30
66.78795934101692
 11
198.1234583918406
 21
81.71020447430868
 31
80.87665868183723
 12
194.9460444514109
 22
60.47449051556845
 32
66.78795934101692
 13
194.9460444514109
 23
60.47449051556845
 33
66.78795934101692
  0
3DFACE
  8
0
1001
WEBCAD
1000
S3D1
 10
211.93785048168434
 20
70.2847207706954
 30
66.78795934101692
 11
206.08241224926246
 21
87.74725281415243
 31
80.32148290058723
 12
198.1234583918406
 22
81.71020447430868
 32
80.87665868183723
 13
198.1234583918406
 23
81.71020447430868
 33
80.87665868183723
  0
3DFACE
  8
0
1001
WEBCAD
1000
S3D1
 10
211.93785048168434
 20
70.2847207706954
 30
66.78795934101692
 11
194.9460444514109
 21
60.47449051556845
 31
66.78795934101692
 12
210.8292231623484
 22
52.58446442303915
 32
45.58910870930305
 13
210.8292231623484
 23
52.58446442303915
 33
45.58910870930305
  0
3DFACE
  8
0
1001
WEBCAD
1000
S3D1
 10
224.5496363703562
 20
85.31486450848837
 30
66.78795934101692
 11
206.08241224926246
 21
87.74725281415243
 31
80.32148290058723
 12
211.93785048168434
 22
70.2847207706954
 32
66.78795934101692
 13
211.93785048168434
 23
70.2847207706954
 33
66.78795934101692
  0
3DFACE
  8
0
1001
WEBCAD
1000
S3D1
 10
224.5496363703562
 20
85.31486450848837
 30
66.78795934101692
 11
211.93785048168434
 21
70.2847207706954
 31
66.78795934101692
 12
229.56170607250465
 22
68.30289017377157
 32
45.58910870930305
 13
229.56170607250465
 23
68.30289017377157
 33
45.58910870930305
  0
3DFACE
  8
0
1001
WEBCAD
1000
S3D1
 10
224.5496363703562
 20
85.31486450848837
 30
66.78795934101692
 11
212.30723524730934
 21
95.5571702641036
 31
79.7434723415052
 12
206.08241224926246
 22
87.74725281415243
 32
80.32148290058723
 13
206.08241224926246
 23
87.74725281415243
 33
80.32148290058723
  0
3DFACE
  8
0
1001
WEBCAD
1000
S3D1
 10
224.5496363703562
 20
85.31486450848837
 30
66.78795934101692
 11
216.27529860180152
 21
104.21235214886923
 31
79.2036774196302
 12
212.30723524730934
 22
95.5571702641036
 32
79.7434723415052
 13
212.30723524730934
 23
95.5571702641036
 33
79.7434723415052
  0
3DFACE
  8
0
1001
WEBCAD
1000
S3D1
 10
224.5496363703562
 20
85.31486450848837
 30
66.78795934101692
 11
229.56170607250465
 21
68.30289017377157
 31
45.58910870930305
 12
241.78848219555152
 22
89.4802659672286
 32
45.58910870930305
 13
241.78848219555152
 23
89.4802659672286
 33
45.58910870930305
  0
3DFACE
  8
0
1001
WEBCAD
1000
S3D1
 10
231.26023817699684
 20
103.75206314740439
 30
66.78795934101692
 11
242.36056471508277
 21
113.56228958783407
 31
52.85282063862434
 12
231.73866224926246
 22
113.56228958783407
 32
67.19566655537238
 13
231.73866224926246
 23
113.56228958783407
 33
67.19566655537238
  0
3DFACE
  8
0
1001
WEBCAD
1000
S3D1
 10
231.26023817699684
 20
103.75206314740439
 30
66.78795934101692
 11
231.73866224926246
 21
113.56228958783407
 31
67.19566655537238
 12
218.0984339777781
 22
113.56228958783407
 32
78.70593572041145
 13
218.0984339777781
 23
113.56228958783407
 33
78.70593572041145
  0
3DFACE
  8
0
1001
WEBCAD
1000
S3D1
 10
231.26023817699684
 20
103.75206314740439
 30
66.78795934101692
 11
216.27529860180152
 21
104.21235214886923
 31
79.2036774196302
 12
224.5496363703562
 22
85.31486450848837
 32
66.78795934101692
 13
224.5496363703562
 23
85.31486450848837
 33
66.78795934101692
  0
3DFACE
  8
0
1001
WEBCAD
1000
S3D1
 10
231.26023817699684
 20
103.75206314740439
 30
66.78795934101692
 11
218.0984339777781
 21
113.56228958783407
 31
78.70593572041145
 12
216.27529860180152
 22
104.21235214886923
 32
79.2036774196302
 13
216.27529860180152
 23
104.21235214886923
 33
79.2036774196302
  0
3DFACE
  8
0
1001
WEBCAD
1000
S3D1
 10
231.26023817699684
 20
103.75206314740439
 30
66.78795934101692
 11
224.5496363703562
 21
85.31486450848837
 31
66.78795934101692
 12
241.78848219555152
 22
89.4802659672286
 32
45.58910870930305
 13
241.78848219555152
 23
89.4802659672286
 33
45.58910870930305
  0
3DFACE
  8
0
1001
WEBCAD
1000
S3D1
 10
231.26023817699684
 20
103.75206314740439
 30
66.78795934101692
 11
241.78848219555152
 21
89.4802659672286
 31
45.58910870930305
 12
242.36056471508277
 22
113.56228958783407
 32
52.85282063862434
 13
242.36056471508277
 23
113.56228958783407
 33
52.85282063862434
  0
3DFACE
  8
0
1001
WEBCAD
1000
S3D1
 10
217.03924513500465
 20
126.15993057904501
 30
151.59388280293098
 11
218.20823622387184
 21
116.53246628461142
 31
151.59388280293098
 12
218.20823622387184
 22
116.53246628461142
 32
78.5642731227552
 13
218.20823622387184
 23
116.53246628461142
 33
78.5642731227552
  0
3DFACE
  8
0
1001
WEBCAD
1000
S3D1
 10
217.03924513500465
 20
126.15993057904501
 30
151.59388280293098
 11
218.20823622387184
 21
116.53246628461142
 31
78.5642731227552
 12
216.96449232738746
 22
126.45830856976767
 32
78.1482460536634
 13
216.96449232738746
 23
126.45830856976767
 33
78.1482460536634
  0
3DFACE
  8
0
1001
WEBCAD
1000
S3D1
 10
213.60023451488746
 20
135.22789322552936
 30
151.59388280293098
 11
216.96449232738746
 21
126.45830856976767
 31
78.1482460536634
 12
213.30628920238746
 22
135.77755295453326
 32
77.84786916157356
 13
213.30628920238746
 23
135.77755295453326
 33
77.84786916157356
  0
3DFACE
  8
0
1001
WEBCAD
1000
S3D1
 10
213.60023451488746
 20
135.22789322552936
 30
151.59388280293098
 11
217.03924513500465
 21
126.15993057904501
 31
151.59388280293098
 12
216.96449232738746
 22
126.45830856976767
 32
78.1482460536634
 13
216.96449232738746
 23
126.45830856976767
 33
78.1482460536634
  0
3DFACE
  8
0
1001
WEBCAD
1000
S3D1
 10
208.09103346508277
 20
143.20933853802939
 30
151.59388280293098
 11
213.30628920238746
 21
135.77755295453326
 31
77.84786916157356
 12
207.4558863703562
 22
143.90952622113485
 32
77.68381810566535
 13
207.4558863703562
 23
143.90952622113485
 33
77.68381810566535
  0
3DFACE
  8
0
1001
WEBCAD
1000
S3D1
 10
208.09103346508277
 20
143.20933853802939
 30
151.59388280293098
 11
213.60023451488746
 21
135.22789322552936
 31
151.59388280293098
 12
213.30628920238746
 22
135.77755295453326
 32
77.84786916157356
 13
213.30628920238746
 23
135.77755295453326
 33
77.84786916157356
  0
3DFACE
  8
0
1001
WEBCAD
1000
S3D1
 10
200.83184767406715
 20
149.6404222172286
 30
151.59388280293098
 11
207.4558863703562
 21
143.90952622113485
 31
77.68381810566535
 12
199.77537489574684
 22
150.34528671918173
 32
77.66759038349738
 13
199.77537489574684
 23
150.34528671918173
 33
77.66759038349738
  0
3DFACE
  8
0
1001
WEBCAD
1000
S3D1
 10
200.83184767406715
 20
149.6404222172286
 30
151.59388280293098
 11
208.09103346508277
 21
143.20933853802939
 31
151.59388280293098
 12
207.4558863703562
 22
143.90952622113485
 32
77.68381810566535
 13
207.4558863703562
 23
143.90952622113485
 33
77.68381810566535
  0
3DFACE
  8
0
1001
WEBCAD
1000
S3D1
 10
192.244529253657
 20
154.14738785443564
 30
151.59388280293098
 11
199.77537489574684
 21
150.34528671918173
 31
77.66759038349738
 12
190.74423170727027
 22
154.68265091595907
 32
77.8003342189466
 13
190.74423170727027
 23
154.68265091595907
 33
77.8003342189466
  0
3DFACE
  8
0
1001
WEBCAD
1000
S3D1
 10
192.244529253657
 20
154.14738785443564
 30
151.59388280293098
 11
200.83184767406715
 21
149.6404222172286
 31
151.59388280293098
 12
199.77537489574684
 22
150.34528671918173
 32
77.66759038349738
 13
199.77537489574684
 23
150.34528671918173
 33
77.66759038349738
  0
3DFACE
  8
0
1001
WEBCAD
1000
S3D1
 10
182.82815504711402
 20
156.46831833539267
 30
151.59388280293098
 11
190.74423170727027
 21
154.68265091595907
 31
77.8003342189466
 12
180.92698622387184
 22
156.65347611127157
 32
78.07271886250129
 13
180.92698622387184
 23
156.65347611127157
 33
78.07271886250129
  0
3DFACE
  8
0
1001
WEBCAD
1000
S3D1
 10
182.82815504711402
 20
156.46831833539267
 30
151.59388280293098
 11
192.244529253657
 21
154.14738785443564
 31
151.59388280293098
 12
190.74423170727027
 22
154.68265091595907
 32
77.8003342189466
 13
190.74423170727027
 23
154.68265091595907
 33
77.8003342189466
  0
3DFACE
  8
0
1001
WEBCAD
1000
S3D1
 10
173.12997389477027
 20
156.46831833539267
 30
151.59388280293098
 11
180.92698622387184
 21
156.65347611127157
 31
78.07271886250129
 12
170.93498945873512
 22
156.14012467084189
 32
78.46590733906379
 13
170.93498945873512
 23
156.14012467084189
 33
78.46590733906379
  0
3DFACE
  8
0
1001
WEBCAD
1000
S3D1
 10
173.12997389477027
 20
156.46831833539267
 30
151.59388280293098
 11
182.82815504711402
 21
156.46831833539267
 31
151.59388280293098
 12
180.92698622387184
 22
156.65347611127157
 32
78.07271886250129
 13
180.92698622387184
 23
156.65347611127157
 33
78.07271886250129
  0
3DFACE
  8
0
1001
WEBCAD
1000
S3D1
 10
163.71360731762184
 20
154.14738785443564
 30
151.59388280293098
 11
170.93498945873512
 21
156.14012467084189
 31
78.46590733906379
 12
161.3862757746531
 22
153.1803163212325
 32
78.95335698505988
 13
161.3862757746531
 23
153.1803163212325
 33
78.95335698505988
  0
3DFACE
  8
0
1001
WEBCAD
1000
S3D1
 10
163.71360731762184
 20
154.14738785443564
 30
151.59388280293098
 11
173.12997389477027
 21
156.46831833539267
 31
151.59388280293098
 12
170.93498945873512
 22
156.14012467084189
 32
78.46590733906379
 13
170.93498945873512
 23
156.14012467084189
 33
78.46590733906379
  0
3DFACE
  8
0
1001
WEBCAD
1000
S3D1
 10
155.1262965266062
 20
149.6404222172286
 30
151.59388280293098
 11
161.3862757746531
 21
153.1803163212325
 31
78.95335698505988
 12
152.86729384105934
 22
147.96150528607626
 32
79.5031158961927
 13
152.86729384105934
 23
147.96150528607626
 33
79.5031158961927
  0
3DFACE
  8
0
1001
WEBCAD
1000
S3D1
 10
155.1262965266062
 20
149.6404222172286
 30
151.59388280293098
 11
163.71360731762184
 21
154.14738785443564
 31
151.59388280293098
 12
161.3862757746531
 22
153.1803163212325
 32
78.95335698505988
 13
161.3862757746531
 23
153.1803163212325
 33
78.95335698505988
  0
3DFACE
  8
0
1001
WEBCAD
1000
S3D1
 10
147.86710310619605
 20
143.20933853802939
 30
151.59388280293098
 11
152.86729384105934
 21
147.96150528607626
 31
79.5031158961927
 12
145.8989024226023
 22
140.80691849408407
 32
80.08027196308723
 13
145.8989024226023
 23
140.80691849408407
 33
80.08027196308723
  0
3DFACE
  8
0
1001
WEBCAD
1000
S3D1
 10
147.86710310619605
 20
143.20933853802939
 30
151.59388280293098
 11
155.1262965266062
 21
149.6404222172286
 31
151.59388280293098
 12
152.86729384105934
 22
147.96150528607626
 32
79.5031158961927
 13
152.86729384105934
 23
147.96150528607626
 33
79.5031158961927
  0
3DFACE
  8
0
1001
WEBCAD
1000
S3D1
 10
142.3579096857859
 20
135.22789322552936
 30
151.59388280293098
 11
147.86710310619605
 21
143.20933853802939
 31
151.59388280293098
 12
145.8989024226023
 22
140.80691849408407
 32
80.08027196308723
 13
145.8989024226023
 23
140.80691849408407
 33
80.08027196308723
  0
3DFACE
  8
0
1001
WEBCAD
1000
S3D1
 10
142.3579096857859
 20
135.22789322552936
 30
151.59388280293098
 11
145.8989024226023
 21
140.80691849408407
 31
80.08027196308723
 12
140.90738630932105
 22
132.1554139774825
 32
80.6492111720716
 13
140.90738630932105
 23
132.1554139774825
 33
80.6492111720716
  0
3DFACE
  8
0
1001
WEBCAD
1000
S3D1
 10
138.91888380687965
 20
126.15993057904501
 30
151.59388280293098
 11
142.3579096857859
 21
135.22789322552936
 31
151.59388280293098
 12
140.90738630932105
 22
132.1554139774825
 32
80.6492111720716
 13
140.90738630932105
 23
132.1554139774825
 33
80.6492111720716
  0
3DFACE
  8
0
1001
WEBCAD
1000
S3D1
 10
138.91888380687965
 20
126.15993057904501
 30
151.59388280293098
 11
140.90738630932105
 21
132.1554139774825
 31
80.6492111720716
 12
138.2004618708445
 22
122.53652512250204
 32
81.17566991230598
 13
138.2004618708445
 23
122.53652512250204
 33
81.17566991230598
  0
3DFACE
  8
0
1001
WEBCAD
1000
S3D1
 10
137.749900347407
 20
116.53246628461142
 30
151.59388280293098
 11
138.91888380687965
 21
126.15993057904501
 31
151.59388280293098
 12
138.2004618708445
 22
122.53652512250204
 32
81.17566991230598
 13
138.2004618708445
 23
122.53652512250204
 33
81.17566991230598
  0
3DFACE
  8
0
1001
WEBCAD
1000
S3D1
 10
137.749900347407
 20
116.53246628461142
 30
151.59388280293098
 11
138.2004618708445
 21
122.53652512250204
 31
81.17566991230598
 12
137.94847822826637
 22
112.5402253788497
 32
81.62856603047004
 13
137.94847822826637
 23
112.5402253788497
 33
81.62856603047004
  0
3DFACE
  8
0
1001
WEBCAD
1000
S3D1
 10
138.91888380687965
 20
106.90499436078329
 30
151.59388280293098
 11
137.749900347407
 21
116.53246628461142
 31
151.59388280293098
 12
137.94847822826637
 22
112.5402253788497
 32
81.62856603047004
 13
137.94847822826637
 23
112.5402253788497
 33
81.62856603047004
  0
3DFACE
  8
0
1001
WEBCAD
1000
S3D1
 10
138.91888380687965
 20
106.90499436078329
 30
151.59388280293098
 11
137.94847822826637
 21
112.5402253788497
 31
81.62856603047004
 12
140.1724085871531
 22
102.78319870648642
 32
81.98149419209113
 13
140.1724085871531
 23
102.78319870648642
 33
81.98149419209113
  0
3DFACE
  8
0
1001
WEBCAD
1000
S3D1
 10
142.3579096857859
 20
97.83703552899618
 30
151.59388280293098
 11
138.91888380687965
 21
106.90499436078329
 31
151.59388280293098
 12
140.1724085871531
 22
102.78319870648642
 32
81.98149419209113
 13
140.1724085871531
 23
102.78319870648642
 33
81.98149419209113
  0
3DFACE
  8
0
1001
WEBCAD
1000
S3D1
 10
142.3579096857859
 20
97.83703552899618
 30
151.59388280293098
 11
140.1724085871531
 21
102.78319870648642
 31
81.98149419209113
 12
144.739646441157
 22
93.87132965741415
 32
82.21404576679817
 13
144.739646441157
 23
93.87132965741415
 33
82.21404576679817
  0
3DFACE
  8
0
1001
WEBCAD
1000
S3D1
 10
147.86710310619605
 20
89.85559021649618
 30
151.59388280293098
 11
142.3579096857859
 21
97.83703552899618
 31
151.59388280293098
 12
144.739646441157
 22
93.87132965741415
 32
82.21404576679817
 13
144.739646441157
 23
93.87132965741415
 33
82.21404576679817
  0
3DFACE
  8
0
1001
WEBCAD
1000
S3D1
 10
147.86710310619605
 20
89.85559021649618
 30
151.59388280293098
 11
144.739646441157
 21
93.87132965741415
 31
82.21404576679817
 12
151.36978102367652
 22
86.36075531659384
 32
82.31283116718879
 13
151.36978102367652
 23
86.36075531659384
 33
82.31283116718879
  0
3DFACE
  8
0
1001
WEBCAD
1000
S3D1
 10
155.1262965266062
 20
83.42450653729696
 30
151.59388280293098
 11
147.86710310619605
 21
89.85559021649618
 31
151.59388280293098
 12
151.36978102367652
 22
86.36075531659384
 32
82.31283116718879
 13
151.36978102367652
 23
86.36075531659384
 33
82.31283116718879
  0
3DFACE
  8
0
1001
WEBCAD
1000
S3D1
 10
155.1262965266062
 20
83.42450653729696
 30
151.59388280293098
 11
151.36978102367652
 21
86.36075531659384
 31
82.31283116718879
 12
159.6508555476023
 22
80.72097336468954
 32
82.27218938252082
 13
159.6508555476023
 23
80.72097336468954
 33
82.27218938252082
  0
3DFACE
  8
0
1001
WEBCAD
1000
S3D1
 10
163.71360731762184
 20
78.91753708539267
 30
151.59388280293098
 11
155.1262965266062
 21
83.42450653729696
 31
151.59388280293098
 12
159.6508555476023
 22
80.72097336468954
 32
82.27218938252082
 13
159.6508555476023
 23
80.72097336468954
 33
82.27218938252082
  0
3DFACE
  8
0
1001
WEBCAD
1000
S3D1
 10
163.71360731762184
 20
78.91753708539267
 30
151.59388280293098
 11
159.6508555476023
 21
80.72097336468954
 31
82.27218938252082
 12
169.06590223949684
 22
77.30311905560751
 32
82.09443211933723
 13
169.06590223949684
 23
77.30311905560751
 33
82.09443211933723
  0
3DFACE
  8
0
1001
WEBCAD
1000
S3D1
 10
173.12997389477027
 20
76.5966104191329
 30
151.59388280293098
 11
163.71360731762184
 21
78.91753708539267
 31
151.59388280293098
 12
169.06590223949684
 22
77.30311905560751
 32
82.09443211933723
 13
169.06590223949684
 23
77.30311905560751
 33
82.09443211933723
  0
3DFACE
  8
0
1001
WEBCAD
1000
S3D1
 10
173.12997389477027
 20
76.5966104191329
 30
151.59388280293098
 11
169.06590223949684
 21
77.30311905560751
 31
82.09443211933723
 12
179.02752638500465
 22
76.3169587772872
 32
81.78980565449348
 13
179.02752638500465
 23
76.3169587772872
 33
81.78980565449348
  0
3DFACE
  8
0
1001
WEBCAD
1000
S3D1
 10
182.82815504711402
 20
76.5966104191329
 30
151.59388280293098
 11
173.12997389477027
 21
76.5966104191329
 31
151.59388280293098
 12
179.02752638500465
 22
76.3169587772872
 32
81.78980565449348
 13
179.02752638500465
 23
76.3169587772872
 33
81.78980565449348
  0
3DFACE
  8
0
1001
WEBCAD
1000
S3D1
 10
182.82815504711402
 20
76.5966104191329
 30
151.59388280293098
 11
179.02752638500465
 21
76.3169587772872
 31
81.78980565449348
 12
188.91688490551246
 22
77.8187669437911
 32
81.37586522480598
 13
188.91688490551246
 23
77.8187669437911
 33
81.37586522480598
  0
3DFACE
  8
0
1001
WEBCAD
1000
S3D1
 10
192.244529253657
 20
78.91753708539267
 30
151.59388280293098
 11
182.82815504711402
 21
76.5966104191329
 31
151.59388280293098
 12
188.91688490551246
 22
77.8187669437911
 32
81.37586522480598
 13
188.91688490551246
 23
77.8187669437911
 33
81.37586522480598
  0
3DFACE
  8
0
1001
WEBCAD
1000
S3D1
 10
192.244529253657
 20
78.91753708539267
 30
151.59388280293098
 11
188.91688490551246
 21
77.8187669437911
 31
81.37586522480598
 12
198.1234583918406
 22
81.71020447430868
 32
80.87665868183723
 13
198.1234583918406
 23
81.71020447430868
 33
80.87665868183723
  0
3DFACE
  8
0
1001
WEBCAD
1000
S3D1
 10
200.83184767406715
 20
83.42450653729696
 30
151.59388280293098
 11
192.244529253657
 21
78.91753708539267
 31
151.59388280293098
 12
198.1234583918406
 22
81.71020447430868
 32
80.87665868183723
 13
198.1234583918406
 23
81.71020447430868
 33
80.87665868183723
  0
3DFACE
  8
0
1001
WEBCAD
1000
S3D1
 10
200.83184767406715
 20
83.42450653729696
 30
151.59388280293098
 11
198.1234583918406
 21
81.71020447430868
 31
80.87665868183723
 12
206.08241224926246
 22
87.74725281415243
 32
80.32148290058723
 13
206.08241224926246
 23
87.74725281415243
 33
80.32148290058723
  0
3DFACE
  8
0
1001
WEBCAD
1000
S3D1
 10
208.09103346508277
 20
89.85559021649618
 30
151.59388280293098
 11
206.08241224926246
 21
87.74725281415243
 31
80.32148290058723
 12
212.30723524730934
 22
95.5571702641036
 32
79.7434723415052
 13
212.30723524730934
 23
95.5571702641036
 33
79.7434723415052
  0
3DFACE
  8
0
1001
WEBCAD
1000
S3D1
 10
208.09103346508277
 20
89.85559021649618
 30
151.59388280293098
 11
200.83184767406715
 21
83.42450653729696
 31
151.59388280293098
 12
206.08241224926246
 22
87.74725281415243
 32
80.32148290058723
 13
206.08241224926246
 23
87.74725281415243
 33
80.32148290058723
  0
3DFACE
  8
0
1001
WEBCAD
1000
S3D1
 10
213.60023451488746
 20
97.83703552899618
 30
151.59388280293098
 11
212.30723524730934
 21
95.5571702641036
 31
79.7434723415052
 12
216.27529860180152
 22
104.21235214886923
 32
79.2036774196302
 13
216.27529860180152
 23
104.21235214886923
 33
79.2036774196302
  0
3DFACE
  8
0
1001
WEBCAD
1000
S3D1
 10
213.60023451488746
 20
97.83703552899618
 30
151.59388280293098
 11
208.09103346508277
 21
89.85559021649618
 31
151.59388280293098
 12
212.30723524730934
 22
95.5571702641036
 32
79.7434723415052
 13
212.30723524730934
 23
95.5571702641036
 33
79.7434723415052
  0
3DFACE
  8
0
1001
WEBCAD
1000
S3D1
 10
217.03924513500465
 20
106.90499436078329
 30
151.59388280293098
 11
213.60023451488746
 21
97.83703552899618
 31
151.59388280293098
 12
216.27529860180152
 22
104.21235214886923
 32
79.2036774196302
 13
216.27529860180152
 23
104.21235214886923
 33
79.2036774196302
  0
3DFACE
  8
0
1001
WEBCAD
1000
S3D1
 10
217.03924513500465
 20
106.90499436078329
 30
151.59388280293098
 11
216.27529860180152
 21
104.21235214886923
 31
79.2036774196302
 12
218.0984339777781
 22
113.56228958783407
 32
78.70593572041145
 13
218.0984339777781
 23
113.56228958783407
 33
78.70593572041145
  0
3DFACE
  8
0
1001
WEBCAD
1000
S3D1
 10
218.20823622387184
 20
116.53246628461142
 30
151.59388280293098
 11
218.0984339777781
 21
113.56228958783407
 31
78.70593572041145
 12
218.20823622387184
 22
116.53246628461142
 32
78.5642731227552
 13
218.20823622387184
 23
116.53246628461142
 33
78.5642731227552
  0
3DFACE
  8
0
1001
WEBCAD
1000
S3D1
 10
218.20823622387184
 20
116.53246628461142
 30
151.59388280293098
 11
217.03924513500465
 21
106.90499436078329
 31
151.59388280293098
 12
218.0984339777781
 22
113.56228958783407
 32
78.70593572041145
 13
218.0984339777781
 23
113.56228958783407
 33
78.70593572041145
  0
3DFACE
  8
0
1001
WEBCAD
1000
S3D1
 10
173.12997389477027
 20
76.5966104191329
 30
151.59388280293098
 11
147.86710310619605
 21
89.85559021649618
 31
151.59388280293098
 12
155.1262965266062
 22
83.42450653729696
 32
151.59388280293098
 13
155.1262965266062
 23
83.42450653729696
 33
151.59388280293098
  0
3DFACE
  8
0
1001
WEBCAD
1000
S3D1
 10
173.12997389477027
 20
76.5966104191329
 30
151.59388280293098
 11
155.1262965266062
 21
83.42450653729696
 31
151.59388280293098
 12
163.71360731762184
 22
78.91753708539267
 32
151.59388280293098
 13
163.71360731762184
 23
78.91753708539267
 33
151.59388280293098
  0
3DFACE
  8
0
1001
WEBCAD
1000
S3D1
 10
138.91888380687965
 20
126.15993057904501
 30
151.59388280293098
 11
137.749900347407
 21
116.53246628461142
 31
151.59388280293098
 12
138.91888380687965
 22
106.90499436078329
 32
151.59388280293098
 13
138.91888380687965
 23
106.90499436078329
 33
151.59388280293098
  0
3DFACE
  8
0
1001
WEBCAD
1000
S3D1
 10
142.3579096857859
 20
135.22789322552936
 30
151.59388280293098
 11
138.91888380687965
 21
126.15993057904501
 31
151.59388280293098
 12
138.91888380687965
 22
106.90499436078329
 32
151.59388280293098
 13
138.91888380687965
 23
106.90499436078329
 33
151.59388280293098
  0
3DFACE
  8
0
1001
WEBCAD
1000
S3D1
 10
200.83184767406715
 20
83.42450653729696
 30
151.59388280293098
 11
173.12997389477027
 21
76.5966104191329
 31
151.59388280293098
 12
182.82815504711402
 22
76.5966104191329
 32
151.59388280293098
 13
182.82815504711402
 23
76.5966104191329
 33
151.59388280293098
  0
3DFACE
  8
0
1001
WEBCAD
1000
S3D1
 10
200.83184767406715
 20
83.42450653729696
 30
151.59388280293098
 11
182.82815504711402
 21
76.5966104191329
 31
151.59388280293098
 12
192.244529253657
 22
78.91753708539267
 32
151.59388280293098
 13
192.244529253657
 23
78.91753708539267
 33
151.59388280293098
  0
3DFACE
  8
0
1001
WEBCAD
1000
S3D1
 10
147.86710310619605
 20
143.20933853802939
 30
151.59388280293098
 11
138.91888380687965
 21
106.90499436078329
 31
151.59388280293098
 12
142.3579096857859
 22
97.83703552899618
 32
151.59388280293098
 13
142.3579096857859
 23
97.83703552899618
 33
151.59388280293098
  0
3DFACE
  8
0
1001
WEBCAD
1000
S3D1
 10
147.86710310619605
 20
143.20933853802939
 30
151.59388280293098
 11
142.3579096857859
 21
97.83703552899618
 31
151.59388280293098
 12
147.86710310619605
 22
89.85559021649618
 32
151.59388280293098
 13
147.86710310619605
 23
89.85559021649618
 33
151.59388280293098
  0
3DFACE
  8
0
1001
WEBCAD
1000
S3D1
 10
147.86710310619605
 20
143.20933853802939
 30
151.59388280293098
 11
147.86710310619605
 21
89.85559021649618
 31
151.59388280293098
 12
173.12997389477027
 22
76.5966104191329
 32
151.59388280293098
 13
173.12997389477027
 23
76.5966104191329
 33
151.59388280293098
  0
3DFACE
  8
0
1001
WEBCAD
1000
S3D1
 10
147.86710310619605
 20
143.20933853802939
 30
151.59388280293098
 11
142.3579096857859
 21
135.22789322552936
 31
151.59388280293098
 12
138.91888380687965
 22
106.90499436078329
 32
151.59388280293098
 13
138.91888380687965
 23
106.90499436078329
 33
151.59388280293098
  0
3DFACE
  8
0
1001
WEBCAD
1000
S3D1
 10
163.71360731762184
 20
154.14738785443564
 30
151.59388280293098
 11
155.1262965266062
 21
149.6404222172286
 31
151.59388280293098
 12
147.86710310619605
 22
143.20933853802939
 32
151.59388280293098
 13
147.86710310619605
 23
143.20933853802939
 33
151.59388280293098
  0
3DFACE
  8
0
1001
WEBCAD
1000
S3D1
 10
217.03924513500465
 20
106.90499436078329
 30
151.59388280293098
 11
200.83184767406715
 21
83.42450653729696
 31
151.59388280293098
 12
208.09103346508277
 22
89.85559021649618
 32
151.59388280293098
 13
208.09103346508277
 23
89.85559021649618
 33
151.59388280293098
  0
3DFACE
  8
0
1001
WEBCAD
1000
S3D1
 10
217.03924513500465
 20
106.90499436078329
 30
151.59388280293098
 11
208.09103346508277
 21
89.85559021649618
 31
151.59388280293098
 12
213.60023451488746
 22
97.83703552899618
 32
151.59388280293098
 13
213.60023451488746
 23
97.83703552899618
 33
151.59388280293098
  0
3DFACE
  8
0
1001
WEBCAD
1000
S3D1
 10
217.03924513500465
 20
106.90499436078329
 30
151.59388280293098
 11
173.12997389477027
 21
76.5966104191329
 31
151.59388280293098
 12
200.83184767406715
 22
83.42450653729696
 32
151.59388280293098
 13
200.83184767406715
 23
83.42450653729696
 33
151.59388280293098
  0
3DFACE
  8
0
1001
WEBCAD
1000
S3D1
 10
173.12997389477027
 20
156.46831833539267
 30
151.59388280293098
 11
147.86710310619605
 21
143.20933853802939
 31
151.59388280293098
 12
173.12997389477027
 22
76.5966104191329
 32
151.59388280293098
 13
173.12997389477027
 23
76.5966104191329
 33
151.59388280293098
  0
3DFACE
  8
0
1001
WEBCAD
1000
S3D1
 10
173.12997389477027
 20
156.46831833539267
 30
151.59388280293098
 11
163.71360731762184
 21
154.14738785443564
 31
151.59388280293098
 12
147.86710310619605
 22
143.20933853802939
 32
151.59388280293098
 13
147.86710310619605
 23
143.20933853802939
 33
151.59388280293098
  0
3DFACE
  8
0
1001
WEBCAD
1000
S3D1
 10
173.12997389477027
 20
156.46831833539267
 30
151.59388280293098
 11
173.12997389477027
 21
76.5966104191329
 31
151.59388280293098
 12
217.03924513500465
 22
106.90499436078329
 32
151.59388280293098
 13
217.03924513500465
 23
106.90499436078329
 33
151.59388280293098
  0
3DFACE
  8
0
1001
WEBCAD
1000
S3D1
 10
218.20823622387184
 20
116.53246628461142
 30
151.59388280293098
 11
173.12997389477027
 21
156.46831833539267
 31
151.59388280293098
 12
217.03924513500465
 22
106.90499436078329
 32
151.59388280293098
 13
217.03924513500465
 23
106.90499436078329
 33
151.59388280293098
  0
3DFACE
  8
0
1001
WEBCAD
1000
S3D1
 10
213.60023451488746
 20
135.22789322552936
 30
151.59388280293098
 11
218.20823622387184
 21
116.53246628461142
 31
151.59388280293098
 12
217.03924513500465
 22
126.15993057904501
 32
151.59388280293098
 13
217.03924513500465
 23
126.15993057904501
 33
151.59388280293098
  0
3DFACE
  8
0
1001
WEBCAD
1000
S3D1
 10
200.83184767406715
 20
149.6404222172286
 30
151.59388280293098
 11
192.244529253657
 21
154.14738785443564
 31
151.59388280293098
 12
182.82815504711402
 22
156.46831833539267
 32
151.59388280293098
 13
182.82815504711402
 23
156.46831833539267
 33
151.59388280293098
  0
3DFACE
  8
0
1001
WEBCAD
1000
S3D1
 10
200.83184767406715
 20
149.6404222172286
 30
151.59388280293098
 11
182.82815504711402
 21
156.46831833539267
 31
151.59388280293098
 12
173.12997389477027
 22
156.46831833539267
 32
151.59388280293098
 13
173.12997389477027
 23
156.46831833539267
 33
151.59388280293098
  0
3DFACE
  8
0
1001
WEBCAD
1000
S3D1
 10
200.83184767406715
 20
149.6404222172286
 30
151.59388280293098
 11
173.12997389477027
 21
156.46831833539267
 31
151.59388280293098
 12
218.20823622387184
 22
116.53246628461142
 32
151.59388280293098
 13
218.20823622387184
 23
116.53246628461142
 33
151.59388280293098
  0
3DFACE
  8
0
1001
WEBCAD
1000
S3D1
 10
208.09103346508277
 20
143.20933853802939
 30
151.59388280293098
 11
218.20823622387184
 21
116.53246628461142
 31
151.59388280293098
 12
213.60023451488746
 22
135.22789322552936
 32
151.59388280293098
 13
213.60023451488746
 23
135.22789322552936
 33
151.59388280293098
  0
3DFACE
  8
0
1001
WEBCAD
1000
S3D1
 10
208.09103346508277
 20
143.20933853802939
 30
151.59388280293098
 11
200.83184767406715
 21
149.6404222172286
 31
151.59388280293098
 12
218.20823622387184
 22
116.53246628461142
 32
151.59388280293098
 13
218.20823622387184
 23
116.53246628461142
 33
151.59388280293098
  0
3DFACE
  8
0
1001
WEBCAD
1000
E7
1000
CREATION_PARAMS:{"type":"sphere","params":{"x":389.5316723427019,"y":147.24986162511178,"z":0,"r":65.73789562656218}}
 10
368.4273402531235
 20
123.41807991795557
 30
-78.60805749382905
 11
376.835177167186
 21
119.51382881932275
 31
-75.04265832390718
 12
362.0173671085922
 22
119.51382881932275
 32
-80.66231393303804
 13
362.0173671085922
 23
119.51382881932275
 33
-80.66231393303804
  0
3DFACE
  8
0
1001
WEBCAD
1000
E7
 10
365.7566859562485
 20
130.75566536717432
 30
-78.60805749382905
 11
362.0173671085922
 21
119.51382881932275
 31
-80.66231393303804
 12
346.2852504093735
 22
119.51382881932275
 32
-82.57253503289155
 13
346.2852504093735
 23
119.51382881932275
 33
-82.57253503289155
  0
3DFACE
  8
0
1001
WEBCAD
1000
E7
 10
365.7566859562485
 20
130.75566536717432
 30
-78.60805749382905
 11
368.4273402531235
 21
123.41807991795557
 31
-78.60805749382905
 12
362.0173671085922
 22
119.51382881932275
 32
-80.66231393303804
 13
362.0173671085922
 23
119.51382881932275
 33
-80.66231393303804
  0
3DFACE
  8
0
1001
WEBCAD
1000
E7
 10
365.7566859562485
 20
130.75566536717432
 30
-78.60805749382905
 11
376.835177167186
 21
119.51382881932275
 31
-75.04265832390718
 12
368.4273402531235
 22
123.41807991795557
 32
-78.60805749382905
 13
368.4273402531235
 23
123.41807991795557
 33
-78.60805749382905
  0
3DFACE
  8
0
1001
WEBCAD
1000
E7
 10
360.73749039960785
 20
136.7373243027212
 30
-78.60805749382905
 11
365.7566859562485
 21
130.75566536717432
 31
-78.60805749382905
 12
346.2852504093735
 22
119.51382881932275
 32
-82.57253503289155
 13
346.2852504093735
 23
119.51382881932275
 33
-82.57253503289155
  0
3DFACE
  8
0
1001
WEBCAD
1000
E7
 10
353.9751307804672
 20
140.641575401354
 30
-78.60805749382905
 11
360.73749039960785
 21
136.7373243027212
 31
-78.60805749382905
 12
346.2852504093735
 22
119.51382881932275
 32
-82.57253503289155
 13
346.2852504093735
 23
119.51382881932275
 33
-82.57253503289155
  0
3DFACE
  8
0
1001
WEBCAD
1000
E7
 10
385.9924342472641
 20
133.96606880955713
 30
-67.19279336419038
 11
389.8775355656235
 21
119.51382881932275
 31
-66.04016351189546
 12
376.835177167186
 22
119.51382881932275
 32
-75.04265832390718
 13
376.835177167186
 23
119.51382881932275
 33
-75.04265832390718
  0
3DFACE
  8
0
1001
WEBCAD
1000
E7
 10
385.9924342472641
 20
133.96606880955713
 30
-67.19279336419038
 11
400.3864772160141
 21
119.51382881932275
 31
-54.17802285637788
 12
389.8775355656235
 22
119.51382881932275
 32
-66.04016351189546
 13
389.8775355656235
 23
119.51382881932275
 33
-66.04016351189546
  0
3DFACE
  8
0
1001
WEBCAD
1000
E7
 10
385.9924342472641
 20
133.96606880955713
 30
-67.19279336419038
 11
376.835177167186
 21
119.51382881932275
 31
-75.04265832390718
 12
365.7566859562485
 22
130.75566536717432
 32
-78.60805749382905
 13
365.7566859562485
 23
130.75566536717432
 33
-78.60805749382905
  0
3DFACE
  8
0
1001
WEBCAD
1000
E7
 10
346.2852504093735
 20
141.99751717381494
 30
-78.60805749382905
 11
353.9751307804672
 21
140.641575401354
 31
-78.60805749382905
 12
346.2852504093735
 22
119.51382881932275
 32
-82.57253503289155
 13
346.2852504093735
 23
119.51382881932275
 33
-82.57253503289155
  0
3DFACE
  8
0
1001
WEBCAD
1000
E7
 10
378.65484879804535
 20
146.6751447372915
 30
-67.19279336419038
 11
365.7566859562485
 21
130.75566536717432
 31
-78.60805749382905
 12
360.73749039960785
 22
136.7373243027212
 32
-78.60805749382905
 13
360.73749039960785
 23
136.7373243027212
 33
-78.60805749382905
  0
3DFACE
  8
0
1001
WEBCAD
1000
E7
 10
378.65484879804535
 20
146.6751447372915
 30
-67.19279336419038
 11
385.9924342472641
 21
133.96606880955713
 31
-67.19279336419038
 12
365.7566859562485
 22
130.75566536717432
 32
-78.60805749382905
 13
365.7566859562485
 23
130.75566536717432
 33
-78.60805749382905
  0
3DFACE
  8
0
1001
WEBCAD
1000
E7
 10
338.5953700382797
 20
140.641575401354
 30
-78.60805749382905
 11
346.2852504093735
 21
141.99751717381494
 31
-78.60805749382905
 12
346.2852504093735
 22
119.51382881932275
 32
-82.57253503289155
 13
346.2852504093735
 23
119.51382881932275
 33
-82.57253503289155
  0
3DFACE
  8
0
1001
WEBCAD
1000
E7
 10
367.4129969914047
 20
156.1081739120962
 30
-67.19279336419038
 11
360.73749039960785
 21
136.7373243027212
 31
-78.60805749382905
 12
353.9751307804672
 22
140.641575401354
 32
-78.60805749382905
 13
353.9751307804672
 23
140.641575401354
 33
-78.60805749382905
  0
3DFACE
  8
0
1001
WEBCAD
1000
E7
 10
367.4129969914047
 20
156.1081739120962
 30
-67.19279336419038
 11
378.65484879804535
 21
146.6751447372915
 31
-67.19279336419038
 12
360.73749039960785
 22
136.7373243027212
 32
-78.60805749382905
 13
360.73749039960785
 23
136.7373243027212
 33
-78.60805749382905
  0
3DFACE
  8
0
1001
WEBCAD
1000
E7
 10
331.8330104191391
 20
136.7373243027212
 30
-78.60805749382905
 11
338.5953700382797
 21
140.641575401354
 31
-78.60805749382905
 12
346.2852504093735
 22
119.51382881932275
 32
-82.57253503289155
 13
346.2852504093735
 23
119.51382881932275
 33
-82.57253503289155
  0
3DFACE
  8
0
1001
WEBCAD
1000
E7
 10
402.35101579023285
 20
129.39973885350244
 30
-49.7035889574521
 11
407.7512538273422
 21
119.51382881932275
 31
-40.14562272515229
 12
400.3864772160141
 22
119.51382881932275
 32
-54.17802285637788
 13
400.3864772160141
 23
119.51382881932275
 33
-54.17802285637788
  0
3DFACE
  8
0
1001
WEBCAD
1000
E7
 10
353.6228358585922
 20
161.12736946873682
 30
-67.19279336419038
 11
367.4129969914047
 21
156.1081739120962
 31
-67.19279336419038
 12
353.9751307804672
 22
140.641575401354
 32
-78.60805749382905
 13
353.9751307804672
 23
140.641575401354
 33
-78.60805749382905
  0
3DFACE
  8
0
1001
WEBCAD
1000
E7
 10
353.6228358585922
 20
161.12736946873682
 30
-67.19279336419038
 11
353.9751307804672
 21
140.641575401354
 31
-78.60805749382905
 12
346.2852504093735
 22
141.99751717381494
 32
-78.60805749382905
 13
346.2852504093735
 23
141.99751717381494
 33
-78.60805749382905
  0
3DFACE
  8
0
1001
WEBCAD
1000
E7
 10
326.8138148624985
 20
130.75566536717432
 30
-78.60805749382905
 11
331.8330104191391
 21
136.7373243027212
 31
-78.60805749382905
 12
346.2852504093735
 22
119.51382881932275
 32
-82.57253503289155
 13
346.2852504093735
 23
119.51382881932275
 33
-82.57253503289155
  0
3DFACE
  8
0
1001
WEBCAD
1000
E7
 10
395.5886561710922
 20
147.97917610936182
 30
-49.7035889574521
 11
402.35101579023285
 21
129.39973885350244
 31
-49.7035889574521
 12
400.3864772160141
 22
119.51382881932275
 32
-54.17802285637788
 13
400.3864772160141
 23
119.51382881932275
 33
-54.17802285637788
  0
3DFACE
  8
0
1001
WEBCAD
1000
E7
 10
395.5886561710922
 20
147.97917610936182
 30
-49.7035889574521
 11
400.3864772160141
 21
119.51382881932275
 31
-54.17802285637788
 12
385.9924342472641
 22
133.96606880955713
 32
-67.19279336419038
 13
385.9924342472641
 23
133.96606880955713
 33
-67.19279336419038
  0
3DFACE
  8
0
1001
WEBCAD
1000
E7
 10
395.5886561710922
 20
147.97917610936182
 30
-49.7035889574521
 11
385.9924342472641
 21
133.96606880955713
 31
-67.19279336419038
 12
378.65484879804535
 22
146.6751447372915
 32
-67.19279336419038
 13
378.65484879804535
 23
146.6751447372915
 33
-67.19279336419038
  0
3DFACE
  8
0
1001
WEBCAD
1000
E7
 10
395.5886561710922
 20
147.97917610936182
 30
-49.7035889574521
 11
407.7512538273422
 21
119.51382881932275
 31
-40.14562272515229
 12
402.35101579023285
 22
129.39973885350244
 32
-49.7035889574521
 13
402.35101579023285
 23
129.39973885350244
 33
-49.7035889574521
  0
3DFACE
  8
0
1001
WEBCAD
1000
E7
 10
338.9476649601547
 20
161.12736946873682
 30
-67.19279336419038
 11
346.2852504093735
 21
141.99751717381494
 31
-78.60805749382905
 12
338.5953700382797
 22
140.641575401354
 32
-78.60805749382905
 13
338.5953700382797
 23
140.641575401354
 33
-78.60805749382905
  0
3DFACE
  8
0
1001
WEBCAD
1000
E7
 10
338.9476649601547
 20
161.12736946873682
 30
-67.19279336419038
 11
353.6228358585922
 21
161.12736946873682
 31
-67.19279336419038
 12
346.2852504093735
 22
141.99751717381494
 32
-78.60805749382905
 13
346.2852504093735
 23
141.99751717381494
 33
-78.60805749382905
  0
3DFACE
  8
0
1001
WEBCAD
1000
E7
 10
324.14313004804535
 20
123.41807991795557
 30
-78.60805749382905
 11
346.2852504093735
 21
119.51382881932275
 31
-82.57253503289155
 12
346.2852504093735
 22
119.51382881932275
 32
-82.57253503289155
 13
346.2852504093735
 23
119.51382881932275
 33
-82.57253503289155
  0
3DFACE
  8
0
1001
WEBCAD
1000
E7
 10
324.14313004804535
 20
123.41807991795557
 30
-78.60805749382905
 11
326.8138148624985
 21
130.75566536717432
 31
-78.60805749382905
 12
346.2852504093735
 22
119.51382881932275
 32
-82.57253503289155
 13
346.2852504093735
 23
119.51382881932275
 33
-82.57253503289155
  0
3DFACE
  8
0
1001
WEBCAD
1000
E7
 10
382.87958024335785
 20
163.1252637558462
 30
-49.7035889574521
 11
378.65484879804535
 21
146.6751447372915
 31
-67.19279336419038
 12
367.4129969914047
 22
156.1081739120962
 32
-67.19279336419038
 13
367.4129969914047
 23
156.1081739120962
 33
-67.19279336419038
  0
3DFACE
  8
0
1001
WEBCAD
1000
E7
 10
382.87958024335785
 20
163.1252637558462
 30
-49.7035889574521
 11
395.5886561710922
 21
147.97917610936182
 31
-49.7035889574521
 12
378.65484879804535
 22
146.6751447372915
 32
-67.19279336419038
 13
378.65484879804535
 23
146.6751447372915
 33
-67.19279336419038
  0
3DFACE
  8
0
1001
WEBCAD
1000
E7
 10
325.1575038273422
 20
156.1081739120962
 30
-67.19279336419038
 11
338.5953700382797
 21
140.641575401354
 31
-78.60805749382905
 12
331.8330104191391
 22
136.7373243027212
 32
-78.60805749382905
 13
331.8330104191391
 23
136.7373243027212
 33
-78.60805749382905
  0
3DFACE
  8
0
1001
WEBCAD
1000
E7
 10
325.1575038273422
 20
156.1081739120962
 30
-67.19279336419038
 11
338.9476649601547
 21
161.12736946873682
 31
-67.19279336419038
 12
338.5953700382797
 22
140.641575401354
 32
-78.60805749382905
 13
338.5953700382797
 23
140.641575401354
 33
-78.60805749382905
  0
3DFACE
  8
0
1001
WEBCAD
1000
E7
 10
324.14313004804535
 20
115.60957772068994
 30
-78.60805749382905
 11
324.14313004804535
 21
123.41807991795557
 31
-78.60805749382905
 12
346.2852504093735
 22
119.51382881932275
 32
-82.57253503289155
 13
346.2852504093735
 23
119.51382881932275
 33
-82.57253503289155
  0
3DFACE
  8
0
1001
WEBCAD
1000
E7
 10
365.7566859562485
 20
173.01117379002588
 30
-49.7035889574521
 11
367.4129969914047
 21
156.1081739120962
 31
-67.19279336419038
 12
353.6228358585922
 22
161.12736946873682
 32
-67.19279336419038
 13
353.6228358585922
 23
161.12736946873682
 33
-67.19279336419038
  0
3DFACE
  8
0
1001
WEBCAD
1000
E7
 10
365.7566859562485
 20
173.01117379002588
 30
-49.7035889574521
 11
382.87958024335785
 21
163.1252637558462
 31
-49.7035889574521
 12
367.4129969914047
 22
156.1081739120962
 32
-67.19279336419038
 13
367.4129969914047
 23
156.1081739120962
 33
-67.19279336419038
  0
3DFACE
  8
0
1001
WEBCAD
1000
E7
 10
313.9156520207016
 20
146.6751447372915
 30
-67.19279336419038
 11
325.1575038273422
 21
156.1081739120962
 31
-67.19279336419038
 12
331.8330104191391
 22
136.7373243027212
 32
-78.60805749382905
 13
331.8330104191391
 23
136.7373243027212
 33
-78.60805749382905
  0
3DFACE
  8
0
1001
WEBCAD
1000
E7
 10
313.9156520207016
 20
146.6751447372915
 30
-67.19279336419038
 11
331.8330104191391
 21
136.7373243027212
 31
-78.60805749382905
 12
326.8138148624985
 22
130.75566536717432
 32
-78.60805749382905
 13
326.8138148624985
 23
130.75566536717432
 33
-78.60805749382905
  0
3DFACE
  8
0
1001
WEBCAD
1000
E7
 10
407.12018082929535
 20
141.65593392186182
 30
-28.24990891899995
 11
411.5438258488266
 21
119.51382881932275
 31
-24.758470530175487
 12
407.7512538273422
 22
119.51382881932275
 32
-40.14562272515229
 13
407.7512538273422
 23
119.51382881932275
 33
-40.14562272515229
  0
3DFACE
  8
0
1001
WEBCAD
1000
E7
 10
407.12018082929535
 20
141.65593392186182
 30
-28.24990891899995
 11
411.5438258488266
 21
119.51382881932275
 31
-8.910815233849803
 12
411.5438258488266
 22
119.51382881932275
 32
-24.758470530175487
 13
411.5438258488266
 23
119.51382881932275
 33
-24.758470530175487
  0
3DFACE
  8
0
1001
WEBCAD
1000
E7
 10
326.8138148624985
 20
108.27199227147119
 30
-78.60805749382905
 11
324.14313004804535
 21
115.60957772068994
 31
-78.60805749382905
 12
346.2852504093735
 22
119.51382881932275
 32
-82.57253503289155
 13
346.2852504093735
 23
119.51382881932275
 33
-82.57253503289155
  0
3DFACE
  8
0
1001
WEBCAD
1000
E7
 10
346.2852504093735
 20
176.44450814061182
 30
-49.7035889574521
 11
365.7566859562485
 21
173.01117379002588
 31
-49.7035889574521
 12
353.6228358585922
 22
161.12736946873682
 32
-67.19279336419038
 13
353.6228358585922
 23
161.12736946873682
 33
-67.19279336419038
  0
3DFACE
  8
0
1001
WEBCAD
1000
E7
 10
346.2852504093735
 20
176.44450814061182
 30
-49.7035889574521
 11
353.6228358585922
 21
161.12736946873682
 31
-67.19279336419038
 12
338.9476649601547
 22
161.12736946873682
 32
-67.19279336419038
 13
338.9476649601547
 23
161.12736946873682
 33
-67.19279336419038
  0
3DFACE
  8
0
1001
WEBCAD
1000
E7
 10
306.57806657148285
 20
133.96606880955713
 30
-67.19279336419038
 11
326.8138148624985
 21
130.75566536717432
 31
-78.60805749382905
 12
324.14313004804535
 22
123.41807991795557
 32
-78.60805749382905
 13
324.14313004804535
 23
123.41807991795557
 33
-78.60805749382905
  0
3DFACE
  8
0
1001
WEBCAD
1000
E7
 10
306.57806657148285
 20
133.96606880955713
 30
-67.19279336419038
 11
313.9156520207016
 21
146.6751447372915
 31
-67.19279336419038
 12
326.8138148624985
 22
130.75566536717432
 32
-78.60805749382905
 13
326.8138148624985
 23
130.75566536717432
 33
-78.60805749382905
  0
3DFACE
  8
0
1001
WEBCAD
1000
E7
 10
395.8783290226547
 20
161.12736946873682
 30
-28.24990891899995
 11
395.5886561710922
 21
147.97917610936182
 31
-49.7035889574521
 12
382.87958024335785
 22
163.1252637558462
 32
-49.7035889574521
 13
382.87958024335785
 23
163.1252637558462
 33
-49.7035889574521
  0
3DFACE
  8
0
1001
WEBCAD
1000
E7
 10
395.8783290226547
 20
161.12736946873682
 30
-28.24990891899995
 11
407.7512538273422
 21
119.51382881932275
 31
-40.14562272515229
 12
395.5886561710922
 22
147.97917610936182
 32
-49.7035889574521
 13
395.5886561710922
 23
147.97917610936182
 33
-49.7035889574521
  0
3DFACE
  8
0
1001
WEBCAD
1000
E7
 10
395.8783290226547
 20
161.12736946873682
 30
-28.24990891899995
 11
407.12018082929535
 21
141.65593392186182
 31
-28.24990891899995
 12
407.7512538273422
 22
119.51382881932275
 32
-40.14562272515229
 13
407.7512538273422
 23
119.51382881932275
 33
-40.14562272515229
  0
3DFACE
  8
0
1001
WEBCAD
1000
E7
 10
331.8330104191391
 20
102.29033333592432
 30
-78.60805749382905
 11
326.8138148624985
 21
108.27199227147119
 31
-78.60805749382905
 12
346.2852504093735
 22
119.51382881932275
 32
-82.57253503289155
 13
346.2852504093735
 23
119.51382881932275
 33
-82.57253503289155
  0
3DFACE
  8
0
1001
WEBCAD
1000
E7
 10
326.8138148624985
 20
173.01117379002588
 30
-49.7035889574521
 11
346.2852504093735
 21
176.44450814061182
 31
-49.7035889574521
 12
338.9476649601547
 22
161.12736946873682
 32
-67.19279336419038
 13
338.9476649601547
 23
161.12736946873682
 33
-67.19279336419038
  0
3DFACE
  8
0
1001
WEBCAD
1000
E7
 10
326.8138148624985
 20
173.01117379002588
 30
-49.7035889574521
 11
338.9476649601547
 21
161.12736946873682
 31
-67.19279336419038
 12
325.1575038273422
 22
156.1081739120962
 32
-67.19279336419038
 13
325.1575038273422
 23
156.1081739120962
 33
-67.19279336419038
  0
3DFACE
  8
0
1001
WEBCAD
1000
E7
 10
304.02972672773285
 20
119.51382881932275
 30
-67.19279336419038
 11
324.14313004804535
 21
123.41807991795557
 31
-78.60805749382905
 12
324.14313004804535
 22
115.60957772068994
 32
-78.60805749382905
 13
324.14313004804535
 23
115.60957772068994
 33
-78.60805749382905
  0
3DFACE
  8
0
1001
WEBCAD
1000
E7
 10
304.02972672773285
 20
119.51382881932275
 30
-67.19279336419038
 11
306.57806657148285
 21
133.96606880955713
 31
-67.19279336419038
 12
324.14313004804535
 22
123.41807991795557
 32
-78.60805749382905
 13
324.14313004804535
 23
123.41807991795557
 33
-78.60805749382905
  0
3DFACE
  8
0
1001
WEBCAD
1000
E7
 10
378.65484879804535
 20
175.5796094589712
 30
-28.24990891899995
 11
382.87958024335785
 21
163.1252637558462
 31
-49.7035889574521
 12
365.7566859562485
 22
173.01117379002588
 32
-49.7035889574521
 13
365.7566859562485
 23
173.01117379002588
 33
-49.7035889574521
  0
3DFACE
  8
0
1001
WEBCAD
1000
E7
 10
378.65484879804535
 20
175.5796094589712
 30
-28.24990891899995
 11
395.8783290226547
 21
161.12736946873682
 31
-28.24990891899995
 12
382.87958024335785
 22
163.1252637558462
 32
-49.7035889574521
 13
382.87958024335785
 23
163.1252637558462
 33
-49.7035889574521
  0
3DFACE
  8
0
1001
WEBCAD
1000
E7
 10
338.5953700382797
 20
98.38607460789697
 30
-78.60805749382905
 11
331.8330104191391
 21
102.29033333592432
 31
-78.60805749382905
 12
346.2852504093735
 22
119.51382881932275
 32
-82.57253503289155
 13
346.2852504093735
 23
119.51382881932275
 33
-82.57253503289155
  0
3DFACE
  8
0
1001
WEBCAD
1000
E7
 10
309.690890057811
 20
163.1252637558462
 30
-49.7035889574521
 11
326.8138148624985
 21
173.01117379002588
 31
-49.7035889574521
 12
325.1575038273422
 22
156.1081739120962
 32
-67.19279336419038
 13
325.1575038273422
 23
156.1081739120962
 33
-67.19279336419038
  0
3DFACE
  8
0
1001
WEBCAD
1000
E7
 10
309.690890057811
 20
163.1252637558462
 30
-49.7035889574521
 11
325.1575038273422
 21
156.1081739120962
 31
-67.19279336419038
 12
313.9156520207016
 22
146.6751447372915
 32
-67.19279336419038
 13
313.9156520207016
 23
146.6751447372915
 33
-67.19279336419038
  0
3DFACE
  8
0
1001
WEBCAD
1000
E7
 10
410.0408961613266
 20
130.75566536717432
 30
-5.41937684502534
 11
407.7512538273422
 21
119.51382881932275
 31
6.476336961127004
 12
411.5438258488266
 22
119.51382881932275
 32
-8.910815233849803
 13
411.5438258488266
 23
119.51382881932275
 33
-8.910815233849803
  0
3DFACE
  8
0
1001
WEBCAD
1000
E7
 10
306.57806657148285
 20
105.06158882908838
 30
-67.19279336419038
 11
324.14313004804535
 21
115.60957772068994
 31
-78.60805749382905
 12
326.8138148624985
 22
108.27199227147119
 32
-78.60805749382905
 13
326.8138148624985
 23
108.27199227147119
 33
-78.60805749382905
  0
3DFACE
  8
0
1001
WEBCAD
1000
E7
 10
306.57806657148285
 20
105.06158882908838
 30
-67.19279336419038
 11
304.02972672773285
 21
119.51382881932275
 31
-67.19279336419038
 12
324.14313004804535
 22
115.60957772068994
 32
-78.60805749382905
 13
324.14313004804535
 23
115.60957772068994
 33
-78.60805749382905
  0
3DFACE
  8
0
1001
WEBCAD
1000
E7
 10
357.5271022160141
 20
183.26948983006494
 30
-28.24990891899995
 11
365.7566859562485
 21
173.01117379002588
 31
-49.7035889574521
 12
346.2852504093735
 22
176.44450814061182
 32
-49.7035889574521
 13
346.2852504093735
 23
176.44450814061182
 33
-49.7035889574521
  0
3DFACE
  8
0
1001
WEBCAD
1000
E7
 10
357.5271022160141
 20
183.26948983006494
 30
-28.24990891899995
 11
378.65484879804535
 21
175.5796094589712
 31
-28.24990891899995
 12
365.7566859562485
 22
173.01117379002588
 32
-49.7035889574521
 13
365.7566859562485
 23
173.01117379002588
 33
-49.7035889574521
  0
3DFACE
  8
0
1001
WEBCAD
1000
E7
 10
346.2852504093735
 20
97.03014046483057
 30
-78.60805749382905
 11
338.5953700382797
 21
98.38607460789697
 31
-78.60805749382905
 12
346.2852504093735
 22
119.51382881932275
 32
-82.57253503289155
 13
346.2852504093735
 23
119.51382881932275
 33
-82.57253503289155
  0
3DFACE
  8
0
1001
WEBCAD
1000
E7
 10
296.9818141300766
 20
147.97917610936182
 30
-49.7035889574521
 11
313.9156520207016
 21
146.6751447372915
 31
-67.19279336419038
 12
306.57806657148285
 22
133.96606880955713
 32
-67.19279336419038
 13
306.57806657148285
 23
133.96606880955713
 33
-67.19279336419038
  0
3DFACE
  8
0
1001
WEBCAD
1000
E7
 10
296.9818141300766
 20
147.97917610936182
 30
-49.7035889574521
 11
309.690890057811
 21
163.1252637558462
 31
-49.7035889574521
 12
313.9156520207016
 22
146.6751447372915
 32
-67.19279336419038
 13
313.9156520207016
 23
146.6751447372915
 33
-67.19279336419038
  0
3DFACE
  8
0
1001
WEBCAD
1000
E7
 10
402.35101579023285
 20
151.88342720799463
 30
-5.41937684502534
 11
407.7512538273422
 21
119.51382881932275
 31
6.476336961127004
 12
410.0408961613266
 22
130.75566536717432
 32
-5.41937684502534
 13
410.0408961613266
 23
130.75566536717432
 33
-5.41937684502534
  0
3DFACE
  8
0
1001
WEBCAD
1000
E7
 10
402.35101579023285
 20
151.88342720799463
 30
-5.41937684502534
 11
407.12018082929535
 21
141.65593392186182
 31
-28.24990891899995
 12
395.8783290226547
 22
161.12736946873682
 32
-28.24990891899995
 13
395.8783290226547
 23
161.12736946873682
 33
-28.24990891899995
  0
3DFACE
  8
0
1001
WEBCAD
1000
E7
 10
402.35101579023285
 20
151.88342720799463
 30
-5.41937684502534
 11
410.0408961613266
 21
130.75566536717432
 31
-5.41937684502534
 12
411.5438258488266
 22
119.51382881932275
 32
-8.910815233849803
 13
411.5438258488266
 23
119.51382881932275
 33
-8.910815233849803
  0
3DFACE
  8
0
1001
WEBCAD
1000
E7
 10
402.35101579023285
 20
151.88342720799463
 30
-5.41937684502534
 11
411.5438258488266
 21
119.51382881932275
 31
-8.910815233849803
 12
407.12018082929535
 22
141.65593392186182
 32
-28.24990891899995
 13
407.12018082929535
 23
141.65593392186182
 33
-28.24990891899995
  0
3DFACE
  8
0
1001
WEBCAD
1000
E7
 10
313.9156520207016
 20
92.352512901354
 30
-67.19279336419038
 11
326.8138148624985
 21
108.27199227147119
 31
-78.60805749382905
 12
331.8330104191391
 22
102.29033333592432
 32
-78.60805749382905
 13
331.8330104191391
 23
102.29033333592432
 33
-78.60805749382905
  0
3DFACE
  8
0
1001
WEBCAD
1000
E7
 10
313.9156520207016
 20
92.352512901354
 30
-67.19279336419038
 11
306.57806657148285
 21
105.06158882908838
 31
-67.19279336419038
 12
326.8138148624985
 22
108.27199227147119
 32
-78.60805749382905
 13
326.8138148624985
 23
108.27199227147119
 33
-78.60805749382905
  0
3DFACE
  8
0
1001
WEBCAD
1000
E7
 10
335.04339860273285
 20
183.26948983006494
 30
-28.24990891899995
 11
346.2852504093735
 21
176.44450814061182
 31
-49.7035889574521
 12
326.8138148624985
 22
173.01117379002588
 32
-49.7035889574521
 13
326.8138148624985
 23
173.01117379002588
 33
-49.7035889574521
  0
3DFACE
  8
0
1001
WEBCAD
1000
E7
 10
335.04339860273285
 20
183.26948983006494
 30
-28.24990891899995
 11
357.5271022160141
 21
183.26948983006494
 31
-28.24990891899995
 12
346.2852504093735
 22
176.44450814061182
 32
-49.7035889574521
 13
346.2852504093735
 23
176.44450814061182
 33
-49.7035889574521
  0
3DFACE
  8
0
1001
WEBCAD
1000
E7
 10
353.9751307804672
 20
98.38607460789697
 30
-78.60805749382905
 11
346.2852504093735
 21
97.03014046483057
 31
-78.60805749382905
 12
346.2852504093735
 22
119.51382881932275
 32
-82.57253503289155
 13
346.2852504093735
 23
119.51382881932275
 33
-82.57253503289155
  0
3DFACE
  8
0
1001
WEBCAD
1000
E7
 10
290.219454510936
 20
129.39973885350244
 30
-49.7035889574521
 11
306.57806657148285
 21
133.96606880955713
 31
-67.19279336419038
 12
304.02972672773285
 22
119.51382881932275
 32
-67.19279336419038
 13
304.02972672773285
 23
119.51382881932275
 33
-67.19279336419038
  0
3DFACE
  8
0
1001
WEBCAD
1000
E7
 10
290.219454510936
 20
129.39973885350244
 30
-49.7035889574521
 11
296.9818141300766
 21
147.97917610936182
 31
-49.7035889574521
 12
306.57806657148285
 22
133.96606880955713
 32
-67.19279336419038
 13
306.57806657148285
 23
133.96606880955713
 33
-67.19279336419038
  0
3DFACE
  8
0
1001
WEBCAD
1000
E7
 10
387.8988063175766
 20
169.10692269139307
 30
-5.41937684502534
 11
395.8783290226547
 21
161.12736946873682
 31
-28.24990891899995
 12
378.65484879804535
 22
175.5796094589712
 32
-28.24990891899995
 13
378.65484879804535
 23
175.5796094589712
 33
-28.24990891899995
  0
3DFACE
  8
0
1001
WEBCAD
1000
E7
 10
387.8988063175766
 20
169.10692269139307
 30
-5.41937684502534
 11
402.35101579023285
 21
151.88342720799463
 31
-5.41937684502534
 12
395.8783290226547
 22
161.12736946873682
 32
-28.24990891899995
 13
395.8783290226547
 23
161.12736946873682
 33
-28.24990891899995
  0
3DFACE
  8
0
1001
WEBCAD
1000
E7
 10
325.1575038273422
 20
82.91948372654932
 30
-67.19279336419038
 11
331.8330104191391
 21
102.29033333592432
 31
-78.60805749382905
 12
338.5953700382797
 22
98.38607460789697
 32
-78.60805749382905
 13
338.5953700382797
 23
98.38607460789697
 33
-78.60805749382905
  0
3DFACE
  8
0
1001
WEBCAD
1000
E7
 10
325.1575038273422
 20
82.91948372654932
 30
-67.19279336419038
 11
313.9156520207016
 21
92.352512901354
 31
-67.19279336419038
 12
331.8330104191391
 22
102.29033333592432
 32
-78.60805749382905
 13
331.8330104191391
 23
102.29033333592432
 33
-78.60805749382905
  0
3DFACE
  8
0
1001
WEBCAD
1000
E7
 10
313.9156520207016
 20
175.5796094589712
 30
-28.24990891899995
 11
335.04339860273285
 21
183.26948983006494
 31
-28.24990891899995
 12
326.8138148624985
 22
173.01117379002588
 32
-49.7035889574521
 13
326.8138148624985
 23
173.01117379002588
 33
-49.7035889574521
  0
3DFACE
  8
0
1001
WEBCAD
1000
E7
 10
313.9156520207016
 20
175.5796094589712
 30
-28.24990891899995
 11
326.8138148624985
 21
173.01117379002588
 31
-49.7035889574521
 12
309.690890057811
 22
163.1252637558462
 32
-49.7035889574521
 13
309.690890057811
 23
163.1252637558462
 33
-49.7035889574521
  0
3DFACE
  8
0
1001
WEBCAD
1000
E7
 10
360.73749039960785
 20
102.29033333592432
 30
-78.60805749382905
 11
353.9751307804672
 21
98.38607460789697
 31
-78.60805749382905
 12
346.2852504093735
 22
119.51382881932275
 32
-82.57253503289155
 13
346.2852504093735
 23
119.51382881932275
 33
-82.57253503289155
  0
3DFACE
  8
0
1001
WEBCAD
1000
E7
 10
290.219454510936
 20
109.62791878514307
 30
-49.7035889574521
 11
304.02972672773285
 21
119.51382881932275
 31
-67.19279336419038
 12
306.57806657148285
 22
105.06158882908838
 32
-67.19279336419038
 13
306.57806657148285
 23
105.06158882908838
 33
-67.19279336419038
  0
3DFACE
  8
0
1001
WEBCAD
1000
E7
 10
290.219454510936
 20
109.62791878514307
 30
-49.7035889574521
 11
290.219454510936
 21
129.39973885350244
 31
-49.7035889574521
 12
304.02972672773285
 22
119.51382881932275
 32
-67.19279336419038
 13
304.02972672773285
 23
119.51382881932275
 33
-67.19279336419038
  0
3DFACE
  8
0
1001
WEBCAD
1000
E7
 10
368.4273402531235
 20
180.34875923924463
 30
-5.41937684502534
 11
387.8988063175766
 21
169.10692269139307
 31
-5.41937684502534
 12
378.65484879804535
 22
175.5796094589712
 32
-28.24990891899995
 13
378.65484879804535
 23
175.5796094589712
 33
-28.24990891899995
  0
3DFACE
  8
0
1001
WEBCAD
1000
E7
 10
368.4273402531235
 20
180.34875923924463
 30
-5.41937684502534
 11
378.65484879804535
 21
175.5796094589712
 31
-28.24990891899995
 12
357.5271022160141
 22
183.26948983006494
 32
-28.24990891899995
 13
357.5271022160141
 23
183.26948983006494
 33
-28.24990891899995
  0
3DFACE
  8
0
1001
WEBCAD
1000
E7
 10
338.9476649601547
 20
77.90028054051416
 30
-67.19279336419038
 11
325.1575038273422
 21
82.91948372654932
 31
-67.19279336419038
 12
338.5953700382797
 22
98.38607460789697
 32
-78.60805749382905
 13
338.5953700382797
 23
98.38607460789697
 33
-78.60805749382905
  0
3DFACE
  8
0
1001
WEBCAD
1000
E7
 10
338.9476649601547
 20
77.90028054051416
 30
-67.19279336419038
 11
338.5953700382797
 21
98.38607460789697
 31
-78.60805749382905
 12
346.2852504093735
 22
97.03014046483057
 32
-78.60805749382905
 13
346.2852504093735
 23
97.03014046483057
 33
-78.60805749382905
  0
3DFACE
  8
0
1001
WEBCAD
1000
E7
 10
296.6921412785141
 20
161.12736946873682
 30
-28.24990891899995
 11
309.690890057811
 21
163.1252637558462
 31
-49.7035889574521
 12
296.9818141300766
 22
147.97917610936182
 32
-49.7035889574521
 13
296.9818141300766
 23
147.97917610936182
 33
-49.7035889574521
  0
3DFACE
  8
0
1001
WEBCAD
1000
E7
 10
296.6921412785141
 20
161.12736946873682
 30
-28.24990891899995
 11
313.9156520207016
 21
175.5796094589712
 31
-28.24990891899995
 12
309.690890057811
 22
163.1252637558462
 32
-49.7035889574521
 13
309.690890057811
 23
163.1252637558462
 33
-49.7035889574521
  0
3DFACE
  8
0
1001
WEBCAD
1000
E7
 10
399.7825953800766
 20
138.98526436619775
 30
16.03430319342681
 11
400.3864772160141
 21
119.51382881932275
 31
20.50873709235259
 12
407.7512538273422
 22
119.51382881932275
 32
6.476336961127004
 13
407.7512538273422
 23
119.51382881932275
 33
6.476336961127004
  0
3DFACE
  8
0
1001
WEBCAD
1000
E7
 10
365.7566859562485
 20
108.27199227147119
 30
-78.60805749382905
 11
346.2852504093735
 21
119.51382881932275
 31
-82.57253503289155
 12
362.0173671085922
 22
119.51382881932275
 32
-80.66231393303804
 13
362.0173671085922
 23
119.51382881932275
 33
-80.66231393303804
  0
3DFACE
  8
0
1001
WEBCAD
1000
E7
 10
365.7566859562485
 20
108.27199227147119
 30
-78.60805749382905
 11
360.73749039960785
 21
102.29033333592432
 31
-78.60805749382905
 12
346.2852504093735
 22
119.51382881932275
 32
-82.57253503289155
 13
346.2852504093735
 23
119.51382881932275
 33
-82.57253503289155
  0
3DFACE
  8
0
1001
WEBCAD
1000
E7
 10
296.9818141300766
 20
91.04848152928369
 30
-49.7035889574521
 11
290.219454510936
 21
109.62791878514307
 31
-49.7035889574521
 12
306.57806657148285
 22
105.06158882908838
 32
-67.19279336419038
 13
306.57806657148285
 23
105.06158882908838
 33
-67.19279336419038
  0
3DFACE
  8
0
1001
WEBCAD
1000
E7
 10
296.9818141300766
 20
91.04848152928369
 30
-49.7035889574521
 11
306.57806657148285
 21
105.06158882908838
 31
-67.19279336419038
 12
313.9156520207016
 22
92.352512901354
 32
-67.19279336419038
 13
313.9156520207016
 23
92.352512901354
 33
-67.19279336419038
  0
3DFACE
  8
0
1001
WEBCAD
1000
E7
 10
346.2852504093735
 20
184.25301033787744
 30
-5.41937684502534
 11
357.5271022160141
 21
183.26948983006494
 31
-28.24990891899995
 12
335.04339860273285
 22
183.26948983006494
 32
-28.24990891899995
 13
335.04339860273285
 23
183.26948983006494
 33
-28.24990891899995
  0
3DFACE
  8
0
1001
WEBCAD
1000
E7
 10
346.2852504093735
 20
184.25301033787744
 30
-5.41937684502534
 11
368.4273402531235
 21
180.34875923924463
 31
-5.41937684502534
 12
357.5271022160141
 22
183.26948983006494
 32
-28.24990891899995
 13
357.5271022160141
 23
183.26948983006494
 33
-28.24990891899995
  0
3DFACE
  8
0
1001
WEBCAD
1000
E7
 10
353.6228358585922
 20
77.90028054051416
 30
-67.19279336419038
 11
346.2852504093735
 21
97.03014046483057
 31
-78.60805749382905
 12
353.9751307804672
 22
98.38607460789697
 32
-78.60805749382905
 13
353.9751307804672
 23
98.38607460789697
 33
-78.60805749382905
  0
3DFACE
  8
0
1001
WEBCAD
1000
E7
 10
353.6228358585922
 20
77.90028054051416
 30
-67.19279336419038
 11
338.9476649601547
 21
77.90028054051416
 31
-67.19279336419038
 12
346.2852504093735
 22
97.03014046483057
 32
-78.60805749382905
 13
346.2852504093735
 23
97.03014046483057
 33
-78.60805749382905
  0
3DFACE
  8
0
1001
WEBCAD
1000
E7
 10
285.4503199894516
 20
141.65593392186182
 30
-28.24990891899995
 11
296.6921412785141
 21
161.12736946873682
 31
-28.24990891899995
 12
296.9818141300766
 22
147.97917610936182
 32
-49.7035889574521
 13
296.9818141300766
 23
147.97917610936182
 33
-49.7035889574521
  0
3DFACE
  8
0
1001
WEBCAD
1000
E7
 10
285.4503199894516
 20
141.65593392186182
 30
-28.24990891899995
 11
296.9818141300766
 21
147.97917610936182
 31
-49.7035889574521
 12
290.219454510936
 22
129.39973885350244
 32
-49.7035889574521
 13
290.219454510936
 23
129.39973885350244
 33
-49.7035889574521
  0
3DFACE
  8
0
1001
WEBCAD
1000
E7
 10
389.89667008710785
 20
156.1081739120962
 30
16.03430319342681
 11
407.7512538273422
 21
119.51382881932275
 31
6.476336961127004
 12
402.35101579023285
 22
151.88342720799463
 32
-5.41937684502534
 13
402.35101579023285
 23
151.88342720799463
 33
-5.41937684502534
  0
3DFACE
  8
0
1001
WEBCAD
1000
E7
 10
389.89667008710785
 20
156.1081739120962
 30
16.03430319342681
 11
399.7825953800766
 21
138.98526436619775
 31
16.03430319342681
 12
407.7512538273422
 22
119.51382881932275
 32
6.476336961127004
 13
407.7512538273422
 23
119.51382881932275
 33
6.476336961127004
  0
3DFACE
  8
0
1001
WEBCAD
1000
E7
 10
389.89667008710785
 20
156.1081739120962
 30
16.03430319342681
 11
402.35101579023285
 21
151.88342720799463
 31
-5.41937684502534
 12
387.8988063175766
 22
169.10692269139307
 32
-5.41937684502534
 13
387.8988063175766
 23
169.10692269139307
 33
-5.41937684502534
  0
3DFACE
  8
0
1001
WEBCAD
1000
E7
 10
368.4273402531235
 20
115.60957772068994
 30
-78.60805749382905
 11
365.7566859562485
 21
108.27199227147119
 31
-78.60805749382905
 12
362.0173671085922
 22
119.51382881932275
 32
-80.66231393303804
 13
362.0173671085922
 23
119.51382881932275
 33
-80.66231393303804
  0
3DFACE
  8
0
1001
WEBCAD
1000
E7
 10
368.4273402531235
 20
115.60957772068994
 30
-78.60805749382905
 11
376.835177167186
 21
119.51382881932275
 31
-75.04265832390718
 12
365.7566859562485
 22
108.27199227147119
 32
-78.60805749382905
 13
365.7566859562485
 23
108.27199227147119
 33
-78.60805749382905
  0
3DFACE
  8
0
1001
WEBCAD
1000
E7
 10
368.4273402531235
 20
115.60957772068994
 30
-78.60805749382905
 11
362.0173671085922
 21
119.51382881932275
 31
-80.66231393303804
 12
376.835177167186
 22
119.51382881932275
 32
-75.04265832390718
 13
376.835177167186
 23
119.51382881932275
 33
-75.04265832390718
  0
3DFACE
  8
0
1001
WEBCAD
1000
E7
 10
309.690890057811
 20
75.90239388279932
 30
-49.7035889574521
 11
296.9818141300766
 21
91.04848152928369
 31
-49.7035889574521
 12
313.9156520207016
 22
92.352512901354
 32
-67.19279336419038
 13
313.9156520207016
 23
92.352512901354
 33
-67.19279336419038
  0
3DFACE
  8
0
1001
WEBCAD
1000
E7
 10
309.690890057811
 20
75.90239388279932
 30
-49.7035889574521
 11
313.9156520207016
 21
92.352512901354
 31
-67.19279336419038
 12
325.1575038273422
 22
82.91948372654932
 32
-67.19279336419038
 13
325.1575038273422
 23
82.91948372654932
 33
-67.19279336419038
  0
3DFACE
  8
0
1001
WEBCAD
1000
E7
 10
324.14313004804535
 20
180.34875923924463
 30
-5.41937684502534
 11
346.2852504093735
 21
184.25301033787744
 31
-5.41937684502534
 12
335.04339860273285
 22
183.26948983006494
 32
-28.24990891899995
 13
335.04339860273285
 23
183.26948983006494
 33
-28.24990891899995
  0
3DFACE
  8
0
1001
WEBCAD
1000
E7
 10
324.14313004804535
 20
180.34875923924463
 30
-5.41937684502534
 11
335.04339860273285
 21
183.26948983006494
 31
-28.24990891899995
 12
313.9156520207016
 22
175.5796094589712
 32
-28.24990891899995
 13
313.9156520207016
 23
175.5796094589712
 33
-28.24990891899995
  0
3DFACE
  8
0
1001
WEBCAD
1000
E7
 10
367.4129969914047
 20
82.91948372654932
 30
-67.19279336419038
 11
353.6228358585922
 21
77.90028054051416
 31
-67.19279336419038
 12
353.9751307804672
 22
98.38607460789697
 32
-78.60805749382905
 13
353.9751307804672
 23
98.38607460789697
 33
-78.60805749382905
  0
3DFACE
  8
0
1001
WEBCAD
1000
E7
 10
367.4129969914047
 20
82.91948372654932
 30
-67.19279336419038
 11
353.9751307804672
 21
98.38607460789697
 31
-78.60805749382905
 12
360.73749039960785
 22
102.29033333592432
 32
-78.60805749382905
 13
360.73749039960785
 23
102.29033333592432
 33
-78.60805749382905
  0
3DFACE
  8
0
1001
WEBCAD
1000
E7
 10
281.5460536320297
 20
119.51382881932275
 30
-28.24990891899995
 11
285.4503199894516
 21
141.65593392186182
 31
-28.24990891899995
 12
290.219454510936
 22
129.39973885350244
 32
-49.7035889574521
 13
290.219454510936
 23
129.39973885350244
 33
-49.7035889574521
  0
3DFACE
  8
0
1001
WEBCAD
1000
E7
 10
281.5460536320297
 20
119.51382881932275
 30
-28.24990891899995
 11
290.219454510936
 21
129.39973885350244
 31
-49.7035889574521
 12
290.219454510936
 22
109.62791878514307
 32
-49.7035889574521
 13
290.219454510936
 23
109.62791878514307
 33
-49.7035889574521
  0
3DFACE
  8
0
1001
WEBCAD
1000
E7
 10
374.7505824406235
 20
168.81724983983057
 30
16.03430319342681
 11
389.89667008710785
 21
156.1081739120962
 31
16.03430319342681
 12
387.8988063175766
 22
169.10692269139307
 32
-5.41937684502534
 13
387.8988063175766
 23
169.10692269139307
 33
-5.41937684502534
  0
3DFACE
  8
0
1001
WEBCAD
1000
E7
 10
374.7505824406235
 20
168.81724983983057
 30
16.03430319342681
 11
387.8988063175766
 21
169.10692269139307
 31
-5.41937684502534
 12
368.4273402531235
 22
180.34875923924463
 32
-5.41937684502534
 13
368.4273402531235
 23
180.34875923924463
 33
-5.41937684502534
  0
3DFACE
  8
0
1001
WEBCAD
1000
E7
 10
326.8138148624985
 20
66.01648384861963
 30
-49.7035889574521
 11
309.690890057811
 21
75.90239388279932
 31
-49.7035889574521
 12
325.1575038273422
 22
82.91948372654932
 32
-67.19279336419038
 13
325.1575038273422
 23
82.91948372654932
 33
-67.19279336419038
  0
3DFACE
  8
0
1001
WEBCAD
1000
E7
 10
326.8138148624985
 20
66.01648384861963
 30
-49.7035889574521
 11
325.1575038273422
 21
82.91948372654932
 31
-67.19279336419038
 12
338.9476649601547
 22
77.90028054051416
 32
-67.19279336419038
 13
338.9476649601547
 23
77.90028054051416
 33
-67.19279336419038
  0
3DFACE
  8
0
1001
WEBCAD
1000
E7
 10
304.67169450117035
 20
169.10692269139307
 30
-5.41937684502534
 11
313.9156520207016
 21
175.5796094589712
 31
-28.24990891899995
 12
296.6921412785141
 22
161.12736946873682
 32
-28.24990891899995
 13
296.6921412785141
 23
161.12736946873682
 33
-28.24990891899995
  0
3DFACE
  8
0
1001
WEBCAD
1000
E7
 10
304.67169450117035
 20
169.10692269139307
 30
-5.41937684502534
 11
324.14313004804535
 21
180.34875923924463
 31
-5.41937684502534
 12
313.9156520207016
 22
175.5796094589712
 32
-28.24990891899995
 13
313.9156520207016
 23
175.5796094589712
 33
-28.24990891899995
  0
3DFACE
  8
0
1001
WEBCAD
1000
E7
 10
387.8988063175766
 20
126.8514142685415
 30
33.52350760016509
 11
389.8775355656235
 21
119.51382881932275
 31
32.37087774787017
 12
400.3864772160141
 22
119.51382881932275
 32
20.50873709235259
 13
400.3864772160141
 23
119.51382881932275
 33
20.50873709235259
  0
3DFACE
  8
0
1001
WEBCAD
1000
E7
 10
387.8988063175766
 20
126.8514142685415
 30
33.52350760016509
 11
376.835177167186
 21
119.51382881932275
 31
41.373372559881886
 12
389.8775355656235
 22
119.51382881932275
 32
32.37087774787017
 13
389.8775355656235
 23
119.51382881932275
 33
32.37087774787017
  0
3DFACE
  8
0
1001
WEBCAD
1000
E7
 10
378.65484879804535
 20
92.352512901354
 30
-67.19279336419038
 11
360.73749039960785
 21
102.29033333592432
 31
-78.60805749382905
 12
365.7566859562485
 22
108.27199227147119
 32
-78.60805749382905
 13
365.7566859562485
 23
108.27199227147119
 33
-78.60805749382905
  0
3DFACE
  8
0
1001
WEBCAD
1000
E7
 10
378.65484879804535
 20
92.352512901354
 30
-67.19279336419038
 11
367.4129969914047
 21
82.91948372654932
 31
-67.19279336419038
 12
360.73749039960785
 22
102.29033333592432
 32
-78.60805749382905
 13
360.73749039960785
 23
102.29033333592432
 33
-78.60805749382905
  0
3DFACE
  8
0
1001
WEBCAD
1000
E7
 10
285.4503199894516
 20
97.37172371678369
 30
-28.24990891899995
 11
281.5460536320297
 21
119.51382881932275
 31
-28.24990891899995
 12
290.219454510936
 22
109.62791878514307
 32
-49.7035889574521
 13
290.219454510936
 23
109.62791878514307
 33
-49.7035889574521
  0
3DFACE
  8
0
1001
WEBCAD
1000
E7
 10
285.4503199894516
 20
97.37172371678369
 30
-28.24990891899995
 11
290.219454510936
 21
109.62791878514307
 31
-49.7035889574521
 12
296.9818141300766
 22
91.04848152928369
 32
-49.7035889574521
 13
296.9818141300766
 23
91.04848152928369
 33
-49.7035889574521
  0
3DFACE
  8
0
1001
WEBCAD
1000
E7
 10
356.1711451847641
 20
175.5796094589712
 30
16.03430319342681
 11
368.4273402531235
 21
180.34875923924463
 31
-5.41937684502534
 12
346.2852504093735
 22
184.25301033787744
 32
-5.41937684502534
 13
346.2852504093735
 23
184.25301033787744
 33
-5.41937684502534
  0
3DFACE
  8
0
1001
WEBCAD
1000
E7
 10
356.1711451847641
 20
175.5796094589712
 30
16.03430319342681
 11
374.7505824406235
 21
168.81724983983057
 31
16.03430319342681
 12
368.4273402531235
 22
180.34875923924463
 32
-5.41937684502534
 13
368.4273402531235
 23
180.34875923924463
 33
-5.41937684502534
  0
3DFACE
  8
0
1001
WEBCAD
1000
E7
 10
346.2852504093735
 20
62.58314186863916
 30
-49.7035889574521
 11
326.8138148624985
 21
66.01648384861963
 31
-49.7035889574521
 12
338.9476649601547
 22
77.90028054051416
 32
-67.19279336419038
 13
338.9476649601547
 23
77.90028054051416
 33
-67.19279336419038
  0
3DFACE
  8
0
1001
WEBCAD
1000
E7
 10
346.2852504093735
 20
62.58314186863916
 30
-49.7035889574521
 11
338.9476649601547
 21
77.90028054051416
 31
-67.19279336419038
 12
353.6228358585922
 22
77.90028054051416
 32
-67.19279336419038
 13
353.6228358585922
 23
77.90028054051416
 33
-67.19279336419038
  0
3DFACE
  8
0
1001
WEBCAD
1000
E7
 10
290.219454510936
 20
151.88342720799463
 30
-5.41937684502534
 11
304.67169450117035
 21
169.10692269139307
 31
-5.41937684502534
 12
296.6921412785141
 22
161.12736946873682
 32
-28.24990891899995
 13
296.6921412785141
 23
161.12736946873682
 33
-28.24990891899995
  0
3DFACE
  8
0
1001
WEBCAD
1000
E7
 10
290.219454510936
 20
151.88342720799463
 30
-5.41937684502534
 11
296.6921412785141
 21
161.12736946873682
 31
-28.24990891899995
 12
285.4503199894516
 22
141.65593392186182
 32
-28.24990891899995
 13
285.4503199894516
 23
141.65593392186182
 33
-28.24990891899995
  0
3DFACE
  8
0
1001
WEBCAD
1000
E7
 10
382.87958024335785
 20
140.641575401354
 30
33.52350760016509
 11
399.7825953800766
 21
138.98526436619775
 31
16.03430319342681
 12
389.89667008710785
 22
156.1081739120962
 32
16.03430319342681
 13
389.89667008710785
 23
156.1081739120962
 33
16.03430319342681
  0
3DFACE
  8
0
1001
WEBCAD
1000
E7
 10
382.87958024335785
 20
140.641575401354
 30
33.52350760016509
 11
387.8988063175766
 21
126.8514142685415
 31
33.52350760016509
 12
400.3864772160141
 22
119.51382881932275
 32
20.50873709235259
 13
400.3864772160141
 23
119.51382881932275
 33
20.50873709235259
  0
3DFACE
  8
0
1001
WEBCAD
1000
E7
 10
382.87958024335785
 20
140.641575401354
 30
33.52350760016509
 11
376.835177167186
 21
119.51382881932275
 31
41.373372559881886
 12
387.8988063175766
 22
126.8514142685415
 32
33.52350760016509
 13
387.8988063175766
 23
126.8514142685415
 33
33.52350760016509
  0
3DFACE
  8
0
1001
WEBCAD
1000
E7
 10
382.87958024335785
 20
140.641575401354
 30
33.52350760016509
 11
400.3864772160141
 21
119.51382881932275
 31
20.50873709235259
 12
399.7825953800766
 22
138.98526436619775
 32
16.03430319342681
 13
399.7825953800766
 23
138.98526436619775
 33
16.03430319342681
  0
3DFACE
  8
0
1001
WEBCAD
1000
E7
 10
385.9924342472641
 20
105.06158882908838
 30
-67.19279336419038
 11
365.7566859562485
 21
108.27199227147119
 31
-78.60805749382905
 12
376.835177167186
 22
119.51382881932275
 32
-75.04265832390718
 13
376.835177167186
 23
119.51382881932275
 33
-75.04265832390718
  0
3DFACE
  8
0
1001
WEBCAD
1000
E7
 10
385.9924342472641
 20
105.06158882908838
 30
-67.19279336419038
 11
376.835177167186
 21
119.51382881932275
 31
-75.04265832390718
 12
389.8775355656235
 22
119.51382881932275
 32
-66.04016351189546
 13
389.8775355656235
 23
119.51382881932275
 33
-66.04016351189546
  0
3DFACE
  8
0
1001
WEBCAD
1000
E7
 10
385.9924342472641
 20
105.06158882908838
 30
-67.19279336419038
 11
389.8775355656235
 21
119.51382881932275
 31
-66.04016351189546
 12
400.3864772160141
 22
119.51382881932275
 32
-54.17802285637788
 13
400.3864772160141
 23
119.51382881932275
 33
-54.17802285637788
  0
3DFACE
  8
0
1001
WEBCAD
1000
E7
 10
385.9924342472641
 20
105.06158882908838
 30
-67.19279336419038
 11
378.65484879804535
 21
92.352512901354
 31
-67.19279336419038
 12
365.7566859562485
 22
108.27199227147119
 32
-78.60805749382905
 13
365.7566859562485
 23
108.27199227147119
 33
-78.60805749382905
  0
3DFACE
  8
0
1001
WEBCAD
1000
E7
 10
296.6921412785141
 20
77.90028054051416
 30
-28.24990891899995
 11
296.9818141300766
 21
91.04848152928369
 31
-49.7035889574521
 12
309.690890057811
 22
75.90239388279932
 32
-49.7035889574521
 13
309.690890057811
 23
75.90239388279932
 33
-49.7035889574521
  0
3DFACE
  8
0
1001
WEBCAD
1000
E7
 10
296.6921412785141
 20
77.90028054051416
 30
-28.24990891899995
 11
285.4503199894516
 21
97.37172371678369
 31
-28.24990891899995
 12
296.9818141300766
 22
91.04848152928369
 32
-49.7035889574521
 13
296.9818141300766
 23
91.04848152928369
 33
-49.7035889574521
  0
3DFACE
  8
0
1001
WEBCAD
1000
E7
 10
336.3993251164047
 20
175.5796094589712
 30
16.03430319342681
 11
356.1711451847641
 21
175.5796094589712
 31
16.03430319342681
 12
346.2852504093735
 22
184.25301033787744
 32
-5.41937684502534
 13
346.2852504093735
 23
184.25301033787744
 33
-5.41937684502534
  0
3DFACE
  8
0
1001
WEBCAD
1000
E7
 10
336.3993251164047
 20
175.5796094589712
 30
16.03430319342681
 11
346.2852504093735
 21
184.25301033787744
 31
-5.41937684502534
 12
324.14313004804535
 22
180.34875923924463
 32
-5.41937684502534
 13
324.14313004804535
 23
180.34875923924463
 33
-5.41937684502534
  0
3DFACE
  8
0
1001
WEBCAD
1000
E7
 10
365.7566859562485
 20
66.01648384861963
 30
-49.7035889574521
 11
346.2852504093735
 21
62.58314186863916
 31
-49.7035889574521
 12
353.6228358585922
 22
77.90028054051416
 32
-67.19279336419038
 13
353.6228358585922
 23
77.90028054051416
 33
-67.19279336419038
  0
3DFACE
  8
0
1001
WEBCAD
1000
E7
 10
365.7566859562485
 20
66.01648384861963
 30
-49.7035889574521
 11
353.6228358585922
 21
77.90028054051416
 31
-67.19279336419038
 12
367.4129969914047
 22
82.91948372654932
 32
-67.19279336419038
 13
367.4129969914047
 23
82.91948372654932
 33
-67.19279336419038
  0
3DFACE
  8
0
1001
WEBCAD
1000
E7
 10
282.52960465742035
 20
130.75566536717432
 30
-5.41937684502534
 11
290.219454510936
 21
151.88342720799463
 31
-5.41937684502534
 12
285.4503199894516
 22
141.65593392186182
 32
-28.24990891899995
 13
285.4503199894516
 23
141.65593392186182
 33
-28.24990891899995
  0
3DFACE
  8
0
1001
WEBCAD
1000
E7
 10
282.52960465742035
 20
130.75566536717432
 30
-5.41937684502534
 11
285.4503199894516
 21
141.65593392186182
 31
-28.24990891899995
 12
281.5460536320297
 22
119.51382881932275
 32
-28.24990891899995
 13
281.5460536320297
 23
119.51382881932275
 33
-28.24990891899995
  0
3DFACE
  8
0
1001
WEBCAD
1000
E7
 10
373.4465663273422
 20
151.88342720799463
 30
33.52350760016509
 11
389.89667008710785
 21
156.1081739120962
 31
16.03430319342681
 12
374.7505824406235
 22
168.81724983983057
 32
16.03430319342681
 13
374.7505824406235
 23
168.81724983983057
 33
16.03430319342681
  0
3DFACE
  8
0
1001
WEBCAD
1000
E7
 10
373.4465663273422
 20
151.88342720799463
 30
33.52350760016509
 11
382.87958024335785
 21
140.641575401354
 31
33.52350760016509
 12
389.89667008710785
 22
156.1081739120962
 32
16.03430319342681
 13
389.89667008710785
 23
156.1081739120962
 33
16.03430319342681
  0
3DFACE
  8
0
1001
WEBCAD
1000
E7
 10
313.9156520207016
 20
63.448048179674316
 30
-28.24990891899995
 11
296.6921412785141
 21
77.90028054051416
 31
-28.24990891899995
 12
309.690890057811
 22
75.90239388279932
 32
-49.7035889574521
 13
309.690890057811
 23
75.90239388279932
 33
-49.7035889574521
  0
3DFACE
  8
0
1001
WEBCAD
1000
E7
 10
313.9156520207016
 20
63.448048179674316
 30
-28.24990891899995
 11
309.690890057811
 21
75.90239388279932
 31
-49.7035889574521
 12
326.8138148624985
 22
66.01648384861963
 32
-49.7035889574521
 13
326.8138148624985
 23
66.01648384861963
 33
-49.7035889574521
  0
3DFACE
  8
0
1001
WEBCAD
1000
E7
 10
317.81988786054535
 20
168.81724983983057
 30
16.03430319342681
 11
324.14313004804535
 21
180.34875923924463
 31
-5.41937684502534
 12
304.67169450117035
 22
169.10692269139307
 32
-5.41937684502534
 13
304.67169450117035
 23
169.10692269139307
 33
-5.41937684502534
  0
3DFACE
  8
0
1001
WEBCAD
1000
E7
 10
317.81988786054535
 20
168.81724983983057
 30
16.03430319342681
 11
336.3993251164047
 21
175.5796094589712
 31
16.03430319342681
 12
324.14313004804535
 22
180.34875923924463
 32
-5.41937684502534
 13
324.14313004804535
 23
180.34875923924463
 33
-5.41937684502534
  0
3DFACE
  8
0
1001
WEBCAD
1000
E7
 10
382.87958024335785
 20
75.90239388279932
 30
-49.7035889574521
 11
367.4129969914047
 21
82.91948372654932
 31
-67.19279336419038
 12
378.65484879804535
 22
92.352512901354
 32
-67.19279336419038
 13
378.65484879804535
 23
92.352512901354
 33
-67.19279336419038
  0
3DFACE
  8
0
1001
WEBCAD
1000
E7
 10
382.87958024335785
 20
75.90239388279932
 30
-49.7035889574521
 11
365.7566859562485
 21
66.01648384861963
 31
-49.7035889574521
 12
367.4129969914047
 22
82.91948372654932
 32
-67.19279336419038
 13
367.4129969914047
 23
82.91948372654932
 33
-67.19279336419038
  0
3DFACE
  8
0
1001
WEBCAD
1000
E7
 10
282.52960465742035
 20
108.27199227147119
 30
-5.41937684502534
 11
282.52960465742035
 21
130.75566536717432
 31
-5.41937684502534
 12
281.5460536320297
 22
119.51382881932275
 32
-28.24990891899995
 13
281.5460536320297
 23
119.51382881932275
 33
-28.24990891899995
  0
3DFACE
  8
0
1001
WEBCAD
1000
E7
 10
282.52960465742035
 20
108.27199227147119
 30
-5.41937684502534
 11
281.5460536320297
 21
119.51382881932275
 31
-28.24990891899995
 12
285.4503199894516
 22
97.37172371678369
 32
-28.24990891899995
 13
285.4503199894516
 23
97.37172371678369
 33
-28.24990891899995
  0
3DFACE
  8
0
1001
WEBCAD
1000
E7
 10
360.73749039960785
 20
159.22101265721338
 30
33.52350760016509
 11
374.7505824406235
 21
168.81724983983057
 31
16.03430319342681
 12
356.1711451847641
 22
175.5796094589712
 32
16.03430319342681
 13
356.1711451847641
 23
175.5796094589712
 33
16.03430319342681
  0
3DFACE
  8
0
1001
WEBCAD
1000
E7
 10
360.73749039960785
 20
159.22101265721338
 30
33.52350760016509
 11
373.4465663273422
 21
151.88342720799463
 31
33.52350760016509
 12
374.7505824406235
 22
168.81724983983057
 32
16.03430319342681
 13
374.7505824406235
 23
168.81724983983057
 33
16.03430319342681
  0
3DFACE
  8
0
1001
WEBCAD
1000
E7
 10
335.04339860273285
 20
55.7581754379751
 30
-28.24990891899995
 11
313.9156520207016
 21
63.448048179674316
 31
-28.24990891899995
 12
326.8138148624985
 22
66.01648384861963
 32
-49.7035889574521
 13
326.8138148624985
 23
66.01648384861963
 33
-49.7035889574521
  0
3DFACE
  8
0
1001
WEBCAD
1000
E7
 10
335.04339860273285
 20
55.7581754379751
 30
-28.24990891899995
 11
326.8138148624985
 21
66.01648384861963
 31
-49.7035889574521
 12
346.2852504093735
 22
62.58314186863916
 32
-49.7035889574521
 13
346.2852504093735
 23
62.58314186863916
 33
-49.7035889574521
  0
3DFACE
  8
0
1001
WEBCAD
1000
E7
 10
302.673800214061
 20
156.1081739120962
 30
16.03430319342681
 11
304.67169450117035
 21
169.10692269139307
 31
-5.41937684502534
 12
290.219454510936
 22
151.88342720799463
 32
-5.41937684502534
 13
290.219454510936
 23
151.88342720799463
 33
-5.41937684502534
  0
3DFACE
  8
0
1001
WEBCAD
1000
E7
 10
302.673800214061
 20
156.1081739120962
 30
16.03430319342681
 11
317.81988786054535
 21
168.81724983983057
 31
16.03430319342681
 12
304.67169450117035
 22
169.10692269139307
 32
-5.41937684502534
 13
304.67169450117035
 23
169.10692269139307
 33
-5.41937684502534
  0
3DFACE
  8
0
1001
WEBCAD
1000
E7
 10
367.4129969914047
 20
127.20369393162744
 30
44.93877172980376
 11
362.0173671085922
 21
119.51382881932275
 31
46.993028169012746
 12
376.835177167186
 22
119.51382881932275
 32
41.373372559881886
 13
376.835177167186
 23
119.51382881932275
 33
41.373372559881886
  0
3DFACE
  8
0
1001
WEBCAD
1000
E7
 10
395.5886561710922
 20
91.04848152928369
 30
-49.7035889574521
 11
385.9924342472641
 21
105.06158882908838
 31
-67.19279336419038
 12
400.3864772160141
 22
119.51382881932275
 32
-54.17802285637788
 13
400.3864772160141
 23
119.51382881932275
 33
-54.17802285637788
  0
3DFACE
  8
0
1001
WEBCAD
1000
E7
 10
395.5886561710922
 20
91.04848152928369
 30
-49.7035889574521
 11
378.65484879804535
 21
92.352512901354
 31
-67.19279336419038
 12
385.9924342472641
 22
105.06158882908838
 32
-67.19279336419038
 13
385.9924342472641
 23
105.06158882908838
 33
-67.19279336419038
  0
3DFACE
  8
0
1001
WEBCAD
1000
E7
 10
395.5886561710922
 20
91.04848152928369
 30
-49.7035889574521
 11
382.87958024335785
 21
75.90239388279932
 31
-49.7035889574521
 12
378.65484879804535
 22
92.352512901354
 32
-67.19279336419038
 13
378.65484879804535
 23
92.352512901354
 33
-67.19279336419038
  0
3DFACE
  8
0
1001
WEBCAD
1000
E7
 10
290.219454510936
 20
87.14423043065088
 30
-5.41937684502534
 11
285.4503199894516
 21
97.37172371678369
 31
-28.24990891899995
 12
296.6921412785141
 22
77.90028054051416
 32
-28.24990891899995
 13
296.6921412785141
 23
77.90028054051416
 33
-28.24990891899995
  0
3DFACE
  8
0
1001
WEBCAD
1000
E7
 10
290.219454510936
 20
87.14423043065088
 30
-5.41937684502534
 11
282.52960465742035
 21
108.27199227147119
 31
-5.41937684502534
 12
285.4503199894516
 22
97.37172371678369
 32
-28.24990891899995
 13
285.4503199894516
 23
97.37172371678369
 33
-28.24990891899995
  0
3DFACE
  8
0
1001
WEBCAD
1000
E7
 10
346.2852504093735
 20
161.76933724217432
 30
33.52350760016509
 11
356.1711451847641
 21
175.5796094589712
 31
16.03430319342681
 12
336.3993251164047
 22
175.5796094589712
 32
16.03430319342681
 13
336.3993251164047
 23
175.5796094589712
 33
16.03430319342681
  0
3DFACE
  8
0
1001
WEBCAD
1000
E7
 10
346.2852504093735
 20
161.76933724217432
 30
33.52350760016509
 11
360.73749039960785
 21
159.22101265721338
 31
33.52350760016509
 12
356.1711451847641
 22
175.5796094589712
 32
16.03430319342681
 13
356.1711451847641
 23
175.5796094589712
 33
16.03430319342681
  0
3DFACE
  8
0
1001
WEBCAD
1000
E7
 10
357.5271022160141
 20
55.7581754379751
 30
-28.24990891899995
 11
335.04339860273285
 21
55.7581754379751
 31
-28.24990891899995
 12
346.2852504093735
 22
62.58314186863916
 32
-49.7035889574521
 13
346.2852504093735
 23
62.58314186863916
 33
-49.7035889574521
  0
3DFACE
  8
0
1001
WEBCAD
1000
E7
 10
357.5271022160141
 20
55.7581754379751
 30
-28.24990891899995
 11
346.2852504093735
 21
62.58314186863916
 31
-49.7035889574521
 12
365.7566859562485
 22
66.01648384861963
 32
-49.7035889574521
 13
365.7566859562485
 23
66.01648384861963
 33
-49.7035889574521
  0
3DFACE
  8
0
1001
WEBCAD
1000
E7
 10
292.78790543867035
 20
138.98526436619775
 30
16.03430319342681
 11
290.219454510936
 21
151.88342720799463
 31
-5.41937684502534
 12
282.52960465742035
 22
130.75566536717432
 32
-5.41937684502534
 13
282.52960465742035
 23
130.75566536717432
 33
-5.41937684502534
  0
3DFACE
  8
0
1001
WEBCAD
1000
E7
 10
292.78790543867035
 20
138.98526436619775
 30
16.03430319342681
 11
302.673800214061
 21
156.1081739120962
 31
16.03430319342681
 12
290.219454510936
 22
151.88342720799463
 32
-5.41937684502534
 13
290.219454510936
 23
151.88342720799463
 33
-5.41937684502534
  0
3DFACE
  8
0
1001
WEBCAD
1000
E7
 10
363.508761151561
 20
133.96606880955713
 30
44.93877172980376
 11
346.2852504093735
 21
119.51382881932275
 31
48.90324926886626
 12
362.0173671085922
 22
119.51382881932275
 32
46.993028169012746
 13
362.0173671085922
 23
119.51382881932275
 33
46.993028169012746
  0
3DFACE
  8
0
1001
WEBCAD
1000
E7
 10
363.508761151561
 20
133.96606880955713
 30
44.93877172980376
 11
367.4129969914047
 21
127.20369393162744
 31
44.93877172980376
 12
376.835177167186
 22
119.51382881932275
 32
41.373372559881886
 13
376.835177167186
 23
119.51382881932275
 33
41.373372559881886
  0
3DFACE
  8
0
1001
WEBCAD
1000
E7
 10
363.508761151561
 20
133.96606880955713
 30
44.93877172980376
 11
362.0173671085922
 21
119.51382881932275
 31
46.993028169012746
 12
367.4129969914047
 22
127.20369393162744
 32
44.93877172980376
 13
367.4129969914047
 23
127.20369393162744
 33
44.93877172980376
  0
3DFACE
  8
0
1001
WEBCAD
1000
E7
 10
363.508761151561
 20
133.96606880955713
 30
44.93877172980376
 11
376.835177167186
 21
119.51382881932275
 31
41.373372559881886
 12
382.87958024335785
 22
140.641575401354
 32
33.52350760016509
 13
382.87958024335785
 23
140.641575401354
 33
33.52350760016509
  0
3DFACE
  8
0
1001
WEBCAD
1000
E7
 10
363.508761151561
 20
133.96606880955713
 30
44.93877172980376
 11
382.87958024335785
 21
140.641575401354
 31
33.52350760016509
 12
373.4465663273422
 22
151.88342720799463
 32
33.52350760016509
 13
373.4465663273422
 23
151.88342720799463
 33
33.52350760016509
  0
3DFACE
  8
0
1001
WEBCAD
1000
E7
 10
402.35101579023285
 20
109.62791878514307
 30
-49.7035889574521
 11
395.5886561710922
 21
91.04848152928369
 31
-49.7035889574521
 12
400.3864772160141
 22
119.51382881932275
 32
-54.17802285637788
 13
400.3864772160141
 23
119.51382881932275
 33
-54.17802285637788
  0
3DFACE
  8
0
1001
WEBCAD
1000
E7
 10
402.35101579023285
 20
109.62791878514307
 30
-49.7035889574521
 11
400.3864772160141
 21
119.51382881932275
 31
-54.17802285637788
 12
407.7512538273422
 22
119.51382881932275
 32
-40.14562272515229
 13
407.7512538273422
 23
119.51382881932275
 33
-40.14562272515229
  0
3DFACE
  8
0
1001
WEBCAD
1000
E7
 10
402.35101579023285
 20
109.62791878514307
 30
-49.7035889574521
 11
407.7512538273422
 21
119.51382881932275
 31
-40.14562272515229
 12
395.5886561710922
 22
91.04848152928369
 32
-49.7035889574521
 13
395.5886561710922
 23
91.04848152928369
 33
-49.7035889574521
  0
3DFACE
  8
0
1001
WEBCAD
1000
E7
 10
304.67169450117035
 20
69.92073494725244
 30
-5.41937684502534
 11
290.219454510936
 21
87.14423043065088
 31
-5.41937684502534
 12
296.6921412785141
 22
77.90028054051416
 32
-28.24990891899995
 13
296.6921412785141
 23
77.90028054051416
 33
-28.24990891899995
  0
3DFACE
  8
0
1001
WEBCAD
1000
E7
 10
304.67169450117035
 20
69.92073494725244
 30
-5.41937684502534
 11
296.6921412785141
 21
77.90028054051416
 31
-28.24990891899995
 12
313.9156520207016
 22
63.448048179674316
 32
-28.24990891899995
 13
313.9156520207016
 23
63.448048179674316
 33
-28.24990891899995
  0
3DFACE
  8
0
1001
WEBCAD
1000
E7
 10
331.8330104191391
 20
159.22101265721338
 30
33.52350760016509
 11
346.2852504093735
 21
161.76933724217432
 31
33.52350760016509
 12
336.3993251164047
 22
175.5796094589712
 32
16.03430319342681
 13
336.3993251164047
 23
175.5796094589712
 33
16.03430319342681
  0
3DFACE
  8
0
1001
WEBCAD
1000
E7
 10
331.8330104191391
 20
159.22101265721338
 30
33.52350760016509
 11
336.3993251164047
 21
175.5796094589712
 31
16.03430319342681
 12
317.81988786054535
 22
168.81724983983057
 32
16.03430319342681
 13
317.81988786054535
 23
168.81724983983057
 33
16.03430319342681
  0
3DFACE
  8
0
1001
WEBCAD
1000
E7
 10
378.65484879804535
 20
63.448048179674316
 30
-28.24990891899995
 11
357.5271022160141
 21
55.7581754379751
 31
-28.24990891899995
 12
365.7566859562485
 22
66.01648384861963
 32
-49.7035889574521
 13
365.7566859562485
 23
66.01648384861963
 33
-49.7035889574521
  0
3DFACE
  8
0
1001
WEBCAD
1000
E7
 10
378.65484879804535
 20
63.448048179674316
 30
-28.24990891899995
 11
365.7566859562485
 21
66.01648384861963
 31
-49.7035889574521
 12
382.87958024335785
 22
75.90239388279932
 32
-49.7035889574521
 13
382.87958024335785
 23
75.90239388279932
 33
-49.7035889574521
  0
3DFACE
  8
0
1001
WEBCAD
1000
E7
 10
289.35455582929535
 20
119.51382881932275
 30
16.03430319342681
 11
292.78790543867035
 21
138.98526436619775
 31
16.03430319342681
 12
282.52960465742035
 22
130.75566536717432
 32
-5.41937684502534
 13
282.52960465742035
 23
130.75566536717432
 33
-5.41937684502534
  0
3DFACE
  8
0
1001
WEBCAD
1000
E7
 10
289.35455582929535
 20
119.51382881932275
 30
16.03430319342681
 11
282.52960465742035
 21
130.75566536717432
 31
-5.41937684502534
 12
282.52960465742035
 22
108.27199227147119
 32
-5.41937684502534
 13
282.52960465742035
 23
108.27199227147119
 33
-5.41937684502534
  0
3DFACE
  8
0
1001
WEBCAD
1000
E7
 10
357.5271022160141
 20
138.98526436619775
 30
44.93877172980376
 11
373.4465663273422
 21
151.88342720799463
 31
33.52350760016509
 12
360.73749039960785
 22
159.22101265721338
 32
33.52350760016509
 13
360.73749039960785
 23
159.22101265721338
 33
33.52350760016509
  0
3DFACE
  8
0
1001
WEBCAD
1000
E7
 10
357.5271022160141
 20
138.98526436619775
 30
44.93877172980376
 11
363.508761151561
 21
133.96606880955713
 31
44.93877172980376
 12
373.4465663273422
 22
151.88342720799463
 32
33.52350760016509
 13
373.4465663273422
 23
151.88342720799463
 33
33.52350760016509
  0
3DFACE
  8
0
1001
WEBCAD
1000
E7
 10
357.5271022160141
 20
138.98526436619775
 30
44.93877172980376
 11
346.2852504093735
 21
119.51382881932275
 31
48.90324926886626
 12
363.508761151561
 22
133.96606880955713
 32
44.93877172980376
 13
363.508761151561
 23
133.96606880955713
 33
44.93877172980376
  0
3DFACE
  8
0
1001
WEBCAD
1000
E7
 10
324.14313004804535
 20
58.67889077000635
 30
-5.41937684502534
 11
304.67169450117035
 21
69.92073494725244
 31
-5.41937684502534
 12
313.9156520207016
 22
63.448048179674316
 32
-28.24990891899995
 13
313.9156520207016
 23
63.448048179674316
 33
-28.24990891899995
  0
3DFACE
  8
0
1001
WEBCAD
1000
E7
 10
324.14313004804535
 20
58.67889077000635
 30
-5.41937684502534
 11
313.9156520207016
 21
63.448048179674316
 31
-28.24990891899995
 12
335.04339860273285
 22
55.7581754379751
 32
-28.24990891899995
 13
335.04339860273285
 23
55.7581754379751
 33
-28.24990891899995
  0
3DFACE
  8
0
1001
WEBCAD
1000
E7
 10
319.1239344914047
 20
151.88342720799463
 30
33.52350760016509
 11
317.81988786054535
 21
168.81724983983057
 31
16.03430319342681
 12
302.673800214061
 22
156.1081739120962
 32
16.03430319342681
 13
302.673800214061
 23
156.1081739120962
 33
16.03430319342681
  0
3DFACE
  8
0
1001
WEBCAD
1000
E7
 10
319.1239344914047
 20
151.88342720799463
 30
33.52350760016509
 11
331.8330104191391
 21
159.22101265721338
 31
33.52350760016509
 12
317.81988786054535
 22
168.81724983983057
 32
16.03430319342681
 13
317.81988786054535
 23
168.81724983983057
 33
16.03430319342681
  0
3DFACE
  8
0
1001
WEBCAD
1000
E7
 10
395.8783290226547
 20
77.90028054051416
 30
-28.24990891899995
 11
382.87958024335785
 21
75.90239388279932
 31
-49.7035889574521
 12
395.5886561710922
 22
91.04848152928369
 32
-49.7035889574521
 13
395.5886561710922
 23
91.04848152928369
 33
-49.7035889574521
  0
3DFACE
  8
0
1001
WEBCAD
1000
E7
 10
395.8783290226547
 20
77.90028054051416
 30
-28.24990891899995
 11
395.5886561710922
 21
91.04848152928369
 31
-49.7035889574521
 12
407.7512538273422
 22
119.51382881932275
 32
-40.14562272515229
 13
407.7512538273422
 23
119.51382881932275
 33
-40.14562272515229
  0
3DFACE
  8
0
1001
WEBCAD
1000
E7
 10
395.8783290226547
 20
77.90028054051416
 30
-28.24990891899995
 11
378.65484879804535
 21
63.448048179674316
 31
-28.24990891899995
 12
382.87958024335785
 22
75.90239388279932
 32
-49.7035889574521
 13
382.87958024335785
 23
75.90239388279932
 33
-49.7035889574521
  0
3DFACE
  8
0
1001
WEBCAD
1000
E7
 10
292.78790543867035
 20
100.04238564305322
 30
16.03430319342681
 11
282.52960465742035
 21
108.27199227147119
 31
-5.41937684502534
 12
290.219454510936
 22
87.14423043065088
 32
-5.41937684502534
 13
290.219454510936
 23
87.14423043065088
 33
-5.41937684502534
  0
3DFACE
  8
0
1001
WEBCAD
1000
E7
 10
292.78790543867035
 20
100.04238564305322
 30
16.03430319342681
 11
289.35455582929535
 21
119.51382881932275
 31
16.03430319342681
 12
282.52960465742035
 22
108.27199227147119
 32
-5.41937684502534
 13
282.52960465742035
 23
108.27199227147119
 33
-5.41937684502534
  0
3DFACE
  8
0
1001
WEBCAD
1000
E7
 10
350.1894862492172
 20
141.65593392186182
 30
44.93877172980376
 11
346.2852504093735
 21
119.51382881932275
 31
48.90324926886626
 12
357.5271022160141
 22
138.98526436619775
 32
44.93877172980376
 13
357.5271022160141
 23
138.98526436619775
 33
44.93877172980376
  0
3DFACE
  8
0
1001
WEBCAD
1000
E7
 10
350.1894862492172
 20
141.65593392186182
 30
44.93877172980376
 11
357.5271022160141
 21
138.98526436619775
 31
44.93877172980376
 12
360.73749039960785
 22
159.22101265721338
 32
33.52350760016509
 13
360.73749039960785
 23
159.22101265721338
 33
33.52350760016509
  0
3DFACE
  8
0
1001
WEBCAD
1000
E7
 10
350.1894862492172
 20
141.65593392186182
 30
44.93877172980376
 11
360.73749039960785
 21
159.22101265721338
 31
33.52350760016509
 12
346.2852504093735
 22
161.76933724217432
 32
33.52350760016509
 13
346.2852504093735
 23
161.76933724217432
 33
33.52350760016509
  0
3DFACE
  8
0
1001
WEBCAD
1000
E7
 10
346.2852504093735
 20
54.774639671373535
 30
-5.41937684502534
 11
335.04339860273285
 21
55.7581754379751
 31
-28.24990891899995
 12
357.5271022160141
 22
55.7581754379751
 32
-28.24990891899995
 13
357.5271022160141
 23
55.7581754379751
 33
-28.24990891899995
  0
3DFACE
  8
0
1001
WEBCAD
1000
E7
 10
346.2852504093735
 20
54.774639671373535
 30
-5.41937684502534
 11
324.14313004804535
 21
58.67889077000635
 31
-5.41937684502534
 12
335.04339860273285
 22
55.7581754379751
 32
-28.24990891899995
 13
335.04339860273285
 23
55.7581754379751
 33
-28.24990891899995
  0
3DFACE
  8
0
1001
WEBCAD
1000
E7
 10
309.690890057811
 20
140.641575401354
 30
33.52350760016509
 11
302.673800214061
 21
156.1081739120962
 31
16.03430319342681
 12
292.78790543867035
 22
138.98526436619775
 32
16.03430319342681
 13
292.78790543867035
 23
138.98526436619775
 33
16.03430319342681
  0
3DFACE
  8
0
1001
WEBCAD
1000
E7
 10
309.690890057811
 20
140.641575401354
 30
33.52350760016509
 11
319.1239344914047
 21
151.88342720799463
 31
33.52350760016509
 12
302.673800214061
 22
156.1081739120962
 32
16.03430319342681
 13
302.673800214061
 23
156.1081739120962
 33
16.03430319342681
  0
3DFACE
  8
0
1001
WEBCAD
1000
E7
 10
407.12018082929535
 20
97.37172371678369
 30
-28.24990891899995
 11
407.7512538273422
 21
119.51382881932275
 31
-40.14562272515229
 12
411.5438258488266
 22
119.51382881932275
 32
-24.758470530175487
 13
411.5438258488266
 23
119.51382881932275
 33
-24.758470530175487
  0
3DFACE
  8
0
1001
WEBCAD
1000
E7
 10
407.12018082929535
 20
97.37172371678369
 30
-28.24990891899995
 11
411.5438258488266
 21
119.51382881932275
 31
-24.758470530175487
 12
411.5438258488266
 22
119.51382881932275
 32
-8.910815233849803
 13
411.5438258488266
 23
119.51382881932275
 33
-8.910815233849803
  0
3DFACE
  8
0
1001
WEBCAD
1000
E7
 10
407.12018082929535
 20
97.37172371678369
 30
-28.24990891899995
 11
395.8783290226547
 21
77.90028054051416
 31
-28.24990891899995
 12
407.7512538273422
 22
119.51382881932275
 32
-40.14562272515229
 13
407.7512538273422
 23
119.51382881932275
 33
-40.14562272515229
  0
3DFACE
  8
0
1001
WEBCAD
1000
E7
 10
302.673800214061
 20
82.91948372654932
 30
16.03430319342681
 11
292.78790543867035
 21
100.04238564305322
 31
16.03430319342681
 12
290.219454510936
 22
87.14423043065088
 32
-5.41937684502534
 13
290.219454510936
 23
87.14423043065088
 33
-5.41937684502534
  0
3DFACE
  8
0
1001
WEBCAD
1000
E7
 10
302.673800214061
 20
82.91948372654932
 30
16.03430319342681
 11
290.219454510936
 21
87.14423043065088
 31
-5.41937684502534
 12
304.67169450117035
 22
69.92073494725244
 32
-5.41937684502534
 13
304.67169450117035
 23
69.92073494725244
 33
-5.41937684502534
  0
3DFACE
  8
0
1001
WEBCAD
1000
E7
 10
342.3809840519516
 20
141.65593392186182
 30
44.93877172980376
 11
346.2852504093735
 21
119.51382881932275
 31
48.90324926886626
 12
350.1894862492172
 22
141.65593392186182
 32
44.93877172980376
 13
350.1894862492172
 23
141.65593392186182
 33
44.93877172980376
  0
3DFACE
  8
0
1001
WEBCAD
1000
E7
 10
342.3809840519516
 20
141.65593392186182
 30
44.93877172980376
 11
350.1894862492172
 21
141.65593392186182
 31
44.93877172980376
 12
346.2852504093735
 22
161.76933724217432
 32
33.52350760016509
 13
346.2852504093735
 23
161.76933724217432
 33
33.52350760016509
  0
3DFACE
  8
0
1001
WEBCAD
1000
E7
 10
342.3809840519516
 20
141.65593392186182
 30
44.93877172980376
 11
346.2852504093735
 21
161.76933724217432
 31
33.52350760016509
 12
331.8330104191391
 22
159.22101265721338
 32
33.52350760016509
 13
331.8330104191391
 23
159.22101265721338
 33
33.52350760016509
  0
3DFACE
  8
0
1001
WEBCAD
1000
E7
 10
368.4273402531235
 20
58.67889077000635
 30
-5.41937684502534
 11
357.5271022160141
 21
55.7581754379751
 31
-28.24990891899995
 12
378.65484879804535
 22
63.448048179674316
 32
-28.24990891899995
 13
378.65484879804535
 23
63.448048179674316
 33
-28.24990891899995
  0
3DFACE
  8
0
1001
WEBCAD
1000
E7
 10
368.4273402531235
 20
58.67889077000635
 30
-5.41937684502534
 11
346.2852504093735
 21
54.774639671373535
 31
-5.41937684502534
 12
357.5271022160141
 22
55.7581754379751
 32
-28.24990891899995
 13
357.5271022160141
 23
55.7581754379751
 33
-28.24990891899995
  0
3DFACE
  8
0
1001
WEBCAD
1000
E7
 10
304.67169450117035
 20
126.8514142685415
 30
33.52350760016509
 11
309.690890057811
 21
140.641575401354
 31
33.52350760016509
 12
292.78790543867035
 22
138.98526436619775
 32
16.03430319342681
 13
292.78790543867035
 23
138.98526436619775
 33
16.03430319342681
  0
3DFACE
  8
0
1001
WEBCAD
1000
E7
 10
304.67169450117035
 20
126.8514142685415
 30
33.52350760016509
 11
292.78790543867035
 21
138.98526436619775
 31
16.03430319342681
 12
289.35455582929535
 22
119.51382881932275
 32
16.03430319342681
 13
289.35455582929535
 23
119.51382881932275
 33
16.03430319342681
  0
3DFACE
  8
0
1001
WEBCAD
1000
E7
 10
317.81988786054535
 20
70.21040779881494
 30
16.03430319342681
 11
304.67169450117035
 21
69.92073494725244
 31
-5.41937684502534
 12
324.14313004804535
 22
58.67889077000635
 32
-5.41937684502534
 13
324.14313004804535
 23
58.67889077000635
 33
-5.41937684502534
  0
3DFACE
  8
0
1001
WEBCAD
1000
E7
 10
317.81988786054535
 20
70.21040779881494
 30
16.03430319342681
 11
302.673800214061
 21
82.91948372654932
 31
16.03430319342681
 12
304.67169450117035
 22
69.92073494725244
 32
-5.41937684502534
 13
304.67169450117035
 23
69.92073494725244
 33
-5.41937684502534
  0
3DFACE
  8
0
1001
WEBCAD
1000
E7
 10
335.04339860273285
 20
138.98526436619775
 30
44.93877172980376
 11
331.8330104191391
 21
159.22101265721338
 31
33.52350760016509
 12
319.1239344914047
 22
151.88342720799463
 32
33.52350760016509
 13
319.1239344914047
 23
151.88342720799463
 33
33.52350760016509
  0
3DFACE
  8
0
1001
WEBCAD
1000
E7
 10
335.04339860273285
 20
138.98526436619775
 30
44.93877172980376
 11
342.3809840519516
 21
141.65593392186182
 31
44.93877172980376
 12
331.8330104191391
 22
159.22101265721338
 32
33.52350760016509
 13
331.8330104191391
 23
159.22101265721338
 33
33.52350760016509
  0
3DFACE
  8
0
1001
WEBCAD
1000
E7
 10
335.04339860273285
 20
138.98526436619775
 30
44.93877172980376
 11
346.2852504093735
 21
119.51382881932275
 31
48.90324926886626
 12
342.3809840519516
 22
141.65593392186182
 32
44.93877172980376
 13
342.3809840519516
 23
141.65593392186182
 33
44.93877172980376
  0
3DFACE
  8
0
1001
WEBCAD
1000
E7
 10
387.8988063175766
 20
69.92073494725244
 30
-5.41937684502534
 11
368.4273402531235
 21
58.67889077000635
 31
-5.41937684502534
 12
378.65484879804535
 22
63.448048179674316
 32
-28.24990891899995
 13
378.65484879804535
 23
63.448048179674316
 33
-28.24990891899995
  0
3DFACE
  8
0
1001
WEBCAD
1000
E7
 10
387.8988063175766
 20
69.92073494725244
 30
-5.41937684502534
 11
378.65484879804535
 21
63.448048179674316
 31
-28.24990891899995
 12
395.8783290226547
 22
77.90028054051416
 32
-28.24990891899995
 13
395.8783290226547
 23
77.90028054051416
 33
-28.24990891899995
  0
3DFACE
  8
0
1001
WEBCAD
1000
E7
 10
304.67169450117035
 20
112.176243370104
 30
33.52350760016509
 11
289.35455582929535
 21
119.51382881932275
 31
16.03430319342681
 12
292.78790543867035
 22
100.04238564305322
 32
16.03430319342681
 13
292.78790543867035
 23
100.04238564305322
 33
16.03430319342681
  0
3DFACE
  8
0
1001
WEBCAD
1000
E7
 10
304.67169450117035
 20
112.176243370104
 30
33.52350760016509
 11
304.67169450117035
 21
126.8514142685415
 31
33.52350760016509
 12
289.35455582929535
 22
119.51382881932275
 32
16.03430319342681
 13
289.35455582929535
 23
119.51382881932275
 33
16.03430319342681
  0
3DFACE
  8
0
1001
WEBCAD
1000
E7
 10
336.3993251164047
 20
63.448048179674316
 30
16.03430319342681
 11
324.14313004804535
 21
58.67889077000635
 31
-5.41937684502534
 12
346.2852504093735
 22
54.774639671373535
 32
-5.41937684502534
 13
346.2852504093735
 23
54.774639671373535
 33
-5.41937684502534
  0
3DFACE
  8
0
1001
WEBCAD
1000
E7
 10
336.3993251164047
 20
63.448048179674316
 30
16.03430319342681
 11
317.81988786054535
 21
70.21040779881494
 31
16.03430319342681
 12
324.14313004804535
 22
58.67889077000635
 32
-5.41937684502534
 13
324.14313004804535
 23
58.67889077000635
 33
-5.41937684502534
  0
3DFACE
  8
0
1001
WEBCAD
1000
E7
 10
329.061739667186
 20
133.96606880955713
 30
44.93877172980376
 11
335.04339860273285
 21
138.98526436619775
 31
44.93877172980376
 12
319.1239344914047
 22
151.88342720799463
 32
33.52350760016509
 13
319.1239344914047
 23
151.88342720799463
 33
33.52350760016509
  0
3DFACE
  8
0
1001
WEBCAD
1000
E7
 10
329.061739667186
 20
133.96606880955713
 30
44.93877172980376
 11
346.2852504093735
 21
119.51382881932275
 31
48.90324926886626
 12
335.04339860273285
 22
138.98526436619775
 32
44.93877172980376
 13
335.04339860273285
 23
138.98526436619775
 33
44.93877172980376
  0
3DFACE
  8
0
1001
WEBCAD
1000
E7
 10
329.061739667186
 20
133.96606880955713
 30
44.93877172980376
 11
319.1239344914047
 21
151.88342720799463
 31
33.52350760016509
 12
309.690890057811
 22
140.641575401354
 32
33.52350760016509
 13
309.690890057811
 23
140.641575401354
 33
33.52350760016509
  0
3DFACE
  8
0
1001
WEBCAD
1000
E7
 10
402.35101579023285
 20
87.14423043065088
 30
-5.41937684502534
 11
407.12018082929535
 21
97.37172371678369
 31
-28.24990891899995
 12
411.5438258488266
 22
119.51382881932275
 32
-8.910815233849803
 13
411.5438258488266
 23
119.51382881932275
 33
-8.910815233849803
  0
3DFACE
  8
0
1001
WEBCAD
1000
E7
 10
402.35101579023285
 20
87.14423043065088
 30
-5.41937684502534
 11
395.8783290226547
 21
77.90028054051416
 31
-28.24990891899995
 12
407.12018082929535
 22
97.37172371678369
 32
-28.24990891899995
 13
407.12018082929535
 23
97.37172371678369
 33
-28.24990891899995
  0
3DFACE
  8
0
1001
WEBCAD
1000
E7
 10
402.35101579023285
 20
87.14423043065088
 30
-5.41937684502534
 11
387.8988063175766
 21
69.92073494725244
 31
-5.41937684502534
 12
395.8783290226547
 22
77.90028054051416
 32
-28.24990891899995
 13
395.8783290226547
 23
77.90028054051416
 33
-28.24990891899995
  0
3DFACE
  8
0
1001
WEBCAD
1000
E7
 10
309.690890057811
 20
98.38607460789697
 30
33.52350760016509
 11
304.67169450117035
 21
112.176243370104
 31
33.52350760016509
 12
292.78790543867035
 22
100.04238564305322
 32
16.03430319342681
 13
292.78790543867035
 23
100.04238564305322
 33
16.03430319342681
  0
3DFACE
  8
0
1001
WEBCAD
1000
E7
 10
309.690890057811
 20
98.38607460789697
 30
33.52350760016509
 11
292.78790543867035
 21
100.04238564305322
 31
16.03430319342681
 12
302.673800214061
 22
82.91948372654932
 32
16.03430319342681
 13
302.673800214061
 23
82.91948372654932
 33
16.03430319342681
  0
3DFACE
  8
0
1001
WEBCAD
1000
E7
 10
356.1711451847641
 20
63.448048179674316
 30
16.03430319342681
 11
346.2852504093735
 21
54.774639671373535
 31
-5.41937684502534
 12
368.4273402531235
 22
58.67889077000635
 32
-5.41937684502534
 13
368.4273402531235
 23
58.67889077000635
 33
-5.41937684502534
  0
3DFACE
  8
0
1001
WEBCAD
1000
E7
 10
356.1711451847641
 20
63.448048179674316
 30
16.03430319342681
 11
336.3993251164047
 21
63.448048179674316
 31
16.03430319342681
 12
346.2852504093735
 22
54.774639671373535
 32
-5.41937684502534
 13
346.2852504093735
 23
54.774639671373535
 33
-5.41937684502534
  0
3DFACE
  8
0
1001
WEBCAD
1000
E7
 10
325.1575038273422
 20
127.20369393162744
 30
44.93877172980376
 11
309.690890057811
 21
140.641575401354
 31
33.52350760016509
 12
304.67169450117035
 22
126.8514142685415
 32
33.52350760016509
 13
304.67169450117035
 23
126.8514142685415
 33
33.52350760016509
  0
3DFACE
  8
0
1001
WEBCAD
1000
E7
 10
325.1575038273422
 20
127.20369393162744
 30
44.93877172980376
 11
346.2852504093735
 21
119.51382881932275
 31
48.90324926886626
 12
329.061739667186
 22
133.96606880955713
 32
44.93877172980376
 13
329.061739667186
 23
133.96606880955713
 33
44.93877172980376
  0
3DFACE
  8
0
1001
WEBCAD
1000
E7
 10
325.1575038273422
 20
127.20369393162744
 30
44.93877172980376
 11
329.061739667186
 21
133.96606880955713
 31
44.93877172980376
 12
309.690890057811
 22
140.641575401354
 32
33.52350760016509
 13
309.690890057811
 23
140.641575401354
 33
33.52350760016509
  0
3DFACE
  8
0
1001
WEBCAD
1000
E7
 10
410.0408961613266
 20
108.27199227147119
 30
-5.41937684502534
 11
411.5438258488266
 21
119.51382881932275
 31
-8.910815233849803
 12
407.7512538273422
 22
119.51382881932275
 32
6.476336961127004
 13
407.7512538273422
 23
119.51382881932275
 33
6.476336961127004
  0
3DFACE
  8
0
1001
WEBCAD
1000
E7
 10
410.0408961613266
 20
108.27199227147119
 30
-5.41937684502534
 11
402.35101579023285
 21
87.14423043065088
 31
-5.41937684502534
 12
411.5438258488266
 22
119.51382881932275
 32
-8.910815233849803
 13
411.5438258488266
 23
119.51382881932275
 33
-8.910815233849803
  0
3DFACE
  8
0
1001
WEBCAD
1000
E7
 10
410.0408961613266
 20
108.27199227147119
 30
-5.41937684502534
 11
407.7512538273422
 21
119.51382881932275
 31
6.476336961127004
 12
402.35101579023285
 22
87.14423043065088
 32
-5.41937684502534
 13
402.35101579023285
 23
87.14423043065088
 33
-5.41937684502534
  0
3DFACE
  8
0
1001
WEBCAD
1000
E7
 10
319.1239344914047
 20
87.14423043065088
 30
33.52350760016509
 11
302.673800214061
 21
82.91948372654932
 31
16.03430319342681
 12
317.81988786054535
 22
70.21040779881494
 32
16.03430319342681
 13
317.81988786054535
 23
70.21040779881494
 33
16.03430319342681
  0
3DFACE
  8
0
1001
WEBCAD
1000
E7
 10
319.1239344914047
 20
87.14423043065088
 30
33.52350760016509
 11
309.690890057811
 21
98.38607460789697
 31
33.52350760016509
 12
302.673800214061
 22
82.91948372654932
 32
16.03430319342681
 13
302.673800214061
 23
82.91948372654932
 33
16.03430319342681
  0
3DFACE
  8
0
1001
WEBCAD
1000
E7
 10
374.7505824406235
 20
70.21040779881494
 30
16.03430319342681
 11
356.1711451847641
 21
63.448048179674316
 31
16.03430319342681
 12
368.4273402531235
 22
58.67889077000635
 32
-5.41937684502534
 13
368.4273402531235
 23
58.67889077000635
 33
-5.41937684502534
  0
3DFACE
  8
0
1001
WEBCAD
1000
E7
 10
374.7505824406235
 20
70.21040779881494
 30
16.03430319342681
 11
368.4273402531235
 21
58.67889077000635
 31
-5.41937684502534
 12
387.8988063175766
 22
69.92073494725244
 32
-5.41937684502534
 13
387.8988063175766
 23
69.92073494725244
 33
-5.41937684502534
  0
3DFACE
  8
0
1001
WEBCAD
1000
E7
 10
323.8015467960922
 20
119.51382881932275
 30
44.93877172980376
 11
346.2852504093735
 21
119.51382881932275
 31
48.90324926886626
 12
346.2852504093735
 22
119.51382881932275
 32
48.90324926886626
 13
346.2852504093735
 23
119.51382881932275
 33
48.90324926886626
  0
3DFACE
  8
0
1001
WEBCAD
1000
E7
 10
323.8015467960922
 20
119.51382881932275
 30
44.93877172980376
 11
346.2852504093735
 21
119.51382881932275
 31
48.90324926886626
 12
325.1575038273422
 22
127.20369393162744
 32
44.93877172980376
 13
325.1575038273422
 23
127.20369393162744
 33
44.93877172980376
  0
3DFACE
  8
0
1001
WEBCAD
1000
E7
 10
323.8015467960922
 20
119.51382881932275
 30
44.93877172980376
 11
304.67169450117035
 21
126.8514142685415
 31
33.52350760016509
 12
304.67169450117035
 22
112.176243370104
 32
33.52350760016509
 13
304.67169450117035
 23
112.176243370104
 33
33.52350760016509
  0
3DFACE
  8
0
1001
WEBCAD
1000
E7
 10
323.8015467960922
 20
119.51382881932275
 30
44.93877172980376
 11
325.1575038273422
 21
127.20369393162744
 31
44.93877172980376
 12
304.67169450117035
 22
126.8514142685415
 32
33.52350760016509
 13
304.67169450117035
 23
126.8514142685415
 33
33.52350760016509
  0
3DFACE
  8
0
1001
WEBCAD
1000
E7
 10
331.8330104191391
 20
79.80664498143213
 30
33.52350760016509
 11
319.1239344914047
 21
87.14423043065088
 31
33.52350760016509
 12
317.81988786054535
 22
70.21040779881494
 32
16.03430319342681
 13
317.81988786054535
 23
70.21040779881494
 33
16.03430319342681
  0
3DFACE
  8
0
1001
WEBCAD
1000
E7
 10
331.8330104191391
 20
79.80664498143213
 30
33.52350760016509
 11
317.81988786054535
 21
70.21040779881494
 31
16.03430319342681
 12
336.3993251164047
 22
63.448048179674316
 32
16.03430319342681
 13
336.3993251164047
 23
63.448048179674316
 33
16.03430319342681
  0
3DFACE
  8
0
1001
WEBCAD
1000
E7
 10
389.89667008710785
 20
82.91948372654932
 30
16.03430319342681
 11
374.7505824406235
 21
70.21040779881494
 31
16.03430319342681
 12
387.8988063175766
 22
69.92073494725244
 32
-5.41937684502534
 13
387.8988063175766
 23
69.92073494725244
 33
-5.41937684502534
  0
3DFACE
  8
0
1001
WEBCAD
1000
E7
 10
389.89667008710785
 20
82.91948372654932
 30
16.03430319342681
 11
402.35101579023285
 21
87.14423043065088
 31
-5.41937684502534
 12
407.7512538273422
 22
119.51382881932275
 32
6.476336961127004
 13
407.7512538273422
 23
119.51382881932275
 33
6.476336961127004
  0
3DFACE
  8
0
1001
WEBCAD
1000
E7
 10
389.89667008710785
 20
82.91948372654932
 30
16.03430319342681
 11
387.8988063175766
 21
69.92073494725244
 31
-5.41937684502534
 12
402.35101579023285
 22
87.14423043065088
 32
-5.41937684502534
 13
402.35101579023285
 23
87.14423043065088
 33
-5.41937684502534
  0
3DFACE
  8
0
1001
WEBCAD
1000
E7
 10
325.1575038273422
 20
111.823948448229
 30
44.93877172980376
 11
323.8015467960922
 21
119.51382881932275
 31
44.93877172980376
 12
304.67169450117035
 22
112.176243370104
 32
33.52350760016509
 13
304.67169450117035
 23
112.176243370104
 33
33.52350760016509
  0
3DFACE
  8
0
1001
WEBCAD
1000
E7
 10
325.1575038273422
 20
111.823948448229
 30
44.93877172980376
 11
304.67169450117035
 21
112.176243370104
 31
33.52350760016509
 12
309.690890057811
 22
98.38607460789697
 32
33.52350760016509
 13
309.690890057811
 23
98.38607460789697
 33
33.52350760016509
  0
3DFACE
  8
0
1001
WEBCAD
1000
E7
 10
325.1575038273422
 20
111.823948448229
 30
44.93877172980376
 11
346.2852504093735
 21
119.51382881932275
 31
48.90324926886626
 12
323.8015467960922
 22
119.51382881932275
 32
44.93877172980376
 13
323.8015467960922
 23
119.51382881932275
 33
44.93877172980376
  0
3DFACE
  8
0
1001
WEBCAD
1000
E7
 10
346.2852504093735
 20
77.25832039647119
 30
33.52350760016509
 11
331.8330104191391
 21
79.80664498143213
 31
33.52350760016509
 12
336.3993251164047
 22
63.448048179674316
 32
16.03430319342681
 13
336.3993251164047
 23
63.448048179674316
 33
16.03430319342681
  0
3DFACE
  8
0
1001
WEBCAD
1000
E7
 10
346.2852504093735
 20
77.25832039647119
 30
33.52350760016509
 11
336.3993251164047
 21
63.448048179674316
 31
16.03430319342681
 12
356.1711451847641
 22
63.448048179674316
 32
16.03430319342681
 13
356.1711451847641
 23
63.448048179674316
 33
16.03430319342681
  0
3DFACE
  8
0
1001
WEBCAD
1000
E7
 10
399.7825953800766
 20
100.04238564305322
 30
16.03430319342681
 11
389.89667008710785
 21
82.91948372654932
 31
16.03430319342681
 12
407.7512538273422
 22
119.51382881932275
 32
6.476336961127004
 13
407.7512538273422
 23
119.51382881932275
 33
6.476336961127004
  0
3DFACE
  8
0
1001
WEBCAD
1000
E7
 10
399.7825953800766
 20
100.04238564305322
 30
16.03430319342681
 11
407.7512538273422
 21
119.51382881932275
 31
6.476336961127004
 12
400.3864772160141
 22
119.51382881932275
 32
20.50873709235259
 13
400.3864772160141
 23
119.51382881932275
 33
20.50873709235259
  0
3DFACE
  8
0
1001
WEBCAD
1000
E7
 10
329.061739667186
 20
105.06158882908838
 30
44.93877172980376
 11
309.690890057811
 21
98.38607460789697
 31
33.52350760016509
 12
319.1239344914047
 22
87.14423043065088
 32
33.52350760016509
 13
319.1239344914047
 23
87.14423043065088
 33
33.52350760016509
  0
3DFACE
  8
0
1001
WEBCAD
1000
E7
 10
329.061739667186
 20
105.06158882908838
 30
44.93877172980376
 11
325.1575038273422
 21
111.823948448229
 31
44.93877172980376
 12
309.690890057811
 22
98.38607460789697
 32
33.52350760016509
 13
309.690890057811
 23
98.38607460789697
 33
33.52350760016509
  0
3DFACE
  8
0
1001
WEBCAD
1000
E7
 10
329.061739667186
 20
105.06158882908838
 30
44.93877172980376
 11
346.2852504093735
 21
119.51382881932275
 31
48.90324926886626
 12
325.1575038273422
 22
111.823948448229
 32
44.93877172980376
 13
325.1575038273422
 23
111.823948448229
 33
44.93877172980376
  0
3DFACE
  8
0
1001
WEBCAD
1000
E7
 10
360.73749039960785
 20
79.80664498143213
 30
33.52350760016509
 11
346.2852504093735
 21
77.25832039647119
 31
33.52350760016509
 12
356.1711451847641
 22
63.448048179674316
 32
16.03430319342681
 13
356.1711451847641
 23
63.448048179674316
 33
16.03430319342681
  0
3DFACE
  8
0
1001
WEBCAD
1000
E7
 10
360.73749039960785
 20
79.80664498143213
 30
33.52350760016509
 11
356.1711451847641
 21
63.448048179674316
 31
16.03430319342681
 12
374.7505824406235
 22
70.21040779881494
 32
16.03430319342681
 13
374.7505824406235
 23
70.21040779881494
 33
16.03430319342681
  0
3DFACE
  8
0
1001
WEBCAD
1000
E7
 10
335.04339860273285
 20
100.04238564305322
 30
44.93877172980376
 11
329.061739667186
 21
105.06158882908838
 31
44.93877172980376
 12
319.1239344914047
 22
87.14423043065088
 32
33.52350760016509
 13
319.1239344914047
 23
87.14423043065088
 33
33.52350760016509
  0
3DFACE
  8
0
1001
WEBCAD
1000
E7
 10
335.04339860273285
 20
100.04238564305322
 30
44.93877172980376
 11
319.1239344914047
 21
87.14423043065088
 31
33.52350760016509
 12
331.8330104191391
 22
79.80664498143213
 32
33.52350760016509
 13
331.8330104191391
 23
79.80664498143213
 33
33.52350760016509
  0
3DFACE
  8
0
1001
WEBCAD
1000
E7
 10
335.04339860273285
 20
100.04238564305322
 30
44.93877172980376
 11
346.2852504093735
 21
119.51382881932275
 31
48.90324926886626
 12
329.061739667186
 22
105.06158882908838
 32
44.93877172980376
 13
329.061739667186
 23
105.06158882908838
 33
44.93877172980376
  0
3DFACE
  8
0
1001
WEBCAD
1000
E7
 10
373.4465663273422
 20
87.14423043065088
 30
33.52350760016509
 11
360.73749039960785
 21
79.80664498143213
 31
33.52350760016509
 12
374.7505824406235
 22
70.21040779881494
 32
16.03430319342681
 13
374.7505824406235
 23
70.21040779881494
 33
16.03430319342681
  0
3DFACE
  8
0
1001
WEBCAD
1000
E7
 10
373.4465663273422
 20
87.14423043065088
 30
33.52350760016509
 11
374.7505824406235
 21
70.21040779881494
 31
16.03430319342681
 12
389.89667008710785
 22
82.91948372654932
 32
16.03430319342681
 13
389.89667008710785
 23
82.91948372654932
 33
16.03430319342681
  0
3DFACE
  8
0
1001
WEBCAD
1000
E7
 10
342.3809840519516
 20
97.37172371678369
 30
44.93877172980376
 11
331.8330104191391
 21
79.80664498143213
 31
33.52350760016509
 12
346.2852504093735
 22
77.25832039647119
 32
33.52350760016509
 13
346.2852504093735
 23
77.25832039647119
 33
33.52350760016509
  0
3DFACE
  8
0
1001
WEBCAD
1000
E7
 10
342.3809840519516
 20
97.37172371678369
 30
44.93877172980376
 11
335.04339860273285
 21
100.04238564305322
 31
44.93877172980376
 12
331.8330104191391
 22
79.80664498143213
 32
33.52350760016509
 13
331.8330104191391
 23
79.80664498143213
 33
33.52350760016509
  0
3DFACE
  8
0
1001
WEBCAD
1000
E7
 10
342.3809840519516
 20
97.37172371678369
 30
44.93877172980376
 11
346.2852504093735
 21
119.51382881932275
 31
48.90324926886626
 12
335.04339860273285
 22
100.04238564305322
 32
44.93877172980376
 13
335.04339860273285
 23
100.04238564305322
 33
44.93877172980376
  0
3DFACE
  8
0
1001
WEBCAD
1000
E7
 10
382.87958024335785
 20
98.38607460789697
 30
33.52350760016509
 11
389.89667008710785
 21
82.91948372654932
 31
16.03430319342681
 12
399.7825953800766
 22
100.04238564305322
 32
16.03430319342681
 13
399.7825953800766
 23
100.04238564305322
 33
16.03430319342681
  0
3DFACE
  8
0
1001
WEBCAD
1000
E7
 10
382.87958024335785
 20
98.38607460789697
 30
33.52350760016509
 11
399.7825953800766
 21
100.04238564305322
 31
16.03430319342681
 12
400.3864772160141
 22
119.51382881932275
 32
20.50873709235259
 13
400.3864772160141
 23
119.51382881932275
 33
20.50873709235259
  0
3DFACE
  8
0
1001
WEBCAD
1000
E7
 10
382.87958024335785
 20
98.38607460789697
 30
33.52350760016509
 11
373.4465663273422
 21
87.14423043065088
 31
33.52350760016509
 12
389.89667008710785
 22
82.91948372654932
 32
16.03430319342681
 13
389.89667008710785
 23
82.91948372654932
 33
16.03430319342681
  0
3DFACE
  8
0
1001
WEBCAD
1000
E7
 10
350.1894862492172
 20
97.37172371678369
 30
44.93877172980376
 11
346.2852504093735
 21
77.25832039647119
 31
33.52350760016509
 12
360.73749039960785
 22
79.80664498143213
 32
33.52350760016509
 13
360.73749039960785
 23
79.80664498143213
 33
33.52350760016509
  0
3DFACE
  8
0
1001
WEBCAD
1000
E7
 10
350.1894862492172
 20
97.37172371678369
 30
44.93877172980376
 11
342.3809840519516
 21
97.37172371678369
 31
44.93877172980376
 12
346.2852504093735
 22
77.25832039647119
 32
33.52350760016509
 13
346.2852504093735
 23
77.25832039647119
 33
33.52350760016509
  0
3DFACE
  8
0
1001
WEBCAD
1000
E7
 10
350.1894862492172
 20
97.37172371678369
 30
44.93877172980376
 11
346.2852504093735
 21
119.51382881932275
 31
48.90324926886626
 12
342.3809840519516
 22
97.37172371678369
 32
44.93877172980376
 13
342.3809840519516
 23
97.37172371678369
 33
44.93877172980376
  0
3DFACE
  8
0
1001
WEBCAD
1000
E7
 10
387.8988063175766
 20
112.176243370104
 30
33.52350760016509
 11
400.3864772160141
 21
119.51382881932275
 31
20.50873709235259
 12
389.8775355656235
 22
119.51382881932275
 32
32.37087774787017
 13
389.8775355656235
 23
119.51382881932275
 33
32.37087774787017
  0
3DFACE
  8
0
1001
WEBCAD
1000
E7
 10
387.8988063175766
 20
112.176243370104
 30
33.52350760016509
 11
389.8775355656235
 21
119.51382881932275
 31
32.37087774787017
 12
376.835177167186
 22
119.51382881932275
 32
41.373372559881886
 13
376.835177167186
 23
119.51382881932275
 33
41.373372559881886
  0
3DFACE
  8
0
1001
WEBCAD
1000
E7
 10
387.8988063175766
 20
112.176243370104
 30
33.52350760016509
 11
382.87958024335785
 21
98.38607460789697
 31
33.52350760016509
 12
400.3864772160141
 22
119.51382881932275
 32
20.50873709235259
 13
400.3864772160141
 23
119.51382881932275
 33
20.50873709235259
  0
3DFACE
  8
0
1001
WEBCAD
1000
E7
 10
387.8988063175766
 20
112.176243370104
 30
33.52350760016509
 11
376.835177167186
 21
119.51382881932275
 31
41.373372559881886
 12
382.87958024335785
 22
98.38607460789697
 32
33.52350760016509
 13
382.87958024335785
 23
98.38607460789697
 33
33.52350760016509
  0
3DFACE
  8
0
1001
WEBCAD
1000
E7
 10
357.5271022160141
 20
100.04238564305322
 30
44.93877172980376
 11
360.73749039960785
 21
79.80664498143213
 31
33.52350760016509
 12
373.4465663273422
 22
87.14423043065088
 32
33.52350760016509
 13
373.4465663273422
 23
87.14423043065088
 33
33.52350760016509
  0
3DFACE
  8
0
1001
WEBCAD
1000
E7
 10
357.5271022160141
 20
100.04238564305322
 30
44.93877172980376
 11
346.2852504093735
 21
119.51382881932275
 31
48.90324926886626
 12
350.1894862492172
 22
97.37172371678369
 32
44.93877172980376
 13
350.1894862492172
 23
97.37172371678369
 33
44.93877172980376
  0
3DFACE
  8
0
1001
WEBCAD
1000
E7
 10
357.5271022160141
 20
100.04238564305322
 30
44.93877172980376
 11
350.1894862492172
 21
97.37172371678369
 31
44.93877172980376
 12
360.73749039960785
 22
79.80664498143213
 32
33.52350760016509
 13
360.73749039960785
 23
79.80664498143213
 33
33.52350760016509
  0
3DFACE
  8
0
1001
WEBCAD
1000
E7
 10
363.508761151561
 20
105.06158882908838
 30
44.93877172980376
 11
346.2852504093735
 21
119.51382881932275
 31
48.90324926886626
 12
357.5271022160141
 22
100.04238564305322
 32
44.93877172980376
 13
357.5271022160141
 23
100.04238564305322
 33
44.93877172980376
  0
3DFACE
  8
0
1001
WEBCAD
1000
E7
 10
363.508761151561
 20
105.06158882908838
 30
44.93877172980376
 11
362.0173671085922
 21
119.51382881932275
 31
46.993028169012746
 12
346.2852504093735
 22
119.51382881932275
 32
48.90324926886626
 13
346.2852504093735
 23
119.51382881932275
 33
48.90324926886626
  0
3DFACE
  8
0
1001
WEBCAD
1000
E7
 10
363.508761151561
 20
105.06158882908838
 30
44.93877172980376
 11
382.87958024335785
 21
98.38607460789697
 31
33.52350760016509
 12
376.835177167186
 22
119.51382881932275
 32
41.373372559881886
 13
376.835177167186
 23
119.51382881932275
 33
41.373372559881886
  0
3DFACE
  8
0
1001
WEBCAD
1000
E7
 10
363.508761151561
 20
105.06158882908838
 30
44.93877172980376
 11
373.4465663273422
 21
87.14423043065088
 31
33.52350760016509
 12
382.87958024335785
 22
98.38607460789697
 32
33.52350760016509
 13
382.87958024335785
 23
98.38607460789697
 33
33.52350760016509
  0
3DFACE
  8
0
1001
WEBCAD
1000
E7
 10
363.508761151561
 20
105.06158882908838
 30
44.93877172980376
 11
357.5271022160141
 21
100.04238564305322
 31
44.93877172980376
 12
373.4465663273422
 22
87.14423043065088
 32
33.52350760016509
 13
373.4465663273422
 23
87.14423043065088
 33
33.52350760016509
  0
3DFACE
  8
0
1001
WEBCAD
1000
E7
 10
367.4129969914047
 20
111.823948448229
 30
44.93877172980376
 11
376.835177167186
 21
119.51382881932275
 31
41.373372559881886
 12
362.0173671085922
 22
119.51382881932275
 32
46.993028169012746
 13
362.0173671085922
 23
119.51382881932275
 33
46.993028169012746
  0
3DFACE
  8
0
1001
WEBCAD
1000
E7
 10
367.4129969914047
 20
111.823948448229
 30
44.93877172980376
 11
363.508761151561
 21
105.06158882908838
 31
44.93877172980376
 12
376.835177167186
 22
119.51382881932275
 32
41.373372559881886
 13
376.835177167186
 23
119.51382881932275
 33
41.373372559881886
  0
3DFACE
  8
0
1001
WEBCAD
1000
E7
 10
367.4129969914047
 20
111.823948448229
 30
44.93877172980376
 11
362.0173671085922
 21
119.51382881932275
 31
46.993028169012746
 12
363.508761151561
 22
105.06158882908838
 32
44.93877172980376
 13
363.508761151561
 23
105.06158882908838
 33
44.93877172980376
  0
ENDSEC
  0
EOF
